t,value
0.8869000090000001,0.003472507079767918
0.886942314,0.003472507079767918
0.8888546030000001,0.010580884057290425
0.8892019210000001,0.010580884057290425
0.891202664,-0.003501828611201423
0.8936977840000001,0.0014744541520848096
0.894603083,0.0014744541520848096
0.8970212660000001,0.0011728612573401896
0.9003769370000001,0.003535338932839714
0.9011172180000001,0.003535338932839714
0.9035338620000001,-0.002622182668196281
0.904817968,0.002835810968640387
0.9065982560000001,0.002835810968640387
0.9087919520000001,0.008247727913224404
0.9114131280000001,0.008247727913224404
0.9147392580000001,-0.0029782298356031242
0.915518045,-0.000289026524130261
0.916517553,-0.005566902182161114
0.918717251,-0.0075272559980011445
0.9221366160000001,0.002643126619220213
0.922891196,-0.00038955748904513437
0.9269183120000001,0.003242123618504667
0.9275540840000001,-0.0007833037682950551
0.929238271,-0.0007833037682950551
0.932238734,0.004368908183592205
0.9329344810000001,0.004368908183592205
0.9368476170000001,0.0046453683371081075
0.937523842,-0.00039374627924992076
0.9392475240000001,0.0017215927741672066
0.941381032,0.0017215927741672066
0.9428864,-0.0017383479349863521
0.946395713,-0.00323793482829988
0.9483211970000001,-0.000867079572390783
0.9490200830000001,-0.000867079572390783
0.9506005340000001,-0.0028316221784356003
0.954668928,0.006576400621514635
0.9554421200000001,0.006576400621514635
0.956630741,0.0075146896273867855
0.9587138310000001,-0.004858996637552214
0.961451618,-0.008574453549197742
0.9643660220000001,-0.0018053685782629344
0.96537211,-0.0018053685782629344
0.967172943,-0.003640058687959374
0.9691366170000001,-0.003640058687959374
0.970655884,-0.0032002357164568032
0.972876472,0.004817108735504351
0.9748062860000001,0.004498760679940584
0.9766658720000001,0.004595102854650671
0.9803086350000001,0.002643126619220213
0.980771311,-0.0017969909978533618
0.9851784710000001,-0.0031834805556376577
0.98545636,0.006216164663903004
0.9869722240000001,0.0021907372771032825
0.9885819600000001,0.0021907372771032825
0.9914998450000001,-0.008616341451245606
0.992811761,-0.003606548366321083
0.9945796750000001,0.002869321290278678
0.9964651250000001,0.0031332150731802205
0.998629215,-0.0076403533335303786
1.00051241,-0.004490383099531012
1.0024738880000001,-0.010476164302170764
1.005125437,0.000578053048260522
1.006969416,0.012189379495928397
1.008746359,0.012189379495928397
1.010511796,0.0050307370359484556
1.012876447,0.00126501464184549
1.016495564,-0.0022828906616085835
1.017430611,-0.0042474332676534
1.018782002,0.003769911184307752
1.020635143,-0.005973214832025394
1.022587197,0.007422536242881485
1.025579832,-0.0030661944299036382
1.028181392,0.00048589966375522134
1.029015486,0.00048589966375522134
1.030627993,0.0007958701389094144
1.033208495,0.0007958701389094144
1.036853798,0.005449616056427095
1.0375072330000001,0.005449616056427095
1.0386982150000001,0.0035646604642732187
1.040584368,-0.002345722514680379
1.042495124,0.0007204719152232594
1.045446627,-0.0002010619298297468
1.0486023740000001,0.001939409864816099
1.0492742000000002,0.001939409864816099
1.050627365,-0.0025132741228718345
1.053305763,-0.0025132741228718345
1.054936031,-0.00517734469311598
1.056864636,-0.001051386341401384
1.058886725,0.006375338691684888
1.061123995,0.006375338691684888
1.066045449,0.0036526250585737327
1.066088504,0.0036526250585737327
1.067730813,-0.0023080234028373015
1.0690649410000002,-0.0023080234028373015
1.0707799770000002,0.0032044245066615894
1.072504083,0.0032044245066615894
1.074494918,-0.0018933331725634489
1.0772224240000001,-0.001135162145497112
1.079008686,-0.004536459791783662
1.080700296,-0.006568023041105061
1.082718179,-0.0012817698026646358
1.084627768,0.01202601667794173
1.088042642,-0.0032630675695285985
1.089123666,-0.010392388498075037
1.0911370710000001,-0.010392388498075037
1.0929035850000002,-0.006609910943152926
1.094569063,-0.006609910943152926
1.0981988660000002,-0.0017090264035528474
1.100013163,0.009449910701998097
1.101528281,0.005964837251615821
1.102729859,-0.005566902182161114
1.1055911790000001,-0.00011309733552923255
1.107092615,0.005407728154379231
1.1089178400000002,0.005407728154379231
1.110526906,-0.007937757438070212
1.112754684,0.005788908063014792
1.115460348,-0.004423362456254429
1.116492064,-0.004423362456254429
1.118997846,-0.0014199998794225865
1.122625801,0.00013823007675795092
1.1232064400000001,-0.0037573448136933927
1.126066931,-0.007179586411003875
1.128748914,-0.0006911503837897546
1.1292740920000002,-0.0006911503837897546
1.130851218,0.0031415926535897933
1.133487023,0.0012859585928694222
1.1347489720000001,0.0012859585928694222
1.136478565,-0.007338760438785757
1.1400997050000001,-0.008180707269947823
1.1415275520000001,0.0036233035271402286
1.1424840870000001,-0.0037573448136933927
1.1471504940000001,0.0005822418384653084
1.148899659,-0.0009759881177152291
1.149346766,-0.0009759881177152291
1.1518438400000002,-0.0003309144261781249
1.1528669710000001,0.0024881413816431166
1.154545779,0.0077492618788548235
1.1570754330000002,-0.0033594097442386857
1.159311326,-0.0033594097442386857
1.162224544,0.008545132017764238
1.163527401,-0.001692271242733702
1.166158374,-0.002194926067308069
1.167311098,-0.005654866776461628
1.1690071910000002,0.0069617693203549835
1.171096472,0.0069617693203549835
1.174697577,0.004486194309326225
1.1753021620000002,0.008901179185171082
1.177212025,0.0029698522551935514
1.178570857,-0.005834984755267443
1.180959506,0.004033804967209295
1.183171309,-0.003849498198198693
1.186582902,-0.0037196457018503154
1.189629384,-0.004331209071749128
1.1896669850000001,0.000385368698840348
1.1913082430000002,-0.003275633940142958
1.192729654,-0.003275633940142958
1.1960779860000001,0.006526135139057197
1.198242908,-0.0018556340607203713
1.1989912850000002,-0.0033719761148530442
1.203609779,-0.008524188066740305
1.203640628,-0.008524188066740305
1.206174047,-0.00603604668509719
1.207137957,0.001051386341401384
1.208623237,0.001051386341401384
1.211482004,0.01303551511729525
1.2129004920000002,0.01303551511729525
1.2148328910000001,0.0008419468311620646
1.2179555210000002,0.0008419468311620646
1.2187128760000001,-0.001005309649148734
1.22053911,-0.00633763957984181
1.22244989,0.0023373449342708064
1.225681797,-0.0037112681214407427
1.2269725980000001,-0.0019435986550208853
1.228937245,-0.0019435986550208853
1.230538579,0.0007456046564519776
1.233938564,0.002605427507377135
1.234953452,0.002605427507377135
1.236758711,-0.0018221237390820804
1.2385374180000002,0.004817108735504351
1.240729486,-0.00048589966375522134
1.242585403,0.0043270202815443425
1.245165979,-0.001390678347989082
1.2473932140000001,-0.003464129499358346
1.248629908,-0.003464129499358346
1.250526237,0.0011686724671354032
1.252672915,-0.0032211796674807345
1.254992809,-0.0032211796674807345
1.256585826,0.003996105855366217
1.258460968,0.003996105855366217
1.261552757,0.009818524240019302
1.264351693,0.004624424386084176
1.265446616,-0.001445132620651305
1.267464992,-0.0056632443568712006
1.2696185690000001,-0.0056632443568712006
1.270570223,0.005009793084924523
1.272489255,0.005009793084924523
1.2745360700000001,0.002923775562940901
1.2765856930000001,0.00037699111843077525
1.27840949,-0.0020315632493213996
1.2808365460000002,-0.005156400742092048
1.282894484,0.0023415337244755926
1.2856736400000002,0.0014074335088082274
1.287446828,-0.002839999758845173
1.289208206,-0.002839999758845173
1.291022696,-0.0016294393896619061
1.292733777,-0.0016294393896619061
1.2945014160000001,0.00043144539109299835
1.2979424050000001,-0.00314578144379458
1.298904144,0.003309144261781249
1.3005394570000002,0.002412743157956961
1.302913267,-8.796459430051421e-05
1.306178207,-0.004121769561509809
1.307482615,0.00126501464184549
1.308816593,0.00126501464184549
1.310512023,0.003916518841475276
1.312748524,-0.002412743157956961
1.315051489,-0.0059438933005918895
1.3166085090000001,-0.004582536484036312
1.319765294,0.014899526758425196
1.32203197,0.006387905062299247
1.322879034,-0.007912624696841493
1.3261218240000001,-0.00891374555578544
1.327290279,0.0006199409503083859
1.329438885,0.0006199409503083859
1.332155769,-0.0043521530227730604
1.332820836,-0.006735574649296517
1.334695291,0.00023876104167282433
1.338013613,-0.00715026487957037
1.338944501,0.0030703832201084244
1.3405831700000002,-0.0029070204021217558
1.342929991,-0.004205545365605536
1.3458349150000002,-0.01130554476271847
1.347219581,-0.008662418143498257
1.3488342720000002,-0.008662418143498257
1.352109263,0.001554041165975751
1.3541399390000002,0.008390146780187142
1.354977769,0.008524188066740305
1.356570741,0.008524188066740305
1.3588870450000001,0.0018933331725634489
1.361064827,-0.0023959879971378155
1.363934361,-0.00030159289474462013
1.365848525,-0.007497934466567641
1.367363672,-0.006639232474586431
1.369381406,-0.006639232474586431
1.3711003290000001,-0.004033804967209295
1.3738271370000001,-0.004033804967209295
1.374835169,0.010296046323364949
1.376833117,0.010296046323364949
1.378630743,-0.005914571769158384
1.381082245,-0.00654707909008113
1.383187426,-0.003338465793214754
1.3857152400000001,0.0004984660343695806
1.3877893460000001,0.012574748194768745
1.3887396810000001,0.012574748194768745
1.3913315670000002,0.008055043563804229
1.3927645350000002,-0.010848966630396754
1.394593031,-0.0016461945504810517
1.397090058,-0.009315869415444935
1.39860847,0.0033217106323956084
1.4008727040000002,0.009671916582851778
1.403011247,-0.0035897932055019375
1.4057236960000001,-0.0035897932055019375
1.407207946,-0.001340412865531645
1.409059373,-0.001340412865531645
1.412118851,-0.0019896753472735357
1.413149468,0.007539822368615504
1.414649215,0.011050028560226499
1.4172950130000002,0.000632507320922745
1.4186885150000001,0.00020525072003453317
1.421608224,0.006932447788921478
1.4224411220000002,0.009902300044115029
1.425671694,-0.0016880824525289159
1.426962536,-0.0013781119773747228
1.428541729,-0.0013781119773747228
1.4315797650000002,-0.0040924480300763046
1.432635474,0.0035269613524301414
1.434576105,0.009604895939575196
1.4365903420000001,-0.001231504320207199
1.43914431,0.001348790445941218
1.440891323,0.001348790445941218
1.442701814,-0.002605427507377135
1.4466329450000002,-0.004884129378780932
1.447714599,0.004347964232568274
1.4488803110000001,0.004347964232568274
1.452465343,0.005085191308610679
1.453728981,0.005085191308610679
1.45501426,0.0031122711221562888
1.456795313,0.0031122711221562888
1.460088316,-0.005922949349567957
1.462495061,0.0071963415718230206
1.463052151,0.004972093973081446
1.4685060730000001,0.003380353695262618
1.4695402640000002,0.009152506597458265
1.469567161,0.009152506597458265
1.470653465,0.003279822730347744
1.472836368,0.002412743157956961
1.474904734,0.002412743157956961
1.478141524,-0.008557698388378596
1.478990661,-0.007531444788205932
1.4818195740000002,-0.009793391498790582
1.482638482,-0.0032505011989142395
1.486696505,0.00970542690449007
1.487429485,0.012181001915518826
1.488622195,0.012181001915518826
1.490937047,0.0009592329568960837
1.4929430840000002,0.0009592329568960837
1.4946916430000001,-0.004628613176288962
1.496703759,-0.0045280822113740885
1.498511288,-0.003673569009597665
1.5008762690000002,-0.0041887902047863905
1.502721918,-0.014656576926547581
1.506867441,-0.0034054864364913362
1.5075768580000002,0.005684188307895133
1.508966905,0.005684188307895133
1.5105843860000001,0.005583657342980259
1.512589688,-0.0029782298356031242
1.516149688,-0.000942477796076938
1.5166102190000001,-0.000942477796076938
1.5184658990000002,0.004976282763286233
1.520468522,0.002119527843621914
1.5226652870000001,0.004113391981100236
1.5256930930000001,0.0010304423903774523
1.529296355,-0.0009969320687391611
1.530261785,-0.0009969320687391611
1.5323865810000001,0.0008964011038242877
1.533204636,0.0008964011038242877
1.5363315270000002,-0.0023876104167282427
1.536888217,0.001851445270515585
1.539021608,0.0009885544883295883
1.5407504410000001,0.0009885544883295883
1.542552594,-0.005558524601751541
1.5452126080000002,-0.010199704148654863
1.5495706820000001,-0.004934394861238369
1.5497719570000001,-0.004934394861238369
1.551281786,-0.003878819729632198
1.5526914680000001,-0.003878819729632198
1.554730591,0.0012440706908215583
1.5571748840000001,0.0010765190826301026
1.5591457610000001,-0.0019938641374783223
1.5605644010000002,-0.00111421819447318
1.562626399,-0.0005822418384653084
1.5652978130000001,-0.001390678347989082
1.5670818720000002,0.008708494835750908
1.569070127,0.008708494835750908
1.570555979,0.01315280124302927
1.572685899,0.003849498198198693
1.574592508,-0.0019142771235873806
1.577460904,0.0038830085198369845
1.578681231,0.004289321169701265
1.580671571,0.0008210028801381327
1.582512259,-0.004486194309326225
1.5856985060000002,0.00032253684576855215
1.588245743,0.0007874925584998415
1.589210089,0.0007874925584998415
1.5909205540000002,-0.0056046012940041915
1.5927812300000002,-0.0003686135380212024
1.594739087,0.00304106168867492
1.596874163,-0.0028316221784356003
1.5992485440000002,0.004858996637552214
1.600678456,-0.004687256239155972
1.603287547,-0.003510206191610996
1.6062567600000002,0.0027646015351590184
1.606829754,-0.008683362094522189
1.608622055,-0.008683362094522189
1.610943358,0.0012398819006167719
1.6133110510000002,0.0012398819006167719
1.614869394,0.006484247237009334
1.6171930870000002,0.006484247237009334
1.6184881720000002,0.0023164009832468743
1.6209034500000001,-0.003635869897754587
1.624644121,-0.0005989969992844539
1.6251418190000002,-0.0005989969992844539
1.6270989690000002,0.0042097341558103235
1.629269749,0.0042097341558103235
1.63061294,-8.377580409572782e-05
1.6327417430000002,0.0035562828838636464
1.6346464150000002,-0.008695928465136548
1.636752733,0.0013236577047124995
1.638471395,-0.009336813366468867
1.640722798,0.005277875658030853
1.642794008,0.0011435397259066846
1.6453829350000002,0.0011435397259066846
1.6471174910000002,0.012654335208659688
1.6493974450000002,0.012654335208659688
1.6512992640000002,0.0011896164181593352
1.6524808180000001,0.0011896164181593352
1.6560264210000002,-0.0003811799086355616
1.657049977,-0.00016755160819145564
1.658872297,0.003715456911645529
1.6604704780000001,0.003715456911645529
1.6630418690000002,0.004368908183592205
1.666038286,-0.0008712683625955694
1.667164824,-0.0008712683625955694
1.668726366,-0.0011100294042683935
1.671224041,-0.0011100294042683935
1.673258504,0.0003476695869972705
1.6746197360000001,0.0003476695869972705
1.6770041070000001,0.002463008640414398
1.678661321,-0.003573038044682792
1.681745282,-0.010312801484184096
1.6825967720000001,0.0013571680263507906
1.6846049310000002,0.004708200190179904
1.6872649380000002,0.008331503717320133
1.6891457810000001,0.012511916341696948
1.691004884,0.012511916341696948
1.6964145730000002,-0.003535338932839714
1.6964554710000002,-0.00010471975511965978
1.698764924,-0.00010471975511965978
1.6995794190000002,-0.007062300285269855
1.7006640960000001,-0.007062300285269855
1.7037638270000002,-0.0077492618788548235
1.705949892,0.0041636574635576734
1.7071447180000001,0.0041636574635576734
1.7107922180000001,-0.0018263125292868664
1.711496651,-0.0018263125292868664
1.71288495,-0.0030787608005179976
1.714717402,-0.0030787608005179976
1.7171332170000002,-0.012645957628250116
1.7192737740000001,-0.0023289673538612336
1.7205961140000001,0.010316990274388881
1.724235261,0.003577226834887578
1.725875716,-0.001637816970071479
1.726665292,0.006408849013323179
1.728897777,0.006408849013323179
1.733189517,-0.0034599407091535587
1.7332151610000002,-0.004871563008166573
1.734455054,0.0032965778911668896
1.7364266990000001,0.002073451151369264
1.7385093150000002,0.001692271242733702
1.740535895,-0.0050433034065628145
1.742444405,8.377580409572782e-05
1.745274408,0.006945014159535836
1.7477139240000001,-0.0011979939985689077
1.749347132,-0.0011979939985689077
1.7508352120000001,0.003916518841475276
1.7539146300000001,7.120943348136864e-05
1.7549334,0.007342949228990542
1.7565048680000002,-0.000867079572390783
1.7598753440000001,-0.0014493214108560915
1.7609107290000001,-0.0013529792361460045
1.7631759960000002,0.0014158110892178001
1.7651344560000002,0.0014158110892178001
1.767524576,0.003610737156525869
1.7685892840000002,0.003610737156525869
1.7705165040000002,-0.004884129378780932
1.7741437670000002,0.0009005898940290741
1.7748784340000001,-0.004465250358302293
1.776623792,-0.0010639527120157434
1.778540183,-0.007141887299160798
1.78096692,0.0015456635855661783
1.783045868,0.0006911503837897546
1.785915879,0.0017383479349863521
1.7885783990000002,-0.003137403863385007
1.789573207,-0.003137403863385007
1.790737601,0.0063418283700465965
1.793379419,-0.004590914064445884
1.7946781020000002,-0.004590914064445884
1.798383011,0.009328435786059292
1.799089332,0.0023080234028373015
1.802958022,0.003728023282259888
1.803648246,0.0006366961111275314
1.8057004090000002,0.0019435986550208853
1.8067575310000001,0.0027687903253638046
1.8109567080000002,-0.004599291644855457
1.8115673250000002,-0.004599291644855457
1.8135976390000002,-0.0017006488231432746
1.8147212810000002,-0.0017006488231432746
1.8181182720000002,-0.008444601052849365
1.8189393450000002,-0.008444601052849365
1.821310361,0.008348258878139277
1.8227529290000002,0.001541474795361392
1.8257820980000001,0.002965663464988765
1.826858185,-0.003095515961337143
1.829409073,-0.003095515961337143
1.830792948,-0.008155574528719104
1.8330752810000002,0.005922949349567957
1.8348361850000001,8.796459430051421e-05
1.8366503580000002,0.004603480435060244
1.8387454170000002,-0.0068361056142113895
1.840766681,-0.002014808088502254
1.844551207,-0.004155279883148099
1.845703072,0.002249380339970292
1.8467346080000002,-0.001177050047544976
1.8492618820000002,-0.001177050047544976
1.8516274810000002,0.0031625366046137255
1.8531604330000002,0.001424188669627373
1.85503937,-0.00013823007675795092
1.8566036110000002,0.0013446016557364317
1.858630508,0.006890559886873614
1.860752865,0.004452683987687934
1.8625801510000002,0.008105309046261668
1.8652368490000002,-0.0008168140899333463
1.8698723860000002,-0.0037238344920551016
1.870460494,-0.0037238344920551016
1.871144056,0.0019771089766591767
1.8732654960000001,0.0019771089766591767
1.874625557,-0.0007246607054280457
1.876823222,-0.005470560007451027
1.8786366110000001,-0.0034599407091535587
1.8805393090000002,-0.0034599407091535587
1.8824222810000002,0.002010619298297468
1.886052558,0.004310265120725197
1.886831767,0.004310265120725197
1.8888353310000001,-0.001478642942289596
1.8908351730000001,-0.0022870794518133693
1.893341941,-0.0022870794518133693
1.8951258960000001,-8.796459430051421e-05
1.897168157,-8.796459430051421e-05
1.8989023260000002,0.00012566370614359174
1.901195935,-0.0028023006470020958
1.9024834250000002,0.0005612978874413765
1.9069539290000002,-0.0021111502632123413
1.9072258020000001,-0.0008042477193189872
1.909365396,0.0002345722514680379
1.910600523,0.0002345722514680379
1.912567686,0.0030661944299036382
1.914998728,0.001059763921810957
1.9165206490000002,-0.0019268434942017402
1.9185072570000001,-0.004511327050554943
1.920658685,-8.796459430051421e-05
1.9224975910000002,-0.003175102975228085
1.9250542480000001,-0.006886371096668826
1.927381331,0.0014116222990130137
1.9290138680000002,0.0014116222990130137
1.9308267140000002,0.010312801484184096
1.933704944,0.010312801484184096
1.9347492990000001,-0.00043144539109299835
1.938220628,-0.005047492196767601
1.9390591590000001,-0.005047492196767601
1.941283585,0.0015875514876140424
1.943405099,0.0007288494956328321
1.945685893,-0.002580294766148417
1.946856869,-0.00033510321638291127
1.948681863,-0.00033510321638291127
1.950597415,0.0003476695869972705
1.9528226770000001,0.0021572269554649913
1.9558878130000001,-0.007724129137626105
1.956906516,-0.0007246607054280457
1.9601656040000002,0.008147196948309532
1.961039648,0.009650972631827844
1.9630951620000001,0.01232760957268635
1.969276983,0.0036693802193928783
1.9693098500000001,-0.009780825128176225
1.9701965080000001,-0.003577226834887578
1.9709854990000002,-0.003577226834887578
1.9744926130000002,0.004205545365605536
1.978784665,-0.0006911503837897546
1.9788090040000001,0.004993037924105379
1.9800675840000002,0.0005906194188748811
1.980806719,-0.001956165025635245
1.982602342,-0.008126252997285598
1.989697566,0.0008964011038242877
1.9897253920000002,0.009139940226843906
1.990405468,0.000695339173994541
1.9908760730000001,0.000695339173994541
1.9926254110000001,0.0013655456067603634
1.995092877,-0.007996400500937221
1.9969857860000002,-0.010245780840907513
2.000072641,0.000749793446656764
2.001201788,0.000749793446656764
2.0040126750000002,0.005772152902195646
2.005944046,0.01425445306688809
2.006949465,0.0089263119263998
2.00864307,0.0089263119263998
2.010796251,0.004754276882432553
2.0130059350000002,0.004754276882432553
2.016208877,-0.004079881659461945
2.01704309,0.005307197189464358
2.019036566,0.0005906194188748811
2.020558427,-0.00036442474781641607
2.023263286,1.2566370614359175e-05
2.026169834,-2.513274122871835e-05
2.027135002,-2.513274122871835e-05
2.028725597,-0.005143834371477689
2.0306430200000003,-0.005143834371477689
2.032741385,0.0002303834612632515
2.036118934,0.004071504079052372
2.037893751,-0.005143834371477689
2.0388599540000003,0.0025970499269675628
2.041844762,-0.0029112091923265415
2.0435262570000003,-0.0014912093129039552
2.0448449120000003,-0.007024601173426778
2.046660545,-0.007024601173426778
2.050655725,-0.001478642942289596
2.051468003,-0.001478642942289596
2.052520646,0.009290736674216215
2.054451611,0.0044107960856400695
2.056457883,0.0034515631287439868
2.059707816,0.004745899302022982
2.060515949,0.002605427507377135
2.067527073,0.0062496749855412955
2.0675450410000002,0.009139940226843906
2.068444931,-0.0015456635855661783
2.069134619,-0.0015456635855661783
2.070946262,-0.004884129378780932
2.072992279,-0.004884129378780932
2.075122306,0.009169261758277411
2.076613586,0.009169261758277411
2.078930482,-0.0014953981031087416
2.080903298,-0.001059763921810957
2.0839438980000002,-0.002835810968640387
2.0863445720000002,-0.010103361973944777
2.087247826,-0.010103361973944777
2.08870156,-0.015837815764297342
2.090831853,-0.015837815764297342
2.0929472060000003,0.005927138139772744
2.094848673,0.000846135621366851
2.0969390860000003,0.002073451151369264
2.098809314,0.002073451151369264
2.100853619,0.002295457032222942
2.102479594,-0.0008545132017764237
2.1052038840000002,0.0017969909978533618
2.107206568,-0.0035604716740684325
2.1086265230000003,-0.0035604716740684325
2.110594618,-0.008679173304317403
2.113176305,0.0029279643531456875
2.114588604,0.0029279643531456875
2.116512921,-0.0013697343969651498
2.118607388,-0.002245191549765506
2.120538202,-0.007112565767727293
2.122596974,0.002270324290994224
2.12577778,-0.00042725660088821185
2.128103189,0.0051019464694298244
2.129122869,0.0051019464694298244
2.1309666210000002,0.006052801845916335
2.133120164,0.006052801845916335
2.134499979,-0.006501002397828479
2.1364471590000003,0.0004021238596594936
2.139129643,0.004255810848062974
2.140929099,0.0006031857894892403
2.1424666190000003,0.0016545721308906245
2.145538714,-0.002798111856797309
2.147509578,-0.0020525072003453318
2.149542663,-0.0020525072003453318
2.1520958,-0.0039290852120896355
2.1530868670000003,-0.0039290852120896355
2.155083989,-0.0026096162975819217
2.156578284,0.0016755160819145565
2.159076004,-0.004373096973796993
2.161044153,-0.0029028316119169687
2.162549227,-0.0029028316119169687
2.1655272720000003,-0.004021238596594936
2.167258673,-0.0058391735454722295
2.168972062,-0.0058391735454722295
2.170570132,-0.00121893794959284
2.172527826,0.008645662982679112
2.1745285020000003,0.012457462069034728
2.1765411390000002,0.0063543947406609555
2.178756689,-0.008310559766296199
2.1806309550000003,-0.008310559766296199
2.1831561710000003,-0.013198877935281919
2.1848430540000003,0.007757639459264396
2.188050527,0.010622771959338287
2.1893269340000003,0.010622771959338287
2.190678611,0.005235987755982989
2.1931484400000003,0.005235987755982989
2.1951709360000002,-0.0018011797880581482
2.196845459,0.008825780961484926
2.19894876,-0.001767669466419857
2.200502483,-0.001767669466419857
2.202508635,0.0066727427962247204
2.205025517,-0.0012566370614359172
2.206641959,-0.005767964111990861
2.208523445,-0.005767964111990861
2.2107745260000002,0.0016587609210954109
2.213009558,-0.0010639527120157434
2.215062961,-0.0070455451244507096
2.2165319180000003,-0.0070455451244507096
2.218571973,-0.0005989969992844539
2.220827597,0.009014276520700314
2.222554401,0.0006408849013323179
2.225632396,0.0005989969992844539
2.226936561,0.0005989969992844539
2.2299481720000003,0.007803716151517047
2.2317495380000003,0.007803716151517047
2.234498157,0.0038871973100417707
2.235097155,0.0010932742434492482
2.238452203,-0.0005696754678509491
2.238948031,-0.0005696754678509491
2.2416825830000002,-0.005914571769158384
2.243964784,0.0007079055446089001
2.245916729,-0.0016503833406858379
2.24685542,-0.0016503833406858379
2.249161494,-0.002705958472292009
2.251049208,-0.002266135500789438
2.253219376,-0.002266135500789438
2.254811878,-0.009273981513397072
2.2569519280000003,-0.009273981513397072
2.258534249,-0.0024504422698000384
2.2611525770000003,0.002944719513964833
2.262668595,0.002944719513964833
2.265782099,-0.001541474795361392
2.266745288,-0.002886076451097823
2.269335598,-0.002886076451097823
2.2707090890000003,0.004733332931408622
2.2731644870000003,0.007351326809400117
2.2748640740000003,0.0029489083041696193
2.2772418300000004,-0.00011309733552923255
2.278612353,-0.005667433147075987
2.2808994140000003,-0.0009299114254625789
2.283268114,-0.010463597931556406
2.285538019,-0.010463597931556406
2.2868464360000003,-0.0013529792361460045
2.288741961,-0.0013529792361460045
2.291026066,-0.002421120738366534
2.2925762250000004,-0.002421120738366534
2.295084804,0.002647315409424999
2.296585356,0.003677757799802452
2.298537382,-0.007497934466567641
2.30056657,-0.007171208830594302
2.30580122,0.006392093852504033
2.306112857,-0.0075272559980011445
2.3071641250000003,0.0022535691301750786
2.308792856,0.0022535691301750786
2.310945544,0.006459114495780615
2.313280415,0.006459114495780615
2.314774921,0.002839999758845173
2.316596468,-0.0019310322844065262
2.3186119190000003,-0.0024504422698000384
2.321054405,-0.0022996458224277287
2.322480629,-0.0029112091923265415
2.326275882,-0.006433981754551898
2.328184894,-0.0006073745796940268
2.329121765,-0.0006073745796940268
2.331001617,-0.00289026524130261
2.333423094,-0.00289026524130261
2.3348628220000003,-0.005855928706291375
2.33661734,-0.0019645426060448177
2.3385341530000003,-0.005868495076905735
2.341070605,0.0032882003107573177
2.3428901570000003,0.006031857894892404
2.3449472940000002,0.006031857894892404
2.3474971090000003,0.006253863775746081
2.3488676,0.006253863775746081
2.350658628,0.0030871383809275704
2.3541366360000002,0.0012608258516407036
2.355032741,0.0012608258516407036
2.3570337130000003,0.0005361651462126581
2.3586299640000004,-0.005139645581272902
2.360646865,-0.0033300882128051807
2.3626091230000004,0.0003309144261781249
2.3665695760000003,-0.000460766922526503
2.367406438,0.005110324049839397
2.3696533420000003,0.005110324049839397
2.370840052,-0.015544600449962297
2.372579677,-0.015544600449962297
2.3745337920000003,0.0029782298356031242
2.3768940400000003,0.0007204719152232594
2.378659093,-0.013257520998148928
2.3806201000000002,-0.00389976368065613
2.384172893,-0.006044424265506762
2.386069039,-0.0071963415718230206
2.3869322050000004,0.006831916824006604
2.388925376,0.006831916824006604
2.3914762350000003,0.002605427507377135
2.3934964,0.002605427507377135
2.395107862,-0.001059763921810957
2.396922226,-0.001059763921810957
2.398862018,0.011577816126029584
2.400875579,-0.004218111736219896
2.404371667,-0.000289026524130261
2.406439577,0.010815456308758463
2.407095329,0.010815456308758463
2.409407164,0.004452683987687934
2.410702645,0.004452683987687934
2.414730788,0.0009341002156673653
2.415849653,-0.002567728395534058
2.4172763130000003,-0.002567728395534058
2.419031457,-0.007518878417591571
2.4213839640000003,-0.007518878417591571
2.424593155,-0.006010913943868472
2.4255119830000003,0.0032253684576855207
2.427938632,-0.004134335932124168
2.428622056,-0.004134335932124168
2.4308060400000002,-0.004394040924820924
2.432675806,-0.004394040924820924
2.434685125,-0.008876046443942362
2.436774748,-0.008876046443942362
2.4387300680000004,-0.003338465793214754
2.440672568,0.0007037167544041137
2.442613967,-0.011766311685244973
2.446414074,-0.012013450307327369
2.447687851,-0.01207209337019438
2.4487014080000002,-0.01207209337019438
2.4522606170000003,-0.007422536242881485
2.453241327,-0.007422536242881485
2.454625431,0.006270618936565227
2.456534982,0.006270618936565227
2.459055079,0.003870442149222625
2.4604997710000003,0.00939126763913109
2.462543585,0.002295457032222942
2.466155339,0.0028651325000738914
2.468662317,0.004461061568097507
2.4691543570000003,0.004461061568097507
2.4705858650000003,0.006111444908783344
2.472531493,-0.0022619467105846514
2.474887528,-0.008595397500221674
2.4769509640000003,-0.008595397500221674
2.4785466890000003,-0.002622182668196281
2.480971474,0.004863185427757
2.48252583,0.0016461945504810517
2.485183444,-0.0032211796674807345
2.486642469,-0.0032211796674807345
2.488588421,0.007988022920527646
2.4905520990000003,0.007988022920527646
2.49247853,0.0022577579203798648
2.495898973,0.0015456635855661783
2.4965445990000004,0.0015456635855661783
2.49859014,0.008147196948309532
2.500528371,-0.008603775080631247
2.5025287190000003,-0.002697580891882436
2.50579446,0.007393214711447981
2.507223895,0.007393214711447981
2.510077266,-0.00037699111843077525
2.511052759,0.0010932742434492482
2.512721354,-0.0022619467105846514
2.514530316,-0.0022619467105846514
2.517825637,0.004272566008882119
2.51877095,-0.009521120135479467
2.520507702,-0.010941120014902054
2.525150593,-0.016080765596174953
2.525724313,-0.016080765596174953
2.526683529,-0.003744778443079033
2.528904705,-0.003744778443079033
2.5326993190000002,0.00950436497466032
2.5334966320000003,0.00950436497466032
2.5350536000000004,0.0031332150731802205
2.5365427780000003,0.0031332150731802205
2.5392054600000002,0.005935515720182316
2.540540929,0.004712388980384691
2.542623715,0.0013697343969651498
2.545518964,0.0052066662245494845
2.546739257,0.0052066662245494845
2.548697486,-0.004268377218677333
2.5507918650000003,0.00243787589918568
2.553145434,-0.000846135621366851
2.5546417160000003,-0.000846135621366851
2.557119424,0.012599880935997464
2.5605733930000003,-0.00018849555921538762
2.561100798,-0.005215043804959058
2.5626951140000003,-0.007795338571107474
2.5652489220000003,-0.00754401115882029
2.567685934,-0.00754401115882029
2.5691647890000002,0.002835810968640387
2.57060412,0.002835810968640387
2.57429795,0.005843362335677015
2.578009861,-0.009223716030939633
2.578035685,-0.009223716030939633
2.5788831770000002,-0.010082418022920843
2.580876141,-0.010082418022920843
2.582504811,-0.002014808088502254
2.585880553,0.0011938052083641214
2.588294798,0.004113391981100236
2.589247915,0.004113391981100236
2.5908105640000003,-0.0021111502632123413
2.592804492,-0.0021111502632123413
2.595204115,-5.02654824574367e-05
2.5969935410000002,-5.02654824574367e-05
2.5994335640000004,0.010593450427904784
2.6006181880000003,0.0027436575841350863
2.6037177980000004,-0.000770737397680696
2.605025108,-0.006563834250900274
2.6070904180000003,-0.006563834250900274
2.608680477,-0.004993037924105379
2.6106895160000003,0.0018011797880581482
2.612611212,0.0018011797880581482
2.614575963,-0.0021069614730075546
2.616724284,-0.0021069614730075546
2.620318011,0.0016252505994571198
2.621186979,0.002676636940858504
2.622669755,-0.008884424024351936
2.626411987,0.0006157521601035995
2.627974801,4.188790204786391e-06
2.6297097280000004,4.188790204786391e-06
2.632503309,0.012926606571970803
2.633504878,0.012926606571970803
2.6352842720000003,-0.00754401115882029
2.636883858,-0.00754401115882029
2.6402544270000003,-2.513274122871835e-05
2.641338966,0.007167020040389515
2.64417962,0.012566370614359173
2.645119486,0.0037615336038981794
2.647711831,-0.006710441908067799
2.6487028710000002,-0.006710441908067799
2.652017319,-0.010103361973944777
2.652873522,-0.010103361973944777
2.6551941460000004,0.0031667253948185117
2.6564878380000003,0.0031667253948185117
2.658449423,-0.009537875296298612
2.6607908150000004,0.0029489083041696193
2.663154055,-0.001956165025635245
2.665298765,-0.001956165025635245
2.667111395,-0.008046665983394657
2.669130888,-0.008046665983394657
2.6705385230000003,0.002127905424031487
2.6727913180000002,0.010727491714457948
2.6748923380000003,0.005927138139772744
2.676574201,0.005927138139772744
2.679045355,0.004067315288847586
2.6814378160000003,-0.009583951988551262
2.682613057,-0.0012775810124598492
2.6858955360000003,-0.008427845892030219
2.686668871,-0.008427845892030219
2.688647086,0.0003686135380212024
2.690520427,0.0003686135380212024
2.696964834,-0.0008922123136195014
2.697265614,-0.0029321531433504737
2.6994346250000003,-0.0029321531433504737
2.6995137980000004,-0.0015707963267948967
2.700977237,-0.0015707963267948967
2.703339783,-0.0037866663451268977
2.7059006720000003,-0.0037866663451268977
2.708109637,-0.010337934225412812
2.708699606,-0.010337934225412812
2.713160193,-0.008088553885442521
2.713667318,-0.008088553885442521
2.714558504,0.007644542123735164
2.7166203340000004,0.007644542123735164
2.718878396,0.0016336281798666925
2.720461738,0.004448495197483147
2.7235827780000004,0.011427019678657275
2.7252121220000003,0.013525603571255254
2.7269124540000003,0.013525603571255254
2.728673049,-0.006618288523562498
2.7307356510000003,-0.006618288523562498
2.7348535000000003,-0.004042182547618867
2.7355354750000003,0.008004778081346794
2.7366449690000003,0.008004778081346794
2.739793693,0.006170087971650353
2.741468539,0.009571385617936905
2.742779178,-0.0007874925584998415
2.745712483,-0.00030997047515419297
2.747744276,-0.00030997047515419297
2.751359755,0.006773273761139594
2.7523620010000003,0.006773273761139594
2.753690687,-0.004821297525709136
2.7550888440000003,-0.004821297525709136
2.7567150070000004,-0.00662666610397207
2.7601329420000003,0.008984954989266809
2.760867074,0.014086901458696633
2.7642833710000003,0.004674689868541613
2.767164134,-0.01189616418159335
2.767486245,-0.01189616418159335
2.7688292150000002,-0.0019017107529730216
2.771278381,-0.0019017107529730216
2.772857784,-0.0012859585928694222
2.7752561470000003,-3.1527683458561633
2.778458634,-3.1527683458561633
2.7791237960000004,-5.547202301828004
2.7806290500000004,-5.453143017779525
2.782710743,-3.463212154303497
2.786254528,-2.756190444427807
2.7875454640000004,-3.6701886559024026
2.7885938780000004,-3.6701886559024026
2.79208544,-5.2067374339829655
2.793541314,-5.114873076001794
2.7948193590000003,-4.328712552787076
2.797854498,-4.093231333844599
2.798846097,-4.5016635115525006
2.8010737850000003,-5.057696089706461
2.802633133,-5.411179717507975
2.8067515120000004,-5.469169329103038
2.807488665,-5.297629992636626
2.8089806740000003,-5.297629992636626
2.810939846,-4.93945491980575
2.8129447990000003,-4.559209111385856
2.8147738710000003,-4.546026988611393
2.817186162,-4.746707738532505
2.818548761,-4.746707738532505
2.821448133,-5.019569721262495
2.82273342,-5.215098259231719
2.825642429,-5.167970180637668
2.8271802640000003,-5.053645529578432
2.82983976,-4.91631604271451
2.8312623670000003,-4.91631604271451
2.832809568,-4.762918356625028
2.83668837,-4.581581439869621
2.8370951090000003,-4.67552762658257
2.839483464,-4.82258767309221
2.8406195380000003,-4.850175045380933
2.842549226,-4.72996095529377
2.845673315,-4.60982226343029
2.8468107920000003,-4.592141379975887
2.84883349,-4.592141379975887
2.850827776,-4.662743438877563
2.8526849220000003,-4.662743438877563
2.855485305,-4.768225553814492
2.856694316,-4.783933517082442
2.859320728,-4.840993217252041
2.862851125,-4.924128136446438
2.863779651,-4.94279757438917
2.8658225130000003,-4.94025078994466
2.8670713180000003,-4.927462413449447
2.869467863,-4.9231312043776985
2.8706058370000003,-4.906497518474492
2.872638665,-4.906497518474492
2.876068236,-4.930675215536518
2.8780305000000004,-4.9783059489551444
2.8807167660000004,-4.960097277934938
2.8813812050000003,-4.9401335038189265
2.8829468090000003,-4.904068020155716
2.8857092030000002,-4.863700648952189
2.887145748,-4.866762654591888
2.888546443,-4.866762654591888
2.890698292,-4.918624066117348
2.8927888100000003,-4.939848666085
2.894579137,-4.939848666085
2.8968597330000003,-4.903858580645475
2.9000144220000004,-4.903858580645475
2.900882231,-4.821766670212073
2.903000081,-4.843204898480169
2.905964861,-4.850061948045404
2.907339517,-4.822319590519104
2.9086704190000003,-4.822319590519104
2.910643841,-4.774965317253994
2.912819106,-4.746954877154587
2.9146839370000004,-4.734618890001492
2.9166568600000002,-4.734618890001492
2.9206620450000003,-4.7672746984380066
2.9210858560000004,-4.813271803676765
2.92262193,-4.814067673815675
2.9256606780000003,-4.832066905325642
2.9288758070000003,-4.835681831272373
2.929352702,-4.835681831272373
2.931180173,-4.8124717447476515
2.933712315,-4.8124717447476515
2.934655305,-4.771672928153032
2.936730405,-4.761129743207585
2.938732307,-4.790966495836278
2.9411036000000004,-4.790966495836278
2.9441348040000004,-4.801451037718858
2.945583941,-4.774282544450614
2.946809762,-4.802829149696232
2.949014571,-4.802829149696232
2.951535552,-4.807189680299416
2.953020043,-4.807189680299416
2.955187104,-4.793957292042496
2.956721946,-4.793957292042496
2.9589763290000004,-4.769423547813061
2.9607188410000003,-4.802284606969611
2.9631461690000003,-4.823668380965045
2.9666639160000003,-4.792172867415257
2.9672847190000002,-4.780058886143014
2.9687198120000002,-4.780058886143014
2.9706393710000003,-4.734706854595792
2.972761788,-4.677324617580423
2.974847601,-4.677324617580423
2.97659989,-4.718584201097569
2.9790298400000004,-4.761238651752909
2.981159373,-4.781600360938375
2.982857462,-4.816593514309161
2.9854712500000002,-4.810875815679628
2.9868503640000004,-4.810875815679628
2.988668579,-4.785433103975755
2.9915929130000003,-4.785433103975755
2.993022423,-4.7618795366542415
2.994847128,-4.782123959713974
2.9970372550000004,-4.804316170218932
3.000189566,-4.808123780515083
3.0021634620000004,-4.808123780515083
3.0033281150000004,-4.787192395861765
3.004572955,-4.787192395861765
3.0120630000000004,-4.802644842927223
3.0121080530000004,-4.844461535541605
3.012798216,-4.833130858037658
3.0136439000000004,-4.833130858037658
3.014736467,-4.828397525106249
3.016601301,-4.828397525106249
3.0209969450000003,-4.7822580010005264
3.021013828,-4.7822580010005264
3.0225094190000004,-4.8381197071715585
3.024753002,-4.848625193005162
3.0278610120000002,-4.849106903878713
3.0290614660000004,-4.849106903878713
3.0308125940000004,-4.856169204163983
3.0329891210000004,-4.860680531214538
3.0349708530000004,-4.847163305223693
3.038327858,-4.809631744988806
3.0396420610000003,-4.809631744988806
3.04284612,-4.789575817488289
3.044103916,-4.784599534725003
3.045296048,-4.760195642991917
3.046904042,-4.755458121270304
3.048742283,-4.755458121270304
3.052210617,-4.7595254365591515
3.0536455530000004,-4.7595254365591515
3.0551774060000003,-4.75836933046263
3.056713743,-4.807277644893716
3.05883262,-4.808157290836721
3.061228131,-4.825180534228973
3.0630425370000003,-4.840482184847058
3.0658099450000003,-4.856939941561664
3.0669421100000003,-4.847096284580416
3.068773424,-4.847096284580416
3.070669017,-4.852495635154385
3.0733069790000003,-4.852495635154385
3.074768273,-4.884242476116461
3.07734743,-4.9187790513549245
3.079852428,-4.9208064258140425
3.082141124,-4.912278048957097
3.0833866220000004,-4.923977339999065
3.08543125,-4.904654450784386
3.0870353460000004,-4.873938052212687
3.0893659660000004,-4.873938052212687
3.091523254,-4.853488378432919
3.0930639830000004,-4.853488378432919
3.0946885130000004,-4.849538349269806
3.096967794,-4.815060417094209
3.0989737990000004,-4.842941004697267
3.1008184360000004,-4.87641781601392
3.102874624,-4.875123479840641
3.1052043510000003,-4.889830322249646
3.1072553120000004,-4.905488020035138
3.1095001140000003,-4.905488020035138
3.11229586,-4.925682177612414
3.1136436200000004,-4.925682177612414
3.1152236070000003,-4.927780761505011
3.1170315850000003,-4.802879415178691
3.1187670680000004,-4.793555168182836
3.120786364,-4.848415753494923
3.1227244510000003,-4.897035041401879
3.1259609260000003,-4.908139524234768
3.1271995020000003,-4.889382121697734
3.1289324720000002,-4.889382121697734
3.1306556380000004,-4.858347375070472
3.133527886,-4.8586531567554205
3.1346798430000002,-4.899740999874171
3.136948517,-4.906087017034422
3.1387879020000002,-4.906087017034422
3.1410236620000003,-4.910267429658799
3.1430414680000003,-4.900767253474344
3.1459898820000003,-4.887132741357764
3.1475213500000003,-4.887132741357764
3.14889411,-4.914988196219594
3.1509214570000004,-4.937850613157318
3.152784649,-4.937850613157318
3.155368304,-4.908717577283028
3.156875787,-4.877465013565117
3.158546906,-4.877465013565117
3.161284086,-4.873707668751424
3.1637457980000003,-4.911980644852556
3.1660233730000003,-4.904357046679846
3.16688092,-4.876367550531463
3.169509397,-4.876367550531463
3.1710641230000003,-4.855649794178589
3.1728968290000004,-4.80877723178703
3.1749444610000004,-4.818382127726605
3.176556703,-4.853170030377355
3.1787188370000004,-4.8771131551879146
3.1813124090000002,-4.886479290085817
3.183906828,-4.886152564449843
3.185430263,-4.900205955586902
3.1873843290000003,-4.910125010791837
3.189046208,-4.910125010791837
3.1910225810000004,-4.9141378718080215
3.193359692,-4.9141378718080215
3.1947308370000003,-4.926494802912142
3.196928181,-4.915696101764203
3.198814571,-4.934160288986901
3.2011483640000002,-4.957144180840563
3.2061072260000003,-4.974146480281791
3.208764253,-4.9743601085822355
3.2112446720000003,-4.961395802898422
3.211260487,-4.961395802898422
3.2122436810000004,-4.92034984768172
3.213330248,-4.893834805685422
3.2163048990000003,-4.890144481515005
3.2174641850000003,-4.897608905659935
3.2193224710000004,-4.931232324633755
3.221104333,-4.938315568870049
3.2229032880000004,-4.8796389956814
3.226118027,-4.822131094959889
3.227285375,-4.790706790843581
3.22982593,-4.790706790843581
3.2315977310000004,-4.822336345679924
3.233131803,-4.822336345679924
3.2351198230000002,-4.841965016579552
3.238682668,-4.816036405211925
3.239317304,-4.820493277989817
3.2415027380000003,-4.841231978293714
3.2445485720000002,-4.861292094584437
3.245930985,-4.86201256649966
3.2470810250000004,-4.882608847936594
3.2491241860000004,-4.882608847936594
3.252431869,-4.899891796321543
3.2543004150000003,-4.952058989531953
3.2548720550000003,-4.952058989531953
3.2565923110000004,-4.9762324978037755
3.258623429,-4.994726006557907
3.261091592,-4.975914149748212
3.2627310560000002,-4.92967828346778
3.2658945470000003,-4.885628965674245
3.2677196540000004,-4.855938820702719
3.269392716,-4.855938820702719
3.270721741,-4.880187727198228
3.272750095,-4.899284421741849
3.274660218,-4.896209849731536
3.276567172,-4.890584304486508
3.278613907,-4.892113212911255
3.280834157,-4.881503007322531
3.2837172490000004,-4.901085601529908
3.286193624,-4.939107250218754
3.2873540520000004,-4.9786536185421415
3.2892369990000003,-4.9786536185421415
3.291454766,-5.006421108809671
3.292881356,-5.006421108809671
3.294833707,-4.986775682749223
3.296725758,-4.926465481380708
3.2993963,-4.904499465546809
3.3008345180000003,-4.908583535996475
3.3026781140000003,-4.931877398325292
3.3055314850000004,-4.9675868348210965
3.3067012300000003,-4.994470490355415
3.3102841350000003,-4.994470490355415
3.310866404,-4.972382999605577
3.312704404,-4.927923180371974
3.3147226030000003,-4.917702532272296
3.3171317830000002,-4.930130672809896
3.318716218,-4.948217868914164
3.3205088440000003,-4.947250258376858
3.3228309100000004,-4.931257457374984
3.325563379,-4.931257457374984
3.3272628670000004,-4.945587308665558
3.3292058840000003,-4.945587308665558
3.330844984,-4.915511794995192
3.3328483080000004,-4.892527903141529
3.3347325380000004,-4.896880056164302
3.337511815,-4.888255337132647
3.3392116620000003,-4.89575746038942
3.3407197290000004,-4.89575746038942
3.344619766,-4.8859431249396055
3.345471442,-4.841064426685524
3.346788698,-4.841064426685524
3.350003037,-4.867621356583869
3.351758105,-4.867621356583869
3.3528928810000003,-4.946877456048632
3.3545885710000003,-4.946877456048632
3.356988099,-4.939555450770666
3.358889998,-4.849986549821718
3.3609836160000004,-4.832112982017895
3.3625986730000004,-4.832112982017895
3.365869843,-4.856001652555791
3.36765629,-4.917614567677995
3.3697743790000003,-4.917614567677995
3.370720586,-4.961211496129411
3.372690689,-4.9429902587385905
3.374668443,-4.930289846837678
3.377258973,-4.922352089399608
3.378917883,-4.922352089399608
3.380625337,-4.912198461943206
3.3826303110000002,-4.905521530356776
3.3853970290000004,-4.8988822978821895
3.388151825,-4.885013213514141
3.388917547,-4.885013213514141
3.391367829,-4.910677931098868
3.3928098340000004,-4.910677931098868
3.3949676810000002,-4.936962589633904
3.398245884,-4.936585598515472
3.3995291290000003,-4.9506808775545785
3.4010567380000003,-4.9599339151169515
3.4027420900000003,-4.998487540161806
3.4056085740000004,-4.999291787881124
3.4071643760000003,-4.986097098736047
3.408787182,-4.965429607865631
3.410715956,-4.965429607865631
3.4141049650000004,-4.931923475017545
3.4153652340000002,-4.9341309674554665
3.416635197,-4.9341309674554665
3.4185801430000002,-4.965630669795461
3.4213479650000003,-5.029048953495927
3.4234877490000004,-5.035428480977816
3.425116147,-5.0402749112447545
3.427419613,-5.024876918451961
3.4295337310000003,-5.024876918451961
3.4310825740000004,-4.98555674479963
3.43263058,-4.98555674479963
3.434660388,-4.915997694658947
3.4372376630000003,-4.902547489311378
3.439304141,-4.930013386684163
3.4406212820000004,-4.9537973374669395
3.442661133,-4.976860816334494
3.44592657,-4.995061109774291
3.4482144160000003,-4.99114040214261
3.450218446,-4.972827011367284
3.4513598070000002,-4.972827011367284
3.45349393,-4.954199461326599
3.4552666820000004,-4.954199461326599
3.457171718,-4.939450731015546
3.458711972,-4.939450731015546
3.461293898,-4.970489666433013
3.4641769840000003,-4.96878901760987
3.465564714,-4.90759079271794
3.4683728,-4.836331093754115
3.469282783,-4.836331093754115
3.4730974310000002,-4.7761800664133816
3.4738296710000003,-4.7761800664133816
3.4761935540000004,-4.847996874474445
3.476834928,-4.920039877206566
3.480369195,-4.891887018240197
3.481303753,-4.83836684579364
3.483249255,-4.832971684009876
3.485574922,-4.832971684009876
3.487774243,-4.859021770293443
3.48912968,-4.859021770293443
3.491161194,-4.942374506578487
3.4928254930000002,-4.942374506578487
3.495299885,-4.925690555192823
3.4968974430000004,-4.925690555192823
3.5000687860000004,-4.880874688791813
3.5007336330000003,-4.880874688791813
3.5028750520000003,-4.970828958439601
3.505936032,-5.062739393113024
3.5076222830000003,-5.073525527890348
3.5098184310000002,-5.073525527890348
3.5107158110000003,-5.070827946998466
3.512893834,-4.9869139128259805
3.5152094330000003,-4.927227841197979
3.517224237,-4.884895927388408
3.5188476750000004,-4.884895927388408
3.5220336800000003,-4.856462419478318
3.5251115410000002,-4.913522119647918
3.525706623,-4.985887659225808
3.5268410610000003,-5.033974970776756
3.5291828360000004,-5.033974970776756
3.5322547620000004,-5.0451967397353785
3.533244969,-5.0451967397353785
3.534684457,-4.999907540041228
3.536825518,-4.930197693453172
3.538745934,-4.8941531537409855
3.54064654,-4.865330088341851
3.5425838410000003,-4.879923833415326
3.545940077,-4.934009492539529
3.5469722430000004,-4.985317983757957
3.549402771,-4.985317983757957
3.5507430970000002,-4.974050138107081
3.553174771,-4.974050138107081
3.5554835020000004,-4.871353568656333
3.5566907850000002,-4.827027790709284
3.558568761,-4.860789439759863
3.561414736,-4.900088669461168
3.5626867640000004,-4.902170498192946
3.5679526920000004,-4.886789260560971
3.567986619,-4.872731680633708
3.569280415,-4.872731680633708
3.57088646,-4.861145486927269
3.5733839350000003,-4.861145486927269
3.57557763,-4.868325073338273
3.5770939040000003,-4.868325073338273
3.578932081,-4.912483299677131
3.5808253490000004,-4.964043118307846
3.582916022,-4.957826953643943
3.5856230260000004,-4.930411321753617
3.5868616760000003,-4.935764595635335
3.589278884,-4.935764595635335
3.590832905,-4.932664890883792
3.592782263,-4.891660823569138
3.5960983430000004,-4.893952091811156
3.5971804190000003,-4.898982828847104
3.5987273550000003,-4.90219981972438
3.6006961950000003,-4.931056395445155
3.6042112580000003,-4.970908545453492
3.60780702,-4.9854855353661485
3.60783325,-4.968466480764101
3.6088831870000004,-4.936074566110488
3.611727043,-4.936074566110488
3.6132176620000003,-4.903908846127934
3.614689198,-4.903908846127934
3.617008255,-4.9130948630470295
3.618918545,-4.947623060705085
3.6207344760000004,-4.968487424715125
3.62263364,-4.983148190431877
3.625975513,-4.9834497833266225
3.627179346,-4.970736805055096
3.628789149,-4.970736805055096
3.630682068,-4.957265655756503
3.6330169740000002,-4.9412728547546285
3.634647873,-4.947363355712388
3.6365995570000003,-4.959535980047497
3.6386090230000003,-4.952854859670863
3.6406418960000004,-4.912340880810168
3.642526541,-4.886353626379674
3.645000666,-4.897784834848536
3.6476075120000004,-4.902643831486087
3.6489940940000003,-4.914699169695463
3.651210748,-4.914699169695463
3.654087833,-4.944104476933064
3.654989077,-4.924798342879203
3.656696735,-4.889905720473332
3.65875924,-4.875613568294601
3.6613754970000003,-4.871144129146095
3.6625903190000004,-4.871144129146095
3.6654613140000003,-4.853270561342271
3.667080168,-4.881209792008196
3.6691915780000004,-4.881209792008196
3.670935135,-4.851754219288138
3.672665283,-4.852726018615649
3.6752878860000004,-4.861677463283277
3.6767893550000004,-4.8623099706041994
3.678821568,-4.8741600580935405
3.680950279,-4.88192188634301
3.6829748510000004,-4.891899584610811
3.6886125180000002,-4.892251442988013
3.6892933230000002,-4.897939820086113
3.6904014540000003,-4.886873036365067
3.6911395540000003,-4.886873036365067
3.696857955,-4.873435397388112
3.6968729160000002,-4.873435397388112
3.6990366920000004,-4.901617577885915
3.6997720180000004,-4.901617577885915
3.700773501,-4.905869199943774
3.705268326,-4.905869199943774
3.706131882,-4.898806899658503
3.706853815,-4.898806899658503
3.708885512,-4.861547610786929
3.711947744,-4.861547610786929
3.713440668,-4.91083710512665
3.7151231910000004,-4.91083710512665
3.7166549700000004,-4.9579568061402925
3.7201100360000003,-4.984551435150482
3.7207583410000002,-4.962639873589244
3.72271989,-4.940397397601828
3.726269337,-4.914200703661094
3.7274903050000003,-4.883773331613526
3.728710604,-4.883773331613526
3.730889883,-4.902945424380833
3.7343239130000003,-4.9456627068892445
3.7349631490000004,-4.958220699923193
3.736743552,-4.948959284780411
3.7389010180000004,-4.929054153727266
3.7408933780000004,-4.884234098536052
3.744182544,-4.883605780005334
3.7454257550000003,-4.89918807956714
3.748351898,-4.926268608241083
3.7494469520000004,-4.926268608241083
3.7520375020000003,-4.936786660445303
3.7550576820000003,-4.955221526136567
3.757112252,-4.952465302181817
3.757929819,-4.956842587945819
3.7589259420000003,-4.956842587945819
3.760765972,-4.935601232817348
3.762947275,-4.857564071302177
3.765675694,-4.878294394025665
3.767056664,-4.878294394025665
3.7694136140000003,-4.904905778196673
3.7709558590000003,-4.904905778196673
3.7727802080000004,-4.887731738357049
3.775089223,-4.821196994744222
3.778534195,-4.791326731793889
3.779516257,-4.804998943022312
3.781596355,-4.832510917087349
3.7828555680000004,-4.85572938119248
3.786162367,-4.854116696963637
3.78690513,-4.855658171758999
3.788773393,-4.855658171758999
3.7906342480000004,-4.8759361051403705
3.7937185070000004,-4.897567017757887
3.7947259150000003,-4.943023769060229
3.796662822,-4.969547188636936
3.7985871810000003,-4.938085185408786
3.800890063,-4.914539995667681
3.802760627,-4.8734856628705705
3.8054851270000003,-4.853320826824728
3.809251305,-4.858251032895762
3.8100196220000004,-4.858251032895762
3.811155732,-4.882809909866424
3.8131395350000004,-4.882809909866424
3.8162701310000005,-4.885959880100424
3.818867828,-4.871106430034251
3.8194370030000004,-4.841416285062725
3.8207361050000004,-4.8115753436438276
3.8229948210000004,-4.830123306670622
3.827581679,-4.851364661799093
3.8276358810000004,-4.854414101068177
3.8291865400000002,-4.900892917180487
3.831028399,-4.900892917180487
3.832982846,-4.954325125032742
3.835319793,-4.994872614215074
3.836985787,-4.994872614215074
3.8400969550000004,-4.995538631857636
3.840912197,-4.9761445332094745
3.8433007430000004,-4.971675094060968
3.845372756,-4.942554624557293
3.8472933630000004,-4.918012502747449
3.849483568,-4.918012502747449
3.8508256060000003,-4.904516220707627
3.8554705320000004,-4.946236571147299
3.855498539,-4.946236571147299
3.857003638,-4.9564320865057505
3.858619683,-4.9564320865057505
3.861054331,-4.9901686028151
3.8639429420000004,-4.931915097437136
3.8649611750000004,-4.874038583177602
3.8669323,-4.874038583177602
3.869058265,-4.810653809798773
3.870689671,-4.810653809798773
3.8726556800000003,-4.795657940865638
3.8751021420000002,-4.838685193849204
3.8764917870000004,-4.838685193849204
3.8785965620000002,-4.801057291439609
3.880514649,-4.811156464623348
3.8825446710000002,-4.846271092910072
3.8852639300000003,-4.906786544998621
3.8881214620000004,-4.951945892196424
3.8895078130000003,-4.951945892196424
3.890635633,-4.95211763259482
3.8935375170000004,-4.933075392323861
3.895196587,-4.907079760312957
3.8971339570000003,-4.907079760312957
3.8986283790000003,-4.9033978137229495
3.901197797,-4.954681172200149
3.9028247940000003,-4.954681172200149
3.905754835,-4.947107839509896
3.907545186,-4.906748845886779
3.9088435790000005,-4.906748845886779
3.9107136340000004,-4.901345306522604
3.913234268,-4.924982649648214
3.914764463,-4.924982649648214
3.91674668,-4.942839462291219
3.9190227280000003,-4.907012739669681
3.9215121890000004,-4.907012739669681
3.9225764990000003,-4.920425245905406
3.927538809,-4.957320110029165
3.927611611,-4.958028015573774
3.9302721130000005,-4.949449373234371
3.931457748,-4.949449373234371
3.932612365,-4.940502117356948
3.934710159,-4.948829432284063
3.936859949,-4.949767721289935
3.9391180820000002,-4.949767721289935
3.940631467,-4.93055374062058
3.943969462,-4.891887018240197
3.944853558,-4.888770558327836
3.9478976570000004,-4.888770558327836
3.9487081170000002,-4.8827973434958105
3.9519306980000004,-4.8827973434958105
3.9529679640000004,-4.871688671872716
3.955207149,-4.8905256614236405
3.9566900100000004,-4.8947144516284276
3.959545416,-4.891652445988728
3.96070855,-4.887974688188926
3.9626589660000002,-4.884229909745847
3.9678625480000003,-4.899150380455296
3.9679217810000003,-4.939404654323294
3.9692124680000003,-4.939404654323294
3.9711916900000004,-4.955489608709673
3.972691546,-4.955489608709673
3.9748148320000003,-4.939668548106195
3.977023581,-4.849488083787349
3.9787776280000005,-4.849488083787349
3.981965396,-4.850317464247897
3.9834764450000004,-4.858946372069757
3.9850036990000004,-4.858946372069757
3.9886164680000005,-4.864835811097686
3.9893959740000002,-4.88827628108367
3.991367737,-4.88827628108367
3.993327819,-4.8698372266022005
3.995429166,-4.8698372266022005
3.99729341,-4.907490261753026
3.9988048000000003,-4.942169255858452
4.000867375,-4.953629785858748
4.00416945,-4.9404518518744895
4.0056117890000005,-4.908064126011081
4.006930253,-4.905207371091417
4.0093893000000005,-4.905207371091417
4.0122285820000005,-4.906501707264696
4.013554168000001,-4.929230082915867
4.014902314,-4.929230082915867
4.017102939,-4.949805420401778
4.019169293,-4.957651024455342
4.021050629,-4.9581201689582795
4.02344454,-4.945386246735728
4.026531004000001,-4.922657871084557
4.027237553,-4.922657871084557
4.028789133,-4.891765543324258
4.0315540940000005,-4.891765543324258
4.034044919,-4.931123416088431
4.036093253000001,-4.959762174718556
4.03793948,-4.967670610625192
4.038702199,-4.930691970697338
4.040848598,-4.899510616412908
4.043001457,-4.887488788525171
4.047852833,-4.887991443349745
4.0478753240000005,-4.914841588562426
4.048934715000001,-4.945294093351222
4.051040407,-4.945294093351222
4.0552752110000005,-4.961785360387466
4.0556138200000005,-4.961785360387466
4.056984548,-4.906304834125072
4.060594913,-4.903251206065782
4.0613968840000005,-4.89141787373726
4.064137419000001,-4.9060995834050365
4.0653786610000004,-4.9060995834050365
4.067787028000001,-4.949595980891538
4.069231039,-4.949595980891538
4.070735292,-4.946177928084433
4.0726948510000005,-4.929728548950236
4.075005875,-4.900675100089838
4.076907685,-4.886240529044144
4.078866554,-4.873372565535041
4.0807359420000004,-4.842555635998427
4.082704979,-4.813854045515231
4.08577829,-4.833620946491618
4.087756387000001,-4.876199998923272
4.0892244060000005,-4.876199998923272
4.09072481,-4.900113802202397
4.093027043,-4.930809256823071
4.095766097,-4.934285952693044
4.096736579,-4.940753444769234
4.09873518,-4.977644120102788
4.101047611,-4.991869251638243
4.103011155,-4.991869251638243
4.108941864,-5.0012144425851215
4.108953025,-4.959443826662991
4.110429836000001,-4.941762943208588
4.111439498,-4.941762943208588
4.1127685640000005,-4.9049225333574915
4.116274433,-4.880619172589321
4.117217944,-4.855260236689545
4.11903555,-4.855260236689545
4.12075408,-4.852365782658037
4.1234586040000005,-4.883350263802842
4.125764874000001,-4.858012271854089
4.127392368000001,-4.835673453691963
4.129420051,-4.835673453691963
4.131138407,-4.835279707412713
4.133025117,-4.851033747372916
4.134961995,-4.874423951876443
4.137273617,-4.871939999285003
4.13864081,-4.890194746997462
4.140644576000001,-4.896042298123345
4.145497278000001,-4.911750261391293
4.145556073,-4.911750261391293
4.14702914,-4.9168982845529765
4.1492218240000005,-4.9168982845529765
4.1507112070000005,-4.911100998909552
4.153086068,-4.89055079416487
4.155101168,-4.89055079416487
4.157278436,-4.903933978869162
4.158931956,-4.937599285745031
4.160743002,-4.933364418847991
4.162600643,-4.930532796669556
4.165999279,-4.919993800514313
4.168332787000001,-4.902853270996327
4.169420403,-4.902853270996327
4.170811092,-4.887048965553668
4.173209366,-4.887048965553668
4.174867564,-4.910183653854704
4.176725399,-4.903112975989023
4.178726663,-4.916140113525909
4.180623693,-4.9188083728863585
4.182748495,-4.933728843595808
4.18561698,-4.95398164423595
4.187157783,-4.948996983892254
4.189113496,-4.948996983892254
4.191983359,-4.920626307835236
4.193052101,-4.8790902641645735
4.194799703,-4.875483715798254
4.196673928,-4.878671385144096
4.1988530090000005,-4.917132856804445
4.201986759,-4.905584362209848
4.204783926,-4.869204719281278
4.209675386000001,-4.831639648724754
4.210099145,-4.844461535541605
4.2109400930000005,-4.878650441193072
4.211923132,-4.88660495379196
4.213506077,-4.88660495379196
4.214701865,-4.909387783715794
4.216848312000001,-4.937448489297657
4.220128592,-4.933645067791712
4.221876327,-4.936355215054209
4.224458054,-4.907465129011797
4.225741578,-4.862955044295736
4.227710645,-4.859876283495218
4.228826654000001,-4.859876283495218
4.232171152,-4.862016755289864
4.233088952,-4.8711776394677315
4.2348135870000005,-4.896222416102151
4.236727864000001,-4.896222416102151
4.239614058,-4.893851560846241
4.241359353,-4.8711106188244555
4.242673585,-4.8711106188244555
4.247667399,-4.878332093137508
4.24770419,-4.870385958119027
4.249032437,-4.872945308934152
4.250692853,-4.872945308934152
4.252903865,-4.8797479042267256
4.256408298,-4.877364482600202
4.257202305,-4.895171029760749
4.259168312,-4.910120822001632
4.260883000000001,-4.914703358485668
4.262859335,-4.950471438044339
4.268167751,-4.97192223268305
4.268185109,-4.974933972840291
4.269811096000001,-4.974933972840291
4.271162369000001,-4.9696602859724655
4.272721762000001,-4.9696602859724655
4.275653118,-4.952842293300248
4.276812583,-4.953948133914312
4.278630406,-4.953948133914312
4.280685602,-4.9592762750548
4.282681549,-4.953985833026155
4.286200859,-4.943199698248829
4.287677997,-4.934164477777106
4.289756666000001,-4.934164477777106
4.2909250960000005,-4.921895511267286
4.293189647,-4.921895511267286
4.2946953510000005,-4.903414568883769
4.296702012,-4.91917698642438
4.299063633,-4.931378932290922
4.300695711,-4.942139934327019
4.303455797000001,-4.913325246508293
4.305243055,-4.87758229969085
4.307110458,-4.870700117384387
4.3105431030000005,-4.877858759844367
4.311164518,-4.877858759844367
4.312722816,-4.896515631416485
4.314698647,-4.917685777111476
4.31799321,-4.909161589044736
4.32255622,-4.918594744585914
4.322633113,-4.938738636680732
4.323285053,-4.9426132676201595
4.32580822,-4.929745304111056
4.327005714,-4.927185953295932
4.3292607400000005,-4.927185953295932
4.331169818,-4.908277754311526
4.333957329,-4.908277754311526
4.336164233,-4.876727786489075
4.336925893,-4.92114571782063
4.338721414,-4.929167251062795
4.340657329,-4.950086069345498
4.34276047,-4.955401644115373
4.3452274420000006,-4.937708194290354
4.346856722,-4.925464360521765
4.3497348890000005,-4.925464360521765
4.352371317,-4.932049138723689
4.353495112,-4.932049138723689
4.354774819,-4.923018107042169
4.356716189,-4.934533091315127
4.358751369,-4.912872857166176
4.361512522,-4.900968315404173
4.367141417,-4.9206891396883075
4.367210962000001,-4.953776393515915
4.368030387,-4.984228898304712
4.368811052,-4.984228898304712
4.370871516,-4.9943238826982475
4.373769895000001,-4.9943238826982475
4.375059437,-5.002081522157512
4.3766375900000005,-5.002081522157512
4.378634605,-4.97544919403548
4.381139238,-4.933125657806318
4.383099981,-4.920810614604247
4.385713658,-4.920810614604247
4.387581666,-4.940213090832818
4.388658122000001,-4.940213090832818
4.391814082000001,-4.97937827924757
4.393065907,-4.97937827924757
4.394685299000001,-5.0230506059226725
4.396671812,-5.0226652372238325
4.398643959,-5.014342111086923
4.401285720000001,-5.003782170980656
4.402665972,-4.992216921225241
4.406313862,-4.970816392068987
4.407435540000001,-4.942676099473231
4.409441221000001,-4.942676099473231
4.4109780690000004,-4.910552267392725
4.4135826520000006,-4.908068314801286
4.414923086,-4.938173150003085
4.416747040000001,-4.9574248297842844
4.418717973000001,-4.983742998640958
4.420660342000001,-4.96701297056304
4.422682016,-4.925388962298078
4.42545987,-4.890563360535484
4.4269285410000005,-4.8646179940070375
4.4287975280000005,-4.8646179940070375
4.4306534950000005,-4.861664896912663
4.432992195000001,-4.937708194290354
4.4351062510000006,-4.970623707719566
4.436734124,-4.958044770734593
4.438647021,-4.940321999378141
4.440717335,-4.941302176286061
4.442642243,-4.940087427126674
4.445334288000001,-4.967356451359833
4.448667623,-4.989439753319467
4.449338254000001,-4.989439753319467
4.451361695,-4.986369370099358
4.452898356,-4.986369370099358
4.454616823,-4.917932915733558
4.456787009,-4.8714876099428865
4.458619554,-4.8662767549281325
4.4609740350000004,-4.89799846314898
4.465152114,-4.9213761012818935
4.465798956,-4.924727133445722
4.46705032,-4.929632206775526
4.469529234,-4.929632206775526
4.470818423,-4.958032204363979
4.473065174,-4.9561221160305955
4.475461684,-4.972634327017864
4.478680557000001,-4.982582703754232
4.479515065,-4.991655623337799
4.48068828,-4.995320814766988
4.484562908,-5.009592022994695
4.485957707,-5.001867893857068
4.486971364,-5.001867893857068
4.488879184,-4.995626596451936
4.4907906440000005,-4.995626596451936
4.492583185,-4.963506953161634
4.496561808,-4.920902767988752
4.497430855,-4.913970320199831
4.499067737,-4.926067546311253
4.500742849,-4.926067546311253
4.502918255,-4.94310335607412
4.505675181,-4.94310335607412
4.506957187,-4.993063056846607
4.509005763,-4.993063056846607
4.51077007,-4.988547541005848
4.512815602,-4.9535460100546524
4.514799576000001,-4.9535460100546524
4.518207032,-4.927948313113203
4.520770164,-4.948511084228499
4.522803865,-4.972052085179398
4.5236833370000005,-4.997582761477571
4.5252742360000004,-4.997582761477571
4.527101069,-5.017043880769009
4.5307673600000005,-5.017043880769009
4.5314748520000006,-5.023959573397112
4.533218994,-5.023959573397112
4.5348628820000005,-5.008624412457388
4.536968486,-4.946483709769382
4.53988718,-4.878168730319521
4.540624252000001,-4.878168730319521
4.544048534,-4.768753341380296
4.5461948020000005,-4.802573633493742
4.547533117,-4.909546957743577
4.54909251,-4.909546957743577
4.552986828,-4.9658778084175434
4.55338052,-4.9658778084175434
4.554742415000001,-4.919960290192674
4.556738087,-4.865183480684684
4.558772206,-4.90299568986329
4.560697524,-4.977522645186849
4.5627931440000005,-5.030716091997432
4.566376172,-5.059639688361481
4.567867829,-5.079335379904387
4.569211137,-5.079335379904387
4.572376177000001,-5.055584939443249
4.573550326,-5.055584939443249
4.5751647150000005,-4.950571969009253
4.577050765,-4.950571969009253
4.578857577,-4.864261946839631
4.581746357,-4.884053980557246
4.583144295,-4.884053980557246
4.586058904000001,-4.9412477220134
4.588287012,-4.994030667383913
4.589323447,-4.994030667383913
4.591193513,-4.976839872383469
4.5935889770000005,-4.908843240989172
4.595120147,-4.908843240989172
4.596761522,-4.896867489793688
4.598927254,-4.936501822711376
4.601099417,-4.936501822711376
4.602710334,-4.966095625508193
4.6064212840000005,-4.966095625508193
4.607840421000001,-5.0061739701875885
4.6088671560000005,-5.0061739701875885
4.610680038,-5.003652318484307
4.612952688,-4.952461113391612
4.615294077000001,-4.934880760902124
4.6168797150000005,-4.9045371646586515
4.618910965,-4.896017165382116
4.621147322000001,-4.888963242677256
4.622883002,-4.93036105627116
4.627762638,-4.961898457722996
4.6277811170000005,-4.972244769528819
4.6295435760000005,-4.945457456169209
4.630767675,-4.945457456169209
4.633189757,-4.903619819603803
4.635632719,-4.903619819603803
4.636894968,-4.801203899096776
4.638840256,-4.865300766810417
4.641214777,-4.8940191124544326
4.645976308000001,-4.878273450074642
4.645994145,-4.8831827121946505
4.648410921,-4.874679468078934
4.649444156,-4.874679468078934
4.650959735000001,-4.899334687224306
4.653620464,-4.9806809930012585
4.655325543,-4.9806809930012585
4.657257595,-4.958191378391761
4.658772936,-4.884585956913255
4.660794776,-4.858376696601906
4.66541638,-4.854552331144936
4.66618831,-4.878466134424061
4.668729105000001,-4.878466134424061
4.669786033,-4.918230319838098
4.671011418,-4.918230319838098
4.673604143,-4.900185011635878
4.67523915,-4.900185011635878
4.676623078,-4.9647677790132745
4.6786064000000005,-4.974045949316876
4.681259521,-4.966133324620035
4.682710843000001,-4.951757396637208
4.685489614000001,-4.951757396637208
4.68775325,-4.942391261739306
4.688802772000001,-4.942391261739306
4.690629228000001,-4.97918559489815
4.697192709,-4.9928494285461635
4.698608977,-4.9928494285461635
4.7003903220000005,-4.976873382705108
4.700405190000001,-4.976873382705108
4.70381315,-4.941302176286061
4.703870113000001,-4.941302176286061
4.7053754340000005,-4.897244480912119
4.70677649,-4.897244480912119
4.710380278000001,-4.9168103199586755
4.711267243,-4.9168103199586755
4.713417226000001,-4.972202881626771
4.714698047000001,-4.972202881626771
4.716993678000001,-4.909672621449719
4.718922309,-4.817058470021892
4.720746204,-4.817058470021892
4.723820283,-4.830906610438917
4.7247675760000005,-4.830906610438917
4.727280917,-4.970263471761955
4.728935508,-4.9838937950883295
4.731062198,-4.9838937950883295
4.732807077,-4.94683137935638
4.734643119,-4.94683137935638
4.736604959,-4.880141650505975
4.738946492,-4.894999289362353
4.740721784000001,-4.904650261994181
4.742615715,-4.906526840005925
4.747554992,-4.894232740754878
4.747811109000001,-4.873732801492651
4.7489372,-4.853789971327664
4.752095101,-4.853789971327664
4.753020366,-4.873862653989001
4.754827478,-4.873862653989001
4.757214223,-4.875136046211256
4.758621025,-4.875136046211256
4.7610998030000005,-4.866490383228577
4.762593944000001,-4.847804190125024
4.76580836,-4.847804190125024
4.767525712,-4.847561240293147
4.768533975,-4.847561240293147
4.770920822,-4.834404250259913
4.7725139180000005,-4.863972920315501
4.775110787,-4.896188905780512
4.776885826,-4.909911382491392
4.778457346000001,-4.932895274345056
4.7813844,-4.930025953054777
4.783133025000001,-4.9128644795857666
4.786010288,-4.9128644795857666
4.786974204000001,-4.893591855853545
4.789362732000001,-4.893591855853545
4.790773349,-4.957592381392476
4.792758264000001,-4.957592381392476
4.794720312,-4.965651613746484
4.797095024,-4.904101530477353
4.798907496,-4.893277696588186
4.801732621,-4.898635159260107
4.802604173000001,-4.901119111851545
4.805367383,-4.897776457268126
4.807414286,-4.904512031917423
4.809153147,-4.904512031917423
4.810785624,-4.917844951139258
4.812768524,-4.917844951139258
4.814692911000001,-4.916487783112907
4.81688028,-4.8956108527322515
4.8201498570000005,-4.876824128663785
4.821203607,-4.876824128663785
4.823506098,-4.880334334855395
4.824875658000001,-4.880334334855395
4.826745228,-4.867093569018066
4.828772694,-4.867093569018066
4.830905534,-4.871852034690703
4.832709176000001,-4.871852034690703
4.834734597000001,-4.917501470342465
4.836878096,-4.937239049787419
4.838586558,-4.9347383420351605
4.840676903,-4.925962826556134
4.842793842000001,-4.911938756950509
4.846026617000001,-4.911938756950509
4.847370544,-4.905178049559984
4.848802049000001,-4.905178049559984
4.850654926000001,-4.869552388868276
4.854606908,-4.898987017637309
4.855349572000001,-4.898987017637309
4.856689333,-4.882713567691714
4.858498987,-4.888812446229884
4.860621347,-4.893637932545797
4.86258805,-4.903330793079673
4.865831347,-4.903330793079673
4.867595415,-4.916793564797856
4.869570006,-4.916793564797856
4.870593359,-4.921656750225614
4.873451222,-4.909810851526478
4.87499189,-4.90044052783837
4.876660075,-4.884979703192505
4.87857166,-4.877666075494947
4.8807873630000005,-4.853886313502374
4.8826098490000005,-4.839728202610196
4.885496342000001,-4.839728202610196
4.887636870000001,-4.852684130713601
4.888766487000001,-4.852684130713601
4.890868274000001,-4.916764243266424
4.892573155,-4.916764243266424
4.894760881000001,-4.890693213031832
4.8965996060000005,-4.897939820086113
4.898701472,-4.929531675810612
4.900737437,-4.984710609178263
4.904441595000001,-4.984710609178263
4.907169103,-5.003166418820552
4.907757869,-4.981807777566345
4.9090400800000005,-4.974816686714558
4.911418393,-4.974816686714558
4.912886219000001,-4.952385715167926
4.914566215000001,-4.952385715167926
4.916666083,-4.91710353527301
4.918606803,-4.919273328599091
4.921033512,-4.938713503939504
4.922543301,-4.93436135091673
4.925658415,-4.915821765470346
4.926717893,-4.919608431815473
4.928602572,-4.919608431815473
4.932014544,-4.940405775182237
4.933088336,-4.908047370850262
4.935428317,-4.877833627103138
4.936610607,-4.850330030618511
4.941061543,-4.871826901949475
4.94107389,-4.901311796200966
4.943097314,-4.93742335655643
4.948608781,-4.9492231785633125
4.948620209,-4.943354683486407
4.949505463,-4.943354683486407
4.951158039,-4.9325015280658056
4.952616572,-4.9325015280658056
4.955203019000001,-4.917145423175058
4.956715916,-4.917145423175058
4.958622167000001,-4.92466430159265
4.960575468,-4.8964695547242325
4.962770948,-4.903695217827489
4.965637844000001,-4.9172543317203825
4.966656260000001,-4.9172543317203825
4.969170538,-4.922804478741725
4.970750259,-4.922804478741725
4.972521888,-4.9000970470415774
4.975471051,-4.903762238470765
4.9769745510000005,-4.909764774834225
4.978788474,-4.916211322959391
4.981252447,-4.916211322959391
4.982795297,-4.90680330015944
4.986647824,-4.92142636676435
4.9876969970000005,-4.946450199447744
4.989273368,-4.946450199447744
4.991985559000001,-4.96054547848685
4.9930491450000005,-4.96054547848685
4.994495479,-4.966941761129559
4.996543713,-4.907486072962821
4.9988442840000005,-4.892875572728526
5.002741793,-4.9082609991507065
5.003692637,-4.935190731377278
5.005017489,-4.958145301699507
5.006784029,-4.979114385464668
5.00984369,-4.979114385464668
5.011551696000001,-4.95252813403489
5.01270786,-4.95252813403489
5.014643453000001,-4.896100941186211
5.017673517,-4.9394381646449315
5.018576295,-4.9394381646449315
5.020882685,-4.973957984722576
5.022660501000001,-4.970431023370145
5.025581412,-4.967046480884679
5.0266984830000006,-4.9426425891515935
5.029223276000001,-4.9426425891515935
5.030775911,-4.955045596947966
5.0325263940000005,-4.955045596947966
5.034557509,-4.979269370702245
5.036572506000001,-4.995245416543301
5.039193469000001,-4.985745240358845
5.040704572,-4.985745240358845
5.043647463,-4.973476273849025
5.0449774210000005,-4.9411765125799185
5.046921220000001,-4.9411765125799185
5.048744511000001,-4.9046712059452044
5.051101118,-4.9046712059452044
5.052855659,-4.8741600580935405
5.055252768,-4.8741600580935405
5.057610791,-4.898765011756455
5.058625045,-4.898765011756455
5.060604402,-4.915101293555122
5.062518745,-4.874390441554803
5.066061767,-4.874428140666647
5.067035542,-4.874428140666647
5.069020444,-4.89063875875917
5.070615855000001,-4.956901231008686
5.073247439,-4.956901231008686
5.0747142730000006,-4.991203233995681
5.076551802,-4.999735799642831
5.079923613,-4.989276390501479
5.080781851,-4.957265655756503
5.082726996,-4.957265655756503
5.086231659,-4.889021885740123
5.087083509,-4.889021885740123
5.089019647000001,-4.757116882191399
5.091034266,-4.757116882191399
5.092752155,-4.817217644049674
5.0951794360000005,-4.929715982579622
5.096558787,-4.900578757915127
5.098765999,-4.882550204873728
5.100547401,-4.858238466525147
5.102596891,-4.831928675248885
5.106967282,-4.848432508655742
5.108414742,-4.889612505158998
5.109132923000001,-4.911653919216584
5.110941805,-4.911653919216584
5.112701964,-4.912298992908121
5.115521858,-4.912298992908121
5.118199234,-4.952482057342636
5.119607816,-4.991793853414556
5.120573082,-5.01770989841157
5.12311017,-5.02084311348475
5.125728840000001,-5.0288981570485545
5.127335037,-5.011912612768146
5.129212499,-5.011912612768146
5.130641891000001,-4.99741520986938
5.132628569,-4.99741520986938
5.136165053,-4.9468397569367895
5.13825889,-4.8747297335613915
5.1481466650000005,-4.815068794674619
5.1481855780000005,-4.8073865534390405
5.148219998,-4.854497876872273
5.1482484070000005,-4.908797164296919
5.149309872,-4.89958182584639
5.150010061000001,-4.89958182584639
5.152212991000001,-4.850392862471582
5.153170985,-4.792859829008841
5.155138664000001,-4.792859829008841
5.1572360360000005,-4.8451149868135515
5.158684862,-4.952586777097756
5.160593165000001,-4.958308664517494
5.162543207000001,-4.945453267379005
5.167285049,-4.967159578220207
5.168204589,-4.9539900218163595
5.169107176000001,-4.9539900218163595
5.171196372000001,-4.946069019539109
5.1726123170000005,-4.913639405773653
5.1760996640000005,-4.887731738357049
5.178007647,-4.883333508642022
5.178883103,-4.870645663111724
5.1812622930000005,-4.864358289014341
5.182612506,-4.8558173457867815
5.185449868,-4.868710442037113
5.186747386,-4.857957817581426
5.189632858,-4.857957817581426
5.191748797000001,-4.817783130727321
5.193062712000001,-4.817783130727321
5.194553831,-4.834634633721176
5.196873332,-4.884246664906666
5.20002293,-4.9044492000643505
5.2010603170000005,-4.9383281352406625
5.2028094650000005,-4.952871614831682
5.207461071,-4.981246479678905
5.207476216000001,-5.001796684423587
5.209129784,-5.001796684423587
5.210878078,-4.981405653706687
5.212693951,-4.9171663671260815
5.214892923000001,-4.895481000235903
5.216504957000001,-4.895481000235903
5.218871451,-4.8873798799798465
5.220579885,-4.8873798799798465
5.2237674400000005,-4.914016396892083
5.225940422000001,-4.914016396892083
5.226678843,-4.899238345049596
5.228758787,-4.899238345049596
5.230882867,-4.904851323924011
5.232582701,-4.877155043089964
5.234563852,-4.886349437589469
5.236939431000001,-4.89220536629576
5.23860773,-4.89220536629576
5.241157261000001,-4.876120411909381
5.242795995000001,-4.910946013671975
5.245298451,-4.924094626124799
5.246719852,-4.922745835678858
5.24911916,-4.922745835678858
5.250606424,-4.933490082554135
5.252593023,-4.933490082554135
5.2551471770000004,-4.929514920649793
5.256486570000001,-4.9513175736657065
5.258447294000001,-4.933221999981028
5.262213485,-4.909492503470914
5.263535311,-4.904294214826773
5.265589157,-4.905952975747869
5.266775656,-4.907138403375823
5.2690031390000005,-4.907138403375823
5.271911502,-4.923742767747597
5.274828704,-4.90798453899719
5.275439891,-4.891966605254087
5.279034790000001,-4.886814393302201
5.279990089,-4.878780293689419
5.280795376,-4.852667375552781
5.284473917000001,-4.8624063127789094
5.285820502,-4.912680172816756
5.287594941,-4.937699816709945
5.288825629000001,-4.937699816709945
5.291981923000001,-4.971901288732026
5.293052667,-4.984283352577375
5.297773565,-4.972969430234247
5.297808164,-4.972969430234247
5.298680119,-4.96241786770839
5.30054739,-4.9416582234534685
5.302478447,-4.942981881158181
5.305732341000001,-4.943350494696203
5.307086784,-4.934365539706935
5.309212374,-4.934365539706935
5.310638663000001,-4.871776636467017
5.313285949,-4.8504431279540405
5.314808253000001,-4.8504431279540405
5.31660831,-4.897432976471333
5.318674569000001,-4.895342770159146
5.320700235,-4.865221179796526
5.322657467,-4.822022186414564
5.327189293,-4.81033546174321
5.327851949,-4.81033546174321
5.330174845,-4.9095260137925525
5.331183908000001,-4.9095260137925525
5.332764847,-4.974921406469677
5.334709076,-4.970761937796324
5.336702140000001,-4.970761937796324
5.339339527,-4.933067014743451
5.34063919,-4.9396727368964
5.342551173,-4.954400523256429
5.345624054,-4.957257278176092
5.347495282000001,-4.957257278176092
5.349328628,-4.955108428801037
5.350832771,-4.886755750239333
5.352885476,-4.86760460142305
5.355325051,-4.885737874219569
5.357856509,-4.905768668978858
5.359750529,-4.906966662977427
5.36090747,-4.906966662977427
5.363215856,-4.920161352122505
5.364967643,-4.920161352122505
5.36768336,-4.910141765952655
5.3686627300000005,-4.920684950898102
5.372422481,-4.930926542948805
5.372907189,-4.930926542948805
5.375369035,-4.938525008380288
5.377549039000001,-4.938525008380288
5.379063853,-4.954748192843426
5.380592426000001,-4.954748192843426
5.382510757,-4.8926870771693105
5.385821310000001,-4.91014595474286
5.386851752,-4.91014595474286
5.389121794,-4.911528255510439
5.390553752000001,-4.911528255510439
5.3928205170000005,-4.915976750707923
5.394611746000001,-4.902543300521173
5.396875492,-4.902543300521173
5.3991337690000005,-4.911863358726823
5.400565022,-4.913718992787543
5.402715668,-4.932535038387443
5.405600886,-4.959108723446608
5.407018711,-4.959108723446608
5.409054531000001,-4.959720286816507
5.410526628,-4.959720286816507
5.4128915300000005,-4.92347468517449
5.414668957,-4.927462413449447
5.4165476130000005,-4.934231498420383
5.4186745400000005,-4.943610199688899
5.42113811,-4.9393041233583785
5.423575822,-4.9303107907887025
5.425456675,-4.950961526498299
5.427167275,-4.950961526498299
5.429228161,-4.962861879470097
5.430615547,-4.962861879470097
5.4330398550000005,-4.939869610036024
5.43605714,-4.921334213379844
5.436875712,-4.906761412257393
5.438656218,-4.942550435767088
5.440577975,-4.96036117171784
5.447369428,-4.964013796776413
5.4474253930000005,-4.9458553912386645
5.448125930000001,-4.9458553912386645
5.448939629000001,-4.952121821385025
5.4513836200000005,-4.939538695609847
5.452860242000001,-4.939538695609847
5.4550895420000005,-4.9688686046237605
5.456506589,-4.9688686046237605
5.45846448,-4.962773914875797
5.460809541000001,-4.930005009103753
5.462774574,-4.931357988339898
5.467551846,-4.925879050752038
5.467576803,-4.950559402638639
5.469853002000001,-4.978997099338934
5.470698087000001,-4.978997099338934
5.474747937,-4.9766178665026155
5.476204331,-4.940627781063091
5.477284182,-4.902384126493391
5.478604072,-4.902384126493391
5.481204154,-4.880736458715055
5.484541475,-4.895238050404026
5.486509379,-4.906057695502989
5.4877180690000005,-4.906057695502989
5.489349778,-4.8982456017710625
5.492098235,-4.8929090830501645
5.492906188,-4.888309791405309
5.495374085,-4.879098641744983
5.496814112,-4.903624008394008
5.498657420000001,-4.94073250081821
5.500677401,-4.959024947642512
5.502653182,-4.975197866623193
5.505707212,-4.973170492164076
5.507383595,-4.959091968285788
5.508728985,-4.959091968285788
5.510750012,-4.922770968420086
5.512838697,-4.891979171624702
5.515115206,-4.8904293192489305
5.516578356,-4.905085896175478
5.518867093000001,-4.925908372283471
5.520538379,-4.919922591080832
5.522500101,-4.89840058700864
5.525251001,-4.887983065769336
5.528395531,-4.905303713266127
5.529504151,-4.905303713266127
5.530568904000001,-4.91260477459307
5.5329767290000005,-4.943945302905282
5.535073422,-4.920483888968273
5.536759321000001,-4.920483888968273
5.538480166,-4.906124716146266
5.540518849000001,-4.926662354520333
5.583905211,-4.928279227539381
5.583963528,-4.969727306615742
5.584008171000001,-4.973953795932371
5.586056512000001,-4.9627529709247735
5.5860916540000005,-4.918724597082263
5.586119833000001,-4.892201177505555
5.5861518210000005,-4.900800763795982
5.5861775510000005,-4.912089553397881
5.586209398,-4.94857391608157
5.590237934,-4.956155626352234
5.590271348,-4.932371675569457
5.590297265,-4.907716456424085
5.590325121,-4.896712504556111
5.590361295,-4.905333034797561
5.590379723000001,-4.906719524355345
5.593870804000001,-4.9056178725314865
5.593899481,-4.914196514870889
5.593929676,-4.903816692743428
5.5939533180000005,-4.875069025567979
5.596149615000001,-4.86623067823588
5.596177966,-4.882252800769188
5.596202106000001,-4.889821944669237
5.596225883000001,-4.872966252885176
5.596258064000001,-4.870272860783499
5.596281015000001,-4.870272860783499
5.596299465,-4.8853734494717544
5.597281984,-4.8853734494717544
5.597857777000001,-4.93496453670622
5.600479077,-4.944602942967433
5.60129447,-4.944602942967433
5.604696299,-4.926369139205998
5.605244916,-4.926369139205998
5.607061822,-4.9306584603756995
5.6091144690000005,-4.9306584603756995
5.611445275,-4.9583421748391325
5.613543895,-4.956524239890256
5.614668616,-4.956524239890256
5.617320846,-4.90946318193948
5.619129646,-4.884979703192505
5.620462902000001,-4.881079939511847
5.622619501,-4.9027024745489545
5.625265295,-4.923650614363091
5.627480381000001,-4.9034648343662255
5.628699190000001,-4.9034648343662255
5.631073822,-4.899397519077378
5.63274684,-4.914087606325564
5.634652291,-4.914087606325564
5.636645473000001,-4.909634922337877
5.638563395,-4.934139345035877
5.640566231,-4.941172323789713
5.6424605450000005,-4.937251616158033
5.646477359,-4.968881170994376
5.6471141650000005,-4.968881170994376
5.648709224,-4.978134208556748
5.650887954000001,-4.978134208556748
5.653326591000001,-4.963008487127264
5.654857195,-4.950676688764373
5.656529145,-4.936866247459193
5.6585692110000005,-4.947535096110784
5.660616558,-4.958162056860327
5.662632062,-4.96917438630871
5.6667598450000005,-4.981183647825833
5.667360365,-4.981832910307575
5.668863659,-4.981832910307575
5.670900969000001,-4.979692438512929
5.672762625000001,-4.979692438512929
5.674672663,-4.960105655515348
5.6767462890000004,-4.926670732100742
5.679689730000001,-4.9216441838549985
5.680630893,-4.925414095039307
5.68263062,-4.953244417159908
5.685279869,-4.953969077865336
5.687181358,-4.969484356783864
5.688902877,-4.969484356783864
5.690622474,-4.956704357869061
5.694835064,-4.911942945740714
5.696065375000001,-4.921401234023121
5.698164929000001,-4.921401234023121
5.699991334000001,-4.9287860711541605
5.7013474660000005,-4.9287860711541605
5.702683468,-4.9631173956725885
5.705264895,-4.9571651247915876
5.707205185,-4.9571651247915876
5.71010286,-4.946550730412659
5.712057104,-4.946550730412659
5.714157352,-4.944703473932348
5.715115731,-4.963469254049791
5.716554628,-4.963469254049791
5.718644252000001,-4.9833534411519125
5.720824545,-4.9890753285716505
5.723979247,-4.96878064002946
5.725344909,-4.952088311063386
5.7265119030000005,-4.924140702817051
5.72907901,-4.924140702817051
5.73059296,-4.920768726702199
5.733539411000001,-4.923566838558996
5.734647958,-4.923566838558996
5.737533526,-4.916450084001063
5.73860274,-4.906011618810736
5.74115874,-4.878189674270545
5.7427042870000005,-4.887195573210835
5.745708799,-4.887195573210835
5.7471098650000005,-4.900289731390998
5.749198231,-4.900289731390998
5.751095774,-4.874369497603779
5.752860616,-4.922054685295068
5.75503778,-4.922054685295068
5.756829957000001,-4.942868783822652
5.758555261000001,-4.994256862054971
5.762567979,-4.993155210231112
5.7635310980000005,-4.982561759803208
5.765427927,-4.979097630303849
5.7681988340000006,-4.971226893509055
5.769102525,-4.971226893509055
5.770577878,-4.946337102112215
5.773512248,-4.946337102112215
5.775129896,-4.937507132360525
5.777459613,-4.937507132360525
5.779915707000001,-4.956951496491143
5.7813142740000005,-4.983734621060548
5.78257662,-4.981929252482284
5.7892740730000005,-4.974033382946263
5.789307385000001,-4.946990553384162
5.790040192,-4.946990553384162
5.792022286000001,-4.926566012345623
5.793219743000001,-4.926566012345623
5.795156897,-4.932999994100175
5.7971737590000005,-4.982679045928942
5.799158097,-4.982679045928942
5.800620233,-5.002567421821267
5.802507911,-4.998843587329213
5.806011066,-4.975629312014286
5.807021317,-4.958032204363979
5.809049241,-4.958032204363979
5.810673102,-4.909852739428525
5.813187245,-4.909852739428525
5.814890812000001,-4.844750562065735
5.816733013,-4.844750562065735
5.818513002,-4.913187016431535
5.821447627,-4.980421288008562
5.822548531000001,-5.002722407058844
5.825783344,-4.99417727504108
5.827479735000001,-4.973890964079299
5.829586806,-4.973890964079299
5.830935161,-4.962455566820233
5.832633788000001,-4.962455566820233
5.834610565,-4.935136277104616
5.8367555620000005,-4.959326540537257
5.838556564,-4.9777949165501605
5.841094346,-4.991655623337799
5.842528849000001,-4.996150195227535
5.845183002000001,-4.98967851436114
5.847420594000001,-4.9576133253435
5.8490680390000005,-4.9576133253435
5.852151481,-4.915113859925737
5.854230393,-4.829830091356286
5.855415053000001,-4.851335340267659
5.860820229000001,-4.851335340267659
5.860850881,-4.917861706300077
5.861962865000001,-4.96702134814345
5.862688448,-4.941092736775823
5.865103361,-4.906736279516164
5.866741863000001,-4.8909319740735056
5.86989372,-4.8909319740735056
5.87111639,-4.919847192857146
5.872582562000001,-5.02056246454103
5.874674972,-5.0288311364052785
5.876736684,-5.03212352550624
5.878568618,-5.03516039840471
5.880538872000001,-5.035872492739524
5.882757497,-5.019041933696693
5.886678227,-5.005495386174412
5.8873597570000005,-5.005495386174412
5.889180777,-5.000724354131162
5.891099383,-5.000724354131162
5.8930750220000006,-4.952038045580929
5.895001306,-4.952038045580929
5.897417192000001,-4.92701840168774
5.898827358,-4.92701840168774
5.900637473000001,-4.942621645200569
5.902486258000001,-4.951451614952259
5.9073477830000005,-4.943714919444019
5.907374777,-4.943714919444019
5.910022119000001,-4.957366186721417
5.911035214,-4.957366186721417
5.912619907000001,-4.945813503336617
5.914632873,-4.92407787096398
5.917093703,-4.92407787096398
5.919530899000001,-4.921740526029709
5.922366049000001,-4.950953148917889
5.922976654,-4.971226893509055
5.927049086,-4.943773562506886
5.928343635,-4.936359403844413
5.9293682190000006,-4.91376925827
5.931223013,-4.91376925827
5.934488764,-4.906015807600941
5.935156457000001,-4.906015807600941
5.93654316,-4.927542000463339
5.938551876,-4.92104099806551
5.940610009,-4.917811440817619
5.944309309,-4.913044597564573
5.945143769,-4.876053391266104
5.948237452000001,-4.866234867026084
5.9492564450000005,-4.866234867026084
5.950682552,-4.880087196233314
5.95264196,-4.880087196233314
5.955760951,-4.865514395110861
5.957059657,-4.872681415151251
5.958740727,-4.882847608978267
5.960583636,-4.893901826328699
5.963624708,-4.9201110866400475
5.9670850070000006,-4.946915155160475
5.967769371,-4.965861053256725
5.968800725,-4.965861053256725
5.971985183,-4.996841345611324
5.973229863,-4.996841345611324
5.975339506,-5.013177627409991
5.977077145,-5.013177627409991
5.978899586000001,-4.970535743125266
5.980560185000001,-4.88447704836793
5.98253752,-4.883002594215844
5.985768588,-4.913974508990035
5.986727232000001,-4.94487102554054
5.989416001,-4.94487102554054
5.992622301,-4.961383236527808
5.993567428,-4.922507074637185
5.994911018000001,-4.871181828257937
5.997074218000001,-4.871181828257937
5.998605966,-4.8514274936521655
6.000805268000001,-4.86153085562611
6.002779331,-4.8598888498658335
6.007391313,-4.879831680030821
6.007756065000001,-4.899330498434102
6.0093279200000005,-4.899330498434102
6.0123031970000005,-4.896456988353619
6.013842325000001,-4.896456988353619
6.0148941140000005,-4.893591855853545
6.016936762,-4.8472177594963535
6.019525283,-4.8395564622118
6.021114159000001,-4.8395564622118
6.022704133,-4.830973631082193
6.026339173,-4.817875284111826
6.027600432000001,-4.83308897013561
6.028753104000001,-4.83308897013561
6.030609685,-4.851331151477455
6.032621729000001,-4.840000473973507
6.0347005760000005,-4.842920060746244
6.036686565,-4.851151033498649
6.040351098,-4.844423836429761
6.041251209,-4.872928553773334
6.043829166,-4.872928553773334
6.046952502000001,-4.876962358740543
6.047699044000001,-4.854016165998722
6.049635623,-4.8475570515029425
6.050689247,-4.8475570515029425
6.0541511020000005,-4.840792155322212
6.055149668,-4.8513102075264305
6.056787374000001,-4.858628024014193
6.058560638,-4.873778878184905
6.061548490000001,-4.881771089895637
6.062900589000001,-4.90219981972438
6.065670092,-4.891665012359343
6.066659294000001,-4.855235103948315
6.06873132,-4.855235103948315
6.0705568350000005,-4.8281797080156
6.072795531000001,-4.907833742549818
6.07536566,-4.914644715422801
6.0766229670000005,-4.9002813538105885
6.078592341,-4.891694333890776
6.081066955000001,-4.8656987018798725
6.084279673,-4.854908378312342
6.085481062,-4.8851891427027425
6.087283623,-4.902916102849399
6.0895877160000005,-4.902916102849399
6.091276859000001,-4.903682651456874
6.0928309490000006,-4.903682651456874
6.094936897,-4.922151027469778
6.096888622000001,-4.963653560818802
6.098671974,-4.983374385102936
6.100693489,-4.990068071850184
6.2191988380000005,-4.96407243983928
6.219229587,-4.9133461904593165
6.2192502780000005,-4.859805074061738
6.221118813,-4.8209247233809105
6.2211589410000006,-4.79965823551121
6.221184776,-4.844214396919523
6.22121317,-4.880677815652188
6.221242811000001,-4.880677815652188
6.2258762160000005,-4.869263362344145
6.225914859,-4.851000237051276
6.22594953,-4.851000237051276
6.225977897000001,-4.867227610304619
6.226003183,-4.887622829811724
6.226027784,-4.892628434106444
6.226403194,-4.88691073547691
6.226430135,-4.8854697916464636
6.227191237,-4.908973093485519
6.227216699,-4.9257659534165095
6.228246379000001,-4.91633279787533
6.228274944000001,-4.92153108651947
6.228299123,-4.932279522184952
6.229690261,-4.9404895509863325
6.229704411,-4.9506515560231446
6.229717622000001,-4.968474858344511
6.231230373000001,-4.950609668121097
6.231270826,-4.921811735463191
6.231308623,-4.899828964468472
6.231338307000001,-4.912537753949794
6.231368036,-4.911972267272147
6.231866134000001,-4.910305128770641
6.233121777,-4.901328551361785
6.233163442,-4.892557224672962
6.233195022,-4.856378643674223
6.233227162,-4.853815104068893
6.234509548,-4.881670558930722
6.234537592000001,-4.931303534067236
6.234559806,-4.931303534067236
6.236180642000001,-4.931303534067236
6.236213466000001,-4.931303534067236
6.236244545000001,-4.954852912598546
6.236271761,-4.954852912598546
6.236295774,-4.954852912598546
6.237814424000001,-4.903439701624997
6.237847905000001,-4.903439701624997
6.237870345,-4.903439701624997
6.238404522000001,-4.863801179917104
6.239262798,-4.863801179917104
6.239282317000001,-4.863801179917104
6.242347941,-4.866670501207382
6.242385651,-4.866670501207382
6.242419969,-4.866670501207382
6.242941361000001,-4.893374038762896
6.2429704710000005,-4.893374038762896
6.246389244,-4.893374038762896
6.247667453,-4.893374038762896
6.247696659000001,-4.915503417414782
6.247721492,-4.915503417414782
6.247744453,-4.915503417414782
6.248265177,-4.892988670064055
6.248293136,-4.892988670064055
6.2490309250000005,-4.892988670064055
6.250420194,-4.8872165171618605
6.251468261,-4.8872165171618605
6.252055931,-4.8872165171618605
6.25208003,-4.8872165171618605
6.253203118,-4.878700706675529
6.253876411,-4.878700706675529
6.253895939,-4.878700706675529
6.254627062,-4.878700706675529
6.254651920000001,-4.854409912277972
6.255470565,-4.854409912277972
6.256391984,-4.854409912277972
6.257060115000001,-4.884439349256086
6.258491352,-4.884439349256086
6.259087575000001,-4.884439349256086
6.259509690000001,-4.934231498420383
6.260332114000001,-4.934231498420383
6.2603675270000005,-4.934231498420383
6.260878673000001,-4.934231498420383
6.261724222000001,-4.978134208556748
6.262797292,-4.978134208556748
6.267963119,-4.993037924105378
6.267995249,-4.993037924105378
6.270220267,-4.979319636184703
6.271245373,-4.979319636184703
6.274041766000001,-4.959737041977326
6.274778080000001,-4.910342827882485
6.276762442000001,-4.895300882257097
6.280034552,-4.865011740286287
6.2826112190000005,-4.849555104430625
6.284023663,-4.865681946719053
6.285544862,-4.910091500470198
6.289668468,-4.924618224900397
6.289936674000001,-4.924618224900397
6.291029567000001,-4.945516099232076
6.2925964400000005,-4.879316458835633
6.294727084000001,-4.8516578771134276
6.296900227,-4.863750914434647
6.298866532000001,-4.9010520912082685
6.301222977,-4.936443179648509
6.304233229,-4.96056223364767
6.305504245000001,-4.974448073176537
6.4234890170000005,-4.978833736520947
6.42352067,-4.978833736520947
6.425936202000001,-4.978448367822107
6.425967743,-4.984794384982359
6.426015122000001,-4.977087011005552
6.426038815,-4.964399165475253
6.426061862,-4.931085716976588
6.426092032000001,-4.910020291036717
6.426122784,-4.878273450074642
6.426777267,-4.865954218082364
6.427528588,-4.886663596854827
6.427557844000001,-4.898249790561267
6.429201968,-4.903607253233188
6.4292330600000005,-4.90516548318937
6.42925736,-4.905764480188654
6.429280789000001,-4.900608079446562
6.431614992,-4.9018437725569735
6.431646508,-4.905622061321691
6.431671084,-4.899330498434102
6.431699973000001,-4.8994812948814745
6.431725422,-4.924605658529783
6.431748411,-4.94425108459023
6.431766863,-4.936694507060797
6.4338989170000005,-4.929707604999212
6.433937227,-4.911046544636889
6.433962371000001,-4.882608847936594
6.433987415000001,-4.873690913590604
6.434010461000001,-4.898987017637309
6.434033416,-4.9077499667457225
6.436357389,-4.902782061562846
6.436392905000001,-4.91809208976134
6.4364173650000005,-4.9284467791475715
6.43644071,-4.924446484502001
6.4364645000000005,-4.9158552757919844
6.43649377,-4.908746898814462
6.4365178180000004,-4.89966141286028
6.438376043000001,-4.89966141286028
6.438408041000001,-4.89966141286028
6.438431729,-4.825071625683649
6.43845473,-4.825071625683649
6.438477635000001,-4.867633922954483
6.438512671000001,-4.867633922954483
6.4404596960000005,-4.867633922954483
6.440487790000001,-4.867633922954483
6.4405077760000005,-4.916667901091713
6.440527446000001,-4.916667901091713
6.440552333,-4.916667901091713
6.441967984000001,-4.916667901091713
6.441997985,-4.951757396637208
6.442024933000001,-4.951757396637208
6.442050458000001,-4.951757396637208
6.442078540000001,-4.951757396637208
6.44265454,-4.965165714082729
6.442682377000001,-4.965165714082729
6.447154661000001,-4.965165714082729
6.447182398000001,-4.965165714082729
6.448326655000001,-4.943555745416236
6.4483504830000005,-4.943555745416236
6.449652412000001,-4.943555745416236
6.4496773670000005,-4.943555745416236
6.449699122,-4.925187900368248
6.449720018000001,-4.925187900368248
6.514285167000001,-4.925187900368248
6.514317462,-4.925187900368248
6.514338132000001,-4.92329875598589
6.514357726,-4.92329875598589
6.514376510000001,-4.92329875598589
6.5143953340000005,-4.947924653599828
6.514414245,-4.947924653599828
6.514432811000001,-4.947924653599828
6.514452575,-4.96957651016837
6.514475491000001,-4.96957651016837
6.516285946,-4.96957651016837
6.51632408,-4.942588134878931
6.516348264,-4.942588134878931
6.516378727,-4.942588134878931
6.516397415,-4.899824775678267
6.516416229000001,-4.899824775678267
6.51749138,-4.876308907468596
6.517523287,-4.861388436759147
6.517547921,-4.864865132629119
6.517567349,-4.885666664786089
6.518577466,-4.8936044222241595
6.518612235,-4.914644715422801
6.518636353000001,-4.929070908888085
6.520495974,-4.949738399758502
6.520530977000001,-4.960821938640366
6.520575617,-4.985033146024032
6.520599536000001,-4.988811434788749
6.520623165000001,-4.954111496732298
6.537645715,-4.917861706300077
6.5376804360000005,-4.885046723835781
6.53771008,-4.874398819135213
6.5377397230000005,-4.8706959285941815
6.537766698,-4.899372386336149
6.5377939220000005,-4.933041882002223
6.539844118,-4.946575863153888
6.539874040000001,-4.94505533230955
6.539901739,-4.925523003584631
6.539932977,-4.907494450543231
6.5399626710000005,-4.8900523281305
6.539990132000001,-4.889997873857838
6.541947642,-4.90064996734861
6.541998668000001,-4.90064996734861
6.542072781000001,-4.90064996734861
6.542094861000001,-4.90064996734861
6.542118233,-4.931986306870616
6.542138055000001,-4.931986306870616
6.5443662620000005,-4.931986306870616
6.544411807,-4.971784002606292
6.544451056000001,-4.971784002606292
6.54448627,-5.003782170980656
6.5445194120000005,-5.008063114569947
6.544554207,-4.985008013282803
6.544580637,-4.950107013296522
6.547100443000001,-4.950107013296522
6.547146637,-4.929079286468494
6.547180545000001,-4.929079286468494
6.547210437,-4.9040345098340765
6.547233987,-4.932338165247818
6.548269472,-4.942366128998077
6.549579359,-4.9447663057854205
6.551316017,-4.9447663057854205
6.552759243000001,-4.923977339999065
6.554618385,-4.923977339999065
6.557115287,-4.8897926231378035
6.582335726,-4.884673921507554
6.58236577,-4.916797753588061
6.582382291,-4.947744535621023
6.582398036000001,-4.947744535621023
6.582413420000001,-4.962283826421836
6.582444721000001,-4.979273559492451
6.583674791,-4.952260051461783
6.583694556,-4.927407959176785
6.583711726000001,-4.89321067594491
6.583723324,-4.867818229723494
6.585481035000001,-4.877825249522728
6.585495890000001,-4.936388725375847
6.585508076,-4.951183532379153
6.587512373,-4.923985717579474
6.5891118550000005,-4.906501707264696
6.5896258880000005,-4.906501707264696
6.590756156,-4.919068077879055
6.592987317,-4.939500996498004
6.594691752,-4.941205834111351
6.596603078,-4.947015686125391
6.598655927,-4.94123934443299
6.600503849000001,-4.947124594670715
6.602769452,-4.956092794499162
6.605405028000001,-4.960847071381595
6.607006228,-4.966124947039625
6.6100868880000005,-4.966124947039625
6.6112115430000005,-4.974309843099778
6.612753241,-4.974309843099778
6.698050562000001,-4.94564176293822
6.698097264,-4.93347751618352
6.698123151000001,-4.946760169922898
6.698147393,-4.942680288263436
6.700356544000001,-4.959527602467087
6.700388147000001,-4.962995920756651
6.700412985000001,-4.94888807534693
6.700436203000001,-4.928622708336173
6.700467637,-4.922946897608687
6.700490311,-4.907473506592207
6.703255818000001,-4.928467723098596
6.703315285,-4.9605999327595125
6.703356549,-4.975059636546435
6.703865782,-4.978142586137158
6.703902219000001,-4.980362644945695
6.704528339,-4.951258930602839
6.706551135000001,-4.926021469619001
6.706578969000001,-4.918850260788406
6.706603687,-4.935856749019838
6.706622793,-4.956561939002098
6.707076769,-4.990428307807797
6.707897279,-4.993339517000123
6.707927984,-4.970929489404516
6.709258614,-4.934914271223762
6.709287397000001,-4.906149848887494
6.709311765000001,-4.909450615568866
6.710885749,-4.922833800273159
6.710919905000001,-4.94596429978399
6.710944007,-4.95762170292391
6.7109681740000005,-4.988250136901307
6.710987901,-4.9869139128259805
6.712767382,-4.952239107510759
6.712804224,-4.891455572849103
6.712833678000001,-4.825193100599588
6.712859146,-4.786430036044495
6.712886656,-4.816886729623496
6.713971291,-4.816886729623496
6.713993599,-4.816886729623496
6.714016159000001,-4.954312558662128
6.716729244000001,-4.954312558662128
6.716758241000001,-4.954312558662128
6.722329382000001,-4.977405359061115
6.722378628,-4.977405359061115
6.723441009,-4.977405359061115
6.7234735070000005,-4.950840051582361
6.723556709,-4.950840051582361
6.766866359000001,-4.950840051582361
6.766900122,-4.910141765952655
6.766933454,-4.910141765952655
6.767085746,-4.910141765952655
6.767116895,-4.869016223722063
6.7671392180000005,-4.869016223722063
6.7671623190000005,-4.869016223722063
6.768955664000001,-4.869016223722063
6.769061404,-4.8863955142817215
6.769082844000001,-4.8863955142817215
6.769094772000001,-4.926850850079548
6.770577352,-4.926850850079548
6.7706017030000005,-4.987383057328917
6.770613034,-4.985410137142462
6.770742596000001,-4.966217100424131
6.770762447,-4.944824948848287
6.771135073000001,-4.917656455580042
6.7711517510000006,-4.886278228155987
6.772684890000001,-4.884912682549227
6.772733607,-4.928962000342761
6.774043454,-4.963213737847299
6.774054605000001,-4.984945181429731
6.774065839,-4.98986282113015
6.774731787,-4.978029488801629
6.774751994000001,-4.93682854834735
6.775772551,-4.904943477308516
6.777482673000001,-4.880166783247204
6.777529714000001,-4.859641711243751
6.777545483000001,-4.871395456558382
6.7775552800000005,-4.910619288036001
6.777563526000001,-4.930616572473651
6.7791811850000006,-4.909073624450436
6.7792427580000005,-4.907565659976712
6.7792539320000005,-4.907565659976712
6.7792655040000005,-4.929012265825218
6.779954123,-4.929012265825218
6.779976307,-4.950965715288504
6.781035998,-4.950965715288504
6.784185081,-4.9761361556290655
6.785247126000001,-4.9761361556290655
6.787135162,-4.919051322718236
6.788952379,-4.919051322718236
6.817691693,-4.889935042004766
6.817707088000001,-4.919834626486531
6.817718104000001,-4.942948370836543
6.817728179,-4.9365227666624
6.817738241000001,-4.937172029144142
6.817748322000001,-4.922184537791417
6.821891392,-4.901504480550386
6.821976210000001,-4.8689115039669435
6.8220166440000005,-4.8689115039669435
6.8220498240000005,-4.878017933872149
6.822308651,-4.909458993149276
6.823490151000001,-4.928589198014535
6.823514551000001,-4.934796985098028
6.823529674,-4.9284384015671625
6.8238830340000005,-4.8957658379698294
6.823918946,-4.892678699588901
6.867338907000001,-4.8845440690112065
6.867366056000001,-4.8845440690112065
6.867394283,-4.912231972264844
6.8693516820000005,-4.943907603793439
6.869381590000001,-4.951631732931065
6.8694052800000005,-4.9231312043776985
6.869428912,-4.90721380159951
6.869451973,-4.908432739549103
6.869472838,-4.927391204015966
6.8715559200000005,-4.933607368679869
6.871590690000001,-4.955791201604418
6.873715011000001,-4.966707188878091
6.873741778,-4.953294682642365
6.873765531,-4.936237928928476
6.873788638000001,-4.937377279864177
6.873823962,-4.954844535018136
6.874341889,-4.967800463121541
6.874369709000001,-4.959322351747053
6.8748890650000005,-4.949185479451469
6.874931125000001,-4.9120727982370616
6.875665746,-4.885168198751718
6.877336424,-4.874981060973679
6.87736645,-4.877297461956926
6.877392479,-4.8782315621725925
6.877416194,-4.874030205597193
6.877439300000001,-4.874030205597193
6.8779597070000005,-4.876644010684979
6.877997325000001,-4.876644010684979
6.879350006,-4.853333393195343
6.881214068,-4.853333393195343
6.882719923000001,-4.914250969143551
6.8850873,-4.9160102610295615
6.887690084000001,-4.922004419812611
6.888769782000001,-4.922004419812611
6.89068812,-4.9203707916327435
6.915976887,-4.9203707916327435
6.916035247000001,-4.929481410328155
6.9160592770000004,-4.929481410328155
6.916083562000001,-4.912671795236347
6.916108565,-4.945914034301531
6.916156804000001,-4.943396571388455
6.917196002000001,-4.949340464689047
6.917212965,-4.9559294316811755
6.917222941,-4.942759875277328
6.918262611,-4.911880113887642
6.919064114,-4.90542937697227
6.920147344,-4.8990079615883335
6.920161961000001,-4.875207255644738
6.921573809000001,-4.875207255644738
6.939857826000001,-4.840398409042962
6.939876164,-4.840398409042962
6.9398896830000005,-4.832921418527419
6.941772367,-4.832921418527419
6.941788323000001,-4.846116107672495
6.941805349,-4.886722239917694
6.941844262,-4.87789645895621
6.941862339,-4.881314511763315
6.941878238,-4.900009082447276
6.943959629,-4.927956690693612
6.943993575,-4.971758869865064
6.944823235,-5.005717392055267
6.947044534000001,-5.026623643967356
6.947852946,-5.026623643967356
6.949264984,-5.031713024066171
6.951829053000001,-5.031713024066171
6.9533064520000005,-5.052363759775767
6.954848893,-5.052363759775767
6.9569242010000005,-5.005156094167826
6.959473429000001,-4.944724417883371
6.960723409000001,-4.899477106091269
6.962875783,-4.899477106091269
7.019894507,-4.881603538287446
7.019920459000001,-4.882667490999462
7.019934314,-4.882667490999462
7.019949574000001,-4.92006082115759
7.019961921,-4.92006082115759
7.019974178,-4.941381763299952
7.021188824,-4.9107700844833735
7.0212052620000005,-4.8777121521872
7.0212167260000005,-4.864102772811849
7.021226113000001,-4.860554867508394
7.021598364000001,-4.87641781601392
7.02323712,-4.879726960275701
7.023273840000001,-4.878017933872149
7.023304115,-4.878817992801263
7.0233366020000005,-4.894283006237334
7.023364348,-4.899824775678267
7.024658541000001,-4.90289934768858
7.02470629,-4.911989022432966
7.026978545,-4.9400371616442165
7.027019470000001,-4.942625833990775
7.027046305000001,-4.966749076780139
7.027078228000001,-4.9703263036150265
7.027103940000001,-4.942148311907428
7.0271321890000005,-4.913295924976859
7.029202972,-4.887740115937458
7.029230886000001,-4.865468318418609
7.029258823,-4.863181238966796
7.029292256000001,-4.889968552326405
7.029325116000001,-4.911972267272147
7.029346874000001,-4.9397271911690614
7.029717959,-4.9397271911690614
7.029762584,-4.922963652769506
7.0311257220000005,-4.922963652769506
7.0317211340000005,-4.954986953885099
7.033354114000001,-4.954986953885099
7.034964842000001,-4.97348884021964
7.0367672400000005,-4.97348884021964
7.0538149500000005,-4.970493855223219
7.0538465310000005,-4.920098520269433
7.053872574000001,-4.902807194304074
7.055339158000001,-4.902807194304074
7.055368347000001,-4.895543832088975
7.055393428,-4.939743946329881
7.055412288,-4.949533149038467
7.058142902,-4.947807367474095
7.058431548000001,-4.947807367474095
7.05844816,-4.937440111717249
7.059421455000001,-4.9187204082920575
7.062235875000001,-4.9187204082920575
7.063422578000001,-4.930130672809896
7.0655519270000005,-4.930130672809896
7.067233296,-4.958011260412954
7.069210750000001,-4.958011260412954
7.0713133930000005,-4.971541052774415
7.072787915,-4.971541052774415
7.07481835,-4.922255747224898
7.076853677000001,-4.904055453785101
7.078599544,-4.902522356570149
7.080603714,-4.899983949706049
7.082758978,-4.901077223949498
7.087685468,-4.897248669702323
7.087711339,-4.887434334252509
7.08926204,-4.887434334252509
7.091149936000001,-4.848248201886732
7.092924451,-4.848248201886732
7.094636539000001,-4.832732922968203
7.096715388000001,-4.847293157720041
7.098873463,-4.870964011167288
7.101248549,-4.89780577879956
7.103165636000001,-4.89780577879956
7.10798254,-4.915620703540516
7.108037675,-4.909936515232621
7.109121937,-4.909936515232621
7.1112150000000005,-4.886797638141381
7.112753063,-4.886797638141381
7.1152527260000005,-4.878817992801263
7.116687301000001,-4.921367723701483
7.118760523000001,-4.930247958935631
7.120533836000001,-4.901391383214857
7.122688921000001,-4.852759528937287
7.126251539,-4.8325318610383725
7.245676949000001,-4.843380827668771
7.245709674,-4.843380827668771
7.245737193,-4.87888501344454
7.248333963,-4.87888501344454
7.248365603000001,-4.858745310139927
7.248376674,-4.864860943838915
7.248387027000001,-4.864860943838915
7.2483969770000005,-4.869246607183326
7.248407076,-4.909890438540368
7.2484158480000005,-4.909890438540368
7.250707128,-4.922528018588209
7.250724506,-4.9359447136141394
7.250736843,-4.919143476102742
7.251883998,-4.941373385719543
7.251901148000001,-4.95955692399852
7.251918354000001,-4.982746066572218
7.254467965000001,-4.971017453998816
7.254485612000001,-4.974318220680188
7.254497942,-4.965693501648532
7.254510211,-4.957634269294524
7.255163342,-4.948506895438294
7.255180158000001,-4.955988074744043
7.2559693890000005,-4.9610732660526535
7.2574889140000005,-4.963699637511055
7.257507011,-4.950844240372565
7.257520386,-4.9252632985919345
7.257533228000001,-4.891476516800127
7.257543879000001,-4.861367492808123
7.259292548,-4.887032210392849
7.259308166,-4.926138755744735
7.259318951,-4.942186011019271
7.259329669,-4.927755628763783
7.259338922,-4.912944066599658
7.261498005000001,-4.903226073324553
7.261531979000001,-4.883509437830623
7.2615433110000005,-4.891384363415622
7.261554425000001,-4.891384363415622
7.261565615,-4.891384363415622
7.2615849820000005,-4.977845182032619
7.264054468,-4.977845182032619
7.264092637,-4.977845182032619
7.2641051160000005,-4.977845182032619
7.264121941000001,-4.944016512338763
7.264133556000001,-4.944016512338763
7.264144284,-4.944016512338763
7.264154781,-4.944016512338763
7.264165324,-4.9202744494580335
7.265755819000001,-4.9202744494580335
7.2657731000000005,-4.9202744494580335
7.265786940000001,-4.9096600550791045
7.266414089,-4.9096600550791045
7.266450548000001,-4.9096600550791045
7.267175148000001,-4.920659818156874
7.26720666,-4.920659818156874
7.267778903000001,-4.920659818156874
7.269173155000001,-4.920659818156874
7.269199084,-4.960914092024872
7.2708811,-4.960914092024872
7.271699881000001,-4.9939678355308414
7.272424518,-4.9939678355308414
7.2730639880000005,-4.9939678355308414
7.273702795,-4.997775445826992
7.2749639880000005,-4.997775445826992
7.275930847000001,-4.986030078092771
7.276624526000001,-4.986030078092771
7.278132844000001,-4.986030078092771
7.279054091000001,-4.954362824144586
7.279747015000001,-4.954362824144586
7.280729604,-4.954362824144586
7.281588113000001,-4.926000525667977
7.284811344,-4.926000525667977
7.284851279000001,-4.926000525667977
7.284872105000001,-4.926352384045178
7.285555049,-4.926352384045178
7.285620748,-4.926352384045178
7.286526763,-4.926352384045178
7.28659205,-4.932543415967854
7.287246394,-4.932543415967854
7.287275125000001,-4.932543415967854
7.287968277,-4.932543415967854
7.287981638000001,-4.9494745059756
7.288781214,-4.9494745059756
7.2911965510000005,-4.948527839389318
7.292972967000001,-4.948527839389318
7.294650782000001,-4.937092442130251
7.297252023,-4.906568727907972
7.299020549000001,-4.857413274854805
7.301004477,-4.8279870236661795
7.303326815,-4.8435609456475754
7.305825921,-4.880790912987718
7.307514288,-4.891681767520162
7.308568966,-4.891681767520162
7.3105624360000006,-4.86406926249021
7.313979356000001,-4.839656993176715
7.31474382,-4.839602538904053
7.316496205000001,-4.864274513210244
7.320429324,-4.873313922472174
7.3210421210000005,-4.868618288652607
7.324215481,-4.870976577537903
7.3252584,-4.878709084255939
7.3291169620000005,-4.91405828479413
7.3297351630000005,-4.91405828479413
7.452506015000001,-4.9651824692435484
7.4525261490000005,-4.990893263520527
7.452537158,-4.954706304941378
7.452547464,-4.913032031193958
7.452557519000001,-4.891635690827909
7.452567729,-4.874490972519719
7.452577241,-4.860739174277405
7.455297135,-4.859436460523716
7.4553149560000005,-4.856181770534597
7.4553358350000005,-4.829260415888435
7.455346989000001,-4.792026259758089
7.455358389000001,-4.803461657017155
7.456477861000001,-4.844197641758703
7.45649548,-4.868760707519572
7.456509415,-4.853961711726061
7.457379056000001,-4.869204719281278
7.458571719,-4.896017165382116
7.458588702,-4.903351737030696
7.45860252,-4.915528550156011
7.458612737,-4.91838949386588
7.4604312010000005,-4.923085127685445
7.460449027,-4.934193799308539
7.460462777,-4.940627781063091
7.4604760390000004,-4.942428960851149
7.462231667,-4.933598991099459
7.462264842000001,-4.9305621182009896
7.462283737000001,-4.93377492028806
7.462324526000001,-4.92349981791572
7.46235301,-4.916990437937481
7.463833243000001,-4.928698106559859
7.463872439,-4.940594270741452
7.463905512,-4.901898226829637
7.463929301,-4.899049849490381
7.463951944000001,-4.867964837380661
7.466365979000001,-4.874214512366202
7.46638857,-4.885976635261242
7.466408333,-4.885976635261242
7.466426554000001,-4.885976635261242
7.466446516,-4.931789433730991
7.466458624,-4.931789433730991
7.466472286,-4.931789433730991
7.467097841,-4.931789433730991
7.467118696000001,-4.904239760554112
7.4671343310000005,-4.904239760554112
7.469508989,-4.904239760554112
7.469535946000001,-4.889625071529611
7.470226897000001,-4.889625071529611
7.470251011,-4.889625071529611
7.470265997,-4.909329140652927
7.471400266000001,-4.909329140652927
7.471418342000001,-4.909329140652927
7.472776907,-4.9389732089322
7.472801139,-4.9389732089322
7.473472841,-4.9389732089322
7.476586457000001,-4.9389732089322
7.477295757,-4.954467543899705
7.477318155000001,-4.954467543899705
7.478455505,-4.954467543899705
7.47847165,-4.954467543899705
7.478482626000001,-4.9828130872154945
7.478493434000001,-4.9828130872154945
7.4799577710000005,-4.9828130872154945
7.479976389000001,-4.9828130872154945
7.479989805000001,-4.97397055109319
7.480002092,-4.97397055109319
7.480017103000001,-4.97397055109319
7.480775811000001,-4.938395155883939
7.480794144000001,-4.938395155883939
7.480806707,-4.938395155883939
7.481895348,-4.938395155883939
7.483436537,-4.9055424743078
7.484088932000001,-4.9055424743078
7.48411073,-4.9055424743078
7.4849120650000005,-4.9055424743078
7.4849366680000005,-4.875475338217844
7.484950497000001,-4.875475338217844
7.4856361840000005,-4.875475338217844
7.4856530150000005,-4.875475338217844
7.489249279,-4.855591151115722
7.489903021000001,-4.855591151115722
7.491586798,-4.886944245798548
7.493340279000001,-4.886944245798548
7.494746607000001,-4.916705600203556
7.499353252000001,-4.904893211826058
7.499375778,-4.904893211826058
7.501612681,-4.890278522801558
7.502752366,-4.872434276529169
7.505491031,-4.8927540978125865
7.509113770000001,-4.905952975747869
7.509958630000001,-4.905952975747869
7.510771943000001,-4.937322825591514
7.512874056,-4.94200170425026
7.5156512410000005,-4.903422946464178
7.518218657,-4.903422946464178
7.519009283000001,-4.893139466511427
7.521312203000001,-4.854393157117154
7.523179662,-4.86153085562611
7.525939448000001,-4.870205840140223
7.5273627770000004,-4.870205840140223
7.529166898000001,-4.874294099380093
7.530756279,-4.857991327903066
7.5330062490000005,-4.9025391117309685
7.536141344000001,-4.931521351157886
7.657132774000001,-4.931521351157886
7.657167052,-4.935777162005948
7.657206713000001,-4.931973740500003
7.657230162,-4.933263887883077
7.657252722000001,-4.93486819453151
7.657276249000001,-4.918217753467483
7.6586899090000005,-4.895300882257097
7.658720597,-4.861455457402423
7.65874465,-4.850744720848785
7.658763565,-4.850744720848785
7.660876726000001,-4.852407670560084
7.6609140600000005,-4.854564897515549
7.660939917,-4.857714867749549
7.660963112,-4.853316638034523
7.660986118,-4.840222479854361
7.661009176,-4.845119175603757
7.661562527,-4.868417226722778
7.661587862,-4.8764094384335115
7.662797772,-4.886127431708615
7.662838469,-4.888594629139234
7.662868260000001,-4.8752323883859665
7.664585435,-4.8680905010868045
7.6646263470000005,-4.8990666046512
7.664650529,-4.9340932683436245
7.664674107000001,-4.965651613746484
7.664692791,-5.001365239032493
7.665045866000001,-5.019041933696693
7.666520209000001,-5.0105931438536375
7.667467490000001,-4.992577157182851
7.670617308000001,-4.9762324978037755
7.670644489000001,-4.950860995533385
7.670668675000001,-4.920563475982164
7.670692162000001,-4.901357872893218
7.671901701,-4.893654687706617
7.671939741,-4.901408138375676
7.671963953000001,-4.919093210620283
7.67377338,-4.919093210620283
7.6738027230000005,-4.919093210620283
7.673827081000001,-4.904063831365511
7.673850582000001,-4.904063831365511
7.673869461000001,-4.904063831365511
7.673888306,-4.94594754462317
7.675444284,-4.94594754462317
7.675475742000001,-4.94594754462317
7.675499941000001,-4.956176570303258
7.675541236000001,-4.956176570303258
7.675559750000001,-4.956176570303258
7.676806267000001,-5.000816507515666
7.676837792000001,-5.000816507515666
7.676861120000001,-5.000816507515666
7.677324792,-5.000816507515666
7.677348097,-4.998546183224672
7.678155431,-4.998546183224672
7.678181840000001,-4.998546183224672
7.6797801560000005,-4.998546183224672
7.679808794,-4.975549725000395
7.680803053000001,-4.975549725000395
7.680826996,-4.975549725000395
7.681677474000001,-4.975549725000395
7.681693387,-4.952452735811203
7.684328811,-4.952452735811203
7.685372556000001,-4.938022353555713
7.686199777000001,-4.938022353555713
7.686798324000001,-4.938022353555713
7.688021776,-4.937771026143427
7.689169028,-4.937771026143427
7.689408380000001,-4.937771026143427
7.689995957000001,-4.946609373475526
7.690770287,-4.946609373475526
7.690787467000001,-4.946609373475526
7.691708934,-4.953189962887245
7.692634595,-4.953189962887245
7.693401746,-4.953189962887245
7.693706763000001,-4.961592676038047
7.695510348000001,-4.961592676038047
7.696150214,-4.961592676038047
7.6991208890000005,-4.954358635354382
7.699709385,-4.954358635354382
7.701028102,-4.954358635354382
7.701047523000001,-4.939635037784557
7.701061709,-4.939635037784557
7.7015927170000005,-4.939635037784557
7.703549998000001,-4.908906072842243
7.7045605230000005,-4.908906072842243
7.705374685000001,-4.908064126011081
7.707809956,-4.908064126011081
7.70948083,-4.953445479089737
7.713258658000001,-4.953445479089737
7.7143577830000005,-5.003648129694102
7.7151042400000005,-5.003648129694102
7.716747844,-4.941402707250976
7.718574873000001,-4.941402707250976
7.722045963,-4.87466690170832
7.724207236000001,-4.927491734980881
7.7249846810000005,-4.927491734980881
7.7278061430000005,-4.942646777941798
7.728926471,-4.942646777941798
7.7311233370000005,-4.898233035400448
7.7325478180000005,-4.898233035400448
7.736050147,-4.826135578395665
7.73841434,-4.807864075522386
7.7406945050000004,-4.8427608867184615
7.864031197,-4.866921828619669
7.864085553000001,-4.8674161058638346
7.864141799,-4.875730854420335
7.864183158,-4.900771442264548
7.864219478000001,-4.902338049801139
7.864256490000001,-4.948619992773824
7.864291479,-4.967632911513348
7.866582473,-4.973840698596843
7.866611424,-4.960415625990502
7.866635627000001,-4.956733679400494
7.866658989,-4.948766600430991
7.866681767,-4.922578284070667
7.8667046880000004,-4.912479110886927
7.86724492,-4.889780056767188
7.867305187,-4.872258347340567
7.867364155000001,-4.848499529299019
7.868169118000001,-4.853048555461417
7.869706778,-4.848512095669633
7.869726819,-4.827597466177135
7.869746613,-4.8011913327261615
7.869764052000001,-4.807101715705115
7.871553385,-4.822013808834154
7.87157498,-4.823366788070301
7.871592712000001,-4.850028437723766
7.871612553,-4.881590971916832
7.871627344,-4.882349142943898
7.872731983,-4.882759644383967
7.872750966000001,-4.906686014033707
7.872778329000001,-4.936836925927759
7.872824991000001,-4.935555156125094
7.8763555510000005,-4.971097041012707
7.87637388,-4.970900167873082
7.876389304000001,-4.959414505131558
7.876401959000001,-4.945176807225489
7.876417292,-4.937775214933631
7.876442963000001,-4.928840525426821
7.877083703,-4.928840525426821
7.877100592000001,-4.928840525426821
7.878063046,-4.832347554269363
7.879968044000001,-4.832347554269363
7.8799914730000005,-4.832347554269363
7.880006562,-4.862360236086658
7.880027512000001,-4.862360236086658
7.88004276,-4.862360236086658
7.881049915,-4.862360236086658
7.881102729,-4.892351973952928
7.8811184800000005,-4.892351973952928
7.8823176660000005,-4.892351973952928
7.882346685000001,-4.885754629380389
7.882366801000001,-4.885754629380389
7.882384150000001,-4.885754629380389
7.883785383,-4.885754629380389
7.883871547000001,-4.872719114263094
7.883902984000001,-4.872719114263094
7.883926058,-4.872719114263094
7.884539869,-4.872719114263094
7.884600337,-4.876895338097266
7.886427269,-4.876895338097266
7.887038990000001,-4.876895338097266
7.8875276990000005,-4.899456162140245
7.887718401000001,-4.899456162140245
7.888527375000001,-4.899456162140245
7.888541835000001,-4.899456162140245
7.889085979000001,-4.939124005379574
7.889682535,-4.939124005379574
7.890594997000001,-4.939124005379574
7.891211438000001,-4.979943765925215
7.8919863910000005,-4.979943765925215
7.892605362,-4.979943765925215
7.893110186,-4.9964392217516655
7.894516418,-4.9964392217516655
7.89541578,-4.9964392217516655
7.8954489820000004,-4.9964392217516655
7.896170242,-5.0137389252974325
7.897071769,-5.0137389252974325
7.897093659,-5.0137389252974325
7.897956102,-5.0137389252974325
7.899046189000001,-5.000669899858499
7.899903202000001,-5.000669899858499
7.8999291220000005,-5.000669899858499
7.901363908,-4.974913028889267
7.902533051000001,-4.933046070792428
7.9057670390000006,-4.912357635970988
7.906996441,-4.910522945861291
7.909071662000001,-4.910522945861291
7.9106281990000005,-4.94860742640321
7.913001675,-4.978674562493166
7.914921887,-4.995002466711424
7.91782006,-4.971951554214484
7.918953428000001,-4.954069608830251
7.920673874,-4.914133683017817
7.92332675,-4.908977282275725
7.929114564000001,-4.888590440349029
7.929621651000001,-4.8984382861204825
7.929659143,-4.943966246856306
7.930794255,-4.943966246856306
7.9339615310000005,-4.984543057570072
7.934871566000001,-4.948020995774539
7.936847167000001,-4.9232275465524085
7.938894387,-4.916496160693317
7.941850704,-4.924396219019544
7.942776461,-4.936015923047621
7.945571770000001,-4.954986953885099
7.996650187,-4.93741497897602
7.99666437,-4.93741497897602
7.996676139000001,-4.91034701667269
7.998862443,-4.887735927147253
7.998898008,-4.884807962794108
7.998911973,-4.890475395941183
7.998924325000001,-4.906489140894082
7.998964431,-4.910983712783818
7.998980095,-4.911524066720235
8.000695022,-4.924073682173775
8.000719597,-4.9033601146111065
8.002477295,-4.888858522922136
8.00250345,-4.8886239506706675
8.002533476,-4.941679167404493
8.002550935,-4.98046317591061
8.002591184,-5.0157746773369585
8.0043833,-4.999517982552183
8.004409698,-4.985020579653417
8.004423089000001,-4.9312658349553935
8.005748216,-4.886806015721791
8.005800188,-4.858753687720336
8.005858985,-4.8535302663349675
8.007234032000001,-4.893055690707332
8.007265621,-4.940162825350359
8.007285104000001,-4.971507542452776
8.007303481000001,-4.955426776856601
8.007321769,-4.93045739844587
8.008596987,-4.903942356449572
8.008609112,-4.887396635140665
8.008622766,-4.887396635140665
8.009650475,-4.897432976471333
8.009956003000001,-4.897432976471333
8.010822990000001,-4.971193383187417
8.015225613,-5.0283871246435705
8.016309725000001,-5.0283871246435705
8.016774314000001,-5.047559217410878
8.018769299,-5.0482168574730295
8.020787197,-5.018421992746384
8.046160358,-4.978657807332346
8.046179683,-4.936112265222331
8.046194383000001,-4.900138934943626
8.046218794,-4.873933863422482
8.048317512,-4.894592976712488
8.048332435,-4.9198597592277595
8.048343166,-4.975327719119542
8.048353496,-5.016390429497062
8.048365134,-5.021567774190178
8.048373981000001,-5.008712377051689
8.049676265,-4.968663353903726
8.049691752000001,-4.91377763585041
8.050379188,-4.863164483805977
8.052019294,-4.872710736682684
8.052931260000001,-4.8934787585180155
8.054717216,-4.954069608830251
8.05571489,-5.0099187486306676
8.056702617000001,-5.0099187486306676
8.059031597,-5.035713318711743
8.061145902,-5.035713318711743
8.063615459000001,-4.98574105156864
8.065941125,-4.98574105156864
8.067387955000001,-4.837533276542889
8.068776587,-4.837533276542889
8.071099826000001,-4.847083718209801
8.072914888,-4.9617686052266485
8.075215077000001,-4.9617686052266485
8.079103196,-4.945566364714534
8.079528362000001,-4.87496430581286
8.080817269,-4.855034042018486
8.08328313,-4.861543421996724
8.086678839000001,-4.861543421996724
8.087582293,-4.9027317960803884
8.088943374000001,-4.9027317960803884
8.090845216,-4.912453978145698
8.093862810000001,-4.898543005875602
8.095126291,-4.905932031796845
8.096760991,-4.921438933134965
8.098690920000001,-4.933113091435705
8.101163618000001,-4.916357930616559
8.102541764,-4.898132504435533
8.105765419,-4.8986225928894935
8.106731189000001,-4.8986225928894935
8.109085077000001,-4.916282532392873
8.110578935000001,-4.916282532392873
8.112522576,-4.946885833629041
8.114887028,-4.971277158991513
8.116979731,-4.956147248771825
8.11860234,-4.9425169254454495
8.120625144,-4.9352116753283015
8.124282722,-4.938851734016262
8.124974204,-4.947560228852013
8.127789578,-4.971654150109944
8.128673765,-4.971654150109944
8.131141108000001,-4.983667600417271
8.132626405,-4.983667600417271
8.134569990000001,-4.981929252482284
8.136444985,-4.955719992170937
8.138672726000001,-4.927747251183373
8.140560879,-4.92309769405606
8.144358435000001,-4.905986486069509
8.146325035,-4.8966538614932436
8.147271481,-4.911976456062352
8.148561129,-4.911976456062352
8.219097572,-4.921380290072098
8.219128234000001,-4.88181716658789
8.219157034,-4.887166251679402
8.219182338000001,-4.896260115213994
8.221214449,-4.8932944517490045
8.221245737,-4.879915455834917
8.22127045,-4.8860269007437
8.221298811,-4.882663302209258
8.221322894,-4.8589924487620095
8.221341745,-4.850727965687966
8.223490141000001,-4.8523238947559895
8.223534865000001,-4.844440591590581
8.223564124000001,-4.859034336664058
8.22465973,-4.88671805112749
8.224740648000001,-4.904084775316535
8.224769104,-4.921715393288481
8.22889631,-4.951899815504172
8.228930346,-4.973564238443326
8.228964932,-4.971980875745917
8.228989309000001,-4.959850139312856
8.229018663,-4.933335097316558
8.229045881000001,-4.8958998792563815
8.231197563,-4.844210208129318
8.231228262,-4.829461477818265
8.231255509,-4.856931563981254
8.231284475,-4.904545542239061
8.231312816,-4.9345666016367655
8.231341168,-4.918029257908269
8.231366167000001,-4.8902659564309445
8.231940858,-4.8557000596610465
8.23196002,-4.847804190125024
8.233439958,-4.868936636708171
8.233473419000001,-4.912944066599658
8.233499346,-4.938034919926328
8.233521812000001,-4.958647956524082
8.235483536,-4.966422351144166
8.235514392,-4.966422351144166
8.235552453,-4.966422351144166
8.235581384000001,-4.966422351144166
8.23560178,-4.950266187324305
8.235750398,-4.9754701379865045
8.235774709000001,-4.9754701379865045
8.236931958000001,-4.985829016162941
8.237974202,-4.985829016162941
8.238666436,-4.99055397151394
8.242009321000001,-4.959016570062103
8.242858427,-4.939685303267014
8.245798898,-4.917782119286186
8.248666569000001,-4.923357399048756
8.248957560000001,-4.923357399048756
8.251455174,-4.947246069586654
8.252613892000001,-4.947246069586654
8.294485571000001,-4.961467012331903
8.294513243,-4.953474800621171
8.294533498,-4.918502591201409
8.296815118000001,-4.902769495192231
8.296845908,-4.902769495192231
8.296895353,-4.903573742911551
8.296923694,-4.91409179511577
8.296946756,-4.935948902404345
8.296983248,-4.939831910924182
8.297026378,-4.915830143050755
8.29943592,-4.929288725978735
8.299465837000001,-4.92396477362845
8.299509504000001,-4.9151515590375805
8.300603504,-4.886852092414043
8.300639792,-4.885059290206395
8.300663539,-4.900926427502125
8.30160991,-4.905622061321691
8.301649252,-4.932258578233927
8.301679817,-4.940564949210019
8.303062691000001,-4.945696217210882
8.303102521000001,-4.926566012345623
8.303134380000001,-4.924257988942786
8.303158969,-4.9261806436467825
8.303620769,-4.917300408412635
8.304007853,-4.917300408412635
8.30561569,-4.923889375404764
8.308580761,-4.931106660927612
8.308980587,-4.931106660927612
8.312316838000001,-4.928442590357367
8.313196424000001,-4.928442590357367
8.316992115,-4.960817749850161
8.317646365,-4.9599045935855175
8.318836759,-4.9599045935855175
8.334606988,-4.9468104354053555
8.334638731,-4.913677104885496
8.3346639,-4.9197047739901825
8.334683383,-4.933929905525638
8.33548485,-4.956700169078856
8.335515627000001,-4.965207601984778
8.337015081,-4.974339164631211
8.33775348,-4.967268486765532
8.337786991,-4.9404225303430565
8.340932069,-4.946605184685321
8.341692505000001,-4.946605184685321
8.342779068,-4.954689549780559
8.345501724,-4.954689549780559
8.348474755,-4.976353972719714
8.349745296,-4.976353972719714
8.350956551000001,-4.994927068487738
8.352775029,-4.994927068487738
8.356201315,-4.999647835048531
8.358687008,-4.994638041963606
8.359675001000001,-4.975139223560325
8.360813428,-4.954048664879227
8.364232181,-4.927014212897535
8.365737602000001,-4.900193389216288
8.367110405,-4.910610910455592
8.369682974,-4.917359051475502
8.37155836,-4.896917755276145
8.372590821000001,-4.882621414307209
8.374692499,-4.892125779281869
8.403547748000001,-4.892125779281869
8.403566737,-4.9117167510696556
8.40358093,-4.9046712059452044
8.405835137,-4.922481941895956
8.405854143000001,-4.940267545105479
8.405867099,-4.940267545105479
8.405880179,-4.974665890267185
8.405892846,-5.013047774913644
8.405905348000001,-5.013047774913644
8.406406061,-4.998412141938119
8.407227613,-4.9773132056766105
8.407240629,-4.944619698128252
8.408392568,-4.90465863957459
8.408408060000001,-4.891396929786236
8.408419128,-4.893541590371087
8.410346039,-4.904863890294624
8.411162227,-4.94230748593521
8.412304603,-4.97357680481394
8.413130123,-4.959100345866199
8.415290581,-4.959100345866199
8.417795005,-4.901303418620556
8.418810214,-4.901303418620556
8.420942203000001,-4.898647725630721
8.424364554,-4.939844477294796
8.426135068,-4.956645714806194
8.427002498,-4.966719755248706
8.457234116,-4.966719755248706
8.457248768000001,-4.925816218898966
8.45725992,-4.928379758504295
8.459907689000001,-4.928379758504295
8.459939623,-4.95125055302243
8.459952745,-5.0130729076548715
8.459970892000001,-5.022866299153662
8.459985952,-5.022866299153662
8.460459746,-5.0262550304293345
8.461180461,-5.029790369362174
8.461197707,-5.011527244069305
8.462720986,-4.988706715033629
8.462752314000001,-4.9632053602668895
8.462799674000001,-4.941603769180806
8.462838490000001,-4.905986486069509
8.462878296000001,-4.89770105904444
8.465152076,-4.911163830762623
8.465178550000001,-4.934218932049768
8.469949614,-4.973924474400938
8.469984224000001,-5.013089662815691
8.470622233,-5.024751254745816
8.471547421,-5.024751254745816
8.472913226000001,-5.007589781276806
8.474620194,-5.007589781276806
8.476807706,-4.989569605815816
8.478661651000001,-4.989569605815816
8.480832921000001,-4.941264477174219
8.482915298,-4.892481826449276
8.485747517,-4.892481826449276
8.488243023,-4.8739296746322776
8.489102603000001,-4.8739296746322776
8.492879232,-4.889914098053742
8.4935861,-4.894873625656209
8.495033138,-4.894873625656209
8.496797753000001,-4.901081412739702
8.499578225,-4.870645663111724
8.500742903,-4.900185011635878
8.502883947,-4.932514094436419
8.505367341000001,-4.932752855478092
8.507197015000001,-4.929602885244093
8.508760961,-4.929602885244093
8.510582839000001,-4.936376159005233
8.512851717,-4.933816808190108
8.515083584000001,-4.95574093612196
8.516709176,-4.95574093612196
8.519363661,-4.967461171114953
8.520551272,-4.93219993517106
8.52247661,-4.927898047630745
8.527631754,-4.92133002458964
8.52796579,-4.92250288584698
8.529071553000001,-4.942671910683027
8.530549787,-4.942671910683027
8.534097695,-4.96957651016837
8.536592663,-4.936991911165336
8.538182024000001,-4.925074803032719
8.53895582,-4.900499170901237
8.541313454,-4.899757755034991
8.54323137,-4.931475274465632
8.546116799,-4.931475274465632
8.547161072,-4.9543753905151995
8.548891787,-4.9543753905151995
8.552019964000001,-4.932040761143279
8.55298434,-4.934993858237653
8.556303789000001,-4.9373730910739715
8.557591342,-4.956620582064965
8.559920796,-4.986771493959018
8.591362759,-5.001218631375326
8.591395548000001,-5.001218631375326
8.591420723,-5.00409214145581
8.591444406,-5.00409214145581
8.59146729,-5.0095417575122365
8.591493822,-4.930180938292354
8.592494556,-4.930180938292354
8.592525711,-4.871370323817152
8.592550394,-4.8258842509833775
8.592571104000001,-4.87493917307163
8.593055661000001,-4.923554272188381
8.594383635,-4.913484420536076
8.594412423000001,-4.886177697191073
8.594436994,-4.874373686393985
8.594456263,-4.889788434347598
8.594777575,-4.90183120618636
8.595518063,-4.931337044388875
8.595545977,-4.931948607758773
8.597153718000001,-4.931948607758773
8.599184144,-4.90948831468071
8.600921502,-4.90948831468071
8.603822156,-4.8986602920013365
8.605670499,-4.8986602920013365
8.607296816,-4.894634864614536
8.608737613,-4.894634864614536
8.611598305000001,-4.895104009117473
8.612775815000001,-4.867780530611651
8.644733930000001,-4.853622419719472
8.644773667,-4.856843599386954
8.644806548,-4.843087612354434
8.644838805000001,-4.850811741492061
8.644870026000001,-4.850811741492061
8.644899967,-4.8891768709777
8.645945889,-4.873376754325245
8.645979988,-4.839133394401117
8.646012014,-4.836071388761417
8.646037307,-4.826148144766278
8.646467672,-4.814239414214072
8.649865374,-4.835895459572816
8.649897357,-4.86113710934686
8.649940375,-4.872019586298895
8.649968474000001,-4.8784828895848795
8.650199833,-4.8883014138249
8.651066403,-4.898580704987445
8.651091908,-4.918632443697757
8.652532906000001,-4.918632443697757
8.653220415,-4.929280348398325
8.654748675,-4.929280348398325
8.656752088000001,-4.916496160693317
8.658672422,-4.919964478982879
8.660649186,-4.934558224056356
8.664678290000001,-4.950396039820652
8.666266515,-4.950396039820652
8.667028117000001,-4.973614503925784
8.668759072,-4.973614503925784
8.670674952,-4.88621958509312
8.674614668,-4.839305134799513
8.675307221,-4.839305134799513
8.676572887,-4.8664610616971435
8.678516984,-4.907163536117053
8.680831521,-4.896486309885051
8.682828155000001,-4.872928553773334
8.685499145000001,-4.8566760477787625
8.687647767000001,-4.8806359277501405
8.688892616,-4.8806359277501405
8.69052327,-4.931337044388875
8.692748472,-4.9574541513157175
8.698841505,-4.957906540657834
8.69890464,-4.927286484260846
8.700468631,-4.927286484260846
8.701305084000001,-4.906903831124356
8.702568956,-4.906903831124356
8.706068139000001,-4.9162029453789815
8.706906642,-4.93261043661113
8.708932540000001,-4.93261043661113
8.712484436,-4.939186837232644
8.713204926000001,-4.939186837232644
8.715150056,-4.9395931498825085
8.716622411000001,-4.9395931498825085
8.720574439,-4.91772347622332
8.721262265,-4.888950676306641
8.722714547,-4.9130864854666205
8.72538386,-4.930591439732423
8.727485721,-4.9323172212967945
8.728812093,-4.9323172212967945
8.730742488,-4.927416336757195
8.732652916000001,-4.893633743755593
8.736648841000001,-4.9152185796808565
8.737549492000001,-4.931257457374984
8.738578183000001,-4.931257457374984
8.740886864,-4.944891969491564
8.742938996000001,-4.9216064847431555
8.745541804,-4.9216064847431555
8.749723419,-4.888263714713056
8.750594413,-4.888263714713056
8.75237538,-4.923583593719815
8.752977777,-4.923583593719815
8.754590334000001,-4.983952438151197
8.757073922,-4.9442929724922795
8.758701284,-4.9442929724922795
8.762219359000001,-4.929615451614708
8.793881745,-4.9344702594620555
8.793901149,-4.956390198603702
8.793920086,-4.984174444032051
8.793936394000001,-4.984174444032051
8.795335975,-4.984350373220652
8.795352961,-4.98260783649546
8.795364806,-4.9691408759870725
8.795376694,-4.939605716253123
8.797041128,-4.9070169284598855
8.797059496000001,-4.875793686273407
8.798801907000001,-4.8372610051795775
8.798818101,-4.851565723728923
8.798830108,-4.888565307607801
8.798841359,-4.918121411292774
8.798852623,-4.913254037074811
8.799927295,-4.9137525031091815
8.799947502,-4.909182532995759
8.799961333,-4.9013536841030145
8.801490430000001,-4.919227251906837
8.801830628000001,-4.919227251906837
8.80427635,-4.901056279998474
8.805266592,-4.901056279998474
8.807306276,-4.836444191089643
8.80913172,-4.836444191089643
8.810998104000001,-4.842032037222829
8.813491613,-4.842032037222829
8.814584289,-4.840607848553201
8.816516546,-4.886663596854827
8.847167930000001,-4.9082609991507065
8.847197987000001,-4.941750376837974
8.847223363000001,-4.966011849704097
8.847242595,-4.9458176921268215
8.849460126,-4.927944124322998
8.849491034,-4.9347383420351605
8.84951463,-4.95585403345749
8.849538251,-4.965245301096621
8.84956348,-4.981971140384333
8.84959445,-4.9667951534723915
8.851075334,-4.930913976578191
8.852913045000001,-4.878822181591468
8.852943791000001,-4.834450326952165
8.852968148,-4.833084781345405
8.852992711,-4.850108024737657
8.853016408,-4.876727786489075
8.853485262000001,-4.923202413811179
8.853507524000001,-4.92153108651947
8.855357545,-4.908227488829068
8.857150788,-4.908227488829068
8.858884484,-4.9079426510951425
8.861294313,-4.9079426510951425
8.863297240000001,-4.894132209789961
8.867243005,-4.959586245529954
8.867845616,-4.964679814418974
8.869373967000001,-4.964679814418974
8.870826954,-4.960327661396201
8.872784315,-4.945960110993784
8.875374936,-4.927596454736
8.876827659,-4.927596454736
8.879195224,-4.935685008621443
8.881183586,-4.971381878746633
8.882973585,-4.97192223268305
8.886391793000001,-4.978532143626203
8.889151459,-4.958237455084013
8.889983988000001,-4.92565285608098
8.890930914,-4.92565285608098
8.894240324,-4.88858206276862
8.895706749,-4.88858206276862
8.897492839,-4.875546547651325
8.898693513000001,-4.876807373502966
8.900622484000001,-4.893051501917126
8.905734366,-4.878591798130205
8.906496023,-4.849014750494208
8.908438577,-4.849915340388237
8.909313466,-4.849915340388237
8.910669532,-4.841567081510098
8.91329438,-4.828464545749525
8.914715619,-4.828464545749525
8.918668103,-4.862552920436078
8.9193475,-4.893122711350609
8.920816117000001,-4.918867015949226
8.922896997,-4.914569317199114
8.927723578,-4.892674510798696
8.92821578,-4.912638284914708
8.929575246,-4.912638284914708
8.930851983,-4.9391114390089585
8.932607065000001,-4.946843945726994
8.934888329000001,-4.940497928566742
8.936628377,-4.917660644370247
8.93875905,-4.901927548361069
8.941862376000001,-4.900708610411477
8.944032005,-4.897881177023246
8.947042360000001,-4.872723303053299
8.947055575,-4.87200701992828
8.949805471000001,-4.921970909490972
8.951713455,-4.921970909490972
8.952937603,-4.987651139902024
8.954649214,-4.987651139902024
8.956765364,-5.028274027308041
8.96011516,-5.017961225823857
8.962317415000001,-4.976630432873231
8.963259532,-4.9366986958510015
8.96574443,-4.901931737151274
8.967298952,-4.901931737151274
8.969656469,-4.851079824065168
8.970958795000001,-4.851079824065168
8.973540895000001,-4.910908314560132
8.974719778,-4.910908314560132
8.977922922000001,-4.949868252254849
8.979011779,-4.944012323548558
8.980638767,-4.94340913775907
8.982475072,-4.94820530254355
8.985448927,-4.9546560394589205
8.986960123000001,-4.980693559371873
8.988718179000001,-4.980693559371873
8.990849019,-5.009160577603601
8.992809364000001,-5.009160577603601
8.994658441,-5.03780352502393
8.996537211,-5.00407538629499
8.999962437,-4.968307306736319
9.002276306,-4.917991558796425
9.002937404,-4.8778755150051865
9.005241435,-4.876011503364055
9.007076025,-4.895208728872592
9.008870830000001,-4.895208728872592
9.010677798,-4.901889849249226
9.013066321,-4.901889849249226
9.014762306,-4.909002415016954
9.018310188000001,-4.85181705114121
9.018816894,-4.85181705114121
9.020614997000001,-4.84357351201819
9.025829268,-4.891388552205827
9.025846340000001,-4.924978460858009
9.027887939000001,-4.953344948124822
9.028607857,-4.953344948124822
9.030539686000001,-4.973903530449914
9.032632088,-4.941109491936642
9.034609609,-4.941482294264867
9.037050133000001,-4.9539020572220585
9.038905181,-4.958304475727289
9.041044871,-4.97525650968606
9.042531493,-4.960315095025587
9.045968086,-4.931609315752186
9.047332933,-4.913999641731263
9.04896521,-4.89564436305389
9.051209573000001,-4.89564436305389
9.053852408000001,-4.916512915854136
9.055303014,-4.978079754284087
9.056863617000001,-4.978079754284087
9.058511437,-4.981439164028325
9.060498352,-4.9068703208027165
9.062836322,-4.886990322490801
9.065823317000001,-4.873695102380809
9.067690452,-4.873695102380809
9.068626271000001,-4.886382947911107
9.070566419,-4.886382947911107
9.072649686,-4.954132440683322
9.074692051000001,-4.947953975131263
9.076914589000001,-4.9442636509608455
9.079755378,-4.9491561579200365
9.080665613,-4.947363355712388
9.084364861000001,-4.96849161350533
9.085423549,-4.983470727277647
9.087023542,-4.963645183238392
9.089202886,-4.963645183238392
9.093364438,-4.94172105530654
9.094001502000001,-4.918703653131239
9.095152802000001,-4.921057753226329
9.096566662,-4.921057753226329
9.098471420000001,-4.925502059633607
9.100996015,-4.92153108651947
9.102523562,-4.912541942739998
9.105110495,-4.909827606687297
9.107258604,-4.918096278551546
9.108677965,-4.918096278551546
9.110536657,-4.940217279623022
9.112600089,-4.985431081093487
9.114723211000001,-4.968022469002395
9.117026179,-4.937004477535951
9.118560633000001,-4.937004477535951
9.120984249000001,-4.922758402049472
9.122535439,-4.903929790078958
9.125759682,-4.923051617363807
9.127515305000001,-4.926779640646067
9.12868652,-4.926779640646067
9.130882355,-4.916885718182361
9.134021301,-4.914397576800718
9.134874228000001,-4.914397576800718
9.136579817000001,-4.906447252992034
9.138546886,-4.871877167431932
9.140979764,-4.887895101175035
9.142589317,-4.887895101175035
9.146448216000001,-4.897730380575873
9.147274462,-4.881670558930722
9.149613948,-4.881670558930722
9.150915470000001,-4.854845546459271
9.153372188,-4.854845546459271
9.154648377000001,-4.826382717017746
9.15730959,-4.875927727559961
9.158563337,-4.875927727559961
9.160840464000001,-4.877628376383104
9.162596465,-4.88663008653319
9.166316368,-4.890588493276712
9.167063502000001,-4.879789792128774
9.16884366,-4.879789792128774
9.172093803000001,-4.9079426510951425
9.175313512,-4.905676515594354
9.175340685,-4.905676515594354
9.176541888000001,-4.923948018467631
9.179194064,-4.930532796669556
9.180866868,-4.923713446216163
9.182670852000001,-4.913136750949078
9.185955906,-4.917011381888504
9.187200794,-4.897353389457443
9.189375696,-4.897353389457443
9.190939698000001,-4.894148964950781
9.193563016,-4.894148964950781
9.194825402000001,-4.93279474338014
9.196898239000001,-4.965505006089318
9.199225095000001,-4.974984238322748
9.201883514,-4.974984238322748
9.20273534,-4.9674988702267955
9.205559406,-4.952130198965435
9.207599579,-4.952130198965435
9.208801759,-4.925405717458897
9.210973056,-4.925405717458897
9.21309724,-4.931056395445155
9.214861659,-4.931056395445155
9.216926593,-4.92801533375648
9.218812271000001,-4.955921054100766
9.221398968,-4.9437861288775
9.222725731,-4.911201529874466
9.225991955000001,-4.894831737754161
9.227185096000001,-4.891610558086681
9.229188952000001,-4.891610558086681
9.230704688000001,-4.89917132440632
9.232898059,-4.920890201618137
9.234773369000001,-4.920890201618137
9.236947093000001,-4.910342827882485
9.240048099000001,-4.864287079580859
9.241135700000001,-4.864287079580859
9.243167592,-4.88761026344111
9.246232944,-4.93906955110691
9.24683478,-4.93906955110691
9.250364863,-4.9731160378914145
9.251402127,-4.9731160378914145
9.253609117,-4.937657928807898
9.254797557,-4.917920349362944
9.257354545,-4.917920349362944
9.258736036,-4.912596397012661
9.260828179,-4.912596397012661
9.26435073,-4.947124594670715
9.269020110000001,-4.941021527342341
9.269038341,-4.928982944293786
9.269800923,-4.928982944293786
9.270902305,-4.922754213259268
9.272852164000001,-4.934118401084853
9.27496778,-4.934118401084853
9.278354069,-4.955883354988923
9.280708259,-4.973476273849025
9.281666174,-4.973476273849025
9.282581936,-4.97869550644419
9.285369741,-4.959833384152036
9.287431707000001,-4.954132440683322
9.289223586,-4.954132440683322
9.290818749000001,-4.967842351023588
9.292754981,-4.973371554093906
9.294849762,-4.978649429751938
9.29664106,-4.978649429751938
9.299336128,-4.962153973925488
9.301539108,-4.962153973925488
9.302603242,-4.9255523251160644
9.305614086,-4.924601469739578
9.308798872,-4.940049728014831
9.309487744,-4.940049728014831
9.3108096,-4.971159872865778
9.312745385000001,-4.971159872865778
9.315017216000001,-4.9820214058667895
9.316592952,-4.958932794258007
9.318618286000001,-4.942919049305109
9.321664463000001,-4.927810083036444
9.322573775,-4.924069493383571
9.325956732,-4.952875803621886
9.326744086,-4.952875803621886
9.328649013,-4.985209075212632
9.33063895,-4.985209075212632
9.332529465,-4.959728664396916
9.334842214,-4.867592035052435
9.336647817000001,-4.862942477925123
9.339056831,-4.89397303576218
9.341645549,-4.89397303576218
9.342548061,-4.931609315752186
9.346071828000001,-4.925489493262993
9.34683307,-4.88965020427084
9.348992466,-4.88965020427084
9.35126556,-4.852047434602473
9.352882362,-4.852047434602473
9.354853908,-4.849257700326085
9.356941472,-4.9159139188548515
9.358623592,-4.9159139188548515
9.361539812,-4.954061231249841
9.362547178,-4.954061231249841
9.365427308000001,-4.969413147350383
9.36736235,-4.957391319462646
9.370070024,-4.957391319462646
9.370867713,-4.964910197880237
9.372587054,-4.964910197880237
9.374911477000001,-4.964524829181397
9.377349184,-4.949713267017272
9.378934569,-4.945570553504739
9.381112735,-4.945570553504739
9.385404340000001,-4.956168192722848
9.385726125,-4.964315389671158
9.387214012000001,-4.974594680833704
9.388779979,-4.974594680833704
9.390626573,-4.965169902872934
9.393155725,-4.902241707626428
9.395014757,-4.902241707626428
9.397349235,-4.871734748564969
9.399278895,-4.909287252750879
9.400876248000001,-4.909287252750879
9.403885388,-4.9389732089322
9.405658181,-4.982947128502048
9.407557388,-4.964851554817371
9.40933416,-4.964851554817371
9.41081939,-4.950521703526796
9.413257399,-4.916588314077822
9.414851775,-4.916588314077822
9.41666977,-4.962141407554874
9.418673656000001,-5.031369543269379
9.421935075,-5.031369543269379
9.4230478,-5.039336622238881
9.425154645000001,-5.039336622238881
9.427388153,-5.0171444117339234
9.429073413000001,-5.0171444117339234
9.430680015,-4.940007840112782
9.432638594,-4.940007840112782
9.435708705000001,-4.863851445399561
9.436677532000001,-4.8933782275531
9.438559548,-4.9312365134239595
9.441216561000001,-4.946797869034741
9.442882744,-4.93191928622734
9.445775629,-4.923793033230054
9.446776248,-4.895334392578736
9.449170146,-4.895334392578736
9.453381965,-4.881188848057172
9.454489571,-4.952578399517346
9.455438931,-4.952578399517346
9.45756375,-4.9731244154718235
9.458845788000001,-5.033543525385662
9.461034904,-5.033543525385662
9.462898539000001,-5.040228834552502
9.466251445000001,-5.01386877779378
9.466947726,-4.99418565262149
9.469219241000001,-4.99418565262149
9.470993963,-4.9572028239034305
9.473355978,-4.9572028239034305
9.475954727000001,-4.8473057240906545
9.478123409,-4.829272982259049
9.479102623000001,-4.874587314694429
9.481677328,-4.874587314694429
9.482804047,-4.945478400120233
9.485873810000001,-4.998382820406686
9.487002205000001,-5.00115998831246
9.489471132,-5.00115998831246
9.490893016000001,-4.981279990000543
9.493229244,-4.981279990000543
9.494604471,-4.9355593449152995
9.496646955000001,-4.93994500825971
9.498553970000001,-4.955518930241107
9.500981101,-4.990089015801209
9.503233473,-5.005838866971206
9.505190963,-4.98692229040639
9.506712172,-4.967641289093758
9.508941144000001,-4.967641289093758
9.51062433,-4.93544624757977
9.514636558000001,-4.894995100572148
9.515306358,-4.912001588803581
9.519016032000001,-4.947845066585938
9.51964532,-4.97144889938991
9.520623227,-4.97144889938991
9.5228038,-4.984413205073723
9.52620677,-4.927156631764498
9.52723561,-4.9026940969685455
9.528869425,-4.9026940969685455
9.530678147,-4.92819126294508
9.533228482,-4.953638163439158
9.534629247,-4.962241938519789
9.536587206,-4.955003709045918
9.538848959000001,-4.929003888244809
9.540815741000001,-4.915796632729117
9.542619246000001,-4.915796632729117
9.545975827000001,-4.924425540550978
9.546995733000001,-4.960097277934938
9.549125084,-4.960097277934938
9.551126346,-4.98104122895887
9.553260754,-4.98104122895887
9.554787014,-4.936095510061511
9.556705937,-4.877833627103138
9.558672366000001,-4.85729598872907
9.560854885000001,-4.8394224209252465
9.562775898,-4.84563858558915
9.566082743,-4.874604069855248
9.568437362000001,-4.891128847213131
9.56930343,-4.891128847213131
9.572195649000001,-4.882424541167585
9.57530335,-4.8843890837736295
9.575880045,-4.88977167918678
9.576783406,-4.892071325009208
9.579952259,-4.915323299435977
9.581134887000001,-4.951376216728573
9.584498302,-4.962204239407946
9.585277722,-4.978326892906169
9.587586752,-4.971226893509055
9.589390478,-4.971226893509055
9.590757315000001,-4.944209196688183
9.594221591,-4.894488256957369
9.59659307,-4.899837342048881
9.597330884,-4.899837342048881
9.598995176,-4.896394156500547
9.603130979000001,-4.96515733650232
9.605214928,-4.956369254652679
9.606101267000001,-4.9376244184862585
9.606905103,-4.9376244184862585
9.608969643,-4.933892206413794
9.611140233,-4.933892206413794
9.613092449,-4.917053269790554
9.615435017000001,-4.917053269790554
9.617433688,-4.929309669929758
9.618742641,-4.948548783340342
9.621396449,-4.961592676038047
9.622730916,-4.96025645196272
9.625135509000001,-4.9560257738558855
9.62676822,-4.956331555540835
9.628747567000001,-4.956331555540835
9.630679594,-4.9689858907494955
9.632904536,-4.955724180961141
9.635395907000001,-4.955724180961141
9.637817564,-4.951669432042908
9.639103146,-4.933808430609699
9.640676914,-4.933808430609699
9.642988622,-4.923629670412068
9.646000754000001,-4.894542711230031
9.64688562,-4.894542711230031
9.650103365000001,-4.883986959913969
9.651215204000001,-4.883986959913969
9.652930488,-4.908767842765486
9.65543901,-4.908767842765486
9.656756356,-4.901759996752878
9.659869025,-4.901759996752878
9.660751797000001,-4.9127094943481895
9.662513050000001,-4.935932147243525
9.665888778000001,-4.940146070189541
9.666991851,-4.919717340360798
9.668950009000001,-4.919717340360798
9.670526614,-4.916667901091713
9.673031447000001,-4.952260051461783
9.674644739000001,-4.940284300266299
9.676643658000001,-4.9362840056207276
9.678514449000001,-4.9417461880477696
9.680764037000001,-4.914426898332152
9.682511402000001,-4.897148138737408
9.688022973,-4.908889317681425
9.688054087000001,-4.918883771110045
9.689167372,-4.893654687706617
9.691110495,-4.893654687706617
9.693693794000001,-4.8853148064088865
9.696168869000001,-4.888272092293465
9.700249266,-4.89123356696825
9.700598606,-4.89123356696825
9.702027902000001,-4.894936457509281
9.702849125,-4.894936457509281
9.707851092,-4.852847493531588
9.708263652000001,-4.9212588151561585
9.709087523,-4.9212588151561585
9.71147724,-4.935990790306392
9.712667135,-4.935990790306392
9.715282547000001,-4.954262293179671
9.718308562,-4.961462823541699
9.719668362,-4.961462823541699
9.720798075000001,-4.953231850789293
9.723575082,-4.949537337828671
9.727824536,-4.932932973456898
9.728412695000001,-4.932932973456898
9.730347275,-4.93035267869075
9.731325991,-4.93035267869075
9.73317849,-4.949738399758502
9.735155174,-4.949738399758502
9.738492929000001,-4.971595507047077
9.740159113,-4.952033856790724
9.742607751000001,-4.956515862309845
9.743409855000001,-4.946274270259143
9.747523084000001,-4.943438459290502
9.747574432,-4.93200725082164
9.748854686000001,-4.93200725082164
9.750922858000001,-4.9372013506755765
9.752773138,-4.9372013506755765
9.757320421000001,-4.926896926771801
9.758129144,-4.932078460255122
9.760843248,-4.921166661771653
9.762451225000001,-4.91888795990025
9.763253249,-4.921112207498991
9.766171356000001,-4.908994037436544
9.766906871,-4.908994037436544
9.77145799,-4.88260465914639
9.771810472,-4.891304776401731
9.772946644000001,-4.891304776401731
9.776161032000001,-4.895606663942046
9.777053231,-4.907104893054185
9.779426114000001,-4.914008019311674
9.780803105,-4.9102297305469556
9.783018760000001,-4.921292325477797
9.785524411,-4.917174744706492
9.786877702,-4.917174744706492
9.788759179000001,-4.901927548361069
9.791573603,-4.893374038762896
9.793091160000001,-4.909178344205555
9.79465643,-4.909178344205555
9.796552553000001,-4.9175643021955375
9.799622423,-4.9558330895064655
9.800674979,-4.929724360160032
9.8026503,-4.929724360160032
9.806391388,-4.879823302450411
9.807117919000001,-4.866347964361614
9.808788312,-4.866347964361614
9.812272666,-4.868693686876295
9.815190580000001,-4.894370970831635
9.815889651,-4.920513210499707
9.816633668000001,-4.920513210499707
9.819111976,-4.933837752141133
9.820705872000001,-4.939203592393464
9.822731823,-4.914280290674984
9.827798882,-4.886274039365783
9.828532703,-4.902631265115474
9.8291859,-4.902631265115474
9.83080907,-4.909919760071802
9.832655781000001,-4.9175643021955375
9.834684311,-4.936376159005233
9.836578687000001,-4.9298374574955615
9.839056556000001,-4.935668253460625
9.840729040000001,-4.966510315738466
9.842644583,-4.974561170512066
9.846265719,-4.955527307821516
9.847561142,-4.932752855478092
9.849146841000001,-4.932752855478092
9.850805838000001,-4.898924185784238
9.853540606000001,-4.859633333663341
9.854829109,-4.888205071650189
9.856839303000001,-4.910535512231906
9.859132273,-4.890802121577157
9.861074785000001,-4.890802121577157
9.862674010000001,-4.865962595662774
9.867578113,-4.847632449726628
9.867601116000001,-4.819978056794629
9.868867258,-4.819978056794629
9.870674351,-4.8187633076352405
9.872688017,-4.786660419505758
9.875173062,-4.772929565214468
9.876725146,-4.772929565214468
9.878629548000001,-4.794501834769117
9.882507311000001,-4.813016287474273
9.883222492,-4.813016287474273
9.88559462,-4.849710089668202
9.887339119,-4.849710089668202
9.889041247,-4.854439233809406
9.891293534,-4.854439233809406
9.89334004,-4.815621714981651
9.895398765000001,-4.816869974462677
9.896948163000001,-4.796537586808644
9.898992205,-4.828330504462972
9.900775051,-4.828330504462972
9.904229582000001,-4.866867374347007
9.905847781,-4.863361356945601
9.907186973,-4.848323600110419
9.908798475000001,-4.848323600110419
9.911276706,-4.858715988608492
9.912656613000001,-4.858715988608492
9.914607854,-4.861740295136349
9.916490805,-4.883140824292603
9.919073103,-4.898957696105876
9.921124893,-4.898957696105876
9.924137331,-4.928953622762351
9.926007270000001,-4.96055385606726
9.927560118,-4.98065586026003
9.928760881,-4.9691408759870725
9.930820856,-4.9691408759870725
9.932959631000001,-4.946483709769382
9.934666759,-4.946483709769382
9.936719653,-4.915947429176489
9.939305651,-4.880862122421198
9.940855797000001,-4.904512031917423
9.942597991000001,-4.905722592286606
9.945817843,-4.900985070564992
9.946943967000001,-4.916370496987173
9.948639301,-4.916370496987173
9.950703386,-4.931538106318705
9.952828692,-4.931538106318705
9.954571759,-4.926096867842688
9.956631583,-4.944657397240095
9.958844051,-4.920090142689023
9.960681990000001,-4.896071619654778
9.964276687,-4.888644894621692
9.966222614000001,-4.915197635729832
9.967204949000001,-4.920877635247523
9.968957663000001,-4.920877635247523
9.970822400000001,-4.977761406228522
9.972941140000001,-4.974272143987935
9.975171759,-4.963339401553443
9.976866362,-4.963339401553443
9.979347885000001,-4.9244716172432295
9.981157172000001,-4.880011798009627
9.982931526,-4.880011798009627
9.985555940000001,-4.897336634296623
9.987946433000001,-4.939408843113498
9.988895142,-4.939408843113498
9.991734763,-4.931613504542391
9.993665531000001,-4.884719998199808
9.99497138,-4.884719998199808
9.996922069,-4.8532496173912465
9.998790289,-4.8883265465661285
10.000838959000001,-4.91965869729793
10.002921976000001,-4.91644589521086
10.005766218,-4.914410143171333
10.006861362,-4.915298166694748
10.008967936000001,-4.915298166694748
10.010760561000001,-4.8875432427978325
10.012678934,-4.891644068408319
10.014755844,-4.915821765470346
10.016650572000001,-4.912650851285323
10.018714229,-4.924295688054628
10.021269805000001,-4.935023179769087
10.023135743000001,-4.937561586633187
10.025316956000001,-4.948988606311844
10.02690198,-4.952239107510759
10.028781742000001,-4.952239107510759
10.03122156,-4.953072676761511
10.032993588,-4.9431829430880105
10.03477874,-4.960796805899137
10.036946738000001,-4.9622209945687645
10.038676981,-4.9622209945687645
10.0407314,-4.968089489645671
10.042554989000001,-4.955699048219913
10.04567815,-4.954718871311992
10.04710957,-4.960717218885247
10.048681076000001,-4.960717218885247
10.050602000000001,-4.9896156825080675
10.05452636,-4.999455150699111
10.055305374000001,-4.999455150699111
10.058426965,-4.99771261397392
10.058949498,-4.974288899148754
10.060624064,-4.947371733292797
10.063439223000001,-4.907096515473776
10.065876771000001,-4.8543889683269486
10.068639828,-4.841847730453818
10.069585316000001,-4.841847730453818
10.070847775,-4.89386831600706
10.072562297000001,-4.922473564315546
10.074618916,-4.901638521836939
10.076598827,-4.873343244003607
10.078610587,-4.828162952854781
10.080775601000001,-4.791988560646246
10.083983117,-4.807059827803067
10.086066874,-4.858326431119448
10.087545975000001,-4.8696822413646235
10.088669894,-4.866394041053867
10.090690657000001,-4.866394041053867
10.092624349000001,-4.882156458594478
10.096332509,-4.882487373020656
10.096895191,-4.8949071359778475
10.099715801,-4.900620645817177
10.100735652000001,-4.900620645817177
10.103052088,-4.900989259355197
10.108842441,-4.890684835451423
10.109726080000002,-4.879044187472322
10.110381376000001,-4.867265309416461
10.111313517000001,-4.867265309416461
10.113268311,-4.877950913228872
10.115367045000001,-4.877950913228872
10.118521344000001,-4.8233458441192765
10.119221332,-4.813410033753524
10.12063511,-4.837968910724186
10.122940415,-4.8280456667290474
10.125409811,-4.816396641169535
10.127393307,-4.8204807116192026
10.128729103000001,-4.8204807116192026
10.130722951000001,-4.842727376396824
10.132607474,-4.8733683767448355
10.134584610000001,-4.90779185464777
10.137309912000001,-4.9124204678240595
10.13857314,-4.949315331947818
10.141638761000001,-4.972370433234962
10.142542303,-4.9568844758478665
10.145618724,-4.949461939604985
10.146728705000001,-4.966095625508193
10.148607817,-4.966095625508193
10.150572267000001,-4.972584061535406
10.152663378000002,-4.956892853428277
10.155112499000001,-4.949009550262868
10.156703314000001,-4.949009550262868
10.159186590000001,-4.916454272791269
10.160931727000001,-4.914431087122357
10.163127889,-4.914431087122357
10.166078916,-4.936845303508169
10.166690638,-4.936845303508169
10.170474829,-4.939316689728993
10.171233158000001,-4.9261220005839155
10.172932405000001,-4.9261220005839155
10.174578402,-4.872157816375652
10.177610849,-4.8630639528410615
10.178705630000001,-4.879065131423346
10.180583219,-4.881741768364204
10.18251978,-4.900197578006493
10.185351094000001,-4.902107666339875
10.187116441,-4.882981650264821
10.189077626000001,-4.882981650264821
10.190612624,-4.855256047899339
10.193955679,-4.855256047899339
10.194644272000001,-4.830068852397959
10.196552253,-4.870905368104422
10.198507372,-4.877469202355322
10.201627714,-4.868928259127762
10.202925419000001,-4.868928259127762
10.205418494,-4.884188021843799
10.206746419,-4.884188021843799
10.208804878,-4.903251206065782
10.210627866000001,-4.903251206065782
10.214740367000001,-4.910598344084978
10.215310877,-4.878952034087816
10.216839571000001,-4.884255042487076
10.218928869,-4.884255042487076
10.220559211000001,-4.878332093137508
10.222887677000001,-4.865631681236596
10.225047798,-4.88239521963615
10.226872607,-4.899158758035705
10.228888655,-4.899158758035705
10.230633773000001,-4.897546073806863
10.232519783,-4.919847192857146
10.234469748,-4.925213033109477
10.237901003000001,-4.909396161296204
10.238995695,-4.924379463858724
10.240690365,-4.924379463858724
10.242928539000001,-4.918565423054481
10.247760911,-4.914213270031707
10.247787108,-4.92800695617607
10.250404645000001,-4.9630126759174695
10.251207265000001,-4.9630126759174695
10.252860688,-4.9584678385452765
10.256201157000001,-4.947664948607132
10.257448045,-4.927717929651939
10.258899928,-4.941934683606984
10.260792963,-4.970024710720282
10.262786897,-4.983286420508635
10.265449022,-4.98731603668564
10.266778881,-4.9939385139994075
10.269554198,-4.9939385139994075
10.273005256000001,-4.973241701597558
10.27369376,-4.973241701597558
10.274663767,-4.938470554107626
10.276984218,-4.942311674725415
10.278906429000001,-4.939676925686605
10.280694204000001,-4.939676925686605
10.283814334,-4.954966009934075
10.285808063000001,-4.936007545467212
10.288122964000001,-4.914732680017102
10.289081454000002,-4.914732680017102
10.290858927,-4.9055299079371855
10.29286654,-4.845496166722187
10.294740771,-4.845697228652017
10.297149118,-4.8624942773732105
10.298734060000001,-4.866452684116734
10.302071401000001,-4.873230146668078
10.302878801,-4.868258052694997
10.305637668000001,-4.881381532406593
10.308621902,-4.884539880221001
10.30913259,-4.884539880221001
10.310576399,-4.926356572835384
10.313340794,-4.926356572835384
10.316547452,-4.963569785014705
10.318712554000001,-4.937259993738443
10.320206611000001,-4.920705894849126
10.321864743,-4.920529965660525
10.324370314000001,-4.910405659735557
10.32602288,-4.904947666098721
10.326731163,-4.904947666098721
10.3309347,-4.880640116540345
10.331907575,-4.874771621463439
10.333223026,-4.874771621463439
10.334708643,-4.908516515353198
10.336670738,-4.9105480786025195
10.338988158000001,-4.908558403255246
10.341906043,-4.906179170418928
10.343828761000001,-4.894169908901804
10.344843062,-4.902065778437827
10.347098681,-4.902065778437827
10.350119394,-4.927562944414362
10.351295496,-4.970803825698372
10.352641969,-4.970803825698372
10.354607309,-4.977350904788453
10.358044783,-4.927650909008663
10.360300778000001,-4.895078876376244
10.360988612,-4.898861353931166
10.362799078,-4.902878403737556
10.365714381,-4.9187204082920575
10.368213558,-4.935777162005948
10.369198176000001,-4.935777162005948
10.370798158000001,-4.92996730999191
10.372976676,-4.921853623365239
10.375493610000001,-4.920509021709502
10.377529800000001,-4.9270100241073305
10.379031112,-4.940669668965139
10.380704978,-4.958069903475821
10.382837442000001,-4.963008487127264
10.385395492,-4.9476021167540605
10.3870375,-4.922096573197116
10.389375419,-4.922096573197116
10.390882564,-4.884531502640591
10.393390897000002,-4.884531502640591
10.394980586,-4.9133755119907505
10.397233795,-4.9133755119907505
10.399093505000002,-4.971168250446189
10.400623426000001,-4.931270023745598
10.403001060000001,-4.902379937703187
10.407220031000001,-4.907159347326847
10.407543664,-4.904784303280734
10.408812646000001,-4.904784303280734
10.412125315,-4.911272739307948
10.413946111000001,-4.911272739307948
10.415272638000001,-4.8584227732941585
10.416658552000001,-4.8584227732941585
10.419431155,-4.842228910362454
10.421050854,-4.891392740996031
10.422631379,-4.881352210875159
10.425443482,-4.88769822803541
10.42710188,-4.9007840086351635
10.429429344,-4.9007840086351635
10.430676395,-4.901320173781375
10.433613972,-4.901320173781375
10.434712375,-4.916399818518606
10.436583107,-4.936568843354654
10.439213893,-4.947354978131977
10.440790031,-4.936552088193834
10.442709048000001,-4.936765716494278
10.445350248,-4.925908372283471
10.447476284,-4.91486253251345
10.448794577000001,-4.91486253251345
10.450734293,-4.901713920060625
10.452675959,-4.918473269669976
10.455743810000001,-4.931018696333311
10.456732431,-4.92780589424624
10.459119549,-4.943752618555862
10.460893025,-4.943752618555862
10.462854233,-4.944573621436
10.465525906,-4.944573621436
10.467347058000001,-4.901894038039432
10.468671131,-4.901894038039432
10.47066754,-4.892917460630574
10.473292798000001,-4.914087606325564
10.474726757,-4.91681450874888
10.477758382000001,-4.915369376128229
10.478616093000001,-4.922125894728549
10.481995052,-4.94192211723637
10.484271944000001,-4.943949491695487
10.485717074,-4.929343180251396
10.486882503,-4.914858343723245
10.489385072000001,-4.914858343723245
10.491532876,-4.911448668496549
10.493235630000001,-4.911448668496549
10.494895574000001,-4.903561176540936
10.497585649000001,-4.953122942243969
10.498687049,-4.954618340347078
10.501423158000001,-4.960775861948113
10.502668662000001,-4.931948607758773
10.505623853000001,-4.900708610411477
10.507086726,-4.866523893550215
10.508760665,-4.866523893550215
10.510693532000001,-4.868957580659196
10.513248092000001,-4.892904894259959
10.515653738000001,-4.892904894259959
10.517158039,-4.898186958708195
10.519008406000001,-4.898186958708195
10.520651275,-4.87212849484422
10.524993304,-4.84965563539554
10.525830350000001,-4.84965563539554
10.527411389000001,-4.896997342290036
10.528743251,-4.896997342290036
10.531801781,-4.969928368545572
10.532750615000001,-4.969928368545572
10.534812953000001,-4.959305596586233
10.536677705,-4.915474095883349
10.540942354,-4.9002143331673125
10.541543275,-4.874298288170298
10.542801982,-4.867868495205951
10.547985578,-4.892460882498252
10.548003525,-4.900042592768916
10.549528289000001,-4.880715514764032
10.550791517,-4.880715514764032
10.55457595,-4.893843183265832
10.555466971000001,-4.9169066621333855
10.556876652000001,-4.924668490382855
10.561768861000001,-4.948980228731435
10.561791414,-4.953923001173083
10.562881905000001,-4.947736158040614
10.565764156,-4.94456524385559
10.567524786,-4.938127073310834
10.569652489000001,-4.938127073310834
10.571112013,-4.916269966022258
10.573142896,-4.968273796414681
10.577172606000001,-4.988991552767555
10.577437055,-5.003421935023043
10.578905369000001,-5.012536742508659
10.580892589000001,-5.002714029478435
10.584154937000001,-4.988597806488305
10.586084866,-4.966895684437307
10.587465552000001,-4.966895684437307
10.588673846,-4.930164183131535
10.5915698,-4.898140882015943
10.594414973000001,-4.9058985214752076
10.595355349,-4.9058985214752076
10.596772953,-4.929736926530646
10.60124918,-4.965148958921911
10.602353130000001,-4.9715326751940045
10.603634631,-4.9715326751940045
10.606122650000001,-4.958555803139577
10.608534669,-4.958555803139577
10.609298039,-4.935123710734002
10.610966787,-4.935123710734002
10.612809993,-4.934943592755196
10.615799050000001,-4.962422056498594
10.618274069,-4.962162351505898
10.619250367000001,-4.962162351505898
10.620701551,-4.926582767506442
10.623357399000001,-4.87504389282675
10.627080479,-4.871826901949475
10.627500752000001,-4.880221237519867
10.628833789000002,-4.880221237519867
10.631254803000001,-4.910744951742145
10.632796229,-4.910744951742145
10.63556988,-4.854007788418313
10.637082129000001,-4.8635456637146115
10.638837119000002,-4.905353978748584
10.641079024000001,-4.934260819951815
10.642891200000001,-4.934260819951815
10.646963353,-4.9604742690533685
10.647627966,-4.939790023022133
10.649506872,-4.939790023022133
10.651328208,-4.912734627089418
10.653165497,-4.912734627089418
10.654850281,-4.899359819965535
10.656632161000001,-4.89966979044069
10.658636756,-4.90935846218436
10.662365808,-4.9070169284598855
10.663866259,-4.875642889826035
10.665023444000001,-4.858439528454977
10.666709963,-4.873502418031389
10.669713491000001,-4.873502418031389
10.672203124000001,-4.861865958842492
10.673138708000002,-4.862682772932426
10.674639453000001,-4.877540411788803
10.677437777000002,-4.87632147383921
10.679914125,-4.879806547289593
10.680859676,-4.882684246160281
10.682663703000001,-4.8872248947422685
10.686053738,-4.879806547289593
10.686803831,-4.901563123613252
10.689174920000001,-4.901563123613252
10.690715835,-4.929590318873479
10.694850359,-4.953215095628473
10.697827217,-4.950107013296522
10.698755931,-4.950107013296522
10.700172224000001,-4.9333309085263535
10.701293931,-4.9333309085263535
10.702694138,-4.935701763782261
10.706622725,-4.963230493008118
10.707059296,-4.963230493008118
10.710762136000001,-4.950990848029733
10.712091461,-4.950990848029733
10.712861003,-4.873129615703164
10.71502283,-4.873129615703164
10.717222169000001,-4.861183186039113
10.718981223,-4.882466429069632
10.720725158,-4.877498523886755
10.722800665000001,-4.859298230446958
10.725884848000002,-4.848658703326801
10.726829323,-4.8443149278844375
10.728802693,-4.8443149278844375
10.730683477000001,-4.870063421273259
10.733067735,-4.895506132977132
10.734752358000001,-4.908055748430672
10.736762588000001,-4.926256041870469
10.738867674000002,-4.946693149279622
10.741346167000001,-4.94926506646536
10.74275603,-4.94926506646536
10.745921274,-4.950215921841847
10.746822656,-4.91584270942137
10.748950941,-4.91584270942137
10.750729709,-4.897583772918706
10.752979412,-4.92573244309487
10.754711251,-4.92573244309487
10.757323982,-4.937444300507454
10.759233850000001,-4.929259404447301
10.760660608,-4.903536043799708
10.762871821000001,-4.879894511883893
10.765772574000001,-4.887170440469607
10.767341688,-4.886177697191073
10.768792150000001,-4.886177697191073
10.770619403000001,-4.840716757098527
10.773201861,-4.916873151811747
10.774866321000001,-4.916873151811747
10.776650931,-4.968277985204886
10.778936082000001,-5.005847244551615
10.780674716,-5.000728542921366
10.785156434000001,-4.982582703754232
10.785738047,-4.981560638944264
10.786930966,-4.981560638944264
10.789025133,-4.956406953764521
10.790686907000001,-4.941205834111351
10.793038722,-4.941205834111351
10.79518389,-4.940397397601828
10.797325953000001,-4.94987662983526
10.798745307,-4.94987662983526
10.802290132000001,-4.971855212039774
10.805774908,-4.972424887507624
10.805794627000001,-4.945310848512042
10.806914305000001,-4.933779109078265
10.808783938000001,-4.933779109078265
10.810896448000001,-4.9260256584092055
10.81281676,-4.9260256584092055
10.816126779000001,-4.943492913563166
10.817041774000002,-4.950391851030448
10.819007789,-4.913438343843823
10.820690179000001,-4.913438343843823
10.823935835,-4.886659408064623
10.824970044,-4.857057227687397
10.826753680000001,-4.864060884909801
10.829056094,-4.864060884909801
10.831047017000001,-4.910099878050608
10.833245361000001,-4.910099878050608
10.834621517,-4.922368844560427
10.836619546000001,-4.857597581623816
10.840449304,-4.83406914704353
10.841105444,-4.825239177291841
10.84381973,-4.844528556184882
10.845041440000001,-4.886056222275133
10.846799612,-4.861476401353447
10.848710546000001,-4.861476401353447
10.850992313,-4.85279722804913
10.85284397,-4.857953628791222
10.854613802000001,-4.857953628791222
10.856515576000001,-4.86515415915325
10.858947944,-4.909588845645624
10.862506462,-4.900038403978711
10.865699434000001,-4.9148332109820165
10.865722007,-4.895878935305357
10.866780365,-4.864086017651029
10.869275929,-4.864086017651029
10.870647114,-4.837880946129885
10.873435402,-4.851067257694552
10.875558606,-4.857417463645009
10.876877991,-4.846137051623519
10.878624276,-4.86533846592226
10.881390673,-4.868618288652607
10.884050242,-4.868618288652607
10.884929169000001,-4.883538759362057
10.887381622000001,-4.883538759362057
10.890326575000001,-4.8801625944569995
10.891510264,-4.8801625944569995
10.8926741,-4.868894748806124
10.895104321,-4.868894748806124
10.897783515,-4.917011381888504
10.898679976,-4.956964062861758
10.900797635,-4.98545202504451
10.902532887000001,-5.0006154455858365
10.905831135000001,-4.998776566685936
10.907070199000001,-5.023017095601035
10.908761844,-5.023017095601035
10.910973786000001,-5.030904587556647
10.914828039000001,-5.031813555031086
10.915433408,-5.019481756668195
10.916616845,-5.019481756668195
10.919422723,-5.008435916898173
10.921257856,-5.008435916898173
10.922547394,-4.944058400240811
10.926229225,-4.904528787078242
10.927027534,-4.904528787078242
10.929394436,-4.917011381888504
10.930793002000001,-4.917011381888504
10.932716506,-4.957110670518926
10.935144652,-4.98643220195243
10.936938448000001,-4.9460187540566505
10.939250001000001,-4.891673389939752
10.94126542,-4.843230031221398
10.945497648,-4.837562598074322
10.945969057000001,-4.87278613490637
10.946894265000001,-4.8799782876879885
10.948798408,-4.8799782876879885
10.950682575,-4.872761002165142
10.953806102000001,-4.787347381099342
10.954696709,-4.792847262638227
10.956574488000001,-4.831078350837313
10.958598567000001,-4.872677226361047
10.960884912000001,-4.86885704969428
10.962740911000001,-4.86680873128414
10.965302386000001,-4.875948671510985
10.967742497000001,-4.886504422827046
10.968837650000001,-4.886504422827046
10.970705093000001,-4.88916849339729
10.972780035000001,-4.872668848780637
10.974726061,-4.853040177881008
10.976872856,-4.867097757808271
10.978874645000001,-4.919755039472641
10.981253958,-4.977983412109376
10.982668945,-4.977983412109376
10.985772606000001,-5.01271267169726
10.987516125,-5.034439926489487
10.989644298,-5.034439926489487
10.990665526,-5.014425886891018
10.993100871000001,-4.93702961027718
10.995079989,-4.8938641272168555
10.996957599,-4.8938641272168555
11.000039398,-4.85445180018002
11.001347414000001,-4.901257341928304
11.002710168,-4.953139697404788
11.005230828,-4.994721817767702
11.007277364,-5.015096093323783
11.009176956000001,-5.015096093323783
11.010689359,-5.006911197263631
11.013954562,-5.006911197263631
11.014644134000001,-4.9845975118427335
11.017452756,-4.9308343895643
11.018704375,-4.914883476464474
11.02070671,-4.914221647612117
11.022630021000001,-4.931370554710513
11.026462285000001,-4.952360582426698
11.028155666,-4.98583739374335
11.029025738000001,-4.98583739374335
11.030656724,-5.025940871163975
11.032824704000001,-5.021613850882431
11.035044927000001,-5.001067834927954
11.036678193,-4.937352147122948
11.039834274,-4.867382595542196
11.040858095,-4.822085018267636
11.04261456,-4.826386905807952
11.045829425,-4.8525835997486855
11.047756687000001,-4.8525835997486855
11.049411181,-4.922460997944932
11.050719401,-4.899376575126354
11.052760923000001,-4.834169678008445
11.05487712,-4.832247023304448
11.056568552,-4.832247023304448
11.059039801,-4.860751740648019
11.061934908000001,-4.887936989077083
11.064698394,-4.896364834969114
11.065465519,-4.894291383817744
11.067658247,-4.906832621690874
11.068784095,-4.906832621690874
11.071356557000001,-4.944845892799311
11.072605523,-4.944845892799311
11.074971061000001,-5.010421403455242
11.076896423,-5.011581698341968
11.078867089000001,-5.011581698341968
11.080533027000001,-5.000406006075597
11.082574551,-4.879077697793959
11.089282113000001,-4.847293157720041
11.089313067,-4.858925428118733
11.08994739,-4.92466430159265
11.092172577000001,-4.92466430159265
11.094181184,-4.982603647705256
11.096285417,-4.952264240251988
11.097314072000001,-4.892259820568422
11.098720014000001,-4.828095932211505
11.102556292000001,-4.810456936659149
11.103409764,-4.810456936659149
11.104964462,-4.844637464730206
11.106674016000001,-4.931492029626452
11.10998408,-4.931492029626452
11.111025921000001,-4.952565833146732
11.112748885,-4.9867589275884034
11.114833324000001,-4.990826242877251
11.117021257000001,-4.991948838652133
11.120317815,-5.006798099928102
11.120948939,-5.003040755114409
11.12388879,-5.005168660538439
11.125361164000001,-4.996418277800641
11.126962562000001,-4.980400344057538
11.128794545,-4.980400344057538
11.131070370000002,-4.95418270616578
11.133367961000001,-4.95418270616578
11.134906768,-4.909320763072517
11.136975023000002,-4.9215771632117224
11.138915893,-4.955669726688479
11.141775958,-4.958530670398348
11.142762764,-4.92682571733832
11.145607757,-4.885306428828477
11.146757791,-4.830956875921373
11.14971212,-4.830956875921373
11.151057808000001,-4.830311802229836
11.152862568000002,-4.830311802229836
11.154627739,-4.832402008542025
11.156604182,-4.8078012436693145
11.15958988,-4.792880772959865
11.161542118,-4.817611390328924
11.162779302,-4.817611390328924
11.167132694000001,-4.885067667786804
11.168161036,-4.894446369055321
11.169670572000001,-4.861455457402423
11.171035632,-4.861455457402423
11.173126574000001,-4.8747590550928255
11.174603383000001,-4.884028847816016
11.177127501000001,-4.915918107645056
11.178771520000002,-4.946458577028154
11.180702218,-4.945323414882656
11.182764713000001,-4.933406306750039
11.184740218,-4.911792149293341
11.188046945,-4.858502360308049
11.188938061,-4.858502360308049
11.190821361000001,-4.816936995105954
11.192721516,-4.816936995105954
11.195410815,-4.844758939646145
11.196830429,-4.863566607665636
11.198730276000001,-4.889470086292034
11.200705699,-4.911390025433682
11.204282452000001,-4.933607368679869
11.205349718,-4.968516746246558
11.207408449,-4.9989650622451505
11.208940011000001,-4.9989650622451505
11.211496939,-5.0014657699974086
11.212883312,-4.996644472471699
11.215694169,-4.996644472471699
11.21674346,-4.980974208315593
11.218955177000002,-4.945637574148016
11.220716085000001,-4.927064478379993
11.224633048000001,-4.911545010671259
11.225729954,-4.911545010671259
11.227554470000001,-4.938906188288923
11.228760438,-4.938906188288923
11.231566758000001,-4.98104122895887
11.233388746000001,-4.98104122895887
11.234766813,-4.978243117102073
11.236668849,-4.942340996256848
11.238695451,-4.935999167886803
11.240770394,-4.95329887143257
11.242622926000001,-4.951640110511474
11.247382024,-4.959917159956132
11.247947873000001,-4.988828189949568
11.249127188000001,-4.988828189949568
11.252281836,-4.989226125019023
11.253882573,-4.989226125019023
11.255413673000001,-4.899724244713352
11.257716962,-4.899724244713352
11.260350338,-4.832334987898748
11.261351327,-4.871454099621249
11.264442159000001,-4.9085123265629935
11.265800969,-4.907088137893367
11.267661404,-4.887962121818311
11.269353122,-4.887962121818311
11.271025293000001,-4.861459646192628
11.272988457,-4.845165252296009
11.275441069000001,-4.887145307728378
11.276856144,-4.907264067081968
11.278793441000001,-4.936887191410217
11.280904754000002,-4.949436806863757
11.282785295,-4.970552498286085
11.285931526,-4.9561514375620295
11.287451613,-4.9561514375620295
11.289122378,-4.933335097316558
11.291176577,-4.933335097316558
11.293712717,-4.944523355953542
11.297609498,-4.944523355953542
11.297931471,-4.984605889423143
11.298944073000001,-5.018489013389661
11.300817109,-5.000850017837305
11.302784282000001,-4.98337857389314
11.305679529,-4.960960168717125
11.307376849,-4.936660996739158
11.309454206,-4.936660996739158
11.312244289,-4.905467076084114
11.313270491,-4.902438580766053
11.315028868,-4.902438580766053
11.316824309000001,-4.922775157210292
11.319274042,-4.98750872103506
11.32085267,-4.983927305409968
11.323280841,-4.959494092145449
11.32521663,-4.9454407010083905
11.326803677000001,-4.9454407010083905
11.330196675,-4.934181232937925
11.331261921000001,-4.934181232937925
11.333256141000001,-4.989490018801924
11.334718209,-4.989490018801924
11.337395358,-5.033262876441942
11.338884858,-5.0300752070960995
11.340886913,-5.0300752070960995
11.343510061,-5.001402938144337
11.344953316000002,-4.919775983423665
11.348331210000001,-4.895489377816313
11.349401048,-4.895489377816313
11.350751518000001,-4.867541769569978
11.352967964000001,-4.867541769569978
11.355617823000001,-4.8890302633205325
11.356757899000002,-4.8890302633205325
11.358601491,-4.890048139340296
11.360592374000001,-4.851243186883154
11.362646620000001,-4.834802185329368
11.365133183000001,-4.8205100331506365
11.367264254,-4.822612805833439
11.370405295000001,-4.822612805833439
11.370935816000001,-4.856546195282414
11.372937742000001,-4.905793801720088
11.374895522000001,-4.905793801720088
11.378687658,-4.934105834714238
11.379441185000001,-4.947267013537678
11.382070165,-4.965542705201161
11.384228518,-4.9564991071490265
11.385527675,-4.931232324633755
11.38719294,-4.903410380093564
11.389162912000002,-4.903410380093564
11.390822761,-4.892410617015795
11.393152652000001,-4.847565429083351
11.394702886000001,-4.840540827909925
11.396791929,-4.836787671886436
11.399899212000001,-4.842744131557643
11.400741641000002,-4.833227200212368
11.402863539,-4.842438349872693
11.405479988000002,-4.842438349872693
11.406931507000001,-4.843988202248464
11.409241237000002,-4.843988202248464
11.410702504000001,-4.863826312658332
11.412857346000001,-4.925368018347054
11.414898990000001,-4.945084653840984
11.416841634,-4.975734031769406
11.419200701000001,-4.975734031769406
11.421361311,-4.991701700030052
11.424031322000001,-4.964621171356107
11.425243314000001,-4.939346011260427
11.427250844000001,-4.939346011260427
11.429121188,-4.936866247459193
11.430700358000001,-4.936866247459193
11.432810523,-4.960076333983914
11.435368415000001,-5.001616566444781
11.436649189,-5.001616566444781
11.438718074,-4.986310727036491
11.441163469000001,-4.959251142313572
11.442753178,-4.919089021830079
11.447235017,-4.918393682656085
11.448109870000001,-4.918393682656085
11.448702745,-4.919398992305234
11.450918816000001,-4.919398992305234
11.454221004,-4.97358518239435
11.455309170000001,-5.01242364517313
11.457340882,-5.015330665575251
11.458677589,-5.010500990469133
11.461283948,-5.0156992791132735
11.462709383,-5.0156992791132735
11.467075679,-4.962673383910882
11.468423784,-4.806846199502623
11.469471375000001,-4.806846199502623
11.470689432,-4.754599419278322
11.472654726,-4.754599419278322
11.475512469,-4.827145076835018
11.476606506000001,-4.827145076835018
11.478552492,-4.812036110566353
11.481823102,-4.728289628002059
11.485214631,-4.765079772370698
11.486086235,-4.800198589447627
11.486854981,-4.813343013110247
11.488958679000001,-4.813343013110247
11.490964029,-4.823366788070301
11.493304185000001,-4.823366788070301
11.495531360000001,-4.846484721210517
11.496913882000001,-4.901295041040147
11.498847586,-4.901295041040147
11.500714983,-4.925631912129956
11.502539074000001,-4.9262476642900594
11.505935624000001,-4.912600585802865
11.509082146,-4.889968552326405
11.510490677,-4.889968552326405
11.512196685000001,-4.907088137893367
11.514080360000001,-4.974682645428004
11.514838903000001,-4.974682645428004
11.516979452000001,-4.9640891950001
11.518673558000001,-4.9640891950001
11.520982946,-4.894542711230031
11.524403415,-4.879111208115598
11.525714931000001,-4.9170616473709625
11.527277528,-4.9405481940492
11.530676313,-4.9405481940492
11.531678580000001,-4.9466763941188026
11.533235222,-4.9466763941188026
11.534726995000002,-4.948862942605701
11.537113608,-4.945436512218186
11.538728158000001,-4.945436512218186
11.540715619,-4.985560933589834
11.542692753,-5.020730016149222
11.545177984,-5.030397743941868
11.546779422,-5.037673672527582
11.5487698,-5.037673672527582
11.551471172000001,-5.03387443981184
11.553594757,-5.03387443981184
11.555129971000001,-4.99721414793955
11.560247267000001,-4.99721414793955
11.560973338,-4.925745009465485
11.561679903,-4.898153448386557
11.562778132,-4.89153097107279
11.565670907000001,-4.920203240024552
11.567669066,-4.932229256702494
11.568870617,-4.932229256702494
11.570858461,-4.911054922217299
11.572778666000001,-4.911054922217299
11.574993730000001,-4.8487341015504875
11.576987805,-4.872652093619818
11.580020077,-4.872652093619818
11.581420992,-4.889461708711625
11.582791232,-4.889750735235755
11.585403566,-4.869870736923839
11.587445803000001,-4.86741191707363
11.589280283,-4.86741191707363
11.590751358,-4.893918581489518
11.593222172,-4.906736279516164
11.595149164,-4.911235040196106
11.597196737,-4.921447310715374
11.599329747,-4.921447310715374
11.602109235,-4.916688845042736
11.605421905,-4.946575863153888
11.606209445000001,-4.923152148328723
11.606991412000001,-4.910066367728969
11.609377120000001,-4.910066367728969
11.611977916,-4.9096014120162375
11.613789854,-4.9096014120162375
11.614788716000001,-4.901047902418064
11.616967002,-4.914481352604814
11.619414848,-4.91593905159608
11.620810004,-4.916194567798573
11.622858157000001,-4.924706189494698
11.627409931,-4.921983475861587
11.628413068,-4.9124874884673355
11.629271535,-4.9124874884673355
11.630726885000001,-4.939178459652235
11.633840114,-5.005260813922945
11.635235736,-5.005260813922945
11.637171959000002,-5.022078806595163
11.638627589,-5.022078806595163
11.641700518,-5.006207480509227
11.643872749000002,-4.9719473654242785
11.645425475000001,-4.955657160317864
11.647267327000002,-4.955657160317864
11.648896365,-4.93036105627116
11.650814215,-4.93036105627116
11.652831195000001,-4.9115031227692105
11.654834246,-4.951527013175945
11.656647260000002,-4.986407069211201
11.658576081000001,-5.001453203626794
11.660741984000001,-5.005884943663458
11.662669956,-4.998240401539722
11.665322708000001,-4.991668189708413
11.66974497,-4.979617040289242
11.66976118,-4.979617040289242
11.670696615,-4.94455686627518
11.672726758000001,-4.9215394640998795
11.674721770000001,-4.912680172816756
11.676916255,-4.91672654415458
11.679086980000001,-4.91672654415458
11.681474689,-4.926004714458181
11.684073102000001,-4.926004714458181
11.686142785000001,-4.927466602239652
11.687467953,-4.8965658968989425
11.688775046,-4.8965658968989425
11.692145914000001,-4.882713567691714
11.693236825000001,-4.882713567691714
11.695146739,-4.8459359896936895
11.698890567000001,-4.836712273662751
11.700280097,-4.836712273662751
11.701559511000001,-4.82465274666317
11.702693094,-4.853408791419028
11.707133274,-4.853408791419028
11.708082281000001,-4.869208908071482
11.708671923,-4.869208908071482
11.710840924000001,-4.910363771833509
11.715515418,-4.961090021213472
11.715670472000001,-4.961090021213472
11.717096495000002,-4.994617098012583
11.718597507,-4.994617098012583
11.721854091,-4.981987895545152
11.725767221,-4.889851266200671
11.725796382,-4.883115691551374
11.726841291000001,-4.925300997703777
11.729341434,-4.925300997703777
11.732223717,-4.985221641583247
11.733063300000001,-4.985221641583247
11.735335849,-4.992966714671897
11.737062419,-4.992966714671897
11.739246819,-4.908713388492823
11.740853407000001,-4.821620062554905
11.742739172,-4.8630723304214705
11.746045854,-4.9259879592973626
11.746770527,-4.97497586074234
11.749299942,-4.97497586074234
11.750975886,-5.024994204577693
11.752680547,-5.028864646726916
11.755189508,-5.036969955773178
11.758012718000002,-5.039969129559805
11.759103580000001,-5.039969129559805
11.762885554,-5.0319182747862055
11.763553896000001,-5.006571905257043
11.76601967,-4.979621229079447
11.768919376000001,-4.9578981630774255
11.769752774,-4.9578981630774255
11.770761746000002,-4.919306838920728
11.772676104,-4.919306838920728
11.774620890000001,-4.910971146413203
11.776683462000001,-4.952574210727142
11.779368214000002,-4.952574210727142
11.780765221000001,-4.970958810935949
11.783830119000001,-4.970958810935949
11.786103836,-4.948892264137135
11.787003392,-4.948892264137135
11.788656068,-4.8992299674691875
11.790675182000001,-4.8992299674691875
11.792920669,-4.874394630345009
11.794644487000001,-4.874394630345009
11.79725194,-4.9208064258140425
11.798879662000001,-4.941838341432275
11.800667344,-4.936518577872196
11.802889728,-4.912051854286038
11.805363942000001,-4.886240529044144
11.807043172,-4.875081591938594
11.808678766,-4.875081591938594
11.810663428000002,-4.88123073595922
11.813401721,-4.915206013310242
11.815043206,-4.915206013310242
11.817986082000001,-4.942822707130399
11.819048878,-4.942822707130399
11.821214843,-4.943538990255417
11.824029105000001,-4.913425777473208
11.824794879,-4.859989380830748
11.827046667000001,-4.832263778465268
11.828695622000001,-4.832263778465268
11.830670389000002,-4.838672627478591
11.832946567,-4.932204123961265
11.834562040000002,-4.932204123961265
11.837184961,-4.96976081693738
11.838677669,-4.956268723687764
11.841488323,-4.925296808913573
11.842606215,-4.909936515232621
11.845613598,-4.902023890535779
11.847209398,-4.902023890535779
11.849539448000002,-4.927051912009378
11.851014499000001,-4.927051912009378
11.852701680000001,-4.992233676386059
11.854662416,-4.942433149641354
11.856963098000001,-4.905835689622135
11.858643104,-4.905571795839234
11.860603147,-4.920831558555271
11.863494686000001,-4.96771249852724
11.866433854,-4.991320520121416
11.867167434,-4.99318872055275
11.868811175000001,-4.99318872055275
11.870922041,-4.986101287526252
11.873074144,-4.986101287526252
11.874843126,-4.948733090109352
11.877072098000001,-4.948733090109352
11.879213124000001,-4.909249553639037
11.881080573,-4.909249553639037
11.882573968,-4.912667606446141
11.885683788000001,-4.969689607503899
11.887073520000001,-4.989594738557043
11.88900823,-4.989594738557043
11.890634296,-4.964776156593684
11.89293159,-4.873783066975109
11.894662598,-4.835417937489471
11.896593773000001,-4.812086376048811
11.898537332,-4.849090148717894
11.901863469,-4.874633391386681
11.902993189,-4.874633391386681
11.906024127,-4.892946782162007
11.906845076000002,-4.850417995212811
11.909086461000001,-4.850417995212811
11.911282061000001,-4.830667849397243
11.91344377,-4.830667849397243
11.914759140000001,-4.829746315552191
11.916965431000001,-4.854510443242887
11.919023624000001,-4.854510443242887
11.920962218000001,-4.852575222168276
11.923056934,-4.852575222168276
11.925600256000001,-4.895615041522456
11.927640823,-4.93171822429751
11.928732495,-4.93171822429751
11.930789194,-4.9554854199194684
11.932636431,-4.9563148003800155
11.936041172000001,-4.948498517857884
11.936626147,-4.932652324513178
11.939213492,-4.899003772798128
11.940529695,-4.8976466047717775
11.942694959,-4.896147017878465
11.946126152000001,-4.898078050162871
11.946794355000002,-4.894605543083102
11.949638583,-4.894605543083102
11.952380442,-4.9070169284598855
11.953360639000001,-4.9070169284598855
11.956141714000001,-4.895719761277576
11.956882098000001,-4.90858772478668
11.958599371,-4.922477753105752
11.960590678,-4.940141881399335
11.963684752,-4.967582646030891
11.964811107000001,-4.9742930879389595
11.967628573,-4.963821112426993
11.969913516,-4.9559503756322
11.971065088000001,-4.9559503756322
11.972956376,-4.9421985773898855
11.974892298,-4.9473801108732065
11.976944697,-4.969300050014854
11.980146534000001,-4.984329429269628
11.981134259000001,-4.981003529847027
11.98291824,-4.957123236889539
11.985267815,-4.93495615912581
11.987655184000001,-4.918603122166323
11.988708928000001,-4.918603122166323
11.991335950000002,-4.9160479601414035
11.995002295,-4.9365730321448575
11.995611075000001,-4.9365730321448575
11.996683137000002,-4.937172029144142
11.998504737000001,-4.935588666446733
12.002005297,-4.915293977904543
12.003894014,-4.887153685308787
12.005887405000001,-4.889499407823468
12.00826629,-4.890957106814734
12.009211824000001,-4.890957106814734
12.010736596000001,-4.894601354292898
12.013745111,-4.894601354292898
12.015051577000001,-4.891430440107875
12.016679711,-4.891430440107875
12.018591847000001,-4.912416279033855
12.021607176000002,-4.979922821974192
12.022715538,-4.9831314352710585
12.025713293,-4.967314563457784
12.027019907000001,-4.946006187686037
12.029475605,-4.946006187686037
12.030664104000001,-4.920798048233632
12.0342213,-4.895481000235903
12.035316586,-4.895481000235903
12.036664589,-4.916186190218162
12.038698758,-4.904792680861143
12.041349695000001,-4.89063875875917
12.045435054,-4.8706875510137735
12.045748655,-4.859373628670644
12.046862617,-4.859373628670644
12.048940131,-4.84964725781513
12.051214369,-4.84964725781513
12.053127143000001,-4.882189968916117
12.055156956000001,-4.922917576077253
12.057945420000001,-4.922917576077253
12.058916490000001,-4.940803710251692
12.060745987,-4.944787249736445
12.0642753,-4.946458577028154
12.066032102000001,-4.947518340949965
12.066973552,-4.931223947053345
12.06911633,-4.931223947053345
12.070676464,-4.930222826194401
12.073232608000001,-4.954157573424551
12.076157254,-4.9791353294156915
12.077293252,-4.9791353294156915
12.079225113000001,-4.9770911997957565
12.080922343000001,-4.965932262690205
12.083485099,-4.937377279864177
12.086050271000001,-4.935567722495709
12.086763861000001,-4.935567722495709
12.090077914,-4.927533622882929
12.091063772,-4.927533622882929
12.094506886000001,-4.966472616626623
12.096615748000001,-4.986088721155637
12.097460080000001,-4.9750554477562305
12.098663092,-4.944096099352653
12.100926225,-4.885666664786089
12.103852550000001,-4.840905252657741
12.107070566,-4.813070741746936
12.108005030000001,-4.813070741746936
12.110041002,-4.846107730092085
12.111343559000002,-4.926080112681868
12.113040697,-4.935395982097313
12.115081,-4.908034804479648
12.117322549,-4.873259468199511
12.119142665,-4.873259468199511
12.121667563,-4.827626787708569
12.123114495000001,-4.820794870884561
12.129403905,-4.830713926089496
12.129428779000001,-4.838936521261491
12.130243301,-4.856462419478318
12.131196711000001,-4.856462419478318
12.134799654,-4.854786903396404
12.135561496000001,-4.854786903396404
12.137470411,-4.896607784800991
12.140288949,-4.93181456647222
12.141015839000001,-4.9384831204782405
12.144068476000001,-4.9325015280658056
12.144955579000001,-4.928128431092008
12.146998741,-4.932287899765361
12.149580345,-4.9312365134239595
12.151613168,-4.9312365134239595
12.154440092000002,-4.9090820020308445
12.155283656,-4.9090820020308445
12.158681567,-4.8817250132033845
12.159050745,-4.8808663112114035
12.162761860000002,-4.886437402183769
12.164258624,-4.890404186507703
12.16744062,-4.899058227070791
12.167786288,-4.917493092762055
12.169048909,-4.917493092762055
12.171459859,-4.953340759334617
12.172946234000001,-4.965195035614163
12.175356800000001,-4.965195035614163
12.178313213000001,-4.946739225971874
12.179542177,-4.967561702079867
12.180712585,-4.981418220077301
12.182652742,-5.00074948687239
12.185228760000001,-5.007363586605748
12.186839637,-5.002563233031062
12.188777837,-5.002563233031062
12.190701875,-4.994759516879546
12.193212521000001,-4.969375448238541
12.194697755,-4.969375448238541
12.196699373000001,-4.948356098990922
12.198715496,-4.90691639749497
12.200588522,-4.929921233299657
12.202852508000001,-4.9438740934718
12.205849217,-4.972202881626771
12.206846553,-4.980345889784876
12.209073126000002,-4.980345889784876
12.210689969,-4.958853207244116
12.213204105,-4.904109908057763
12.214837151000001,-4.855377522815278
12.216598741,-4.8514274936521655
12.218860459,-4.890998994716782
12.220852990000001,-4.9338712624627705
12.222600738,-4.949897573786283
12.225520159,-4.9447746833658295
12.227712994000001,-4.920609552674417
12.228790663000002,-4.920609552674417
12.230589528000001,-4.864287079580859
12.232583125000001,-4.855938820702719
12.234818763000002,-4.897625660820753
12.236701909,-4.9145525620382955
12.238651828,-4.933741409966422
12.242104931,-4.941415273621591
12.242843582,-4.929799758383718
12.246559087000001,-4.928589198014535
12.247322216,-4.943262530101902
12.249169408,-4.943262530101902
12.250678413000001,-4.947736158040614
12.253146121,-4.9279273691621786
12.254900852,-4.9279273691621786
12.256680051,-4.922025363763635
12.258954008,-4.972424887507624
12.261611309000001,-5.022150016028644
12.262960527,-5.060041812221142
12.267994778,-5.061290071702168
12.26801211,-5.059329717886327
12.268857681,-5.037673672527582
12.270935475,-5.037673672527582
12.273411987000001,-5.0017547965215385
12.275268441000001,-4.926829906128524
12.277032440000001,-4.926829906128524
12.278640734000001,-4.899506427622703
12.281041488000001,-4.902748551241208
12.284058365,-4.943568311786851
12.288551767000001,-4.983453972116827
12.28911317,-4.996698926744362
12.289853929000001,-5.001909781759116
12.290770446000002,-5.001909781759116
12.292609749,-4.9976078942188
12.295219828,-4.963134150833408
12.297554001,-4.932597870240515
12.298766726,-4.932597870240515
12.301316530000001,-4.914062473584335
12.304304061000002,-4.944632264498868
12.305556105,-4.986926479196596
12.307030325000001,-5.017864883649147
12.308741779,-5.017864883649147
12.310716489,-5.032760221617368
12.312709060000001,-5.033815796748974
12.314728748,-5.015716034274091
12.316866888000002,-5.015716034274091
12.318898185,-4.991395918345102
12.321104955000001,-4.991395918345102
12.32268254,-4.909324951862722
12.325959034,-4.886713862337285
12.326770766000001,-4.87758229969085
12.328923724000001,-4.87758229969085
12.330920078,-4.867076813857247
12.33279905,-4.867076813857247
12.334686827,-4.860588377830033
12.336838042,-4.845056343750684
12.339313245000001,-4.845056343750684
12.341055736000001,-4.840578527021768
12.342586538,-4.839765901722039
12.346042184000002,-4.8655479054325
12.34727084,-4.8655479054325
12.350104323,-4.907150969746438
12.3508659,-4.907150969746438
12.353248050000001,-4.97408364842872
12.354653707,-4.97408364842872
12.35688432,-4.998541994434468
12.358680687000001,-4.9150635944432794
12.360663227000002,-4.850849440603904
12.362528781,-4.824782599159518
12.365733003,-4.832385253381206
12.368193958,-4.906438875411625
12.369529755,-4.906438875411625
12.373729397,-4.990956095373599
12.373882612000001,-4.990956095373599
12.376026761,-5.0364631121583985
12.377709952,-5.0364631121583985
12.378938268,-4.996677982793338
12.380921370000001,-4.913220526753174
12.382863692,-4.876970736320952
12.385768239,-4.857626903155248
12.388460204000001,-4.874675279288729
12.389049035000001,-4.874675279288729
12.391050379000001,-4.952255862671578
12.394378069,-5.010094677819269
12.395049806000001,-5.010094677819269
12.397100184000001,-5.0146855918837145
12.39970497,-4.964009607986209
12.401294918000001,-4.936815981976735
12.402702885,-4.936815981976735
12.405705086000001,-4.911293683258972
12.407360547000001,-4.889754924025961
12.409233514,-4.889754924025961
12.410700721000001,-4.925481115682583
12.412666436,-4.932740289107478
12.414682144,-4.934688076552704
12.416727565,-4.934688076552704
12.418628694,-4.915025895331436
12.420703962000001,-4.898379643057615
12.424123775,-4.907816987388999
12.425394535,-4.896930321646759
12.427579442,-4.853203540698995
12.429021292000002,-4.853203540698995
12.430648992,-4.822771979861222
12.432992897,-4.840750267420163
12.435326202,-4.840750267420163
12.436693603,-4.848822066144788
12.438669622,-4.849999116192333
12.440553681,-4.841009972412861
12.442682940000001,-4.831928675248885
12.447773774000002,-4.8558550448986235
12.448862336000001,-4.9012070764458455
12.449597944,-4.9012070764458455
12.451045096000001,-4.936866247459193
12.453065773,-4.94200170425026
12.454678889,-4.94200170425026
12.457033954,-4.907578226347327
12.459393311000001,-4.907578226347327
12.461300369,-4.883488493879599
12.462708204,-4.876493214237606
12.465492861000001,-4.871558819376369
12.46683973,-4.878181296690136
12.46926825,-4.878181296690136
12.470978406,-4.876442948755148
12.473316718000001,-4.876442948755148
12.476085256000001,-4.913216337962969
12.477006681,-4.92984583507597
12.479558396000002,-4.936120642802741
12.481136453000001,-4.938240170646363
12.482588183,-4.912374391131808
12.486451419000002,-4.878399113780785
12.487216802,-4.878399113780785
12.48860254,-4.917480526391442
12.490641974,-4.9524946237132506
12.49283404,-4.9575881926022705
12.495048422,-4.961387425318012
12.496665666,-4.92868972897945
12.499233397000001,-4.898434097330277
12.500693833000001,-4.903628197184213
12.502622701,-4.902178875773357
12.505740093,-4.908503948982585
12.507218533000001,-4.914401765590924
12.508775625,-4.914401765590924
12.512263997000002,-4.9449673677152495
12.514675496,-4.925430850200126
12.515455463,-4.942353562627463
12.516918668,-4.951254741812635
12.519575028,-4.971277158991513
12.521326827000001,-4.954509431801753
12.522607650000001,-4.951011791980757
12.526679683000001,-4.919306838920728
12.52738644,-4.919306838920728
12.528666548,-4.890634569968965
12.530585989,-4.890634569968965
12.534849415,-4.895552209669384
12.535867442,-4.855800590625962
12.536681181,-4.855800590625962
12.539514092000001,-4.860600944200646
12.540713016000002,-4.849802243052707
12.542508504,-4.832942362478442
12.54602724,-4.839175282303164
12.548215146,-4.84289911679522
12.549548169000001,-4.84289911679522
12.550736188,-4.821641006505929
12.553868115,-4.821641006505929
12.554882670000001,-4.8286739852597655
12.556822642,-4.831861654605608
12.558665481,-4.855813156996576
12.561193152000001,-4.881683125301337
12.563582143000001,-4.899485483671679
12.56494402,-4.937662117598102
12.569196259,-4.953805715047349
12.569891028,-4.953805715047349
12.571219206,-4.956712735449471
12.572919173,-4.9632053602668895
12.575203598000002,-4.935333150244241
12.576929279000002,-4.878131031207678
12.578781835000001,-4.835149854916365
12.581052815000001,-4.848989617752979
12.583449216,-4.880535396785225
12.585706568,-4.880535396785225
12.586884832,-4.929045776146857
12.589385461,-4.929045776146857
12.591077442000001,-4.94721674805522
12.592689888,-4.916567370126798
12.595043796,-4.910631854406615
12.597140885,-4.904696338686434
12.600486752,-4.921045186855715
12.601380212,-4.960105655515348
12.602988941000001,-4.983638278885837
12.605686252,-4.980714503322897
12.607703143,-4.974925595259882
12.609604818000001,-4.974925595259882
12.610972184000001,-4.952854859670863
12.614345329,-4.944129609674293
12.615225145,-4.944129609674293
12.616867560000001,-4.96466724804836
12.618844392000002,-4.980375211316309
12.621066427,-4.957814387273329
12.623283906000001,-4.926289552192108
12.625543966,-4.926289552192108
12.6285159,-4.8737746893947005
12.629393399000001,-4.8737746893947005
12.631372868000001,-4.861690029653891
12.633033260000001,-4.861690029653891
12.636382148000001,-4.94123096685258
12.637394263000001,-4.88956223967654
12.639189792000002,-4.8447002965832775
12.64093197,-4.801869916739337
12.643375607000001,-4.815496051275507
12.649135397,-4.868605722281994
12.649161353,-4.887970499398722
12.650837653,-4.868714630827318
12.653088855,-4.8406581140356595
12.653704956,-4.8406581140356595
12.6558779,-4.834982303308173
12.65710707,-4.857170325022927
12.660072845,-4.871948376865413
12.660792576,-4.871948376865413
12.663258814,-4.854698938802103
12.665362752,-4.829775637083624
12.667207932,-4.829775637083624
12.668883372000002,-4.861271150633412
12.671219729,-4.885876104296328
12.672994638,-4.885876104296328
12.674964751000001,-4.873313922472174
12.677313522,-4.870130441916536
12.68147225,-4.893239997476343
12.682614518000001,-4.908353152535212
12.683093912,-4.91261315217348
12.684938192,-4.9169653051962525
12.688885215,-4.942588134878931
12.689658237000002,-4.935504890642637
12.691611734,-4.935504890642637
12.695889557000001,-4.900817518956801
12.697799788000001,-4.91800412516704
12.697838184,-4.91800412516704
12.699642737000001,-4.9372683713188525
12.700892084000001,-4.922825422692749
12.702730201000001,-4.922825422692749
12.705669744000001,-4.89986247479011
12.708970459000001,-4.827086433772151
12.709595242,-4.827086433772151
12.711872922000001,-4.837344780983673
12.712662398,-4.837344780983673
12.714975015,-4.908529081723813
12.716832051,-4.955250847668
12.71974194,-4.955250847668
12.720789917000001,-4.973769489163361
12.722633311000001,-4.973769489163361
12.725653413000002,-4.969111554455639
12.727076543,-4.943957869275896
12.728664183000001,-4.943957869275896
12.730670587,-4.9487791668016055
12.734066789000002,-4.960310906235382
12.734825485,-4.962794858826821
12.736822225000001,-4.976923648187565
12.738620169,-4.9724290762978285
12.741963254000002,-4.9424499048021735
12.742772460000001,-4.9424499048021735
12.746884828,-4.8941824752724195
12.748272899000002,-4.825297820354707
12.750275127,-4.831279412767143
12.751255455,-4.831279412767143
12.753482131,-4.894999289362353
12.754660245,-4.894999289362353
12.756767571000001,-4.866733333060454
12.759932802000002,-4.822051507945998
12.761238636000002,-4.822051507945998
12.763675580000001,-4.848348732851647
12.766551871,-4.8545230096135015
12.767698039,-4.863931032413452
12.769276093,-4.863931032413452
12.770824811,-4.862971799456556
12.772786251000001,-4.881188848057172
12.775168713000001,-4.894676752516584
12.777149263,-4.894676752516584
12.779970812,-4.923340643887937
12.781459230000001,-4.923340643887937
12.782681697000001,-4.969639342021441
12.785486160000001,-4.912847724424948
12.787146602,-4.878960411668225
12.789231021,-4.878960411668225
12.79149956,-4.856290679079922
12.793579723,-4.856290679079922
12.795140086,-4.87534129693129
12.797016800000002,-4.9234788739646955
12.798774344,-4.929251026866891
12.801111139000001,-4.942005893040466
12.804146439,-4.949327898318432
12.809554161000001,-4.926369139205998
12.810249547000002,-4.911959700901533
12.810278225000001,-4.8940777555173005
12.811312268,-4.870385958119027
12.813103503,-4.870385958119027
12.815007881000001,-4.891853507918557
12.81756137,-4.891853507918557
12.820074557000002,-4.9652411123064155
12.820884253000001,-4.952917691523934
12.822679688000001,-4.961542410555589
12.825452355000001,-4.961973855946682
12.827663184,-4.968030846582803
12.828988103,-4.963720581462078
12.830987746,-4.963720581462078
12.833271062000001,-4.938650672086431
12.834826081000001,-4.8931143337702
12.838810387,-4.893692386818459
12.839428438,-4.893692386818459
12.840739451000001,-4.8825753376149565
12.843183417,-4.925518814794426
12.845891549000001,-4.921979287071381
12.847514850000001,-4.87670684253805
12.849317402,-4.87670684253805
12.850987769000001,-4.820870269108248
12.853037438000001,-4.829218527986388
12.854769966000001,-4.829218527986388
12.858557471000001,-4.822956286630231
12.86034684,-4.846484721210517
12.861558896,-4.868907315176738
12.862593021,-4.902128610290899
12.866490931000001,-4.961605242408661
12.867275787,-5.006697568963187
12.869244877000002,-5.006697568963187
12.870876435000001,-4.997591139057981
12.873528808000001,-4.902932858010218
12.874713054,-4.902932858010218
12.876606035,-4.845827081148365
12.879718093000001,-4.842350385278393
12.880741446,-4.875207255644738
12.882797577000002,-4.87544601668641
12.885927151,-4.848352921641851
12.887053094,-4.837055754459542
12.888614717000001,-4.837055754459542
12.890705683,-4.843674042983105
12.894901212,-4.896176339409897
12.895696677,-4.896176339409897
12.896602159,-4.904834568763191
12.899318073000002,-4.88769822803541
12.90110965,-4.913295924976859
12.902579322000001,-4.913295924976859
12.906052506,-4.925841351640195
12.90753334,-4.9792232940099925
12.909032431,-4.9792232940099925
12.910631873000002,-4.999107481112113
12.913013503,-4.996698926744362
12.914693054,-4.996577451828423
12.916563386,-4.98329898687925
12.918581234000001,-4.961642941520504
12.921124440000002,-4.944192441527364
12.922493004000001,-4.925309375284188
12.926316668,-4.925631912129956
12.928234117,-4.938303002499435
12.929150583,-4.938303002499435
12.930634304000002,-4.964353088783001
12.932624400000002,-4.965098693439453
12.935071184000002,-4.965098693439453
12.936774189000001,-4.957102292938515
12.93920151,-4.936459934809329
12.940654936000001,-4.943471969612141
12.942607930000001,-4.965659991326895
12.945948244,-4.9824360960970635
12.948179787,-5.001365239032493
12.948763278000001,-5.001365239032493
12.950590651,-5.00564199383158
12.95305311,-4.968160699079152
12.955231598000001,-4.940900052426402
12.957060131,-4.904738226588481
12.959133090000002,-4.904738226588481
12.960552497,-4.852030679441653
12.963237418,-4.855222537577701
12.965510517,-4.898417342169458
12.967533938,-4.9360117342574155
12.969264418000002,-4.9360117342574155
12.971369074,-4.921149906610834
12.972733616000001,-4.921149906610834
12.974887632000002,-4.849588614752264
12.977289875,-4.852717641035239
12.979465668000001,-4.852717641035239
12.982676688000002,-4.901609200305505
12.984695038000002,-4.9030040674437
12.985323372000002,-4.915071972023689
12.986839247,-4.924714567075108
12.989024996000001,-4.924714567075108
12.992445846,-4.943903415003234
12.994021875000001,-4.943903415003234
12.994649737000001,-4.989280579291684
12.997019386000002,-4.9828130872154945
12.99913519,-4.953964889075132
13.001280057,-4.935295451132398
13.005088083,-4.917765364125367
13.00553526,-4.917765364125367
13.006912347,-4.937540642682163
13.00890167,-4.937540642682163
13.012229426000001,-4.95926789747439
13.013197495,-4.95926789747439
13.015117977000001,-4.944854270379721
13.017041546000002,-4.90555085188821
13.021582812,-4.891388552205827
13.021609294000001,-4.903653329925442
13.022728427,-4.910648609567435
13.025072560000002,-4.9023045394795
13.027961735000002,-4.9154196416106855
13.02885614,-4.9154196416106855
13.032402820000001,-4.924107192495414
13.035398584000001,-4.936937456892674
13.035592878000001,-4.936937456892674
13.038851759,-4.971926421473254
13.039669313000001,-4.99172683277128
13.04096863,-5.005424176740932
13.042922678,-5.000824885096076
13.046509374000001,-5.000824885096076
13.047294363,-4.976064946195584
13.04932346,-4.976064946195584
13.051101976,-4.935827427488406
13.054218531,-4.935827427488406
13.056467048,-4.885164009961514
13.057066146,-4.885164009961514
13.058824255000001,-4.885302240038272
13.062870406,-4.812827791915058
13.063524663,-4.812827791915058
13.065914871,-4.831183070592433
13.066756172000002,-4.831183070592433
13.069524578000001,-4.869041356463292
13.071203733,-4.870871857782783
13.073199415000001,-4.870871857782783
13.075359963,-4.876690087377232
13.077404855000001,-4.8647897344054325
13.079261735000001,-4.8938934487482895
13.080683565000001,-4.8938934487482895
13.084275507000001,-4.930503475138122
13.085274398000001,-4.930503475138122
13.087894636000001,-4.9931761541821365
13.088879200000001,-4.9931761541821365
13.092241813000001,-4.922155216259982
13.092927461,-4.922155216259982
13.096207007,-4.903649141135237
13.098265656,-4.911875925097437
13.099070793000001,-4.935525834593661
13.100650891,-4.9365437106134245
13.102754076,-4.9365437106134245
13.105726869000001,-4.9148709100938595
13.106883556000001,-4.939739757539677
13.108770192000001,-4.939739757539677
13.110754971,-4.936539521823219
13.113054289,-4.936539521823219
13.116525260000001,-4.919775983423665
13.117132141,-4.876153922231019
13.118767965,-4.904453388854556
13.120692277000002,-4.952817160559019
13.122663574,-4.965412852704811
13.125483268,-4.956582882953122
13.127237821000001,-4.948925774458773
13.128753651,-4.948925774458773
13.130596614000002,-4.9480838276276105
13.132783384000001,-4.959632322222207
13.134792462,-4.97683149480306
13.136683660000001,-4.977070255844732
13.14066899,-4.957366186721417
13.141506827,-4.943333739535383
13.144468031,-4.934637811070246
13.145688304,-4.930901410207577
13.147241847,-4.933846129721542
13.148974989000001,-4.933846129721542
13.152289011,-4.952565833146732
13.153041953,-4.964051495888256
13.155066939000001,-4.964051495888256
13.156646908,-4.97840647992006
13.159370394000002,-4.939019285624453
13.160588325,-4.926406838317841
13.162513535,-4.919294272550114
13.164844903,-4.917790496866596
13.168506227,-4.937662117598102
13.16898589,-4.937662117598102
13.171569854000001,-4.938407722254554
13.173025058,-4.900151501314241
13.174969535,-4.900151501314241
13.176855716,-4.871860412271113
13.17887707,-4.878022122662354
13.181290423,-4.8622722714923565
13.183422499,-4.860085723005458
13.186984777000001,-4.857723245329959
13.187491712000002,-4.867390973122606
13.189119479,-4.867390973122606
13.19100066,-4.855138761773605
13.192714097000001,-4.855138761773605
13.194944391,-4.886382947911107
13.19678387,-4.886382947911107
13.198692028,-4.920802237023837
13.201118939,-4.919549788752606
13.202877773,-4.923621292831658
13.20526708,-4.923621292831658
13.209016162000001,-4.945989432525218
13.209804273000001,-4.945989432525218
13.210632960000002,-4.9537973374669395
13.212581813000002,-4.9449673677152495
13.214570497,-4.927324183372689
13.216862820000001,-4.909098757191664
13.218548394,-4.909098757191664
13.220819847000001,-4.89053403900405
13.223737556000001,-4.892816929665658
13.224860802,-4.890718345773061
13.228393322,-4.881109261043282
13.229265342000001,-4.881109261043282
13.230692640000001,-4.884900116178613
13.233013881000002,-4.884900116178613
13.234692935,-4.872631149668793
13.236676188,-4.90798453899719
13.238757141,-4.926679109681152
13.242796526000001,-4.934055569231782
13.24379345,-4.939877987616434
13.246363563000001,-4.929184006223615
13.247087368,-4.954299992291514
13.249146141,-4.954299992291514
13.252805439000001,-4.970598574978338
13.255260257000002,-4.950961526498299
13.256207837000002,-4.950961526498299
13.256964426000001,-4.935500701852432
13.258801125000002,-4.932304654926181
13.261872031000001,-4.962535153834124
13.262943484000001,-4.984907482317888
13.265344361,-4.976395860621762
13.268344826000002,-4.95976636350876
13.269248032,-4.95976636350876
13.270837189000002,-4.924722944655517
13.272832096,-4.883907372900079
13.276188855000001,-4.900624834607381
13.277138724,-4.916052148931609
13.279248128,-4.927064478379993
13.280850226,-4.913032031193958
13.284303146000001,-4.922884065755616
13.285267318,-4.920069198737999
13.288448859,-4.914493918975428
13.289579734,-4.914493918975428
13.292158755,-4.923734390167188
13.293130892,-4.923734390167188
13.294811712000001,-4.925091558193539
13.298461383000001,-4.922197104162031
13.299094975000001,-4.921841056994624
13.301086978,-4.9291337407411575
13.302642548000001,-4.925724065514461
13.305460114,-4.935056690090725
13.307647533,-4.935513268223047
13.309359491,-4.935513268223047
13.310692956,-4.914598638730549
13.312727892000002,-4.932359109198842
13.315327239,-4.932359109198842
13.316708832000002,-4.927257162729413
13.318972973000001,-4.965898752368568
13.32109482,-4.965898752368568
13.322922918000002,-4.970221583859907
13.325873026,-4.962928900113374
13.327663969000001,-4.957248900595684
13.329054239000001,-4.957248900595684
13.330848954,-4.949327898318432
13.334032867000001,-4.9691408759870725
13.335385659,-4.9752774536370845
13.336888339000001,-4.997867599211497
13.338894105000001,-4.999639457468121
13.341623225000001,-4.993440047965038
13.343030289000001,-4.9729024095909695
13.34545055,-4.941997515460057
13.348576183,-4.932187368800446
13.349510635000001,-4.932187368800446
13.350833775000002,-4.918104656131955
13.352815992,-4.943132677605552
13.355013674,-4.958957926999236
13.356815519000001,-4.971746303494449
13.358640164,-4.972085595501038
13.360679846,-4.9573871306724415
13.363701139000002,-4.931156926410068
13.365586967,-4.91848583604059
13.367417112,-4.918603122166323
13.369234042,-4.918603122166323
13.370757374,-4.962430434079004
13.372718194,-5.001386182983517
13.374672244000001,-4.991119458191586
13.376895095,-4.973262645548582
13.378879334,-4.973262645548582
13.381016563000001,-4.9312951564868275
13.383728206,-4.849395930402843
13.384963666,-4.8458103259875465
13.386741362,-4.861455457402423
13.391470441000001,-4.887555809168448
13.392452087,-4.899070793441405
13.393353225,-4.899070793441405
13.395271734000001,-4.876241886825319
13.396893310000001,-4.876241886825319
13.398903661,-4.836733217613774
13.400576892,-4.82672619781454
13.404773117000001,-4.854439233809406
13.405381501,-4.887128552567559
13.406917012000001,-4.9103260727216655
13.409250638000001,-4.9103260727216655
13.41135891,-4.900515926062056
13.412978939,-4.89868123595236
13.414676708,-4.89868123595236
13.418958515000002,-4.905408433021247
13.419611882000002,-4.944464712890675
13.420984064,-4.944464712890675
13.424220803,-4.941821586271455
13.427513327000002,-4.91415462696884
13.427770988,-4.922280879966126
13.429238197,-4.923336455097733
13.431527410000001,-4.923336455097733
13.434147709000001,-4.9442636509608455
13.434827448,-4.9442636509608455
13.43662413,-4.893369849972691
13.439250886,-4.86495309722342
13.441128468,-4.8745454267923805
13.442720577000001,-4.8889339211458225
13.445030330000002,-4.89564436305389
13.448593614,-4.917715098642909
13.449463300000001,-4.917715098642909
13.450684384,-4.93289946313526
13.454783393000001,-4.921124773869606
13.456144488000001,-4.921124773869606
13.456989413,-4.931647014864029
13.458624904,-4.931647014864029
13.460597468000001,-4.951003414400347
13.462755990000002,-4.982825653586109
13.465897620000002,-4.961672263051938
13.466988445,-4.951719697525365
13.469561295,-4.951719697525365
13.471024078000001,-4.947405243614436
13.472759483,-4.946291025419963
13.475323735000002,-4.938943887400767
13.476635235000002,-4.938943887400767
13.478643352,-4.952155331706663
13.480618616000001,-4.962560286575353
13.482982032,-4.972898220800766
13.486259108,-4.959912971165927
13.487298000000001,-4.948674447046486
13.489659311,-4.948674447046486
13.491448246000001,-4.926138755744735
13.493456003,-4.926138755744735
13.495147399,-4.890986428346167
13.497258523000001,-4.869719940476467
13.500760207,-4.870381769328823
13.501404606000001,-4.878524777486928
13.502904735000001,-4.909794096365658
13.505820496,-4.918925659012093
13.506833812,-4.884045602976836
13.509160366000001,-4.884045602976836
13.510917704,-4.884518936269977
13.513033207000001,-4.846137051623519
13.514700663000001,-4.819018823837733
13.517006271000001,-4.820375991864084
13.518700635,-4.832364309430182
13.521007041,-4.868735574778342
13.524346403000001,-4.89791049855468
13.526704241000001,-4.9099700255542595
13.527892922000001,-4.901102356690727
13.529070619,-4.901102356690727
13.533255425,-4.87710896639771
13.534083859,-4.899552504314955
13.534990731,-4.877699585816585
13.538273337000001,-4.879039998682117
13.539261746000001,-4.877469202355322
13.541548714000001,-4.888464776642886
13.542843984000001,-4.904486899176193
13.546091318,-4.945884712770098
13.549450459000001,-4.997704236393511
13.550364448000002,-4.997704236393511
13.551106921,-5.046532963810705
13.553204292,-5.064058862027531
13.554969216000002,-5.0367730826335535
13.557452914,-4.984920048688503
13.558730366,-4.937067309389023
13.560823055,-4.898819466029118
13.562732155,-4.880501886463588
13.566054284000002,-4.882977461474616
13.56675498,-4.926783829436272
13.568797968,-4.926783829436272
13.570708149000001,-4.9743014655193685
13.573399668,-4.9620660093311875
13.574704778000001,-4.9076536245710125
13.577319652000002,-4.9076536245710125
13.578640328,-4.875089969519003
13.580712737,-4.895351147739555
13.584189836,-4.95772642267903
13.586236873,-4.995764826528694
13.587588057000001,-4.994734384138317
13.589791873000001,-4.994734384138317
13.590985093,-4.9918734404284475
13.593603876000001,-4.9918734404284475
13.594861118,-4.897809967589765
13.597237745000001,-4.897809967589765
13.600666980000002,-4.862787492687546
13.601467725000001,-4.838576285303881
13.602811061,-4.830625961495195
13.605708013000001,-4.828544132763416
13.607652822,-4.820614752905756
13.609037474,-4.820614752905756
13.610875807000001,-4.824837053432181
13.612850206000001,-4.824837053432181
13.615590051000002,-4.8382830699895445
13.617109758000002,-4.8382830699895445
13.619281704,-4.814453042514515
13.621515675000001,-4.8106286770575455
13.622644512,-4.838211860556063
13.625635933000002,-4.881461119420484
13.628235995,-4.934625244699633
13.629294407000001,-4.934625244699633
13.632053802000001,-4.97525650968606
13.633269522,-4.97525650968606
13.636878573,-4.984605889423143
13.637569318,-4.984605889423143
13.638582430000001,-4.941344064188109
13.640541804000001,-4.918393682656085
13.642741658,-4.895426545963241
13.647373781,-4.863239882029663
13.648073568000001,-4.830814457054411
13.649352815,-4.830814457054411
13.650939165,-4.803051155577087
13.653049971000002,-4.803051155577087
13.654956101000002,-4.853911446243603
13.657215697000002,-4.853911446243603
13.658889858,-4.875094158309207
13.660823135000001,-4.875094158309207
13.663387485000001,-4.914590261150138
13.665338737,-4.909027547758182
13.667352227,-4.909027547758182
13.668760205000002,-4.904135040798992
13.671266387000001,-4.919114154571307
13.672736139000001,-4.919114154571307
13.67470937,-4.943601822108489
13.676722014000001,-4.943069845752481
13.679856945000001,-4.924580525788555
13.681253959000001,-4.920643062996055
13.684562132000002,-4.922992974300941
13.685245667,-4.9129021786976095
13.687092007,-4.9129021786976095
13.688727774,-4.933406306750039
13.691267185000001,-4.889084717593194
13.693894028,-4.889084717593194
13.697197540000001,-4.877850382263958
13.698949637,-4.877850382263958
13.699973983000001,-4.940485362196128
13.700706622,-4.940485362196128
13.703159305000002,-4.954220405277622
13.705630690000001,-4.924970083277599
13.707498583000001,-4.924970083277599
13.710155411,-4.889051207271557
13.712466936,-4.909639111128081
13.714073073000002,-4.909639111128081
13.716347266000001,-4.9107700844833735
13.717509414,-4.9107700844833735
13.719165733,-4.93193604138816
13.721018536,-4.872354689515277
13.723132793000001,-4.861932979485768
13.726215562,-4.893432681825763
13.727555693000001,-4.893432681825763
13.729507717,-4.904386368211279
13.730667469,-4.904386368211279
13.732866770000001,-4.854405723487767
13.734946995000001,-4.796181539641237
13.736556337000001,-4.796181539641237
13.738565301000001,-4.824761655208495
13.740723707,-4.9004656605795995
13.742537516,-4.8939227702797234
13.745842184,-4.8687858402607995
13.746694519,-4.8687858402607995
13.748864777000001,-4.859767374949894
13.750687690000001,-4.859767374949894
13.754317109,-4.874541238002176
13.755067627,-4.9111763971332385
13.756588650000001,-4.9111763971332385
13.759252482,-4.894747961950066
13.760889550000002,-4.853190974328379
13.762712896,-4.842605901480884
13.765639495,-4.861509911675086
13.767267324,-4.861509911675086
13.770431295000002,-4.883589024844515
13.771568806000001,-4.883589024844515
13.773857311,-4.838157406283401
13.774994016,-4.838157406283401
13.777282322000001,-4.872890854661491
13.780013535,-4.940531438888381
13.780969349000001,-4.941524182166916
13.782686746000001,-4.931479463255838
13.785623978,-4.9031674302616866
13.786706438000001,-4.9031674302616866
13.788903313,-4.906945719026403
13.790918631,-4.906945719026403
13.792978584,-4.914510674136248
13.795420321000002,-4.944552677484976
13.796791812,-4.944552677484976
13.798618383,-4.947644004656108
13.800616216000002,-4.959050080383741
13.804606292,-4.949043060584507
13.805357211,-4.943606010898694
13.810835379,-4.932246011863314
13.813396915,-4.932246011863314
13.813423265,-4.927818460616854
13.815634169,-4.9204587562270445
13.818214650000002,-4.917019759468915
13.820438468,-4.917019759468915
13.822156194000002,-4.91122247382549
13.823180842000001,-4.863717404113008
13.824441373,-4.863717404113008
13.826618250000001,-4.859662655194775
13.827614738000001,-4.859662655194775
13.829003144000001,-4.898614215309084
13.831490575,-4.8931017673995845
13.83325847,-4.8931017673995845
13.834942433,-4.881653803769903
13.836743782000001,-4.881653803769903
13.839476335,-4.819693219060703
13.840891767,-4.848717346389669
13.842877170000001,-4.849626313864106
13.847975196,-4.884510558689567
13.848006216000002,-4.884510558689567
13.849174276000001,-4.913413211102593
13.850813625,-4.935948902404345
13.852780466,-4.951736452686185
13.855308273,-4.9503332079675815
13.857997687000001,-4.9503332079675815
13.859591296000001,-4.951372027938368
13.860733434,-4.9379427665418225
13.863707756,-4.925761764626304
13.865840214,-4.925761764626304
13.867065446000002,-4.931290967696622
13.869086806,-4.931290967696622
13.872461406000001,-4.942244654082138
13.873562549,-4.942244654082138
13.875062613,-4.929552619761636
13.877051075,-4.929552619761636
13.878748830000001,-4.920739405170766
13.880732465000001,-4.932765421848707
13.884599194000002,-4.917585246146561
13.885308545000001,-4.911352326321839
13.887434033000002,-4.911352326321839
13.888815497000001,-4.92271232535722
13.891678698000002,-4.9129315002290435
13.892726865,-4.9129315002290435
13.894721613000002,-4.905182238350189
13.897467641,-4.905182238350189
13.898932901,-4.91654223738557
13.901013686,-4.958861584824526
13.905189475,-4.976697453516507
13.908111058000001,-4.949026305423687
13.908388795,-4.949026305423687
13.910234484,-4.92329875598589
13.911195475000001,-4.92329875598589
13.914748981,-4.868111445037829
13.917379713,-4.904394745791689
13.917808359,-4.904394745791689
13.919421249,-4.928346248182657
13.920928645,-4.884426782885472
13.923562542,-4.879031621101707
13.925296019000001,-4.887811325370939
13.927471358,-4.887811325370939
13.929063139,-4.879538464716487
13.930876577000001,-4.879538464716487
13.932761608000002,-4.865095516090383
13.934880264,-4.818059590880837
13.937206661000001,-4.818059590880837
13.939354958000001,-4.816384074798922
13.941049343000001,-4.849781299101683
13.942715743,-4.835870326831588
13.945931341000001,-4.835870326831588
13.946870955000001,-4.839342833911356
13.948939816000001,-4.839342833911356
13.950786407,-4.811349148972768
13.953390720000002,-4.871512742684116
13.954997923,-4.892578168623985
13.956869580000001,-4.892578168623985
13.959373596,-4.897872799442836
13.962881421,-4.867763775450832
13.963668608,-4.874017639226578
13.96509058,-4.874017639226578
13.967219064,-4.891782298485077
13.969691321,-4.891782298485077
13.971173768000002,-4.916286721183078
13.97320075,-4.916286721183078
13.975340280000001,-4.922167782630598
13.977051490000001,-4.922167782630598
13.978673355000002,-4.92347468517449
13.982808057000002,-4.930386189012388
13.983715882,-4.928036277707503
13.986712809,-4.903376869771925
13.99043874,-4.904009377092848
13.990475587,-4.904009377092848
13.991449127000001,-4.905613683741282
13.992855758000001,-4.905613683741282
13.994846592,-4.900130557363217
13.997706873,-4.900226899537926
13.999278586,-4.900226899537926
14.001031427000001,-4.880941709435089
14.004225676,-4.900272976230179
14.005592514000002,-4.923244301713227
14.007168834000002,-4.956377632233087
14.009367636,-4.956377632233087
14.011334633,-4.9717253595434245
14.013610183,-4.9717253595434245
14.015203814000001,-4.93956801714128
14.017619358000001,-4.93956801714128
14.018772345,-4.938784713372985
14.021636433000001,-4.934122589875058
14.022834997,-4.934160288986901
14.025602572,-4.950069314184679
14.027697833000001,-4.966397218402936
14.029573956,-4.966397218402936
14.030797917000001,-4.978523766045793
14.033198204000001,-4.917329729944069
14.035849096000002,-4.917329729944069
14.037193404000002,-4.849333098549772
14.038819566,-4.849333098549772
14.040721736,-4.816999826959026
14.043171362,-4.841403718692111
14.045501351,-4.8366243090684495
14.048455252,-4.834090090994554
14.049446335,-4.834090090994554
14.051930837,-4.808006494389349
14.053328439000001,-4.808006494389349
14.055064345000002,-4.847699470369904
14.056779796,-4.910414037315967
14.059634280000001,-4.953499933362399
14.062177689,-4.953499933362399
14.063098793000002,-4.963611672916754
14.065916072,-4.946852323307404
14.067413936000001,-4.938650672086431
14.069521877000001,-4.938650672086431
14.070795684,-4.909764774834225
14.072715648,-4.891489083170741
14.075038549,-4.879571975038124
14.076930871,-4.862548731645872
14.078999549,-4.862548731645872
14.083064865,-4.871671916711898
14.084362117000001,-4.924580525788555
14.085893859,-4.940560760419815
14.086971391,-4.937067309389023
14.090155785,-4.937067309389023
14.092209903,-4.915126426296352
14.093516756000001,-4.915126426296352
14.094691193000001,-4.9287567496227265
14.096962199,-4.994943823648556
14.099174909,-4.996870667142758
14.100704400000001,-4.996870667142758
14.102694125000001,-4.998931551923512
14.106113327000001,-4.988149605936393
14.108126359000002,-4.971059341900864
14.109208786000002,-4.971059341900864
14.110662141,-4.943170376717396
14.113344430000001,-4.943170376717396
14.115986921000001,-4.875542358861121
14.117045069000001,-4.859855339544194
14.120010645,-4.880564718316659
14.121098946,-4.905483831244934
14.122980403000001,-4.923864242663536
14.126037843,-4.936196041026427
14.127160029,-4.937938577751618
14.129459466,-4.937938577751618
14.131570474,-4.921882944896671
14.132717433000002,-4.921882944896671
14.135074806,-4.827953513344542
14.136868224,-4.827953513344542
14.13879022,-4.886797638141381
14.142097988000002,-4.97584294031473
14.143945405,-4.972969430234247
14.145957081,-4.93475509719598
14.147324807,-4.910212975386138
14.150064987,-4.910212975386138
14.150979083000001,-4.923223357762204
14.152869045000001,-4.978825358940537
14.154807613000001,-4.973149548213052
14.157743576000001,-4.9720730291304225
14.159073319,-4.944745361834396
14.160964712,-4.914083417535359
14.162849168000001,-4.888313980195513
14.165759677,-4.87965575084222
14.167521610000001,-4.895945955948634
14.168865105,-4.879324836416042
14.171039569000001,-4.879324836416042
14.173118841,-4.8855368122897405
14.175046877000002,-4.870607963999882
14.176743461000001,-4.893805484153988
14.178711602000002,-4.945495155281053
14.181235888000002,-4.973421819576364
14.182641418000001,-4.960336038976611
14.184761392,-4.93036105627116
14.188580349,-4.915025895331436
14.190234971,-4.911658108006788
14.192060490000001,-4.911658108006788
14.192921235,-4.91681450874888
14.195460676000001,-4.918247074998917
14.196830704000002,-4.918247074998917
14.198655957000001,-4.888234393181623
14.200593692000002,-4.910920880930746
14.203446975,-4.94867025825628
14.205777032,-4.98092813162334
14.207180000000001,-4.98092813162334
14.208759862,-4.987311847895435
14.210981358000002,-4.987311847895435
14.212695258,-4.95762170292391
14.214690998,-4.900838462907825
14.217106724,-4.88632430484824
14.218878230000001,-4.881540706434374
14.220970173000001,-4.91417975971007
14.222826121,-4.949466128395191
14.226244646000001,-4.951832794860894
14.227424274,-4.960583177598693
14.228822894,-4.960583177598693
14.232178709000001,-4.969982822818234
14.233157387,-4.969982822818234
14.234734043000001,-4.910112444421222
14.236734715,-4.915591382009082
14.23882474,-4.938767958212166
14.241269806,-4.9607842395285235
14.242790393000002,-4.937347958332743
14.246047136000001,-4.900771442264548
14.247796497000001,-4.861631386591024
14.249573062000001,-4.861631386591024
14.250856803000001,-4.836963601075038
14.253382358000001,-4.836963601075038
14.25606666,-4.864634749167856
14.257997328,-4.854933511053571
14.260758039,-4.845554809785054
14.261657082000001,-4.827434103359148
14.263171937000001,-4.827027790709284
14.267631847,-4.870314748685547
14.268370192,-4.920366602842539
14.269344655000001,-4.920366602842539
14.271239546,-4.94033875453896
14.272735637,-4.94033875453896
14.275694245,-4.938269492177796
14.27695409,-4.939362766421246
14.278802194,-4.959355862068691
14.280785224,-4.950768842148879
14.282930104,-4.936556276984039
14.286213094,-4.92093627831039
14.287282381,-4.905546663098005
14.288779158,-4.905546663098005
14.292116352,-4.905672326804148
14.293131932000001,-4.92956518613225
14.294788539,-4.911695807118631
14.297535625,-4.899079171021815
14.298951345,-4.910175276274294
14.302532701,-4.935894448131682
14.303112419000001,-4.940590081951248
14.305518087000001,-4.945235450288355
14.307070028,-4.9244632396628205
14.309145042,-4.9244632396628205
14.311221019000001,-4.896251737633584
14.313161186,-4.896251737633584
14.315713476,-4.92643197105907
14.316760685,-4.981564827734468
14.318799157,-4.988777924467111
14.320751078,-4.963578162595115
14.32534721,-4.939743946329881
14.326200968,-4.9158259542605505
14.327329141000002,-4.923541705817768
14.329621305000002,-4.923541705817768
14.330937274,-4.941762943208588
14.333191536000001,-4.941762943208588
14.334783106000001,-4.950986659239527
14.336749264000002,-4.921422177974145
14.338855224000001,-4.910196220225318
14.340767633,-4.904000999512439
14.344500152,-4.915712856925022
14.345848774,-4.9177276650135235
14.346875791,-4.902576810842811
14.34878261,-4.902576810842811
14.351190019,-4.895564776039999
14.353495773,-4.895564776039999
14.354747372,-4.924618224900397
14.356669555000002,-4.98329060929884
14.358707098000002,-4.983860284766691
14.360705979,-4.978925889905454
14.362672051,-4.970121052894992
14.3662553,-4.952075744692771
14.367132209000001,-4.915901352484236
14.369340037,-4.915901352484236
14.370776629000002,-4.895581531200818
14.373507185000001,-4.909107134772073
14.374750578,-4.909107134772073
14.376779086,-4.905039819483226
14.378782597,-4.879789792128774
14.381203981,-4.8610658999133785
14.383052743,-4.861656519332254
14.385979433000001,-4.861656519332254
14.387387062,-4.893834805685422
14.389216959,-4.893834805685422
14.390768943000001,-4.910196220225318
14.393394714000001,-4.9564320865057505
14.395242854000001,-4.9564320865057505
14.396776438000002,-4.9652704338378495
14.399100506000002,-4.965680935277919
14.401657062000002,-4.934403238818779
14.402736969000001,-4.908101825122925
14.406046371,-4.931374743500718
14.407140388,-4.9702006399088825
14.409690581000001,-4.9702006399088825
14.411178635,-4.998244590329928
14.413332722000002,-4.998244590329928
14.416199228000002,-4.983382762683346
14.418845750000001,-4.91614849110632
14.419654258000001,-4.872141061214833
14.421129129,-4.846405134196626
14.424229148,-4.855926254332106
14.425377929000001,-4.879668317212834
14.427392002000001,-4.916357930616559
14.429479289000001,-4.916357930616559
14.431506515,-4.941515804586506
14.432885099000002,-4.920697517268717
14.434813938000001,-4.922473564315546
14.437004615000001,-4.919863948017965
14.438805765000001,-4.939404654323294
14.441038116000001,-4.97193061026346
14.442799484,-4.993163587811522
14.445812484000001,-4.981845476678188
14.447073122,-4.95848040491589
14.448833077000002,-4.95848040491589
14.450864840000001,-4.918154921614412
14.452806886000001,-4.918154921614412
14.455336593,-4.889118227914833
14.456857899000001,-4.935228430489121
14.458817246,-4.954702116151173
14.460738985,-4.947891143278191
14.463040635,-4.9285054222104385
14.467187829,-4.880606606218707
14.468038455,-4.856696991729787
14.46992391,-4.856696991729787
14.471999019,-4.870700117384387
14.472878581000002,-4.89447150179655
14.474849221000001,-4.871646783970669
14.476864665,-4.853806726488483
14.479185110000001,-4.881385721196797
14.481431319,-4.909781529995044
14.484307132000001,-4.909781529995044
14.486136666,-4.92054253203114
14.487097307,-4.92054253203114
14.489150041,-4.882759644383967
14.491575137000002,-4.909492503470914
14.492864974000002,-4.945888901560303
14.495219417000001,-4.9404602294549
14.498179641,-4.948402175683174
14.499481833,-4.921459877085989
14.501107030000002,-4.888448021482066
14.503539126000002,-4.866771032172298
14.506489719000001,-4.896687371814881
14.50723954,-4.911695807118631
14.509321188000001,-4.919202119165608
14.511810070000001,-4.919202119165608
14.512930776000001,-4.917128668014239
14.514951711,-4.907796043437975
14.516872059,-4.908608668737704
14.51905604,-4.908608668737704
14.521041367,-4.929510731859588
14.522970401,-4.929510731859588
14.525820915,-4.975608368063263
14.526798467,-4.996254914982654
14.5298651,-4.996254914982654
14.532399545,-4.986453145903455
14.533940478000002,-4.986453145903455
14.534806496000002,-4.965123826180681
14.536775266000001,-4.9240862485443895
14.539738211000001,-4.92475226618695
14.541180649000001,-4.926155510905554
14.543165304,-4.94427621733146
14.546430543000001,-4.96065857582238
14.548110512000001,-4.989481641221515
14.549405566,-4.989481641221515
14.551278031,-4.990017806367727
14.552748834,-4.990017806367727
14.555055867,-4.961571732087023
14.557057569000001,-4.926222531548831
14.559128029,-4.91163297526556
14.561073452,-4.927491734980881
14.563157185000001,-4.927491734980881
14.566258704000001,-4.936363592634618
14.567203054,-4.936363592634618
14.568850898,-4.958212322342784
14.571069906000002,-4.958212322342784
14.573751485,-4.961219873709821
14.575208951,-4.961219873709821
14.576674805000001,-4.939220347554282
14.578671867,-4.9697566281471754
14.580781723000001,-4.979357335296546
14.583713103000001,-4.963335212763237
14.585194024000002,-4.937796158884655
14.587153181000001,-4.914250969143551
14.589235588000001,-4.914250969143551
14.591309191,-4.90927049759006
14.593176659000001,-4.90927049759006
14.596169686000001,-4.9308343895643
14.599053849,-4.964914386670443
14.599404828,-4.967121879108365
14.601308981,-4.946215627196276
14.603875676000001,-4.924978460858009
14.606360335000002,-4.936476689970148
14.607083094,-4.940502117356948
14.609197515000002,-4.940502117356948
14.610729978,-4.964022174356823
14.612972825000002,-4.94683137935638
14.615607006000001,-4.919503712060353
14.616700943000001,-4.884188021843799
14.618755891000001,-4.871437344460429
14.620765877,-4.877339349858973
14.623062301000001,-4.909337518233337
14.625421975,-4.982410963355835
14.627926226000001,-5.001570489752528
14.629128797000002,-5.001570489752528
14.630952726,-4.990277511360424
14.632817924000001,-4.939894742777254
14.635839219000001,-4.907641058200398
14.636735490000001,-4.893797106573579
14.638677616,-4.890990617136373
14.641096023000001,-4.9065142736353105
14.643553635000002,-4.9065142736353105
14.645620853,-4.931039640284335
14.647826605,-4.931039640284335
14.649108583,-4.9902523786191955
14.651120354000001,-4.9902523786191955
14.652904977,-4.977045123103504
14.654557235,-4.977045123103504
14.657129553,-4.95320252925786
14.658812139,-4.923679935894525
14.660648101000001,-4.923679935894525
14.664123556000002,-4.915235334841676
14.665019194000001,-4.946500464930201
14.666797475000001,-4.946500464930201
14.668643817000001,-4.950538458687616
14.671943271000002,-4.902928669220014
14.673510228000001,-4.890869142220433
14.674607214000002,-4.8789855444094545
14.67716629,-4.8900523281305
14.679286531,-4.8900523281305
14.681932074,-4.895481000235903
14.682760309,-4.921024242904691
14.686344121000001,-4.924178401928895
14.687147502,-4.94113462467787
14.689311853000001,-4.94113462467787
14.691086653000001,-4.957265655756503
14.695754839000001,-4.957265655756503
14.697043972000001,-4.953705184082434
14.699533825000001,-4.950978281659118
14.700800580000001,-4.950978281659118
14.701340277000002,-4.9477654795720465
14.704458817,-4.909919760071802
14.705442325000002,-4.916768432056627
14.707337842000001,-4.9053372235877655
14.708895629,-4.9053372235877655
14.712254211000001,-4.931630259703209
14.713737270000001,-4.931630259703209
14.715194576000002,-4.967159578220207
14.716847567,-4.962681761491291
14.719443866,-4.94358506694767
14.721254638000001,-4.94358506694767
14.724195583,-4.906028373971556
14.72524368,-4.902204008514586
14.727066624,-4.909140645093712
14.729261967000001,-4.909140645093712
14.731279425,-4.943053090591662
14.732903258,-4.972973619024452
14.735208537,-4.93671545101182
14.736806667000002,-4.93671545101182
14.739014539000001,-4.947656571026723
14.740760108000002,-4.964022174356823
14.742548829,-4.969735684196151
14.745259579,-4.959912971165927
14.746957433,-4.936179285865608
14.749203784,-4.936179285865608
14.751175668,-4.915541116526626
14.752752012,-4.915541116526626
14.755237845000002,-4.904558108609675
14.756830428,-4.943685597912585
14.759846983000001,-4.958861584824526
14.76135535,-4.952729195964719
14.763695382000002,-4.931508784787271
14.768314893000001,-4.913668727305085
14.768331151000002,-4.913668727305085
14.769111639,-4.923110260426674
14.771015684000002,-4.923110260426674
14.772997083000002,-4.944984122876069
14.777183769,-4.962120463603851
14.778916172,-4.916278343602668
14.779636786000001,-4.895857991354333
14.780775273000001,-4.906070261873603
14.783822205000002,-4.930189315872763
14.785061299,-4.959205065621318
14.786957633,-4.966535448479695
14.788928375000001,-4.958132735328893
14.791575856000001,-4.958132735328893
14.792937693,-4.917078402531782
14.794922318000001,-4.885700175107727
14.797105409,-4.918125600082978
14.799033548,-4.918125600082978
14.800831239,-4.925686366402618
14.805721729,-4.942098046424971
14.806498085000001,-4.918883771110045
14.807385903,-4.892611678945625
14.809248397000001,-4.892611678945625
14.810871102,-4.895560587249794
14.813146296000001,-4.9209697886320285
14.814997677000001,-4.927776572714807
14.817784742,-4.9415409373277335
14.819265362000001,-4.966958516290378
14.820724954000001,-4.966958516290378
14.822566023,-4.972881465639946
14.826916314000002,-4.907264067081968
14.827687647000001,-4.852705074664625
14.829647426000001,-4.852705074664625
14.830764303,-4.852344838707013
14.833331061,-4.9799186331839875
14.835460025000001,-4.9799186331839875
14.839051376,-5.022979396489191
14.839347153,-5.055836266855536
14.844059144000001,-5.0169140282726605
14.844089609000001,-4.9747454772810755
14.845430944,-4.938709315149299
14.847389029,-4.89918807956714
14.849054996000001,-4.879475632863415
14.851018402000001,-4.879475632863415
14.853171169000001,-4.891061826569853
14.855172624000001,-4.951321762455911
14.857364141000001,-5.000619634376041
14.85943413,-5.000619634376041
14.861035962,-5.0093867722746594
14.862736832000001,-4.996342879576955
14.866207263000002,-4.9818957421606465
14.867786474,-4.959305596586233
14.868760154,-4.959305596586233
14.870687692,-4.930993563592082
14.872940277000001,-4.928639463496992
14.87518281,-4.928639463496992
14.876667190000001,-4.940476984615719
14.878608104000001,-4.966971082660993
14.880757657,-4.979738515205182
14.88383572,-4.945943355832965
14.887657638,-4.896926132856555
14.888158735000001,-4.867235987885029
14.888690057000002,-4.867235987885029
14.892009398,-4.837776226374766
14.892892874000001,-4.879580352618534
14.894948412000002,-4.909676810239924
14.896597635000001,-4.909676810239924
14.90005921,-4.928484478259415
14.902141755,-4.902673153017521
14.905076880000001,-4.895887312885768
14.906542984000001,-4.895887312885768
14.907131991000002,-4.900092858251373
14.908834957000002,-4.900092858251373
14.91056286,-4.955305301940663
14.912720132,-4.957864652755787
14.914750656,-4.933431439491268
14.916670741,-4.908219111248659
14.920123066,-4.880246370261095
14.920961293000001,-4.872957875304767
14.922582413,-4.886294983316807
14.925431771000001,-4.903112975989023
14.927692107,-4.921124773869606
14.929252725000001,-4.921124773869606
14.930887474,-4.923813977181078
14.932943877000001,-4.893612799804568
14.937295619,-4.874876341218559
14.937689435000001,-4.867889439156976
14.938928812,-4.863859822979971
14.940768577,-4.843095989934845
14.943193672000001,-4.85623622480726
14.945587332,-4.889067962432375
14.947199232000001,-4.920605363884212
14.950513480000001,-4.94428459491187
14.951538955,-4.94428459491187
14.953119654000002,-4.942956748416953
14.954828644000001,-4.942956748416953
14.956708953000001,-4.922000231022405
14.960025920000001,-4.938994152883224
14.961043789000001,-4.952184653238096
14.966069962,-4.949022116633483
14.966087897000001,-4.9514139158404165
14.967117813000002,-4.94427621733146
14.968765797000001,-4.94427621733146
14.970702726,-4.933502648924749
14.972880791000001,-4.931667958815053
14.974849769,-4.918351794754037
14.977048743000001,-4.9219457767497445
14.978583395000001,-4.935375038146288
14.980532724000001,-4.965220168355392
14.983404211000002,-4.973660580618037
14.985166901000001,-4.988581051327485
14.986938816,-4.993473558286676
14.989165876000001,-5.004201050001135
14.991616886000001,-5.004201050001135
14.992794348,-5.0024878348073765
14.994603741,-5.0024878348073765
14.996734151,-4.962581230526377
14.998640314000001,-4.851251564463564
15.000568302000001,-4.824535460537436
15.002515289000002,-4.841433040223544
15.005166318,-4.871860412271113
15.007158496,-4.910225541756751
15.009594924000002,-4.910225541756751
15.011122160000001,-4.925229788270297
15.013059782000001,-4.925229788270297
15.014774532,-4.899971383335434
15.016747719000001,-4.8899182868439475
15.018835986000001,-4.873494040450979
15.020731624000002,-4.86329852509253
15.022511042000001,-4.870318937475751
15.025000007000001,-4.882064305209972
15.027345619,-4.885184953912538
15.028979127000001,-4.885184953912538
15.030881299,-4.9090526804994115
15.03338766,-4.9090526804994115
15.036269004000001,-4.936455746019124
15.037147413000001,-4.981414031287096
15.039308775,-4.965098693439453
15.041475901,-4.932543415967854
15.043128975,-4.898354510316387
15.047843359000002,-4.883907372900079
15.047864159000001,-4.90564719406292
15.048911977000001,-4.981380520965457
15.050863176000002,-4.981380520965457
15.053057345000001,-5.047391665802687
15.054782666000001,-5.047391665802687
15.057470394000001,-5.054068597389116
15.058953499000001,-4.972579872745202
15.061748864,-4.933552914407207
15.062716141000001,-4.9010730351592935
15.065428246000002,-4.885553567450559
15.067200468000001,-4.906782356208417
15.069212598000002,-4.906782356208417
15.070769383000002,-4.960277395913744
15.073074047,-5.048124704088524
15.074729845,-5.053436090068193
15.076802181000001,-5.0527616948452225
15.078671341000002,-5.0527616948452225
15.081453121000001,-5.031109838276683
15.082765409,-4.98006942963136
15.087007574000001,-4.950827485211746
15.087551577000001,-4.916785187217447
15.089432380000002,-4.916785187217447
15.090719602,-4.891128847213131
15.094309445,-4.919930968661242
15.094871759,-4.919930968661242
15.096627733000002,-4.947078517978462
15.098736313000002,-4.981556450154058
15.101250387,-4.967821407072565
15.102689577000001,-4.89083144310859
15.106967858,-4.856512684960775
15.108459493000002,-4.864190737406149
15.10960236,-4.912546131530203
15.110803212,-4.912546131530203
15.114100209,-4.976270196915618
15.115801153000001,-5.010144943301726
15.116781675,-4.957370375511622
15.118748173,-4.92613456695453
15.121198133000002,-4.92613456695453
15.124099574,-4.897022475031265
15.124827763,-4.897022475031265
15.126861308,-4.889122416705037
15.128833735,-4.889122416705037
15.132437987000001,-4.93702961027718
15.133216803000002,-4.938487309268445
15.134797174000001,-4.914808078240787
15.136594011000001,-4.883082181229735
15.139224863,-4.8670474923258125
15.141091593,-4.895313448627712
15.143051356,-4.895313448627712
15.144864369,-4.918833505627587
15.146802813,-4.912772326201262
15.149213338000001,-4.912772326201262
15.150926331,-4.932870141603827
15.154588255,-4.963289136070985
15.155207579,-4.988664827131581
15.156770035000001,-4.988664827131581
15.158679909000002,-5.000096035600444
15.160603321000002,-4.984207954353688
15.165514597000001,-4.970506421593832
15.165775393,-4.970506421593832
15.16677931,-4.933619935050483
15.168690505,-4.933619935050483
15.170718337,-4.892226310246784
15.172674167,-4.8808369896799695
15.174603412000002,-4.897613094450139
15.178615639,-4.916357930616559
15.179088579,-4.895782593130647
15.180657907,-4.882830853817448
15.184492123,-4.906556161537359
15.186216789000001,-4.926653976939924
15.187969992000001,-4.939392087952679
15.189040002,-4.939392087952679
15.190868275000001,-4.942261409242957
15.193533719000001,-4.961496333863336
15.194685116,-4.961496333863336
15.196609993000001,-4.9259879592973626
15.198644656,-4.905693270755172
15.200768712,-4.9245595818375305
15.202599852,-4.943308606794154
15.206829244000001,-4.97103839794984
15.208414465,-4.952134387755639
15.209249598000001,-4.952134387755639
15.210668286,-4.899787076566423
15.212983684000001,-4.911888491468052
15.215879773000001,-4.950303886436147
15.216693942000001,-4.962158162715693
15.219198061,-4.9522432963009635
15.220590532000001,-4.881071561931439
15.22251982,-4.818788440376469
15.224974475000002,-4.7864090920934705
15.227541689,-4.80317681928323
15.228628926,-4.80317681928323
15.230591582,-4.86387657814079
15.232651275,-4.875768553532178
15.234614945,-4.861509911675086
15.236612964,-4.868333450918683
15.239410518000001,-4.901223831606665
15.240628524000002,-4.929330613880782
15.242593386000001,-4.951774151798027
15.246474531,-4.9477948011034805
15.248146244,-4.9382234154855436
15.248986688,-4.9382234154855436
15.250653884,-4.923550083398177
15.25324623,-4.839983718812688
15.256584320000002,-4.8525961661193
15.257976687000001,-4.875877462077503
15.259484667,-4.908566780835656
15.261109625000001,-4.9353373390344455
15.262685356,-4.944473090471085
15.267367597000002,-4.930691970697338
15.267672581000001,-4.895799348291467
15.268795307000001,-4.893529024000474
15.271060575000002,-4.893529024000474
15.272636653000001,-4.90477173691012
15.275713973,-4.920333092520901
15.276636298000001,-4.94633291332201
15.278611931,-4.956461408037184
15.280645939000001,-4.95485710138875
15.282546276000001,-4.944217574268594
15.284711569,-4.967264297975327
15.286955001,-4.9753444742803605
15.289795334,-4.9753444742803605
15.290674296,-4.988317157544583
15.292585873,-4.988317157544583
15.294630319000001,-5.010308306119712
15.296561079000002,-4.998835209748803
15.298624803000001,-4.976458692474834
15.300572002000001,-4.951832794860894
15.303403362000001,-4.919118343361513
15.304922802,-4.915310733065362
15.306734112000001,-4.900959937823764
15.309347811,-4.900959937823764
15.311118346,-4.912060231866448
15.312808729,-4.912060231866448
15.314660978000001,-4.896963831968397
15.316708238,-4.831966374360727
15.319282176000002,-4.836217996418585
15.32065571,-4.836217996418585
15.324216081000001,-4.860362183158974
15.326181321000002,-4.902970557122061
15.32737486,-4.902970557122061
15.328905559,-4.908089258752311
15.331645739,-4.908089258752311
15.332958517000002,-4.932941351037308
15.334717662000001,-4.988891021802639
15.337114863000002,-4.991199045205477
15.338808027,-4.993569900461386
15.340758460000002,-4.978896568374019
15.343369813,-4.952205597189121
15.345146002000002,-4.901537990872024
15.348105235,-4.864454631189051
15.348955212000002,-4.864454631189051
15.351057313,-4.834127790106396
15.352672439000001,-4.855553452003879
15.354729142000002,-4.898618404099289
15.356674586,-4.905488020035138
15.360152791,-4.894923891138667
15.362315720000002,-4.882625603097414
15.364398541000002,-4.874897285169583
15.370036501000001,-4.8886239506706675
15.370676898000001,-4.9025684332624015
15.370705714000001,-4.909588845645624
15.372471751,-4.911356515112043
15.373506626000001,-4.911356515112043
15.376212275,-4.896406722871161
15.377355343000001,-4.93623374013827
15.378803616,-4.93623374013827
15.380724021,-4.928492855839825
15.383589649000001,-4.903112975989023
15.385657508000001,-4.897856044282017
15.389003343,-4.899179701986729
15.389891847000001,-4.899179701986729
15.390835181000002,-4.959213443201729
15.39289051,-4.938382589513326
15.394750951,-4.887384068770051
15.397657447,-4.864613805216833
15.398545293000002,-4.864613805216833
15.400516860000002,-4.860940236207235
15.402849145000001,-4.946680582909007
15.405579045000001,-4.982130314412115
15.407400157000001,-4.993528012559339
15.408644912000002,-4.993528012559339
15.410576186,-4.967477926275771
15.412855459000001,-4.967477926275771
15.414625397000002,-4.879865190352461
15.416862651,-4.871303303173876
15.418724459000002,-4.906593860649202
15.420576448,-4.929045776146857
15.424352665,-4.900176634055469
15.425390479,-4.867667433276122
15.42723503,-4.867667433276122
15.428660206000002,-4.8590720357759
15.431032614000001,-4.869028790092677
15.432571087000001,-4.869028790092677
15.435966720000001,-4.88180041142707
15.437233649000001,-4.860755929438224
15.438670927,-4.853065310622236
15.440600991,-4.860701475165562
15.447633761,-4.864295457161268
15.447680798,-4.865979350823593
15.448413026,-4.863390678477034
15.449551935,-4.863390678477034
15.451000189,-4.876036636105285
15.452733386,-4.89966979044069
15.455123965,-4.912437222984879
15.456712039000001,-4.913584951500989
15.458837476000001,-4.921811735463191
15.460873758000002,-4.951811850909871
15.462833315000001,-4.971004887628202
15.467757426,-4.965094504649248
15.467820912,-4.965094504649248
15.468831109000002,-4.943848960730572
15.471146205,-4.943848960730572
15.472706684,-4.890806310367362
15.475288647000001,-4.939924064308686
15.476658586000001,-4.939924064308686
15.478726348,-4.954521998172368
15.480653632000001,-4.926088490262277
15.482682869000001,-4.918946602963117
15.486065449000002,-4.90671533556514
15.487760966000002,-4.910212975386138
15.488752159,-4.910212975386138
15.49075556,-4.957785065741896
15.492998364000002,-4.97917721731774
15.495522481000002,-4.984651966115396
15.496710648,-4.984651966115396
15.498932527000001,-4.971620639788306
15.500729334,-4.950161467569185
15.502888292000002,-4.960164298578214
15.505597881000002,-4.96534164327133
15.506947464000001,-4.975838751524526
15.509458075000001,-4.975838751524526
15.510821698,-4.975671199916334
15.512779111,-4.975671199916334
15.514819833,-4.94799586303331
15.517249080000001,-4.929343180251396
15.519157189000001,-4.929343180251396
15.520959166,-4.933615746260278
15.523241596,-4.917074213741578
15.525706322000001,-4.8945008233279825
15.527267398000001,-4.888435455111453
15.528785324000001,-4.888435455111453
15.530928150000001,-4.8932567526371615
15.533207324000001,-4.8932567526371615
15.535051307000002,-4.913668727305085
15.538184858000001,-4.906459819362649
15.540692980000001,-4.8993849527067646
15.541391394000001,-4.878403302570989
15.544747505,-4.876681709796823
15.547555462000002,-4.916031204980586
15.547828079,-4.916031204980586
15.550267948,-4.951795095749051
15.551375,-4.951795095749051
15.554235715,-4.979529075694941
15.557117533000001,-4.936007545467212
15.557501293000001,-4.936007545467212
15.559123940000001,-4.9130948630470295
15.561122691000001,-4.93240099710089
15.56272444,-4.940158636560155
15.565275237000002,-4.949047249374711
15.566763340000001,-4.958405006692205
15.570376461,-4.951937514616014
15.571295999,-4.951937514616014
15.572738143,-4.910979523993613
15.574793742,-4.882043361258948
15.576698852000002,-4.8699335687769105
15.578601444,-4.869996400629982
15.58128602,-4.868773273890185
15.583508533000002,-4.868362772450116
15.585099516000001,-4.8727023591022744
15.588052437000002,-4.883006783006049
15.589689215000002,-4.883006783006049
15.590765389000001,-4.891396929786236
15.592654214000001,-4.891396929786236
15.594741849000002,-4.870075987643873
15.597621583,-4.89965303527987
15.598735577000001,-4.932727722736864
15.603968830000001,-4.94425108459023
15.603998546000001,-4.948427308424403
15.605232433000001,-4.92574919825569
15.608700591000002,-4.889122416705037
15.609263516,-4.889122416705037
15.611652611,-4.908281943101731
15.612966004,-4.908281943101731
15.615107292000001,-4.942475037543402
15.617510313,-4.939228725134693
15.618709159000002,-4.939228725134693
15.621365043,-4.927307428211869
15.622808585000001,-4.895845424983721
15.625442404000001,-4.897332445506419
15.628262507,-4.9037831824217895
15.629649946,-4.9037831824217895
15.630707874,-4.880983597337138
15.633943358000002,-4.868433981883598
15.634782181,-4.858326431119448
15.638586943000002,-4.8433975828295885
15.639263789000001,-4.859604012131908
15.641002972,-4.889616693949203
15.642656586000001,-4.899263477790825
15.646907122000002,-4.922460997944932
15.647476208,-4.922037930134248
15.648814678,-4.917124479224034
15.651061908,-4.917124479224034
15.653596164000001,-4.930206071033583
15.65487934,-4.930206071033583
15.656503895,-4.931764300989763
15.658590584,-4.883538759362057
15.660653704000001,-4.883350263802842
15.662522326000001,-4.8883935672094045
15.665089687000002,-4.907699701263265
15.667460813000002,-4.9209697886320285
15.669027840000002,-4.9209697886320285
15.670676166000002,-4.911783771712932
15.67350816,-4.911783771712932
15.674604454,-4.9071719136974625
15.676531044,-4.9390611735265
15.679825441,-4.944879403120948
15.680981503000002,-4.962677572701087
15.684348526,-4.96457090587365
15.686768015,-4.941021527342341
15.687643843000002,-4.92104937564592
15.689135653000001,-4.92104937564592
15.691345669,-4.9261890212271915
15.693215907,-4.951874682762942
15.695220367000001,-4.951874682762942
15.698703011000001,-4.970217395069702
15.700621515000002,-4.931605126961982
15.701488667000001,-4.931605126961982
15.702625973000002,-4.9177946856568004
15.705990229000001,-4.9177946856568004
15.708125253,-4.909500881051323
15.709332629,-4.909500881051323
15.711585237000001,-4.927960879483817
15.713656157,-4.981359577014434
15.714848958000001,-4.99252270291019
15.716678942000001,-4.9852551519048856
15.719362059000002,-4.9852551519048856
15.721181971000002,-4.955087484850014
15.722705889,-4.955087484850014
15.72460294,-4.9279943898054555
15.728097483,-4.934084890763215
15.729203408000002,-4.957466717686333
15.730921791,-4.957466717686333
15.734231694000002,-4.958530670398348
15.735386686000002,-4.923658991943501
15.736813986000001,-4.923658991943501
15.739156913,-4.925745009465485
15.741798499000001,-4.871944188075208
15.743099594,-4.8445076122338575
15.745451175000001,-4.8445076122338575
15.74879654,-4.8240998263561385
15.749448168,-4.8240998263561385
15.752218953000002,-4.871521120264525
15.753063520000001,-4.871521120264525
15.755090953000002,-4.868228731163563
15.756940091,-4.852340649916808
15.758850934000002,-4.8987859557074795
15.761724310000002,-4.936204418606836
15.763651465,-4.957521171958994
15.764771585000002,-4.960164298578214
15.767340342,-4.960164298578214
15.769094954000002,-4.96739833926188
15.771057484000002,-4.96739833926188
15.772665068,-4.9432122646194445
15.775135205000002,-4.942952559626748
15.777012905000001,-4.933846129721542
15.779506715,-4.931885775905702
15.780809342000001,-4.919683830039158
15.782632212000001,-4.899284421741849
15.788686724000002,-4.881180470476762
15.789774958,-4.9023171058501145
15.790453731000001,-4.920048254786975
15.79141663,-4.920048254786975
15.792879258000001,-4.921367723701483
15.795169462,-4.908851618569582
15.797182935,-4.908851618569582
15.798958665,-4.907582415137532
15.800762308000001,-4.965659991326895
15.803826449,-5.0106517869165055
15.805344097,-5.022359455538883
15.808148564000001,-5.030372611200639
15.809747523,-5.030372611200639
15.811050414,-5.031084705535453
15.812870065,-4.985489724156354
15.814833712,-4.965035861586381
15.816921933000001,-4.930964242060648
15.818648913,-4.930964242060648
15.821021279000002,-4.893428493035558
15.824100268,-4.908637990269137
15.828831773000001,-4.925908372283471
15.829336758,-4.936175097075402
15.830560354000001,-4.9827837656840614
15.831209883000001,-4.9827837656840614
15.832881239,-4.986763116378608
15.835664337,-4.986763116378608
15.837456734000002,-4.94427621733146
15.838678707000001,-4.925946071395315
15.840788255000001,-4.941197456530942
15.843272972000001,-4.968445536813077
15.845526273,-4.968445536813077
15.846817205,-5.009152200023191
15.850082908000001,-5.009152200023191
15.850953692000001,-5.002182053122427
15.852802074000001,-5.002182053122427
15.854791874000002,-4.963758280573922
15.858075934,-4.935031557349497
15.860377061000001,-4.921388667652507
15.861057753,-4.927944124322998
15.863146329000001,-4.92849704463003
15.865761187,-4.945683650840268
15.869172085,-4.94848595148727
15.869766589000001,-4.94848595148727
15.870816423,-4.923181469860155
15.873061465000001,-4.922486130686162
15.874786543,-4.921170850561857
15.876837158,-4.922360466980018
15.878669538,-4.952683119272466
15.881339400000002,-4.9551377503324705
15.882976610000002,-4.971478220921343
15.884746954,-4.980781523966173
15.887214448000002,-4.973040639667728
15.889086117000002,-4.973040639667728
15.890629065,-4.9759811703914885
15.893667419000002,-4.9759811703914885
15.896099462,-4.961898457722996
15.897643074000001,-4.940862353314559
15.899107154000001,-4.920839936135679
15.90137473,-4.920839936135679
15.905996539,-4.896109318766621
15.906031756,-4.896109318766621
15.906775026000002,-4.901106545480931
15.908700422,-4.901106545480931
15.910719544,-4.993674620216505
15.912948765000001,-4.993674620216505
15.914730879,-4.965869430837134
15.916657872000002,-4.89024501247992
15.918704376,-4.901701353690011
15.921055496000001,-4.924957516906986
15.922788076000002,-4.975051258966025
15.925844040000001,-4.975051258966025
15.926845702000001,-4.989603116137453
15.928870203,-4.989603116137453
15.93062727,-5.0090600466386865
15.932639617000001,-4.978138397346953
15.935031028000001,-4.950898694645227
15.936688504000001,-4.934394861238369
15.939459515000001,-4.924898873844119
15.940797435,-4.938286247338615
15.942613651,-4.959360050858896
15.945505789,-4.974938161630496
15.946872999000002,-4.963134150833408
15.949258329000001,-4.963134150833408
15.950962709,-4.931496218416656
15.952570241000002,-4.931496218416656
15.95477308,-4.87495592823245
15.956561809000002,-4.87495592823245
15.959294811000001,-4.926934625883644
15.960828769,-4.964608604985493
15.963129124000002,-4.958321230888108
15.9656379,-4.9471999928944
15.967162925,-4.926209965178216
15.96936456,-4.926209965178216
15.970907531000002,-4.924249611362376
15.972582127,-4.924249611362376
15.975014336000001,-4.965228545935802
15.976613563,-4.963331023973033
15.979469054,-4.936690318270592
15.980975261000001,-4.904026132253668
15.982788299000001,-4.904026132253668
15.985495139000001,-4.875295220239038
15.987110479000002,-4.879999231639013
15.989209035000002,-4.879999231639013
15.990837367000001,-4.8866175201625754
15.992846023,-4.932991616519765
15.994729598000001,-4.932991616519765
15.996749898000001,-4.952653797741033
15.999651211000002,-4.976056568615174
16.001187741000003,-4.976056568615174
16.002693921000002,-4.968964946798471
16.005403026,-4.968964946798471
16.008183203,-4.934373917287345
16.009472928,-4.934373917287345
16.011358595,-4.883107313970964
16.012788895,-4.883107313970964
16.014844988,-4.968977513169085
16.018167382,-5.058068892034687
16.019082035,-5.056703346427927
16.020743608,-5.042369306347148
16.024790404,-5.001340106291265
16.02539428,-4.956779756092747
16.026855411,-4.9137525031091815
16.029285811,-4.9137525031091815
16.032131459000002,-4.881762712315227
16.033230219,-4.881762712315227
16.035480121000003,-4.909429671617842
16.036891026,-5.015288777673204
16.039508895,-5.016356919175424
16.040772219,-5.017952848243447
16.042656784000002,-5.001775740472563
16.046568059000002,-5.001775740472563
16.047300447,-4.980714503322897
16.048772513,-4.980714503322897
16.050700731000003,-4.941817397481251
16.053126917,-4.956009018695067
16.056357371,-4.956009018695067
16.057417208,-4.982871730278362
16.059527231,-4.995651729193166
16.061211807,-4.995982643619342
16.062736386,-4.995982643619342
16.066252387000002,-4.974150669071997
16.066952396,-4.974150669071997
16.069085165,-4.880317579694577
16.070672429000002,-4.880317579694577
16.073582804,-4.884632033605507
16.074663128,-4.884632033605507
16.076671135,-4.958157868070122
16.07949233,-4.968445536813077
16.08062208,-4.922963652769506
16.083563507,-4.897583772918706
16.085346024,-4.875010382505112
16.086966593,-4.875010382505112
16.088698743000002,-4.8711692618873235
16.090749876,-4.8711692618873235
16.092753423,-4.970728427474686
16.094563522,-4.970728427474686
16.097492582,-4.981518751042216
16.099127368,-4.927856159728697
16.101022686,-4.8866845408058515
16.10378313,-4.875152801372075
16.104903009,-4.875152801372075
16.10911908,-4.8909110301224805
16.110057668,-4.8909110301224805
16.110853036,-4.978062999123267
16.112968468000002,-4.978062999123267
16.116055178,-5.033304764343989
16.116886434,-5.0130729076548715
16.118966101,-4.990528838772711
16.12067761,-4.944498223212314
16.125207691,-4.887178818050017
16.125926983,-4.887178818050017
16.126724585,-4.847691092789496
16.128687966,-4.847691092789496
16.13099369,-4.900922238711921
16.133213268000002,-4.900922238711921
16.134619729,-4.972366244444758
16.137164917,-5.0146269488208475
16.138489255,-5.034381283426621
16.141279259,-5.03516039840471
16.142572756,-5.039793200371204
16.145053873000002,-5.039793200371204
16.147391657,-5.034816917607918
16.148836078000002,-5.034816917607918
16.152174353,-4.983148190431877
16.153165244,-4.983148190431877
16.15478718,-4.921707015708071
16.156621742000002,-4.921707015708071
16.158905063000002,-4.9122361610550485
16.160895751,-4.964214858706243
16.162578305,-5.002039634255465
16.165182415,-5.002039634255465
16.167795956000003,-5.002848070764988
16.168728897,-5.002848070764988
16.170558751,-4.97612358925845
16.172608863,-4.914493918975428
16.174655193,-4.869527256127047
16.176545833000002,-4.839518763099957
16.178571888,-4.851050502533734
16.182567606000003,-4.894090321887914
16.183839323,-4.9320658938845074
16.186173975000003,-4.929318047510168
16.187336468,-4.929318047510168
16.189874036000003,-4.893047313126923
16.190984471,-4.893047313126923
16.193173084,-4.8526129212801195
16.194559361,-4.8526129212801195
16.197248376,-4.889051207271557
16.198682777000002,-4.889051207271557
16.200726571,-4.918326662012808
16.202891016000002,-4.943899226213029
16.206216116,-4.960331850186407
16.207141443,-4.959661643753639
16.212883174,-4.937435922927044
16.212915015,-4.937435922927044
16.213846968000002,-4.899263477790825
16.214841753,-4.899263477790825
16.216988717,-4.8563367557721735
16.219472778,-4.90182282860595
16.221049981,-4.929280348398325
16.224702677,-4.929280348398325
16.225062239,-4.9225322073784135
16.227633027,-4.9225322073784135
16.228818698,-4.942948370836543
16.230815753,-4.9678842389256355
16.232547357,-4.951556334707378
16.235131331,-4.909467370729685
16.236840479,-4.909467370729685
16.240117505,-4.8639896754763186
16.240823479,-4.8639896754763186
16.243332990000003,-4.887245838693293
16.245166570000002,-4.887245838693293
16.246774674,-4.875161178952484
16.248780721,-4.875161178952484
16.251713586,-4.866322831620384
16.254554412,-4.9047298490080715
16.256024924000002,-4.9047298490080715
16.257078422,-4.942558813347497
16.258822773000002,-4.942558813347497
16.262914569,-4.959682587704664
16.263812439000002,-4.954358635354382
16.266965218,-4.936581409725267
16.267535336,-4.954752381633631
16.269482935000003,-4.954752381633631
16.270883734,-4.977589665830126
16.27299567,-4.977589665830126
16.275724143,-4.97438105253326
16.278313924000003,-4.908462061080535
16.280994374000002,-4.87416843567395
16.281715991000002,-4.883580647264106
16.284463154,-4.900176634055469
16.286916443000003,-4.909978403134669
16.287636884,-4.909978403134669
16.289601616000002,-4.918867015949226
16.291542488,-4.918867015949226
16.29267184,-4.91485415493304
16.294732074000002,-4.91485415493304
16.297704095,-4.877959290809282
16.299038809000002,-4.8982791120927
16.300810709,-4.889976929906814
16.303457224000002,-4.897060174143107
16.304898854,-4.903448079205407
16.306836902,-4.895426545963241
16.308845152,-4.895426545963241
16.310565496000002,-4.924237044991762
16.314163987,-4.927014212897535
16.315125367,-4.927014212897535
16.317041031000002,-4.926704242422381
16.318768326,-4.950798163680312
16.320997178000002,-4.9324973392756
16.322534593,-4.930675215536518
16.325575717,-4.930675215536518
16.328669413,-4.942789196808761
16.329528349,-4.942789196808761
16.330624003,-4.962401112547571
16.332709027,-4.9654337966558355
16.335262341,-4.9654337966558355
16.338383864,-4.937909256220185
16.339244236000003,-4.937909256220185
16.340879514,-4.899883418741134
16.342686026000003,-4.9255146260042215
16.345090116,-4.9255146260042215
16.346694353,-4.975377984601998
16.349603101,-4.975377984601998
16.351182338,-4.982637158026893
16.353239696,-4.982637158026893
16.355308434,-4.985271907065704
16.356964956000002,-4.985271907065704
16.360249183,-4.985686597295978
16.362943186000003,-4.959741230767531
16.364079687,-4.959741230767531
16.365561837,-4.934554035266151
16.366982732,-4.922603416811895
16.369623261,-4.922603416811895
16.3710887,-4.923818165971283
16.373616147,-4.923818165971283
16.375249787,-4.909354273394156
16.378148894000002,-4.8854111485835965
16.379833568000002,-4.861962301017203
16.380873889,-4.865116460041406
16.382586193,-4.8656400588170055
16.385916274,-4.903054332926157
16.387354953000003,-4.950668311183964
16.388636842,-4.950668311183964
16.390658842,-4.9625393426243285
16.393527708,-4.887559997958652
16.395076229,-4.887559997958652
16.396642221,-4.863809557497514
16.398537338,-4.88916011581688
16.401936084000003,-4.899632091328846
16.403111919,-4.891095336891492
16.406945092,-4.871500176313501
16.407569868,-4.871500176313501
16.409145364,-4.852809794419744
16.410616002,-4.852809794419744
16.412562172,-4.825570091718019
16.414960230000002,-4.812241361286389
16.416806594,-4.859683599145798
16.419131523,-4.877226252523444
16.42061622,-4.876962358740543
16.422577864,-4.910686308679279
16.425658464,-4.917895216621715
16.428186926000002,-4.92054253203114
16.429279349,-4.92054253203114
16.430710309000002,-4.941306365076267
16.43279043,-4.941306365076267
16.434811834,-4.939756512700496
16.436665744000003,-4.883643479117177
16.440194034,-4.8516578771134276
16.441130501,-4.845257405680514
16.443404642,-4.879580352618534
16.446209823,-4.927562944414362
16.446945718000002,-4.965178280453344
16.449412802,-4.965178280453344
16.450812178,-4.954036098508612
16.45428399,-4.903037577765337
16.455225343000002,-4.903037577765337
16.458111248,-4.888238581971828
16.45918715,-4.898739879015227
16.461623217,-4.892427372176614
16.463673538000002,-4.857664602267092
16.466098581,-4.834421005420732
16.466875186,-4.834421005420732
16.470878640000002,-4.848629381795368
16.471768857,-4.848629381795368
16.473608916,-4.92270394777681
16.475194255,-4.92270394777681
16.47696999,-4.951878871553147
16.480010041,-4.969157631147891
16.481017648,-4.989192614697384
16.485928979,-4.99281172943432
16.485947438,-4.975528781049372
16.486913697000002,-4.967155389430003
16.488844151000002,-4.967155389430003
16.490680835000003,-4.942089668844561
16.492965303000002,-4.931626070913005
16.494899409000002,-4.93044064328505
16.496753862000002,-4.936384536585642
16.498724396,-4.938571085072541
16.500808352,-4.944996689246683
16.503358931,-4.9196293757664975
16.505209535000002,-4.878461945633856
16.507449825000002,-4.837503955011455
16.508695192,-4.85123062051254
16.510687002,-4.869887492084659
16.513152115,-4.876354984160849
16.514711285,-4.888251148342442
16.516582756000002,-4.888251148342442
16.518697952,-4.870528376985991
16.520557801000002,-4.910883181818903
16.522539254,-4.942831084710808
16.524783827,-4.975809429993092
16.527132632,-4.980433854379176
16.529050732,-4.980433854379176
16.530660503,-4.955095862430423
16.53656373,-4.865384542614513
16.536876949,-4.8057361700983545
16.537481436,-4.802921303080739
16.540325223,-4.853136520055718
16.540973112,-4.8882972250346945
16.542579838,-4.90388790217691
16.546886261,-4.886893980316091
16.547260992000002,-4.856303245450537
16.549158505,-4.856303245450537
16.550742018,-4.820405313395517
16.553185436,-4.820405313395517
16.554566008000002,-4.85182542872162
16.556538696,-4.888883655663364
16.558663522,-4.900398639936322
16.562188902000003,-4.895041177264401
16.565555537,-4.893533212790677
16.565907142,-4.918393682656085
16.568199016,-4.949001172682459
16.569051613000003,-4.949001172682459
16.572259013,-4.976785418110808
16.57350823,-4.977870314773846
16.575328456,-4.977870314773846
16.578289757,-4.958585124671011
16.579458066,-4.893797106573579
16.580764059,-4.893797106573579
16.582716357000002,-4.907150969746438
16.585883627,-4.933992737378709
16.586796912,-4.928760938412931
16.589145495,-4.928760938412931
16.590605871,-4.910946013671975
16.594932356,-4.8650033627058775
16.595509800000002,-4.8650033627058775
16.596624277,-4.857115870750265
16.598590962,-4.849358231291
16.60056848,-4.846777936524852
16.602737294,-4.8503844848911735
16.606012267,-4.86387657814079
16.607430131,-4.890060705710909
16.608983761,-4.890060705710909
16.610701796,-4.897097873254951
16.612713183,-4.882717756481919
16.614725605,-4.8827973434958105
16.617230665,-4.8827973434958105
16.621766077,-4.9345666016367655
16.62252678,-5.005918453985096
16.62372098,-5.011644530195039
16.625903107000003,-4.994030667383913
16.62682699,-4.949151969129831
16.62929024,-4.949151969129831
16.630732691000002,-4.889461708711625
16.633184518,-4.8518086735608
16.634667874,-4.8518086735608
16.637501365000002,-4.870767138027664
16.638900981000003,-4.935375038146288
16.640718045,-4.917107724063215
16.642698794,-4.891857696708763
16.646955974,-4.8751737453230986
16.647865,-4.882847608978267
16.65015227,-4.902254273997043
16.651382509,-4.902254273997043
16.652865779000003,-4.934336218175502
16.654893934,-4.939337633680017
16.657095129000002,-4.939337633680017
16.658731219,-4.930231203774811
16.660651654000002,-4.900599701866152
16.662855058,-4.892565602253373
16.666157011000003,-4.931060584235358
16.66894636,-4.942571379718111
16.66967416,-4.942571379718111
16.670815268000002,-4.9105774001339535
16.673194713,-4.888636517041283
16.675205227,-4.888636517041283
16.677542797,-4.883015160586459
16.678787004,-4.883015160586459
16.681023423000003,-4.925690555192823
16.682687811,-4.932375864359662
16.685115157000002,-4.962840935519073
16.687421702,-4.982574326173822
16.689213151,-4.982574326173822
16.691003146,-4.986415446791611
16.693104577,-4.986415446791611
16.696367824,-4.877812683152114
16.697800507,-4.866234867026084
16.699604945,-4.866234867026084
16.700651147000002,-4.886956812169163
16.704140925,-4.886956812169163
16.704971993,-4.887132741357764
16.707158007,-4.813946198899736
16.708637027,-4.813946198899736
16.711871607000003,-4.860626076941876
16.71405482,-4.860626076941876
16.716140498,-4.982343942712558
16.719283223,-4.936204418606836
16.719604879000002,-4.881381532406593
16.721995554,-4.869259173553941
16.724108553,-4.883362830173456
16.725201333,-4.910225541756751
16.727773957,-4.910225541756751
16.729112540000003,-4.922230614483669
16.730747488000002,-4.922230614483669
16.733091436000002,-4.927278106680437
16.734612823000003,-4.927278106680437
16.736803767,-4.925137634885791
16.739009988,-4.903799937582609
16.740574396,-4.903799937582609
16.742530998,-4.870499055454557
16.74622614,-4.8676087902132545
16.746982793,-4.872576695396131
16.748653758,-4.872576695396131
16.750567624000002,-4.875919349979551
16.752825683,-4.885721119058751
16.754681963,-4.861262773053004
16.756734651000002,-4.847201004335536
16.758779733,-4.833562303428751
16.761642024,-4.848147670921818
16.762704424000002,-4.847104662160826
16.766047863,-4.880003420429218
16.766700388,-4.910954391252384
16.768861581,-4.910954391252384
16.77077312,-4.914250969143551
16.773162747,-4.917342296314683
16.774709318,-4.927303239421666
16.776582107,-4.927303239421666
16.779337431000002,-4.942194388599681
16.780599584,-4.996502053604737
16.785243937,-4.987186184189292
16.785616281,-4.987186184189292
16.786736814,-4.947874388117372
16.789271183,-4.947874388117372
16.792431349,-4.879345780367066
16.793435478000003,-4.879345780367066
16.794834727,-4.895078876376244
16.796662601,-4.951552145917174
16.799297890000002,-4.96633857534007
16.800846368000002,-4.96633857534007
16.804159686000002,-4.92565285608098
16.809244764000002,-4.8302657255375845
16.809922818,-4.832477406765711
16.809957532000002,-4.857585015253201
16.810733381000002,-4.857585015253201
16.812710994,-4.880614983799116
16.814616982,-4.86211728625478
16.81807023,-4.864450442398845
16.818923628,-4.864086017651029
16.821024014000002,-4.864086017651029
16.82309133,-4.9055885510000525
16.827960309,-4.999685534160374
16.828290116,-5.001859516276658
16.829104020000003,-5.001859516276658
16.830797535000002,-4.993393971272785
16.833220605,-4.993393971272785
16.835572148,-4.948498517857884
16.836717331000003,-4.902920291639604
16.838696728000002,-4.872773568535756
16.842148021,-4.871722182194355
16.844557536,-4.904114096847968
16.845577947000002,-4.922238992064078
16.848501888,-4.926163888485964
16.849529533000002,-4.926163888485964
16.850999395000002,-4.928886602119075
16.855154856000002,-4.885021591094552
16.855678404000003,-4.885021591094552
16.85709735,-4.89153097107279
16.859293403000002,-4.951975213727858
16.860759959000003,-4.952674741692057
16.863763215000002,-4.9489341520391825
16.865732971,-4.934030436490552
16.868436061,-4.9232861896152755
16.869325713000002,-4.9232861896152755
16.870900216000003,-4.930922354158601
16.872760837,-4.959313974166643
16.874790384,-4.923315511146709
16.876934425,-4.903435512834792
16.878988181,-4.903435512834792
16.882367225,-4.90171810885083
16.885593285000002,-4.899627902538642
16.886168024,-4.899627902538642
16.888334277000002,-4.913668727305085
16.889066729,-4.913668727305085
16.89065494,-4.904997931581178
16.893352601,-4.953169018936221
16.894820635000002,-4.964558339503036
16.896649746,-4.966087247927782
16.898491055,-4.975805241202887
16.900577068,-4.956289667638788
16.903080339000002,-4.9590375140131275
16.905766708,-4.967419283212904
16.908993943000002,-4.9846938540174435
16.909822718,-4.9846938540174435
16.910685579000003,-4.981950196433308
16.913140866000003,-4.973120226681619
16.914664156,-4.973120226681619
16.916991906,-4.952364771216902
16.920187692000002,-4.915172502988604
16.921414693000003,-4.920010555675132
16.923097567000003,-4.920010555675132
16.925869826,-4.924266366523196
16.928762040000002,-4.957244711805479
16.929261928000003,-4.957244711805479
16.931430827,-4.954815213486703
16.933422475,-4.954815213486703
16.934662404,-4.910971146413203
16.936892370000002,-4.899560881895366
16.938624651,-4.875948671510985
16.941175826000002,-4.893432681825763
16.94257944,-4.914087606325564
16.945201111,-4.94554542076351
16.949042491,-4.94417987515675
16.949333169000003,-4.94417987515675
16.950643365,-4.9470617628176425
16.952774034,-4.9150929159747125
16.954995609,-4.932300466135976
16.958145551,-4.965768899872219
16.959306664,-4.965768899872219
16.960764450000003,-4.977325772047224
16.962451615000003,-4.9311694927806835
16.966574288,-4.896607784800991
16.967219633000003,-4.855348201283845
16.968942173000002,-4.855348201283845
16.970714469,-4.8421535121387675
16.973030464,-4.8421535121387675
16.976656022,-4.893742652300917
16.977280547,-4.893742652300917
16.979350965000002,-4.920421057115202
16.981596305,-4.908466249870741
16.984229484,-4.920852502506294
16.987244826,-4.944875214330744
16.988120737000003,-4.973086716359981
16.988892552,-4.972672026129707
16.990799077000002,-4.972672026129707
16.992996376,-4.979319636184703
16.995095085000003,-4.979319636184703
16.996627104,-4.966263177116383
16.998776877,-4.952444358230793
17.002198744,-4.954739815263016
17.003091841,-4.9412812323350375
17.007783612,-4.936196041026427
17.008356952,-4.936196041026427
17.009978064000002,-4.9345079585738985
17.010695194,-4.9345079585738985
17.012727350000002,-4.92317728106995
17.015685543,-4.94211480158579
17.01703196,-4.924949139326575
17.019201632,-4.924949139326575
17.021656085,-4.905366545119199
17.022943729,-4.883249732837927
17.025569392,-4.867776341821446
17.027269932,-4.876091090377947
17.03127007,-4.876091090377947
17.032467061000002,-4.881863243280143
17.033094243,-4.881863243280143
17.036720957,-4.911968078481943
17.03758123,-4.889796811928008
17.041162255,-4.8257208881653915
17.041430347000002,-4.820468145248588
17.043781073,-4.820468145248588
17.04589962,-4.877967668389691
17.046795007,-4.877967668389691
17.050218452,-4.962288015212041
17.051142534,-4.962288015212041
17.053066224000002,-4.937100819710661
17.055180082,-4.937100819710661
17.057414849,-4.9232861896152755
17.058942829,-4.9346713213918845
17.060994316000002,-4.923847487502717
17.062594744000002,-4.933682766903556
17.065871993000002,-4.918213564677279
17.068313394,-4.901977813843527
17.069161435,-4.901977813843527
17.070887691,-4.916412384889221
17.073167554,-4.9339676046374805
17.074855393,-4.926930437093439
17.077100458,-4.940079049546264
17.079867428,-4.95083167400195
17.080901898,-4.955472853548854
17.083153216,-4.955472853548854
17.086610711000002,-4.956737868190699
17.087167424,-4.956737868190699
17.090008853,-4.924538637886506
17.091060386000002,-4.924538637886506
17.094452681,-4.883551325732671
17.095170838,-4.895501944186927
17.096736763000003,-4.895501944186927
17.098675199000002,-4.939144949330597
17.101098853,-4.962480699561461
17.103280102,-4.962480699561461
17.105163657000002,-4.936895568990626
17.106733917,-4.9357227077332855
17.109129403,-4.9357227077332855
17.110745745000003,-4.922452620364522
17.112689055,-4.97134417963479
17.11508861,-4.981078928070713
17.116814776000002,-4.981087305651123
17.11866303,-4.988044886181274
17.121325677,-4.971897099941821
17.124688421000002,-4.971897099941821
17.125277808,-4.957433207364693
17.126918954,-4.957433207364693
17.129241917,-4.94555379834392
17.131665432000002,-4.94555379834392
17.132844362,-4.957274033336912
17.134872518,-4.944137987254702
17.137850406000002,-4.924065304593365
17.140208906,-4.923252679293637
17.14130777,-4.9060325627617605
17.142666688000002,-4.89564436305389
17.146038489000002,-4.867571091101412
17.147569723,-4.867571091101412
17.149035729,-4.886596576211551
17.15078355,-4.886596576211551
17.153183539,-4.947442942726278
17.155068064,-4.947442942726278
17.157495043,-4.959087779495584
17.159765750000002,-4.948439874795017
17.161630982000002,-4.948439874795017
17.162955517,-4.956813266414386
17.167594360000002,-4.955493797499877
17.168424480000002,-4.93191928622734
17.168949986,-4.93191928622734
17.170679615,-4.9000007048668675
17.172911089,-4.870411090860256
17.175124474,-4.903711972988309
17.176678724000002,-4.926256041870469
17.179125898000002,-4.91427610188478
17.180684131,-4.91427610188478
17.182862766,-4.905031441902816
17.186100605,-4.899816398097857
17.186824277,-4.871990264767461
17.189751099000002,-4.871990264767461
17.190938573,-4.863059764050856
17.193323367,-4.891095336891492
17.194789271,-4.921275570316977
17.197444201,-4.946546541622454
17.199078389,-4.946546541622454
17.200785764000003,-4.946563296783273
17.202529269,-4.939974329791145
17.205769813,-4.948657691885667
17.206873315000003,-4.947576984012832
17.2087147,-4.947576984012832
17.210795474,-4.958878339985345
17.212883725,-4.9629833543860356
17.214694588,-4.923164714699337
17.217429290000002,-4.915432207981301
17.218800224000002,-4.915432207981301
17.220695036000002,-4.916336986665534
17.222974262,-4.964172970804196
17.225416501,-4.964172970804196
17.227134308,-4.970087542573354
17.228736155,-4.970087542573354
17.231041698000002,-4.921342590960254
17.232965395,-4.921342590960254
17.234582735,-4.892071325009208
17.236751569000003,-4.882759644383967
17.239177494,-4.886039467114315
17.240735916000002,-4.890483773521593
17.244362493,-4.888720292845378
17.245290306,-4.909467370729685
17.247190698,-4.953428723928917
17.248823502,-4.953428723928917
17.250839407,-4.991890195589267
17.253031701,-4.971871967200593
17.255077472,-4.924618224900397
17.257310323000002,-4.864228436517991
17.260299309,-4.833700533505509
17.261900328,-4.8475277299715085
17.263451083,-4.887296104175751
17.268097733,-4.9185193463622285
17.269210289,-4.927265540309822
17.269618076,-4.90916577783494
17.271537366,-4.90916577783494
17.273466042000003,-4.900298108971407
17.27581167,-4.936166719494993
17.276854473,-4.936166719494993
17.27891327,-4.950077691765089
17.280731449,-4.942542058186678
17.28343275,-4.923214980181794
17.285094530000002,-4.905119406497116
17.286754249,-4.88624471783435
17.288819925000002,-4.88624471783435
17.291173245,-4.91662182439946
17.293039025000002,-4.91662182439946
17.294933302,-4.973539105702098
17.298100334,-4.914607016310958
17.298971946,-4.883253921628132
17.300630951000002,-4.862477522212391
17.307078370000003,-4.8947144516284276
17.307760415,-4.909911382491392
17.307825887,-4.916538048595364
17.309255166,-4.916538048595364
17.31087566,-4.921853623365239
17.312719486000002,-4.921853623365239
17.314883005000002,-4.920609552674417
17.317304154000002,-4.953081054341921
17.319630947,-4.982373264243992
17.321224063000003,-4.986872024923933
17.322692371000002,-4.995216095011867
17.326299484,-4.994407658502343
17.327435772,-4.99712618334525
17.329171676,-4.99712618334525
17.330686062,-4.985142054569356
17.332735528,-4.979994031407673
17.335171663,-4.9702886045031835
17.336559448000003,-4.9702886045031835
17.338533426,-4.955150316703086
17.341449863,-4.934679698972294
17.342646654000003,-4.92104099806551
17.345586298,-4.931956985339183
17.347675260000003,-4.946789491454332
17.348846263000002,-4.946789491454332
17.351189286,-4.9574918504275605
17.35281154,-4.9574918504275605
17.355495762,-4.9455370431831005
17.35653593,-4.944401881037603
17.359401815000002,-4.940694801706368
17.360584767000002,-4.933423061910858
17.362859914,-4.915252090002495
17.366298831,-4.888167372538346
17.368240501000002,-4.889134983075652
17.369458831,-4.889134983075652
17.370685194,-4.887518110056605
17.372962960000002,-4.887518110056605
17.375256142,-4.927692796910711
17.376716636,-4.936761527704073
17.380633001,-4.909450615568866
17.381219049000002,-4.888205071650189
17.382872728000002,-4.866938583780489
17.385876401,-4.851356284218683
17.388403774,-4.838655872317771
17.389310621,-4.838655872317771
17.390775252,-4.860521357186756
17.392849091000002,-4.860521357186756
17.395479304000002,-4.888515042125343
17.396806903,-4.91034701667269
17.400674043000002,-4.950571969009253
17.401426568,-4.9686088996310644
17.402983435,-4.999710666901603
17.40547642,-4.999710666901603
17.407329226,-4.986448957113249
17.409091800000002,-4.986448957113249
17.4107384,-4.928425835196547
17.412952371,-4.914694980905258
17.416151977000002,-4.935697574992057
17.417024143000003,-4.975495270727733
17.418769877000003,-4.994470490355415
17.420707867,-4.971176628026598
17.423016332,-4.9373060704306955
17.427041741,-4.898383831847821
17.430103515000003,-4.877284895586311
17.431490024000002,-4.877284895586311
17.433043827000002,-4.888820823810293
17.435293296,-4.971009076418406
17.436234300000002,-4.973388309254725
17.437121571000002,-4.973388309254725
17.438897156,-4.945733916322726
17.442299149,-4.894111265838938
17.444221875,-4.89025339006033
17.446540932,-4.9231982250209745
17.447302292,-4.92799857859566
17.451540541,-4.9277640063441925
17.452265609,-4.9277640063441925
17.453439470000003,-4.923369965419371
17.455202919,-4.893906015118904
17.457243118,-4.89279179692443
17.459550177,-4.920747782751175
17.460863975000002,-4.943388193808045
17.466021084,-4.92741214796699
17.467655976,-4.919830437696326
17.469401753,-4.913459287794847
17.470117511,-4.913459287794847
17.47101229,-4.884954570451275
17.473378443,-4.884954570451275
17.47630841,-4.904725660217866
17.477474054,-4.900880350809873
17.479548571000002,-4.900880350809873
17.480813355000002,-4.889537106935312
17.483853114000002,-4.893943714230747
17.486170747000003,-4.88701545523203
17.487071174,-4.88701545523203
17.489504717000003,-4.8970769293039265
17.49153793,-4.8970769293039265
17.493321236,-4.919713151570593
17.494863717,-4.919713151570593
17.497424734000003,-4.902832327045303
17.499256823,-4.89034135465463
17.500815779,-4.912743004669828
17.502855034,-4.925502059633607
17.506332262,-4.92073521638056
17.507197673,-4.899112681343453
17.509381656000002,-4.899112681343453
17.511341363,-4.875722476839926
17.513756263,-4.875722476839926
17.515113538,-4.852591977329095
17.517482116,-4.875328730560676
17.519544142,-4.883777520403731
17.521325708000003,-4.890617814808147
17.524671297,-4.908671500590776
17.525568635000003,-4.930700348277747
17.527332201,-4.92770117449112
17.529120699,-4.92770117449112
17.531163989,-4.948397986892969
17.533153075,-4.980404532847743
17.535594189,-4.965693501648532
17.536800483,-4.965693501648532
17.539226107,-4.957286599707527
17.541177675,-4.947124594670715
17.543859431,-4.959804062620604
17.544772965,-4.9611989297587975
17.551619204,-4.980484119861634
17.551644890000002,-4.9743014655193685
17.552411359,-4.9743014655193685
17.553616308000002,-4.94113462467787
17.555281104000002,-4.94113462467787
17.558408082,-4.880614983799116
17.559608190000002,-4.880614983799116
17.561320415,-4.904055453785101
17.56278536,-4.904055453785101
17.565906019,-4.903066899296771
17.56759019,-4.844201830548908
17.569314657,-4.844201830548908
17.571541184,-4.836414869558211
17.573471164,-4.836414869558211
17.575344725,-4.852432803301314
17.57695876,-4.905123595287321
17.580268450000002,-4.912127252509725
17.581220258000002,-4.903682651456874
17.583847174000002,-4.921941587959539
17.585385964,-4.922276691175921
17.588730274,-4.952641231370418
17.589441477,-4.952641231370418
17.591357305000002,-4.966686244927067
17.593353490000002,-4.966686244927067
17.597687497000003,-4.916207134169187
17.597984174,-4.864161415874715
17.599217039000003,-4.864161415874715
17.60144889,-4.860785250969658
17.602765869000002,-4.943325361954973
17.606590657,-4.952193030818506
17.609062144000003,-4.937561586633187
17.609791559,-4.937561586633187
17.612635107000003,-4.914095983905974
17.613852391,-4.914095983905974
17.61629168,-4.860990501689692
17.617127902,-4.899778698986014
17.620914962,-4.9260843014720725
17.621813,-4.962074386911597
17.622768535000002,-5.000506537040513
17.628466485,-5.006965651536293
17.628512486,-5.00652582856479
17.62969639,-5.00652582856479
17.63218815,-5.0157369782251155
17.633195962000002,-5.0157369782251155
17.636428798,-4.9954925551653835
17.638872161000002,-4.94604388679788
17.639549395,-4.911398403014092
17.640722348,-4.874834453316511
17.643496101,-4.874654335337705
17.646407590000003,-4.874457462198079
17.647226875,-4.902388315283596
17.649923144000002,-4.902388315283596
17.651131937000002,-4.943396571388455
17.652817693,-4.943396571388455
17.654772288,-4.9762534417548
17.65774803,-4.931751734619149
17.659476924,-4.890580115696303
17.660784444,-4.879726960275701
17.663115108,-4.881469497000893
17.667328614000002,-4.9308343895643
17.667822571000002,-4.976990668830841
17.669614323,-4.958890906355959
17.671822856000002,-4.958890906355959
17.674442946000003,-4.9368620586689875
17.675030077000002,-4.9368620586689875
17.67817535,-4.900754687103729
17.679330292,-4.91212306371952
17.681276013,-4.940271733895684
17.68348418,-4.922603416811895
17.68529578,-4.905475453664524
17.687748768000002,-4.905475453664524
17.688987631,-4.876719408908665
17.69127731,-4.838953276422311
17.692681901,-4.838953276422311
17.699064846000002,-4.870494866664353
17.699843611000002,-4.878797048850239
17.701745625,-4.878797048850239
17.701774227,-4.885863537925714
17.703468068,-4.885863537925714
17.704749535,-4.853731328264797
17.707655276,-4.8693638933090595
17.709567485,-4.8693638933090595
17.711399728,-4.920287015828648
17.714355593,-4.920287015828648
17.715032491000002,-4.930918165368396
17.71751231,-4.930918165368396
17.71909202,-4.909115512352483
17.720963253,-4.909115512352483
17.722884998,-4.8969135664859404
17.729950108,-4.880979408546933
17.730136466,-4.874872152428353
17.731035574,-4.874872152428353
17.73203238,-4.901110734271136
17.733237509000002,-4.901110734271136
17.735140452,-4.937967899283052
17.737952295,-4.945754860273749
17.739547996000002,-4.934143533826082
17.741285304,-4.904700527476638
17.742789241,-4.892963537322827
17.745800278,-4.8923394075823134
17.746999059,-4.886789260560971
17.74965007,-4.886789260560971
17.750755247,-4.907766721906541
17.753028801000003,-4.946031320427266
17.755101562,-4.946337102112215
17.757430834,-4.953265361110931
17.758904514,-4.953265361110931
17.761884899000002,-4.94397043564651
17.762873164000002,-4.946186305664843
17.766508883,-4.964428487006687
17.767441545,-4.964428487006687
17.769286409,-4.962271260051223
17.77107,-4.962271260051223
17.773384847000003,-4.894488256957369
17.775574256000002,-4.853237051020632
17.776818318,-4.85425073825019
17.778729927,-4.889164304607085
17.782636171,-4.918288962900965
17.784388482,-4.918288962900965
17.787594504,-4.885365071891344
17.787643086000003,-4.8408130992732366
17.789420735,-4.8408130992732366
17.790714733,-4.825473749543308
17.793284917,-4.86034961678836
17.795854996000003,-4.86034961678836
17.797368909,-4.8732343354582826
17.798800799000002,-4.8732343354582826
17.800689926,-4.840737701049551
17.804341519,-4.842714810026209
17.806137321,-4.85143168244237
17.806964337,-4.87938347947891
17.808794326,-4.87938347947891
17.811876967,-4.915620703540516
17.813204874,-4.915620703540516
17.814895538000002,-4.9459517334133745
17.817178882,-4.9459517334133745
17.819397909000003,-4.938106129359809
17.820844209,-4.848650325746392
17.823184467,-4.83200407347257
17.826190328000003,-4.830399766824137
17.827283886,-4.817221832839879
17.828953729000002,-4.817221832839879
17.831350707000002,-4.827362893925667
17.833405549000002,-4.849190679682809
17.834922978,-4.853090443363465
17.83682594,-4.869250795973531
17.839211961,-4.880723892344441
17.841286737,-4.877289084376516
17.842846631,-4.902543300521173
17.846119873000003,-4.918523535152432
17.848283762,-4.915193446939628
17.848903006,-4.915193446939628
17.851304535,-4.926800584597092
17.853122599000002,-4.926800584597092
17.855056392,-4.937988843234076
17.856638778,-4.955271791619024
17.858619553,-4.967888427715841
17.861961356000002,-4.961416746849446
17.864356712000003,-4.938219226695338
17.867831401,-4.924681056753469
17.867859114,-4.924681056753469
17.870401806,-4.911134509231189
17.871461747,-4.911134509231189
17.873169822,-4.927043534428969
17.874755941,-4.927043534428969
17.877043674,-4.9658107877742665
17.878695925000002,-4.94475792820501
17.880951824,-4.914849966142834
17.882762794,-4.878411680151399
17.8858797,-4.8875139212664
17.888348898,-4.905420999391862
17.889409165,-4.905420999391862
17.892159471,-4.9069876069284515
17.893323853000002,-4.9069876069284515
17.895376843,-4.881356399665363
17.896752229,-4.881356399665363
17.899336915000003,-4.893801295363784
17.90081598,-4.885197520283153
17.904621600000002,-4.8885862515588245
17.908394986,-4.880778346617103
17.908449892,-4.898522061924578
17.91009086,-4.898522061924578
17.912967155,-4.902053212067213
17.913533524,-4.902053212067213
17.915191326000002,-4.8810589955608235
17.917562864,-4.901454215067928
17.919870760000002,-4.906518462425516
17.920903338000002,-4.921317458219026
17.923066198,-4.9115031227692105
17.925813118,-4.8758020638538175
17.927288554,-4.8779132141170285
17.928888212,-4.8779132141170285
17.931215332,-4.913069730305802
17.933395060000002,-4.913069730305802
17.934818932000002,-4.932748666687887
17.937093388,-4.915059405653075
17.939116873,-4.891866074289172
17.940736519,-4.907951028675552
17.942630530000002,-4.934311085434273
17.945561632,-4.939404654323294
17.947018243000002,-4.9360996988517165
17.948768974,-4.9360996988517165
17.950707863,-4.9303107907887025
17.953604391000002,-4.913153506109897
17.954711302,-4.913153506109897
17.956827223,-4.9251292573053815
17.958725914000002,-4.974150669071997
17.960749029000002,-4.97399568383442
17.964094428000003,-4.964989784894129
17.96567243,-4.955849844667285
17.967018916,-4.94573810511293
17.969417531,-4.94573810511293
17.970898047000002,-4.944883591911154
17.972730825000003,-4.986867836133729
17.975025952000003,-4.986867836133729
17.977117531,-4.993787717552035
17.979285280000003,-4.9088683737304
17.981603085,-4.858640590384807
17.985155368,-4.837110208732205
17.98595892,-4.874394630345009
17.987119892000003,-4.927416336757195
17.989494695,-4.927416336757195
17.991086264,-4.896494687465461
17.993545010000002,-4.819023012627937
17.994874593000002,-4.819023012627937
17.996824133,-4.808232689060408
17.998938592000002,-4.8773351610687685
18.001322196,-4.926297929772517
18.002656455,-4.977237807452924
18.005508697,-4.998722112413273
18.006895943,-5.002433380534715
18.00908984,-5.002433380534715
18.011102681,-4.986587187190007
18.015074184,-4.955275980409229
18.016085853,-4.955275980409229
18.016931833,-4.936447368438714
18.019060835,-4.9077499667457225
18.020832102,-4.898308433624134
18.023422537000002,-4.878834747962082
18.025734751,-4.854606785417597
18.027950773,-4.859310796817573
18.029054741,-4.859310796817573
18.030718725,-4.880883066372222
18.032703115,-4.8728866658712855
18.035671035,-4.865899763809702
18.036730082000002,-4.871521120264525
18.038700442,-4.8546486733196454
18.040683961000003,-4.859386195041259
18.044627555,-4.880254747841505
18.04668905,-4.9172836532518165
18.047661016000003,-4.9172836532518165
18.048868267,-4.949591792101334
18.051209128,-4.949591792101334
18.054927917,-4.940636158643501
18.05605531,-4.944334860394327
18.056888172,-4.974837630665582
18.059027014,-4.992727953630224
18.060735762,-4.984580756681914
18.065763011,-4.983156568012287
18.065789149,-4.975331907909746
18.066873523,-4.958028015573774
18.068801319000002,-4.958028015573774
18.070975791000002,-4.942646777941798
18.073408503,-4.942646777941798
18.07604483,-4.931550672689318
18.078130587,-4.940376453650804
18.079862401,-4.960482646633778
18.080935971000002,-4.943752618555862
18.083414232000003,-4.96919951904994
18.085949312,-4.967096746367136
18.087713660000002,-4.946500464930201
18.088861971,-4.946500464930201
18.090783061,-4.902434391975849
18.093470037,-4.87494755065204
18.094827751,-4.878968789248636
18.096763638000002,-4.898995395217719
18.098684409,-4.916060526512019
18.101046521,-4.906773978628008
18.102649258,-4.889277401942614
18.105911319,-4.869900058455272
18.107064944,-4.877297461956926
18.109453267000003,-4.877297461956926
18.110783174,-4.880870500001609
18.11333554,-4.880870500001609
18.115126852,-4.939262235456331
18.118176765,-4.915972561917719
18.119108959000002,-4.919951912612266
18.122131421000002,-4.924153269187666
18.125060901,-4.938801468533804
18.126008053,-4.933913150364818
18.126938006,-4.935525834593661
18.129534197,-4.935525834593661
18.131246522,-4.928166130203851
18.132839065000002,-4.907184480068076
18.134817713,-4.908742710024257
18.137550172,-4.898480174022531
18.138690766,-4.91212306371952
18.140778062000003,-4.940682235335753
18.142687748,-4.965350020851741
18.147148367,-4.974184179393634
18.147797074,-4.966074681557169
18.14928937,-4.930017575474367
18.151406736000002,-4.930017575474367
18.155015853000002,-4.890793743996748
18.155820329,-4.890793743996748
18.158363583,-4.92583716284999
18.159388419000003,-4.92583716284999
18.163597328,-4.962149785135283
18.164016714000002,-4.92868972897945
18.16477511,-4.92868972897945
18.166992052,-4.9245302603060965
18.16909834,-4.929514920649793
18.171617563,-4.929514920649793
18.172733843,-4.955787012814213
18.175132742000002,-4.955787012814213
18.177291311,-4.961848192240539
18.178867597,-4.98779774755919
18.181470711000003,-4.975503648308142
18.182772166,-4.9749674831619295
18.186664408000002,-4.973731790051517
18.187558659,-4.973731790051517
18.189530276000003,-4.962388546176956
18.190813456,-4.962388546176956
18.192968103000002,-4.940916807587222
18.194712063,-4.924806720459613
18.197485787,-4.944091910562449
18.198802522,-4.95750860558838
18.200715009,-4.95553149661172
18.202754445,-4.93526194081076
18.205978745,-4.931588371801162
18.206790217,-4.931588371801162
18.209091969000003,-4.916600880448437
18.211106728,-4.916600880448437
18.212707297,-4.93449120341308
18.216070191,-4.966535448479695
18.217036312,-4.972542173633359
18.218699987,-4.9680685456946465
18.220730536,-4.959623944641797
18.222641365,-4.942340996256848
18.226080867,-4.945214506337331
18.227320431000003,-4.945214506337331
18.229845214,-4.952930257894549
18.230745175000003,-4.952930257894549
18.232791112,-4.967888427715841
18.234775011,-4.953445479089737
18.236805224,-4.91879161772554
18.238743985000003,-4.9154112640302765
18.240696843000002,-4.907188668858281
18.24418662,-4.904616751672543
18.246580578,-4.897881177023246
18.248345368000003,-4.897244480912119
18.249713172,-4.897244480912119
18.25115371,-4.926984891366102
18.253020157,-4.926984891366102
18.256402742000002,-4.934160288986901
18.257413852000003,-4.934160288986901
18.260893043,-4.92566123366139
18.261308158000002,-4.91868689797042
18.263307668,-4.91868689797042
18.269709535,-4.944514978373133
18.270098662000002,-4.974050138107081
18.270583623,-4.974050138107081
18.272494266000002,-4.993502879818109
18.273240273000003,-4.993502879818109
18.275068332,-5.01144346826521
18.277276333,-5.01144346826521
18.278886550000003,-5.006400164858647
18.280865875,-4.961475389912313
18.284187035000002,-4.9312658349553935
18.285568701000003,-4.908663123010366
18.287519082000003,-4.905651382853124
18.288831184000003,-4.905651382853124
18.291073824,-4.921966720700768
18.292667496,-4.921966720700768
18.295091367,-4.9639677200841605
18.296723079,-4.942898105354085
18.298670543,-4.926168077276168
18.300689008000003,-4.91123922898631
18.302793784000002,-4.919109965781103
18.306198897,-4.933917339155023
18.307715746,-4.929054153727266
18.309445359,-4.929054153727266
18.310832075,-4.936903946571036
18.313678415000002,-4.936903946571036
18.315538161000003,-4.922318579077969
18.316923867,-4.922318579077969
18.319558273000002,-4.91437244405949
18.321003344,-4.954702116151173
18.323217746,-4.954702116151173
18.32598635,-4.97348046263923
18.327304432000002,-4.976115211678041
18.329232176,-4.976115211678041
18.330777085,-4.92632725130395
18.332772512000002,-4.92632725130395
18.334955734,-4.875378996043133
18.337256252,-4.890890086171457
18.339164969000002,-4.920140408171481
18.340829628,-4.938018164765508
18.342816550000002,-4.938018164765508
18.345452368,-4.9312951564868275
18.348170092,-4.930997752382287
18.349723238000003,-4.912923122648634
18.351207785,-4.912923122648634
18.352887306,-4.909626544757467
18.354707128,-4.966087247927782
18.356828085,-4.952151142916458
18.359385017,-4.94712040588051
18.361329336,-4.957345242770393
18.363299931,-4.957345242770393
18.365845648,-4.954421467207453
18.369075642000002,-4.967364828940243
18.370937779000002,-4.951723886315571
18.372685752000002,-4.9216735053864324
18.373659595,-4.9216735053864324
18.376223177,-4.901571501193663
18.377156216,-4.9112811168883574
18.378843345,-4.926034035989615
18.381359191,-4.952934446684753
18.383915055000003,-4.952934446684753
18.385239838,-4.9609392247661
18.386857978000002,-4.9609392247661
18.388947365,-4.950215921841847
18.391439264000002,-4.956381821023292
18.392691763000002,-4.956381821023292
18.394853432,-4.958183000811351
18.397669204,-4.993251552405822
18.398650884000002,-4.989427186948853
18.400735797,-4.99821108000829
18.402972181000003,-4.99821108000829
18.405925668000002,-4.989984296046089
18.406740759,-4.958065714685616
18.409803695,-4.930143239180511
18.410957652,-4.914033152052903
18.413485164,-4.914033152052903
18.414708766,-4.905370733909404
18.418830716000002,-4.914246780353347
18.419646237000002,-4.914246780353347
18.420981379,-4.907863064081252
18.423178657,-4.907863064081252
18.426966365000002,-4.875575869182758
18.428199388,-4.853802537698278
18.429328006000002,-4.853802537698278
18.430798801,-4.835087023063292
18.433281154,-4.835087023063292
18.436616386,-4.874566370743405
18.43848002,-4.919930968661242
18.439147368,-4.926800584597092
18.441607125,-4.911440290916139
18.442726028000003,-4.888653272202102
18.446945795,-4.89791049855468
18.447764565,-4.908449494709922
18.449378056,-4.908449494709922
18.450790702000003,-4.8920126819463405
18.45324351,-4.8920126819463405
18.456016929,-4.890002062648042
18.457091663,-4.907636869410193
18.458656956000002,-4.919461824158305
18.461000416,-4.9273283721628935
18.46333724,-4.9273283721628935
18.46625845,-4.882106193112021
18.468544549,-4.89879433328789
18.469246921,-4.89879433328789
18.470800599,-4.929745304111056
18.47326539,-4.929745304111056
18.475081842,-4.94614022897259
18.476954668,-4.879458877702596
18.478685973,-4.856935752771459
18.480844573000002,-4.896532386577305
18.484243686000003,-4.92602984719941
18.485716687,-4.92602984719941
18.486850886000003,-4.932970672568741
18.489080146000003,-4.932970672568741
18.491286562000003,-4.909542768953371
18.49294209,-4.909542768953371
18.495244074000002,-4.895945955948634
18.496795916,-4.895945955948634
18.498823152,-4.9701629407970405
18.502621956000002,-4.956792322463361
18.503371992,-4.949671379115224
18.507319245,-4.918548667893662
18.507370853,-4.923453741223467
18.509413364,-4.930419699334027
18.511478935,-4.930419699334027
18.512851109,-4.927223652407775
18.514895225,-4.862833569379799
18.517113799,-4.871713804613946
18.519097318,-4.871713804613946
18.521055694,-4.879492388024234
18.522837825,-4.879492388024234
18.526232116000003,-4.894777283481499
18.528907586000003,-4.902262651577452
18.529694283,-4.902262651577452
18.532617983,-4.917342296314683
18.533366645,-4.917342296314683
18.534732015,-4.949332087108638
18.537056785,-4.971675094060968
18.539038093000002,-4.971675094060968
18.541230164,-4.960692086144017
18.543527013000002,-4.960692086144017
18.545323290000002,-4.926545068394599
18.546778071000002,-4.926545068394599
18.550649028000002,-4.966020227284506
18.55188353,-4.966020227284506
18.552768525,-4.9635907289657295
18.554770656000002,-4.9618356258699245
18.557049778,-4.950165656359389
18.558806482,-4.942914860514904
18.560821337,-4.944988311666274
18.564515397,-4.959464770614015
18.565724541,-4.981820343936961
18.568279322000002,-5.001679398297853
18.569487178000003,-5.001679398297853
18.572115761000003,-4.991224177946705
18.57294819,-4.991224177946705
18.575398925000002,-4.912382768712216
18.576816307,-4.8392004150443935
18.579309212000002,-4.8392004150443935
18.580718936,-4.862996932197785
18.582902981,-4.862996932197785
18.587328695,-4.98084854460945
18.588160176000002,-4.955799579184828
18.588856434,-4.955799579184828
18.591132948000002,-4.91409179511577
18.592876527,-4.8728112676476
18.595296781000002,-4.90653940637654
18.597644613,-4.949658812744611
18.600158076,-4.949658812744611
18.601263178,-4.980387777686923
18.602638796,-4.980387777686923
18.605881588000003,-5.040379630999873
18.607335917,-5.041376563068614
18.609324871000002,-5.041376563068614
18.611016327,-5.032157035827878
18.613205,-5.032157035827878
18.61520015,-4.987638573531409
18.616825089000002,-4.987638573531409
18.619701752,-4.939743946329881
18.622242699,-4.907264067081968
18.624244456,-4.907264067081968
18.626247193,-4.929946366040886
18.628423214,-4.954844535018136
18.629526778000002,-4.954844535018136
18.631842663,-4.984551435150482
18.633005619000002,-4.984551435150482
18.635150014,-4.983881228717715
18.636926371,-4.983881228717715
18.639281676,-4.949805420401778
18.641210776,-4.929829079915152
18.642831137,-4.929829079915152
18.646027089,-4.953818281417963
18.647600393,-4.981782644825117
18.648849526000003,-4.981782644825117
18.650775406,-5.00623680204066
18.652781102000002,-4.993636921104663
18.654992312,-4.9461737392942275
18.657834515,-4.9461737392942275
18.659109667000003,-4.8895706172569495
18.661628381,-4.846815635636696
18.663722364,-4.882788965915401
18.665061236,-4.916295098763486
18.666930701000002,-4.9288530917974365
18.670056064,-4.9288530917974365
18.670966494,-4.904068020155716
18.672932363,-4.90690801991456
18.674842806,-4.915273033953519
18.678739939,-4.918335039593218
18.680451917000003,-4.9288530917974365
18.681235897,-4.959238575942957
18.682802207,-4.984534679989662
18.686294328000002,-5.008712377051689
18.688187534,-5.037673672527582
18.689130767,-5.037673672527582
18.690713885,-5.030142227739376
18.696263061,-5.02947202130661
18.697524487000003,-5.02947202130661
18.699205415,-5.016771609405698
18.699989941000002,-5.016771609405698
18.701172991,-4.98046317591061
18.704259545000003,-4.9325099056462145
18.706748524,-4.915193446939628
18.707833882000003,-4.915193446939628
18.708845345,-4.909890438540368
18.712050148,-4.909890438540368
18.713601056,-4.940900052426402
18.715573325,-5.002391492632666
18.716892159,-5.002391492632666
18.721044325,-4.999145180223957
18.722445404000002,-4.952130198965435
18.723886584000002,-4.952130198965435
18.725569397,-4.905605306160871
18.727872949,-4.882085249160996
18.729142775,-4.882085249160996
18.730859184,-4.923600348880634
18.733173331,-4.998722112413273
18.735570862,-4.998722112413273
18.736962294,-5.007711256192745
18.738932143,-4.960964357507329
18.740900586000002,-4.928442590357367
18.742792141000002,-4.882106193112021
18.746219083,-4.855239292738521
18.749804118,-4.849408496773457
18.749822255,-4.867612979003459
18.751117121,-4.892586546204396
18.753697602000003,-4.892586546204396
18.755308406,-4.876501591818016
18.757402061,-4.876501591818016
18.760827775000003,-4.866737521850659
18.761679511,-4.890659702710194
18.763197383,-4.890659702710194
18.765728952,-4.927981823434841
18.768217970000002,-4.939232913924897
18.769809252,-4.939232913924897
18.771069007,-4.946441821867334
18.773027943000002,-4.946441821867334
18.776151809,-4.935127899524207
18.778760879,-4.892067136219002
18.780156905000002,-4.861648141751844
18.780964957000002,-4.857802832343849
18.785906923000002,-4.855750325143505
18.786588476000002,-4.87317988118562
18.788257117,-4.87642619359433
18.788780510000002,-4.87642619359433
18.792089388,-4.842325252537164
18.793418724000002,-4.861937168275974
18.794747792000003,-4.878210618221568
18.796684893000002,-4.897960764037137
18.800077605000002,-4.910920880930746
18.800797459,-4.914397576800718
18.803448217,-4.885277107297044
18.80593337,-4.922666248664967
18.806875822000002,-4.922666248664967
18.808746671,-4.948557160920751
18.811172537,-4.948557160920751
18.813363712,-4.975340285490156
18.814827295,-4.929184006223615
18.816716640000003,-4.910405659735557
18.818814810000003,-4.941469727894253
18.821972786,-4.985472968995534
18.82293165,-4.995035977033061
18.825805056,-4.998173380896446
18.826918548000002,-4.975784297251863
18.829137024,-4.975784297251863
18.83074345,-4.958224888713398
18.833867174,-4.934880760902124
18.834690972,-4.934880760902124
18.836692838,-4.937025421486975
18.838580378,-4.948745656479967
18.840659047000003,-4.9679722035199365
18.842899603000003,-4.979633795450062
18.844806259000002,-4.9519542697768335
18.847756145,-4.943677220332175
18.850371372,-4.92104099806551
18.851424687,-4.92104099806551
18.853846909,-4.909073624450436
18.855317473,-4.952348016056083
18.857165576,-4.952348016056083
18.85893001,-4.983948249360991
18.860722983000002,-4.967926126827684
18.863461969000003,-4.929406012104468
18.865442999000003,-4.88613999807923
18.869679575000003,-4.84435262699628
18.86969989,-4.84435262699628
18.872080165,-4.867420294654039
18.873016712000002,-4.892506959190505
18.875513162,-4.887966310608516
18.877319935000003,-4.875944482720779
18.878805971000002,-4.831882598556632
18.882243866,-4.7998592974410395
18.887393170000003,-4.819462835599439
18.887828007,-4.8841377563613415
18.887857518,-4.9148709100938595
18.889905675,-4.9148709100938595
18.891341201,-4.940975450650088
18.895139394,-4.940975450650088
18.896019206000002,-4.9277430623931675
18.896982799,-4.9277430623931675
18.90019667,-4.930708725858157
18.901957475,-4.975717276608586
18.904826559,-5.003656507274512
18.905506921,-5.003656507274512
18.90809694,-5.0298155021034034
18.909501271,-5.0298155021034034
18.910785425,-5.032898451694126
18.912846161,-5.032898451694126
18.914799768,-5.011389013992547
18.916856638000002,-4.95543515443701
18.918756302000002,-4.930520230298941
18.921139251,-4.907063005152137
18.922690001,-4.903825070323839
18.926317471,-4.919227251906837
18.927265034,-4.967394150471676
18.929501506,-4.967394150471676
18.931137492,-4.98779774755919
18.932704542,-4.98779774755919
18.934687238000002,-4.942856217452038
18.937090562,-4.882906252041135
18.938754926,-4.882906252041135
18.941483837,-4.881544895224579
18.942953654,-4.936832737137554
18.94497948,-4.936832737137554
18.946880377000003,-4.940556571629609
18.94963706,-4.940556571629609
18.951120506000002,-4.881616104658061
18.953157335,-4.881616104658061
18.955142478000003,-4.799934695664726
18.956704843,-4.893968846971975
18.958663145000003,-4.930264714096449
18.960613266000003,-4.933192678449595
18.964511961,-4.909287252750879
18.965745895,-4.8627079056736555
18.967667421,-4.8627079056736555
18.968772216,-4.864890265370349
18.970694629,-4.864890265370349
18.973449959,-4.945692028420678
18.974866052,-4.958195567181965
18.976986999,-4.958195567181965
18.978777406000003,-4.930805068032867
18.980649588000002,-4.86652808234042
18.982936026,-4.873322300052584
18.98662222,-4.875957049091395
18.988866438000002,-4.8862698505755775
18.989713561000002,-4.8862698505755775
18.990670296,-4.913245659494403
18.994754051,-4.901646899417349
18.996186511,-4.891459761639307
18.997062356,-4.891459761639307
18.998980001,-4.891367608254804
19.001127823,-4.891007372297191
19.003186974000002,-4.89308920102897
19.005515232,-4.9069876069284515
19.007783277,-4.913220526753174
19.009451492,-4.913220526753174
19.010840697000003,-4.926549257184804
19.012678254,-4.926549257184804
19.014687909000003,-4.999568248034641
19.016659841000003,-5.019506889409423
19.020669417,-5.004318336126868
19.021547613000003,-4.991035682387491
19.022949068000003,-4.967343884989218
19.025079872000003,-4.946265892678733
19.028370934,-4.932484772904987
19.029184594,-4.932484772904987
19.030975765,-4.937444300507454
19.033261136,-4.937444300507454
19.036309386000003,-4.984203765563484
19.03759536,-4.984203765563484
19.039410078,-5.0093113740509745
19.040631446000003,-5.0093113740509745
19.044044741,-4.985984001400518
19.046584858000003,-4.910208786595932
19.048426841,-4.86160206505959
19.049414052,-4.86160206505959
19.051568547000002,-4.826977525226827
19.053286319,-4.826977525226827
19.056266407000003,-4.876472270286582
19.057780998000002,-4.876472270286582
19.05881287,-4.8748260757361015
19.060948200000002,-4.830383011663318
19.062786581,-4.846497287581132
19.067306691000002,-4.84582289235816
19.068025315,-4.874067904709035
19.068921455,-4.874067904709035
19.07072395,-4.9060325627617605
19.073683825,-4.963439932518358
19.075306103000003,-4.997959752596002
19.077239988000002,-4.997959752596002
19.079709709000003,-5.006990784277522
19.081359488,-5.006215858089636
19.082643627,-4.986206007281372
19.085019219,-4.9397188135886525
19.08858087,-4.880694570813008
19.089157315,-4.815186080800354
19.09076902,-4.815186080800354
19.092734128,-4.803051155577087
19.095332639000002,-4.874172624464155
19.096782932,-4.899179701986729
19.099566648,-4.882277933510416
19.100819623,-4.8262989412136506
19.103956088,-4.811881125328776
19.104812321,-4.811881125328776
19.10706725,-4.806226258552315
19.108652744,-4.806226258552315
19.110667639000003,-4.848076461488335
19.112736574,-4.892649378057468
19.115448199000003,-4.893658876496821
19.117356968000003,-4.922163593840393
19.118668989,-4.935278695971579
19.121784604000002,-4.935031557349497
19.122629568,-4.924639168851422
19.126986765,-4.9188083728863585
19.127533793,-4.9131241845784634
19.129259256,-4.9131241845784634
19.130757869,-4.908529081723813
19.133245521000003,-4.908529081723813
19.135866502000002,-4.969354504287517
19.137496718,-4.969354504287517
19.138864318,-4.987131729916629
19.140676069,-4.956532617470664
19.14523526,-4.913103240627439
19.145933582,-4.896343891018089
19.147543686000002,-4.880472564932154
19.14953596,-4.880472564932154
19.150803849000003,-4.887287726595341
19.153217184000003,-4.887287726595341
19.154695131,-4.914506485346043
19.157555285,-4.930901410207577
19.158904966,-4.935626365558576
19.160657257,-4.935626365558576
19.1626617,-4.957697101147596
19.165526720000003,-4.8977722684779215
19.166948053000002,-4.879999231639013
19.169166292,-4.879999231639013
19.170687936,-4.860085723005458
19.17430435,-4.827065489821127
19.175112698,-4.827065489821127
19.17711594,-4.852118644035954
19.182149116,-4.896436044402595
19.182667255000002,-4.879986665268398
19.184335209,-4.879986665268398
19.185389766,-4.868555456799536
19.189217262,-4.823588793951154
19.189724595,-4.823588793951154
19.19088745,-4.859750619789075
19.192905906,-4.859750619789075
19.194793241000003,-4.904206250232473
19.197091425,-4.8948107938031375
19.198830999000002,-4.88621958509312
19.200713932000003,-4.8862614729951686
19.202642107000003,-4.906954096606813
19.205821947,-4.92475226618695
19.209733200000002,-4.911771205342317
19.21046699,-4.911771205342317
19.21220818,-4.91965869729793
19.213414703,-4.915909730064646
19.215110945000003,-4.915909730064646
19.216949738,-4.911658108006788
19.218855919000003,-4.954161762214756
19.220822087000002,-4.942969314787566
19.222692122,-4.938022353555713
19.226432447,-4.939387899162474
19.226889858,-4.939387899162474
19.229156626,-4.931378932290922
19.230779505,-4.931378932290922
19.232775559,-4.950257809743895
19.234812308000002,-4.950257809743895
19.236696282,-4.9499268953177165
19.239999012000002,-4.931052206654949
19.241177637,-4.926620466618285
19.2427451,-4.920798048233632
19.249506594,-4.943668842751767
19.249536054,-4.979746892785591
19.250269218,-4.979746892785591
19.252281406,-4.994709251397088
19.253192946000002,-4.994709251397088
19.254687280000002,-4.989041818250012
19.256777117000002,-4.939685303267014
19.258792794,-4.89132990914296
19.260876803000002,-4.841470739335387
19.262885787000002,-4.817900416853055
19.265861669,-4.819504723501487
19.266814463000003,-4.855741947563095
19.268709889,-4.855741947563095
19.270691724000002,-4.863231504449253
19.274430628,-4.7477046706012445
19.27751732,-4.748249213327866
19.277842302,-4.818306729502918
19.278855032000003,-4.885524245919126
19.281088635,-4.925849729220604
19.282850543000002,-4.94123934443299
19.285057786000003,-4.909190910576169
19.287151828000002,-4.88994760837538
19.289571485,-4.902555866891787
19.290812538,-4.902555866891787
19.294284888,-4.924035983061932
19.295197716,-4.924035983061932
19.296742184000003,-4.8957658379698294
19.298770569000002,-4.867273686996872
19.300824113,-4.865987728404002
19.303589405,-4.890709968192652
19.305995121000002,-4.890709968192652
19.308203809000002,-4.9024804686681005
19.309929831,-4.9024804686681005
19.310838074000003,-4.873050028689272
19.312829909,-4.898224657820038
19.316149248000002,-4.886282416946192
19.316808244,-4.8819763406156715
19.318734971,-4.87674035285969
19.320667475,-4.874721355980982
19.325773400000003,-4.9169653051962525
19.325786883000003,-4.945444889798595
19.327872472000003,-4.929728548950236
19.32880557,-4.929728548950236
19.330734108,-4.891597991716067
19.333473108,-4.893269319007776
19.334709131,-4.893269319007776
19.336892971,-4.894990911781943
19.338783939000002,-4.964139460482556
19.340645758,-4.984258219836146
19.342682705,-4.965027484005971
19.345820425,-4.961584298457637
19.347288524,-4.943962058066101
19.348930269,-4.943962058066101
19.352328687,-4.936535333033015
19.354444709000003,-4.935756218054925
19.355014084,-4.931990495660822
19.356794695,-4.905890143894798
19.358844744000002,-4.907997105367805
19.360551686,-4.928974566713375
19.362535748000003,-4.943002825109205
19.366156758000002,-4.937783592514041
19.367018498,-4.9306668379561085
19.369204073000002,-4.9306668379561085
19.370954140000002,-4.8974036549399
19.373065434,-4.8974036549399
19.374611681,-4.851674632274247
19.377075425,-4.89220536629576
19.380483715,-4.890626192388556
19.381487598,-4.884606900864278
19.384201487000002,-4.884192210634004
19.386559725,-4.86590814139011
19.388320725,-4.897994274358775
19.389362883,-4.897994274358775
19.390985435,-4.922486130686162
19.393040392,-4.922486130686162
19.396576809000003,-4.891572858974837
19.397246497,-4.919939346241651
19.39961192,-4.926943003464054
19.400730605,-4.926943003464054
19.402723445,-4.934520524944512
19.406209454000003,-4.942898105354085
19.407235887000002,-4.9416289019220345
19.410321019,-4.9416289019220345
19.411304604,-4.948129904319864
19.413055165000003,-4.948129904319864
19.414717042,-4.921514331358651
19.417704272,-4.946110907441156
19.418672933,-4.960800994689342
19.420603535,-4.93808937419899
19.422574394,-4.91084548270706
19.425466905,-4.889687903382684
19.426731435,-4.881268435071063
19.428618862,-4.881268435071063
19.430647876000002,-4.90642630904101
19.434091429000002,-4.948020995774539
19.434850803,-4.932585303869901
19.436655278,-4.9171663671260815
19.439035707000002,-4.937536453891958
19.442407796,-4.951757396637208
19.443129839,-4.97436429737244
19.445658294,-4.998562938385492
19.447169390000003,-4.999555681664026
19.449818633,-4.999555681664026
19.450734328000003,-4.991957216232544
19.453285103000002,-4.991957216232544
19.456198423,-4.974104592379743
19.458817426,-4.941180701370123
19.459452919,-4.950090258135703
19.462854030000003,-4.976073323775993
19.46386336,-4.980027541729312
19.466227439,-4.982804709635085
19.467721184000002,-4.954794269535679
19.468974724000002,-4.929829079915152
19.470695199,-4.929829079915152
19.472953517,-4.878575042969386
19.475155240000003,-4.847594750614785
19.476732014,-4.863030442519423
19.478863772,-4.863030442519423
19.4807683,-4.889147549446266
19.482581797,-4.889147549446266
19.485686960000002,-4.892473448868866
19.48728497,-4.851595045260356
19.489199741,-4.851595045260356
19.490928309,-4.846627140077479
19.492934820000002,-4.846627140077479
19.494981963,-4.8385050758703985
19.496764918,-4.894580410341874
19.498661259000002,-4.91299852087232
19.500639401,-4.926674920890947
19.5026248,-4.92309769405606
19.505221378,-4.885063478996599
19.507007225000002,-4.85425073825019
19.509438799,-4.85425073825019
19.51106004,-4.870733627706025
19.512886283,-4.870733627706025
19.514739027,-4.943074034542686
19.516764849,-4.9939091924679735
19.518825523,-4.954844535018136
19.520712862,-4.902044834486803
19.522692059,-4.868651798974247
19.525425279,-4.828372392365021
19.527034670000003,-4.808706022353548
19.528771599000002,-4.808706022353548
19.530703939000002,-4.823404487182144
19.532703209,-4.868366961240321
19.53479782,-4.851109145596601
19.536776474,-4.847980119313625
19.538818794,-4.867215043934005
19.541312223000002,-4.909295630331289
19.543477168000003,-4.9259293162344955
19.544914347000002,-4.943283474052925
19.547600648,-4.9448333264286966
19.549282741000003,-4.9448333264286966
19.552459615,-4.950450494093316
19.554216602,-4.950450494093316
19.555273198000002,-4.990780166184999
19.556825228,-4.9777949165501605
19.558762348000002,-4.958522292817938
19.561197005,-4.945331792463066
19.563151826000002,-4.924128136446438
19.565394841,-4.924128136446438
19.567618248000002,-4.934210554469359
19.569369307000002,-4.934210554469359
19.571545135,-4.9666778673466565
19.572964984000002,-4.985594443911474
19.575001655,-4.985594443911474
19.578278076,-4.9598668944736755
19.578975318,-4.942923238095314
19.581126202,-4.938047486296942
19.582696245,-4.916366308196968
19.58609332,-4.898136693225738
19.587270133,-4.901282474669532
19.589065803,-4.901282474669532
19.592129297,-4.903276338807011
19.593107912,-4.899439406979425
19.594951233,-4.902756928821617
19.597015232,-4.904495276756603
19.599368188,-4.892636811686853
19.600735319,-4.892636811686853
19.602730093,-4.894597165502693
19.60649115,-4.892971914903236
19.607214846,-4.858447906035387
19.609450769000002,-4.858447906035387
19.611984134,-4.819776994864799
19.613074454,-4.819776994864799
19.615114464,-4.813280181257175
19.617378928,-4.870829969880735
19.619496214,-4.889260646781795
19.620829557,-4.904047076204692
19.62341955,-4.933867073672565
19.627314334,-4.943333739535383
19.627690387,-4.943333739535383
19.628762220000002,-4.940095804707083
19.631039048,-4.940095804707083
19.632622872000002,-4.873502418031389
19.634862537,-4.871952565655619
19.636659761,-4.913899110766349
19.639092997000002,-4.945382057945523
19.640656284000002,-4.961023000570196
19.643905613,-4.974502527449198
19.644950613000002,-4.962585419316581
19.646698795000002,-4.962585419316581
19.649772128000002,-4.908147901815177
19.650555867,-4.908147901815177
19.653167136,-4.877900647746415
19.654981424000002,-4.900855218068644
19.656884768,-4.900855218068644
19.658593805000002,-4.923147959538518
19.661778321,-4.917245954139973
19.664048613000002,-4.934784418727414
19.667419181,-4.952109255014411
19.667435683,-4.977686008004837
19.668758994,-4.9777278959068845
19.671160492000002,-4.9777278959068845
19.672826906,-4.990013617577523
19.675078783,-4.998382820406686
19.676569497000003,-4.998382820406686
19.679494072,-5.007728011353564
19.68191725,-4.986118042687072
19.682903383000003,-4.949110081227784
19.685210918000003,-4.9281200535115985
19.686820568,-4.9150552168628705
19.68952212,-4.9150552168628705
19.691026051,-4.911477990027983
19.693626185000003,-4.911477990027983
19.696820015,-4.949972972009969
19.697894461,-4.968282173995091
19.699539783000002,-4.962145596345079
19.702803546000002,-4.962145596345079
19.704260264000002,-4.901713920060625
19.706038492,-4.809715520792902
19.706756738000003,-4.809715520792902
19.710669033000002,-4.827057112240718
19.711861504,-4.827057112240718
19.713149365,-4.855268614269954
19.715285324,-4.830383011663318
19.716670013,-4.851536402197489
19.720456951000003,-4.8862028299323015
19.721632418000002,-4.907289199823196
19.722499114,-4.913568196340171
19.725219189,-4.9144478422831765
19.726763246,-4.918728785872468
19.728697496000002,-4.918728785872468
19.730633566,-4.926674920890947
19.734336763,-4.933167545708366
19.736174838,-4.948037750935358
19.737129533,-4.946910966370271
19.738796486000002,-4.9437903176677045
19.740599914,-4.944824948848287
19.742638686000003,-4.9593349181176665
19.746053764000003,-4.960914092024872
19.747692060000002,-4.9441673087861355
19.748875874000003,-4.9441673087861355
19.750738608000002,-4.936489256340761
19.753137262000003,-4.936489256340761
19.75497105,-4.907243123130943
19.756710216000002,-4.907243123130943
19.758582221,-4.894236929545082
19.760619361,-4.906727901935755
19.763575035000002,-4.938571085072541
19.766347555000003,-4.9392748018269454
19.76717799,-4.907247311921148
19.768828201,-4.907247311921148
19.771029887,-4.874181002044565
19.773180726,-4.86340324484765
19.774986446,-4.86340324484765
19.777478964,-4.869753450798105
19.779617705,-4.921874567316262
19.780576772,-4.938939698610562
19.782537781000002,-4.954103119151889
19.785324109,-4.963749902993511
19.787204067,-4.966501938158056
19.788825954,-4.966501938158056
19.792286759,-4.962061820540983
19.793464211,-4.927030968058355
19.796083932000002,-4.923332266307527
19.796930474,-4.899816398097857
19.801038601000002,-4.909789907575454
19.801792326,-4.922963652769506
19.802641709,-4.92347468517449
19.805568146000002,-4.940028784063807
19.807257377000003,-4.91045173642781
19.808969734,-4.91045173642781
19.810947464,-4.873544305933437
19.812802771,-4.849446195885301
19.816161999000002,-4.880263125421915
19.816867436000003,-4.898195336288604
19.820005969,-4.8925991125750095
19.821000238,-4.8925991125750095
19.822780641,-4.90935846218436
19.825894052000002,-4.896611973591196
19.827318028,-4.902141176661514
19.828736489,-4.902141176661514
19.832626487000002,-4.904243949344316
19.833304631,-4.904243949344316
19.834662443000003,-4.901688787319396
19.836580975,-4.957671968406366
19.838920089000002,-4.955234092507181
19.841293537000002,-4.955234092507181
19.842666514,-4.959804062620604
19.845482973000003,-4.939392087952679
19.847099471,-4.929439522426107
19.849108701000002,-4.929439522426107
19.850794159000003,-4.90948831468071
19.853899979,-4.881209792008196
19.855720616000003,-4.8778168719423185
19.857154885,-4.8778168719423185
19.860106953000003,-4.891229378178045
19.861132158,-4.865409675355742
19.864295784000003,-4.8709472560064695
19.865357843,-4.877657697914537
19.867801335000003,-4.886948434588754
19.868722061,-4.886948434588754
19.870941306000002,-4.87573504321054
19.872794393,-4.904809436021963
19.874731280000002,-4.9367280173824355
19.877995032,-4.976538279488724
19.878971103,-4.984409016283518
19.881079429,-4.982561759803208
19.882821472,-4.9927321424204285
19.88707506,-5.002977923261336
19.888223494000002,-5.0178020517960755
19.889115012,-5.0178020517960755
19.890686821000003,-5.008858984708857
19.892849465,-4.989661759200321
19.894689995,-4.966774209521367
19.896665374,-4.9311694927806835
19.899395373,-4.925430850200126
19.902022154,-4.923654803153296
19.902935324,-4.92533869681562
19.905778255,-4.961764416436443
19.907642433,-4.961764416436443
19.909155158,-4.989657570410116
19.910918218000003,-4.989657570410116
19.913020457000002,-4.972743235563188
19.915133682,-4.972743235563188
19.916717827000003,-4.9087343324438475
19.919421516,-4.860659587263513
19.920731001,-4.860659587263513
19.922707217000003,-4.8939227702797234
19.925340377,-4.9501112020867275
19.926863591,-4.962120463603851
19.928895394,-4.962120463603851
19.930955099000002,-4.930951675690035
19.933256455000002,-4.8783279043473025
19.934893304000003,-4.8783279043473025
19.938087067,-4.888535986076367
19.940432952000002,-4.9128058365228995
19.941216261,-4.940187958091588
19.942827371,-4.968365949799186
19.94618089,-4.947648193446313
19.948387906,-4.9195414111721965
19.949930381,-4.9195414111721965
19.952233828,-4.876342417790235
19.953406289,-4.851557346148513
19.955262924000003,-4.851557346148513
19.958372455000003,-4.869786961119744
19.96088882,-4.94887132018611
19.961843374,-4.9765173355377
19.964727911,-4.994114443188009
19.965395064000003,-4.997666537281667
19.967217310000002,-4.980605594777572
19.970563825000003,-4.947141349831534
19.971906670000003,-4.947141349831534
19.972886729000003,-4.914988196219594
19.97497921,-4.86113710934686
19.977907005000002,-4.899024716749152
19.978849091,-4.928903357279895
19.980869466,-4.920852502506294
19.983296042000003,-4.910443358847401
19.985943940000002,-4.910443358847401
19.987466873000002,-4.891983360414907
19.990024735000002,-4.891983360414907
19.990936934,-4.9195120896407625
19.993059565000003,-4.995823469591561
19.995055746000002,-5.006789722347691
19.997569910000003,-5.0080756809405615
19.998819273000002,-4.981929252482284
20.001318479000002,-4.94173781046736
20.00279906,-4.906413742670395
20.008025211,-4.899837342048881
20.00805572,-4.893244186266547
20.008986941,-4.896352268598498
20.010916660000003,-4.896352268598498
20.012784026000002,-4.923834921132102
20.015524501,-4.918737163452877
20.016809851,-4.859549557859245
20.018839778,-4.833047082233562
20.020796944,-4.839187848673779
20.023602063000002,-4.853207729489198
20.026404804000002,-4.855184838465859
20.027793938000002,-4.8543303252640815
20.030205364,-4.847862833187891
20.031423323000002,-4.847862833187891
20.033473659000002,-4.812082187258607
20.036874716,-4.809774163855768
20.037475082,-4.809774163855768
20.039021105,-4.794778294922633
20.040761601,-4.831237524865094
20.042867903,-4.879044187472322
20.045840913000003,-4.9101710874840885
20.046979915,-4.9101710874840885
20.049104683,-4.919847192857146
20.050758471,-4.919847192857146
20.053007336,-4.942910671724699
20.054854196,-4.942910671724699
20.056810984000002,-5.0049969201400435
20.05972693,-5.0190754440183305
20.061936175,-4.979374090457364
20.063183264000003,-4.979374090457364
20.065376583000003,-4.937289315269876
20.067728521000003,-4.831832333074174
20.069852398000002,-4.831832333074174
20.071074405,-4.844624898359592
20.072755749000002,-4.844624898359592
20.07540939,-4.927835215777673
20.077449942,-4.927835215777673
20.080425002000002,-4.922837989063363
20.081570462000002,-4.806909031355695
20.084443917,-4.806909031355695
20.085525828,-4.815257290233834
20.087159493,-4.815257290233834
20.089172859,-4.874101415030673
20.090801511000002,-4.874101415030673
20.094187758,-4.873460530129342
20.096133886,-4.868735574778342
20.096776182000003,-4.868735574778342
20.098772261,-4.892934215791393
20.101118077000002,-4.937842235576908
20.104529968,-4.955037219367556
20.105242402000002,-4.962070198121393
20.107346801000002,-4.962070198121393
20.10887417,-4.9671135015279555
20.11152122,-4.9671135015279555
20.113460863,-4.917233387769359
20.114856186,-4.895271560725664
20.116765213,-4.903322415499264
20.119326449000003,-4.926427782268866
20.121441808,-4.934696454133113
20.123696596000002,-4.934696454133113
20.124854069,-4.9384537989468065
20.127700996,-4.929142118321567
20.129368074000002,-4.91151987793003
20.131557435,-4.91151987793003
20.132818148000002,-4.893621177384977
20.134747703000002,-4.925330319235211
20.136734153000003,-4.917664833160452
20.142926259000003,-4.917488903971851
20.14297956,-4.9468104354053555
20.144389015,-4.960269018333334
20.145976364000003,-4.958492971286505
20.147700392,-4.958492971286505
20.149665486,-4.9565368062608695
20.151052087,-4.9565368062608695
20.15309136,-4.886554688309504
20.155624757000002,-4.886554688309504
20.157109671,-4.840473807266648
20.158905147000002,-4.858590324902349
20.162111366,-4.884045602976836
20.162899151,-4.9063215892858905
20.165639866000003,-4.920165540912709
20.167795608000002,-4.924764832557565
20.169525568,-4.924764832557565
20.17116434,-4.940137692609131
20.173047163,-4.940137692609131
20.175554241,-4.962593796896991
20.176771859000002,-4.962593796896991
20.178764381,-5.002638631254748
20.181774833000002,-5.00152022427007
20.186765047,-4.997176448827707
20.186826879,-4.9909770393246236
20.188085017000002,-4.978946833856477
20.189543619000002,-4.978946833856477
20.191212962,-4.953663296180386
20.193469683,-4.953663296180386
20.197055359,-4.923122826797289
20.197759818,-4.923122826797289
20.198977842,-4.938533385960698
20.201053848,-4.971499164872367
20.203155649000003,-4.971499164872367
20.209628382000002,-4.958367307580362
20.209650546000002,-4.940158636560155
20.210561132000002,-4.940158636560155
20.211267083000003,-4.923826543551693
20.212837919000002,-4.923826543551693
20.21502409,-4.945444889798595
20.217794408,-4.953231850789293
20.218835709,-4.946575863153888
20.220800597,-4.940527250098176
20.223598818000003,-4.929590318873479
20.225256183000003,-4.933418873120654
20.22711765,-4.9454407010083905
20.229051316,-4.9454407010083905
20.231161489,-4.949373975010685
20.234074831,-4.949373975010685
20.23495913,-4.910074745309379
20.238615402,-4.899343064804717
20.239512404000003,-4.932032383562869
20.24106042,-4.962761348505182
20.242668548,-4.945218695127537
20.248414199000003,-4.917078402531782
20.248825754000002,-4.868408849142369
20.249571388,-4.868408849142369
20.252103125,-4.812907378928949
20.253396281,-4.8486964024386445
20.255527783,-4.89172365542221
20.256778435,-4.89172365542221
20.25876488,-4.904151795959811
20.261607758,-4.914791323079968
20.262746921,-4.940849786943945
20.266642157,-4.966556392430719
20.267658639,-4.966556392430719
20.269739865000002,-5.016708777552626
20.2712793,-5.016708777552626
20.273222106000002,-5.037292492618946
20.275188309,-4.970883412712263
20.277192565,-4.884799585213698
20.278771865,-4.884799585213698
20.281188446,-4.762537176716393
20.283621497000002,-4.818935048033636
20.287889902,-4.917400939377551
20.287919993000003,-4.917400939377551
20.289406054,-4.946295214210167
20.290825874000003,-4.946295214210167
20.292763942,-4.842283364635116
20.295090696000003,-4.802766317843162
20.296944078000003,-4.864994985125468
20.299382369,-4.908554214465041
20.300808976000003,-4.90465863957459
20.302868985,-4.903242828485372
20.305638596,-4.905039819483226
20.308344113,-4.910439170057195
20.309960329000003,-4.910439170057195
20.311235122000003,-4.937632796066668
20.313192100000002,-4.937632796066668
20.315059227000003,-4.955217337346362
20.317167993,-4.947396866034025
20.318932636,-4.946743414762079
20.320845022,-4.921309080638617
20.324246529,-4.908889317681425
20.325542094000003,-4.89496159025051
20.327387706,-4.886031089533905
20.329332274000002,-4.886031089533905
20.332648523,-4.864073451280414
20.333400248,-4.904595807721519
20.334892984,-4.900633212187791
20.336801064000003,-4.857396519693985
20.338862008,-4.818914104082612
20.34069233,-4.80896991613645
20.342706051,-4.823802422251599
20.346586921,-4.872895043451695
20.348320275000003,-4.910489435539653
20.349386941000002,-4.910489435539653
20.350806145,-4.932107781786556
20.353295705,-4.921237871205134
20.354790477,-4.905735158657221
20.35678499,-4.8668464303959835
20.359263601000002,-4.845898290581847
20.361133997,-4.845898290581847
20.363126805,-4.869422536371927
20.366493721,-4.869422536371927
20.367600783,-4.892649378057468
20.368780544,-4.892649378057468
20.370761108,-4.905982297279303
20.372763115,-4.887899289965239
20.374801938,-4.888778935908245
20.376779358,-4.910874804238492
20.379086140000002,-4.914422709541948
20.381540010000002,-4.9301264840196914
20.382834287,-4.944012323548558
20.385847664,-4.929426956055492
20.387245215,-4.909877872169755
20.388894147000002,-4.909877872169755
20.39106185,-4.895916634417201
20.393350327,-4.89848855160294
20.395383985000002,-4.923910319355788
20.396865547,-4.94221952134091
20.399197296,-4.955703237010117
20.40092672,-4.9515689010779935
20.403317504,-4.950232677002666
20.405428907,-4.950232677002666
20.407796009000002,-4.940920996377426
20.410522556,-4.940920996377426
20.411605244,-4.934445126720826
20.413783613,-4.934445126720826
20.415168928,-4.912546131530203
20.416963225,-4.907226367970124
20.419225954,-4.925883239542243
20.421603752000003,-4.925883239542243
20.423687795000003,-4.935509079432842
20.425298268000002,-4.964583472244264
20.427225877,-4.961014622989786
20.429388386000003,-4.961014622989786
20.431190372,-4.954346068983766
20.432976267,-4.965500817299112
20.434771375,-4.958765242649816
20.436691193,-4.953219284418679
20.438717496000002,-4.939978518581349
20.442125734,-4.925954448975723
20.445989176,-4.915662591442564
20.446004614,-4.90948831468071
20.447628019,-4.916207134169187
20.449614714000003,-4.916207134169187
20.451232710000003,-4.909706131771358
20.452942914,-4.909706131771358
20.45547875,-4.8877652486786864
20.457204761,-4.8877652486786864
20.459184195000002,-4.859461593264944
20.46137398,-4.859461593264944
20.463360076,-4.869648731042986
20.46719444,-4.808810742108667
20.468540627000003,-4.830165194572669
20.470685048,-4.830165194572669
20.471505962000002,-4.877640942753717
20.473957186,-4.877640942753717
20.474999805000003,-4.918452325718952
20.477441209000002,-4.92329875598589
20.478810799,-4.92329875598589
20.482146235000002,-4.900771442264548
20.483835877,-4.919662886088135
20.486015994000002,-4.93544624757977
20.487518458,-4.930051085796006
20.489295017,-4.930051085796006
20.490936301,-4.914163004549251
20.493970829000002,-4.914163004549251
20.495096934000003,-4.850313275457692
20.497073022000002,-4.897596339289321
20.498727133000003,-4.897596339289321
20.501101845,-4.90731852135463
20.503096178,-4.9048429463436
20.50990689,-4.902308728269705
20.509939061,-4.899640468909256
20.510774143000003,-4.915587193218878
20.511263787,-4.915587193218878
20.513759861,-4.927181764505726
20.514987701000003,-4.910996279154432
20.517722770000002,-4.926147133325144
20.519449135000002,-4.918058579439702
20.52087901,-4.918058579439702
20.523547306,-4.915009140170618
20.528340393,-4.949545715409081
20.528833059,-4.949357219849865
20.529813488000002,-4.949357219849865
20.530901556,-4.94173781046736
20.533069973,-4.965417041495017
20.536997573,-4.961286894353098
20.537592818,-4.961286894353098
20.538782969,-4.964725891111227
20.541447279,-4.964725891111227
20.544762133000003,-4.918959169333731
20.545651605,-4.917128668014239
20.547109964,-4.922247369644489
20.549188034,-4.922247369644489
20.552848355000002,-4.90503563069302
20.553850335,-4.90503563069302
20.555299703000003,-4.9045371646586515
20.557806279,-4.9045371646586515
20.560416771,-4.8222944577778755
20.562713714,-4.8372316836481435
20.563673057000003,-4.8372316836481435
20.566316181,-4.860940236207235
20.567536841000003,-4.860940236207235
20.570900088000002,-4.89015704788562
20.571648548000002,-4.89015704788562
20.573861414,-4.9118507923562085
20.574920336,-4.912772326201262
20.577000953000002,-4.883480116299189
20.579204387,-4.867215043934005
20.581525302000003,-4.867973214961071
20.583226244000002,-4.8486964024386445
20.586294428000002,-4.822302835358285
20.587735587,-4.828246728658876
20.588935590000002,-4.828246728658876
20.590892724,-4.846287848070892
20.593278135000002,-4.826546079835733
20.595254070000003,-4.847699470369904
20.596860575,-4.873711857541628
20.601013559000002,-4.882064305209972
20.601926541,-4.881281001441677
20.604005307,-4.881281001441677
20.6053724,-4.903188374212711
20.60935805,-4.907113270634595
20.610035670000002,-4.907113270634595
20.610974386000002,-4.928300171490405
20.613217907000003,-4.928300171490405
20.616251732000002,-4.936807604396327
20.617183225,-4.926427782268866
20.618831772,-4.91376925827
20.620770743,-4.886186074771482
20.626106124,-4.899192268357345
20.626171226,-4.899192268357345
20.627072745,-4.94603550921747
20.628851599,-4.94603550921747
20.631149055,-5.006194914138613
20.633375494000003,-5.006194914138613
20.634888147,-4.99604128668221
20.637532882000002,-4.93936695521145
20.638770999000002,-4.902476279877896
20.641341472,-4.847452331747823
20.643427797,-4.837173040585276
20.646124718000003,-4.870147197077355
20.647073416,-4.9322502006535185
20.649362623000002,-4.9322502006535185
20.651332937000003,-4.972600816696225
20.654871127,-4.98092813162334
20.655529541,-4.956666658757218
20.656796444,-4.9234830627549
20.658870848000003,-4.913920054717373
20.661234593,-4.891773920904667
20.664197819,-4.863068141631266
20.665623869,-4.866205545494652
20.667293487000002,-4.866205545494652
20.669417719000002,-4.863977109105705
20.670843482000002,-4.863977109105705
20.673591101,-4.826990091597441
20.674812567,-4.871529497844934
20.677900488000002,-4.8779048365366195
20.679129841,-4.8937384635107115
20.681143163,-4.921824301833804
20.684714163000002,-4.928899168489689
20.686301028000003,-4.9344116163991885
20.687358083000003,-4.9344116163991885
20.689101682,-4.967444415954133
20.691525201,-4.967444415954133
20.694735484000002,-4.947078517978462
20.695840665000002,-4.947078517978462
20.699894623000002,-4.931688902766077
20.702242455,-4.931688902766077
20.702264817,-4.916885718182361
20.706231072,-4.916885718182361
20.706254224000002,-4.897148138737408
20.708059549,-4.897148138737408
20.710401577000003,-4.830073041188164
20.712337259,-4.830073041188164
20.713902337,-4.879907078254508
20.715545191,-4.879907078254508
20.718044689000003,-4.874809320575282
20.719999435000002,-4.853274750132476
20.720852325000003,-4.853274750132476
20.723385333,-4.863084896792086
20.725220848000003,-4.922025363763635
20.727904315,-4.9397271911690614
20.729007032000002,-4.9397271911690614
20.73134526,-4.943731674604837
20.73271425,-4.943731674604837
20.735396863000002,-4.951376216728573
20.736993799,-4.993955269160226
20.738860674,-5.012842524193608
20.741029739000002,-5.01859373314478
20.742861977,-5.01859373314478
20.746613213,-5.018195798075325
20.747277228,-4.989251257760252
20.756180222,-4.953424535138713
20.756192868000003,-4.9272320299881835
20.756880482,-4.9119178129994845
20.757796756,-4.903804126372814
20.757840241,-4.903804126372814
20.759366306,-4.932870141603827
20.761267531,-4.932870141603827
20.765991118000002,-4.955535685401926
20.766796035000002,-4.913949376248807
20.768008083,-4.88153651764417
20.76912661,-4.88153651764417
20.770847591000003,-4.866775220962502
20.774208856,-1.4246913244519472
20.775780606,-1.4246913244519472
20.776886761,1.250973817079046
20.779466973,0.4720389569675832
20.781041428,-0.964695139323125
20.782886226000002,-1.0714422689019014
20.786309022,-0.08245214639101532
20.787371272,-0.08245214639101532
20.790207312,0.6727029517278753
20.791353957000002,0.6727029517278753
20.793288682,-0.2965914792401052
20.794948155,-0.26932245500694585
20.797275636000002,0.0766422943769766
20.799381397,0.1666677734582457
20.802218919,-0.016776104770169494
20.803134156000002,-0.22836446438454447
20.808158812000002,-0.244336321435395
20.808182287,-0.10804565454226016
20.809792689000002,-0.10804565454226016
20.812455538000002,-0.03268094117774342
20.813202617,-0.03268094117774342
20.816938794000002,-0.21614576335718258
20.817799306,-0.000674395222970609
20.819099521000002,-0.017613862811126774
20.821719165,-0.12089686289054483
20.823624989000002,-0.14477296705782727
20.828287124000003,-0.04927692796910711
20.828301357,-0.04927692796910711
20.829263134,0.02643545498240691
20.831123384,0.02643545498240691
20.832899256,-0.09831928368674618
20.835135067000003,-0.008210028801381327
20.837123292,0.03395433339999849
20.839108395,0.015121532639278871
20.840963763,-0.05330235535590683
20.844457186,-0.07898801689165698
20.845801145000003,-0.024554688180457824
20.848193866000003,0.027331856086231204
20.84945171,0.027331856086231204
20.851369987,0.033581531071772495
20.852891221,0.033581531071772495
20.856469014,-0.0349680206295568
20.857965416000003,-0.010564128896471278
20.859141378,0.008423657101825433
20.860876893,0.021656045358745643
20.862965168000002,0.026632328122031878
20.865709617,0.021073803520280335
20.867512769,-0.004000294645571004
20.869392342,-0.004000294645571004
20.870917716,-0.02814448138595976
20.873580398,-0.02814448138595976
20.874871594000002,-0.0218235969669371
20.878032113,0.009927432785343748
20.879230640000003,0.008310559766296199
20.880900164,0.008620530241450394
20.8828053,-0.024563065760867395
20.886160744,-0.03141173774569314
20.886874562000003,-0.028081649532887967
20.889125867,-0.028081649532887967
20.892473317,-0.018112328845496354
20.893695461,-0.018112328845496354
20.895551427,-0.004243244477448614
20.89695001,-0.019900942262940143
20.899714575,-0.019900942262940143
20.901556679000002,-0.008042477193189871
20.902771412,-0.012809320446236784
20.906008943,0.0025048965424622617
20.907813013000002,0.0025048965424622617
20.908970917,0.013378995914087732
20.911261306,0.013378995914087732
20.913061614,0.03245474650668496
20.916790329,0.004461061568097507
20.917292718000002,-0.01869875947416645
20.919654344,-0.033418168253785824
20.920779046,-0.026703537555513242
20.924262674,-0.005215043804959058
20.92540383,-0.0016084954386379744
20.927414617,0.0013781119773747228
20.928960804000003,0.0013781119773747228
20.931361551000002,-0.004088259239871518
20.934152821,-0.004850619057142641
20.935315044000003,-0.004850619057142641
20.937105672,-0.0023708552559090976
20.939096913,-0.0023708552559090976
20.940864308000002,0.0028316221784356003
20.942854674000003,0.01355492510268876
20.946312633,0.0036191147369354416
20.947592631000003,0.005642300405847268
20.949340717000002,0.005642300405847268
20.950833355,0.0032505011989142395
20.954117031000003,0.009977698267801182
20.955027131,0.009977698267801182
20.957191449,-0.003384542485467404
20.95892325,-0.003384542485467404
20.961531118,0.002877698870688251
20.962748162,-0.007837226473155337
20.966033604,-0.015779172701430335
20.96748303,-0.006199409503083859
20.96905134,-0.006199409503083859
20.970882191,-0.01368477759903714
20.973055011,-0.01368477759903714
20.976226242000003,0.0016084954386379744
20.977134545000002,0.015758228750406403
20.979077395,0.00932005820564972
20.981062659000003,-0.006823539243597031
20.984310525,-0.01076100203609624
20.98607518,-0.007715751557216533
20.987111657,-0.007715751557216533
20.988851993,-0.009219527240734847
20.991728043000002,-0.009219527240734847
20.992742849000003,0.01670489533668813
20.995027058,0.0060486130557115495
20.996816343000003,0.015238818765012891
20.999408869,-0.010090795603330415
21.000941441000002,-0.010090795603330415
21.002666662000003,-0.04892088080170026
21.005561227,-0.009303303044830576
21.007368208000003,0.0010723302924253162
21.008831472,0.0010723302924253162
21.01083102,-0.020546015954477248
21.012756487,-0.04209734155810323
21.015139654000002,-0.01656247646972539
21.016751711,-0.02839162000804216
21.021153531000003,-0.05801893312649631
21.02173107,-0.05801893312649631
21.024619932,-0.04981309311531976
21.025373988000002,-0.023884481747692
21.027057609,-0.04393622045800446
21.029454762,-0.04393622045800446
21.030865236,-0.009294925464421
21.032848426,-0.009294925464421
21.035082555000002,0.039001825596766085
21.036697028000003,0.02962312432824936
21.038647701000002,0.029120469503674994
21.040698676,0.031248374927706473
21.042728689,0.033460056155833695
21.045288729000003,0.04023751870717807
21.047450889,0.022581767994003434
21.048855387,0.022581767994003434
21.050749151,0.006919881418307117
21.053040636000002,0.006919881418307117
21.055136278000003,0.0076780524453734554
21.056706348000002,0.0076780524453734554
21.060825304,-0.01012011713476392
21.061642399,-0.006153332810831209
21.063291042000003,-0.009361946107697585
21.066368266,-0.0018305013194916532
21.067278315000003,-0.0018305013194916532
21.071905583000003,0.00984365698124802
21.071920026,0.00984365698124802
21.189109555,0.02274931960219489
21.189141141,0.026112918136638366
21.189168599000002,0.035231914412458334
21.189195554,0.0118500874893407
21.191895226,0.0190841281730068
21.191934205000003,0.013165367613643624
21.19196055,0.0029614746747839787
21.191985703,0.008587019919812101
21.192010919,-0.0008503244115716373
21.192073215,0.004205545365605536
21.193965395000003,-0.0036819465900072377
21.193998807,0.0003979350694547072
21.194042578,0.0008293804605477054
21.194074962000002,-0.0004733332931408622
21.197122191000002,-0.001327846494917286
21.197157645,-0.0016629497113001973
21.197182354000002,0.0037573448136933927
21.197206527000002,-0.0018891443823586625
21.197230949,0.0065889669921289935
21.197255495,-0.0030661944299036382
21.197279344000002,0.004607669225265031
21.200037197,-0.008465545003873297
21.200068568000003,-0.012331798362891135
21.200092645,-0.015624187463853237
21.200115631000003,-0.015984423421464868
21.200138602000003,0.0032253684576855207
21.200161485000002,0.015180175702145882
21.206832404,0.030071324880161503
21.206868742,0.02968176739111637
21.206896096,0.007154453669775156
21.206927837000002,-0.004733332931408622
21.206953494,0.0018346901096964391
21.206978269,0.006848671984825749
21.209948382,-0.012377875055143787
21.209982854,-0.0008503244115716373
21.21000871,0.005952270881001461
21.210031962000002,0.005952270881001461
21.210054741,0.005952270881001461
21.210086809,-0.0038830085198369845
21.210107858,-0.0038830085198369845
21.212946602000002,-0.0038830085198369845
21.212985519,-0.013751798242313722
21.213012883,-0.013751798242313722
21.213039413,-0.0005445427266222309
21.21306526,-0.0005445427266222309
21.21309029,-0.0005445427266222309
21.213836897,-0.0005445427266222309
21.213869073,0.016420057602762654
21.216094909000002,0.016420057602762654
21.216125222000002,0.024621708823734406
21.216149078,0.024621708823734406
21.216179592,0.024621708823734406
21.216198142,0.013027137536885678
21.21924263,0.013027137536885678
21.21927377,0.013027137536885678
21.219297112,0.009127373856229547
21.219327776,0.009127373856229547
21.219353389000002,0.009127373856229547
21.219377467,-0.00044820055191214386
21.220658489,-0.00044820055191214386
21.220689626000002,-0.00044820055191214386
21.220713437,-0.006358583530865742
21.222317586000003,-0.006358583530865742
21.222353782000003,-0.006358583530865742
21.222383215,-0.013521414781050472
21.223901709,-0.013521414781050472
21.223954149,-0.013521414781050472
21.223979523,-0.01725781564371993
21.224004276000002,-0.01725781564371993
21.224862078,-0.01725781564371993
21.224895199000002,-0.006978524481174127
21.225571885,-0.006978524481174127
21.225586247000003,-0.006978524481174127
21.226571824,-0.006978524481174127
21.226589931000003,0.00032253684576855215
21.228469293,0.00032253684576855215
21.228483122,0.00032253684576855215
21.228689770000003,0.00032253684576855215
21.23072041,0.007518878417591571
21.232272207,0.007518878417591571
21.233384816,0.005378406622945727
21.234900369,0.005378406622945727
21.238525900000003,-0.00642979296434711
21.239949607,0.014162299682382787
21.240912145000003,0.004812919945299563
21.242801571,0.011192447427189237
21.246978787,-0.01600955616269359
21.247812268,-0.019620293319219457
21.248918613,-0.019620293319219457
21.250783481000003,-0.010094984393535202
21.253971264,0.0047710320432517
21.254782379,0.0047710320432517
21.374807465,-0.0006157521601035995
21.374848814,0.011669969510534886
21.374874567000003,0.0032840115205525306
21.374902603000002,0.0027436575841350863
21.377535695000002,-0.001851445270515585
21.377565907,-0.010693981392819655
21.377590197,-0.008746193947593985
21.377615010000003,-0.003975161904342285
21.377639669,0.009315869415444935
21.377673265000002,0.005642300405847268
21.378655772000002,0.0020399408297309724
21.378685567,0.0004733332931408622
21.381420034,-0.00647586965659976
21.381449447,-0.012884718669922938
21.381475899,-0.012063715789784808
21.381501503000003,-0.012997816005452172
21.381527058,0.0025048965424622617
21.381557346,0.021656045358745643
21.384449086,0.023117933140216092
21.384512857,0.016151975029656325
21.384539765000003,0.004724955350999049
21.384568046000002,-0.012176813125314039
21.384594535,-0.02119527843621914
21.384622976000003,-0.016650441064025905
21.390992623000002,-0.002173982116284137
21.391121016,0.01091179848346855
21.391156743,0.018363656257783537
21.391173412,0.015661886575696313
21.391188652,0.0019268434942017402
21.391203616000002,-0.0007204719152232594
21.391217368000003,-0.005235987755982989
21.396334518,-0.009981887058005968
21.396355601,-0.002655692989834572
21.397810142,0.0008587019919812103
21.39783225,0.002852566129459533
21.397849772,-0.00567581072748556
21.398459722000002,-0.00567581072748556
21.401068690000002,-0.00567581072748556
21.401084169,-0.00567581072748556
21.401097829,0.012122358852651817
21.401119511,0.012122358852651817
21.401139474,0.012122358852651817
21.401155303000003,0.012122358852651817
21.403955046,0.004812919945299563
21.404005025,0.004812919945299563
21.404046339,0.004812919945299563
21.404082245,0.005457993636836668
21.404112262,0.005457993636836668
21.404137227,0.005457993636836668
21.40416486,0.005457993636836668
21.405636412,0.003778288764717325
21.405667316000002,0.003778288764717325
21.405699467,0.003778288764717325
21.465318632000002,-0.0025090853326670483
21.465361425,-0.0025090853326670483
21.465389530000003,-0.0025090853326670483
21.465417369,-0.002630560248605854
21.465442482,-0.002630560248605854
21.465471471,-0.002630560248605854
21.465491136,-0.010040530120872979
21.468520815,-0.010040530120872979
21.468547703000002,-0.010040530120872979
21.468571845,-0.002580294766148417
21.468599497,-0.002580294766148417
21.468627072,-0.002580294766148417
21.468653995,-0.0019729201864543905
21.468675194000003,-0.0019729201864543905
21.47086708,-0.000770737397680696
21.470897092,-0.000770737397680696
21.470928633,-0.000770737397680696
21.470956436,-0.000770737397680696
21.470982643000003,-0.00030159289474462013
21.471008066000003,-0.00030159289474462013
21.471034799,-0.00030159289474462013
21.474064050000003,-0.00030159289474462013
21.474085022,0.0018346901096964391
21.474098997000002,0.0018346901096964391
21.474114187,0.0018346901096964391
21.474125964000002,0.0018346901096964391
21.474140673,-0.00526949807762128
21.492791449000002,-0.0022996458224277287
21.492809599,0.00761522059230166
21.492822433,-0.0032965778911668896
21.492833074,-0.004360530603182634
21.495730465,0.005520825489908464
21.495746661000002,-0.007296872536737893
21.495759930000002,-0.0018556340607203713
21.495771874000003,-0.005516636699703677
21.495783525,0.0014744541520848096
21.495795779,-0.002236813969355933
21.495806318,-0.0002345722514680379
21.498552849000003,0.0029698522551935514
21.4985728,-0.008959822248038091
21.498593160000002,-0.011494040321933857
21.498604893000003,-0.016093331966789314
21.498615011000002,-0.008980766199062023
21.498630859000002,-0.005198288644139911
21.502334692,-0.0067858401317539545
21.50235474,-0.0067858401317539545
21.502379678,-0.0067858401317539545
21.502397848,0.002320589773451661
21.50242394,0.002320589773451661
21.502446034000002,0.002320589773451661
21.502489219,0.0018807668019490897
21.505292527,0.0018807668019490897
21.505311388000003,0.0018807668019490897
21.505327714,-0.0010681415022205298
21.505339749,-0.0010681415022205298
21.505352117,-0.0010681415022205298
21.505370979000002,-0.0010681415022205298
21.508464802000002,-0.002839999758845173
21.508479642,-0.002839999758845173
21.508489939,-0.002839999758845173
21.508499961000002,-0.002839999758845173
21.508508198,-0.007049733914655497
21.508516637,-0.001306902543893354
21.508525147,0.0018095573684677208
21.508533684,0.0018095573684677208
21.511412157000002,0.00027227136331111544
21.511428778000003,-0.010291857533160163
21.511442314,-0.014045013556648769
21.511453926,-0.014045013556648769
21.51146542,-0.018032741831605414
21.511477142,-0.018032741831605414
21.537153332000003,-0.007070677865679428
21.537171177,-0.010157816246606997
21.537204226,0.0064130378035279646
21.537219694,0.011280412021489751
21.53723258,0.013504659620231327
21.537245181000003,0.020575337485910755
21.54201772,0.015800116652454267
21.542055474,0.0010220648099678795
21.542079148000003,-0.013362240753268587
21.542096243,-0.010032152540463407
21.542120488000002,-0.005529203070318037
21.542152094000002,-0.0010220648099678795
21.542166675,-0.003769911184307752
21.543005068000003,0.013638700906784491
21.543021531,0.005973214832025394
21.544162031000003,0.01358005784391748
21.544176693,0.015737284799382474
21.544955526000003,0.006739763439501303
21.545004797,0.01602212253330795
21.545647454,0.01602212253330795
21.54707187,0.013843951626819024
21.548190504,0.013843951626819024
21.55160347,-0.006019291524278044
21.552409095,-0.006019291524278044
21.553269863,-0.013617756955760557
21.554848505000002,-0.013617756955760557
21.558235516,0.004452683987687934
21.559140420000002,0.018661060362323373
21.561448779000003,0.011276223231284965
21.563389246,0.0019645426060448177
21.564793128,-0.003677757799802452
21.65368545,-0.010748435665481879
21.653714042,-0.004079881659461945
21.653740423000002,-0.005776341692400434
21.653768082000003,0.0006995279641993273
21.653796800000002,-0.0008000589291142008
21.653827883,0.007472801725338922
21.656472088,-0.0024671974306191844
21.656501911000003,-0.0019938641374783223
21.656518534,-0.007954512598889357
21.656534294,0.0008545132017764237
21.656548497000003,-0.0009508553764865108
21.656562979,-0.0005529203070318037
21.656575030000003,0.0017802358370342163
21.658098167000002,-0.011330677503947189
21.658135405000003,-0.0022787018714037965
21.658156066,0.0018346901096964391
21.659768632000002,0.002249380339970292
21.659804712,-0.006077934587145053
21.659835621000003,-0.004737521721613408
21.662598256000003,0.0027269024233159407
21.662672306,-0.005864306286700947
21.662706625000002,-0.002894454031507396
21.662741351,-0.00248395259143833
21.662788202,-0.012553804243744814
21.662820225,-0.000770737397680696
21.666362334000002,-0.012490972390673018
21.666398190000002,-0.0035227725622253548
21.666431089,-0.0001005309649148734
21.666460888,-0.004599291644855457
21.666487751000002,0.005981592412434966
21.666510705,0.000921533845053006
21.671118419000003,0.0028651325000738914
21.671155591,0.011854276279545488
21.671189545,-0.00021781709064889234
21.671223847,0.006153332810831209
21.671254324000003,-0.007363893180014475
21.671283221000003,-0.007363893180014475
21.674283941000002,-0.007363893180014475
21.674323438000002,0.007594276641277727
21.674358153,0.007594276641277727
21.674389673,0.007594276641277727
21.674421118,-0.000192684349420174
21.674444716,-0.000192684349420174
21.674467573,-0.000192684349420174
21.674489836000003,-0.000192684349420174
21.677027277,0.0037238344920551016
21.677076634000002,0.0037238344920551016
21.677110802,0.003434807967924841
21.67714253,0.003434807967924841
21.67717347,0.003434807967924841
21.678620841,-0.011669969510534886
21.678666148,-0.011669969510534886
21.678700781,-0.011669969510534886
21.678726790000002,-0.011669969510534886
21.717907328000003,-0.0038327430373795474
21.717947185,0.0030997047515419294
21.717978054,-0.00299498499642227
21.718003719000002,-0.005378406622945727
21.718028406000002,0.0023876104167282427
21.718061733000003,-0.0019352210746113126
21.719367428,-0.0021572269554649913
21.719399649,0.0005864306286700948
21.719424785,-0.004670501078336826
21.721686391000002,0.002622182668196281
21.721739145,0.0012901473830742086
21.721787134000003,0.0005235987755982988
21.721839299000003,0.013102535760571831
21.721875698,0.00598996999284454
21.722724153,0.006433981754551898
21.72276369,0.0008042477193189872
21.72490295,0.0035311501426349276
21.724946118000002,-0.0033761649050578317
21.724961175,0.0017592918860102843
21.724975105000002,0.0017592918860102843
21.724986458,0.004414984875844856
21.727923753000002,-0.002412743157956961
21.727934248,-0.007468612935134136
21.727943288000002,0.0007330382858376184
21.728658134,0.0007330382858376184
21.729491151,0.0015624187463853239
21.729543109,0.0015624187463853239
21.730415376,0.010438465190327687
21.731661781,0.010438465190327687
21.735672511,0.01171185741258275
21.738329029000003,0.01171185741258275
21.738389153,-0.004088259239871518
21.766655751000002,-0.006718819488477371
21.76667578,-0.006718819488477371
21.769850592,0.0005612978874413765
21.769870318000002,0.0005612978874413765
21.769884442000002,0.006366961111275315
21.769897862,0.006207787083493432
21.769923841,-0.004121769561509809
21.769939328000003,0.00243787589918568
21.769951664,-0.00248395259143833
21.771156743000002,-0.008075987514828162
21.774037124000003,-0.0018346901096964391
21.774052182000002,0.004607669225265031
21.774063221000002,0.0010346311805822387
21.774074387000002,-0.002592861136762776
21.774084039,-0.0017299703545767793
21.774093688,-0.0026179938779914945
21.774814550000002,0.000867079572390783
21.774830262000002,0.0013362240753268587
21.817813155,0.0018933331725634489
21.817829975000002,0.00030997047515419297
21.817841734,0.0011309733552923257
21.817855012000003,0.0005152211951887261
21.820105441000003,0.00867079572390783
21.820122281,-0.0027687903253638046
21.820136847,0.009764069967357077
21.820148833,-0.006865427145644895
21.820160563,0.0006576400621514635
21.821460297,0.004017049806390149
21.82147591,0.00960070714937041
21.821485125000002,0.003313333051986035
21.823649033000002,-0.005202477434344698
21.823675988,-0.001767669466419857
21.823701915,-0.000942477796076938
21.823728221,0.008750382737798771
21.823757289000003,-0.0011602948867258304
21.826938102,-0.00939126763913109
21.82695839,-0.004473627938711866
21.826972939,0.0036610026389833064
21.826991135,0.002023185668911827
21.827004776000003,0.0019477874452256722
21.827018773000002,-0.0006869615935849681
21.830138299,-0.0067648961807300215
21.830155633,-0.0067648961807300215
21.83016997,-0.00257610597594363
21.830178761000003,-0.00257610597594363
21.83395672,-0.010438465190327687
21.833975152,-0.010438465190327687
21.835927593,0.0019645426060448177
21.836965900000003,0.0019645426060448177
21.839363999,0.007087433026498574
21.840047043000002,0.007087433026498574
21.841372141,-0.002752035164544659
21.865049418,-0.002752035164544659
21.865075184000002,0.0091106186954104
21.865090462,0.0091106186954104
21.865104568000003,-0.005876872657315306
21.865118211000002,0.008478111374487656
21.865132114,0.002203303647717642
21.866532269,-0.00032253684576855215
21.866554670000003,0.010802889938144102
21.86749933,0.002668259360448931
21.867514982000003,0.00466631228813204
21.868193464,-0.004858996637552214
21.869001697,-0.0035185837720205686
21.869019892,-0.0012692034320502764
21.870614619,-0.011887786601183779
21.893025711,-0.011887786601183779
21.893041078000003,-0.005952270881001461
21.89305173,-0.005952270881001461
21.893062173,0.001005309649148734
21.893072113000002,0.007083244236293788
21.893083392,0.004724955350999049
21.893258352,0.004724955350999049
21.893289334000002,-0.005751208951171715
21.893309502,0.002194926067308069
21.894243632000002,0.0011686724671354032
21.894273329,0.0035311501426349276
21.894297415,0.0032840115205525306
21.897093497,0.01053899615524256
21.897853548,0.0044443064072783615
21.902667515,0.0054873151682701725
21.904454415,-0.002035752039526186
21.905410092,-0.012428140537601223
21.906288721000003,-0.012428140537601223
21.907367867,-0.012708789481321911
21.910492314000003,-0.011942240873846
21.912474179,-0.01014524987599264
21.914609135000003,-0.005642300405847268
21.915117050000003,-0.005642300405847268
22.036765348000003,0.010141061085787854
22.036780681,0.01235274231391507
22.036791903,0.011100294042683936
22.03680271,0.011100294042683936
22.036813039000002,-0.010229025680088367
22.036823749,-0.01247840602005866
22.037865357,-0.007087433026498574
22.038095253,-0.0010765190826301026
22.038120354,0.00391233005127049
22.038131219,-0.0034808846601774917
22.039767874000002,0.0018137461586725076
22.039787877000002,-0.0010304423903774523
22.039801277000002,-0.004934394861238369
22.039813929,-0.0004984660343695806
22.039829240000003,-0.004636990756698536
22.041932507000002,-0.0037196457018503154
22.041974848000002,-0.0035897932055019375
22.042009292000003,0.0046202355958793895
22.042036651,-0.005215043804959058
22.042071383,-0.0027436575841350863
22.042087607000003,0.008628907821859965
22.042331533000002,0.004155279883148099
22.043251050000002,0.006714630698272585
22.043292753000003,0.003866253359017839
22.044320415,0.006681120376634294
22.044390185,0.006186843132469501
22.044428887000002,0.0006827728033801817
22.046674157,-0.0002261946710584651
22.04672936,-0.006781651341549169
22.046740962,-0.00027646015351590183
22.046752107,-0.0023708552559090976
22.046772788000002,0.00015079644737231007
22.04678497,-0.0015707963267948967
22.046802929000002,-0.0030536280592892793
22.051754139,-0.0025090853326670483
22.051812507,-0.0031625366046137255
22.051824834,-0.0031625366046137255
22.051836593,-0.0031625366046137255
22.051853073,-0.0031625366046137255
22.051865215000003,-0.001403244718603441
22.053019708,-0.001403244718603441
22.053037460000002,-0.005198288644139911
22.053049927,-0.005198288644139911
22.053060446,-0.005198288644139911
22.054169264000002,-0.005198288644139911
22.05418952,0.0019435986550208853
22.054202971000002,0.0019435986550208853
22.055497804,0.0019435986550208853
22.055543146,0.0019435986550208853
22.055551668,-0.0018095573684677208
22.055560099,-0.0018095573684677208
22.055568577000003,-0.0018095573684677208
22.058238602000003,0.0013948671381938682
22.058264654000002,0.0013948671381938682
22.058280443,0.0013948671381938682
22.058292119,0.0028441885490499597
22.058951473,0.0028441885490499597
22.058982464,0.0028441885490499597
22.059003822,0.0028441885490499597
22.059603102,-0.004331209071749128
22.059631798,-0.004331209071749128
22.059897709,-0.004331209071749128
22.060508118,-0.004331209071749128
22.061087345,-0.005914571769158384
22.061869949000002,-0.005914571769158384
22.062463498,-0.005914571769158384
22.062779726000002,0.0008838347332099285
22.063538137000002,0.0008838347332099285
22.064666253000002,0.0008838347332099285
22.065204511,0.0008838347332099285
22.065833993000002,-0.0003728023282259888
22.066229858,-0.0003728023282259888
22.066637941,-0.0003728023282259888
22.067286154,-0.0003728023282259888
22.06792982,0.001294336173278995
22.068981831000002,0.001294336173278995
22.069971008000003,0.001294336173278995
22.071245596,0.0056632443568712006
22.073172015,0.0056632443568712006
22.074603586000002,-0.001361356816555577
22.076723826000002,-8.377580409572783e-06
22.195652849000002,0.007003657222402846
22.195670268,0.0017299703545767793
22.195683149,0.00026389378290154266
22.197475075,-0.004079881659461945
22.197492004,-0.004079881659461945
22.197504103,0.0029698522551935514
22.197515851000002,0.007028789963631564
22.197527872000002,0.00861215266104082
22.200216271000002,0.001838878899901226
22.200236580000002,0.006094689747964199
22.200250477,0.005830795965062657
22.201329087,0.00790424711643192
22.201345187,-0.005592034923389832
22.201356871,0.0019184659137921674
22.201740971000003,0.0025007077522574755
22.201794989,0.003740589652874247
22.202918163,-0.005462182427041454
22.203196696000003,-0.0014158110892178001
22.203224155,-0.0009131562646434332
22.204748032,0.0056632443568712006
22.204766795,0.005726076209942997
22.204781508,-0.005135456791068116
22.204798516,0.003510206191610996
22.204812149000002,-0.0007204719152232594
22.206452834,-0.0033300882128051807
22.206476645000002,-0.007259173424894816
22.206491671000002,-0.0001005309649148734
22.206505749,-0.0010639527120157434
22.206517522000002,-0.004025427386799721
22.207905488,0.0007288494956328321
22.207935397,-0.0018263125292868664
22.207951228000002,0.004134335932124168
22.207968249,0.006124011279397704
22.209516191000002,0.001734159144781566
22.209554216,-0.00370289054103117
22.209571394,0.006308318048408305
22.209584179,0.006308318048408305
22.213208299,0.006308318048408305
22.213226354,0.004452683987687934
22.213240693000003,0.004452683987687934
22.213257349000003,0.004452683987687934
22.213269776,-0.0020650735709596907
22.214608289,-0.0020650735709596907
22.214627702,-0.0020650735709596907
22.214639073,-0.0020650735709596907
22.214650202,-0.01055156252585692
22.214663796,-0.01055156252585692
22.219826334,-0.01055156252585692
22.220713183,-0.01055156252585692
22.220736356,0.0041301471419193814
22.221914795,0.0041301471419193814
22.221979726,0.0041301471419193814
22.222001171000002,-0.00430607633052041
22.222632148000002,-0.00430607633052041
22.222655998,-0.00430607633052041
22.223435205,-0.00430607633052041
22.223461224,-0.0006492624817418907
22.224482874000003,-0.0006492624817418907
22.224502972,-0.0006492624817418907
22.224515507000003,0.007141887299160798
22.225615874000002,0.007141887299160798
22.225635265,0.007141887299160798
22.225649401000002,0.007141887299160798
22.227191514,-0.0033594097442386857
22.228209517,-0.0033594097442386857
22.228231197000003,-0.0033594097442386857
22.22908989,-0.007460235354724563
22.229123150000003,-0.007460235354724563
22.229365068,-0.007460235354724563
22.229951006,-0.007460235354724563
22.231829122,-0.001177050047544976
22.23258604,-0.001177050047544976
22.232608645000003,-0.001177050047544976
22.232622005,-0.001177050047544976
22.233985232000002,0.005114512840044183
22.234026250000003,0.005114512840044183
22.234565596000003,0.005114512840044183
22.234585918,0.005114512840044183
22.235563181,0.0059564596712062485
22.236995745,-0.011083538881864792
22.239078426000003,-0.011083538881864792
22.243718621000003,-0.004486194309326225
22.244287996,0.003539527723044501
22.246317559,0.003539527723044501
22.246876682,-0.00121893794959284
22.248813353000003,-0.00121893794959284
22.250831732,0.005135456791068116
22.254177763,-0.00013823007675795092
22.255852376,-0.00013823007675795092
22.256869181000003,0.0010555751316061706
22.258747653,0.0010555751316061706
22.260947585,0.003242123618504667
22.262655241,-0.004088259239871518
22.265434667,0.0015498523757709647
22.268402905000002,-0.0004733332931408622
22.269889519000003,-0.0004733332931408622
22.270764375000002,-0.010195515358450076
22.272713351,0.004670501078336826
22.274770524,0.0014325662500369457
22.276852671,-0.0004733332931408622
22.278706725000003,-0.0004733332931408622
22.281530663,0.0071376985089560115
22.40323107,0.0051940998539351255
22.403294716,0.0030243065278557748
22.403327038,0.00010890854532444617
22.403360624,-0.010128494715173493
22.40338895,-0.004213922946015109
22.403415454,0.0003728023282259888
22.404478487000002,0.008825780961484926
22.404505535000002,0.008825780961484926
22.404529966000002,-0.0037573448136933927
22.404548934,0.004301887540315624
22.405573490000002,0.001306902543893354
22.405616947000002,-0.0010094984393535203
22.405641324,-0.001746725515395925
22.406917323000002,-0.007891680745817562
22.407152254,-0.0026724481506537174
22.407182593,0.0021865484868984963
22.407429341,-0.0006576400621514635
22.407451583,0.010392388498075037
22.409083889,0.003614925946730656
22.409116547,0.009764069967357077
22.409150659,0.004172035043967245
22.409177141,-0.005592034923389832
22.411159139000002,-0.004377285764001778
22.419531799,0.006136577650012063
22.419627196,-0.011364187825585478
22.42092693,-0.004469439148507079
22.420948106,0.0009047786842338604
22.420959255,-0.007313627697557038
22.42229091,0.002793923066592523
22.422337118,-0.006299940467998732
22.422353768,-0.0038453094079939068
22.422370997,0.00015079644737231007
22.424435192,-0.00167132729170977
22.424510502,0.0032002357164568032
22.424524106,0.006655987635405575
22.424564859,0.0038201766667651893
22.424580911000003,0.0038201766667651893
22.424593566000002,0.0038201766667651893
22.426801151000003,0.006362772321070528
22.426836795,0.006362772321070528
22.426868820000003,0.006362772321070528
22.426900772,0.0005319763560078717
22.426935814,0.0005319763560078717
22.426966734,-0.0017215927741672066
22.429124977,-0.0017215927741672066
22.429159902000002,-0.0017215927741672066
22.429191732000003,0.003962595533727927
22.429223701,0.003962595533727927
22.429245788000003,0.003962595533727927
22.429268336,0.003962595533727927
22.429290163,0.003384542485467404
22.429313014,0.003384542485467404
22.431223437,0.003384542485467404
22.431258399,0.003384542485467404
22.431283914,-0.006877993516259254
22.431309317,-0.006877993516259254
22.431333055,-0.006877993516259254
22.431357855,-0.006877993516259254
22.431379711,0.0032965778911668896
22.432415111,0.0032965778911668896
22.432446367,0.0032965778911668896
22.43247093,0.0032965778911668896
22.432495742,0.008796459430051421
22.433076884000002,0.008796459430051421
22.433103739,0.008796459430051421
22.433785362000002,0.008796459430051421
22.433814394000002,-0.0019896753472735357
22.434442067000003,-0.0019896753472735357
22.43446625,-0.0019896753472735357
22.435861771000003,-0.0019896753472735357
22.436330944,-0.0003141592653589793
22.436361838,-0.0003141592653589793
22.436815996,-0.0003141592653589793
22.437300082,-0.0003141592653589793
22.438520172,-0.00013823007675795092
22.438546943000002,-0.00013823007675795092
22.438888242,-0.00013823007675795092
22.44018042,-0.0014828317324943824
22.440931482,-0.0014828317324943824
22.441849814,-0.0014828317324943824
22.442934931,0.0006157521601035995
22.445221221,0.0020315632493213996
22.447134437000003,0.0020315632493213996
22.448854543000003,-0.0018807668019490897
22.451680339000003,-0.0018807668019490897
22.454132995000002,0.006852860775030537
22.455007978,0.008691739674931762
22.45665378,-0.0008503244115716373
22.460041196000002,-0.003958406743523139
22.461077787,0.0003057816849494066
22.462712615,-0.0033929200658769773
22.465367695,-0.0013320352851220723
22.467598484,-0.008335692507524918
22.468676097000003,-0.008335692507524918
22.470761913,-0.0019854865570687495
22.473557236,-0.006877993516259254
22.474758497,-0.0052653092874164935
22.476713708000002,-0.002002241717887895
22.479636314,-0.002002241717887895
22.481132401,-0.0002261946710584651
22.483515268,-3.7699111843077517e-05
22.485258187000003,0.006170087971650353
22.487195137,0.012155869174290106
22.605931927,0.012155869174290106
22.605955393000002,0.009005898940290741
22.605972244,0.0036819465900072377
22.60598847,0.004255810848062974
22.607775551000003,0.005005604294719737
22.607792413000002,0.0033594097442386857
22.607804253,-0.0036987017508263833
22.607815724,-0.0027394687939302997
22.607827368000002,0.004850619057142641
22.607836932,-0.006396282642708819
22.611369894000003,0.007644542123735164
22.611386407,-0.001306902543893354
22.611397692,0.004272566008882119
22.611408507,-0.004946961231852728
22.611419699000002,-0.0037531560234886066
22.613379672,-0.010007019799234688
22.613395288000003,0.0014283774598321593
22.613406471,0.004670501078336826
22.613417276,0.0035646604642732187
22.613428987000002,0.0027646015351590184
22.613438973,-0.006928258998716692
22.613921174,-0.006258052565950869
22.615113706000002,-0.0008000589291142008
22.615128075,-0.0007539822368615505
22.615138876000003,-0.00047752208334564866
22.615988041,0.0066015333627433516
22.61600357,-0.0024797638012335438
22.617631174000003,0.0020650735709596907
22.617648024,-0.005788908063014792
22.617660252,-0.009521120135479467
22.617672147,-0.010890854532444616
22.619522242000002,0.0014158110892178001
22.619537224000002,0.0014493214108560915
22.619547824,-0.00043144539109299835
22.619558177000002,-0.0036987017508263833
22.619568551,0.0026933921016776496
22.619577175,0.0026933921016776496
22.6218153,0.0026933921016776496
22.621841297000003,0.0026933921016776496
22.621867910000002,0.0019226547039969534
22.621883687,0.0019226547039969534
22.621899388000003,0.0019226547039969534
22.621919342,-0.001755103095805498
22.626550932,-0.001755103095805498
22.62656575,-0.001755103095805498
22.626576199000002,-0.001755103095805498
22.626586505000002,-0.011158937105550945
22.626595547,-0.011158937105550945
22.627686934,-0.011158937105550945
22.627702653,-0.011158937105550945
22.628786678,-0.004197167785195964
22.628801951,-0.004197167785195964
22.628814445,-0.004197167785195964
22.630238581,-0.00016336281798666924
22.630263046000003,-0.00016336281798666924
22.630276196,0.0013781119773747228
22.630286401000003,0.0013781119773747228
22.631006827,0.0013781119773747228
22.632155522,0.002442064689390466
22.633136974000003,0.002442064689390466
22.633157062000002,0.002442064689390466
22.633169829,-0.002442064689390466
22.633796177,-0.002442064689390466
22.633815551,-0.002442064689390466
22.634764507,-0.0008796459430051422
22.635056219000003,-0.0008796459430051422
22.635732825,-0.0008796459430051422
22.636441822000002,-0.00010890854532444617
22.637285241,-0.00010890854532444617
22.638209517,-0.00010890854532444617
22.638229975,-0.00010890854532444617
22.639145068,-0.0012608258516407036
22.640199306000003,-0.0012608258516407036
22.641415083000002,-0.0012608258516407036
22.641485053,0.002944719513964833
22.642266757,0.002944719513964833
22.642899106,0.002944719513964833
22.643732558,0.0038243654569699755
22.647198752,0.005696754678509492
22.647785685000002,0.0018346901096964391
22.649485213000002,0.0018346901096964391
22.653553345000002,0.0030578168494940655
22.654254496,0.0030578168494940655
22.656435314000003,0.0043521530227730604
22.657160083,0.0043521530227730604
22.660428696,0.0034976398209966373
22.661402366,0.0018933331725634489
22.663933669000002,0.0015582299561805375
22.665733896000003,-0.0008712683625955694
22.667771404,-0.002990796206217483
22.668901112,-0.002990796206217483
22.671309384,-0.013341296802244655
22.673029212000003,-0.013341296802244655
22.674873058000003,0.00525693170700692
22.677537279000003,-0.0068947486770783994
22.68078076,0.002852566129459533
22.682224365,0.004414984875844856
22.682843517000002,0.002848377339254746
22.686174018000003,-0.0007833037682950551
22.687911729,-0.0024085543677521753
22.689543122,-0.0024085543677521753
22.691485489,-0.003686135380212024
22.810103908000002,0.0073261940681713985
22.810121453,0.0002806489437206882
22.810132282,-0.010208081729064436
22.812233470000002,0.0005906194188748811
22.812251707,-0.003970973114137499
22.812267128000002,0.011121237993707869
22.812280663000003,0.0018891443823586625
22.812293828,0.0017257815643719934
22.81231155,0.0009466665862817244
22.812681755,-3.351032163829113e-05
22.815362535000002,-3.351032163829113e-05
22.815380097000002,0.002312212193042088
22.816166068,-0.00642979296434711
22.81618426,0.003103893541746716
22.816803254,0.00048589966375522134
22.81682513,0.009609084729779982
22.817597677000002,-0.0010346311805822387
22.817613223000002,0.002793923066592523
22.819176983000002,-0.007707373976806961
22.819203775000002,0.0007246607054280457
22.819219818,0.0008084365095237734
22.819234541,0.005248554126597348
22.819865290000003,0.0019729201864543905
22.819886782,-0.003983539484751859
22.821686204000002,0.020051738710312454
22.821727848000002,0.00016755160819145564
22.821741725000003,0.00694082536933105
22.821761028,-0.0028818876608930374
22.821773055,-0.008884424024351936
22.82393717,-0.01030442390377452
22.823960147,0.004507138260350157
22.823984601000003,0.002894454031507396
22.824003542,-0.003916518841475276
22.824019682000003,-0.00299498499642227
22.824033375000003,0.005579468552775473
22.826881423,0.00531557476987393
22.82691629,0.00531557476987393
22.826930562,0.00531557476987393
22.826941683,-0.008197462430766966
22.826952385000002,-0.008197462430766966
22.826963326,-0.008197462430766966
22.826974153000002,0.005282064448235639
22.828291675000003,0.005282064448235639
22.828311622,0.005282064448235639
22.828322504000003,0.005282064448235639
22.828332699,0.0024336871089808932
22.829065552000003,0.0024336871089808932
22.829082475,0.0024336871089808932
22.829626490000003,0.0024336871089808932
22.829662835,0.005235987755982989
22.829674382,0.005235987755982989
22.829781409000002,0.005235987755982989
22.830513178,0.005235987755982989
22.834270654,0.004737521721613408
22.834294261,0.004737521721613408
22.835096496000002,0.004737521721613408
22.835112612000003,0.004737521721613408
22.835533175000002,0.00445687277789272
22.835547897,0.00445687277789272
22.83715503,0.00445687277789272
22.839432446,0.00445687277789272
22.839994546,0.006794217712163527
22.841405507,0.006794217712163527
22.841448193,0.006794217712163527
22.841470028,0.004406607295435284
22.841488864000002,0.004406607295435284
22.841520909,0.004406607295435284
22.842793330000003,0.006438170544756683
22.842840665,0.006438170544756683
22.843860723000002,0.006438170544756683
22.846073851,0.006438170544756683
22.846795602,0.008490677745102015
22.846821169000002,0.008490677745102015
22.84684524,0.008490677745102015
22.848114862000003,-0.0027562239547494457
22.84815244,-0.0027562239547494457
22.848179713,-0.0027562239547494457
22.848206870000002,-0.00498047155349102
22.849280709000002,-0.00498047155349102
22.851854361,-0.01160713765746309
22.853422018,-0.01160713765746309
22.854836113,-0.010216459309474008
22.856884406000002,-0.0019477874452256722
22.861332918000002,0.004842241476733068
22.861354064,0.007560766319639436
22.862713081000003,-4.188790204786391e-06
22.869702101,-0.0023624776754995244
22.870537049000003,-0.004469439148507079
22.870574227000002,-0.004469439148507079
22.871353913,-0.0005403539364174445
22.872686218000002,-0.0005403539364174445
22.874809462,0.005596223713594618
22.878503973,0.0022242475987415736
22.879405977,-0.002559350815124485
22.880579806,-0.002559350815124485
22.882589495,-0.0020525072003453318
22.886123412,-0.008117875416876027
22.887000744,-0.0044443064072783615
22.889069507000002,-0.0044443064072783615
22.890651351000002,-0.00810112025605688
22.893379433,-0.001403244718603441
22.894691879,-0.001403244718603441
22.949387238,0.006366961111275315
22.949425856,0.00023876104167282433
22.949456702000003,0.002429498318776107
22.949484417,-0.0039877282749566445
22.949520812000003,0.002965663464988765
22.949544034000002,-0.00152053084433746
22.950462127,-0.00152053084433746
22.950489098000002,-0.004402418505230497
22.951120862,-0.004268377218677333
22.951151531,-0.002655692989834572
22.952987255,0.007929379857660639
22.953019838000003,0.004557403742807593
22.953043507,0.004888318168985719
22.953067004,0.001767669466419857
22.953086435000003,-0.004146902302738528
22.953760049000003,-0.005357462671921795
22.954969187,0.0018765780117443033
22.955526028,1.2566370614359175e-05
22.956216589,0.0019519762354304581
22.956239139,0.005755397741376502
22.957254274,-0.003836931827584335
22.957270471,-0.006299940467998732
22.957299715,0.0019017107529730216
22.959075307000003,-0.005893627818134452
22.959089091000003,0.01103746218961214
22.959100429000003,0.0020902063121884095
22.959115157000003,0.004008672225980576
22.959134892,0.00022200588085367873
22.960307739,0.001210560369183267
22.960403132,0.001210560369183267
22.960434792,-0.0026724481506537174
22.96129188,-0.0026724481506537174
22.962273986000003,0.007590087851072941
22.963578927,0.007590087851072941
22.966683849000002,0.0010011208589439475
22.967980215,0.0010011208589439475
22.969466071000003,-0.005319763560078717
22.971262971,-0.005319763560078717
22.998381533,-0.0010262536001726659
22.998396484,-0.0003057816849494066
22.99840734,-0.0002010619298297468
22.998417630000002,0.007916813487046278
22.998427635000002,0.011732801363606682
22.998437583,-0.0008042477193189872
23.000415712000002,0.006174276761855141
23.000439697,-0.00873781636718441
23.000454638,-0.009768258757561864
23.000466250000002,-0.002601238717172349
23.001173973,0.009852034561657593
23.001197159,0.003975161904342285
23.001832095,-0.005495692748679745
23.001857298,-0.006794217712163527
23.002561313,0.0021362830044410596
23.003269742,0.0021362830044410596
23.006547958000002,-0.0030913271711323566
23.008582324000002,0.0027478463743398724
23.009375647000002,0.0027478463743398724
23.011237742000002,0.013127668501800548
23.013283739000002,-0.0028818876608930374
23.015183178,0.0029405307237600465
23.017174948,0.0029405307237600465
23.019508848,8.377580409572783e-06
23.021068875,8.377580409572783e-06
23.022724322000002,0.0019812977668639633
23.026500097000003,0.0011979939985689077
23.027109349,-0.0013864895577842956
23.02939147,-0.0013864895577842956
23.031069553000002,-0.007037167544041137
23.033356252,-0.007037167544041137
23.034711502,0.0006618288523562498
23.036779489,-0.0030536280592892793
23.039272997,0.013387373494497307
23.041820480000002,0.004590914064445884
23.042890047,-0.0020902063121884095
23.045986066,-0.0020902063121884095
23.049082631,-0.0033719761148530442
23.049855526,-0.0033719761148530442
23.050785824000002,0.003585604415297151
23.053024828,0.007338760438785757
23.054872445,0.0020776399415740497
23.058237957000003,-0.0020818287317788367
23.058797827000003,-0.0019477874452256722
23.060637451,0.003003362576831842
23.063334563,0.0004230678106834255
23.065155159,-0.00603604668509719
23.066866637,0.009349379737083226
23.069122082,0.009349379737083226
23.073260155,-0.005227610175573416
23.073954993,-6.702064327658226e-05
23.075056946,-6.702064327658226e-05
23.076665257000002,0.0038243654569699755
23.078638088,-0.006609910943152926
23.08068192,0.00668530916683908
23.08414399,-0.0003602359576116297
23.0874518,-0.00258867234655799
23.087478849,-0.0009508553764865108
23.090586465,-0.0025132741228718345
23.091655475000003,-0.0025132741228718345
23.09429278,0.005763775321786075
23.095267193,0.005906194188748812
23.097750714,0.0023080234028373015
23.098823734,0.0023080234028373015
23.100748367,0.008013155661756366
23.220023067000003,-0.003937462792499207
23.220072573000003,0.0030494392690844927
23.220086305000002,-4.60766922526503e-05
23.2200995,0.002676636940858504
23.22182915,0.005081002518405891
23.221873862000002,0.002249380339970292
23.221896941,0.0002303834612632515
23.222027297,0.0038536869884034804
23.222048408000003,0.010593450427904784
23.222086558,0.006191031922674286
23.226358325000003,0.0012692034320502764
23.226378735,-0.004900884539600077
23.226395384,-0.005428672105403163
23.226458286,0.001122595774882753
23.226471013,0.007937757438070212
23.226835212,-0.0030452504788797065
23.226857347000003,-0.004486194309326225
23.228092838000002,-0.004486194309326225
23.228169995000002,0.002358288885294738
23.228267322,0.004356341812977847
23.229245404,-0.0033761649050578317
23.229264524,0.002793923066592523
23.229279729,0.009202772079915702
23.231706895000002,-0.008482300164692442
23.231752784,0.0009843656981248017
23.231769177,-0.0003728023282259888
23.231782527,0.0032923891009621034
23.233046933,-0.0022242475987415736
23.233075227,0.005650677986256842
23.233084424,0.004192978994991178
23.233097861,0.005638111615642483
23.234171843000002,0.006509379978238051
23.234193996000002,-0.007518878417591571
23.234225180000003,0.002119527843621914
23.234868604000003,-0.004335397861953915
23.234918231,0.0017090264035528474
23.236182986000003,0.0017090264035528474
23.23621623,0.0017090264035528474
23.236232357000002,-0.002165604535874564
23.236242466,-0.002165604535874564
23.237554671,-0.002165604535874564
23.2375718,0.002014808088502254
23.237588480000003,0.002014808088502254
23.237599170000003,0.002014808088502254
23.237609260000003,0.0035604716740684325
23.238899106,0.0035604716740684325
23.238914961000003,0.0035604716740684325
23.238956446000003,0.0035604716740684325
23.238966889,-0.004905073329804864
23.239590184,-0.004905073329804864
23.239661275000003,-0.004905073329804864
23.241469765,-0.004905073329804864
23.241531501,-0.003933274002294421
23.24158092,-0.003933274002294421
23.242304741,-0.003933274002294421
23.242326286,-0.003933274002294421
23.244288735,0.0030913271711323566
23.244320616000003,0.0030913271711323566
23.244337036,0.0030913271711323566
23.245485266000003,0.0011979939985689077
23.246215791,0.0011979939985689077
23.24622737,0.0011979939985689077
23.247257162,-0.0019142771235873806
23.247858543000003,-0.0019142771235873806
23.248434975000002,-0.0019142771235873806
23.251897104,-0.0019142771235873806
23.252741815,-0.00602348031448283
23.252800418000003,-0.00602348031448283
23.254104286,-0.00602348031448283
23.254197422,-0.00602348031448283
23.254209356,0.0036484362683689466
23.2542218,0.0036484362683689466
23.254233841,0.0036484362683689466
23.254721997,0.0036484362683689466
23.254769322,0.005001415504514951
23.255292543000003,0.005001415504514951
23.255653187,0.0011393509357018983
23.256793687000002,0.0011393509357018983
23.259696094000002,0.0016629497113001973
23.260761532,0.0015582299561805375
23.263195145,0.00121893794959284
23.265656411000002,0.00121893794959284
23.267395163,0.005529203070318037
23.268903873000003,0.005529203070318037
23.271099373000002,-0.004364719393387419
23.273090191,-0.004364719393387419
23.275220007,0.006480058446804547
23.278735530000002,0.006480058446804547
23.280837091000002,-0.0041636574635576734
23.281364717000002,-0.0010723302924253162
23.282727973,0.004167846253762459
23.285824871000003,0.004075692869257159
23.287755466,-0.010321179064593669
23.289627379000002,-0.010321179064593669
23.290993682,0.008381769199777567
23.29341888,0.008381769199777567
23.29534298,-0.0029782298356031242
23.296814527000002,-0.0029782298356031242
23.300001509,0.0063543947406609555
23.301804397,-0.009165072968072624
23.303932663,5.864306286700948e-05
23.305564783,0.005328141140488289
23.425128964000002,0.005328141140488289
23.425148833,0.0006408849013323179
23.42516923,-0.0032923891009621034
23.425181917,-0.005755397741376502
23.425192686000003,-0.005868495076905735
23.427103156,0.0050893800988154655
23.427267719000003,0.002345722514680379
23.427304627,0.00334265458341954
23.427323255,0.00047752208334564866
23.427338934,-0.007577521480458581
23.431745569,6.702064327658226e-05
23.431765441000003,-0.0013781119773747228
23.431780647,0.0030368728984701333
23.431797040000003,0.008306370976091413
23.431808783,0.01618129656108983
23.432278801000002,0.008302182185886627
23.43229416,0.0021153390534171274
23.433374134,0.00011309733552923255
23.433399404000003,-0.004037993757414081
23.433437775,0.0042223005264246825
23.434493889000002,0.0019268434942017402
23.434522753000003,-0.006040235475301975
23.434536452,-0.006898937467283187
23.437298073,-0.004192978994991178
23.437317234,0.01192129692282207
23.437331605,-0.0028106782274116685
23.437347091000003,0.006551267880285916
23.437361226,-0.005801474433629152
23.4373758,-0.011355810245175907
23.437387613000002,-0.00487575179837136
23.439349209000003,0.010748435665481879
23.439369872,-0.0068947486770783994
23.439384562,-0.007074866655884214
23.439402344,-0.008725249996570053
23.439416386,0.003966784323932712
23.439431388000003,0.00445687277789272
23.441648857,0.00445687277789272
23.441707870000002,0.00445687277789272
23.441728236000003,0.005286253238440426
23.441744859,0.005286253238440426
23.441759143000002,0.005286253238440426
23.442637703000003,0.007083244236293788
23.443255239000003,0.007083244236293788
23.444536583,0.007083244236293788
23.444563255000002,0.007083244236293788
23.444578222,-0.0006995279641993273
23.444594115,-0.0006995279641993273
23.445927685,-0.0006995279641993273
23.445949261000003,-0.0006995279641993273
23.445963955,0.003849498198198693
23.445976862000002,0.003849498198198693
23.446667614000003,0.003849498198198693
23.446684695000002,-0.0014409438304465187
23.44735112,-0.0014409438304465187
23.447369628,-0.0014409438304465187
23.448646873,-0.0014409438304465187
23.448671158,-0.005026548245743669
23.449865432000003,-0.005026548245743669
23.449885193,-0.005026548245743669
23.450862767,-0.005026548245743669
23.450884643000002,0.007204719152232593
23.451667143,0.007204719152232593
23.451686495,0.007204719152232593
23.469053066,0.007204719152232593
23.469074256000003,-0.00715026487957037
23.469088598000003,-0.00715026487957037
23.469103685,-0.00715026487957037
23.469116588000002,-0.0076403533335303786
23.469129391000003,-0.0076403533335303786
23.469142216,-0.0076403533335303786
23.469156302000002,0.0015498523757709647
23.469175047,0.0015498523757709647
23.469970589000003,0.0015498523757709647
23.469987567,0.0016001178582284016
23.470000976,0.0016001178582284016
23.470013570000003,0.0016001178582284016
23.472120254,0.0016001178582284016
23.472152807,0.002471386220823971
23.472169212,-0.0005110324049839397
23.472186189000002,0.001541474795361392
23.472198994000003,-0.0010304423903774523
23.472213186,0.0021069614730075546
23.473089388,-0.014367550402417321
23.474282220000003,-0.014367550402417321
23.475760835000003,-0.002990796206217483
23.476875072000002,-0.002990796206217483
23.478821152000002,0.006392093852504033
23.482827342,-0.0009717993275104427
23.48359698,-0.0009717993275104427
23.48548247,0.004775220833456485
23.487797268,0.006614099733357712
23.489713459,0.006614099733357712
23.491751574000002,0.004553214952602807
23.493190353000003,0.004553214952602807
23.49650138,0.00018011797880581484
23.497559101,0.0036526250585737327
23.498854408,-0.0037950439255364705
23.500962429,-0.002793923066592523
23.503231661,0.0005152211951887261
23.506413008000003,-0.0016629497113001973
23.507293394,0.004037993757414081
23.508922141000003,0.004037993757414081
23.581420880000003,0.003011740157241415
23.581468203,0.003011740157241415
23.581493574000003,0.008042477193189871
23.581516573000002,0.008042477193189871
23.581536626000002,0.003614925946730656
23.581558774,0.0016084954386379744
23.582634696000003,0.005240176546187775
23.582663911,-0.005185722273525552
23.582688014000002,0.00121893794959284
23.582711881,-0.0027478463743398724
23.583680126,-0.0038578757786082666
23.583710073000002,0.0009341002156673653
23.583735388,0.0010848966630396754
23.586285292000003,-0.0004691445029360758
23.586314539,-0.00167132729170977
23.586332315,0.00021781709064889234
23.587935644,0.004440117617073574
23.587964057,-0.002873510080483464
23.587980692000002,0.0019687313962496035
23.587998869,-0.0014283774598321593
23.588013573,0.0008377580409572782
23.588715043,-0.00526949807762128
23.588736451000003,0.006681120376634294
23.591070604000002,0.000632507320922745
23.59217612,-0.004184601414581605
23.592205263,-0.003108082331951502
23.593346125,-0.003108082331951502
23.593379576,0.005018170665334097
23.59339581,0.0024336871089808932
23.594544685000002,-0.0013823007675795092
23.595238245,-0.0031834805556376577
23.595256403,-0.0046202355958793895
23.596529386,-0.00263474903881064
23.596559556000003,-0.0018137461586725076
23.596572151,-0.0016587609210954109
23.596583691000003,0.0007958701389094144
23.597587578000002,0.0007958701389094144
23.597604280000002,0.0007958701389094144
23.597616586,-0.0002010619298297468
23.599269746,-0.0002010619298297468
23.59930117,-0.0002010619298297468
23.599316799,-0.0058978166083392385
23.599330019,-0.0058978166083392385
23.599878784,0.010007019799234688
23.599887542,0.000942477796076938
23.601358051000002,0.000942477796076938
23.602640445000002,0.0031332150731802205
23.606126785,0.0057344537903525694
23.607180218,0.0059690260418206065
23.608773996,0.0059690260418206065
23.610692224,0.009072919583567323
23.612888871000003,-0.004021238596594936
23.646330221000003,0.0032505011989142395
23.646367376,-0.002270324290994224
23.646392232,0.002613805087786708
23.646426618000003,-0.009315869415444935
23.646453717,0.0031918581360472304
23.646482718,0.002220058808536787
23.647595112,-0.0030494392690844927
23.647627348,0.004364719393387419
23.647651624,0.0016126842288427604
23.647670642,0.006111444908783344
23.648200265,-0.00233315614406602
23.650064604,-0.0020525072003453318
23.650099648,-0.00013404128655316452
23.650125793,-0.006090500957759413
23.650151845,0.0030243065278557748
23.650175490000002,0.003380353695262618
23.651535122000002,0.002132094214236273
23.651868716000003,-0.0013236577047124995
23.652659579,0.004649557127312894
23.654393384000002,-0.004343775442363488
23.655288573,-0.004343775442363488
23.657302339,-0.0025970499269675628
23.659293641,-0.0025970499269675628
23.660710595,-0.0012524482712311308
23.664111445000003,4.188790204786391e-05
23.665059225,0.00409663682028109
23.668317434000002,0.0007874925584998415
23.669240075,0.0007874925584998415
23.672728456,-0.0017132151937576342
23.673469148000002,-0.0017132151937576342
23.674639969,-0.004402418505230497
23.676623149,-0.004071504079052372
23.680063938,-0.0017760470468294299
23.681243743000003,-0.006287374097384372
23.682678807000002,0.0014158110892178001
23.685210063000003,0.0041175807713050225
23.687686543,-0.001390678347989082
23.689186228,-0.001390678347989082
23.690666128,-0.00654707909008113
23.692639532,-0.0016001178582284016
23.699130039,0.0036903241704168105
23.699153346000003,0.007711562767011747
23.7007812,0.001436755040241732
23.704177958000002,-0.009780825128176225
23.704894781,-0.009780825128176225
23.705808579000003,0.00111421819447318
23.706993396,0.00111421819447318
23.7091281,-0.0006031857894892403
23.711791392000002,-0.0006031857894892403
23.713467418,0.004037993757414081
23.715389002000002,0.004037993757414081
23.744396536,0.0011393509357018983
23.74441798,-0.0043521530227730604
23.744437395000002,0.0031709141850232983
23.744448608000003,-0.0012063715789784805
23.746566973,-0.0002932153143350474
23.74658382,-0.0037196457018503154
23.746594921,-0.0008084365095237734
23.746605997000003,0.005424483315198377
23.746616791,0.0043395866521587015
23.746627543000002,0.006417226593732752
23.74957878,0.002643126619220213
23.749599678000003,-0.001445132620651305
23.749611117,-0.001507964473723101
23.749622173000002,0.001788613417443789
23.750145553000003,0.0039290852120896355
23.750969508,-0.008984954989266809
23.755527645,-0.0005277875658030853
23.755551246000003,0.0001005309649148734
23.755956531000002,0.00035185837720205684
23.756370312,0.00035185837720205684
23.757702545,0.0009257226352577925
23.759566372000002,0.0031122711221562888
23.760955246,0.0031122711221562888
23.764412841000002,-0.0010932742434492482
23.765150863000002,0.004724955350999049
23.767884856000002,0.004724955350999049
23.768873106,0.003728023282259888
23.79793872,0.0023373449342708064
23.797994492,0.0023373449342708064
23.800395221000002,0.0053825954131505125
23.800426095000002,-0.0015833626974092558
23.800449923000002,-0.0007916813487046279
23.80049615,-0.0007916813487046279
23.800520408,-0.003656813848778519
23.800547356000003,-0.0027562239547494457
23.800629868,-0.0058852502377248804
23.801166055000003,-0.00032253684576855215
23.802315084,0.00370289054103117
23.802356554000003,0.0008628907821859967
23.802906376000003,0.0024797638012335438
23.802938699000002,0.006010913943868472
23.803832823,0.006945014159535836
23.803875415,0.0007874925584998415
23.805385312000002,6.702064327658226e-05
23.806191219000002,-0.007041356334245923
23.809147363,-0.0014912093129039552
23.809635644,-0.0014912093129039552
23.813045616,0.0024881413816431166
23.814068543,0.0024881413816431166
23.816141851,0.0025216517032814073
23.818675958,-0.002605427507377135
23.819455593,0.0023289673538612336
23.820829656,0.00047752208334564866
23.824755584000002,-0.004486194309326225
23.825605953,0.0026640705702441446
23.828218640000003,0.0030997047515419294
23.829155233,0.0030997047515419294
23.831834794000002,-0.002798111856797309
23.83300109,0.00015498523757709649
23.834757107,0.00015498523757709649
23.836711144000002,-0.0007665486074759096
23.83891724,0.0037992327157412562
23.840796209,0.0011435397259066846
23.843638016,9.6342174710087e-05
23.845752113000003,9.6342174710087e-05
23.847313162000003,0.003694512960621597
23.849543918000002,0.003694512960621597
23.852171704,0.003149970233999366
23.853118965,0.003149970233999366
23.856147577,0.00399191706516143
23.857267451000002,0.004473627938711866
23.859365745,-0.0016084954386379744
23.860760226,-0.004364719393387419
23.862862743,0.00622035345410779
23.866182300000002,0.0024965189620526893
23.867632857,0.0002974041045398338
23.870188515000002,0.0001466076571675237
23.871008725000003,0.0001466076571675237
23.872662913000003,0.0016336281798666925
23.874639132000002,-0.001340412865531645
23.876936378,-0.002220058808536787
23.881262797,-0.005139645581272902
23.881292758,0.002366666465704311
23.882651558000003,0.00507262493799632
23.885616799,0.006505191188033266
23.887037405,-0.002668259360448931
23.888668210000002,-0.002668259360448931
23.890656673000002,0.00389976368065613
23.893254063,0.0023164009832468743
23.894792950000003,-0.002014808088502254
23.896704926,-0.002014808088502254
23.899460336,-0.0009801769079200153
23.902373603,-0.0011644836769306168
23.903145941000002,-0.0011644836769306168
23.90498311,0.0025258404934861943
23.906862103,0.005127079210658543
23.910233191000003,0.0010304423903774523
23.911187703000003,0.0010304423903774523
23.913626110000003,0.0032588787793238123
23.914680839000003,0.0032588787793238123
23.917171800000002,3.351032163829113e-05
23.918670924,-0.0044443064072783615
23.951928884,0.00796289017929893
23.951964646,1.2566370614359175e-05
23.951992641,0.0009885544883295883
23.952018757,-0.004255810848062974
23.95204395,-0.004394040924820924
23.952070939000002,-0.007493745676362855
23.953463204000002,-0.007493745676362855
23.953499626000003,0.0018933331725634489
23.953523474,-0.0023959879971378155
23.953542260000003,0.004963716392671874
23.956067549,-0.014028258395829626
23.958822073,0.002194926067308069
23.958856884000003,0.0007456046564519776
23.958884171,-0.0007079055446089001
23.958915249,0.0008251916703429189
23.958949079,0.003242123618504667
23.958976493,0.002517462913076621
23.959003199,0.0068361056142113895
23.959527913000002,0.0068361056142113895
23.959982046,0.00013404128655316452
23.961309094,0.00013404128655316452
23.96443601,-0.0008000589291142008
23.965297997,-0.0008000589291142008
23.967088047,-0.007309438907352252
23.969942832,-0.006052801845916335
23.970929072,-0.010094984393535202
23.973797386,-0.010094984393535202
24.003192559000002,0.0043521530227730604
24.003225760000003,0.0043521530227730604
24.003255305000003,0.0060486130557115495
24.003278894,0.005353273881717008
24.005329681000003,-0.0010094984393535203
24.005356996,-0.0010094984393535203
24.005380723000002,-0.0036191147369354416
24.005404105,0.0017760470468294299
24.005427866,-0.0014576989912656643
24.005453301000003,-0.005110324049839397
24.007812214,-0.002898642821712183
24.007843142000002,-0.0013823007675795092
24.007869798,-0.0016671385015049837
24.007890614,0.004909262120009651
24.008534836000003,0.0014535102010608779
24.009200163000003,0.0015330972149518191
24.010501517,-0.0004733332931408622
24.010526759,-0.004285132379496478
24.011346024,-0.004285132379496478
24.012821388000003,-0.0018221237390820804
24.015289162000002,-0.0018221237390820804
24.018208259,-0.00257610597594363
24.019079697000002,-0.00257610597594363
24.021093144,0.011058406140636074
24.022942723,-0.0041175807713050225
24.025319043000003,-0.0041175807713050225
24.026998367,0.005122890420453757
24.029189696000003,0.005122890420453757
24.031170651,0.0028609437098691052
24.032615775,0.0028609437098691052
24.034655596,0.0019268434942017402
24.036640977,0.0028232445980260275
24.038684386,0.0037238344920551016
24.040970903,0.009315869415444935
24.042787051,-0.00048171087355043505
24.044969899,-0.0011393509357018983
24.047455436,0.007422536242881485
24.049184637,0.007422536242881485
24.050716427,-0.001478642942289596
24.053089434,-0.006107256118578559
24.056061313,0.004796164784480418
24.058443092,0.0010723302924253162
24.060130700000002,-0.004926017280828796
24.062408876000003,0.0008042477193189872
24.063112077000003,0.0019017107529730216
24.066282471,-0.00243787589918568
24.067272935000002,0.003543716513249287
24.068837480000003,0.003543716513249287
24.070992781,-0.0001298524963483781
24.07331297,-0.0001298524963483781
24.076143233,-0.0006073745796940268
24.077100525000002,0.007686430025783028
24.078672461,-0.0007414158662471912
24.081715305000003,-0.006559645460695488
24.084314207000002,-6.283185307179587e-05
24.085362603,0.003870442149222625
24.088303827,-0.0005906194188748811
24.089186856,-0.0005906194188748811
24.090879242,-0.004657934707722467
24.093133362000003,0.008821592171280139
24.096978965,-0.0020525072003453318
24.097720039000002,-0.0020525072003453318
24.098928325000003,-0.004448495197483147
24.100687792000002,0.0013990559283986546
24.102613339,0.0017592918860102843
24.105333522000002,-0.003920707631680061
24.107019589,0.004063126498642799
24.109077097,0.004063126498642799
24.111024729,0.000289026524130261
24.114974925000002,0.000289026524130261
24.115882837,-0.002567728395534058
24.116624631,-0.002567728395534058
24.118958435000003,-0.009780825128176225
24.120709752,-0.009780825128176225
24.124472615000002,0.0014074335088082274
24.125751237000003,-0.0024797638012335438
24.154404427000003,0.008339881297729704
24.154426608,0.008339881297729704
24.154439769000003,0.006136577650012063
24.156038477000003,-0.0059103829789535975
24.156053978000003,-0.0059103829789535975
24.156064557,0.003811799086355616
24.156074642,-0.004942772441647942
24.156083463,0.0019477874452256722
24.158495919,-0.009563008037527332
24.15851327,-0.0036819465900072377
24.158525413000003,0.0002974041045398338
24.159813528,0.003635869897754587
24.159832229000003,0.004452683987687934
24.159845538000003,0.005592034923389832
24.160470701,0.0016210618092523336
24.16048727,0.00016755160819145564
24.161478596000002,0.003108082331951502
24.161941954000003,0.0030578168494940655
24.163382179000003,0.0030578168494940655
24.166790024,-0.00734713801919533
24.167236496,-0.00734713801919533
24.169729466000003,-0.0006618288523562498
24.171483929,-0.0006618288523562498
24.173865210000002,-0.005654866776461628
24.174739781000003,-0.005654866776461628
24.176780899,0.0024504422698000384
24.178835447,0.00044401176170735747
24.209480693000003,0.0013739231871699362
24.209534688,0.007263362215099603
24.209578466,0.003401297646286549
24.209615108,-0.002798111856797309
24.209641270000002,0.00289026524130261
24.209676430000002,0.00507262493799632
24.210240383000002,-0.009165072968072624
24.2102772,0.0002806489437206882
24.211724436,-0.0007414158662471912
24.211754283,-0.0021865484868984963
24.211776784,-0.0010430087609918112
24.213052201,-0.007217285522846952
24.213083623000003,-0.0066936867472486535
24.213105988000002,0.0008964011038242877
24.213124712000003,-0.0014535102010608779
24.213513306000003,0.0026598817800393584
24.214260093,0.0029405307237600465
24.214988314000003,0.0029405307237600465
24.217772223,-0.0030075513670366288
24.218671631000003,-0.0030075513670366288
24.220668178,0.00410920319089545
24.224460089,-0.008293804605477056
24.225213964,-4.60766922526503e-05
24.227212603,-4.60766922526503e-05
24.229047425,0.005282064448235639
24.231175800000003,0.005282064448235639
24.233144829,-0.0029279643531456875
24.234625905,-0.0029279643531456875
24.236884768000003,0.01051386341401384
24.239933243000003,1.6755160819145566e-05
24.240865681000002,-0.0040924480300763046
24.242606677,-0.00035185837720205684
24.245324214,0.005085191308610679
24.247212976,0.005085191308610679
24.249050282000002,0.0028609437098691052
24.250621508000002,0.0028609437098691052
24.253689842,-0.0037908551353316843
24.254723416,-0.011267845650875394
24.257463849,-0.011267845650875394
24.258636861000003,7.958701389094143e-05
24.261921,-0.00885510249291843
24.262984549000002,-0.0018598228509251577
24.265593266,0.000460766922526503
24.266770240000003,0.000460766922526503
24.268735508000002,-0.0053825954131505125
24.271311118,0.0005612978874413765
24.273044204,0.0005612978874413765
24.275282295,-0.0027897342763877364
24.277524731,-0.0027897342763877364
24.278707541000003,-0.0015707963267948967
24.280685235,0.00912318506602476
24.282574872,0.0017090264035528474
24.285531378,0.00027646015351590183
24.286943522,0.00027646015351590183
24.289099680000003,-0.002207492437922428
24.291176035000003,-0.002207492437922428
24.292750190000003,-0.0018891443823586625
24.294994668,-0.011184069846779663
24.297134586000002,-0.011184069846779663
24.298679242000002,-0.0009801769079200153
24.301891544,0.004272566008882119
24.302846707,-0.0012733922222550628
24.305817653000002,0.005977403622230181
24.307203339,0.005977403622230181
24.308629476,-0.007786960990697901
24.310657816000003,0.0037489672332838204
24.312665295000002,-0.0036987017508263833
24.315289883000002,-0.0036987017508263833
24.316651548000003,0.0006576400621514635
24.318752597000003,-0.0006911503837897546
24.320626465,0.0016001178582284016
24.322559501,-0.006957580530150194
24.325799365,-0.0024965189620526893
24.326733157000003,-0.0024965189620526893
24.330023,-0.007250795844485243
24.331605761000002,0.0038620645688130523
24.333104962,-0.008796459430051421
24.334631175000002,-0.008796459430051421
24.337420131000002,0.0012608258516407036
24.340576917,-0.00578053048260522
24.341194316000003,-0.0013362240753268587
24.342661900000003,-0.0017592918860102843
24.345394122000002,0.0009969320687391611
24.34710683,0.0009969320687391611
24.349328258,0.00496790518287666
24.350685374,0.00496790518287666
24.353311100000003,0.000749793446656764
24.354828304,-0.004213922946015109
24.356861337,-0.004213922946015109
24.358733329000003,0.0034976398209966373
24.360789428,-0.00035604716740684323
24.363444531000003,-0.0019268434942017402
24.367433281,0.006387905062299247
24.367447942000002,0.006387905062299247
24.370395382,0.003765722394102966
24.371148700000003,0.003765722394102966
24.373013743,0.00506005856738196
24.375183630000002,0.00506005856738196
24.377059521000003,-0.0037992327157412562
24.378711836,0.004356341812977847
24.380671256000003,-0.0033258994226003946
24.383839903000002,0.006031857894892404
24.385321508,-0.0066350436843816436
24.386780644,-0.0066350436843816436
24.38875689,0.0004398229715025711
24.39070119,0.0004398229715025711
24.393069946,0.011100294042683936
24.394641038000003,-0.0019017107529730216
24.397270000000002,0.002207492437922428
24.400511561000002,0.011100294042683936
24.400967928,0.011100294042683936
24.402719242,-0.003313333051986035
24.405772765000002,0.004871563008166573
24.406835118,-0.0007623598172711232
24.409525614000003,-0.0007623598172711232
24.411047302,-0.007728317927830891
24.41260558,-0.007728317927830891
24.414607383,0.006404660223118392
24.417099936000003,0.006404660223118392
24.419188679,0.003635869897754587
24.420711537000003,-0.00633763957984181
24.425417929,-0.01072330292425316
24.425765726,0.003715456911645529
24.427631465,0.003715456911645529
24.428787666,-0.0023708552559090976
24.432114801,0.007167020040389515
24.434958488000003,0.009341002156673653
24.435638211,-0.0018095573684677208
24.436701867,-0.0018095573684677208
24.440694357,0.007288494956328322
24.441286852,-0.004385663344411352
24.44261463,-0.003208613296866376
24.445454548,-0.0008796459430051422
24.447369111,-0.0008796459430051422
24.448735907000003,0.00014241886696273728
24.450644081,0.00014241886696273728
24.453162751,0.0002513274122871835
24.455164107,0.0022619467105846514
24.457338529,0.0022619467105846514
24.458615829000003,-0.01051386341401384
24.461181567,0.011783066846064118
24.462724809,0.009822713030224087
24.465227570000003,0.0037824775549221115
24.466966886,-0.000192684349420174
24.469225716,-0.000192684349420174
24.471649504000002,-0.010174571407426145
24.472884521,-0.010174571407426145
24.474672258000002,0.0029279643531456875
24.47695836,0.0029279643531456875
24.479051622,-0.0066350436843816436
24.481935629000002,-0.0038746309394274117
24.483656055,0.002127905424031487
24.486151386000003,0.0003309144261781249
24.487279137,0.0003309144261781249
24.490836556,-0.0025132741228718345
24.491480968,-0.0025132741228718345
24.493504830000003,-0.0005738642580557355
24.494681591000003,-0.004318642701134769
24.49667687,-0.004318642701134769
24.499554653,-0.009039409261929032
24.501262634000003,-0.0029195867727361147
24.502601454,-0.0015666075365901103
24.504654186,-0.0061784655520599275
24.506745809,-0.005889439027929666
24.508754528,-0.005889439027929666
24.510696936000002,0.00511870163024897
24.513157311,-0.004913450910214437
24.515048293000003,0.006245486195336509
24.516848454,0.006245486195336509
24.518560378,-0.003304955471576463
24.520645562000002,-0.0030997047515419294
24.522596878,0.006153332810831209
24.5264017,-0.004993037924105379
24.527605041,0.0007916813487046279
24.52875333,0.0007916813487046279
24.530694291000003,0.003979350694547071
24.533096237000002,-0.005964837251615821
24.535430139000002,-0.0001005309649148734
24.536786435,0.0021991148575128553
24.539337041000003,-0.0024253095285713205
24.541300705,0.009516931345274681
24.542604152000003,0.005692565888304706
24.545235313000003,0.010233214470293153
24.547180109000003,-0.0037950439255364705
24.548719966,-0.0037950439255364705
24.550613713,-0.007456046564519776
24.55323003,-0.0017634806762150707
24.554859753000002,0.003677757799802452
24.556821664,-0.008289615815272268
24.558743564,-0.0023080234028373015
24.560743532,0.004159468673352886
24.562960854,-0.0025425956543053394
24.565321014000002,0.007292683746533107
24.567220511000002,-0.006375338691684888
24.570123049000003,-0.006375338691684888
24.570940392,0.0028148670176164547
24.573758824000002,0.0028148670176164547
24.575423834000002,0.005139645581272902
24.576704794,0.0019017107529730216
24.580212262,0.00515221195188726
24.580741542000002,-0.0032044245066615894
24.583441619000002,-0.00030159289474462013
24.585618046,-0.00030159289474462013
24.587818328,0.0013446016557364317
24.588874287000003,0.0013446016557364317
24.590864271,-0.0039290852120896355
24.592977269000002,0.008050854773599443
24.595204745,0.005541769440932396
24.596799485000002,-0.00861215266104082
24.599121729,-0.006840294404416177
24.602622328000002,-0.004863185427757
24.604044829000003,0.002944719513964833
24.605258142,0.0019142771235873806
24.607551652,-0.005445427266222308
24.609560249,-0.005445427266222308
24.611078849000002,-0.009642595051418273
24.612977683,0.0018053685782629344
24.615625012000002,0.0031918581360472304
24.618854858000002,0.0028232445980260275
24.619464426,0.0028232445980260275
24.621100978,0.0026263714584010673
24.623070779000003,0.004607669225265031
24.625829141,-0.006618288523562498
24.627383337,0.0038034215059460433
24.629309246000002,0.0038034215059460433
24.631067717,0.012222889817566689
24.633388077000003,-0.00011728612573401896
24.635405943000002,0.009005898940290741
24.637386453,0.00035604716740684323
24.639148723,0.00035604716740684323
24.641232494,-0.00949598739425075
24.642838684,-0.004972093973081446
24.645640158000003,-0.006320884419022665
24.647370571000003,0.005135456791068116
24.649567717,0.005135456791068116
24.650843676,-0.007497934466567641
24.653393084,0.0035939819957067237
24.655468927,0.0035939819957067237
24.656960793000003,-0.004737521721613408
24.659336403,0.005378406622945727
24.661241352,0.002056695990550118
24.662919885,-0.003707079331235956
24.665063756000002,-0.001939409864816099
24.667627120000002,0.0028023006470020958
24.669266672000003,0.0028023006470020958
24.671419964000002,0.007874925584998414
24.672757363000002,-0.0008084365095237734
24.674868049,-0.002793923066592523
24.677310637,0.004917639700419222
24.679686353,0.004917639700419222
24.681406649000003,-0.004259999638267759
24.683495721,-0.004259999638267759
24.686385408000003,0.004946961231852728
24.687485663,0.009026842891314673
24.689430083,-0.0023164009832468743
24.691043203000003,-0.0023164009832468743
24.693492226,0.00233315614406602
24.697273944000003,-0.008017344451961152
24.697388591000003,0.00025551620249196987
24.699425310000002,-0.0003979350694547072
24.702464928,-0.0003979350694547072
24.704375371,-0.007539822368615504
24.705249396000003,-0.007539822368615504
24.708725808,0.0063418283700465965
24.709357804000003,0.0063418283700465965
24.711496513,0.001788613417443789
24.713716884,0.001788613417443789
24.714742435,5.4454272662223085e-05
24.717098696,-0.0055459582311371824
24.718658847,-0.0055459582311371824
24.720878172000003,0.004276754799086905
24.724568944,-0.0009759881177152291
24.727013539,0.00867079572390783
24.728096172,0.009826901820428873
24.729364992,0.009826901820428873
24.731276167,0.002132094214236273
24.732669841,0.002132094214236273
24.735243054,0.006052801845916335
24.736928602000003,0.00022200588085367873
24.739124155000003,0.006526135139057197
24.740639691000002,0.006526135139057197
24.743232467000002,0.0026096162975819217
24.745122953000003,7.539822368615503e-05
24.746688678,0.0062789965169748
24.749187587,0.0062789965169748
24.751029403,-0.002241002759560719
24.752720739,-0.002241002759560719
24.754828308,0.001905899543177808
24.757745932000002,0.00111421819447318
24.758684780000003,-0.00734713801919533
24.760746426,0.012985249634837812
24.762765266000002,-0.0031415926535897933
24.765451875,-0.0023289673538612336
24.767562249,0.0016420057602762653
24.769599666,0.0016420057602762653
24.770720285000003,-0.0027436575841350863
24.773508857000003,0.001080707872834889
24.775047892,0.0007288494956328321
24.777025508,0.0048548078473474275
24.778698536,-0.0007916813487046279
24.781081571,-0.0007916813487046279
24.782834395000002,-0.008398524360596715
24.786158581000002,-0.008398524360596715
24.787069158,-0.00349345103079185
24.788763685000003,-0.00349345103079185
24.792372582000002,0.011891975391388565
24.794616219,0.0014535102010608779
24.795417758000003,-0.009278170303601858
24.797121465,-0.009278170303601858
24.799001046,-0.01332454164142551
24.80194749,-0.01332454164142551
24.802664829,0.0018891443823586625
24.805713748000002,0.012122358852651817
24.806823226000002,0.004729144141203836
24.808819118000002,0.004729144141203836
24.810691581,0.0009759881177152291
24.813324013000003,-0.004817108735504351
24.815271441,-0.004817108735504351
24.81725664,-0.002886076451097823
24.820399975,0.004611858015469816
24.821352081,0.004611858015469816
24.822736611,0.001403244718603441
24.825108636000003,-0.005717698629533424
24.827197132000002,0.0025425956543053394
24.82953071,0.0025425956543053394
24.832168098,-0.004691445029360758
24.833023587000003,-0.0007037167544041137
24.83470794,-0.0007037167544041137
24.836673104000003,0.0036233035271402286
24.838701592000003,0.0024923301718479027
24.841747745000003,-0.009914866414729388
24.842615235,0.0028651325000738914
24.846996987,-0.0056632443568712006
24.848564324,0.002245191549765506
24.849209368,0.002245191549765506
24.850699618,-0.0015289084247470327
24.853253228,-0.0015289084247470327
24.85615217,0.0024336871089808932
24.85845644,-0.010007019799234688
24.859077884,0.004783598413866059
24.860961616,0.011012329448383422
24.863195155000003,0.0005277875658030853
24.865151871000002,2.932153143350474e-05
24.867004571000002,-0.004490383099531012
24.868742928000003,-0.004490383099531012
24.870713055000003,-0.007338760438785757
24.873295044000002,-0.007338760438785757
24.874640179,-0.006433981754551898
24.876671699000003,0.008842536122304071
24.878648654000003,0.006480058446804547
24.880625740000003,0.00258867234655799
24.882574565000002,0.0033468433736243267
24.88632827,-0.0068821823064640405
24.887278883,-0.003635869897754587
24.889843603000003,-0.003635869897754587
24.891052026,0.0062245422443125776
24.894341521,0.0062245422443125776
24.895985636000002,0.000770737397680696
24.897038288,0.004942772441647942
24.898675254,0.004942772441647942
24.902362555,0.004708200190179904
24.903930336000002,0.00516477832250162
24.905498754,0.00516477832250162
24.907028162000003,-0.0027562239547494457
24.909317256,-0.0027562239547494457
24.910749934000002,-0.006065368216530694
24.912725064,-0.006065368216530694
24.914611832000002,-6.702064327658226e-05
24.917328133,0.004900884539600077
24.920481527000003,-0.00492182849062401
24.921633670000002,0.002458819850209611
24.922738456,0.002458819850209611
24.925008834,-0.0026096162975819217
24.927947352,0.004075692869257159
24.929462252,0.004075692869257159
24.931079442,2.932153143350474e-05
24.932723771000003,2.932153143350474e-05
24.935029506000003,0.0
24.936698206000003,0.0
24.938652131,-0.0007079055446089001
24.942245607,0.004192978994991178
24.944549364,-0.0076780524453734554
24.945473341000003,-0.0007874925584998415
24.947209428,-0.00699946843219806
24.949084491,0.0020650735709596907
24.951664922000003,0.0020650735709596907
24.952635584000003,0.0018891443823586625
24.955209595000003,0.004687256239155972
24.957292017,0.00531557476987393
24.958735188000002,0.004368908183592205
24.962094735,0.010384010917665464
24.964892875,-0.008302182185886627
24.965794634,8.796459430051421e-05
24.968247067,-0.006995279641993275
24.969912978,-0.006995279641993275
24.972184898000002,0.004519704630964516
24.973151008000002,0.004519704630964516
24.97473102,0.0031625366046137255
24.977499384,-0.009165072968072624
24.979198516,0.001851445270515585
24.980690546,0.001851445270515585
24.982895236,0.00046495571273128943
24.985789708000002,0.00046495571273128943
24.988318909,-0.007975456549913289
24.989099845000002,-0.007975456549913289
24.990641183,-0.003472507079767918
24.993654347000003,-0.00015079644737231007
24.994795906,0.005550147021341968
24.998236692000003,8.796459430051421e-05
24.999132565,-0.0006785840131753953
25.00121854,0.0025090853326670483
25.003188632,-0.005797285643424366
25.005269628,-0.005797285643424366
25.007499852000002,0.00222843638894636
25.009043787000003,0.00222843638894636
25.010633961,0.0026850145212680768
25.012587363,0.0014325662500369457
25.01459268,0.001843067690106012
25.016661013,-0.0021991148575128553
25.019188104,-0.006446548125166256
25.022868816000003,-0.0014618877814704505
25.023218699,-0.0014618877814704505
25.026391842000002,0.008406901941006286
25.027176632000003,0.005508259119294104
25.029288565,0.005508259119294104
25.031031355000003,-0.0048673742179617865
25.032808662,0.002760412744954232
25.035163719,0.0005194099853935124
25.036922701,0.0005194099853935124
25.038811617,-0.008385957989982356
25.041171263000003,-0.008385957989982356
25.043076833,-0.0040840704496667305
25.046463025,0.0006785840131753953
25.047656789,0.000460766922526503
25.049078539,0.000460766922526503
25.050837886,0.0015330972149518191
25.053291713,0.0015330972149518191
25.056266313000002,0.001156106096521044
25.057189186000002,0.001156106096521044
25.060221024,-0.00041050144006906633
25.061224132000003,-0.00041050144006906633
25.064425599000003,-0.0011938052083641214
25.065393202000003,-0.0017802358370342163
25.068549949,-0.005717698629533424
25.071260902000002,-0.005717698629533424
25.071791682,0.005529203070318037
25.072931756000003,0.0025719171857388444
25.076369109,0.005416105734788804
25.076802500000003,0.005416105734788804
25.080555303,-0.00567581072748556
25.081154915000003,-0.0004900884539600077
25.086057967000002,-0.0014116222990130137
25.08607748,0.00466631228813204
25.088273540000003,0.004347964232568274
25.089360399,0.004347964232568274
25.090793268000002,0.00028483773392547456
25.093139787000002,0.000921533845053006
25.096216958000003,0.006840294404416177
25.097149464,0.006840294404416177
25.099250746000003,0.0037112681214407427
25.100650929,0.003158347814408939
25.104045062,-0.0019854865570687495
25.10511822,0.004280943589291692
25.107237374,0.004280943589291692
25.110587647000003,0.005659055566666414
25.11145973,0.005659055566666414
25.113058217000003,0.0010765190826301026
25.114902951,0.0010765190826301026
25.116786096000002,0.0019226547039969534
25.118609662,-0.003573038044682792
25.120972392000002,0.004385663344411352
25.122569518000002,0.007895869536022348
25.125760399,0.003271445149938172
25.126715034,-0.004477816728916653
25.128711204000002,0.0034180528071056948
25.131354544,0.0034180528071056948
25.133336616,-0.00014241886696273728
25.13473507,-0.00014241886696273728
25.137816282000003,0.00862471903165518
25.138728552,-0.0043395866521587015
25.142726688000003,0.005173155902911193
25.144283689,0.00496790518287666
25.145022771,-0.0005822418384653084
25.147408561000002,-0.0005822418384653084
25.149622182,-0.004155279883148099
25.150745904,-0.004155279883148099
25.153049792,0.008293804605477056
25.154618442,0.008293804605477056
25.158226635000002,0.0006115633698988132
25.159073509000002,-0.0009759881177152291
25.160901326,-0.0009759881177152291
25.164059317000003,-0.00042725660088821185
25.166286407,-0.002793923066592523
25.168252969,-0.00025551620249196987
25.169875648,-0.00025551620249196987
25.170904392,0.007946135018479784
25.173317619000002,0.007946135018479784
25.175003246000003,0.0020273744591166134
25.177040211,0.0020273744591166134
25.179884077,0.007016223593017204
25.180812261,-0.00042725660088821185
25.183162223,0.002999173786627056
25.185624184,0.0013446016557364317
25.187252966000003,0.009981887058005968
25.188674497,0.009981887058005968
25.190918014,-0.0019938641374783223
25.192719398,-0.0019938641374783223
25.195307838,0.003216990877275949
25.196859381000003,2.513274122871835e-05
25.198808322,0.003828554247174761
25.200657906,0.004590914064445884
25.202858347000003,-0.0021991148575128553
25.205901377,-0.0015666075365901103
25.208160343000003,-0.0029195867727361147
25.209072408,-0.0029195867727361147
25.210713663,-0.006936636579126264
25.213321799000003,-0.0015959290680236152
25.215735146,-0.002358288885294738
25.216867624000002,0.005319763560078717
25.218713445000002,0.006375338691684888
25.221048651,0.005127079210658543
25.22403441,-0.0017425367251911387
25.224837486000002,-0.003640058687959374
25.226981090000002,0.009475043443226815
25.228767976,0.0030536280592892793
25.231143912,0.0030536280592892793
25.233776433000003,0.0007456046564519776
25.234793885000002,0.008168140899333461
25.236977683000003,-0.001348790445941218
25.23857676,-0.0024797638012335438
25.240906995000003,-0.0023289673538612336
25.24293334,-0.0023289673538612336
25.247551456,-0.0020902063121884095
25.247613583000003,-0.004796164784480418
25.248867283000003,-0.009173450548482197
25.251210657,-0.009173450548482197
25.252663146000003,-0.008980766199062023
25.254858526000003,0.003011740157241415
25.256801853000002,0.007992211710732434
25.260533373,0.0006157521601035995
25.261218257000003,0.0004021238596594936
25.262627406,-0.00055710909723659
25.266780439,0.0011938052083641214
25.267456667,0.0007456046564519776
25.269058654000002,0.0007456046564519776
25.270718908000003,4.188790204786391e-06
25.273303905000002,4.188790204786391e-06
25.274607045000003,5.864306286700948e-05
25.277975193000003,-0.009521120135479467
25.278954902000002,0.004624424386084176
25.280815,0.0007162831250184729
25.282668268000002,0.001017876019763093
25.285712319,-0.00015917402778188285
25.287469150000003,-0.004017049806390149
25.289117495000003,-0.004017049806390149
25.290815439000003,0.004017049806390149
25.293618651000003,-0.00774088429844525
25.295763246,-0.002366666465704311
25.296658097,0.002986607416012697
25.298696618,-0.002722713633111154
25.300679624,-0.010719114134048375
25.302677563000003,-0.004285132379496478
25.306112199,0.000846135621366851
25.307488277,-0.0014576989912656643
25.309761195,-0.0014576989912656643
25.311172040000002,0.0016420057602762653
25.313239801,0.0016420057602762653
25.31484876,0.005235987755982989
25.316841339000003,-0.005654866776461628
25.319170127000003,-0.009433155541178953
25.320900682,0.004364719393387419
25.323388988,0.004364719393387419
25.326344945000002,-0.00730106132694268
25.32742653,-0.0038955748904513443
25.328990944,-0.0038955748904513443
25.332064707,0.0023415337244755926
25.333126631000003,0.003384542485467404
25.334740516,0.0032923891009621034
25.336796408,0.00420135657540075
25.339240065000002,0.007041356334245923
25.341096575,-0.0023415337244755926
25.344367045000002,-0.0023415337244755926
25.346629867,0.001478642942289596
25.347262698,-0.002002241717887895
25.348761436,-0.002002241717887895
25.351268525000002,0.002722713633111154
25.353624734,0.0027646015351590184
25.356360027,0.006773273761139594
25.357153088,-0.006245486195336509
25.359083294,0.0007958701389094144
25.363387363,0.005273686867826066
25.363916237,0.0020608847807549045
25.365240800000002,-0.004586725274241098
25.36703457,-0.00521085501475427
25.368779372000002,-0.00521085501475427
25.371006532000003,-0.004318642701134769
25.374642152,0.007238229473870883
25.375766635,0.005914571769158384
25.377251093,-0.002839999758845173
25.378706960000002,-0.0012063715789784805
25.380855106000002,-0.0021781709064889235
25.382799063,0.002153038165260205
25.385887378000003,-0.0014660765716752368
25.387426667000003,0.011389320566814198
25.388833175000002,0.011389320566814198
25.390707189,-0.0024001767873426025
25.393387414000003,0.008825780961484926
25.394758936000002,0.006157521601035995
25.396731478000003,0.006898937467283187
25.399614233,-0.0010681415022205298
25.400905195,-0.0010681415022205298
25.403996755,-0.0005696754678509491
25.404826096,-0.0005696754678509491
25.408160855000002,0.0024923301718479027
25.409268665000003,0.0024923301718479027
