t,value
0.8869000090000001,1.323
0.886942314,1.323
0.8888546030000001,1.213
0.8892019210000001,1.213
0.891202664,1.2570000000000001
0.8936977840000001,1.1380000000000001
0.894603083,1.1380000000000001
0.8970212660000001,1.164
0.9003769370000001,1.089
0.9011172180000001,1.089
0.9035338620000001,1.121
0.904817968,1.245
0.9065982560000001,1.245
0.9087919520000001,1.2630000000000001
0.9114131280000001,1.2630000000000001
0.9147392580000001,1.127
0.915518045,0.991
0.916517553,1.3
0.918717251,1.127
0.9221366160000001,1.17
0.922891196,1.393
0.9269183120000001,1.115
0.9275540840000001,1.225
0.929238271,1.225
0.932238734,1.078
0.9329344810000001,1.078
0.9368476170000001,1.2630000000000001
0.937523842,1.2630000000000001
0.9392475240000001,1.164
0.941381032,1.164
0.9428864,1.208
0.946395713,1.219
0.9483211970000001,1.225
0.9490200830000001,1.225
0.9506005340000001,1.213
0.954668928,1.2570000000000001
0.9554421200000001,1.2570000000000001
0.956630741,1.213
0.9587138310000001,1.182
0.961451618,1.268
0.9643660220000001,1.213
0.96537211,1.213
0.967172943,1.2630000000000001
0.9691366170000001,1.2630000000000001
0.970655884,1.268
0.972876472,1.317
0.9748062860000001,0.985
0.9766658720000001,1.3
0.9803086350000001,1.115
0.980771311,1.213
0.9851784710000001,1.202
0.98545636,1.2570000000000001
0.9869722240000001,1.2630000000000001
0.9885819600000001,1.2630000000000001
0.9914998450000001,1.072
0.992811761,1.312
0.9945796750000001,1.2510000000000001
0.9964651250000001,1.355
0.998629215,1.176
1.00051241,1.2630000000000001
1.0024738880000001,1.25
1.005125437,1.213
1.006969416,1.2630000000000001
1.008746359,1.2630000000000001
1.010511796,1.2570000000000001
1.012876447,1.176
1.016495564,1.213
1.017430611,1.034
1.018782002,1.219
1.020635143,1.187
1.022587197,1.103
1.025579832,1.219
1.028181392,1.2630000000000001
1.029015486,1.2630000000000001
1.030627993,1.176
1.033208495,1.176
1.036853798,1.219
1.0375072330000001,1.219
1.0386982150000001,0.868
1.040584368,1.2630000000000001
1.042495124,1.2690000000000001
1.045446627,1.2510000000000001
1.0486023740000001,1.2510000000000001
1.0492742000000002,1.2510000000000001
1.050627365,1.213
1.053305763,1.213
1.054936031,1.231
1.056864636,1.208
1.058886725,1.486
1.061123995,1.486
1.066045449,1.17
1.066088504,1.17
1.067730813,1.182
1.0690649410000002,1.182
1.0707799770000002,1.164
1.072504083,1.164
1.074494918,0.873
1.0772224240000001,1.349
1.079008686,1.0090000000000001
1.080700296,1.3
1.082718179,1.214
1.084627768,1.268
1.088042642,1.289
1.089123666,1.1520000000000001
1.0911370710000001,1.1520000000000001
1.0929035850000002,1.268
1.094569063,1.268
1.0981988660000002,1.066
1.100013163,1.2630000000000001
1.101528281,1.078
1.102729859,1.078
1.1055911790000001,1.17
1.107092615,1.2630000000000001
1.1089178400000002,1.2630000000000001
1.110526906,0.979
1.112754684,1.078
1.115460348,1.294
1.116492064,1.294
1.118997846,1.208
1.122625801,1.213
1.1232064400000001,1.127
1.126066931,1.43
1.128748914,1.268
1.1292740920000002,1.268
1.130851218,1.306
1.133487023,1.17
1.1347489720000001,1.17
1.136478565,1.244
1.1400997050000001,0.8240000000000001
1.1415275520000001,1.349
1.1424840870000001,1.361
1.1471504940000001,1.164
1.148899659,1.4040000000000001
1.149346766,1.4040000000000001
1.1518438400000002,1.09
1.1528669710000001,1.213
1.154545779,1.158
1.1570754330000002,1.159
1.159311326,1.159
1.162224544,1.213
1.163527401,1.164
1.166158374,1.127
1.167311098,1.2630000000000001
1.1690071910000002,1.115
1.171096472,1.115
1.174697577,1.17
1.1753021620000002,1.2570000000000001
1.177212025,1.078
1.178570857,1.208
1.180959506,1.0170000000000001
1.183171309,1.3
1.186582902,1.084
1.189629384,1.164
1.1896669850000001,1.306
1.1913082430000002,1.2630000000000001
1.192729654,1.2630000000000001
1.1960779860000001,1.176
1.198242908,1.2630000000000001
1.1989912850000002,1.245
1.203609779,1.219
1.203640628,1.219
1.206174047,1.294
1.207137957,1.1320000000000001
1.208623237,1.1320000000000001
1.211482004,1.306
1.2129004920000002,1.306
1.2148328910000001,1.306
1.2179555210000002,1.306
1.2187128760000001,1.306
1.22053911,1.387
1.22244989,1.4040000000000001
1.225681797,1.213
1.2269725980000001,1.17
1.228937245,1.17
1.230538579,1.072
1.233938564,1.268
1.234953452,1.268
1.236758711,1.268
1.2385374180000002,1.1380000000000001
1.240729486,1.2630000000000001
1.242585403,1.078
1.245165979,1.17
1.2473932140000001,1.109
1.248629908,1.109
1.250526237,1.208
1.252672915,1.219
1.254992809,1.219
1.256585826,1.164
1.258460968,1.164
1.261552757,1.312
1.264351693,1.121
1.265446616,1.213
1.267464992,1.219
1.2696185690000001,1.219
1.270570223,1.306
1.272489255,1.306
1.2745360700000001,1.115
1.2765856930000001,1.312
1.27840949,1.225
1.2808365460000002,1.2630000000000001
1.282894484,1.089
1.2856736400000002,1.066
1.287446828,1.187
1.289208206,1.187
1.291022696,1.164
1.292733777,1.164
1.2945014160000001,1.268
1.2979424050000001,1.4040000000000001
1.298904144,1.289
1.3005394570000002,1.208
1.302913267,1.078
1.306178207,1.153
1.307482615,1.202
1.308816593,1.202
1.310512023,1.127
1.312748524,1.213
1.315051489,1.164
1.3166085090000001,1.245
1.319765294,1.164
1.32203197,1.127
1.322879034,1.207
1.3261218240000001,1.2510000000000001
1.327290279,1.213
1.329438885,1.213
1.332155769,1.176
1.332820836,1.219
1.334695291,1.121
1.338013613,1.219
1.338944501,1.1520000000000001
1.3405831700000002,1.207
1.342929991,1.078
1.3458349150000002,1.072
1.347219581,1.2630000000000001
1.3488342720000002,1.2630000000000001
1.352109263,1.121
1.3541399390000002,1.3
1.354977769,1.4040000000000001
1.356570741,1.4040000000000001
1.3588870450000001,1.2510000000000001
1.361064827,1.361
1.363934361,1.213
1.365848525,1.158
1.367363672,1.2570000000000001
1.369381406,1.2570000000000001
1.3711003290000001,1.202
1.3738271370000001,1.202
1.374835169,1.0170000000000001
1.376833117,1.0170000000000001
1.378630743,1.219
1.381082245,1.2630000000000001
1.383187426,1.202
1.3857152400000001,1.164
1.3877893460000001,1.078
1.3887396810000001,1.078
1.3913315670000002,1.306
1.3927645350000002,1.3
1.394593031,1.437
1.397090058,1.288
1.39860847,1.202
1.4008727040000002,1.164
1.403011247,1.121
1.4057236960000001,1.121
1.407207946,1.312
1.409059373,1.312
1.412118851,1.214
1.413149468,1.219
1.414649215,1.213
1.4172950130000002,1.208
1.4186885150000001,1.23
1.421608224,1.176
1.4224411220000002,1.17
1.425671694,1.295
1.426962536,1.3
1.428541729,1.3
1.4315797650000002,1.153
1.432635474,1.078
1.434576105,1.127
1.4365903420000001,0.775
1.43914431,1.164
1.440891323,1.164
1.442701814,1.127
1.4466329450000002,1.164
1.447714599,1.072
1.4488803110000001,1.072
1.452465343,1.2510000000000001
1.453728981,1.2510000000000001
1.45501426,1.1320000000000001
1.456795313,1.1320000000000001
1.460088316,1.349
1.462495061,0.997
1.463052151,1.121
1.4685060730000001,1.306
1.4695402640000002,1.208
1.469567161,1.208
1.470653465,1.2510000000000001
1.472836368,0.91
1.474904734,0.91
1.478141524,1.268
1.478990661,1.17
1.4818195740000002,1.208
1.482638482,1.219
1.486696505,1.219
1.487429485,1.159
1.488622195,1.159
1.490937047,1.295
1.4929430840000002,1.295
1.4946916430000001,1.127
1.496703759,1.121
1.498511288,1.312
1.5008762690000002,1.219
1.502721918,1.225
1.506867441,1.201
1.5075768580000002,1.109
1.508966905,1.109
1.5105843860000001,1.3
1.512589688,1.213
1.516149688,1.176
1.5166102190000001,1.176
1.5184658990000002,1.231
1.520468522,1.034
1.5226652870000001,1.176
1.5256930930000001,0.9480000000000001
1.529296355,1.17
1.530261785,1.17
1.5323865810000001,0.9480000000000001
1.533204636,0.9480000000000001
1.5363315270000002,1.17
1.536888217,1.164
1.539021608,1.164
1.5407504410000001,1.164
1.542552594,1.2630000000000001
1.5452126080000002,1.208
1.5495706820000001,1.121
1.5497719570000001,1.121
1.551281786,1.213
1.5526914680000001,1.213
1.554730591,1.312
1.5571748840000001,1.121
1.5591457610000001,0.725
1.5605644010000002,1.078
1.562626399,1.2630000000000001
1.5652978130000001,1.219
1.5670818720000002,1.225
1.569070127,1.225
1.570555979,1.349
1.572685899,1.213
1.574592508,1.2570000000000001
1.577460904,1.2630000000000001
1.578681231,1.17
1.580671571,1.072
1.582512259,1.188
1.5856985060000002,1.213
1.588245743,1.4040000000000001
1.589210089,1.4040000000000001
1.5909205540000002,1.072
1.5927812300000002,1.213
1.594739087,1.213
1.596874163,1.214
1.5992485440000002,0.8230000000000001
1.600678456,1.066
1.603287547,1.176
1.6062567600000002,1.176
1.606829754,1.17
1.608622055,1.17
1.610943358,1.361
1.6133110510000002,1.361
1.614869394,1.3920000000000001
1.6171930870000002,1.3920000000000001
1.6184881720000002,1.158
1.6209034500000001,0.8180000000000001
1.624644121,1.17
1.6251418190000002,1.17
1.6270989690000002,1.176
1.629269749,1.176
1.63061294,1.083
1.6327417430000002,1.164
1.6346464150000002,1.349
1.636752733,1.219
1.638471395,1.028
1.640722798,1.153
1.642794008,1.046
1.6453829350000002,1.046
1.6471174910000002,1.225
1.6493974450000002,1.225
1.6512992640000002,1.207
1.6524808180000001,1.207
1.6560264210000002,1.127
1.657049977,1.213
1.658872297,1.294
1.6604704780000001,1.294
1.6630418690000002,1.153
1.666038286,1.072
1.667164824,1.072
1.668726366,1.06
1.671224041,1.06
1.673258504,0.91
1.6746197360000001,0.91
1.6770041070000001,1.306
1.678661321,1.219
1.681745282,1.176
1.6825967720000001,1.121
1.6846049310000002,1.213
1.6872649380000002,1.219
1.6891457810000001,1.2630000000000001
1.691004884,1.2630000000000001
1.6964145730000002,1.274
1.6964554710000002,1.109
1.698764924,1.109
1.6995794190000002,1.115
1.7006640960000001,1.115
1.7037638270000002,1.35
1.705949892,1.17
1.7071447180000001,1.17
1.7107922180000001,1.2510000000000001
1.711496651,1.2510000000000001
1.71288495,1.3
1.714717402,1.3
1.7171332170000002,1.127
1.7192737740000001,1.164
1.7205961140000001,1.121
1.724235261,1.312
1.725875716,1.164
1.726665292,1.072
1.728897777,1.072
1.733189517,1.176
1.7332151610000002,1.231
1.734455054,1.121
1.7364266990000001,1.317
1.7385093150000002,1.219
1.740535895,1.1380000000000001
1.742444405,1.2630000000000001
1.745274408,1.2510000000000001
1.7477139240000001,1.121
1.749347132,1.121
1.7508352120000001,1.213
1.7539146300000001,1.231
1.7549334,1.2630000000000001
1.7565048680000002,1.127
1.7598753440000001,1.219
1.7609107290000001,1.2630000000000001
1.7631759960000002,1.127
1.7651344560000002,1.127
1.767524576,1.213
1.7685892840000002,1.213
1.7705165040000002,1.028
1.7741437670000002,1.213
1.7748784340000001,1.1520000000000001
1.776623792,1.268
1.778540183,0.9420000000000001
1.78096692,1.213
1.783045868,1.153
1.785915879,1.17
1.7885783990000002,1.225
1.789573207,1.225
1.790737601,1.1320000000000001
1.793379419,1.213
1.7946781020000002,1.213
1.798383011,1.213
1.799089332,1.202
1.802958022,1.219
1.803648246,1.213
1.8057004090000002,1.306
1.8067575310000001,1.4040000000000001
1.8109567080000002,1.164
1.8115673250000002,1.164
1.8135976390000002,1.089
1.8147212810000002,1.089
1.8181182720000002,1.312
1.8189393450000002,1.312
1.821310361,1.3
1.8227529290000002,1.158
1.8257820980000001,1.065
1.826858185,1.245
1.829409073,1.245
1.830792948,1.225
1.8330752810000002,1.2510000000000001
1.8348361850000001,1.17
1.8366503580000002,1.089
1.8387454170000002,1.2570000000000001
1.840766681,1.213
1.844551207,1.153
1.845703072,1.453
1.8467346080000002,1.491
1.8492618820000002,1.491
1.8516274810000002,1.213
1.8531604330000002,1.176
1.85503937,1.164
1.8566036110000002,1.078
1.858630508,1.078
1.860752865,1.127
1.8625801510000002,1.202
1.8652368490000002,1.4040000000000001
1.8698723860000002,1.245
1.870460494,1.245
1.871144056,1.2630000000000001
1.8732654960000001,1.2630000000000001
1.874625557,1.2570000000000001
1.876823222,1.121
1.8786366110000001,1.349
1.8805393090000002,1.349
1.8824222810000002,1.301
1.886052558,1.115
1.886831767,1.115
1.8888353310000001,1.2510000000000001
1.8908351730000001,1.028
1.893341941,1.028
1.8951258960000001,1.2630000000000001
1.897168157,1.2630000000000001
1.8989023260000002,1.121
1.901195935,1.034
1.9024834250000002,1.213
1.9069539290000002,1.089
1.9072258020000001,1.208
1.909365396,1.3
1.910600523,1.3
1.912567686,1.17
1.914998728,1.121
1.9165206490000002,1.028
1.9185072570000001,1.2570000000000001
1.920658685,1.2630000000000001
1.9224975910000002,1.176
1.9250542480000001,1.355
1.927381331,1.306
1.9290138680000002,1.306
1.9308267140000002,1.294
1.933704944,1.294
1.9347492990000001,1.219
1.938220628,1.274
1.9390591590000001,1.274
1.941283585,1.393
1.943405099,1.139
1.945685893,1.2510000000000001
1.946856869,1.127
1.948681863,1.127
1.950597415,1.207
1.9528226770000001,1.2510000000000001
1.9558878130000001,1.2630000000000001
1.956906516,1.202
1.9601656040000002,1.176
1.961039648,1.115
1.9630951620000001,1.2570000000000001
1.969276983,1.164
1.9693098500000001,1.2630000000000001
1.9701965080000001,1.176
1.9709854990000002,1.176
1.9744926130000002,1.1380000000000001
1.978784665,1.127
1.9788090040000001,1.164
1.9800675840000002,1.399
1.980806719,1.071
1.982602342,1.25
1.989697566,1.127
1.9897253920000002,1.306
1.990405468,1.0230000000000001
1.9908760730000001,1.0230000000000001
1.9926254110000001,1.3
1.995092877,1.084
1.9969857860000002,1.164
2.000072641,1.3980000000000001
2.001201788,1.3980000000000001
2.0040126750000002,1.103
2.005944046,1.245
2.006949465,1.115
2.00864307,1.115
2.010796251,1.078
2.0130059350000002,1.078
2.016208877,1.213
2.01704309,0.867
2.019036566,1.2510000000000001
2.020558427,1.065
2.023263286,1.306
2.026169834,1.164
2.027135002,1.164
2.028725597,1.213
2.0306430200000003,1.213
2.032741385,0.992
2.036118934,1.312
2.037893751,1.127
2.0388599540000003,1.127
2.041844762,1.121
2.0435262570000003,1.213
2.0448449120000003,1.176
2.046660545,1.176
2.050655725,1.072
2.051468003,1.072
2.052520646,1.153
2.054451611,1.219
2.056457883,1.2510000000000001
2.059707816,1.072
2.060515949,0.8180000000000001
2.067527073,1.28
2.0675450410000002,1.2630000000000001
2.068444931,1.225
2.069134619,1.225
2.070946262,1.219
2.072992279,1.219
2.075122306,1.3
2.076613586,1.3
2.078930482,1.127
2.080903298,1.344
2.0839438980000002,1.213
2.0863445720000002,1.289
2.087247826,1.289
2.08870156,1.3980000000000001
2.090831853,1.3980000000000001
2.0929472060000003,1.213
2.094848673,1.306
2.0969390860000003,0.979
2.098809314,0.979
2.100853619,1.312
2.102479594,1.164
2.1052038840000002,1.127
2.107206568,1.115
2.1086265230000003,1.115
2.110594618,1.219
2.113176305,1.133
2.114588604,1.133
2.116512921,1.164
2.118607388,1.127
2.120538202,1.268
2.122596974,1.072
2.12577778,1.121
2.128103189,1.2630000000000001
2.129122869,1.2630000000000001
2.1309666210000002,1.121
2.133120164,1.121
2.134499979,1.318
2.1364471590000003,1.268
2.139129643,1.115
2.140929099,1.028
2.1424666190000003,1.158
2.145538714,1.399
2.147509578,1.213
2.149542663,1.213
2.1520958,1.028
2.1530868670000003,1.028
2.155083989,1.17
2.156578284,1.213
2.159076004,1.2630000000000001
2.161044153,1.159
2.162549227,1.159
2.1655272720000003,1.231
2.167258673,1.355
2.168972062,1.355
2.170570132,1.349
2.172527826,1.195
2.1745285020000003,1.109
2.1765411390000002,1.2570000000000001
2.178756689,0.8290000000000001
2.1806309550000003,0.8290000000000001
2.1831561710000003,1.447
2.1848430540000003,0.861
2.188050527,1.225
2.1893269340000003,1.225
2.190678611,1.2630000000000001
2.1931484400000003,1.2630000000000001
2.1951709360000002,1.133
2.196845459,1.17
2.19894876,1.127
2.200502483,1.127
2.202508635,1.176
2.205025517,1.176
2.206641959,1.1380000000000001
2.208523445,1.1380000000000001
2.2107745260000002,1.127
2.213009558,1.213
2.215062961,1.17
2.2165319180000003,1.17
2.218571973,1.182
2.220827597,1.361
2.222554401,1.393
2.225632396,0.9540000000000001
2.226936561,0.9540000000000001
2.2299481720000003,1.2510000000000001
2.2317495380000003,1.2510000000000001
2.234498157,1.219
2.235097155,1.17
2.238452203,1.115
2.238948031,1.115
2.2416825830000002,1.072
2.243964784,1.225
2.245916729,1.2630000000000001
2.24685542,1.2630000000000001
2.249161494,1.219
2.251049208,1.127
2.253219376,1.127
2.254811878,1.127
2.2569519280000003,1.127
2.258534249,1.2570000000000001
2.2611525770000003,1.25
2.262668595,1.25
2.265782099,1.344
2.266745288,1.164
2.269335598,1.164
2.2707090890000003,1.164
2.2731644870000003,1.095
2.2748640740000003,1.176
2.2772418300000004,1.083
2.278612353,1.203
2.2808994140000003,1.17
2.283268114,1.164
2.285538019,1.164
2.2868464360000003,1.274
2.288741961,1.274
2.291026066,1.164
2.2925762250000004,1.164
2.295084804,1.208
2.296585356,1.2630000000000001
2.298537382,1.1260000000000001
2.30056657,1.158
2.30580122,1.17
2.306112857,1.306
2.3071641250000003,1.306
2.308792856,1.306
2.310945544,1.274
2.313280415,1.274
2.314774921,0.997
2.316596468,1.078
2.3186119190000003,1.127
2.321054405,1.306
2.322480629,1.176
2.326275882,1.274
2.328184894,1.17
2.329121765,1.17
2.331001617,1.2630000000000001
2.333423094,1.2630000000000001
2.3348628220000003,1.17
2.33661734,1.349
2.3385341530000003,1.176
2.341070605,1.17
2.3428901570000003,1.508
2.3449472940000002,1.508
2.3474971090000003,1.465
2.3488676,1.465
2.350658628,1.121
2.3541366360000002,1.2630000000000001
2.355032741,1.2630000000000001
2.3570337130000003,0.86
2.3586299640000004,1.219
2.360646865,0.873
2.3626091230000004,1.219
2.3665695760000003,1.158
2.367406438,1.393
2.3696533420000003,1.393
2.370840052,1.3980000000000001
2.372579677,1.3980000000000001
2.3745337920000003,1.164
2.3768940400000003,1.196
2.378659093,1.213
2.3806201000000002,1.127
2.384172893,1.3
2.386069039,1.078
2.3869322050000004,1.164
2.388925376,1.164
2.3914762350000003,1.436
2.3934964,1.436
2.395107862,1.2750000000000001
2.396922226,1.2750000000000001
2.398862018,1.2630000000000001
2.400875579,1.139
2.404371667,1.176
2.406439577,1.2510000000000001
2.407095329,1.2510000000000001
2.409407164,1.121
2.410702645,1.121
2.414730788,1.17
2.415849653,1.17
2.4172763130000003,1.17
2.419031457,1.2630000000000001
2.4213839640000003,1.2630000000000001
2.424593155,0.862
2.4255119830000003,1.312
2.427938632,1.072
2.428622056,1.072
2.4308060400000002,1.208
2.432675806,1.208
2.434685125,1.231
2.436774748,1.231
2.4387300680000004,1.202
2.440672568,1.164
2.442613967,1.219
2.446414074,1.213
2.447687851,1.268
2.4487014080000002,1.268
2.4522606170000003,1.2570000000000001
2.453241327,1.2570000000000001
2.454625431,1.089
2.456534982,1.089
2.459055079,1.195
2.4604997710000003,1.497
2.462543585,1.207
2.466155339,0.9420000000000001
2.468662317,1.219
2.4691543570000003,1.219
2.4705858650000003,0.991
2.472531493,1.17
2.474887528,1.202
2.4769509640000003,1.202
2.4785466890000003,1.028
2.480971474,1.208
2.48252583,1.225
2.485183444,1.274
2.486642469,1.274
2.488588421,1.213
2.4905520990000003,1.213
2.49247853,1.164
2.495898973,1.164
2.4965445990000004,1.164
2.49859014,1.219
2.500528371,1.17
2.5025287190000003,1.387
2.50579446,1.115
2.507223895,1.115
2.510077266,0.985
2.511052759,1.207
2.512721354,1.288
2.514530316,1.288
2.517825637,1.3
2.51877095,1.127
2.520507702,1.213
2.525150593,1.115
2.525724313,1.115
2.526683529,1.355
2.528904705,1.355
2.5326993190000002,1.2630000000000001
2.5334966320000003,1.2630000000000001
2.5350536000000004,0.898
2.5365427780000003,0.898
2.5392054600000002,1.164
2.540540929,0.775
2.542623715,1.083
2.545518964,1.268
2.546739257,1.268
2.548697486,1.196
2.5507918650000003,1.182
2.553145434,1.224
2.5546417160000003,1.224
2.557119424,1.133
2.5605733930000003,1.2630000000000001
2.561100798,1.09
2.5626951140000003,1.268
2.5652489220000003,1.095
2.567685934,1.095
2.5691647890000002,1.176
2.57060412,1.176
2.57429795,1.306
2.578009861,1.2570000000000001
2.578035685,1.2570000000000001
2.5788831770000002,1.17
2.580876141,1.17
2.582504811,1.312
2.585880553,1.219
2.588294798,0.911
2.589247915,0.911
2.5908105640000003,1.312
2.592804492,1.312
2.595204115,1.208
2.5969935410000002,1.208
2.5994335640000004,1.066
2.6006181880000003,1.008
2.6037177980000004,1.202
2.605025108,1.268
2.6070904180000003,1.268
2.608680477,1.361
2.6106895160000003,0.862
2.612611212,0.862
2.614575963,1.317
2.616724284,1.317
2.620318011,1.2510000000000001
2.621186979,1.139
2.622669755,1.127
2.626411987,1.219
2.627974801,1.268
2.6297097280000004,1.268
2.632503309,1.176
2.633504878,1.176
2.6352842720000003,1.219
2.636883858,1.219
2.6402544270000003,0.861
2.641338966,1.072
2.64417962,1.1380000000000001
2.645119486,1.312
2.647711831,1.213
2.6487028710000002,1.213
2.652017319,1.219
2.652873522,1.219
2.6551941460000004,1.164
2.6564878380000003,1.164
2.658449423,1.361
2.6607908150000004,1.2570000000000001
2.663154055,1.115
2.665298765,1.115
2.667111395,1.028
2.669130888,1.028
2.6705385230000003,1.176
2.6727913180000002,1.17
2.6748923380000003,1.202
2.676574201,1.202
2.679045355,1.121
2.6814378160000003,1.225
2.682613057,1.2570000000000001
2.6858955360000003,1.337
2.686668871,1.337
2.688647086,1.139
2.690520427,1.139
2.696964834,1.176
2.697265614,1.317
2.6994346250000003,1.317
2.6995137980000004,1.2570000000000001
2.700977237,1.2570000000000001
2.703339783,1.306
2.7059006720000003,1.306
2.708109637,1.355
2.708699606,1.355
2.713160193,1.306
2.713667318,1.306
2.714558504,0.9480000000000001
2.7166203340000004,0.9480000000000001
2.718878396,1.153
2.720461738,1.17
2.7235827780000004,1.2570000000000001
2.7252121220000003,0.812
2.7269124540000003,0.812
2.728673049,1.225
2.7307356510000003,1.225
2.7348535000000003,1.17
2.7355354750000003,1.213
2.7366449690000003,1.213
2.739793693,1.2510000000000001
2.741468539,1.219
2.742779178,1.121
2.745712483,1.127
2.747744276,1.127
2.751359755,1.109
2.7523620010000003,1.109
2.753690687,1.121
2.7550888440000003,1.121
2.7567150070000004,1.034
2.7601329420000003,1.442
2.760867074,1.219
2.7642833710000003,1.121
2.767164134,1.219
2.767486245,1.219
2.7688292150000002,1.176
2.771278381,1.176
2.772857784,1.1520000000000001
2.7752561470000003,3.1870000000000003
2.778458634,3.1870000000000003
2.7791237960000004,3.4130000000000003
2.7806290500000004,3.835
2.782710743,3.785
2.786254528,3.511
2.7875454640000004,3.664
2.7885938780000004,3.664
2.79208544,3.653
2.793541314,9.104000000000001
2.7948193590000003,7.487
2.797854498,8.089
2.798846097,9.957
2.8010737850000003,11.353
2.802633133,11.158
2.8067515120000004,10.174
2.807488665,9.64
2.8089806740000003,9.64
2.810939846,9.722
2.8129447990000003,9.954
2.8147738710000003,6.557
2.817186162,7.067
2.818548761,7.067
2.821448133,6.893
2.82273342,5.998
2.825642429,5.378
2.8271802640000003,5.019
2.82983976,4.706
2.8312623670000003,4.706
2.832809568,4.675
2.83668837,3.954
2.8370951090000003,4.083
2.839483464,4.0360000000000005
2.8406195380000003,4.323
2.842549226,4.229
2.845673315,4.191
2.8468107920000003,4.047
2.84883349,4.047
2.850827776,4.011
2.8526849220000003,4.011
2.855485305,4.159
2.856694316,4.154
2.859320728,4.246
2.862851125,4.529
2.863779651,4.7010000000000005
2.8658225130000003,4.791
2.8670713180000003,4.745
2.869467863,5.157
2.8706058370000003,5.857
2.872638665,5.857
2.876068236,6.101
2.8780305000000004,6.343
2.8807167660000004,6.488
2.8813812050000003,6.393
2.8829468090000003,6.931
2.8857092030000002,6.798
2.887145748,7.128
2.888546443,7.128
2.890698292,8.098
2.8927888100000003,8.323
2.894579137,8.323
2.8968597330000003,8.184000000000001
2.9000144220000004,8.184000000000001
2.900882231,8.368
2.903000081,9.073
2.905964861,9.004
2.907339517,8.696
2.9086704190000003,8.696
2.910643841,8.535
2.912819106,8.595
2.9146839370000004,8.58
2.9166568600000002,8.58
2.9206620450000003,8.465
2.9210858560000004,8.405
2.92262193,8.593
2.9256606780000003,8.437
2.9288758070000003,8.387
2.929352702,8.387
2.931180173,8.461
2.933712315,8.461
2.934655305,8.349
2.936730405,8.129
2.938732307,7.915
2.9411036000000004,7.915
2.9441348040000004,7.944
2.945583941,8.0
2.946809762,7.792
2.949014571,7.792
2.951535552,8.118
2.953020043,8.118
2.955187104,7.7860000000000005
2.956721946,7.7860000000000005
2.9589763290000004,7.679
2.9607188410000003,7.6930000000000005
2.9631461690000003,7.723
2.9666639160000003,7.67
2.9672847190000002,7.557
2.9687198120000002,7.557
2.9706393710000003,7.448
2.972761788,7.761
2.974847601,7.761
2.97659989,7.915
2.9790298400000004,7.775
2.981159373,7.899
2.982857462,8.141
2.9854712500000002,8.021
2.9868503640000004,8.021
2.988668579,8.065
2.9915929130000003,8.065
2.993022423,8.193
2.994847128,8.540000000000001
2.9970372550000004,8.539
3.000189566,8.245000000000001
3.0021634620000004,8.245000000000001
3.0033281150000004,8.465
3.004572955,8.465
3.0120630000000004,8.803
3.0121080530000004,8.772
3.012798216,8.625
3.0136439000000004,8.625
3.014736467,8.634
3.016601301,8.634
3.0209969450000003,8.597
3.021013828,8.597
3.0225094190000004,8.581
3.024753002,8.543000000000001
3.0278610120000002,8.407
3.0290614660000004,8.407
3.0308125940000004,8.407
3.0329891210000004,8.391
3.0349708530000004,8.281
3.038327858,8.289
3.0396420610000003,8.289
3.04284612,8.044
3.044103916,7.841
3.045296048,7.82
3.046904042,7.796
3.048742283,7.796
3.052210617,8.061
3.0536455530000004,8.061
3.0551774060000003,7.861
3.056713743,7.9750000000000005
3.05883262,7.713
3.061228131,7.640000000000001
3.0630425370000003,7.57
3.0658099450000003,7.784
3.0669421100000003,7.784
3.068773424,7.784
3.070669017,7.723
3.0733069790000003,7.723
3.074768273,7.96
3.07734743,7.944
3.079852428,7.9430000000000005
3.082141124,7.952
3.0833866220000004,7.886
3.08543125,7.875
3.0870353460000004,7.896
3.0893659660000004,7.896
3.091523254,7.973
3.0930639830000004,7.973
3.0946885130000004,7.8340000000000005
3.096967794,7.8870000000000005
3.0989737990000004,8.053
3.1008184360000004,8.219
3.102874624,7.715
3.1052043510000003,7.875
3.1072553120000004,7.9270000000000005
3.1095001140000003,7.9270000000000005
3.11229586,7.811
3.1136436200000004,7.811
3.1152236070000003,7.939
3.1170315850000003,7.982
3.1187670680000004,7.907
3.120786364,7.832
3.1227244510000003,8.003
3.1259609260000003,7.692
3.1271995020000003,7.745
3.1289324720000002,7.745
3.1306556380000004,8.006
3.133527886,7.973
3.1346798430000002,7.6930000000000005
3.136948517,7.974
3.1387879020000002,7.974
3.1410236620000003,7.694
3.1430414680000003,7.857
3.1459898820000003,7.8180000000000005
3.1475213500000003,7.8180000000000005
3.14889411,7.634
3.1509214570000004,7.683
3.152784649,7.683
3.155368304,7.44
3.156875787,7.448
3.158546906,7.448
3.161284086,7.267
3.1637457980000003,7.572
3.1660233730000003,7.535
3.16688092,7.319
3.169509397,7.319
3.1710641230000003,7.33
3.1728968290000004,7.7170000000000005
3.1749444610000004,7.7170000000000005
3.176556703,7.768
3.1787188370000004,7.87
3.1813124090000002,7.881
3.183906828,7.828
3.185430263,7.641
3.1873843290000003,7.447
3.189046208,7.447
3.1910225810000004,7.546
3.193359692,7.546
3.1947308370000003,7.783
3.196928181,7.509
3.198814571,7.982
3.2011483640000002,7.756
3.2061072260000003,7.683
3.208764253,7.752
3.2112446720000003,7.7170000000000005
3.211260487,7.7170000000000005
3.2122436810000004,7.84
3.213330248,7.788
3.2163048990000003,7.823
3.2174641850000003,7.577
3.2193224710000004,7.9110000000000005
3.221104333,7.982
3.2229032880000004,7.752
3.226118027,7.454
3.227285375,7.505
3.22982593,7.505
3.2315977310000004,7.672000000000001
3.233131803,7.672000000000001
3.2351198230000002,7.739
3.238682668,7.447
3.239317304,7.365
3.2415027380000003,7.534
3.2445485720000002,7.662
3.245930985,7.66
3.2470810250000004,7.7170000000000005
3.2491241860000004,7.7170000000000005
3.252431869,7.714
3.2543004150000003,7.676
3.2548720550000003,7.676
3.2565923110000004,7.392
3.258623429,7.495
3.261091592,7.173
3.2627310560000002,7.611
3.2658945470000003,7.34
3.2677196540000004,7.263
3.269392716,7.263
3.270721741,7.055
3.272750095,7.641
3.274660218,7.5520000000000005
3.276567172,7.468
3.278613907,7.432
3.280834157,7.727
3.2837172490000004,7.611
3.286193624,7.586
3.2873540520000004,7.714
3.2892369990000003,7.714
3.291454766,7.804
3.292881356,7.804
3.294833707,7.662
3.296725758,7.263
3.2993963,7.365
3.3008345180000003,7.508
3.3026781140000003,7.484
3.3055314850000004,7.405
3.3067012300000003,7.496
3.3102841350000003,7.496
3.310866404,7.239
3.312704404,7.3790000000000004
3.3147226030000003,7.461
3.3171317830000002,7.218
3.318716218,7.117
3.3205088440000003,7.377
3.3228309100000004,7.4270000000000005
3.325563379,7.4270000000000005
3.3272628670000004,7.171
3.3292058840000003,7.171
3.330844984,6.763
3.3328483080000004,6.798
3.3347325380000004,6.697
3.337511815,6.7410000000000005
3.3392116620000003,6.603
3.3407197290000004,6.603
3.344619766,6.671
3.345471442,6.945
3.346788698,6.945
3.350003037,7.038
3.351758105,7.038
3.3528928810000003,6.734
3.3545885710000003,6.734
3.356988099,6.816
3.358889998,6.626
3.3609836160000004,6.768
3.3625986730000004,6.768
3.365869843,6.803
3.36765629,6.86
3.3697743790000003,6.86
3.370720586,6.759
3.372690689,6.615
3.374668443,6.715
3.377258973,6.711
3.378917883,6.711
3.380625337,6.667
3.3826303110000002,6.894
3.3853970290000004,6.753
3.388151825,6.849
3.388917547,6.849
3.391367829,6.891
3.3928098340000004,6.891
3.3949676810000002,7.122
3.398245884,7.122
3.3995291290000003,7.08
3.4010567380000003,7.125
3.4027420900000003,7.162
3.4056085740000004,6.894
3.4071643760000003,7.178
3.408787182,7.077
3.410715956,7.077
3.4141049650000004,7.026
3.4153652340000002,6.891
3.416635197,6.891
3.4185801430000002,7.035
3.4213479650000003,7.005
3.4234877490000004,7.05
3.425116147,7.135
3.427419613,6.909
3.4295337310000003,6.909
3.4310825740000004,6.806
3.43263058,6.806
3.434660388,6.838
3.4372376630000003,6.845
3.439304141,6.944
3.4406212820000004,6.7410000000000005
3.442661133,6.775
3.44592657,6.5360000000000005
3.4482144160000003,6.295
3.450218446,6.45
3.4513598070000002,6.45
3.45349393,6.281
3.4552666820000004,6.281
3.457171718,6.651
3.458711972,6.651
3.461293898,6.405
3.4641769840000003,6.4
3.465564714,6.416
3.4683728,6.489
3.469282783,6.489
3.4730974310000002,6.61
3.4738296710000003,6.61
3.4761935540000004,6.368
3.476834928,6.599
3.480369195,6.531
3.481303753,6.525
3.483249255,6.651
3.485574922,6.651
3.487774243,6.607
3.48912968,6.607
3.491161194,6.656000000000001
3.4928254930000002,6.656000000000001
3.495299885,6.932
3.4968974430000004,6.932
3.5000687860000004,6.7
3.5007336330000003,6.7
3.5028750520000003,7.164000000000001
3.505936032,7.367
3.5076222830000003,7.166
3.5098184310000002,7.166
3.5107158110000003,7.179
3.512893834,7.079
3.5152094330000003,7.398000000000001
3.517224237,6.977
3.5188476750000004,6.977
3.5220336800000003,7.164000000000001
3.5251115410000002,6.987
3.525706623,6.886
3.5268410610000003,6.856
3.5291828360000004,6.856
3.5322547620000004,6.953
3.533244969,6.953
3.534684457,6.787
3.536825518,6.674
3.538745934,6.607
3.54064654,6.425
3.5425838410000003,6.739
3.545940077,6.194
3.5469722430000004,6.106
3.549402771,6.106
3.5507430970000002,6.17
3.553174771,6.17
3.5554835020000004,6.073
3.5566907850000002,5.699
3.558568761,5.617
3.561414736,5.718
3.5626867640000004,5.612
3.5679526920000004,5.881
3.567986619,5.719
3.569280415,5.719
3.57088646,5.857
3.5733839350000003,5.857
3.57557763,6.15
3.5770939040000003,6.15
3.578932081,6.28
3.5808253490000004,6.307
3.582916022,6.255
3.5856230260000004,6.348
3.5868616760000003,6.413
3.589278884,6.413
3.590832905,6.511
3.592782263,6.279
3.5960983430000004,6.612
3.5971804190000003,6.593
3.5987273550000003,6.54
3.6006961950000003,6.752
3.6042112580000003,6.4030000000000005
3.60780702,6.421
3.60783325,6.4270000000000005
3.6088831870000004,6.562
3.611727043,6.562
3.6132176620000003,6.532
3.614689198,6.532
3.617008255,6.7250000000000005
3.618918545,6.659
3.6207344760000004,6.54
3.62263364,6.323
3.625975513,6.659
3.627179346,6.48
3.628789149,6.48
3.630682068,6.525
3.6330169740000002,6.594
3.634647873,6.42
3.6365995570000003,6.61
3.6386090230000003,6.329
3.6406418960000004,6.575
3.642526541,6.699
3.645000666,6.416
3.6476075120000004,6.37
3.6489940940000003,6.067
3.651210748,6.067
3.654087833,6.279
3.654989077,6.307
3.656696735,6.082
3.65875924,5.987
3.6613754970000003,6.026
3.6625903190000004,6.026
3.6654613140000003,6.05
3.667080168,6.257000000000001
3.6691915780000004,6.257000000000001
3.670935135,6.324
3.672665283,6.349
3.6752878860000004,6.563
3.6767893550000004,6.363
3.678821568,6.472
3.680950279,6.526
3.6829748510000004,6.575
3.6886125180000002,6.4
3.6892933230000002,6.575
3.6904014540000003,6.63
3.6911395540000003,6.63
3.696857955,6.599
3.6968729160000002,6.599
3.6990366920000004,6.617
3.6997720180000004,6.617
3.700773501,6.813
3.705268326,6.813
3.706131882,6.689
3.706853815,6.689
3.708885512,6.641
3.711947744,6.641
3.713440668,6.781000000000001
3.7151231910000004,6.781000000000001
3.7166549700000004,6.7170000000000005
3.7201100360000003,6.8740000000000006
3.7207583410000002,6.987
3.72271989,6.759
3.726269337,6.881
3.7274903050000003,6.746
3.728710604,6.746
3.730889883,6.678
3.7343239130000003,6.746
3.7349631490000004,6.8660000000000005
3.736743552,6.937
3.7389010180000004,6.894
3.7408933780000004,6.936
3.744182544,6.641
3.7454257550000003,6.825
3.748351898,6.792
3.7494469520000004,6.792
3.7520375020000003,6.792
3.7550576820000003,6.599
3.757112252,6.455
3.757929819,6.642
3.7589259420000003,6.642
3.760765972,6.7620000000000005
3.762947275,6.26
3.765675694,6.555
3.767056664,6.555
3.7694136140000003,6.486
3.7709558590000003,6.486
3.7727802080000004,6.6290000000000004
3.775089223,6.711
3.778534195,6.809
3.779516257,6.555
3.781596355,6.711
3.7828555680000004,6.634
3.786162367,6.54
3.78690513,6.798
3.788773393,6.798
3.7906342480000004,6.734
3.7937185070000004,6.9270000000000005
3.7947259150000003,6.6080000000000005
3.796662822,6.699
3.7985871810000003,6.699
3.800890063,6.587
3.802760627,6.7090000000000005
3.8054851270000003,6.668
3.809251305,6.75
3.8100196220000004,6.75
3.811155732,6.557
3.8131395350000004,6.557
3.8162701310000005,6.6080000000000005
3.818867828,6.719
3.8194370030000004,6.7700000000000005
3.8207361050000004,6.816
3.8229948210000004,6.841
3.827581679,6.924
3.8276358810000004,6.994
3.8291865400000002,7.202
3.831028399,7.202
3.832982846,7.055
3.835319793,6.86
3.836985787,6.86
3.8400969550000004,6.99
3.840912197,7.032
3.8433007430000004,6.756
3.845372756,6.979
3.8472933630000004,6.984
3.849483568,6.984
3.8508256060000003,6.804
3.8554705320000004,6.723
3.855498539,6.723
3.857003638,6.9
3.858619683,6.9
3.861054331,6.613
3.8639429420000004,6.432
3.8649611750000004,6.449
3.8669323,6.449
3.869058265,6.413
3.870689671,6.413
3.8726556800000003,6.42
3.8751021420000002,6.417
3.8764917870000004,6.417
3.8785965620000002,6.298
3.880514649,6.4190000000000005
3.8825446710000002,6.5360000000000005
3.8852639300000003,6.28
3.8881214620000004,6.329
3.8895078130000003,6.329
3.890635633,6.856
3.8935375170000004,6.329
3.895196587,6.276
3.8971339570000003,6.276
3.8986283790000003,6.224
3.901197797,6.2940000000000005
3.9028247940000003,6.2940000000000005
3.905754835,6.188
3.907545186,6.329
3.9088435790000005,6.329
3.9107136340000004,6.365
3.913234268,6.332
3.914764463,6.332
3.91674668,6.489
3.9190227280000003,6.625
3.9215121890000004,6.625
3.9225764990000003,6.516
3.927538809,6.517
3.927611611,6.63
3.9302721130000005,6.413
3.931457748,6.413
3.932612365,6.531
3.934710159,6.538
3.936859949,6.655
3.9391180820000002,6.655
3.940631467,6.59
3.943969462,6.901
3.944853558,6.747
3.9478976570000004,6.747
3.9487081170000002,6.683
3.9519306980000004,6.683
3.9529679640000004,6.66
3.955207149,7.105
3.9566900100000004,6.791
3.959545416,6.7
3.96070855,6.7410000000000005
3.9626589660000002,6.902
3.9678625480000003,6.7090000000000005
3.9679217810000003,6.548
3.9692124680000003,6.548
3.9711916900000004,6.547
3.972691546,6.547
3.9748148320000003,6.722
3.977023581,6.363
3.9787776280000005,6.363
3.981965396,6.502
3.9834764450000004,6.5920000000000005
3.9850036990000004,6.5920000000000005
3.9886164680000005,6.6690000000000005
3.9893959740000002,6.824
3.991367737,6.824
3.993327819,6.721
3.995429166,6.721
3.99729341,6.45
3.9988048000000003,6.514
4.000867375,6.4110000000000005
4.00416945,6.399
4.0056117890000005,6.553
4.006930253,6.437
4.0093893000000005,6.437
4.0122285820000005,6.541
4.013554168000001,6.45
4.014902314,6.45
4.017102939,6.541
4.019169293,6.466
4.021050629,6.545
4.02344454,6.58
4.026531004000001,6.553
4.027237553,6.553
4.028789133,6.518
4.0315540940000005,6.518
4.034044919,6.466
4.036093253000001,6.711
4.03793948,6.6690000000000005
4.038702199,6.481
4.040848598,6.62
4.043001457,6.5680000000000005
4.047852833,6.801
4.0478753240000005,6.695
4.048934715000001,6.852
4.051040407,6.852
4.0552752110000005,6.62
4.0556138200000005,6.62
4.056984548,6.636
4.060594913,6.557
4.0613968840000005,6.774
4.064137419000001,6.632000000000001
4.0653786610000004,6.632000000000001
4.067787028000001,6.683
4.069231039,6.683
4.070735292,6.514
4.0726948510000005,6.619
4.075005875,6.579
4.076907685,6.537
4.078866554,6.524
4.0807359420000004,6.636
4.082704979,6.532
4.08577829,6.502
4.087756387000001,6.405
4.0892244060000005,6.405
4.09072481,6.734
4.093027043,6.412
4.095766097,6.442
4.096736579,6.4270000000000005
4.09873518,6.494
4.101047611,6.681
4.103011155,6.681
4.108941864,6.353
4.108953025,6.683
4.110429836000001,6.631
4.111439498,6.631
4.1127685640000005,6.6930000000000005
4.116274433,6.489
4.117217944,6.579
4.11903555,6.579
4.12075408,6.657
4.1234586040000005,6.708
4.125764874000001,6.681
4.127392368000001,6.696
4.129420051,6.696
4.131138407,6.604
4.133025117,6.890000000000001
4.134961995,6.73
4.137273617,6.78
4.13864081,7.035
4.140644576000001,6.9270000000000005
4.145497278000001,6.859
4.145556073,6.859
4.14702914,7.023000000000001
4.1492218240000005,7.023000000000001
4.1507112070000005,6.953
4.153086068,7.034
4.155101168,7.034
4.157278436,7.176
4.158931956,7.215
4.160743002,7.222
4.162600643,6.978
4.165999279,7.26
4.168332787000001,7.118
4.169420403,7.118
4.170811092,7.117
4.173209366,7.117
4.174867564,7.069
4.176725399,7.2090000000000005
4.178726663,7.2090000000000005
4.180623693,7.07
4.182748495,7.023000000000001
4.18561698,7.07
4.187157783,7.21
4.189113496,7.21
4.191983359,7.025
4.193052101,6.98
4.194799703,6.99
4.196673928,6.84
4.1988530090000005,6.578
4.201986759,6.803
4.204783926,6.909
4.209675386000001,6.9190000000000005
4.210099145,6.914
4.2109400930000005,6.799
4.211923132,6.783
4.213506077,6.783
4.214701865,6.931
4.216848312000001,6.851
4.220128592,6.894
4.221876327,6.8660000000000005
4.224458054,6.86
4.225741578,6.894
4.227710645,6.9510000000000005
4.228826654000001,6.9510000000000005
4.232171152,6.71
4.233088952,6.646
4.2348135870000005,6.618
4.236727864000001,6.618
4.239614058,6.865
4.241359353,6.759
4.242673585,6.759
4.247667399,6.71
4.24770419,6.832
4.249032437,6.832
4.250692853,6.832
4.252903865,6.746
4.256408298,6.931
4.257202305,6.789
4.259168312,6.761
4.260883000000001,6.957
4.262859335,7.094
4.268167751,6.989
4.268185109,7.224
4.269811096000001,7.224
4.271162369000001,7.089
4.272721762000001,7.089
4.275653118,6.934
4.276812583,7.032
4.278630406,7.032
4.280685602,6.889
4.282681549,6.936
4.286200859,6.8870000000000005
4.287677997,6.946
4.289756666000001,6.946
4.2909250960000005,6.936
4.293189647,6.936
4.2946953510000005,6.942
4.296702012,6.816
4.299063633,6.777
4.300695711,6.708
4.303455797000001,6.441
4.305243055,6.657
4.307110458,6.6080000000000005
4.3105431030000005,6.738
4.311164518,6.738
4.312722816,6.628
4.314698647,6.873
4.31799321,6.7
4.32255622,6.847
4.322633113,6.8420000000000005
4.323285053,6.915
4.32580822,6.881
4.327005714,6.518
4.3292607400000005,6.518
4.331169818,6.978
4.333957329,6.978
4.336164233,6.558
4.336925893,6.455
4.338721414,6.466
4.340657329,6.357
4.34276047,6.321
4.3452274420000006,6.242
4.346856722,6.2330000000000005
4.3497348890000005,6.2330000000000005
4.352371317,6.271
4.353495112,6.271
4.354774819,6.338
4.356716189,6.1530000000000005
4.358751369,6.398000000000001
4.361512522,6.399
4.367141417,6.593
4.367210962000001,6.517
4.368030387,6.545
4.368811052,6.545
4.370871516,6.541
4.373769895000001,6.541
4.375059437,6.539
4.3766375900000005,6.539
4.378634605,6.619
4.381139238,6.605
4.383099981,6.579
4.385713658,6.579
4.387581666,6.644
4.388658122000001,6.644
4.391814082000001,6.695
4.393065907,6.695
4.394685299000001,6.734
4.396671812,6.631
4.398643959,6.503
4.401285720000001,6.694
4.402665972,6.503
4.406313862,6.291
4.407435540000001,6.264
4.409441221000001,6.264
4.4109780690000004,6.384
4.4135826520000006,6.053
4.414923086,5.8790000000000004
4.416747040000001,5.819
4.418717973000001,5.836
4.420660342000001,5.807
4.422682016,5.6930000000000005
4.42545987,5.668
4.4269285410000005,5.864
4.4287975280000005,5.864
4.4306534950000005,5.9350000000000005
4.432992195000001,5.646
4.4351062510000006,5.604
4.436734124,5.753
4.438647021,5.7
4.440717335,5.622
4.442642243,5.9190000000000005
4.445334288000001,5.914
4.448667623,5.598
4.449338254000001,5.598
4.451361695,5.581
4.452898356,5.581
4.454616823,5.872
4.456787009,5.758
4.458619554,5.735
4.4609740350000004,5.8950000000000005
4.465152114,5.651
4.465798956,5.812
4.46705032,5.968
4.469529234,5.968
4.470818423,5.812
4.473065174,5.824
4.475461684,5.612
4.478680557000001,5.724
4.479515065,5.744
4.48068828,5.773
4.484562908,5.614
4.485957707,5.855
4.486971364,5.855
4.488879184,5.72
4.4907906440000005,5.72
4.492583185,5.91
4.496561808,5.934
4.497430855,5.772
4.499067737,5.704
4.500742849,5.704
4.502918255,5.812
4.505675181,5.812
4.506957187,5.452
4.509005763,5.452
4.51077007,5.5280000000000005
4.512815602,5.464
4.514799576000001,5.464
4.518207032,5.518
4.520770164,5.45
4.522803865,5.45
4.5236833370000005,5.328
4.5252742360000004,5.328
4.527101069,5.4
4.5307673600000005,5.4
4.5314748520000006,5.433
4.533218994,5.433
4.5348628820000005,5.537
4.536968486,4.731
4.53988718,4.557
4.540624252000001,4.557
4.544048534,4.591
4.5461948020000005,4.448
4.547533117,4.452
4.54909251,4.452
4.552986828,4.625
4.55338052,4.625
4.554742415000001,4.678
4.556738087,5.507
4.558772206,5.466
4.560697524,5.744
4.5627931440000005,5.708
4.566376172,5.75
4.567867829,6.212
4.569211137,6.212
4.572376177000001,5.773
4.573550326,5.773
4.5751647150000005,5.747
4.577050765,5.747
4.578857577,5.551
4.581746357,5.567
4.583144295,5.567
4.586058904000001,5.811
4.588287012,5.627
4.589323447,5.627
4.591193513,5.4750000000000005
4.5935889770000005,5.6770000000000005
4.595120147,5.6770000000000005
4.596761522,5.655
4.598927254,5.54
4.601099417,5.54
4.602710334,5.582
4.6064212840000005,5.582
4.607840421000001,5.827
4.6088671560000005,5.827
4.610680038,5.766
4.612952688,5.712
4.615294077000001,5.815
4.6168797150000005,5.676
4.618910965,5.75
4.621147322000001,5.602
4.622883002,5.488
4.627762638,5.555
4.6277811170000005,5.706
4.6295435760000005,5.6690000000000005
4.630767675,5.6690000000000005
4.633189757,5.737
4.635632719,5.737
4.636894968,5.729
4.638840256,5.556
4.641214777,5.731
4.645976308000001,5.662
4.645994145,5.788
4.648410921,5.774
4.649444156,5.774
4.650959735000001,5.774
4.653620464,5.912
4.655325543,5.912
4.657257595,5.527
4.658772936,5.812
4.660794776,5.801
4.66541638,5.783
4.66618831,5.885
4.668729105000001,5.885
4.669786033,5.961
4.671011418,5.961
4.673604143,6.236
4.67523915,6.236
4.676623078,6.424
4.6786064000000005,6.5440000000000005
4.681259521,6.643
4.682710843000001,6.7330000000000005
4.685489614000001,6.7330000000000005
4.68775325,6.487
4.688802772000001,6.487
4.690629228000001,6.316
4.697192709,6.43
4.698608977,6.43
4.7003903220000005,6.651
4.700405190000001,6.651
4.70381315,6.687
4.703870113000001,6.687
4.7053754340000005,6.663
4.70677649,6.663
4.710380278000001,6.578
4.711267243,6.578
4.713417226000001,6.4510000000000005
4.714698047000001,6.4510000000000005
4.716993678000001,6.329
4.718922309,6.239
4.720746204,6.239
4.723820283,5.9430000000000005
4.7247675760000005,5.9430000000000005
4.727280917,5.925
4.728935508,5.936
4.731062198,5.936
4.732807077,6.071
4.734643119,6.071
4.736604959,5.88
4.738946492,5.855
4.740721784000001,5.9350000000000005
4.742615715,5.88
4.747554992,5.908
4.747811109000001,6.0680000000000005
4.7489372,5.88
4.752095101,5.88
4.753020366,5.908
4.754827478,5.908
4.757214223,6.041
4.758621025,6.041
4.7610998030000005,6.283
4.762593944000001,6.072
4.76580836,6.072
4.767525712,6.165
4.768533975,6.165
4.770920822,6.164
4.7725139180000005,6.585
4.775110787,6.574
4.776885826,6.751
4.778457346000001,7.038
4.7813844,6.904
4.783133025000001,7.006
4.786010288,7.006
4.786974204000001,7.056
4.789362732000001,7.056
4.790773349,7.121
4.792758264000001,7.121
4.794720312,6.775
4.797095024,7.001
4.798907496,7.024
4.801732621,7.0360000000000005
4.802604173000001,6.702
4.805367383,6.767
4.807414286,6.658
4.809153147,6.658
4.810785624,6.902
4.812768524,6.902
4.814692911000001,6.53
4.81688028,6.548
4.8201498570000005,6.54
4.821203607,6.54
4.823506098,6.78
4.824875658000001,6.78
4.826745228,6.699
4.828772694,6.699
4.830905534,6.424
4.832709176000001,6.424
4.834734597000001,6.501
4.836878096,6.315
4.838586558,6.361
4.840676903,6.316
4.842793842000001,6.159
4.846026617000001,6.159
4.847370544,6.138
4.848802049000001,6.138
4.850654926000001,6.118
4.854606908,6.382000000000001
4.855349572000001,6.382000000000001
4.856689333,6.014
4.858498987,6.093
4.860621347,6.061
4.86258805,6.008
4.865831347,6.008
4.867595415,6.114
4.869570006,6.114
4.870593359,6.082
4.873451222,6.0
4.87499189,6.063
4.876660075,6.157
4.87857166,6.1450000000000005
4.8807873630000005,6.21
4.8826098490000005,6.082
4.885496342000001,6.082
4.887636870000001,6.349
4.888766487000001,6.349
4.890868274000001,6.454
4.892573155,6.454
4.894760881000001,6.472
4.8965996060000005,6.609
4.898701472,6.382000000000001
4.900737437,6.539
4.904441595000001,6.539
4.907169103,6.599
4.907757869,6.942
4.9090400800000005,6.564
4.911418393,6.564
4.912886219000001,6.681
4.914566215000001,6.681
4.916666083,6.605
4.918606803,6.579
4.921033512,6.708
4.922543301,6.426
4.925658415,6.465
4.926717893,6.461
4.928602572,6.461
4.932014544,6.428
4.933088336,6.086
4.935428317,6.154
4.936610607,6.033
4.941061543,5.707
4.94107389,5.719
4.943097314,5.804
4.948608781,5.723
4.948620209,5.724
4.949505463,5.724
4.951158039,5.5040000000000004
4.952616572,5.5040000000000004
4.955203019000001,5.5600000000000005
4.956715916,5.5600000000000005
4.958622167000001,5.759
4.960575468,5.506
4.962770948,5.538
4.965637844000001,5.783
4.966656260000001,5.783
4.969170538,5.582
4.970750259,5.582
4.972521888,5.687
4.975471051,5.582
4.9769745510000005,5.484
4.978788474,5.667
4.981252447,5.667
4.982795297,5.667
4.986647824,5.636
4.9876969970000005,5.376
4.989273368,5.376
4.991985559000001,5.521
4.9930491450000005,5.521
4.994495479,5.635
4.996543713,5.798
4.9988442840000005,5.782
5.002741793,6.033
5.003692637,5.924
5.005017489,5.988
5.006784029,5.852
5.00984369,5.852
5.011551696000001,5.885
5.01270786,5.885
5.014643453000001,5.811
5.017673517,5.671
5.018576295,5.671
5.020882685,5.671
5.022660501000001,5.763
5.025581412,5.7490000000000006
5.0266984830000006,5.681
5.029223276000001,5.681
5.030775911,5.567
5.0325263940000005,5.567
5.034557509,5.613
5.036572506000001,5.367
5.039193469000001,5.275
5.040704572,5.275
5.043647463,5.273
5.0449774210000005,5.133
5.046921220000001,5.133
5.048744511000001,5.292
5.051101118,5.292
5.052855659,5.489
5.055252768,5.489
5.057610791,5.398
5.058625045,5.398
5.060604402,5.489
5.062518745,5.542
5.066061767,5.594
5.067035542,5.594
5.069020444,5.715
5.070615855000001,5.696
5.073247439,5.696
5.0747142730000006,5.538
5.076551802,5.5200000000000005
5.079923613,5.556
5.080781851,5.573
5.082726996,5.573
5.086231659,5.713
5.087083509,5.713
5.089019647000001,5.894
5.091034266,5.894
5.092752155,5.815
5.0951794360000005,5.934
5.096558787,5.973
5.098765999,5.806
5.100547401,6.075
5.102596891,6.264
5.106967282,6.365
5.108414742,6.447
5.109132923000001,6.206
5.110941805,6.206
5.112701964,6.454
5.115521858,6.454
5.118199234,6.469
5.119607816,6.438
5.120573082,6.385
5.12311017,6.559
5.125728840000001,6.628
5.127335037,6.469
5.129212499,6.469
5.130641891000001,6.381
5.132628569,6.381
5.136165053,6.139
5.13825889,5.785
5.1481466650000005,5.5440000000000005
5.1481855780000005,5.263
5.148219998,5.346
5.1482484070000005,5.359
5.149309872,5.429
5.150010061000001,5.429
5.152212991000001,5.6450000000000005
5.153170985,5.462
5.155138664000001,5.462
5.1572360360000005,5.315
5.158684862,5.569
5.160593165000001,5.43
5.162543207000001,5.581
5.167285049,5.837
5.168204589,5.73
5.169107176000001,5.73
5.171196372000001,5.8580000000000005
5.1726123170000005,5.5280000000000005
5.1760996640000005,5.796
5.178007647,5.812
5.178883103,5.872
5.1812622930000005,5.765
5.182612506,6.05
5.185449868,5.789
5.186747386,5.973
5.189632858,5.973
5.191748797000001,6.134
5.193062712000001,6.134
5.194553831,5.91
5.196873332,6.043
5.20002293,5.747
5.2010603170000005,5.934
5.2028094650000005,5.961
5.207461071,5.99
5.207476216000001,6.0680000000000005
5.209129784,6.0680000000000005
5.210878078,6.1530000000000005
5.212693951,6.054
5.214892923000001,5.857
5.216504957000001,5.857
5.218871451,5.905
5.220579885,5.905
5.2237674400000005,5.7490000000000006
5.225940422000001,5.7490000000000006
5.226678843,5.6930000000000005
5.228758787,5.6930000000000005
5.230882867,5.803
5.232582701,5.938
5.234563852,5.878
5.236939431000001,6.016
5.23860773,6.016
5.241157261000001,5.856
5.242795995000001,5.964
5.245298451,5.799
5.246719852,5.8790000000000004
5.24911916,5.8790000000000004
5.250606424,5.939
5.252593023,5.939
5.2551471770000004,5.753
5.256486570000001,5.926
5.258447294000001,5.8660000000000005
5.262213485,5.484
5.263535311,5.5440000000000005
5.265589157,5.675
5.266775656,5.613
5.2690031390000005,5.613
5.271911502,5.654
5.274828704,5.497
5.275439891,5.4750000000000005
5.279034790000001,5.644
5.279990089,5.835
5.280795376,5.88
5.284473917000001,5.872
5.285820502,5.9830000000000005
5.287594941,6.093
5.288825629000001,6.093
5.291981923000001,5.836
5.293052667,5.963
5.297773565,5.989
5.297808164,5.989
5.298680119,5.9430000000000005
5.30054739,5.811
5.302478447,5.646
5.305732341000001,5.51
5.307086784,5.617
5.309212374,5.617
5.310638663000001,5.694
5.313285949,5.806
5.314808253000001,5.806
5.31660831,5.526
5.318674569000001,5.658
5.320700235,5.896
5.322657467,5.621
5.327189293,5.789
5.327851949,5.789
5.330174845,5.872
5.331183908000001,5.872
5.332764847,5.758
5.334709076,5.604
5.336702140000001,5.604
5.339339527,5.633
5.34063919,5.587
5.342551173,5.811
5.345624054,5.807
5.347495282000001,5.807
5.349328628,5.68
5.350832771,5.882000000000001
5.352885476,5.936
5.355325051,5.675
5.357856509,5.803
5.359750529,5.712
5.36090747,5.712
5.363215856,5.753
5.364967643,5.753
5.36768336,5.705
5.3686627300000005,5.613
5.372422481,5.687
5.372907189,5.687
5.375369035,5.433
5.377549039000001,5.433
5.379063853,5.401
5.380592426000001,5.401
5.382510757,5.622
5.385821310000001,5.815
5.386851752,5.815
5.389121794,5.7010000000000005
5.390553752000001,5.7010000000000005
5.3928205170000005,5.537
5.394611746000001,5.623
5.396875492,5.623
5.3991337690000005,5.559
5.400565022,5.623
5.402715668,5.517
5.405600886,5.837
5.407018711,5.837
5.409054531000001,5.878
5.410526628,5.878
5.4128915300000005,5.6450000000000005
5.414668957,5.5600000000000005
5.4165476130000005,5.62
5.4186745400000005,5.681
5.42113811,5.673
5.423575822,5.772
5.425456675,5.6690000000000005
5.427167275,5.6690000000000005
5.429228161,5.83
5.430615547,5.83
5.4330398550000005,5.651
5.43605714,5.681
5.436875712,5.8180000000000005
5.438656218,5.937
5.440577975,5.574
5.447369428,5.751
5.4474253930000005,5.5600000000000005
5.448125930000001,5.5600000000000005
5.448939629000001,5.597
5.4513836200000005,5.628
5.452860242000001,5.628
5.4550895420000005,5.757000000000001
5.456506589,5.757000000000001
5.45846448,5.529
5.460809541000001,5.742
5.462774574,5.569
5.467551846,5.6450000000000005
5.467576803,5.506
5.469853002000001,5.538
5.470698087000001,5.538
5.474747937,5.442
5.476204331,5.522
5.477284182,5.5
5.478604072,5.5
5.481204154,5.382
5.484541475,5.503
5.486509379,5.415
5.4877180690000005,5.415
5.489349778,5.414
5.492098235,5.344
5.492906188,5.713
5.495374085,5.432
5.496814112,5.625
5.498657420000001,5.628
5.500677401,5.43
5.502653182,5.641
5.505707212,5.7540000000000004
5.507383595,5.868
5.508728985,5.868
5.510750012,5.751
5.512838697,6.01
5.515115206,5.872
5.516578356,5.829
5.518867093000001,5.514
5.520538379,5.783
5.522500101,5.758
5.525251001,5.871
5.528395531,5.8420000000000005
5.529504151,5.8420000000000005
5.530568904000001,5.7
5.5329767290000005,5.856
5.535073422,5.807
5.536759321000001,5.807
5.538480166,5.646
5.540518849000001,5.852
5.583905211,5.997
5.583963528,5.882000000000001
5.584008171000001,5.854
5.586056512000001,5.831
5.5860916540000005,5.803
5.586119833000001,5.668
5.5861518210000005,5.906
5.5861775510000005,5.747
5.586209398,5.747
5.590237934,5.775
5.590271348,5.644
5.590297265,6.014
5.590325121,5.96
5.590361295,5.563
5.590379723000001,5.588
5.593870804000001,5.855
5.593899481,5.699
5.593929676,5.934
5.5939533180000005,5.67
5.596149615000001,5.7170000000000005
5.596177966,5.5440000000000005
5.596202106000001,5.4510000000000005
5.596225883000001,5.7490000000000006
5.596258064000001,5.675
5.596281015000001,5.675
5.596299465,5.5680000000000005
5.597281984,5.5680000000000005
5.597857777000001,5.83
5.600479077,5.562
5.60129447,5.562
5.604696299,5.6160000000000005
5.605244916,5.6160000000000005
5.607061822,5.753
5.6091144690000005,5.753
5.611445275,5.836
5.613543895,5.721
5.614668616,5.721
5.617320846,5.51
5.619129646,5.783
5.620462902000001,5.563
5.622619501,5.514
5.625265295,5.635
5.627480381000001,5.559
5.628699190000001,5.559
5.631073822,5.72
5.63274684,5.613
5.634652291,5.613
5.636645473000001,5.667
5.638563395,5.658
5.640566231,5.8870000000000005
5.6424605450000005,5.8420000000000005
5.646477359,5.6160000000000005
5.6471141650000005,5.6160000000000005
5.648709224,5.812
5.650887954000001,5.812
5.653326591000001,5.729
5.654857195,5.734
5.656529145,5.681
5.6585692110000005,5.598
5.660616558,5.612
5.662632062,5.621
5.6667598450000005,5.345
5.667360365,5.582
5.668863659,5.582
5.670900969000001,5.711
5.672762625000001,5.711
5.674672663,5.582
5.6767462890000004,5.506
5.679689730000001,5.442
5.680630893,5.571
5.68263062,5.688
5.685279869,5.369
5.687181358,5.542
5.688902877,5.542
5.690622474,5.45
5.694835064,5.675
5.696065375000001,5.517
5.698164929000001,5.517
5.699991334000001,5.503
5.7013474660000005,5.503
5.702683468,5.449
5.705264895,5.75
5.707205185,5.75
5.71010286,5.771
5.712057104,5.771
5.714157352,5.7780000000000005
5.715115731,5.575
5.716554628,5.575
5.718644252000001,5.721
5.720824545,5.4750000000000005
5.723979247,5.594
5.725344909,5.549
5.7265119030000005,5.628
5.72907901,5.628
5.73059296,5.5680000000000005
5.733539411000001,5.4830000000000005
5.734647958,5.4830000000000005
5.737533526,5.455
5.73860274,5.609
5.74115874,5.614
5.7427042870000005,5.242
5.745708799,5.242
5.7471098650000005,5.359
5.749198231,5.359
5.751095774,5.609
5.752860616,5.8020000000000005
5.75503778,5.8020000000000005
5.756829957000001,5.602
5.758555261000001,5.484
5.762567979,5.659
5.7635310980000005,5.665
5.765427927,5.4750000000000005
5.7681988340000006,5.54
5.769102525,5.54
5.770577878,5.537
5.773512248,5.537
5.775129896,5.838
5.777459613,5.838
5.779915707000001,5.856
5.7813142740000005,5.549
5.78257662,5.381
5.7892740730000005,5.688
5.789307385000001,5.4750000000000005
5.790040192,5.4750000000000005
5.792022286000001,5.449
5.793219743000001,5.449
5.795156897,5.429
5.7971737590000005,5.397
5.799158097,5.397
5.800620233,5.2410000000000005
5.802507911,5.465
5.806011066,5.207
5.807021317,5.557
5.809049241,5.557
5.810673102,5.416
5.813187245,5.416
5.814890812000001,5.353
5.816733013,5.353
5.818513002,5.437
5.821447627,5.437
5.822548531000001,5.517
5.825783344,5.517
5.827479735000001,5.453
5.829586806,5.453
5.830935161,5.613
5.832633788000001,5.613
5.834610565,5.45
5.8367555620000005,5.502
5.838556564,5.3790000000000004
5.841094346,5.362
5.842528849000001,5.309
5.845183002000001,5.291
5.847420594000001,5.45
5.8490680390000005,5.45
5.852151481,5.274
5.854230393,5.626
5.855415053000001,5.577
5.860820229000001,5.577
5.860850881,5.4670000000000005
5.861962865000001,5.61
5.862688448,5.506
5.865103361,5.66
5.866741863000001,5.555
5.86989372,5.555
5.87111639,5.696
5.872582562000001,5.537
5.874674972,5.574
5.876736684,5.5200000000000005
5.878568618,5.503
5.880538872000001,5.591
5.882757497,5.538
5.886678227,5.6080000000000005
5.8873597570000005,5.6080000000000005
5.889180777,5.521
5.891099383,5.521
5.8930750220000006,5.399
5.895001306,5.399
5.897417192000001,5.458
5.898827358,5.458
5.900637473000001,5.468
5.902486258000001,5.4830000000000005
5.9073477830000005,5.473
5.907374777,5.473
5.910022119000001,5.445
5.911035214,5.445
5.912619907000001,5.638
5.914632873,5.587
5.917093703,5.587
5.919530899000001,5.556
5.922366049000001,5.3100000000000005
5.922976654,5.1160000000000005
5.927049086,5.474
5.928343635,5.311
5.9293682190000006,5.496
5.931223013,5.496
5.934488764,5.662
5.935156457000001,5.662
5.93654316,5.332
5.938551876,5.587
5.940610009,5.521
5.944309309,5.715
5.945143769,5.894
5.948237452000001,5.833
5.9492564450000005,5.833
5.950682552,5.995
5.95264196,5.995
5.955760951,6.056
5.957059657,5.96
5.958740727,6.069
5.960583636,6.096
5.963624708,6.368
5.9670850070000006,6.187
5.967769371,6.247
5.968800725,6.247
5.971985183,6.361
5.973229863,6.361
5.975339506,6.2860000000000005
5.977077145,6.2860000000000005
5.978899586000001,6.134
5.980560185000001,6.306
5.98253752,6.1530000000000005
5.985768588,6.32
5.986727232000001,6.146
5.989416001,6.146
5.992622301,6.1930000000000005
5.993567428,6.008
5.994911018000001,6.295
5.997074218000001,6.295
5.998605966,6.253
6.000805268000001,6.115
6.002779331,6.041
6.007391313,5.917
6.007756065000001,6.255
6.0093279200000005,6.255
6.0123031970000005,5.9190000000000005
6.013842325000001,5.9190000000000005
6.0148941140000005,6.1690000000000005
6.016936762,6.187
6.019525283,6.027
6.021114159000001,6.027
6.022704133,6.148
6.026339173,6.261
6.027600432000001,6.277
6.028753104000001,6.277
6.030609685,6.339
6.032621729000001,6.643
6.0347005760000005,6.593
6.036686565,6.442
6.040351098,6.5920000000000005
6.041251209,6.738
6.043829166,6.738
6.046952502000001,6.74
6.047699044000001,6.86
6.049635623,6.928
6.050689247,6.928
6.0541511020000005,6.824
6.055149668,6.8500000000000005
6.056787374000001,7.067
6.058560638,6.993
6.061548490000001,6.937
6.062900589000001,7.048
6.065670092,6.898000000000001
6.066659294000001,6.9
6.06873132,6.9
6.0705568350000005,7.038
6.072795531000001,7.08
6.07536566,6.9
6.0766229670000005,6.804
6.078592341,6.9350000000000005
6.081066955000001,6.893
6.084279673,6.503
6.085481062,6.816
6.087283623,6.924
6.0895877160000005,6.924
6.091276859000001,6.659
6.0928309490000006,6.659
6.094936897,6.695
6.096888622000001,6.549
6.098671974,6.668
6.100693489,6.526
6.2191988380000005,6.569
6.219229587,6.4110000000000005
6.2192502780000005,6.323
6.221118813,6.338
6.2211589410000006,6.121
6.221184776,6.047
6.22121317,5.986
6.221242811000001,5.986
6.2258762160000005,5.965
6.225914859,5.5600000000000005
6.22594953,5.5600000000000005
6.225977897000001,5.619
6.226003183,5.671
6.226027784,5.807
6.226403194,5.9190000000000005
6.226430135,5.751
6.227191237,5.773
6.227216699,5.773
6.228246379000001,5.934
6.228274944000001,6.002
6.228299123,6.033
6.229690261,5.98
6.229704411,6.103
6.229717622000001,6.104
6.231230373000001,5.896
6.231270826,6.033
6.231308623,6.08
6.231338307000001,5.8420000000000005
6.231368036,5.8660000000000005
6.231866134000001,6.062
6.233121777,6.056
6.233163442,5.949
6.233195022,6.086
6.233227162,6.05
6.234509548,5.979
6.234537592000001,5.997
6.234559806,5.997
6.236180642000001,5.997
6.236213466000001,5.997
6.236244545000001,5.641
6.236271761,5.641
6.236295774,5.641
6.237814424000001,5.696
6.237847905000001,5.696
6.237870345,5.696
6.238404522000001,5.573
6.239262798,5.573
6.239282317000001,5.573
6.242347941,5.5360000000000005
6.242385651,5.5360000000000005
6.242419969,5.5360000000000005
6.242941361000001,5.485
6.2429704710000005,5.485
6.246389244,5.485
6.247667453,5.485
6.247696659000001,5.698
6.247721492,5.698
6.247744453,5.698
6.248265177,5.5
6.248293136,5.5
6.2490309250000005,5.5
6.250420194,5.678
6.251468261,5.678
6.252055931,5.678
6.25208003,5.678
6.253203118,5.574
6.253876411,5.574
6.253895939,5.574
6.254627062,5.574
6.254651920000001,5.557
6.255470565,5.557
6.256391984,5.557
6.257060115000001,5.397
6.258491352,5.397
6.259087575000001,5.397
6.259509690000001,5.344
6.260332114000001,5.344
6.2603675270000005,5.344
6.260878673000001,5.344
6.261724222000001,5.438
6.262797292,5.438
6.267963119,5.559
6.267995249,5.559
6.270220267,5.652
6.271245373,5.652
6.274041766000001,5.481
6.274778080000001,5.719
6.276762442000001,5.5280000000000005
6.280034552,5.708
6.2826112190000005,5.729
6.284023663,5.68
6.285544862,5.582
6.289668468,5.567
6.289936674000001,5.567
6.291029567000001,5.421
6.2925964400000005,5.751
6.294727084000001,5.8180000000000005
6.296900227,5.5200000000000005
6.298866532000001,5.605
6.301222977,5.729
6.304233229,5.623
6.305504245000001,5.644
6.4234890170000005,5.72
6.42352067,5.72
6.425936202000001,5.613
6.425967743,5.453
6.426015122000001,5.591
6.426038815,5.549
6.426061862,5.428
6.426092032000001,5.349
6.426122784,5.3100000000000005
6.426777267,5.239
6.427528588,5.327
6.427557844000001,5.079
6.429201968,5.223
6.4292330600000005,5.086
6.42925736,5.368
6.429280789000001,5.437
6.431614992,5.453
6.431646508,5.432
6.431671084,5.4
6.431699973000001,5.538
6.431725422,5.571
6.431748411,5.414
6.431766863,5.555
6.4338989170000005,5.784
6.433937227,5.808
6.433962371000001,5.7490000000000006
6.433987415000001,5.801
6.434010461000001,5.88
6.434033416,5.698
6.436357389,5.881
6.436392905000001,5.957
6.4364173650000005,5.925
6.43644071,6.021
6.4364645000000005,5.68
6.43649377,5.533
6.4365178180000004,5.735
6.438376043000001,5.735
6.438408041000001,5.735
6.438431729,5.667
6.43845473,5.667
6.438477635000001,5.516
6.438512671000001,5.516
6.4404596960000005,5.516
6.440487790000001,5.516
6.4405077760000005,5.655
6.440527446000001,5.655
6.440552333,5.655
6.441967984000001,5.655
6.441997985,5.676
6.442024933000001,5.676
6.442050458000001,5.676
6.442078540000001,5.676
6.44265454,5.772
6.442682377000001,5.772
6.447154661000001,5.772
6.447182398000001,5.772
6.448326655000001,5.752
6.4483504830000005,5.752
6.449652412000001,5.752
6.4496773670000005,5.752
6.449699122,5.463
6.449720018000001,5.463
6.514285167000001,5.463
6.514317462,5.463
6.514338132000001,5.484
6.514357726,5.484
6.514376510000001,5.484
6.5143953340000005,5.646
6.514414245,5.646
6.514432811000001,5.646
6.514452575,5.5200000000000005
6.514475491000001,5.5200000000000005
6.516285946,5.5200000000000005
6.51632408,5.561
6.516348264,5.561
6.516378727,5.561
6.516397415,5.635
6.516416229000001,5.635
6.51749138,5.84
6.517523287,5.807
6.517547921,5.5280000000000005
6.517567349,5.615
6.518577466,5.488
6.518612235,5.806
6.518636353000001,5.655
6.520495974,5.623
6.520530977000001,5.655
6.520575617,5.74
6.520599536000001,5.796
6.520623165000001,5.805
6.537645715,5.773
6.5376804360000005,5.782
6.53771008,5.803
6.5377397230000005,5.926
6.537766698,5.742
6.5377939220000005,5.658
6.539844118,5.5280000000000005
6.539874040000001,5.551
6.539901739,5.934
6.539932977,5.827
6.5399626710000005,5.774
6.539990132000001,5.827
6.541947642,5.519
6.541998668000001,5.519
6.542072781000001,5.519
6.542094861000001,5.519
6.542118233,5.644
6.542138055000001,5.644
6.5443662620000005,5.644
6.544411807,5.73
6.544451056000001,5.73
6.54448627,5.5680000000000005
6.5445194120000005,5.7410000000000005
6.544554207,5.7620000000000005
6.544580637,5.474
6.547100443000001,5.474
6.547146637,5.547
6.547180545000001,5.547
6.547210437,5.8
6.547233987,5.623
6.548269472,5.5280000000000005
6.549579359,5.402
6.551316017,5.402
6.552759243000001,5.3100000000000005
6.554618385,5.3100000000000005
6.557115287,5.715
6.582335726,5.469
6.58236577,5.609
6.582382291,5.7490000000000006
6.582398036000001,5.7490000000000006
6.582413420000001,5.5600000000000005
6.582444721000001,5.461
6.583674791,5.6240000000000006
6.583694556,5.556
6.583711726000001,5.7490000000000006
6.583723324,5.86
6.585481035000001,5.827
6.585495890000001,5.774
6.585508076,5.581
6.587512373,5.848
6.5891118550000005,5.824
6.5896258880000005,5.824
6.590756156,5.689
6.592987317,5.925
6.594691752,5.569
6.596603078,5.8180000000000005
6.598655927,5.761
6.600503849000001,5.601
6.602769452,5.633
6.605405028000001,5.634
6.607006228,5.634
6.6100868880000005,5.634
6.6112115430000005,5.623
6.612753241,5.623
6.698050562000001,5.688
6.698097264,5.688
6.698123151000001,5.724
6.698147393,5.7090000000000005
6.700356544000001,5.627
6.700388147000001,5.589
6.700412985000001,5.542
6.700436203000001,5.378
6.700467637,5.503
6.700490311,5.522
6.703255818000001,5.4670000000000005
6.703315285,5.414
6.703356549,5.414
6.703865782,5.311
6.703902219000001,5.191
6.704528339,5.207
6.706551135000001,5.124
6.706578969000001,5.139
6.706603687,5.474
6.706622793,5.578
6.707076769,5.489
6.707897279,5.458
6.707927984,5.437
6.709258614,5.485
6.709287397000001,5.594
6.709311765000001,5.594
6.710885749,5.588
6.710919905000001,5.748
6.710944007,5.449
6.7109681740000005,5.383
6.710987901,5.574
6.712767382,5.502
6.712804224,5.628
6.712833678000001,5.7490000000000006
6.712859146,5.502
6.712886656,5.766
6.713971291,5.766
6.713993599,5.766
6.714016159000001,5.796
6.716729244000001,5.796
6.716758241000001,5.796
6.722329382000001,5.582
6.722378628,5.582
6.723441009,5.582
6.7234735070000005,5.894
6.723556709,5.894
6.766866359000001,5.894
6.766900122,5.751
6.766933454,5.751
6.767085746,5.751
6.767116895,5.566
6.7671392180000005,5.566
6.7671623190000005,5.566
6.768955664000001,5.566
6.769061404,5.596
6.769082844000001,5.596
6.769094772000001,5.804
6.770577352,5.804
6.7706017030000005,5.781
6.770613034,5.765
6.770742596000001,5.651
6.770762447,5.735
6.771135073000001,5.697
6.7711517510000006,5.636
6.772684890000001,5.756
6.772733607,5.742
6.774043454,5.729
6.774054605000001,5.538
6.774065839,5.41
6.774731787,5.389
6.774751994000001,5.5280000000000005
6.775772551,5.3100000000000005
6.777482673000001,5.363
6.777529714000001,5.239
6.777545483000001,5.539
6.7775552800000005,5.344
6.777563526000001,5.574
6.7791811850000006,5.572
6.7792427580000005,5.6770000000000005
6.7792539320000005,5.6770000000000005
6.7792655040000005,5.555
6.779954123,5.555
6.779976307,5.571
6.781035998,5.571
6.784185081,5.8180000000000005
6.785247126000001,5.8180000000000005
6.787135162,5.841
6.788952379,5.841
6.817691693,5.852
6.817707088000001,5.889
6.817718104000001,5.774
6.817728179,5.6770000000000005
6.817738241000001,5.752
6.817748322000001,5.869
6.821891392,5.601
6.821976210000001,5.808
6.8220166440000005,5.808
6.8220498240000005,5.667
6.822308651,5.708
6.823490151000001,5.707
6.823514551000001,5.934
6.823529674,5.774
6.8238830340000005,5.72
6.823918946,5.964
6.867338907000001,5.796
6.867366056000001,5.796
6.867394283,5.849
6.8693516820000005,5.796
6.869381590000001,5.966
6.8694052800000005,5.973
6.869428912,5.628
6.869451973,5.628
6.869472838,5.551
6.8715559200000005,5.712
6.871590690000001,5.8420000000000005
6.873715011000001,5.705
6.873741778,5.574
6.873765531,5.635
6.873788638000001,5.636
6.873823962,5.58
6.874341889,5.57
6.874369709000001,5.612
6.8748890650000005,5.569
6.874931125000001,5.469
6.875665746,5.444
6.877336424,5.5200000000000005
6.87736645,5.432
6.877392479,5.291
6.877416194,5.643
6.877439300000001,5.643
6.8779597070000005,5.502
6.877997325000001,5.502
6.879350006,5.397
6.881214068,5.397
6.882719923000001,5.538
6.8850873,5.715
6.887690084000001,5.648
6.888769782000001,5.648
6.89068812,5.801
6.915976887,5.801
6.916035247000001,5.8790000000000004
6.9160592770000004,5.8790000000000004
6.916083562000001,5.751
6.916108565,5.73
6.916156804000001,5.89
6.917196002000001,5.774
6.917212965,5.8580000000000005
6.917222941,5.827
6.918262611,5.837
6.919064114,5.8790000000000004
6.920147344,5.783
6.920161961000001,5.719
6.921573809000001,5.719
6.939857826000001,5.7940000000000005
6.939876164,5.7940000000000005
6.9398896830000005,5.676
6.941772367,5.676
6.941788323000001,5.452
6.941805349,5.815
6.941844262,5.901
6.941862339,5.837
6.941878238,5.582
6.943959629,5.827
6.943993575,5.711
6.944823235,5.751
6.947044534000001,6.071
6.947852946,6.071
6.949264984,6.11
6.951829053000001,6.11
6.9533064520000005,6.003
6.954848893,6.003
6.9569242010000005,5.4670000000000005
6.959473429000001,5.527
6.960723409000001,5.4750000000000005
6.962875783,5.4750000000000005
7.019894507,5.5200000000000005
7.019920459000001,5.635
7.019934314,5.635
7.019949574000001,5.164
7.019961921,5.164
7.019974178,5.382
7.021188824,5.555
7.0212052620000005,5.4670000000000005
7.0212167260000005,5.573
7.021226113000001,5.5200000000000005
7.021598364000001,5.714
7.02323712,5.66
7.023273840000001,5.538
7.023304115,5.643
7.0233366020000005,5.766
7.023364348,5.713
7.024658541000001,5.696
7.02470629,5.7490000000000006
7.026978545,5.736
7.027019470000001,5.84
7.027046305000001,5.773
7.027078228000001,5.827
7.027103940000001,5.847
7.0271321890000005,5.4750000000000005
7.029202972,5.7330000000000005
7.029230886000001,5.721
7.029258823,5.7010000000000005
7.029292256000001,5.946
7.029325116000001,5.848
7.029346874000001,5.795
7.029717959,5.795
7.029762584,5.822
7.0311257220000005,5.822
7.0317211340000005,5.622
7.033354114000001,5.622
7.034964842000001,5.798
7.0367672400000005,5.798
7.0538149500000005,5.815
7.0538465310000005,5.697
7.053872574000001,5.719
7.055339158000001,5.719
7.055368347000001,5.6450000000000005
7.055393428,5.751
7.055412288,5.7410000000000005
7.058142902,5.655
7.058431548000001,5.655
7.05844816,5.6850000000000005
7.059421455000001,5.7010000000000005
7.062235875000001,5.7010000000000005
7.063422578000001,5.628
7.0655519270000005,5.628
7.067233296,5.688
7.069210750000001,5.688
7.0713133930000005,5.561
7.072787915,5.561
7.07481835,5.662
7.076853677000001,5.541
7.078599544,5.678
7.080603714,5.501
7.082758978,5.768
7.087685468,5.718
7.087711339,5.8020000000000005
7.08926204,5.8020000000000005
7.091149936000001,5.74
7.092924451,5.74
7.094636539000001,5.7620000000000005
7.096715388000001,5.964
7.098873463,5.89
7.101248549,5.886
7.103165636000001,5.886
7.10798254,6.155
7.108037675,5.932
7.109121937,5.932
7.1112150000000005,5.955
7.112753063,5.955
7.1152527260000005,6.109
7.116687301000001,6.041
7.118760523000001,5.724
7.120533836000001,5.89
7.122688921000001,5.9190000000000005
7.126251539,5.753
7.245676949000001,5.5680000000000005
7.245709674,5.5680000000000005
7.245737193,5.729
7.248333963,5.729
7.248365603000001,5.675
7.248376674,5.705
7.248387027000001,5.705
7.2483969770000005,5.872
7.248407076,5.558
7.2484158480000005,5.558
7.250707128,5.617
7.250724506,5.563
7.250736843,5.812
7.251883998,5.6160000000000005
7.251901148000001,5.604
7.251918354000001,5.598
7.254467965000001,5.628
7.254485612000001,5.742
7.254497942,5.689
7.254510211,5.378
7.255163342,5.623
7.255180158000001,5.324
7.2559693890000005,5.242
7.2574889140000005,5.223
7.257507011,5.3950000000000005
7.257520386,5.378
7.257533228000001,5.221
7.257543879000001,5.206
7.259292548,4.856
7.259308166,4.963
7.259318951,5.082
7.259329669,5.031
7.259338922,4.9270000000000005
7.261498005000001,4.95
7.261531979000001,5.027
7.2615433110000005,5.024
7.261554425000001,5.024
7.261565615,5.024
7.2615849820000005,5.51
7.264054468,5.51
7.264092637,5.51
7.2641051160000005,5.51
7.264121941000001,5.239
7.264133556000001,5.239
7.264144284,5.239
7.264154781,5.239
7.264165324,5.537
7.265755819000001,5.537
7.2657731000000005,5.537
7.265786940000001,5.348
7.266414089,5.348
7.266450548000001,5.348
7.267175148000001,5.296
7.26720666,5.296
7.267778903000001,5.296
7.269173155000001,5.296
7.269199084,5.38
7.2708811,5.38
7.271699881000001,5.542
7.272424518,5.542
7.2730639880000005,5.542
7.273702795,5.489
7.2749639880000005,5.489
7.275930847000001,5.437
7.276624526000001,5.437
7.278132844000001,5.437
7.279054091000001,5.364
7.279747015000001,5.364
7.280729604,5.364
7.281588113000001,5.642
7.284811344,5.642
7.284851279000001,5.642
7.284872105000001,5.554
7.285555049,5.554
7.285620748,5.554
7.286526763,5.554
7.28659205,5.5040000000000004
7.287246394,5.5040000000000004
7.287275125000001,5.5040000000000004
7.287968277,5.5040000000000004
7.287981638000001,5.889
7.288781214,5.889
7.2911965510000005,5.731
7.292972967000001,5.731
7.294650782000001,5.554
7.297252023,5.697
7.299020549000001,5.713
7.301004477,5.678
7.303326815,5.678
7.305825921,5.713
7.307514288,5.731
7.308568966,5.731
7.3105624360000006,5.924
7.313979356000001,5.784
7.31474382,5.696
7.316496205000001,5.766
7.320429324,5.877
7.3210421210000005,5.92
7.324215481,6.134
7.3252584,6.0600000000000005
7.3291169620000005,5.9
7.3297351630000005,5.9
7.452506015000001,6.031
7.4525261490000005,6.079
7.452537158,5.782
7.452547464,5.712
7.452557519000001,5.9030000000000005
7.452567729,5.635
7.452577241,5.782
7.455297135,5.751
7.4553149560000005,5.757000000000001
7.4553358350000005,5.622
7.455346989000001,5.529
7.455358389000001,5.613
7.456477861000001,5.773
7.45649548,5.673
7.456509415,5.872
7.457379056000001,5.872
7.458571719,5.9190000000000005
7.458588702,5.621
7.45860252,5.666
7.458612737,5.872
7.4604312010000005,5.806
7.460449027,5.719
7.460462777,5.7410000000000005
7.4604760390000004,5.776
7.462231667,5.735
7.462264842000001,5.913
7.462283737000001,5.8260000000000005
7.462324526000001,5.719
7.46235301,5.628
7.463833243000001,5.681
7.463872439,5.773
7.463905512,5.667
7.463929301,5.706
7.463951944000001,5.613
7.466365979000001,5.273
7.46638857,5.375
7.466408333,5.375
7.466426554000001,5.375
7.466446516,5.72
7.466458624,5.72
7.466472286,5.72
7.467097841,5.72
7.467118696000001,5.728
7.4671343310000005,5.728
7.469508989,5.728
7.469535946000001,5.926
7.470226897000001,5.926
7.470251011,5.926
7.470265997,5.781
7.471400266000001,5.781
7.471418342000001,5.781
7.472776907,5.681
7.472801139,5.681
7.473472841,5.681
7.476586457000001,5.681
7.477295757,5.529
7.477318155000001,5.529
7.478455505,5.529
7.47847165,5.529
7.478482626000001,5.676
7.478493434000001,5.676
7.4799577710000005,5.676
7.479976389000001,5.676
7.479989805000001,5.796
7.480002092,5.796
7.480017103000001,5.796
7.480775811000001,5.663
7.480794144000001,5.663
7.480806707,5.663
7.481895348,5.663
7.483436537,5.603
7.484088932000001,5.603
7.48411073,5.603
7.4849120650000005,5.603
7.4849366680000005,5.922
7.484950497000001,5.922
7.4856361840000005,5.922
7.4856530150000005,5.922
7.489249279,5.57
7.489903021000001,5.57
7.491586798,5.623
7.493340279000001,5.623
7.494746607000001,5.642
7.499353252000001,5.787
7.499375778,5.787
7.501612681,5.615
7.502752366,5.581
7.505491031,5.6610000000000005
7.509113770000001,5.654
7.509958630000001,5.654
7.510771943000001,5.5680000000000005
7.512874056,5.595
7.5156512410000005,5.829
7.518218657,5.829
7.519009283000001,5.561
7.521312203000001,5.581
7.523179662,5.542
7.525939448000001,5.7540000000000004
7.5273627770000004,5.7540000000000004
7.529166898000001,5.807
7.530756279,5.7860000000000005
7.5330062490000005,5.807
7.536141344000001,5.84
7.657132774000001,5.84
7.657167052,5.795
7.657206713000001,5.678
7.657230162,5.848
7.657252722000001,5.9430000000000005
7.657276249000001,5.815
7.6586899090000005,5.676
7.658720597,5.815
7.65874465,5.912
7.658763565,5.912
7.660876726000001,5.623
7.6609140600000005,5.815
7.660939917,5.8580000000000005
7.660963112,5.688
7.660986118,5.869
7.661009176,5.753
7.661562527,5.783
7.661587862,5.954
7.662797772,5.806
7.662838469,5.954
7.662868260000001,6.072
7.664585435,6.041
7.6646263470000005,5.902
7.664650529,5.87
7.664674107000001,5.867
7.664692791,5.9030000000000005
7.665045866000001,5.9030000000000005
7.666520209000001,5.987
7.667467490000001,5.92
7.670617308000001,5.636
7.670644489000001,5.979
7.670668675000001,5.805
7.670692162000001,5.934
7.671901701,5.837
7.671939741,5.7620000000000005
7.671963953000001,5.615
7.67377338,5.615
7.6738027230000005,5.615
7.673827081000001,5.908
7.673850582000001,5.908
7.673869461000001,5.908
7.673888306,5.904
7.675444284,5.904
7.675475742000001,5.904
7.675499941000001,5.88
7.675541236000001,5.88
7.675559750000001,5.88
7.676806267000001,5.732
7.676837792000001,5.732
7.676861120000001,5.732
7.677324792,5.732
7.677348097,5.688
7.678155431,5.688
7.678181840000001,5.688
7.6797801560000005,5.688
7.679808794,5.827
7.680803053000001,5.827
7.680826996,5.827
7.681677474000001,5.827
7.681693387,5.559
7.684328811,5.559
7.685372556000001,5.783
7.686199777000001,5.783
7.686798324000001,5.783
7.688021776,5.613
7.689169028,5.613
7.689408380000001,5.613
7.689995957000001,5.7940000000000005
7.690770287,5.7940000000000005
7.690787467000001,5.7940000000000005
7.691708934,5.41
7.692634595,5.41
7.693401746,5.41
7.693706763000001,5.4750000000000005
7.695510348000001,5.4750000000000005
7.696150214,5.4750000000000005
7.6991208890000005,5.548
7.699709385,5.548
7.701028102,5.548
7.701047523000001,5.494
7.701061709,5.494
7.7015927170000005,5.494
7.703549998000001,5.276
7.7045605230000005,5.276
7.705374685000001,5.239
7.707809956,5.239
7.70948083,5.364
7.713258658000001,5.364
7.7143577830000005,5.221
7.7151042400000005,5.221
7.716747844,5.17
7.718574873000001,5.17
7.722045963,5.328
7.724207236000001,5.4190000000000005
7.7249846810000005,5.4190000000000005
7.7278061430000005,5.508
7.728926471,5.508
7.7311233370000005,5.276
7.7325478180000005,5.276
7.736050147,5.407
7.73841434,5.782
7.7406945050000004,5.574
7.864031197,5.783
7.864085553000001,5.854
7.864141799,5.806
7.864183158,5.763
7.864219478000001,5.86
7.864256490000001,6.029
7.864291479,5.88
7.866582473,5.971
7.866611424,6.003
7.866635627000001,5.9910000000000005
7.866658989,5.788
7.866681767,6.007000000000001
7.8667046880000004,5.963
7.86724492,5.807
7.867305187,5.758
7.867364155000001,5.675
7.868169118000001,5.646
7.869706778,5.657
7.869726819,5.758
7.869746613,5.764
7.869764052000001,5.521
7.871553385,5.984
7.87157498,5.8420000000000005
7.871592712000001,5.86
7.871612553,5.6930000000000005
7.871627344,5.729
7.872731983,5.777
7.872750966000001,5.812
7.872778329000001,5.787
7.872824991000001,5.763
7.8763555510000005,5.861
7.87637388,5.91
7.876389304000001,5.934
7.876401959000001,5.968
7.876417292,5.827
7.876442963000001,5.807
7.877083703,5.807
7.877100592000001,5.807
7.878063046,5.8180000000000005
7.879968044000001,5.8180000000000005
7.8799914730000005,5.8180000000000005
7.880006562,5.934
7.880027512000001,5.934
7.88004276,5.934
7.881049915,5.934
7.881102729,5.932
7.8811184800000005,5.932
7.8823176660000005,5.932
7.882346685000001,5.777
7.882366801000001,5.777
7.882384150000001,5.777
7.883785383,5.777
7.883871547000001,5.996
7.883902984000001,5.996
7.883926058,5.996
7.884539869,5.996
7.884600337,5.996
7.886427269,5.996
7.887038990000001,5.996
7.8875276990000005,5.993
7.887718401000001,5.993
7.888527375000001,5.993
7.888541835000001,5.993
7.889085979000001,6.069
7.889682535,6.069
7.890594997000001,6.069
7.891211438000001,6.152
7.8919863910000005,6.152
7.892605362,6.152
7.893110186,6.1770000000000005
7.894516418,6.1770000000000005
7.89541578,6.1770000000000005
7.8954489820000004,6.1770000000000005
7.896170242,5.908
7.897071769,5.908
7.897093659,5.908
7.897956102,5.908
7.899046189000001,5.9350000000000005
7.899903202000001,5.9350000000000005
7.8999291220000005,5.9350000000000005
7.901363908,5.936
7.902533051000001,5.718
7.9057670390000006,5.724
7.906996441,5.329
7.909071662000001,5.329
7.9106281990000005,5.7410000000000005
7.913001675,5.4750000000000005
7.914921887,5.25
7.91782006,5.131
7.918953428000001,5.271
7.920673874,5.134
7.92332675,5.18
7.929114564000001,5.259
7.929621651000001,5.211
7.929659143,5.109
7.930794255,5.109
7.9339615310000005,5.176
7.934871566000001,4.984
7.936847167000001,5.065
7.938894387,5.136
7.941850704,5.349
7.942776461,5.176
7.945571770000001,5.261
7.996650187,5.267
7.99666437,5.267
7.996676139000001,5.623
7.998862443,5.6450000000000005
7.998898008,5.756
7.998911973,5.837
7.998924325000001,5.766
7.998964431,5.697
7.998980095,5.898
8.000695022,5.707
8.000719597,5.674
8.002477295,5.827
8.00250345,5.731
8.002533476,5.688
8.002550935,5.72
8.002591184,5.614
8.0043833,5.88
8.004409698,5.633
8.004423089000001,5.591
8.005748216,5.463
8.005800188,5.521
8.005858985,5.482
8.007234032000001,5.6080000000000005
8.007265621,5.603
8.007285104000001,5.426
8.007303481000001,5.542
8.007321769,5.363
8.008596987,5.484
8.008609112,5.662
8.008622766,5.662
8.009650475,5.831
8.009956003000001,5.831
8.010822990000001,5.609
8.015225613,5.628
8.016309725000001,5.628
8.016774314000001,5.766
8.018769299,5.488
8.020787197,5.622
8.046160358,5.496
8.046179683,5.614
8.046194383000001,5.7620000000000005
8.046218794,5.561
8.048317512,5.933
8.048332435,5.655
8.048343166,5.397
8.048353496,5.508
8.048365134,5.455
8.048373981000001,5.489
8.049676265,5.5
8.049691752000001,5.538
8.050379188,5.3660000000000005
8.052019294,5.256
8.052931260000001,5.555
8.054717216,5.398
8.05571489,5.397
8.056702617000001,5.397
8.059031597,5.348
8.061145902,5.348
8.063615459000001,5.181
8.065941125,5.181
8.067387955000001,5.549
8.068776587,5.549
8.071099826000001,5.497
8.072914888,5.422
8.075215077000001,5.422
8.079103196,5.356
8.079528362000001,5.573
8.080817269,5.291
8.08328313,5.243
8.086678839000001,5.243
8.087582293,5.594
8.088943374000001,5.594
8.090845216,5.748
8.093862810000001,5.622
8.095126291,5.554
8.096760991,5.6080000000000005
8.098690920000001,5.713
8.101163618000001,5.556
8.102541764,5.966
8.105765419,5.901
8.106731189000001,5.901
8.109085077000001,5.965
8.110578935000001,5.965
8.112522576,5.889
8.114887028,5.9670000000000005
8.116979731,5.636
8.11860234,5.885
8.120625144,5.757000000000001
8.124282722,5.703
8.124974204,5.646
8.127789578,5.617
8.128673765,5.617
8.131141108000001,5.651
8.132626405,5.651
8.134569990000001,5.824
8.136444985,5.926
8.138672726000001,5.673
8.140560879,5.644
8.144358435000001,5.582
8.146325035,5.827
8.147271481,5.846
8.148561129,5.846
8.219097572,5.7940000000000005
8.219128234000001,5.495
8.219157034,5.666
8.219182338000001,5.58
8.221214449,5.591
8.221245737,5.612
8.22127045,5.559
8.221298811,5.687
8.221322894,5.581
8.221341745,5.614
8.223490141000001,5.72
8.223534865000001,5.806
8.223564124000001,5.665
8.22465973,5.6450000000000005
8.224740648000001,5.6690000000000005
8.224769104,5.805
8.22889631,5.604
8.228930346,5.751
8.228964932,5.643
8.228989309000001,5.788
8.229018663,5.788
8.229045881000001,5.712
8.231197563,5.681
8.231228262,5.8340000000000005
8.231255509,5.5200000000000005
8.231284475,5.636
8.231312816,5.618
8.231341168,5.627
8.231366167000001,5.7780000000000005
8.231940858,5.636
8.23196002,5.636
8.233439958,5.635
8.233473419000001,5.62
8.233499346,5.849
8.233521812000001,5.773
8.235483536,5.8660000000000005
8.235514392,5.8660000000000005
8.235552453,5.8660000000000005
8.235581384000001,5.8660000000000005
8.23560178,5.5680000000000005
8.235750398,5.8420000000000005
8.235774709000001,5.8420000000000005
8.236931958000001,5.4670000000000005
8.237974202,5.4670000000000005
8.238666436,5.926
8.242009321000001,5.43
8.242858427,5.495
8.245798898,5.442
8.248666569000001,5.276
8.248957560000001,5.276
8.251455174,5.396
8.252613892000001,5.396
8.294485571000001,5.258
8.294513243,5.168
8.294533498,5.251
8.296815118000001,5.173
8.296845908,5.173
8.296895353,5.277
8.296923694,5.42
8.296946756,5.148
8.296983248,5.29
8.297026378,5.448
8.29943592,5.3660000000000005
8.299465837000001,5.559
8.299509504000001,5.572
8.300603504,5.728
8.300639792,5.455
8.300663539,5.876
8.30160991,5.892
8.301649252,5.61
8.301679817,5.872
8.303062691000001,5.68
8.303102521000001,5.8
8.303134380000001,5.946
8.303158969,5.681
8.303620769,6.073
8.304007853,6.073
8.30561569,5.774
8.308580761,5.667
8.308980587,5.667
8.312316838000001,5.7620000000000005
8.313196424000001,5.7620000000000005
8.316992115,5.611
8.317646365,5.549
8.318836759,5.549
8.334606988,5.526
8.334638731,5.795
8.3346639,5.7170000000000005
8.334683383,5.47
8.33548485,5.463
8.335515627000001,5.463
8.337015081,5.5280000000000005
8.33775348,5.575
8.337786991,5.48
8.340932069,5.522
8.341692505000001,5.522
8.342779068,5.473
8.345501724,5.473
8.348474755,5.274
8.349745296,5.274
8.350956551000001,5.414
8.352775029,5.414
8.356201315,5.196
8.358687008,5.3180000000000005
8.359675001000001,5.096
8.360813428,5.046
8.364232181,5.121
8.365737602000001,4.915
8.367110405,4.9430000000000005
8.369682974,5.155
8.37155836,5.155
8.372590821000001,5.196
8.374692499,5.075
8.403547748000001,5.075
8.403566737,5.115
8.40358093,5.44
8.405835137,5.506
8.405854143000001,5.558
8.405867099,5.558
8.405880179,5.199
8.405892846,5.6370000000000005
8.405905348000001,5.6370000000000005
8.406406061,5.69
8.407227613,5.871
8.407240629,5.311
8.408392568,5.4430000000000005
8.408408060000001,5.485
8.408419128,5.541
8.410346039,5.63
8.411162227,5.4
8.412304603,5.533
8.413130123,5.452
8.415290581,5.452
8.417795005,5.37
8.418810214,5.37
8.420942203000001,5.407
8.424364554,5.355
8.426135068,5.525
8.427002498,5.3790000000000004
8.457234116,5.3790000000000004
8.457248768000001,5.345
8.45725992,5.148
8.459907689000001,5.148
8.459939623,5.383
8.459952745,5.464
8.459970892000001,5.1610000000000005
8.459985952,5.1610000000000005
8.460459746,5.208
8.461180461,5.226
8.461197707,5.3020000000000005
8.462720986,5.1850000000000005
8.462752314000001,5.057
8.462799674000001,5.109
8.462838490000001,5.29
8.462878296000001,5.224
8.465152076,5.199
8.465178550000001,5.211
8.469949614,5.315
8.469984224000001,5.339
8.470622233,5.303
8.471547421,5.303
8.472913226000001,5.33
8.474620194,5.33
8.476807706,5.355
8.478661651000001,5.355
8.480832921000001,5.263
8.482915298,5.418
8.485747517,5.418
8.488243023,5.575
8.489102603000001,5.575
8.492879232,5.289
8.4935861,5.518
8.495033138,5.518
8.496797753000001,5.75
8.499578225,6.03
8.500742903,5.783
8.502883947,5.748
8.505367341000001,5.996
8.507197015000001,5.855
8.508760961,5.855
8.510582839000001,6.1930000000000005
8.512851717,5.88
8.515083584000001,5.679
8.516709176,5.679
8.519363661,5.463
8.520551272,5.68
8.52247661,5.356
8.527631754,5.602
8.52796579,5.688
8.529071553000001,5.548
8.530549787,5.548
8.534097695,5.449
8.536592663,5.5280000000000005
8.538182024000001,5.542
8.53895582,5.449
8.541313454,5.469
8.54323137,5.515
8.546116799,5.515
8.547161072,5.7410000000000005
8.548891787,5.7410000000000005
8.552019964000001,5.7410000000000005
8.55298434,5.648
8.556303789000001,5.714
8.557591342,5.615
8.559920796,5.707
8.591362759,5.402
8.591395548000001,5.402
8.591420723,5.548
8.591444406,5.548
8.59146729,5.521
8.591493822,5.614
8.592494556,5.614
8.592525711,5.619
8.592550394,5.643
8.592571104000001,5.609
8.593055661000001,5.647
8.594383635,5.734
8.594412423000001,5.657
8.594436994,5.575
8.594456263,5.715
8.594777575,5.595
8.595518063,5.78
8.595545977,5.783
8.597153718000001,5.783
8.599184144,5.8580000000000005
8.600921502,5.8580000000000005
8.603822156,6.171
8.605670499,6.171
8.607296816,5.902
8.608737613,5.902
8.611598305000001,6.134
8.612775815000001,6.258
8.644733930000001,5.987
8.644773667,6.069
8.644806548,5.96
8.644838805000001,6.071
8.644870026000001,6.071
8.644899967,5.803
8.645945889,6.018
8.645979988,5.857
8.646012014,5.882000000000001
8.646037307,5.996
8.646467672,5.757000000000001
8.649865374,5.828
8.649897357,5.993
8.649940375,6.025
8.649968474000001,6.072
8.650199833,5.914
8.651066403,5.88
8.651091908,5.908
8.652532906000001,5.908
8.653220415,5.905
8.654748675,5.905
8.656752088000001,6.016
8.658672422,5.964
8.660649186,5.9110000000000005
8.664678290000001,5.918
8.666266515,5.918
8.667028117000001,5.6080000000000005
8.668759072,5.6080000000000005
8.670674952,5.58
8.674614668,5.4750000000000005
8.675307221,5.4750000000000005
8.676572887,5.623
8.678516984,5.602
8.680831521,5.556
8.682828155000001,5.7
8.685499145000001,5.7010000000000005
8.687647767000001,5.7410000000000005
8.688892616,5.7410000000000005
8.69052327,5.729
8.692748472,5.688
8.698841505,5.7
8.69890464,5.859
8.700468631,5.859
8.701305084000001,5.5200000000000005
8.702568956,5.5200000000000005
8.706068139000001,5.4750000000000005
8.706906642,5.635
8.708932540000001,5.635
8.712484436,5.611
8.713204926000001,5.611
8.715150056,5.569
8.716622411000001,5.569
8.720574439,5.7010000000000005
8.721262265,5.901
8.722714547,5.954
8.72538386,5.803
8.727485721,5.773
8.728812093,5.773
8.730742488,5.872
8.732652916000001,5.6770000000000005
8.736648841000001,5.815
8.737549492000001,5.698
8.738578183000001,5.698
8.740886864,5.72
8.742938996000001,5.689
8.745541804,5.689
8.749723419,5.613
8.750594413,5.613
8.75237538,5.633
8.752977777,5.633
8.754590334000001,5.73
8.757073922,5.591
8.758701284,5.591
8.762219359000001,5.655
8.793881745,5.613
8.793901149,5.688
8.793920086,5.602
8.793936394000001,5.602
8.795335975,5.449
8.795352961,5.586
8.795364806,5.3260000000000005
8.795376694,5.344
8.797041128,5.134
8.797059496000001,5.311
8.798801907000001,5.3020000000000005
8.798818101,5.325
8.798830108,5.437
8.798841359,5.428
8.798852623,5.317
8.799927295,5.578
8.799947502,5.563
8.799961333,5.474
8.801490430000001,5.747
8.801830628000001,5.747
8.80427635,5.571
8.805266592,5.571
8.807306276,5.6080000000000005
8.80913172,5.6080000000000005
8.810998104000001,5.714
8.813491613,5.714
8.814584289,5.837
8.816516546,5.837
8.847167930000001,5.98
8.847197987000001,5.648
8.847223363000001,5.734
8.847242595,5.86
8.849460126,5.86
8.849491034,5.804
8.84951463,5.751
8.849538251,5.774
8.84956348,6.008
8.84959445,5.804
8.851075334,5.699
8.852913045000001,5.7090000000000005
8.852943791000001,5.479
8.852968148,5.774
8.852992711,5.774
8.853016408,5.615
8.853485262000001,5.609
8.853507524000001,5.681
8.855357545,5.734
8.857150788,5.734
8.858884484,5.628
8.861294313,5.628
8.863297240000001,5.7010000000000005
8.867243005,5.628
8.867845616,5.575
8.869373967000001,5.575
8.870826954,5.481
8.872784315,5.5280000000000005
8.875374936,5.561
8.876827659,5.561
8.879195224,5.397
8.881183586,5.628
8.882973585,5.522
8.886391793000001,5.485
8.889151459,5.382
8.889983988000001,5.522
8.890930914,5.522
8.894240324,5.273
8.895706749,5.273
8.897492839,5.363
8.898693513000001,5.228
8.900622484000001,5.668
8.905734366,5.5200000000000005
8.906496023,5.535
8.908438577,5.511
8.909313466,5.511
8.910669532,5.406
8.91329438,5.626
8.914715619,5.626
8.918668103,5.679
8.9193475,5.766
8.920816117000001,5.837
8.922896997,5.8020000000000005
8.927723578,5.84
8.92821578,5.681
8.929575246,5.681
8.930851983,5.561
8.932607065000001,5.575
8.934888329000001,5.721
8.936628377,5.72
8.93875905,5.735
8.941862376000001,5.601
8.944032005,5.5520000000000005
8.947042360000001,5.5520000000000005
8.947055575,5.638
8.949805471000001,5.586
8.951713455,5.586
8.952937603,5.556
8.954649214,5.556
8.956765364,5.508
8.96011516,5.589
8.962317415000001,5.368
8.963259532,5.595
8.96574443,5.522
8.967298952,5.522
8.969656469,5.643
8.970958795000001,5.643
8.973540895000001,5.474
8.974719778,5.474
8.977922922000001,5.609
8.979011779,5.644
8.980638767,5.538
8.982475072,5.45
8.985448927,5.431
8.986960123000001,5.784
8.988718179000001,5.784
8.990849019,5.5200000000000005
8.992809364000001,5.5200000000000005
8.994658441,5.485
8.996537211,5.414
8.999962437,5.471
9.002276306,5.384
9.002937404,5.437
9.005241435,5.615
9.007076025,5.222
9.008870830000001,5.222
9.010677798,5.563
9.013066321,5.563
9.014762306,5.526
9.018310188000001,5.4590000000000005
9.018816894,5.4590000000000005
9.020614997000001,5.421
9.025829268,5.573
9.025846340000001,5.542
9.027887939000001,5.469
9.028607857,5.469
9.030539686000001,5.432
9.032632088,5.594
9.034609609,5.45
9.037050133000001,5.7490000000000006
9.038905181,5.678
9.041044871,5.872
9.042531493,5.697
9.045968086,5.678
9.047332933,5.54
9.04896521,5.575
9.051209573000001,5.575
9.053852408000001,5.574
9.055303014,5.501
9.056863617000001,5.501
9.058511437,5.538
9.060498352,5.5200000000000005
9.062836322,5.38
9.065823317000001,5.3950000000000005
9.067690452,5.3950000000000005
9.068626271000001,5.4670000000000005
9.070566419,5.4670000000000005
9.072649686,5.328
9.074692051000001,5.748
9.076914589000001,5.643
9.079755378,5.6450000000000005
9.080665613,5.363
9.084364861000001,5.609
9.085423549,5.73
9.087023542,5.413
9.089202886,5.413
9.093364438,5.532
9.094001502000001,5.807
9.095152802000001,5.488
9.096566662,5.488
9.098471420000001,5.696
9.100996015,5.553
9.102523562,5.643
9.105110495,5.6770000000000005
9.107258604,5.613
9.108677965,5.613
9.110536657,5.559
9.112600089,5.503
9.114723211000001,5.662
9.117026179,5.763
9.118560633000001,5.763
9.120984249000001,5.522
9.122535439,5.593
9.125759682,5.453
9.127515305000001,5.641
9.12868652,5.641
9.130882355,5.556
9.134021301,5.659
9.134874228000001,5.659
9.136579817000001,5.84
9.138546886,5.5
9.140979764,5.8020000000000005
9.142589317,5.8020000000000005
9.146448216000001,5.731
9.147274462,5.932
9.149613948,5.932
9.150915470000001,5.673
9.153372188,5.673
9.154648377000001,5.841
9.15730959,5.922
9.158563337,5.922
9.160840464000001,6.21
9.162596465,5.765
9.166316368,6.08
9.167063502000001,6.08
9.16884366,6.08
9.172093803000001,6.093
9.175313512,5.827
9.175340685,5.827
9.176541888000001,5.829
9.179194064,5.912
9.180866868,5.747
9.182670852000001,5.827
9.185955906,5.507
9.187200794,5.7490000000000006
9.189375696,5.7490000000000006
9.190939698000001,5.88
9.193563016,5.88
9.194825402000001,5.885
9.196898239000001,5.829
9.199225095000001,5.801
9.201883514,5.801
9.20273534,5.563
9.205559406,5.836
9.207599579,5.836
9.208801759,5.605
9.210973056,5.605
9.21309724,5.462
9.214861659,5.462
9.216926593,5.721
9.218812271000001,5.361
9.221398968,5.502
9.222725731,5.626
9.225991955000001,5.469
9.227185096000001,5.715
9.229188952000001,5.715
9.230704688000001,5.734
9.232898059,5.556
9.234773369000001,5.556
9.236947093000001,5.574
9.240048099000001,5.747
9.241135700000001,5.747
9.243167592,5.45
9.246232944,5.836
9.24683478,5.836
9.250364863,5.59
9.251402127,5.59
9.253609117,5.6610000000000005
9.254797557,5.589
9.257354545,5.589
9.258736036,5.3790000000000004
9.260828179,5.3790000000000004
9.26435073,5.45
9.269020110000001,5.591
9.269038341,5.327
9.269800923,5.327
9.270902305,5.5200000000000005
9.272852164000001,5.469
9.27496778,5.469
9.278354069,5.258
9.280708259,5.485
9.281666174,5.485
9.282581936,5.484
9.285369741,5.327
9.287431707000001,5.45
9.289223586,5.45
9.290818749000001,5.397
9.292754981,5.5200000000000005
9.294849762,5.502
9.29664106,5.502
9.299336128,5.697
9.301539108,5.697
9.302603242,5.429
9.305614086,5.715
9.308798872,5.575
9.309487744,5.575
9.3108096,5.739
9.312745385000001,5.739
9.315017216000001,5.681
9.316592952,5.5360000000000005
9.318618286000001,5.595
9.321664463000001,5.454
9.322573775,5.573
9.325956732,5.381
9.326744086,5.381
9.328649013,5.4670000000000005
9.33063895,5.4670000000000005
9.332529465,5.59
9.334842214,5.573
9.336647817000001,5.519
9.339056831,5.38
9.341645549,5.38
9.342548061,5.4670000000000005
9.346071828000001,5.5360000000000005
9.34683307,5.698
9.348992466,5.698
9.35126556,5.433
9.352882362,5.433
9.354853908,5.748
9.356941472,5.275
9.358623592,5.275
9.361539812,5.7010000000000005
9.362547178,5.7010000000000005
9.365427308000001,5.59
9.36736235,5.695
9.370070024,5.695
9.370867713,5.625
9.372587054,5.625
9.374911477000001,5.503
9.377349184,5.607
9.378934569,5.363
9.381112735,5.363
9.385404340000001,5.5360000000000005
9.385726125,5.575
9.387214012000001,5.327
9.388779979,5.327
9.390626573,5.328
9.393155725,5.484
9.395014757,5.484
9.397349235,5.572
9.399278895,5.607
9.400876248000001,5.607
9.403885388,5.502
9.405658181,5.432
9.407557388,5.646
9.40933416,5.646
9.41081939,5.384
9.413257399,5.575
9.414851775,5.575
9.41666977,5.376
9.418673656000001,5.644
9.421935075,5.644
9.4230478,5.713
9.425154645000001,5.713
9.427388153,5.556
9.429073413000001,5.556
9.430680015,5.556
9.432638594,5.556
9.435708705000001,5.573
9.436677532000001,5.678
9.438559548,5.485
9.441216561000001,5.6610000000000005
9.442882744,5.555
9.445775629,5.45
9.446776248,5.468
9.449170146,5.468
9.453381965,5.678
9.454489571,5.537
9.455438931,5.537
9.45756375,5.45
9.458845788000001,5.59
9.461034904,5.59
9.462898539000001,5.572
9.466251445000001,5.6080000000000005
9.466947726,5.678
9.469219241000001,5.678
9.470993963,5.5200000000000005
9.473355978,5.5200000000000005
9.475954727000001,5.521
9.478123409,5.482
9.479102623000001,5.469
9.481677328,5.469
9.482804047,5.416
9.485873810000001,5.453
9.487002205000001,5.61
9.489471132,5.61
9.490893016000001,5.542
9.493229244,5.542
9.494604471,5.364
9.496646955000001,5.353
9.498553970000001,5.594
9.500981101,5.537
9.503233473,5.61
9.505190963,5.478
9.506712172,5.45
9.508941144000001,5.45
9.51062433,5.412
9.514636558000001,5.6080000000000005
9.515306358,5.487
9.519016032000001,5.643
9.51964532,5.343
9.520623227,5.343
9.5228038,5.449
9.52620677,5.555
9.52723561,5.311
9.528869425,5.311
9.530678147,5.5600000000000005
9.533228482,5.535
9.534629247,5.489
9.536587206,5.328
9.538848959000001,5.541
9.540815741000001,5.577
9.542619246000001,5.577
9.545975827000001,5.626
9.546995733000001,5.679
9.549125084,5.679
9.551126346,5.819
9.553260754,5.819
9.554787014,5.696
9.556705937,5.574
9.558672366000001,5.5200000000000005
9.560854885000001,5.784
9.562775898,5.626
9.566082743,5.678
9.568437362000001,5.538
9.56930343,5.538
9.572195649000001,5.7490000000000006
9.57530335,5.591
9.575880045,5.6080000000000005
9.576783406,5.784
9.579952259,5.916
9.581134887000001,5.7540000000000004
9.584498302,5.648
9.585277722,5.581
9.587586752,5.522
9.589390478,5.522
9.590757315000001,5.648
9.594221591,5.734
9.59659307,5.835
9.597330884,5.835
9.598995176,5.688
9.603130979000001,5.422
9.605214928,5.635
9.606101267000001,5.774
9.606905103,5.774
9.608969643,5.668
9.611140233,5.668
9.613092449,5.4590000000000005
9.615435017000001,5.4590000000000005
9.617433688,5.522
9.618742641,5.51
9.621396449,5.594
9.622730916,5.449
9.625135509000001,5.575
9.62676822,5.432
9.628747567000001,5.432
9.630679594,5.555
9.632904536,5.574
9.635395907000001,5.574
9.637817564,5.734
9.639103146,5.3260000000000005
9.640676914,5.3260000000000005
9.642988622,5.414
9.646000754000001,5.6080000000000005
9.64688562,5.6080000000000005
9.650103365000001,5.609
9.651215204000001,5.609
9.652930488,5.54
9.65543901,5.54
9.656756356,5.766
9.659869025,5.766
9.660751797000001,5.5600000000000005
9.662513050000001,5.5360000000000005
9.665888778000001,5.609
9.666991851,5.591
9.668950009000001,5.591
9.670526614,5.768
9.673031447000001,5.675
9.674644739000001,5.726
9.676643658000001,5.78
9.678514449000001,5.941
9.680764037000001,5.801
9.682511402000001,5.933
9.688022973,5.88
9.688054087000001,6.032
9.689167372,5.954
9.691110495,5.954
9.693693794000001,5.891
9.696168869000001,5.57
9.700249266,5.688
9.700598606,5.688
9.702027902000001,5.642
9.702849125,5.642
9.707851092,5.86
9.708263652000001,5.6930000000000005
9.709087523,5.6930000000000005
9.71147724,5.614
9.712667135,5.614
9.715282547000001,5.688
9.718308562,5.401
9.719668362,5.401
9.720798075000001,5.572
9.723575082,5.516
9.727824536,5.774
9.728412695000001,5.774
9.730347275,5.581
9.731325991,5.581
9.73317849,5.497
9.735155174,5.497
9.738492929000001,5.29
9.740159113,5.591
9.742607751000001,5.4670000000000005
9.743409855000001,5.45
9.747523084000001,5.502
9.747574432,5.572
9.748854686000001,5.572
9.750922858000001,5.589
9.752773138,5.589
9.757320421000001,5.502
9.758129144,5.662
9.760843248,5.578
9.762451225000001,5.574
9.763253249,5.731
9.766171356000001,5.63
9.766906871,5.63
9.77145799,5.731
9.771810472,5.712
9.772946644000001,5.712
9.776161032000001,5.767
9.777053231,5.906
9.779426114000001,5.838
9.780803105,5.906
9.783018760000001,5.75
9.785524411,5.8180000000000005
9.786877702,5.8180000000000005
9.788759179000001,5.8740000000000006
9.791573603,5.884
9.793091160000001,5.777
9.79465643,5.777
9.796552553000001,5.469
9.799622423,5.604
9.800674979,5.537
9.8026503,5.537
9.806391388,5.5680000000000005
9.807117919000001,5.686
9.808788312,5.686
9.812272666,5.59
9.815190580000001,5.687
9.815889651,5.729
9.816633668000001,5.729
9.819111976,5.868
9.820705872000001,5.73
9.822731823,5.506
9.827798882,5.676
9.828532703,5.9030000000000005
9.8291859,5.9030000000000005
9.83080907,5.872
9.832655781000001,5.675
9.834684311,6.027
9.836578687000001,5.9190000000000005
9.839056556000001,6.051
9.840729040000001,5.9190000000000005
9.842644583,6.074
9.846265719,5.949
9.847561142,5.735
9.849146841000001,5.735
9.850805838000001,5.937
9.853540606000001,5.872
9.854829109,6.009
9.856839303000001,6.033
9.859132273,5.9030000000000005
9.861074785000001,5.9030000000000005
9.862674010000001,5.757000000000001
9.867578113,5.888
9.867601116000001,5.868
9.868867258,5.868
9.870674351,5.934
9.872688017,6.007000000000001
9.875173062,5.953
9.876725146,5.953
9.878629548000001,5.965
9.882507311000001,5.689
9.883222492,5.689
9.88559462,5.989
9.887339119,5.989
9.889041247,6.307
9.891293534,6.307
9.89334004,5.9430000000000005
9.895398765000001,6.125
9.896948163000001,6.043
9.898992205,6.069
9.900775051,6.069
9.904229582000001,6.122
9.905847781,6.123
9.907186973,6.149
9.908798475000001,6.149
9.911276706,6.231
9.912656613000001,6.231
9.914607854,6.122
9.916490805,5.775
9.919073103,5.88
9.921124893,5.88
9.924137331,5.639
9.926007270000001,5.855
9.927560118,5.586
9.928760881,5.747
9.930820856,5.747
9.932959631000001,5.4510000000000005
9.934666759,5.4510000000000005
9.936719653,5.397
9.939305651,5.4750000000000005
9.940855797000001,5.591
9.942597991000001,5.463
9.945817843,5.72
9.946943967000001,5.712
9.948639301,5.712
9.950703386,5.676
9.952828692,5.676
9.954571759,5.623
9.956631583,5.614
9.958844051,5.799
9.960681990000001,5.721
9.964276687,5.827
9.966222614000001,5.455
9.967204949000001,5.522
9.968957663000001,5.522
9.970822400000001,5.547
9.972941140000001,5.72
9.975171759,5.7490000000000006
9.976866362,5.7490000000000006
9.979347885000001,5.72
9.981157172000001,5.73
9.982931526,5.73
9.985555940000001,5.734
9.987946433000001,5.432
9.988895142,5.432
9.991734763,5.541
9.993665531000001,5.594
9.99497138,5.594
9.996922069,5.768
9.998790289,5.5920000000000005
10.000838959000001,5.594
10.002921976000001,5.766
10.005766218,5.7860000000000005
10.006861362,5.8
10.008967936000001,5.8
10.010760561000001,5.825
10.012678934,5.735
10.014755844,5.594
10.016650572000001,5.594
10.018714229,5.7940000000000005
10.021269805000001,5.7620000000000005
10.023135743000001,5.541
10.025316956000001,5.602
10.02690198,5.607
10.028781742000001,5.607
10.03122156,5.5280000000000005
10.032993588,5.575
10.03477874,5.8340000000000005
10.036946738000001,5.575
10.038676981,5.575
10.0407314,5.414
10.042554989000001,5.415
10.04567815,5.555
10.04710957,5.521
10.048681076000001,5.521
10.050602000000001,5.505
10.05452636,5.422
10.055305374000001,5.422
10.058426965,5.297
10.058949498,5.407
10.060624064,5.417
10.063439223000001,5.391
10.065876771000001,5.623
10.068639828,5.186
10.069585316000001,5.186
10.070847775,5.354
10.072562297000001,5.47
10.074618916,5.6370000000000005
10.076598827,5.508
10.078610587,5.561
10.080775601000001,5.692
10.083983117,5.469
10.086066874,5.69
10.087545975000001,5.929
10.088669894,6.013
10.090690657000001,6.013
10.092624349000001,5.977
10.096332509,5.8740000000000006
10.096895191,5.993
10.099715801,5.946
10.100735652000001,5.946
10.103052088,5.836
10.108842441,5.912
10.109726080000002,5.569
10.110381376000001,5.743
10.111313517000001,5.743
10.113268311,5.761
10.115367045000001,5.761
10.118521344000001,5.656
10.119221332,5.665
10.12063511,5.8580000000000005
10.122940415,5.7090000000000005
10.125409811,5.549
10.127393307,5.644
10.128729103000001,5.644
10.130722951000001,5.73
10.132607474,6.027
10.134584610000001,5.995
10.137309912000001,6.003
10.13857314,5.7410000000000005
10.141638761000001,5.735
10.142542303,6.134
10.145618724,5.806
10.146728705000001,5.604
10.148607817,5.604
10.150572267000001,5.55
10.152663378000002,5.857
10.155112499000001,5.712
10.156703314000001,5.712
10.159186590000001,5.521
10.160931727000001,5.538
10.163127889,5.538
10.166078916,5.409
10.166690638,5.409
10.170474829,5.549
10.171233158000001,5.469
10.172932405000001,5.469
10.174578402,5.455
10.177610849,5.398
10.178705630000001,5.274
10.180583219,5.4670000000000005
10.18251978,5.573
10.185351094000001,5.66
10.187116441,5.643
10.189077626000001,5.643
10.190612624,5.591
10.193955679,5.591
10.194644272000001,5.432
10.196552253,5.98
10.198507372,5.734
10.201627714,5.648
10.202925419000001,5.648
10.205418494,5.821
10.206746419,5.821
10.208804878,5.688
10.210627866000001,5.688
10.214740367000001,5.601
10.215310877,5.807
10.216839571000001,5.575
10.218928869,5.575
10.220559211000001,5.6770000000000005
10.222887677000001,5.449
10.225047798,5.501
10.226872607,5.646
10.228888655,5.646
10.230633773000001,5.502
10.232519783,5.73
10.234469748,5.642
10.237901003000001,5.4670000000000005
10.238995695,5.432
10.240690365,5.432
10.242928539000001,5.239
10.247760911,5.644
10.247787108,5.659
10.250404645000001,5.768
10.251207265000001,5.768
10.252860688,5.847
10.256201157000001,5.7330000000000005
10.257448045,5.72
10.258899928,5.965
10.260792963,5.827
10.262786897,5.793
10.265449022,5.657
10.266778881,5.463
10.269554198,5.463
10.273005256000001,5.626
10.27369376,5.626
10.274663767,5.708
10.276984218,5.454
10.278906429000001,5.623
10.280694204000001,5.623
10.283814334,5.4750000000000005
10.285808063000001,5.485
10.288122964000001,5.449
10.289081454000002,5.449
10.290858927,5.344
10.29286654,5.3790000000000004
10.294740771,5.056
10.297149118,5.4
10.298734060000001,5.303
10.302071401000001,5.422
10.302878801,5.393
10.305637668000001,5.556
10.308621902,5.5040000000000004
10.30913259,5.5040000000000004
10.310576399,5.303
10.313340794,5.303
10.316547452,5.474
10.318712554000001,5.678
10.320206611000001,5.59
10.321864743,5.765
10.324370314000001,5.642
10.32602288,5.521
10.326731163,5.521
10.3309347,5.907
10.331907575,5.9510000000000005
10.333223026,5.9510000000000005
10.334708643,5.96
10.336670738,5.582
10.338988158000001,5.766
10.341906043,5.7620000000000005
10.343828761000001,5.688
10.344843062,5.516
10.347098681,5.516
10.350119394,5.934
10.351295496,5.783
10.352641969,5.783
10.354607309,5.707
10.358044783,5.89
10.360300778000001,5.7410000000000005
10.360988612,5.613
10.362799078,5.89
10.365714381,5.655
10.368213558,5.538
10.369198176000001,5.538
10.370798158000001,5.837
10.372976676,5.761
10.375493610000001,5.687
10.377529800000001,5.816
10.379031112,5.463
10.380704978,5.164
10.382837442000001,5.442
10.385395492,5.655
10.3870375,5.349
10.389375419,5.349
10.390882564,5.469
10.393390897000002,5.469
10.394980586,5.575
10.397233795,5.575
10.399093505000002,5.731
10.400623426000001,5.731
10.403001060000001,5.6610000000000005
10.407220031000001,5.6610000000000005
10.407543664,5.574
10.408812646000001,5.574
10.412125315,5.574
10.413946111000001,5.574
10.415272638000001,5.9430000000000005
10.416658552000001,5.9430000000000005
10.419431155,5.946
10.421050854,6.048
10.422631379,5.715
10.425443482,5.561
10.42710188,5.801
10.429429344,5.801
10.430676395,5.4830000000000005
10.433613972,5.4830000000000005
10.434712375,5.481
10.436583107,5.589
10.439213893,5.681
10.440790031,5.734
10.442709048000001,5.296
10.445350248,5.446
10.447476284,5.466
10.448794577000001,5.466
10.450734293,5.353
10.452675959,5.666
10.455743810000001,5.503
10.456732431,5.538
10.459119549,5.367
10.460893025,5.367
10.462854233,5.4350000000000005
10.465525906,5.4350000000000005
10.467347058000001,5.644
10.468671131,5.644
10.47066754,5.628
10.473292798000001,5.541
10.474726757,5.402
10.477758382000001,5.589
10.478616093000001,5.537
10.481995052,5.6770000000000005
10.484271944000001,5.763
10.485717074,5.5600000000000005
10.486882503,5.651
10.489385072000001,5.651
10.491532876,5.61
10.493235630000001,5.61
10.494895574000001,5.5200000000000005
10.497585649000001,5.742
10.498687049,5.789
10.501423158000001,5.765
10.502668662000001,5.757000000000001
10.505623853000001,5.765
10.507086726,5.675
10.508760665,5.675
10.510693532000001,5.71
10.513248092000001,5.644
10.515653738000001,5.644
10.517158039,5.688
10.519008406000001,5.688
10.520651275,5.655
10.524993304,5.665
10.525830350000001,5.665
10.527411389000001,5.783
10.528743251,5.783
10.531801781,5.987
10.532750615000001,5.987
10.534812953000001,5.837
10.536677705,5.623
10.540942354,5.6450000000000005
10.541543275,5.679
10.542801982,5.647
10.547985578,5.515
10.548003525,5.681
10.549528289000001,5.518
10.550791517,5.518
10.55457595,5.625
10.555466971000001,5.595
10.556876652000001,5.537
10.561768861000001,5.45
10.561791414,5.662
10.562881905000001,5.609
10.565764156,5.609
10.567524786,5.715
10.569652489000001,5.715
10.571112013,5.668
10.573142896,5.688
10.577172606000001,5.508
10.577437055,5.615
10.578905369000001,5.947
10.580892589000001,5.519
10.584154937000001,5.469
10.586084866,5.614
10.587465552000001,5.614
10.588673846,5.634
10.5915698,5.542
10.594414973000001,5.787
10.595355349,5.787
10.596772953,5.819
10.60124918,5.795
10.602353130000001,5.697
10.603634631,5.697
10.606122650000001,5.516
10.608534669,5.516
10.609298039,5.635
10.610966787,5.635
10.612809993,5.635
10.615799050000001,5.442
10.618274069,5.5120000000000005
10.619250367000001,5.5120000000000005
10.620701551,5.609
10.623357399000001,5.416
10.627080479,5.541
10.627500752000001,5.607
10.628833789000002,5.607
10.631254803000001,5.577
10.632796229,5.577
10.63556988,5.628
10.637082129000001,5.715
10.638837119000002,5.7490000000000006
10.641079024000001,5.711
10.642891200000001,5.711
10.646963353,5.686
10.647627966,5.807
10.649506872,5.807
10.651328208,5.7540000000000004
10.653165497,5.7540000000000004
10.654850281,5.821
10.656632161000001,5.767
10.658636756,5.621
10.662365808,5.774
10.663866259,5.84
10.665023444000001,5.7090000000000005
10.666709963,5.729
10.669713491000001,5.729
10.672203124000001,5.881
10.673138708000002,5.901
10.674639453000001,5.752
10.677437777000002,5.902
10.679914125,5.827
10.680859676,5.849
10.682663703000001,5.996
10.686053738,5.872
10.686803831,5.973
10.689174920000001,5.973
10.690715835,6.163
10.694850359,6.056
10.697827217,5.869
10.698755931,5.869
10.700172224000001,5.997
10.701293931,5.997
10.702694138,5.877
10.706622725,5.831
10.707059296,5.831
10.710762136000001,5.787
10.712091461,5.787
10.712861003,5.71
10.71502283,5.71
10.717222169000001,5.801
10.718981223,5.604
10.720725158,5.574
10.722800665000001,5.667
10.725884848000002,5.827
10.726829323,5.581
10.728802693,5.581
10.730683477000001,5.643
10.733067735,5.7410000000000005
10.734752358000001,5.679
10.736762588000001,5.753
10.738867674000002,5.57
10.741346167000001,5.795
10.74275603,5.795
10.745921274,5.647
10.746822656,5.913
10.748950941,5.913
10.750729709,5.627
10.752979412,5.688
10.754711251,5.688
10.757323982,5.721
10.759233850000001,5.681
10.760660608,5.8020000000000005
10.762871821000001,5.851
10.765772574000001,5.768
10.767341688,5.807
10.768792150000001,5.807
10.770619403000001,5.8740000000000006
10.773201861,5.715
10.774866321000001,5.715
10.776650931,5.643
10.778936082000001,5.648
10.780674716,5.604
10.785156434000001,5.7540000000000004
10.785738047,5.628
10.786930966,5.628
10.789025133,5.688
10.790686907000001,5.556
10.793038722,5.556
10.79518389,5.5
10.797325953000001,5.363
10.798745307,5.363
10.802290132000001,5.461
10.805774908,5.466
10.805794627000001,5.3100000000000005
10.806914305000001,5.398
10.808783938000001,5.398
10.810896448000001,5.522
10.81281676,5.522
10.816126779000001,5.644
10.817041774000002,5.643
10.819007789,5.827
10.820690179000001,5.827
10.823935835,5.868
10.824970044,6.061
10.826753680000001,5.7940000000000005
10.829056094,5.7940000000000005
10.831047017000001,5.74
10.833245361000001,5.74
10.834621517,5.751
10.836619546000001,5.956
10.840449304,5.872
10.841105444,5.663
10.84381973,5.956
10.845041440000001,6.171
10.846799612,5.742
10.848710546000001,5.742
10.850992313,5.921
10.85284397,5.774
10.854613802000001,5.774
10.856515576000001,5.72
10.858947944,5.805
10.862506462,5.752
10.865699434000001,5.699
10.865722007,5.454
10.866780365,5.508
10.869275929,5.508
10.870647114,5.615
10.873435402,5.527
10.875558606,5.537
10.876877991,5.614
10.878624276,5.349
10.881390673,5.397
10.884050242,5.397
10.884929169000001,5.527
10.887381622000001,5.527
10.890326575000001,5.469
10.891510264,5.469
10.8926741,5.729
10.895104321,5.729
10.897783515,5.849
10.898679976,5.804
10.900797635,5.712
10.902532887000001,5.812
10.905831135000001,5.822
10.907070199000001,5.782
10.908761844,5.782
10.910973786000001,5.836
10.914828039000001,5.883
10.915433408,5.711
10.916616845,5.711
10.919422723,5.658
10.921257856,5.658
10.922547394,5.865
10.926229225,5.68
10.927027534,5.68
10.929394436,5.72
10.930793002000001,5.72
10.932716506,5.793
10.935144652,5.751
10.936938448000001,5.613
10.939250001000001,6.05
10.94126542,5.9110000000000005
10.945497648,5.642
10.945969057000001,5.654
10.946894265000001,5.7540000000000004
10.948798408,5.7540000000000004
10.950682575,5.432
10.953806102000001,5.591
10.954696709,5.572
10.956574488000001,5.748
10.958598567000001,5.6770000000000005
10.960884912000001,5.559
10.962740911000001,5.731
10.965302386000001,5.728
10.967742497000001,5.609
10.968837650000001,5.609
10.970705093000001,5.788
10.972780035000001,5.469
10.974726061,5.503
10.976872856,5.609
10.978874645000001,5.748
10.981253958,5.7490000000000006
10.982668945,5.7490000000000006
10.985772606000001,5.59
10.987516125,5.648
10.989644298,5.648
10.990665526,5.606
10.993100871000001,5.547
10.995079989,5.561
10.996957599,5.561
11.000039398,5.575
11.001347414000001,5.614
11.002710168,5.561
11.005230828,5.767
11.007277364,5.635
11.009176956000001,5.635
11.010689359,5.5280000000000005
11.013954562,5.5280000000000005
11.014644134000001,5.815
11.017452756,5.803
11.018704375,5.591
11.02070671,5.676
11.022630021000001,5.635
11.026462285000001,5.594
11.028155666,5.5280000000000005
11.029025738000001,5.5280000000000005
11.030656724,5.614
11.032824704000001,5.541
11.035044927000001,5.681
11.036678193,5.575
11.039834274,5.764
11.040858095,5.578
11.04261456,5.503
11.045829425,5.522
11.047756687000001,5.522
11.049411181,5.502
11.050719401,5.556
11.052760923000001,5.6080000000000005
11.05487712,5.782
11.056568552,5.782
11.059039801,5.8
11.061934908000001,5.7
11.064698394,5.575
11.065465519,5.644
11.067658247,5.556
11.068784095,5.556
11.071356557000001,5.836
11.072605523,5.836
11.074971061000001,5.6530000000000005
11.076896423,5.59
11.078867089000001,5.59
11.080533027000001,5.609
11.082574551,5.6770000000000005
11.089282113000001,5.75
11.089313067,5.559
11.08994739,5.485
11.092172577000001,5.485
11.094181184,5.414
11.096285417,5.414
11.097314072000001,5.485
11.098720014000001,5.538
11.102556292000001,5.363
11.103409764,5.363
11.104964462,5.591
11.106674016000001,5.835
11.10998408,5.835
11.111025921000001,5.628
11.112748885,5.581
11.114833324000001,5.7620000000000005
11.117021257000001,5.8580000000000005
11.120317815,5.667
11.120948939,5.88
11.12388879,5.796
11.125361164000001,5.705
11.126962562000001,5.712
11.128794545,5.712
11.131070370000002,5.9190000000000005
11.133367961000001,5.9190000000000005
11.134906768,5.6450000000000005
11.136975023000002,5.782
11.138915893,5.644
11.141775958,5.538
11.142762764,5.485
11.145607757,5.688
11.146757791,5.357
11.14971212,5.357
11.151057808000001,5.255
11.152862568000002,5.255
11.154627739,5.292
11.156604182,5.509
11.15958988,5.364
11.161542118,5.296
11.162779302,5.296
11.167132694000001,5.505
11.168161036,5.605
11.169670572000001,5.525
11.171035632,5.525
11.173126574000001,5.801
11.174603383000001,5.643
11.177127501000001,5.68
11.178771520000002,5.855
11.180702218,5.841
11.182764713000001,5.647
11.184740218,5.5600000000000005
11.188046945,5.522
11.188938061,5.522
11.190821361000001,5.349
11.192721516,5.349
11.195410815,5.614
11.196830429,5.643
11.198730276000001,5.485
11.200705699,5.792
11.204282452000001,5.6240000000000006
11.205349718,5.643
11.207408449,5.7490000000000006
11.208940011000001,5.7490000000000006
11.211496939,5.8740000000000006
11.212883312,5.601
11.215694169,5.601
11.21674346,5.68
11.218955177000002,5.462
11.220716085000001,5.493
11.224633048000001,5.242
11.225729954,5.242
11.227554470000001,5.614
11.228760438,5.614
11.231566758000001,5.721
11.233388746000001,5.721
11.234766813,5.768
11.236668849,5.555
11.238695451,5.5200000000000005
11.240770394,5.415
11.242622926000001,5.625
11.247382024,5.557
11.247947873000001,5.436
11.249127188000001,5.436
11.252281836,5.626
11.253882573,5.626
11.255413673000001,5.363
11.257716962,5.363
11.260350338,5.332
11.261351327,5.204
11.264442159000001,5.407
11.265800969,5.393
11.267661404,5.489
11.269353122,5.489
11.271025293000001,5.578
11.272988457,5.473
11.275441069000001,5.59
11.276856144,5.485
11.278793441000001,5.538
11.280904754000002,5.6080000000000005
11.282785295,5.485
11.285931526,5.502
11.287451613,5.502
11.289122378,5.3790000000000004
11.291176577,5.3790000000000004
11.293712717,5.38
11.297609498,5.38
11.297931471,5.121
11.298944073000001,5.474
11.300817109,5.139
11.302784282000001,5.393
11.305679529,5.303
11.307376849,5.132
11.309454206,5.132
11.312244289,5.444
11.313270491,5.3660000000000005
11.315028868,5.3660000000000005
11.316824309000001,5.121
11.319274042,5.533
11.32085267,5.4830000000000005
11.323280841,5.28
11.32521663,5.526
11.326803677000001,5.526
11.330196675,5.556
11.331261921000001,5.556
11.333256141000001,5.446
11.334718209,5.446
11.337395358,5.469
11.338884858,5.679
11.340886913,5.679
11.343510061,5.679
11.344953316000002,5.662
11.348331210000001,5.731
11.349401048,5.731
11.350751518000001,5.7490000000000006
11.352967964000001,5.7490000000000006
11.355617823000001,5.784
11.356757899000002,5.784
11.358601491,5.4670000000000005
11.360592374000001,5.521
11.362646620000001,5.578
11.365133183000001,5.521
11.367264254,5.296
11.370405295000001,5.296
11.370935816000001,5.61
11.372937742000001,5.715
11.374895522000001,5.715
11.378687658,5.518
11.379441185000001,5.643
11.382070165,5.501
11.384228518,5.643
11.385527675,5.502
11.38719294,5.5200000000000005
11.389162912000002,5.5200000000000005
11.390822761,5.5200000000000005
11.393152652000001,5.468
11.394702886000001,5.505
11.396791929,5.538
11.399899212000001,5.594
11.400741641000002,5.562
11.402863539,5.406
11.405479988000002,5.489
11.406931507000001,5.444
11.409241237000002,5.444
11.410702504000001,5.625
11.412857346000001,5.557
11.414898990000001,5.557
11.416841634,5.573
11.419200701000001,5.573
11.421361311,5.748
11.424031322000001,5.7010000000000005
11.425243314000001,5.695
11.427250844000001,5.695
11.429121188,5.628
11.430700358000001,5.628
11.432810523,5.6610000000000005
11.435368415000001,5.575
11.436649189,5.575
11.438718074,5.3
11.441163469000001,5.484
11.442753178,5.416
11.447235017,5.453
11.448109870000001,5.453
11.448702745,5.54
11.450918816000001,5.54
11.454221004,5.5200000000000005
11.455309170000001,5.7490000000000006
11.457340882,5.487
11.458677589,5.626
11.461283948,5.485
11.462709383,5.485
11.467075679,5.471
11.468423784,5.572
11.469471375000001,5.572
11.470689432,5.625
11.472654726,5.625
11.475512469,5.712
11.476606506000001,5.712
11.478552492,5.697
11.481823102,5.947
11.485214631,5.811
11.486086235,5.7540000000000004
11.486854981,5.841
11.488958679000001,5.841
11.490964029,5.774
11.493304185000001,5.774
11.495531360000001,5.72
11.496913882000001,5.698
11.498847586,5.698
11.500714983,5.743
11.502539074000001,5.912
11.505935624000001,5.635
11.509082146,5.815
11.510490677,5.815
11.512196685000001,5.6450000000000005
11.514080360000001,5.369
11.514838903000001,5.369
11.516979452000001,5.515
11.518673558000001,5.515
11.520982946,5.413
11.524403415,5.397
11.525714931000001,5.3260000000000005
11.527277528,5.309
11.530676313,5.309
11.531678580000001,5.484
11.533235222,5.484
11.534726995000002,5.344
11.537113608,5.4670000000000005
11.538728158000001,5.4670000000000005
11.540715619,5.678
11.542692753,5.609
11.545177984,5.45
11.546779422,5.398
11.5487698,5.398
11.551471172000001,5.591
11.553594757,5.591
11.555129971000001,5.699
11.560247267000001,5.699
11.560973338,5.604
11.561679903,5.721
11.562778132,5.934
11.565670907000001,5.679
11.567669066,5.679
11.568870617,5.679
11.570858461,5.623
11.572778666000001,5.623
11.574993730000001,5.84
11.576987805,5.7010000000000005
11.580020077,5.7010000000000005
11.581420992,5.455
11.582791232,5.715
11.585403566,5.556
11.587445803000001,5.469
11.589280283,5.469
11.590751358,5.59
11.593222172,5.573
11.595149164,5.713
11.597196737,5.3790000000000004
11.599329747,5.3790000000000004
11.602109235,5.363
11.605421905,5.575
11.606209445000001,5.397
11.606991412000001,5.327
11.609377120000001,5.327
11.611977916,5.4430000000000005
11.613789854,5.4430000000000005
11.614788716000001,5.422
11.616967002,5.392
11.619414848,5.69
11.620810004,5.394
11.622858157000001,5.505
11.627409931,5.542
11.628413068,5.554
11.629271535,5.554
11.630726885000001,5.572
11.633840114,5.555
11.635235736,5.555
11.637171959000002,5.628
11.638627589,5.628
11.641700518,5.715
11.643872749000002,5.6930000000000005
11.645425475000001,5.594
11.647267327000002,5.594
11.648896365,5.469
11.650814215,5.469
11.652831195000001,5.601
11.654834246,5.448
11.656647260000002,5.555
11.658576081000001,5.482
11.660741984000001,5.6080000000000005
11.662669956,5.688
11.665322708000001,5.589
11.66974497,5.548
11.66976118,5.548
11.670696615,5.495
11.672726758000001,5.88
11.674721770000001,5.489
11.676916255,5.508
11.679086980000001,5.508
11.681474689,5.59
11.684073102000001,5.59
11.686142785000001,5.5200000000000005
11.687467953,5.485
11.688775046,5.485
11.692145914000001,5.469
11.693236825000001,5.469
11.695146739,5.488
11.698890567000001,5.364
11.700280097,5.364
11.701559511000001,5.609
11.702693094,5.521
11.707133274,5.521
11.708082281000001,5.555
11.708671923,5.555
11.710840924000001,5.345
11.715515418,5.627
11.715670472000001,5.627
11.717096495000002,5.45
11.718597507,5.45
11.721854091,5.503
11.725767221,5.3790000000000004
11.725796382,5.239
11.726841291000001,5.6080000000000005
11.729341434,5.6080000000000005
11.732223717,5.436
11.733063300000001,5.436
11.735335849,5.535
11.737062419,5.535
11.739246819,5.441
11.740853407000001,5.437
11.742739172,5.457
11.746045854,5.432
11.746770527,5.61
11.749299942,5.61
11.750975886,5.505
11.752680547,5.3500000000000005
11.755189508,5.575
11.758012718000002,5.573
11.759103580000001,5.573
11.762885554,5.519
11.763553896000001,5.482
11.76601967,5.662
11.768919376000001,5.782
11.769752774,5.782
11.770761746000002,5.922
11.772676104,5.922
11.774620890000001,5.742
11.776683462000001,5.804
11.779368214000002,5.804
11.780765221000001,5.8180000000000005
11.783830119000001,5.8180000000000005
11.786103836,5.698
11.787003392,5.698
11.788656068,5.587
11.790675182000001,5.587
11.792920669,5.556
11.794644487000001,5.556
11.79725194,5.273
11.798879662000001,5.426
11.800667344,5.453
11.802889728,5.37
11.805363942000001,5.505
11.807043172,5.573
11.808678766,5.573
11.810663428000002,5.6160000000000005
11.813401721,5.258
11.815043206,5.258
11.817986082000001,5.3740000000000006
11.819048878,5.3740000000000006
11.821214843,5.296
11.824029105000001,5.5200000000000005
11.824794879,5.296
11.827046667000001,5.29
11.828695622000001,5.29
11.830670389000002,5.453
11.832946567,5.364
11.834562040000002,5.364
11.837184961,5.505
11.838677669,5.502
11.841488323,5.731
11.842606215,5.66
11.845613598,5.731
11.847209398,5.731
11.849539448000002,5.803
11.851014499000001,5.803
11.852701680000001,5.98
11.854662416,5.516
11.856963098000001,5.4830000000000005
11.858643104,5.4750000000000005
11.860603147,5.643
11.863494686000001,5.434
11.866433854,5.7410000000000005
11.867167434,5.698
11.868811175000001,5.698
11.870922041,5.506
11.873074144,5.506
11.874843126,5.729
11.877072098000001,5.729
11.879213124000001,5.5600000000000005
11.881080573,5.5600000000000005
11.882573968,5.667
11.885683788000001,5.7330000000000005
11.887073520000001,5.564
11.88900823,5.564
11.890634296,5.594
11.89293159,5.357
11.894662598,5.557
11.896593773000001,5.381
11.898537332,5.356
11.901863469,5.582
11.902993189,5.582
11.906024127,5.455
11.906845076000002,5.541
11.909086461000001,5.541
11.911282061000001,5.455
11.91344377,5.455
11.914759140000001,5.823
11.916965431000001,5.7410000000000005
11.919023624000001,5.7410000000000005
11.920962218000001,5.587
11.923056934,5.587
11.925600256000001,5.573
11.927640823,5.644
11.928732495,5.644
11.930789194,5.8260000000000005
11.932636431,5.805
11.936041172000001,5.517
11.936626147,5.518
11.939213492,5.731
11.940529695,5.538
11.942694959,5.526
11.946126152000001,5.418
11.946794355000002,5.269
11.949638583,5.269
11.952380442,5.344
11.953360639000001,5.344
11.956141714000001,5.327
11.956882098000001,5.396
11.958599371,5.221
11.960590678,5.573
11.963684752,5.521
11.964811107000001,5.311
11.967628573,5.362
11.969913516,5.363
11.971065088000001,5.363
11.972956376,5.38
11.974892298,5.538
11.976944697,5.502
11.980146534000001,5.538
11.981134259000001,5.644
11.98291824,5.594
11.985267815,5.681
11.987655184000001,5.773
11.988708928000001,5.773
11.991335950000002,5.788
11.995002295,5.392
11.995611075000001,5.392
11.996683137000002,5.46
11.998504737000001,5.7010000000000005
12.002005297,5.507
12.003894014,5.329
12.005887405000001,5.382
12.00826629,5.343
12.009211824000001,5.343
12.010736596000001,5.45
12.013745111,5.45
12.015051577000001,5.6450000000000005
12.016679711,5.6450000000000005
12.018591847000001,5.591
12.021607176000002,5.695
12.022715538,5.573
12.025713293,5.644
12.027019907000001,5.625
12.029475605,5.625
12.030664104000001,5.627
12.0342213,5.432
12.035316586,5.432
12.036664589,5.45
12.038698758,5.433
12.041349695000001,5.396
12.045435054,5.295
12.045748655,5.332
12.046862617,5.332
12.048940131,5.279
12.051214369,5.279
12.053127143000001,5.472
12.055156956000001,5.347
12.057945420000001,5.347
12.058916490000001,5.416
12.060745987,5.412
12.0642753,5.3260000000000005
12.066032102000001,5.6610000000000005
12.066973552,5.3790000000000004
12.06911633,5.3790000000000004
12.070676464,5.501
12.073232608000001,5.62
12.076157254,5.734
12.077293252,5.734
12.079225113000001,5.655
12.080922343000001,5.7330000000000005
12.083485099,5.689
12.086050271000001,5.635
12.086763861000001,5.635
12.090077914,5.5200000000000005
12.091063772,5.5200000000000005
12.094506886000001,5.551
12.096615748000001,5.718
12.097460080000001,5.627
12.098663092,5.551
12.100926225,5.604
12.103852550000001,5.619
12.107070566,5.538
12.108005030000001,5.538
12.110041002,5.551
12.111343559000002,5.742
12.113040697,5.7620000000000005
12.115081,5.548
12.117322549,5.751
12.119142665,5.751
12.121667563,5.74
12.123114495000001,5.549
12.129403905,5.631
12.129428779000001,5.41
12.130243301,5.5760000000000005
12.131196711000001,5.5760000000000005
12.134799654,5.7490000000000006
12.135561496000001,5.7490000000000006
12.137470411,5.7010000000000005
12.140288949,5.5360000000000005
12.141015839000001,5.5280000000000005
12.144068476000001,5.708
12.144955579000001,5.635
12.146998741,5.675
12.149580345,5.628
12.151613168,5.628
12.154440092000002,5.494
12.155283656,5.494
12.158681567,5.416
12.159050745,5.449
12.162761860000002,5.415
12.164258624,5.485
12.16744062,5.468
12.167786288,5.431
12.169048909,5.431
12.171459859,5.431
12.172946234000001,5.447
12.175356800000001,5.447
12.178313213000001,5.307
12.179542177,5.204
12.180712585,5.344
12.182652742,5.469
12.185228760000001,5.503
12.186839637,5.3790000000000004
12.188777837,5.3790000000000004
12.190701875,5.474
12.193212521000001,5.575
12.194697755,5.575
12.196699373000001,5.575
12.198715496,5.628
12.200588522,5.7540000000000004
12.202852508000001,5.601
12.205849217,5.668
12.206846553,5.4350000000000005
12.209073126000002,5.4350000000000005
12.210689969,5.747
12.213204105,5.474
12.214837151000001,5.534
12.216598741,5.501
12.218860459,5.38
12.220852990000001,5.679
12.222600738,5.538
12.225520159,5.311
12.227712994000001,5.258
12.228790663000002,5.258
12.230589528000001,5.347
12.232583125000001,5.295
12.234818763000002,5.332
12.236701909,5.271
12.238651828,5.275
12.242104931,5.279
12.242843582,5.196
12.246559087000001,5.199
12.247322216,5.11
12.249169408,5.11
12.250678413000001,5.03
12.253146121,5.3660000000000005
12.254900852,5.3660000000000005
12.256680051,5.3660000000000005
12.258954008,5.263
12.261611309000001,5.315
12.262960527,5.172
12.267994778,5.239
12.26801211,5.199
12.268857681,5.25
12.270935475,5.25
12.273411987000001,5.312
12.275268441000001,5.057
12.277032440000001,5.057
12.278640734000001,5.1530000000000005
12.281041488000001,5.43
12.284058365,5.418
12.288551767000001,5.51
12.28911317,5.4110000000000005
12.289853929000001,5.535
12.290770446000002,5.535
12.292609749,5.416
12.295219828,5.748
12.297554001,5.713
12.298766726,5.713
12.301316530000001,5.787
12.304304061000002,5.815
12.305556105,5.676
12.307030325000001,5.7410000000000005
12.308741779,5.7410000000000005
12.310716489,5.8260000000000005
12.312709060000001,5.399
12.314728748,5.57
12.316866888000002,5.57
12.318898185,5.365
12.321104955000001,5.365
12.32268254,5.484
12.325959034,5.274
12.326770766000001,5.309
12.328923724000001,5.309
12.330920078,4.987
12.33279905,4.987
12.334686827,4.989
12.336838042,5.147
12.339313245000001,5.147
12.341055736000001,5.276
12.342586538,5.317
12.346042184000002,5.354
12.34727084,5.354
12.350104323,5.356
12.3508659,5.356
12.353248050000001,5.457
12.354653707,5.457
12.35688432,5.406
12.358680687000001,5.383
12.360663227000002,5.412
12.362528781,5.355
12.365733003,5.295
12.368193958,5.526
12.369529755,5.526
12.373729397,5.5840000000000005
12.373882612000001,5.5840000000000005
12.376026761,5.59
12.377709952,5.59
12.378938268,5.591
12.380921370000001,5.766
12.382863692,5.5040000000000004
12.385768239,5.589
12.388460204000001,5.591
12.389049035000001,5.591
12.391050379000001,5.595
12.394378069,5.708
12.395049806000001,5.708
12.397100184000001,5.612
12.39970497,5.795
12.401294918000001,5.849
12.402702885,5.849
12.405705086000001,5.886
12.407360547000001,5.926
12.409233514,5.926
12.410700721000001,5.89
12.412666436,5.896
12.414682144,5.795
12.416727565,5.795
12.418628694,5.83
12.420703962000001,5.765
12.424123775,5.765
12.425394535,5.742
12.427579442,5.559
12.429021292000002,5.559
12.430648992,5.481
12.432992897,5.397
12.435326202,5.397
12.436693603,5.398
12.438669622,5.45
12.440553681,5.45
12.442682940000001,5.521
12.447773774000002,5.4510000000000005
12.448862336000001,5.643
12.449597944,5.643
12.451045096000001,5.6080000000000005
12.453065773,5.522
12.454678889,5.522
12.457033954,5.522
12.459393311000001,5.522
12.461300369,5.65
12.462708204,5.613
12.465492861000001,5.4190000000000005
12.46683973,5.396
12.46926825,5.396
12.470978406,5.537
12.473316718000001,5.537
12.476085256000001,5.431
12.477006681,5.433
12.479558396000002,5.227
12.481136453000001,5.593
12.482588183,5.521
12.486451419000002,5.466
12.487216802,5.466
12.48860254,5.589
12.490641974,5.801
12.49283404,5.502
12.495048422,5.84
12.496665666,5.575
12.499233397000001,5.7620000000000005
12.500693833000001,5.827
12.502622701,5.827
12.505740093,5.815
12.507218533000001,5.783
12.508775625,5.783
12.512263997000002,5.76
12.514675496,5.926
12.515455463,5.9190000000000005
12.516918668,6.123
12.519575028,5.992
12.521326827000001,5.856
12.522607650000001,5.782
12.526679683000001,5.8660000000000005
12.52738644,5.8660000000000005
12.528666548,5.9430000000000005
12.530585989,5.9430000000000005
12.534849415,5.6160000000000005
12.535867442,5.628
12.536681181,5.628
12.539514092000001,5.422
12.540713016000002,5.581
12.542508504,5.614
12.54602724,5.602
12.548215146,5.643
12.549548169000001,5.643
12.550736188,5.625
12.553868115,5.625
12.554882670000001,5.644
12.556822642,5.537
12.558665481,5.507
12.561193152000001,5.432
12.563582143000001,5.469
12.56494402,5.696
12.569196259,5.595
12.569891028,5.595
12.571219206,5.66
12.572919173,5.362
12.575203598000002,5.7860000000000005
12.576929279000002,5.462
12.578781835000001,5.634
12.581052815000001,5.522
12.583449216,5.527
12.585706568,5.527
12.586884832,5.642
12.589385461,5.642
12.591077442000001,5.378
12.592689888,5.538
12.595043796,5.522
12.597140885,5.662
12.600486752,5.469
12.601380212,5.416
12.602988941000001,5.397
12.605686252,5.59
12.607703143,5.45
12.609604818000001,5.45
12.610972184000001,5.495
12.614345329,5.68
12.615225145,5.68
12.616867560000001,5.987
12.618844392000002,5.765
12.621066427,5.836
12.623283906000001,5.964
12.625543966,5.964
12.6285159,5.654
12.629393399000001,5.654
12.631372868000001,5.7940000000000005
12.633033260000001,5.7940000000000005
12.636382148000001,5.7410000000000005
12.637394263000001,5.655
12.639189792000002,5.667
12.64093197,5.7620000000000005
12.643375607000001,5.668
12.649135397,5.6000000000000005
12.649161353,5.614
12.650837653,5.7010000000000005
12.653088855,5.676
12.653704956,5.676
12.6558779,5.845
12.65710707,5.581
12.660072845,5.541
12.660792576,5.541
12.663258814,5.807
12.665362752,5.847
12.667207932,5.847
12.668883372000002,5.765
12.671219729,5.926
12.672994638,5.926
12.674964751000001,5.872
12.677313522,5.746
12.68147225,5.6450000000000005
12.682614518000001,5.782
12.683093912,5.658
12.684938192,5.628
12.688885215,5.675
12.689658237000002,5.667
12.691611734,5.667
12.695889557000001,5.453
12.697799788000001,5.561
12.697838184,5.561
12.699642737000001,5.627
12.700892084000001,5.658
12.702730201000001,5.658
12.705669744000001,5.671
12.708970459000001,5.613
12.709595242,5.613
12.711872922000001,5.821
12.712662398,5.821
12.714975015,5.746
12.716832051,5.687
12.71974194,5.687
12.720789917000001,5.575
12.722633311000001,5.575
12.725653413000002,5.57
12.727076543,5.71
12.728664183000001,5.71
12.730670587,5.819
12.734066789000002,6.01
12.734825485,5.9190000000000005
12.736822225000001,6.187
12.738620169,5.9670000000000005
12.741963254000002,6.003
12.742772460000001,6.003
12.746884828,5.973
12.748272899000002,5.712
12.750275127,5.559
12.751255455,5.559
12.753482131,5.472
12.754660245,5.472
12.756767571000001,5.6370000000000005
12.759932802000002,5.814
12.761238636000002,5.814
12.763675580000001,5.711
12.766551871,5.614
12.767698039,5.628
12.769276093,5.628
12.770824811,5.625
12.772786251000001,5.768
12.775168713000001,5.575
12.777149263,5.575
12.779970812,5.484
12.781459230000001,5.484
12.782681697000001,5.296
12.785486160000001,5.571
12.787146602,5.267
12.789231021,5.267
12.79149956,5.503
12.793579723,5.503
12.795140086,5.538
12.797016800000002,5.715
12.798774344,5.556
12.801111139000001,5.647
12.804146439,5.609
12.809554161000001,5.8740000000000006
12.810249547000002,5.647
12.810278225000001,5.715
12.811312268,5.628
12.813103503,5.628
12.815007881000001,5.764
12.81756137,5.764
12.820074557000002,5.549
12.820884253000001,5.505
12.822679688000001,5.581
12.825452355000001,5.8340000000000005
12.827663184,5.636
12.828988103,5.849
12.830987746,5.849
12.833271062000001,5.765
12.834826081000001,5.973
12.838810387,6.017
12.839428438,6.017
12.840739451000001,6.207
12.843183417,6.122
12.845891549000001,6.043
12.847514850000001,5.908
12.849317402,5.908
12.850987769000001,5.908
12.853037438000001,5.988
12.854769966000001,5.988
12.858557471000001,5.828
12.86034684,6.042
12.861558896,5.908
12.862593021,5.639
12.866490931000001,5.989
12.867275787,5.961
12.869244877000002,5.961
12.870876435000001,5.909
12.873528808000001,5.83
12.874713054,5.83
12.876606035,5.7490000000000006
12.879718093000001,5.519
12.880741446,5.635
12.882797577000002,5.651
12.885927151,5.275
12.887053094,5.315
12.888614717000001,5.315
12.890705683,5.339
12.894901212,5.46
12.895696677,5.46
12.896602159,5.484
12.899318073000002,5.541
12.90110965,5.681
12.902579322000001,5.681
12.906052506,5.6770000000000005
12.90753334,5.586
12.909032431,5.586
12.910631873000002,5.841
12.913013503,5.6370000000000005
12.914693054,5.534
12.916563386,5.455
12.918581234000001,5.7410000000000005
12.921124440000002,5.615
12.922493004000001,5.524
12.926316668,5.488
12.928234117,5.554
12.929150583,5.554
12.930634304000002,5.575
12.932624400000002,5.681
12.935071184000002,5.681
12.936774189000001,5.8
12.93920151,5.575
12.940654936000001,5.86
12.942607930000001,5.667
12.945948244,5.753
12.948179787,5.805
12.948763278000001,5.805
12.950590651,5.57
12.95305311,5.7090000000000005
12.955231598000001,5.623
12.957060131,5.581
12.959133090000002,5.581
12.960552497,5.594
12.963237418,5.622
12.965510517,5.468
12.967533938,5.441
12.969264418000002,5.441
12.971369074,5.431
12.972733616000001,5.431
12.974887632000002,5.341
12.977289875,5.771
12.979465668000001,5.771
12.982676688000002,5.4670000000000005
12.984695038000002,5.346
12.985323372000002,5.556
12.986839247,5.59
12.989024996000001,5.59
12.992445846,5.573
12.994021875000001,5.573
12.994649737000001,5.397
12.997019386000002,5.485
12.99913519,5.59
13.001280057,5.344
13.005088083,5.344
13.00553526,5.344
13.006912347,5.537
13.00890167,5.537
13.012229426000001,5.433
13.013197495,5.433
13.015117977000001,5.591
13.017041546000002,5.539
13.021582812,5.714
13.021609294000001,5.537
13.022728427,5.6610000000000005
13.025072560000002,5.678
13.027961735000002,5.558
13.02885614,5.558
13.032402820000001,5.775
13.035398584000001,5.581
13.035592878000001,5.581
13.038851759,5.614
13.039669313000001,5.783
13.04096863,6.018
13.042922678,5.782
13.046509374000001,5.782
13.047294363,5.872
13.04932346,5.872
13.051101976,5.5680000000000005
13.054218531,5.5680000000000005
13.056467048,5.695
13.057066146,5.695
13.058824255000001,5.563
13.062870406,5.724
13.063524663,5.724
13.065914871,5.675
13.066756172000002,5.675
13.069524578000001,5.36
13.071203733,5.551
13.073199415000001,5.551
13.075359963,5.344
13.077404855000001,5.378
13.079261735000001,5.58
13.080683565000001,5.58
13.084275507000001,5.474
13.085274398000001,5.474
13.087894636000001,5.623
13.088879200000001,5.623
13.092241813000001,5.58
13.092927461,5.58
13.096207007,5.686
13.098265656,5.666
13.099070793000001,5.516
13.100650891,5.581
13.102754076,5.581
13.105726869000001,5.431
13.106883556000001,5.508
13.108770192000001,5.508
13.110754971,5.6000000000000005
13.113054289,5.6000000000000005
13.116525260000001,5.397
13.117132141,5.292
13.118767965,5.433
13.120692277000002,5.311
13.122663574,5.4
13.125483268,5.489
13.127237821000001,5.232
13.128753651,5.232
13.130596614000002,5.574
13.132783384000001,5.5040000000000004
13.134792462,5.801
13.136683660000001,5.611
13.14066899,5.632
13.141506827,5.648
13.144468031,5.7940000000000005
13.145688304,5.893
13.147241847,5.573
13.148974989000001,5.573
13.152289011,5.647
13.153041953,5.6770000000000005
13.155066939000001,5.6770000000000005
13.156646908,5.5280000000000005
13.159370394000002,5.474
13.160588325,5.367
13.162513535,5.485
13.164844903,5.442
13.168506227,5.516
13.16898589,5.516
13.171569854000001,5.761
13.173025058,5.602
13.174969535,5.602
13.176855716,5.569
13.17887707,5.42
13.181290423,5.463
13.183422499,5.41
13.186984777000001,5.422
13.187491712000002,5.658
13.189119479,5.658
13.19100066,5.422
13.192714097000001,5.422
13.194944391,5.516
13.19678387,5.516
13.198692028,5.4670000000000005
13.201118939,5.7410000000000005
13.202877773,5.664
13.20526708,5.664
13.209016162000001,5.508
13.209804273000001,5.508
13.210632960000002,5.848
13.212581813000002,5.68
13.214570497,5.5680000000000005
13.216862820000001,5.3100000000000005
13.218548394,5.3100000000000005
13.220819847000001,5.522
13.223737556000001,5.59
13.224860802,5.521
13.228393322,5.452
13.229265342000001,5.452
13.230692640000001,5.348
13.233013881000002,5.348
13.234692935,5.6000000000000005
13.236676188,5.699
13.238757141,5.6240000000000006
13.242796526000001,5.626
13.24379345,5.625
13.246363563000001,5.731
13.247087368,5.784
13.249146141,5.784
13.252805439000001,5.86
13.255260257000002,5.75
13.256207837000002,5.75
13.256964426000001,5.655
13.258801125000002,5.72
13.261872031000001,5.58
13.262943484000001,5.742
13.265344361,5.751
13.268344826000002,5.667
13.269248032,5.667
13.270837189000002,5.613
13.272832096,5.529
13.276188855000001,5.4750000000000005
13.277138724,5.871
13.279248128,5.591
13.280850226,5.601
13.284303146000001,5.463
13.285267318,5.412
13.288448859,5.356
13.289579734,5.356
13.292158755,5.5280000000000005
13.293130892,5.5280000000000005
13.294811712000001,5.469
13.298461383000001,5.186
13.299094975000001,5.397
13.301086978,5.396
13.302642548000001,5.38
13.305460114,5.187
13.307647533,5.414
13.309359491,5.414
13.310692956,5.626
13.312727892000002,5.22
13.315327239,5.22
13.316708832000002,5.416
13.318972973000001,5.438
13.32109482,5.438
13.322922918000002,5.626
13.325873026,5.259
13.327663969000001,5.4
13.329054239000001,5.4
13.330848954,5.284
13.334032867000001,5.1160000000000005
13.335385659,5.162
13.336888339000001,5.511
13.338894105000001,5.393
13.341623225000001,5.37
13.343030289000001,5.4590000000000005
13.34545055,5.668
13.348576183,5.578
13.349510635000001,5.578
13.350833775000002,5.5200000000000005
13.352815992,5.591
13.355013674,5.362
13.356815519000001,5.697
13.358640164,5.888
13.360679846,5.549
13.363701139000002,5.6770000000000005
13.365586967,5.613
13.367417112,5.7010000000000005
13.369234042,5.7010000000000005
13.370757374,5.689
13.372718194,5.849
13.374672244000001,5.926
13.376895095,6.003
13.378879334,6.003
13.381016563000001,5.889
13.383728206,6.11
13.384963666,5.589
13.386741362,5.72
13.391470441000001,5.555
13.392452087,5.623
13.393353225,5.623
13.395271734000001,5.515
13.396893310000001,5.515
13.398903661,5.404
13.400576892,5.45
13.404773117000001,5.768
13.405381501,5.473
13.406917012000001,5.609
13.409250638000001,5.609
13.41135891,5.591
13.412978939,5.575
13.414676708,5.575
13.418958515000002,5.662
13.419611882000002,5.575
13.420984064,5.575
13.424220803,5.541
13.427513327000002,5.3790000000000004
13.427770988,5.541
13.429238197,5.554
13.431527410000001,5.554
13.434147709000001,5.432
13.434827448,5.432
13.43662413,5.485
13.439250886,5.555
13.441128468,5.5040000000000004
13.442720577000001,5.454
13.445030330000002,5.488
13.448593614,5.697
13.449463300000001,5.697
13.450684384,5.836
13.454783393000001,5.644
13.456144488000001,5.644
13.456989413,5.628
13.458624904,5.628
13.460597468000001,5.676
13.462755990000002,5.7700000000000005
13.465897620000002,5.516
13.466988445,5.719
13.469561295,5.719
13.471024078000001,5.582
13.472759483,5.591
13.475323735000002,5.8420000000000005
13.476635235000002,5.8420000000000005
13.478643352,5.681
13.480618616000001,5.597
13.482982032,5.89
13.486259108,5.8660000000000005
13.487298000000001,5.58
13.489659311,5.58
13.491448246000001,5.729
13.493456003,5.729
13.495147399,5.796
13.497258523000001,5.548
13.500760207,5.549
13.501404606000001,5.516
13.502904735000001,5.4750000000000005
13.505820496,5.373
13.506833812,5.609
13.509160366000001,5.609
13.510917704,5.327
13.513033207000001,5.469
13.514700663000001,5.243
13.517006271000001,5.186
13.518700635,5.38
13.521007041,5.316
13.524346403000001,5.631
13.526704241000001,5.421
13.527892922000001,5.557
13.529070619,5.557
13.533255425,5.328
13.534083859,5.766
13.534990731,5.643
13.538273337000001,5.784
13.539261746000001,5.908
13.541548714000001,5.646
13.542843984000001,5.7
13.546091318,5.59
13.549450459000001,5.66
13.550364448000002,5.66
13.551106921,5.6530000000000005
13.553204292,5.7540000000000004
13.554969216000002,5.62
13.557452914,5.7410000000000005
13.558730366,5.674
13.560823055,5.721
13.562732155,5.821
13.566054284000002,5.8740000000000006
13.56675498,5.855
13.568797968,5.855
13.570708149000001,5.774
13.573399668,5.561
13.574704778000001,5.542
13.577319652000002,5.542
13.578640328,5.621
13.580712737,5.541
13.584189836,5.581
13.586236873,5.781
13.587588057000001,5.7090000000000005
13.589791873000001,5.7090000000000005
13.590985093,5.954
13.593603876000001,5.954
13.594861118,5.89
13.597237745000001,5.89
13.600666980000002,5.1930000000000005
13.601467725000001,5.102
13.602811061,5.059
13.605708013000001,4.995
13.607652822,4.944
13.609037474,4.944
13.610875807000001,4.78
13.612850206000001,4.78
13.615590051000002,4.995
13.617109758000002,4.995
13.619281704,4.948
13.621515675000001,4.989
13.622644512,5.156
13.625635933000002,4.9910000000000005
13.628235995,4.944
13.629294407000001,4.944
13.632053802000001,5.184
13.633269522,5.184
13.636878573,4.809
13.637569318,4.809
13.638582430000001,5.598
13.640541804000001,5.675
13.642741658,5.591
13.647373781,5.689
13.648073568000001,5.497
13.649352815,5.497
13.650939165,5.485
13.653049971000002,5.485
13.654956101000002,5.548
13.657215697000002,5.548
13.658889858,4.878
13.660823135000001,4.878
13.663387485000001,4.841
13.665338737,4.978
13.667352227,4.978
13.668760205000002,5.031
13.671266387000001,5.1290000000000004
13.672736139000001,5.1290000000000004
13.67470937,6.0680000000000005
13.676722014000001,5.992
13.679856945000001,6.149
13.681253959000001,6.203
13.684562132000002,6.095
13.685245667,6.1000000000000005
13.687092007,6.1000000000000005
13.688727774,6.207
13.691267185000001,6.04
13.693894028,6.04
13.697197540000001,6.056
13.698949637,6.056
13.699973983000001,6.140000000000001
13.700706622,6.140000000000001
13.703159305000002,6.223
13.705630690000001,5.9750000000000005
13.707498583000001,5.9750000000000005
13.710155411,6.041
13.712466936,5.836
13.714073073000002,5.836
13.716347266000001,6.061
13.717509414,6.061
13.719165733,5.774
13.721018536,5.8660000000000005
13.723132793000001,5.728
13.726215562,5.779
13.727555693000001,5.779
13.729507717,5.5600000000000005
13.730667469,5.5600000000000005
13.732866770000001,5.697
13.734946995000001,5.644
13.736556337000001,5.644
13.738565301000001,5.7620000000000005
13.740723707,5.675
13.742537516,5.588
13.745842184,5.609
13.746694519,5.609
13.748864777000001,5.4110000000000005
13.750687690000001,5.4110000000000005
13.754317109,5.6240000000000006
13.755067627,5.612
13.756588650000001,5.612
13.759252482,5.731
13.760889550000002,5.641
13.762712896,5.768
13.765639495,5.788
13.767267324,5.788
13.770431295000002,5.914
13.771568806000001,5.914
13.773857311,5.987
13.774994016,5.987
13.777282322000001,5.912
13.780013535,6.056
13.780969349000001,6.187
13.782686746000001,6.253
13.785623978,6.205
13.786706438000001,6.205
13.788903313,6.1770000000000005
13.790918631,6.1770000000000005
13.792978584,6.394
13.795420321000002,6.48
13.796791812,6.48
13.798618383,6.4750000000000005
13.800616216000002,6.4270000000000005
13.804606292,6.7540000000000004
13.805357211,6.562
13.810835379,6.635
13.813396915,6.635
13.813423265,6.319
13.815634169,6.168
13.818214650000002,5.9430000000000005
13.820438468,5.9430000000000005
13.822156194000002,5.925
13.823180842000001,5.7330000000000005
13.824441373,5.7330000000000005
13.826618250000001,5.642
13.827614738000001,5.642
13.829003144000001,5.389
13.831490575,5.303
13.83325847,5.303
13.834942433,5.422
13.836743782000001,5.422
13.839476335,5.208
13.840891767,5.45
13.842877170000001,5.538
13.847975196,5.626
13.848006216000002,5.626
13.849174276000001,5.853
13.850813625,5.803
13.852780466,5.697
13.855308273,5.715
13.857997687000001,5.715
13.859591296000001,5.7540000000000004
13.860733434,5.514
13.863707756,5.595
13.865840214,5.595
13.867065446000002,5.8
13.869086806,5.8
13.872461406000001,5.561
13.873562549,5.561
13.875062613,5.595
13.877051075,5.595
13.878748830000001,5.86
13.880732465000001,5.9
13.884599194000002,5.88
13.885308545000001,5.906
13.887434033000002,5.906
13.888815497000001,5.873
13.891678698000002,5.7410000000000005
13.892726865,5.7410000000000005
13.894721613000002,5.57
13.897467641,5.57
13.898932901,5.743
13.901013686,5.937
13.905189475,5.992
13.908111058000001,5.666
13.908388795,5.666
13.910234484,6.049
13.911195475000001,6.049
13.914748981,6.017
13.917379713,5.962
13.917808359,5.962
13.919421249,5.829
13.920928645,5.939
13.923562542,5.675
13.925296019000001,5.735
13.927471358,5.735
13.929063139,5.474
13.930876577000001,5.474
13.932761608000002,5.633
13.934880264,5.676
13.937206661000001,5.676
13.939354958000001,5.72
13.941049343000001,5.679
13.942715743,5.956
13.945931341000001,5.956
13.946870955000001,5.894
13.948939816000001,5.894
13.950786407,5.788
13.953390720000002,5.795
13.954997923,5.914
13.956869580000001,5.914
13.959373596,5.849
13.962881421,5.8660000000000005
13.963668608,5.885
13.96509058,5.885
13.967219064,5.901
13.969691321,5.901
13.971173768000002,5.681
13.97320075,5.681
13.975340280000001,5.86
13.977051490000001,5.86
13.978673355000002,5.674
13.982808057000002,5.574
13.983715882,5.812
13.986712809,5.681
13.99043874,5.819
13.990475587,5.819
13.991449127000001,5.9110000000000005
13.992855758000001,5.9110000000000005
13.994846592,5.689
13.997706873,5.819
13.999278586,5.819
14.001031427000001,5.789
14.004225676,5.849
14.005592514000002,5.979
14.007168834000002,6.037
14.009367636,6.037
14.011334633,5.788
14.013610183,5.788
14.015203814000001,6.1000000000000005
14.017619358000001,6.1000000000000005
14.018772345,6.156
14.021636433000001,5.88
14.022834997,6.016
14.025602572,6.042
14.027697833000001,5.806
14.029573956,5.806
14.030797917000001,5.696
14.033198204000001,5.5920000000000005
14.035849096000002,5.5920000000000005
14.037193404000002,5.474
14.038819566,5.474
14.040721736,5.346
14.043171362,5.195
14.045501351,5.3100000000000005
14.048455252,5.45
14.049446335,5.45
14.051930837,5.556
14.053328439000001,5.556
14.055064345000002,5.485
14.056779796,5.599
14.059634280000001,5.522
14.062177689,5.522
14.063098793000002,5.542
14.065916072,5.503
14.067413936000001,5.5360000000000005
14.069521877000001,5.5360000000000005
14.070795684,5.621
14.072715648,5.807
14.075038549,5.575
14.076930871,5.4750000000000005
14.078999549,5.4750000000000005
14.083064865,5.938
14.084362117000001,5.946
14.085893859,5.7410000000000005
14.086971391,5.635
14.090155785,5.635
14.092209903,5.933
14.093516756000001,5.933
14.094691193000001,5.6450000000000005
14.096962199,5.7620000000000005
14.099174909,5.922
14.100704400000001,5.922
14.102694125000001,5.827
14.106113327000001,5.613
14.108126359000002,5.548
14.109208786000002,5.548
14.110662141,5.378
14.113344430000001,5.378
14.115986921000001,5.68
14.117045069000001,5.422
14.120010645,5.462
14.121098946,5.442
14.122980403000001,5.335
14.126037843,5.315
14.127160029,5.296
14.129459466,5.296
14.131570474,5.575
14.132717433000002,5.575
14.135074806,5.3790000000000004
14.136868224,5.3790000000000004
14.13879022,5.579
14.142097988000002,5.398
14.143945405,5.308
14.145957081,5.485
14.147324807,5.57
14.150064987,5.57
14.150979083000001,5.644
14.152869045000001,5.644
14.154807613000001,5.488
14.157743576000001,5.432
14.159073319,5.609
14.160964712,5.522
14.162849168000001,5.501
14.165759677,5.4350000000000005
14.167521610000001,5.715
14.168865105,5.487
14.171039569000001,5.487
14.173118841,5.593
14.175046877000002,5.292
14.176743461000001,5.573
14.178711602000002,5.45
14.181235888000002,5.485
14.182641418000001,5.555
14.184761392,5.572
14.188580349,5.713
14.190234971,5.697
14.192060490000001,5.697
14.192921235,5.855
14.195460676000001,5.821
14.196830704000002,5.821
14.198655957000001,5.681
14.200593692000002,5.668
14.203446975,5.827
14.205777032,5.783
14.207180000000001,5.783
14.208759862,5.997
14.210981358000002,5.997
14.212695258,5.819
14.214690998,5.926
14.217106724,6.051
14.218878230000001,5.695
14.220970173000001,5.68
14.222826121,5.757000000000001
14.226244646000001,5.86
14.227424274,5.9110000000000005
14.228822894,5.9110000000000005
14.232178709000001,6.069
14.233157387,6.069
14.234734043000001,5.905
14.236734715,5.484
14.23882474,5.665
14.241269806,5.756
14.242790393000002,5.753
14.246047136000001,5.461
14.247796497000001,5.559
14.249573062000001,5.559
14.250856803000001,5.485
14.253382358000001,5.485
14.25606666,5.223
14.257997328,5.274
14.260758039,5.291
14.261657082000001,5.258
14.263171937000001,5.347
14.267631847,5.469
14.268370192,5.538
14.269344655000001,5.538
14.271239546,5.6080000000000005
14.272735637,5.6080000000000005
14.275694245,5.6450000000000005
14.27695409,5.577
14.278802194,5.739
14.280785224,5.44
14.282930104,5.503
14.286213094,5.74
14.287282381,5.542
14.288779158,5.542
14.292116352,5.654
14.293131932000001,5.535
14.294788539,5.827
14.297535625,5.396
14.298951345,5.662
14.302532701,5.648
14.303112419000001,5.687
14.305518087000001,5.522
14.307070028,5.8020000000000005
14.309145042,5.8020000000000005
14.311221019000001,5.642
14.313161186,5.642
14.315713476,5.7940000000000005
14.316760685,5.455
14.318799157,5.514
14.320751078,5.5680000000000005
14.32534721,5.309
14.326200968,5.4350000000000005
14.327329141000002,5.455
14.329621305000002,5.455
14.330937274,5.461
14.333191536000001,5.461
14.334783106000001,5.325
14.336749264000002,5.344
14.338855224000001,5.469
14.340767633,5.537
14.344500152,5.401
14.345848774,5.398
14.346875791,5.382
14.34878261,5.382
14.351190019,5.3790000000000004
14.353495773,5.3790000000000004
14.354747372,5.28
14.356669555000002,5.588
14.358707098000002,5.361
14.360705979,5.625
14.362672051,5.538
14.3662553,5.554
14.367132209000001,5.607
14.369340037,5.607
14.370776629000002,5.453
14.373507185000001,5.413
14.374750578,5.413
14.376779086,5.345
14.378782597,5.3790000000000004
14.381203981,5.362
14.383052743,5.45
14.385979433000001,5.45
14.387387062,5.309
14.389216959,5.309
14.390768943000001,5.432
14.393394714000001,5.502
14.395242854000001,5.502
14.396776438000002,5.558
14.399100506000002,5.466
14.401657062000002,5.575
14.402736969000001,5.537
14.406046371,5.609
14.407140388,5.469
14.409690581000001,5.469
14.411178635,5.614
14.413332722000002,5.614
14.416199228000002,5.628
14.418845750000001,5.751
14.419654258000001,5.681
14.421129129,5.5200000000000005
14.424229148,5.715
14.425377929000001,5.8020000000000005
14.427392002000001,5.803
14.429479289000001,5.803
14.431506515,5.803
14.432885099000002,5.791
14.434813938000001,5.706
14.437004615000001,5.447
14.438805765000001,5.4750000000000005
14.441038116000001,5.7620000000000005
14.442799484,5.623
14.445812484000001,5.8580000000000005
14.447073122,5.516
14.448833077000002,5.516
14.450864840000001,5.757000000000001
14.452806886000001,5.757000000000001
14.455336593,5.5280000000000005
14.456857899000001,5.641
14.458817246,5.493
14.460738985,5.827
14.463040635,5.751
14.467187829,5.473
14.468038455,5.507
14.46992391,5.507
14.471999019,5.727
14.472878581000002,5.508
14.474849221000001,5.488
14.476864665,5.455
14.479185110000001,5.402
14.481431319,5.588
14.484307132000001,5.588
14.486136666,5.635
14.487097307,5.635
14.489150041,5.415
14.491575137000002,5.7010000000000005
14.492864974000002,5.668
14.495219417000001,5.734
14.498179641,5.5680000000000005
14.499481833,5.462
14.501107030000002,5.642
14.503539126000002,5.648
14.506489719000001,5.416
14.50723954,5.644
14.509321188000001,5.4910000000000005
14.511810070000001,5.4910000000000005
14.512930776000001,5.556
14.514951711,5.678
14.516872059,5.556
14.51905604,5.556
14.521041367,5.521
14.522970401,5.521
14.525820915,5.678
14.526798467,5.6240000000000006
14.5298651,5.6240000000000006
14.532399545,5.696
14.533940478000002,5.696
14.534806496000002,5.734
14.536775266000001,5.541
14.539738211000001,5.4750000000000005
14.541180649000001,5.567
14.543165304,5.243
14.546430543000001,5.522
14.548110512000001,5.261
14.549405566,5.261
14.551278031,5.26
14.552748834,5.26
14.555055867,5.131
14.557057569000001,5.38
14.559128029,5.449
14.561073452,5.258
14.563157185000001,5.258
14.566258704000001,5.187
14.567203054,5.187
14.568850898,5.168
14.571069906000002,5.168
14.573751485,5.555
14.575208951,5.555
14.576674805000001,5.256
14.578671867,5.256
14.580781723000001,5.397
14.583713103000001,5.259
14.585194024000002,5.273
14.587153181000001,5.361
14.589235588000001,5.361
14.591309191,5.416
14.593176659000001,5.416
14.596169686000001,5.4
14.599053849,5.295
14.599404828,5.541
14.601308981,5.589
14.603875676000001,5.574
14.606360335000002,5.518
14.607083094,5.433
14.609197515000002,5.433
14.610729978,5.469
14.612972825000002,5.397
14.615607006000001,5.38
14.616700943000001,5.522
14.618755891000001,5.431
14.620765877,5.591
14.623062301000001,5.256
14.625421975,5.573
14.627926226000001,5.678
14.629128797000002,5.678
14.630952726,5.5200000000000005
14.632817924000001,5.538
14.635839219000001,5.594
14.636735490000001,5.484
14.638677616,5.581
14.641096023000001,5.581
14.643553635000002,5.581
14.645620853,5.44
14.647826605,5.44
14.649108583,5.485
14.651120354000001,5.485
14.652904977,5.463
14.654557235,5.463
14.657129553,5.57
14.658812139,5.527
14.660648101000001,5.527
14.664123556000002,5.282
14.665019194000001,5.581
14.666797475000001,5.581
14.668643817000001,5.5280000000000005
14.671943271000002,5.508
14.673510228000001,5.409
14.674607214000002,5.296
14.67716629,5.3870000000000005
14.679286531,5.3870000000000005
14.681932074,5.551
14.682760309,5.469
14.686344121000001,5.506
14.687147502,5.328
14.689311853000001,5.328
14.691086653000001,5.344
14.695754839000001,5.344
14.697043972000001,5.344
14.699533825000001,5.3260000000000005
14.700800580000001,5.3260000000000005
14.701340277000002,5.431
14.704458817,5.325
14.705442325000002,5.591
14.707337842000001,5.448
14.708895629,5.448
14.712254211000001,5.488
14.713737270000001,5.488
14.715194576000002,5.505
14.716847567,5.519
14.719443866,5.433
14.721254638000001,5.433
14.724195583,5.449
14.72524368,5.384
14.727066624,5.384
14.729261967000001,5.384
14.731279425,5.301
14.732903258,5.578
14.735208537,5.65
14.736806667000002,5.65
14.739014539000001,5.593
14.740760108000002,5.854
14.742548829,5.748
14.745259579,5.925
14.746957433,5.713
14.749203784,5.713
14.751175668,5.893
14.752752012,5.893
14.755237845000002,5.527
14.756830428,5.422
14.759846983000001,5.469
14.76135535,5.542
14.763695382000002,5.416
14.768314893000001,5.522
14.768331151000002,5.522
14.769111639,5.517
14.771015684000002,5.517
14.772997083000002,5.654
14.777183769,5.368
14.778916172,5.547
14.779636786000001,5.329
14.780775273000001,5.432
14.783822205000002,5.363
14.785061299,5.432
14.786957633,5.537
14.788928375000001,5.221
14.791575856000001,5.221
14.792937693,5.187
14.794922318000001,5.384
14.797105409,5.343
14.799033548,5.343
14.800831239,5.416
14.805721729,5.369
14.806498085000001,5.301
14.807385903,5.385
14.809248397000001,5.385
14.810871102,5.416
14.813146296000001,5.453
14.814997677000001,5.594
14.817784742,5.259
14.819265362000001,5.453
14.820724954000001,5.453
14.822566023,5.489
14.826916314000002,5.473
14.827687647000001,5.521
14.829647426000001,5.521
14.830764303,5.642
14.833331061,5.59
14.835460025000001,5.59
14.839051376,5.574
14.839347153,5.678
14.844059144000001,5.6080000000000005
14.844089609000001,5.855
14.845430944,5.841
14.847389029,5.734
14.849054996000001,5.855
14.851018402000001,5.855
14.853171169000001,5.681
14.855172624000001,5.727
14.857364141000001,5.7010000000000005
14.85943413,5.7010000000000005
14.861035962,5.4750000000000005
14.862736832000001,5.7410000000000005
14.866207263000002,5.594
14.867786474,5.522
14.868760154,5.522
14.870687692,5.64
14.872940277000001,5.88
14.87518281,5.88
14.876667190000001,5.728
14.878608104000001,5.3420000000000005
14.880757657,5.343
14.88383572,5.348
14.887657638,5.3100000000000005
14.888158735000001,5.4350000000000005
14.888690057000002,5.4350000000000005
14.892009398,5.184
14.892892874000001,5.344
14.894948412000002,5.485
14.896597635000001,5.485
14.90005921,5.363
14.902141755,5.521
14.905076880000001,5.574
14.906542984000001,5.574
14.907131991000002,5.643
14.908834957000002,5.643
14.91056286,5.5200000000000005
14.912720132,5.59
14.914750656,5.573
14.916670741,5.697
14.920123066,5.643
14.920961293000001,5.555
14.922582413,5.711
14.925431771000001,5.646
14.927692107,5.625
14.929252725000001,5.625
14.930887474,5.485
14.932943877000001,5.662
14.937295619,5.734
14.937689435000001,5.748
14.938928812,5.815
14.940768577,5.601
14.943193672000001,5.721
14.945587332,5.7
14.947199232000001,5.655
14.950513480000001,5.6770000000000005
14.951538955,5.6770000000000005
14.953119654000002,5.635
14.954828644000001,5.635
14.956708953000001,5.796
14.960025920000001,5.758
14.961043789000001,5.7410000000000005
14.966069962,5.968
14.966087897000001,5.775
14.967117813000002,5.563
14.968765797000001,5.563
14.970702726,6.013
14.972880791000001,5.621
14.974849769,5.889
14.977048743000001,5.836
14.978583395000001,5.729
14.980532724000001,5.777
14.983404211000002,5.699
14.985166901000001,5.675
14.986938816,5.949
14.989165876000001,5.605
14.991616886000001,5.605
14.992794348,5.589
14.994603741,5.589
14.996734151,5.431
14.998640314000001,5.382
15.000568302000001,5.3100000000000005
15.002515289000002,5.238
15.005166318,5.151
15.007158496,5.186
15.009594924000002,5.186
15.011122160000001,5.09
15.013059782000001,5.09
15.014774532,5.006
15.016747719000001,5.2170000000000005
15.018835986000001,4.963
15.020731624000002,5.075
15.022511042000001,5.014
15.025000007000001,5.146
15.027345619,5.228
15.028979127000001,5.228
15.030881299,5.461
15.03338766,5.461
15.036269004000001,5.641
15.037147413000001,5.521
15.039308775,5.383
15.041475901,5.327
15.043128975,5.534
15.047843359000002,5.699
15.047864159000001,5.748
15.048911977000001,5.679
15.050863176000002,5.679
15.053057345000001,5.502
15.054782666000001,5.502
15.057470394000001,5.729
15.058953499000001,5.643
15.061748864,5.66
15.062716141000001,5.553
15.065428246000002,5.593
15.067200468000001,5.626
15.069212598000002,5.626
15.070769383000002,5.555
15.073074047,5.59
15.074729845,5.362
15.076802181000001,5.6080000000000005
15.078671341000002,5.6080000000000005
15.081453121000001,5.3950000000000005
15.082765409,5.574
15.087007574000001,5.328
15.087551577000001,5.364
15.089432380000002,5.364
15.090719602,5.449
15.094309445,5.154
15.094871759,5.154
15.096627733000002,5.4590000000000005
15.098736313000002,5.369
15.101250387,5.3180000000000005
15.102689577000001,5.452
15.106967858,5.511
15.108459493000002,5.4670000000000005
15.10960236,5.213
15.110803212,5.213
15.114100209,5.168
15.115801153000001,5.4590000000000005
15.116781675,5.341
15.118748173,5.541
15.121198133000002,5.541
15.124099574,5.414
15.124827763,5.414
15.126861308,5.4590000000000005
15.128833735,5.4590000000000005
15.132437987000001,5.437
15.133216803000002,5.573
15.134797174000001,5.4830000000000005
15.136594011000001,5.626
15.139224863,5.591
15.141091593,5.7490000000000006
15.143051356,5.7490000000000006
15.144864369,5.6240000000000006
15.146802813,5.485
15.149213338000001,5.485
15.150926331,5.522
15.154588255,5.609
15.155207579,5.628
15.156770035000001,5.628
15.158679909000002,5.626
15.160603321000002,5.414
15.165514597000001,5.468
15.165775393,5.468
15.16677931,5.609
15.168690505,5.609
15.170718337,5.643
15.172674167,5.626
15.174603412000002,5.432
15.178615639,5.678
15.179088579,5.556
15.180657907,5.68
15.184492123,5.662
15.186216789000001,5.485
15.187969992000001,5.628
15.189040002,5.628
15.190868275000001,5.647
15.193533719000001,5.719
15.194685116,5.719
15.196609993000001,5.519
15.198644656,5.378
15.200768712,5.42
15.202599852,5.642
15.206829244000001,5.508
15.208414465,5.511
15.209249598000001,5.511
15.210668286,5.431
15.212983684000001,5.469
15.215879773000001,5.273
15.216693942000001,5.149
15.219198061,5.45
15.220590532000001,5.397
15.22251982,5.381
15.224974475000002,5.1850000000000005
15.227541689,5.3260000000000005
15.228628926,5.3260000000000005
15.230591582,5.404
15.232651275,5.327
15.234614945,5.364
15.236612964,5.243
15.239410518000001,5.489
15.240628524000002,5.4590000000000005
15.242593386000001,5.526
15.246474531,5.4430000000000005
15.248146244,5.594
15.248986688,5.594
15.250653884,5.59
15.25324623,5.626
15.256584320000002,5.7490000000000006
15.257976687000001,5.8740000000000006
15.259484667,5.659
15.261109625000001,5.553
15.262685356,5.779
15.267367597000002,5.642
15.267672581000001,5.774
15.268795307000001,5.731
15.271060575000002,5.731
15.272636653000001,5.9
15.275713973,6.045
15.276636298000001,5.925
15.278611931,5.813
15.280645939000001,5.987
15.282546276000001,5.91
15.284711569,5.872
15.286955001,5.8870000000000005
15.289795334,5.8870000000000005
15.290674296,5.779
15.292585873,5.779
15.294630319000001,5.689
15.296561079000002,5.59
15.298624803000001,5.603
15.300572002000001,5.43
15.303403362000001,5.542
15.304922802,5.518
15.306734112000001,5.114
15.309347811,5.114
15.311118346,5.133
15.312808729,5.133
15.314660978000001,5.289
15.316708238,5.505
15.319282176000002,5.228
15.32065571,5.228
15.324216081000001,5.662
15.326181321000002,5.376
15.32737486,5.376
15.328905559,5.623
15.331645739,5.623
15.332958517000002,5.678
15.334717662000001,5.801
15.337114863000002,5.5200000000000005
15.338808027,5.765
15.340758460000002,5.429
15.343369813,5.556
15.345146002000002,5.272
15.348105235,5.3790000000000004
15.348955212000002,5.3790000000000004
15.351057313,5.4670000000000005
15.352672439000001,5.538
15.354729142000002,5.45
15.356674586,5.415
15.360152791,5.731
15.362315720000002,5.4510000000000005
15.364398541000002,5.502
15.370036501000001,5.642
15.370676898000001,5.82
15.370705714000001,5.643
15.372471751,5.679
15.373506626000001,5.679
15.376212275,5.731
15.377355343000001,5.784
15.378803616,5.784
15.380724021,5.562
15.383589649000001,5.814
15.385657508000001,5.9990000000000006
15.389003343,5.9430000000000005
15.389891847000001,5.9430000000000005
15.390835181000002,5.8180000000000005
15.39289051,5.652
15.394750951,5.735
15.397657447,5.949
15.398545293000002,5.949
15.400516860000002,5.721
15.402849145000001,5.782
15.405579045000001,5.712
15.407400157000001,5.759
15.408644912000002,5.759
15.410576186,5.621
15.412855459000001,5.621
15.414625397000002,5.765
15.416862651,5.5440000000000005
15.418724459000002,5.627
15.420576448,5.5200000000000005
15.424352665,5.46
15.425390479,5.506
15.42723503,5.506
15.428660206000002,5.689
15.431032614000001,5.4750000000000005
15.432571087000001,5.4750000000000005
15.435966720000001,5.377
15.437233649000001,5.57
15.438670927,5.549
15.440600991,5.593
15.447633761,5.7620000000000005
15.447680798,5.647
15.448413026,5.5280000000000005
15.449551935,5.5280000000000005
15.451000189,5.68
15.452733386,5.561
15.455123965,5.561
15.456712039000001,5.668
15.458837476000001,5.455
15.460873758000002,5.787
15.462833315000001,5.595
15.467757426,5.747
15.467820912,5.747
15.468831109000002,5.761
15.471146205,5.761
15.472706684,5.707
15.475288647000001,5.774
15.476658586000001,5.774
15.478726348,5.581
15.480653632000001,5.614
15.482682869000001,5.522
15.486065449000002,5.676
15.487760966000002,5.595
15.488752159,5.595
15.49075556,5.696
15.492998364000002,5.465
15.495522481000002,5.45
15.496710648,5.45
15.498932527000001,5.715
15.500729334,5.416
15.502888292000002,5.591
15.505597881000002,5.432
15.506947464000001,5.361
15.509458075000001,5.361
15.510821698,5.327
15.512779111,5.327
15.514819833,5.449
15.517249080000001,5.45
15.519157189000001,5.45
15.520959166,5.45
15.523241596,5.485
15.525706322000001,5.3260000000000005
15.527267398000001,5.538
15.528785324000001,5.538
15.530928150000001,5.521
15.533207324000001,5.521
15.535051307000002,5.344
15.538184858000001,5.416
15.540692980000001,5.502
15.541391394000001,5.66
15.544747505,5.399
15.547555462000002,5.485
15.547828079,5.485
15.550267948,5.45
15.551375,5.45
15.554235715,5.625
15.557117533000001,5.594
15.557501293000001,5.594
15.559123940000001,5.432
15.561122691000001,5.667
15.56272444,5.527
15.565275237000002,5.807
15.566763340000001,5.595
15.570376461,5.729
15.571295999,5.729
15.572738143,5.594
15.574793742,5.606
15.576698852000002,5.471
15.578601444,5.416
15.58128602,5.485
15.583508533000002,5.647
15.585099516000001,5.662
15.588052437000002,5.648
15.589689215000002,5.648
15.590765389000001,5.688
15.592654214000001,5.688
15.594741849000002,6.0600000000000005
15.597621583,6.033
15.598735577000001,5.9670000000000005
15.603968830000001,5.948
15.603998546000001,6.078
15.605232433000001,6.018
15.608700591000002,5.78
15.609263516,5.78
15.611652611,5.614
15.612966004,5.614
15.615107292000001,5.726
15.617510313,5.727
15.618709159000002,5.727
15.621365043,5.7090000000000005
15.622808585000001,5.71
15.625442404000001,5.705
15.628262507,5.681
15.629649946,5.681
15.630707874,5.705
15.633943358000002,5.619
15.634782181,5.4670000000000005
15.638586943000002,5.621
15.639263789000001,5.5200000000000005
15.641002972,5.529
15.642656586000001,5.516
15.646907122000002,5.729
15.647476208,5.635
15.648814678,5.635
15.651061908,5.635
15.653596164000001,5.71
15.65487934,5.71
15.656503895,5.548
15.658590584,5.5280000000000005
15.660653704000001,5.578
15.662522326000001,5.655
15.665089687000002,5.848
15.667460813000002,5.667
15.669027840000002,5.667
15.670676166000002,5.7410000000000005
15.67350816,5.7410000000000005
15.674604454,5.508
15.676531044,5.646
15.679825441,5.594
15.680981503000002,5.59
15.684348526,5.5600000000000005
15.686768015,5.5280000000000005
15.687643843000002,5.455
15.689135653000001,5.455
15.691345669,5.309
15.693215907,5.202
15.695220367000001,5.202
15.698703011000001,5.3790000000000004
15.700621515000002,5.643
15.701488667000001,5.643
15.702625973000002,5.6610000000000005
15.705990229000001,5.6610000000000005
15.708125253,5.59
15.709332629,5.59
15.711585237000001,5.66
15.713656157,5.713
15.714848958000001,5.519
15.716678942000001,5.484
15.719362059000002,5.484
15.721181971000002,5.7540000000000004
15.722705889,5.7540000000000004
15.72460294,5.416
15.728097483,5.602
15.729203408000002,5.409
15.730921791,5.409
15.734231694000002,5.488
15.735386686000002,5.848
15.736813986000001,5.848
15.739156913,5.57
15.741798499000001,5.91
15.743099594,5.696
15.745451175000001,5.696
15.74879654,5.462
15.749448168,5.462
15.752218953000002,5.488
15.753063520000001,5.488
15.755090953000002,5.542
15.756940091,5.344
15.758850934000002,5.465
15.761724310000002,5.598
15.763651465,5.329
15.764771585000002,5.482
15.767340342,5.482
15.769094954000002,5.414
15.771057484000002,5.414
15.772665068,5.519
15.775135205000002,5.625
15.777012905000001,5.537
15.779506715,5.399
15.780809342000001,5.518
15.782632212000001,5.344
15.788686724000002,5.555
15.789774958,5.625
15.790453731000001,5.6080000000000005
15.79141663,5.6080000000000005
15.792879258000001,5.45
15.795169462,5.625
15.797182935,5.625
15.798958665,5.643
15.800762308000001,5.45
15.803826449,5.572
15.805344097,5.66
15.808148564000001,5.765
15.809747523,5.765
15.811050414,5.648
15.812870065,5.841
15.814833712,5.635
15.816921933000001,5.668
15.818648913,5.668
15.821021279000002,5.54
15.824100268,5.569
15.828831773000001,5.489
15.829336758,5.5360000000000005
15.830560354000001,5.441
15.831209883000001,5.441
15.832881239,5.589
15.835664337,5.589
15.837456734000002,5.503
15.838678707000001,5.502
15.840788255000001,5.396
15.843272972000001,5.274
15.845526273,5.274
15.846817205,5.38
15.850082908000001,5.38
15.850953692000001,5.328
15.852802074000001,5.328
15.854791874000002,4.878
15.858075934,5.1850000000000005
15.860377061000001,5.0440000000000005
15.861057753,5.173
15.863146329000001,5.057
15.865761187,4.83
15.869172085,5.195
15.869766589000001,5.195
15.870816423,5.105
15.873061465000001,4.894
15.874786543,4.973
15.876837158,5.176
15.878669538,5.055
15.881339400000002,5.055
15.882976610000002,5.125
15.884746954,5.034
15.887214448000002,5.29
15.889086117000002,5.29
15.890629065,5.148
15.893667419000002,5.148
15.896099462,5.2780000000000005
15.897643074000001,5.275
15.899107154000001,5.327
15.90137473,5.327
15.905996539,5.444
15.906031756,5.444
15.906775026000002,5.431
15.908700422,5.431
15.910719544,5.3790000000000004
15.912948765000001,5.3790000000000004
15.914730879,5.497
15.916657872000002,5.638
15.918704376,5.511
15.921055496000001,5.468
15.922788076000002,5.272
15.925844040000001,5.272
15.926845702000001,5.239
15.928870203,5.239
15.93062727,5.259
15.932639617000001,5.586
15.935031028000001,5.344
15.936688504000001,5.397
15.939459515000001,5.413
15.940797435,5.344
15.942613651,5.4
15.945505789,5.311
15.946872999000002,5.449
15.949258329000001,5.449
15.950962709,5.413
15.952570241000002,5.413
15.95477308,5.384
15.956561809000002,5.384
15.959294811000001,5.207
15.960828769,5.213
15.963129124000002,5.251
15.9656379,5.355
15.967162925,5.251
15.96936456,5.251
15.970907531000002,5.28
15.972582127,5.28
15.975014336000001,5.28
15.976613563,5.256
15.979469054,5.4590000000000005
15.980975261000001,5.205
15.982788299000001,5.205
15.985495139000001,5.431
15.987110479000002,5.28
15.989209035000002,5.28
15.990837367000001,5.385
15.992846023,5.266
15.994729598000001,5.266
15.996749898000001,5.489
15.999651211000002,5.431
16.001187741000003,5.431
16.002693921000002,5.257
16.005403026,5.257
16.008183203,5.474
16.009472928,5.474
16.011358595,5.431
16.012788895,5.431
16.014844988,5.199
16.018167382,5.364
16.019082035,5.36
16.020743608,5.327
16.024790404,5.251
16.02539428,5.445
16.026855411,5.3180000000000005
16.029285811,5.3180000000000005
16.032131459000002,5.416
16.033230219,5.416
16.035480121000003,5.347
16.036891026,5.354
16.039508895,5.646
16.040772219,5.325
16.042656784000002,5.541
16.046568059000002,5.541
16.047300447,5.511
16.048772513,5.511
16.050700731000003,5.384
16.053126917,5.465
16.056357371,5.465
16.057417208,5.309
16.059527231,5.361
16.061211807,5.549
16.062736386,5.549
16.066252387000002,5.489
16.066952396,5.489
16.069085165,5.384
16.070672429000002,5.384
16.073582804,5.37
16.074663128,5.37
16.076671135,5.4590000000000005
16.07949233,5.303
16.08062208,5.127
16.083563507,5.2620000000000005
16.085346024,5.307
16.086966593,5.307
16.088698743000002,5.237
16.090749876,5.237
16.092753423,5.521
16.094563522,5.521
16.097492582,5.355
16.099127368,5.378
16.101022686,5.243
16.10378313,5.37
16.104903009,5.37
16.10911908,5.378
16.110057668,5.378
16.110853036,5.43
16.112968468000002,5.43
16.116055178,5.407
16.116886434,5.455
16.118966101,5.417
16.12067761,5.445
16.125207691,5.3660000000000005
16.125926983,5.3660000000000005
16.126724585,5.549
16.128687966,5.549
16.13099369,5.676
16.133213268000002,5.676
16.134619729,5.5
16.137164917,5.626
16.138489255,5.572
16.141279259,5.731
16.142572756,5.502
16.145053873000002,5.502
16.147391657,5.589
16.148836078000002,5.589
16.152174353,5.5200000000000005
16.153165244,5.5200000000000005
16.15478718,5.485
16.156621742000002,5.485
16.158905063000002,5.5920000000000005
16.160895751,5.503
16.162578305,5.626
16.165182415,5.626
16.167795956000003,5.3790000000000004
16.168728897,5.3790000000000004
16.170558751,5.432
16.172608863,5.221
16.174655193,5.221
16.176545833000002,5.344
16.178571888,5.484
16.182567606000003,5.364
16.183839323,5.211
16.186173975000003,5.38
16.187336468,5.38
16.189874036000003,5.416
16.190984471,5.416
16.193173084,5.124
16.194559361,5.124
16.197248376,5.489
16.198682777000002,5.489
16.200726571,5.767
16.202891016000002,5.782
16.206216116,5.554
16.207141443,5.713
16.212883174,5.644
16.212915015,5.644
16.213846968000002,5.662
16.214841753,5.662
16.216988717,5.591
16.219472778,5.175
16.221049981,4.816
16.224702677,4.816
16.225062239,5.0920000000000005
16.227633027,5.0920000000000005
16.228818698,4.758
16.230815753,4.619
16.232547357,5.804
16.235131331,5.6770000000000005
16.236840479,5.6770000000000005
16.240117505,5.88
16.240823479,5.88
16.243332990000003,5.803
16.245166570000002,5.803
16.246774674,5.788
16.248780721,5.788
16.251713586,6.207
16.254554412,5.962
16.256024924000002,5.962
16.257078422,5.8
16.258822773000002,5.8
16.262914569,5.6930000000000005
16.263812439000002,5.64
16.266965218,5.585
16.267535336,5.4510000000000005
16.269482935000003,5.4510000000000005
16.270883734,5.398
16.27299567,5.398
16.275724143,5.38
16.278313924000003,5.26
16.280994374000002,5.368
16.281715991000002,5.25
16.284463154,5.103
16.286916443000003,5.3260000000000005
16.287636884,5.3260000000000005
16.289601616000002,5.239
16.291542488,5.239
16.29267184,5.311
16.294732074000002,5.311
16.297704095,5.317
16.299038809000002,5.133
16.300810709,5.228
16.303457224000002,5.3180000000000005
16.304898854,5.37
16.306836902,5.563
16.308845152,5.563
16.310565496000002,5.422
16.314163987,5.598
16.315125367,5.598
16.317041031000002,5.4
16.318768326,5.4190000000000005
16.320997178000002,5.714
16.322534593,5.6080000000000005
16.325575717,5.6080000000000005
16.328669413,5.696
16.329528349,5.696
16.330624003,5.573
16.332709027,5.572
16.335262341,5.572
16.338383864,5.589
16.339244236000003,5.589
16.340879514,5.505
16.342686026000003,5.416
16.345090116,5.416
16.346694353,5.505
16.349603101,5.505
16.351182338,5.228
16.353239696,5.228
16.355308434,5.542
16.356964956000002,5.542
16.360249183,5.594
16.362943186000003,5.6000000000000005
16.364079687,5.6000000000000005
16.365561837,5.6160000000000005
16.366982732,5.444
16.369623261,5.444
16.3710887,5.474
16.373616147,5.474
16.375249787,5.468
16.378148894000002,5.631
16.379833568000002,5.715
16.380873889,5.5360000000000005
16.382586193,5.414
16.385916274,5.415
16.387354953000003,5.38
16.388636842,5.38
16.390658842,5.45
16.393527708,5.696
16.395076229,5.696
16.396642221,5.839
16.398537338,5.662
16.401936084000003,5.58
16.403111919,5.813
16.406945092,5.823
16.407569868,5.823
16.409145364,5.837
16.410616002,5.837
16.412562172,5.9030000000000005
16.414960230000002,6.071
16.416806594,6.063
16.419131523,6.08
16.42061622,6.183
16.422577864,6.014
16.425658464,6.079
16.428186926000002,5.825
16.429279349,5.825
16.430710309000002,6.15
16.43279043,6.15
16.434811834,5.853
16.436665744000003,5.889
16.440194034,5.831
16.441130501,5.9190000000000005
16.443404642,5.854
16.446209823,5.933
16.446945718000002,5.742
16.449412802,5.742
16.450812178,5.894
16.45428399,5.74
16.455225343000002,5.74
16.458111248,5.7090000000000005
16.45918715,5.635
16.461623217,5.793
16.463673538000002,5.541
16.466098581,5.522
16.466875186,5.522
16.470878640000002,5.538
16.471768857,5.538
16.473608916,5.575
16.475194255,5.575
16.47696999,5.522
16.480010041,5.571
16.481017648,5.566
16.485928979,5.727
16.485947438,5.4750000000000005
16.486913697000002,5.442
16.488844151000002,5.442
16.490680835000003,5.541
16.492965303000002,5.628
16.494899409000002,5.72
16.496753862000002,5.855
16.498724396,5.488
16.500808352,5.556
16.503358931,5.3790000000000004
16.505209535000002,5.3260000000000005
16.507449825000002,5.347
16.508695192,5.521
16.510687002,5.364
16.513152115,5.368
16.514711285,5.364
16.516582756000002,5.364
16.518697952,5.526
16.520557801000002,5.489
16.522539254,5.765
16.524783827,5.59
16.527132632,5.836
16.529050732,5.836
16.530660503,5.855
16.53656373,5.686
16.536876949,5.634
16.537481436,5.614
16.540325223,5.695
16.540973112,5.674
16.542579838,5.774
16.546886261,5.461
16.547260992000002,5.4350000000000005
16.549158505,5.4350000000000005
16.550742018,5.513
16.553185436,5.513
16.554566008000002,5.734
16.556538696,5.567
16.558663522,5.662
16.562188902000003,5.801
16.565555537,5.635
16.565907142,5.753
16.568199016,5.8580000000000005
16.569051613000003,5.8580000000000005
16.572259013,5.934
16.57350823,5.635
16.575328456,5.635
16.578289757,5.636
16.579458066,5.742
16.580764059,5.742
16.582716357000002,5.78
16.585883627,5.803
16.586796912,5.644
16.589145495,5.644
16.590605871,5.824
16.594932356,5.5280000000000005
16.595509800000002,5.5280000000000005
16.596624277,5.453
16.598590962,5.315
16.60056848,5.57
16.602737294,5.516
16.606012267,5.541
16.607430131,5.442
16.608983761,5.442
16.610701796,5.521
16.612713183,5.514
16.614725605,5.542
16.617230665,5.542
16.621766077,5.488
16.62252678,5.628
16.62372098,5.846
16.625903107000003,5.687
16.62682699,5.595
16.62929024,5.595
16.630732691000002,5.667
16.633184518,5.72
16.634667874,5.72
16.637501365000002,5.711
16.638900981000003,5.715
16.640718045,5.609
16.642698794,5.908
16.646955974,5.72
16.647865,5.546
16.65015227,5.7540000000000004
16.651382509,5.7540000000000004
16.652865779000003,5.788
16.654893934,5.821
16.657095129000002,5.821
16.658731219,5.807
16.660651654000002,5.729
16.662855058,5.773
16.666157011000003,5.836
16.66894636,5.715
16.66967416,5.715
16.670815268000002,5.614
16.673194713,5.827
16.675205227,5.827
16.677542797,5.667
16.678787004,5.667
16.681023423000003,5.694
16.682687811,5.7940000000000005
16.685115157000002,5.648
16.687421702,5.774
16.689213151,5.774
16.691003146,5.7410000000000005
16.693104577,5.7410000000000005
16.696367824,5.296
16.697800507,5.223
16.699604945,5.223
16.700651147000002,5.4350000000000005
16.704140925,5.4350000000000005
16.704971993,5.537
16.707158007,5.5120000000000005
16.708637027,5.5120000000000005
16.711871607000003,5.581
16.71405482,5.581
16.716140498,5.728
16.719283223,5.86
16.719604879000002,5.615
16.721995554,5.429
16.724108553,5.5680000000000005
16.725201333,5.5280000000000005
16.727773957,5.5280000000000005
16.729112540000003,5.634
16.730747488000002,5.634
16.733091436000002,5.5280000000000005
16.734612823000003,5.5280000000000005
16.736803767,5.648
16.739009988,5.59
16.740574396,5.59
16.742530998,5.662
16.74622614,5.7540000000000004
16.746982793,5.746
16.748653758,5.746
16.750567624000002,5.681
16.752825683,5.7010000000000005
16.754681963,5.668
16.756734651000002,5.667
16.758779733,5.605
16.761642024,5.635
16.762704424000002,5.688
16.766047863,5.7940000000000005
16.766700388,5.751
16.768861581,5.751
16.77077312,5.4750000000000005
16.773162747,5.997
16.774709318,5.783
16.776582107,5.783
16.779337431000002,5.8180000000000005
16.780599584,5.789
16.785243937,5.638
16.785616281,5.638
16.786736814,5.86
16.789271183,5.86
16.792431349,5.783
16.793435478000003,5.783
16.794834727,5.622
16.796662601,5.658
16.799297890000002,5.498
16.800846368000002,5.498
16.804159686000002,5.453
16.809244764000002,5.283
16.809922818,5.3100000000000005
16.809957532000002,5.308
16.810733381000002,5.308
16.812710994,5.328
16.814616982,5.311
16.81807023,5.505
16.818923628,5.73
16.821024014000002,5.73
16.82309133,5.626
16.827960309,5.572
16.828290116,5.766
16.829104020000003,5.766
16.830797535000002,5.767
16.833220605,5.767
16.835572148,5.591
16.836717331000003,5.555
16.838696728000002,5.644
16.842148021,5.555
16.844557536,5.571
16.845577947000002,5.835
16.848501888,5.713
16.849529533000002,5.713
16.850999395000002,5.6770000000000005
16.855154856000002,5.8180000000000005
16.855678404000003,5.8180000000000005
16.85709735,5.609
16.859293403000002,5.681
16.860759959000003,5.3100000000000005
16.863763215000002,5.351
16.865732971,5.345
16.868436061,5.307
16.869325713000002,5.307
16.870900216000003,5.3790000000000004
16.872760837,5.431
16.874790384,5.416
16.876934425,5.489
16.878988181,5.489
16.882367225,5.437
16.885593285000002,5.348
16.886168024,5.348
16.888334277000002,5.355
16.889066729,5.355
16.89065494,5.474
16.893352601,5.355
16.894820635000002,5.392
16.896649746,5.378
16.898491055,5.468
16.900577068,5.412
16.903080339000002,5.343
16.905766708,5.464
16.908993943000002,5.384
16.909822718,5.384
16.910685579000003,5.574
16.913140866000003,5.311
16.914664156,5.311
16.916991906,5.256
16.920187692000002,5.397
16.921414693000003,5.367
16.923097567000003,5.367
16.925869826,5.305
16.928762040000002,5.3500000000000005
16.929261928000003,5.3500000000000005
16.931430827,5.397
16.933422475,5.397
16.934662404,5.364
16.936892370000002,5.311
16.938624651,5.348
16.941175826000002,5.353
16.94257944,5.416
16.945201111,5.578
16.949042491,5.38
16.949333169000003,5.38
16.950643365,5.369
16.952774034,5.234
16.954995609,5.2860000000000005
16.958145551,5.38
16.959306664,5.38
16.960764450000003,5.344
16.962451615000003,5.344
16.966574288,5.344
16.967219633000003,5.364
16.968942173000002,5.364
16.970714469,5.574
16.973030464,5.574
16.976656022,5.533
16.977280547,5.533
16.979350965000002,5.368
16.981596305,5.279
16.984229484,5.38
16.987244826,5.541
16.988120737000003,5.352
16.988892552,5.521
16.990799077000002,5.521
16.992996376,5.643
16.995095085000003,5.643
16.996627104,5.679
16.998776877,5.5200000000000005
17.002198744,5.397
17.003091841,5.748
17.007783612,5.555
17.008356952,5.555
17.009978064000002,5.573
17.010695194,5.573
17.012727350000002,5.256
17.015685543,5.555
17.01703196,5.206
17.019201632,5.206
17.021656085,5.502
17.022943729,5.538
17.025569392,5.662
17.027269932,5.377
17.03127007,5.377
17.032467061000002,5.731
17.033094243,5.731
17.036720957,5.465
17.03758123,5.4830000000000005
17.041162255,5.5200000000000005
17.041430347000002,5.521
17.043781073,5.521
17.04589962,5.572
17.046795007,5.572
17.050218452,5.678
17.051142534,5.678
17.053066224000002,5.469
17.055180082,5.469
17.057414849,5.644
17.058942829,5.607
17.060994316000002,5.643
17.062594744000002,5.362
17.065871993000002,5.151
17.068313394,5.344
17.069161435,5.344
17.070887691,5.275
17.073167554,5.58
17.074855393,5.308
17.077100458,5.344
17.079867428,5.416
17.080901898,5.38
17.083153216,5.38
17.086610711000002,5.256
17.087167424,5.256
17.090008853,5.538
17.091060386000002,5.538
17.094452681,5.574
17.095170838,5.503
17.096736763000003,5.503
17.098675199000002,5.502
17.101098853,5.557
17.103280102,5.557
17.105163657000002,5.607
17.106733917,5.575
17.109129403,5.575
17.110745745000003,5.469
17.112689055,5.538
17.11508861,5.3790000000000004
17.116814776000002,5.325
17.11866303,5.589
17.121325677,5.416
17.124688421000002,5.416
17.125277808,5.238
17.126918954,5.238
17.129241917,5.238
17.131665432000002,5.238
17.132844362,4.904
17.134872518,5.014
17.137850406000002,5.436
17.140208906,5.485
17.14130777,5.505
17.142666688000002,5.4
17.146038489000002,5.049
17.147569723,5.049
17.149035729,5.276
17.15078355,5.276
17.153183539,5.12
17.155068064,5.12
17.157495043,5.226
17.159765750000002,5.236
17.161630982000002,5.236
17.162955517,5.345
17.167594360000002,5.158
17.168424480000002,5.549
17.168949986,5.549
17.170679615,5.303
17.172911089,5.6160000000000005
17.175124474,5.683
17.176678724000002,5.5680000000000005
17.179125898000002,5.557
17.180684131,5.557
17.182862766,5.574
17.186100605,5.642
17.186824277,5.678
17.189751099000002,5.678
17.190938573,5.819
17.193323367,5.753
17.194789271,5.7780000000000005
17.197444201,5.788
17.199078389,5.788
17.200785764000003,5.774
17.202529269,5.838
17.205769813,5.806
17.206873315000003,5.933
17.2087147,5.933
17.210795474,5.7410000000000005
17.212883725,5.708
17.214694588,5.474
17.217429290000002,5.356
17.218800224000002,5.356
17.220695036000002,5.599
17.222974262,5.553
17.225416501,5.553
17.227134308,5.356
17.228736155,5.356
17.231041698000002,5.402
17.232965395,5.402
17.234582735,5.438
17.236751569000003,5.448
17.239177494,5.6240000000000006
17.240735916000002,5.503
17.244362493,5.659
17.245290306,5.662
17.247190698,5.609
17.248823502,5.609
17.250839407,5.665
17.253031701,5.507
17.255077472,5.4510000000000005
17.257310323000002,5.4510000000000005
17.260299309,5.361
17.261900328,5.4
17.263451083,5.256
17.268097733,5.434
17.269210289,5.468
17.269618076,5.573
17.271537366,5.573
17.273466042000003,5.644
17.27581167,5.503
17.276854473,5.503
17.27891327,5.485
17.280731449,5.506
17.28343275,5.575
17.285094530000002,5.485
17.286754249,5.737
17.288819925000002,5.737
17.291173245,5.632
17.293039025000002,5.632
17.294933302,5.591
17.298100334,5.678
17.298971946,5.6080000000000005
17.300630951000002,5.713
17.307078370000003,5.766
17.307760415,5.729
17.307825887,5.908
17.309255166,5.908
17.31087566,5.662
17.312719486000002,5.662
17.314883005000002,5.711
17.317304154000002,5.643
17.319630947,5.454
17.321224063000003,5.582
17.322692371000002,5.569
17.326299484,5.417
17.327435772,5.4750000000000005
17.329171676,5.4750000000000005
17.330686062,5.561
17.332735528,5.354
17.335171663,5.581
17.336559448000003,5.581
17.338533426,5.541
17.341449863,5.542
17.342646654000003,5.572
17.345586298,5.559
17.347675260000003,5.607
17.348846263000002,5.607
17.351189286,5.607
17.35281154,5.607
17.355495762,5.731
17.35653593,5.503
17.359401815000002,5.432
17.360584767000002,5.626
17.362859914,5.643
17.366298831,5.452
17.368240501000002,5.416
17.369458831,5.416
17.370685194,5.578
17.372962960000002,5.578
17.375256142,5.249
17.376716636,5.482
17.380633001,5.437
17.381219049000002,5.5200000000000005
17.382872728000002,5.578
17.385876401,5.554
17.388403774,5.681
17.389310621,5.681
17.390775252,5.748
17.392849091000002,5.748
17.395479304000002,5.625
17.396806903,5.837
17.400674043000002,5.782
17.401426568,5.6770000000000005
17.402983435,5.66
17.40547642,5.66
17.407329226,5.6080000000000005
17.409091800000002,5.6080000000000005
17.4107384,5.801
17.412952371,5.748
17.416151977000002,5.6080000000000005
17.417024143000003,5.556
17.418769877000003,5.521
17.420707867,5.485
17.423016332,5.538
17.427041741,5.519
17.430103515000003,5.556
17.431490024000002,5.556
17.433043827000002,5.627
17.435293296,5.66
17.436234300000002,5.573
17.437121571000002,5.573
17.438897156,5.573
17.442299149,5.5200000000000005
17.444221875,5.484
17.446540932,5.59
17.447302292,5.485
17.451540541,5.538
17.452265609,5.538
17.453439470000003,5.607
17.455202919,5.806
17.457243118,5.711
17.459550177,5.673
17.460863975000002,5.458
17.466021084,5.488
17.467655976,5.681
17.469401753,5.469
17.470117511,5.469
17.47101229,5.715
17.473378443,5.715
17.47630841,5.469
17.477474054,5.681
17.479548571000002,5.681
17.480813355000002,5.73
17.483853114000002,5.715
17.486170747000003,5.905
17.487071174,5.905
17.489504717000003,5.772
17.49153793,5.772
17.493321236,5.841
17.494863717,5.841
17.497424734000003,5.7410000000000005
17.499256823,5.648
17.500815779,5.807
17.502855034,5.681
17.506332262,5.628
17.507197673,5.614
17.509381656000002,5.614
17.511341363,5.788
17.513756263,5.788
17.515113538,5.628
17.517482116,5.648
17.519544142,5.773
17.521325708000003,5.6370000000000005
17.524671297,5.614
17.525568635000003,5.642
17.527332201,5.582
17.529120699,5.582
17.531163989,5.8340000000000005
17.533153075,5.88
17.535594189,5.612
17.536800483,5.612
17.539226107,5.698
17.541177675,5.5600000000000005
17.543859431,5.496
17.544772965,5.955
17.551619204,5.7620000000000005
17.551644890000002,5.613
17.552411359,5.613
17.553616308000002,5.431
17.555281104000002,5.431
17.558408082,5.591
17.559608190000002,5.591
17.561320415,5.6930000000000005
17.56278536,5.6930000000000005
17.565906019,5.687
17.56759019,5.469
17.569314657,5.469
17.571541184,5.381
17.573471164,5.381
17.575344725,5.133
17.57695876,5.3100000000000005
17.580268450000002,5.434
17.581220258000002,5.273
17.583847174000002,5.487
17.585385964,5.311
17.588730274,5.696
17.589441477,5.696
17.591357305000002,5.6770000000000005
17.593353490000002,5.6770000000000005
17.597687497000003,5.591
17.597984174,5.59
17.599217039000003,5.59
17.60144889,5.979
17.602765869000002,5.731
17.606590657,5.678
17.609062144000003,5.819
17.609791559,5.819
17.612635107000003,5.6080000000000005
17.613852391,5.6080000000000005
17.61629168,5.7490000000000006
17.617127902,5.678
17.620914962,5.5200000000000005
17.621813,5.45
17.622768535000002,5.17
17.628466485,5.489
17.628512486,5.712
17.62969639,5.712
17.63218815,5.384
17.633195962000002,5.384
17.636428798,5.61
17.638872161000002,5.61
17.639549395,5.577
17.640722348,5.7330000000000005
17.643496101,5.7860000000000005
17.646407590000003,5.572
17.647226875,5.626
17.649923144000002,5.626
17.651131937000002,5.413
17.652817693,5.413
17.654772288,5.625
17.65774803,5.59
17.659476924,5.644
17.660784444,5.715
17.663115108,5.662
17.667328614000002,5.591
17.667822571000002,5.363
17.669614323,5.817
17.671822856000002,5.817
17.674442946000003,5.606
17.675030077000002,5.606
17.67817535,5.768
17.679330292,5.613
17.681276013,5.575
17.68348418,5.59
17.68529578,5.518
17.687748768000002,5.518
17.688987631,5.634
17.69127731,5.7010000000000005
17.692681901,5.7010000000000005
17.699064846000002,5.714
17.699843611000002,5.9110000000000005
17.701745625,5.9110000000000005
17.701774227,5.859
17.703468068,5.859
17.704749535,5.686
17.707655276,5.837
17.709567485,5.837
17.711399728,5.846
17.714355593,5.846
17.715032491000002,5.527
17.71751231,5.527
17.71909202,5.485
17.720963253,5.485
17.722884998,5.527
17.729950108,5.7090000000000005
17.730136466,5.759
17.731035574,5.759
17.73203238,5.647
17.733237509000002,5.647
17.735140452,5.672
17.737952295,5.549
17.739547996000002,5.508
17.741285304,5.561
17.742789241,5.541
17.745800278,5.409
17.746999059,5.641
17.74965007,5.641
17.750755247,5.688
17.753028801000003,5.561
17.755101562,5.363
17.757430834,5.4830000000000005
17.758904514,5.4830000000000005
17.761884899000002,5.555
17.762873164000002,5.774
17.766508883,5.8
17.767441545,5.8
17.769286409,5.581
17.77107,5.581
17.773384847000003,5.567
17.775574256000002,5.681
17.776818318,5.589
17.778729927,5.801
17.782636171,5.681
17.784388482,5.681
17.787594504,5.503
17.787643086000003,5.643
17.789420735,5.643
17.790714733,5.947
17.793284917,5.7010000000000005
17.795854996000003,5.7010000000000005
17.797368909,5.5360000000000005
17.798800799000002,5.5360000000000005
17.800689926,5.963
17.804341519,6.081
17.806137321,5.996
17.806964337,5.938
17.808794326,5.938
17.811876967,6.207
17.813204874,6.207
17.814895538000002,6.046
17.817178882,6.046
17.819397909000003,5.801
17.820844209,6.071
17.823184467,5.621
17.826190328000003,5.646
17.827283886,5.801
17.828953729000002,5.801
17.831350707000002,5.872
17.833405549000002,5.9030000000000005
17.834922978,5.88
17.83682594,5.516
17.839211961,5.623
17.841286737,5.7410000000000005
17.842846631,5.773
17.846119873000003,5.7410000000000005
17.848283762,5.815
17.848903006,5.815
17.851304535,5.815
17.853122599000002,5.815
17.855056392,5.9110000000000005
17.856638778,5.571
17.858619553,5.516
17.861961356000002,5.752
17.864356712000003,5.516
17.867831401,5.847
17.867859114,5.847
17.870401806,5.7090000000000005
17.871461747,5.7090000000000005
17.873169822,5.634
17.874755941,5.634
17.877043674,5.602
17.878695925000002,5.88
17.880951824,5.912
17.882762794,5.815
17.8858797,5.889
17.888348898,5.752
17.889409165,5.752
17.892159471,5.805
17.893323853000002,5.805
17.895376843,5.577
17.896752229,5.577
17.899336915000003,5.601
17.90081598,5.575
17.904621600000002,5.667
17.908394986,5.807
17.908449892,5.783
17.91009086,5.783
17.912967155,5.644
17.913533524,5.644
17.915191326000002,5.753
17.917562864,5.704
17.919870760000002,5.59
17.920903338000002,5.855
17.923066198,5.734
17.925813118,5.729
17.927288554,5.787
17.928888212,5.787
17.931215332,5.575
17.933395060000002,5.575
17.934818932000002,5.667
17.937093388,5.595
17.939116873,5.681
17.940736519,5.485
17.942630530000002,5.574
17.945561632,5.766
17.947018243000002,5.609
17.948768974,5.609
17.950707863,5.591
17.953604391000002,5.502
17.954711302,5.502
17.956827223,5.573
17.958725914000002,5.593
17.960749029000002,5.54
17.964094428000003,5.501
17.96567243,5.575
17.967018916,5.537
17.969417531,5.537
17.970898047000002,5.556
17.972730825000003,5.748
17.975025952000003,5.748
17.977117531,5.587
17.979285280000003,5.508
17.981603085,5.581
17.985155368,5.628
17.98595892,5.448
17.987119892000003,5.7780000000000005
17.989494695,5.7780000000000005
17.991086264,5.729
17.993545010000002,5.5440000000000005
17.994874593000002,5.5440000000000005
17.996824133,5.609
17.998938592000002,5.662
18.001322196,5.488
18.002656455,5.642
18.005508697,5.5280000000000005
18.006895943,5.508
18.00908984,5.508
18.011102681,5.455
18.015074184,5.638
18.016085853,5.638
18.016931833,5.431
18.019060835,5.518
18.020832102,5.644
18.023422537000002,5.75
18.025734751,5.519
18.027950773,5.519
18.029054741,5.519
18.030718725,5.4670000000000005
18.032703115,5.84
18.035671035,5.3100000000000005
18.036730082000002,5.503
18.038700442,5.257
18.040683961000003,5.503
18.044627555,5.75
18.04668905,5.715
18.047661016000003,5.715
18.048868267,5.652
18.051209128,5.652
18.054927917,5.662
18.05605531,5.667
18.056888172,5.547
18.059027014,5.628
18.060735762,5.6610000000000005
18.065763011,5.614
18.065789149,5.676
18.066873523,5.662
18.068801319000002,5.662
18.070975791000002,5.589
18.073408503,5.589
18.07604483,5.662
18.078130587,5.556
18.079862401,5.4350000000000005
18.080935971000002,5.485
18.083414232000003,5.3420000000000005
18.085949312,5.5520000000000005
18.087713660000002,5.572
18.088861971,5.572
18.090783061,5.381
18.093470037,5.4670000000000005
18.094827751,5.5200000000000005
18.096763638000002,5.344
18.098684409,5.662
18.101046521,5.801
18.102649258,5.557
18.105911319,5.6290000000000004
18.107064944,5.643
18.109453267000003,5.643
18.110783174,5.735
18.11333554,5.735
18.115126852,5.626
18.118176765,5.6080000000000005
18.119108959000002,5.607
18.122131421000002,5.644
18.125060901,5.752
18.126008053,5.612
18.126938006,5.684
18.129534197,5.684
18.131246522,5.591
18.132839065000002,5.488
18.134817713,5.5440000000000005
18.137550172,5.519
18.138690766,5.488
18.140778062000003,5.644
18.142687748,5.432
18.147148367,5.54
18.147797074,5.485
18.14928937,5.468
18.151406736000002,5.468
18.155015853000002,5.6610000000000005
18.155820329,5.6610000000000005
18.158363583,5.525
18.159388419000003,5.525
18.163597328,5.605
18.164016714000002,5.416
18.16477511,5.416
18.166992052,5.432
18.16909834,5.542
18.171617563,5.542
18.172733843,5.574
18.175132742000002,5.574
18.177291311,5.731
18.178867597,5.364
18.181470711000003,5.5040000000000004
18.182772166,5.521
18.186664408000002,5.5
18.187558659,5.5
18.189530276000003,5.6080000000000005
18.190813456,5.6080000000000005
18.192968103000002,5.38
18.194712063,5.382
18.197485787,5.414
18.198802522,5.433
18.200715009,5.469
18.202754445,5.521
18.205978745,5.242
18.206790217,5.242
18.209091969000003,5.4830000000000005
18.211106728,5.4830000000000005
18.212707297,5.416
18.216070191,5.4110000000000005
18.217036312,5.368
18.218699987,5.4
18.220730536,5.348
18.222641365,5.442
18.226080867,5.364
18.227320431000003,5.364
18.229845214,5.505
18.230745175000003,5.505
18.232791112,5.198
18.234775011,5.728
18.236805224,5.578
18.238743985000003,5.474
18.240696843000002,5.466
18.24418662,5.332
18.246580578,5.69
18.248345368000003,5.511
18.249713172,5.511
18.25115371,5.535
18.253020157,5.535
18.256402742000002,5.6160000000000005
18.257413852000003,5.6160000000000005
18.260893043,5.526
18.261308158000002,5.594
18.263307668,5.594
18.269709535,5.646
18.270098662000002,5.239
18.270583623,5.239
18.272494266000002,5.472
18.273240273000003,5.472
18.275068332,5.557
18.277276333,5.557
18.278886550000003,5.643
18.280865875,5.679
18.284187035000002,5.591
18.285568701000003,5.715
18.287519082000003,5.644
18.288831184000003,5.644
18.291073824,5.7860000000000005
18.292667496,5.7860000000000005
18.295091367,5.75
18.296723079,5.644
18.298670543,5.505
18.300689008000003,5.345
18.302793784000002,5.449
18.306198897,5.4670000000000005
18.307715746,5.277
18.309445359,5.277
18.310832075,5.2250000000000005
18.313678415000002,5.2250000000000005
18.315538161000003,5.524
18.316923867,5.524
18.319558273000002,5.413
18.321003344,5.447
18.323217746,5.447
18.32598635,5.446
18.327304432000002,5.555
18.329232176,5.555
18.330777085,5.5760000000000005
18.332772512000002,5.5760000000000005
18.334955734,5.535
18.337256252,5.538
18.339164969000002,5.696
18.340829628,5.485
18.342816550000002,5.485
18.345452368,5.519
18.348170092,5.538
18.349723238000003,5.57
18.351207785,5.57
18.352887306,5.557
18.354707128,5.469
18.356828085,5.659
18.359385017,5.594
18.361329336,5.718
18.363299931,5.718
18.365845648,5.521
18.369075642000002,5.593
18.370937779000002,5.538
18.372685752000002,5.642
18.373659595,5.642
18.376223177,5.557
18.377156216,5.578
18.378843345,5.437
18.381359191,5.213
18.383915055000003,5.213
18.385239838,5.63
18.386857978000002,5.63
18.388947365,5.391
18.391439264000002,5.578
18.392691763000002,5.578
18.394853432,5.28
18.397669204,5.469
18.398650884000002,5.63
18.400735797,5.643
18.402972181000003,5.643
18.405925668000002,5.572
18.406740759,5.6610000000000005
18.409803695,5.502
18.410957652,5.591
18.413485164,5.591
18.414708766,5.643
18.418830716000002,5.696
18.419646237000002,5.696
18.420981379,5.607
18.423178657,5.607
18.426966365000002,5.7490000000000006
18.428199388,5.766
18.429328006000002,5.766
18.430798801,5.555
18.433281154,5.555
18.436616386,5.643
18.43848002,5.89
18.439147368,5.787
18.441607125,5.773
18.442726028000003,5.8740000000000006
18.446945795,6.0440000000000005
18.447764565,5.753
18.449378056,5.753
18.450790702000003,5.955
18.45324351,5.955
18.456016929,5.8580000000000005
18.457091663,5.888
18.458656956000002,6.131
18.461000416,6.1240000000000006
18.46333724,6.1240000000000006
18.46625845,5.779
18.468544549,5.949
18.469246921,5.949
18.470800599,5.872
18.47326539,5.872
18.475081842,5.888
18.476954668,6.019
18.478685973,5.8950000000000005
18.480844573000002,5.917
18.484243686000003,5.791
18.485716687,5.791
18.486850886000003,5.774
18.489080146000003,5.774
18.491286562000003,5.827
18.49294209,5.827
18.495244074000002,5.71
18.496795916,5.71
18.498823152,5.58
18.502621956000002,5.368
18.503371992,5.415
18.507319245,5.253
18.507370853,5.413
18.509413364,5.433
18.511478935,5.433
18.512851109,5.275
18.514895225,5.072
18.517113799,5.214
18.519097318,5.214
18.521055694,5.172
18.522837825,5.172
18.526232116000003,5.328
18.528907586000003,5.17
18.529694283,5.17
18.532617983,5.222
18.533366645,5.222
18.534732015,5.3660000000000005
18.537056785,5.432
18.539038093000002,5.432
18.541230164,5.4430000000000005
18.543527013000002,5.4430000000000005
18.545323290000002,5.353
18.546778071000002,5.353
18.550649028000002,5.548
18.55188353,5.548
18.552768525,5.47
18.554770656000002,5.43
18.557049778,5.431
18.558806482,5.586
18.560821337,5.3660000000000005
18.564515397,5.392
18.565724541,5.651
18.568279322000002,5.353
18.569487178000003,5.353
18.572115761000003,5.38
18.57294819,5.38
18.575398925000002,5.599
18.576816307,5.47
18.579309212000002,5.47
18.580718936,5.355
18.582902981,5.355
18.587328695,5.29
18.588160176000002,5.381
18.588856434,5.381
18.591132948000002,5.3180000000000005
18.592876527,5.33
18.595296781000002,5.456
18.597644613,5.51
18.600158076,5.51
18.601263178,5.341
18.602638796,5.341
18.605881588000003,5.611
18.607335917,5.54
18.609324871000002,5.54
18.611016327,5.488
18.613205,5.488
18.61520015,5.407
18.616825089000002,5.407
18.619701752,5.3260000000000005
18.622242699,5.266
18.624244456,5.266
18.626247193,5.442
18.628423214,5.3020000000000005
18.629526778000002,5.3020000000000005
18.631842663,5.3020000000000005
18.633005619000002,5.3020000000000005
18.635150014,5.33
18.636926371,5.33
18.639281676,5.405
18.641210776,5.508
18.642831137,5.508
18.646027089,5.074
18.647600393,5.484
18.648849526000003,5.484
18.650775406,5.266
18.652781102000002,5.223
18.654992312,5.353
18.657834515,5.353
18.659109667000003,5.369
18.661628381,5.455
18.663722364,5.25
18.665061236,5.393
18.666930701000002,5.523
18.670056064,5.523
18.670966494,5.4270000000000005
18.672932363,5.29
18.674842806,5.507
18.678739939,5.33
18.680451917000003,5.586
18.681235897,5.405
18.682802207,5.275
18.686294328000002,5.148
18.688187534,5.3660000000000005
18.689130767,5.3660000000000005
18.690713885,5.175
18.696263061,5.456
18.697524487000003,5.456
18.699205415,5.4990000000000006
18.699989941000002,5.4990000000000006
18.701172991,5.202
18.704259545000003,5.29
18.706748524,5.4030000000000005
18.707833882000003,5.4030000000000005
18.708845345,5.508
18.712050148,5.508
18.713601056,5.289
18.715573325,5.47
18.716892159,5.47
18.721044325,5.469
18.722445404000002,5.355
18.723886584000002,5.355
18.725569397,5.393
18.727872949,5.445
18.729142775,5.445
18.730859184,5.489
18.733173331,5.578
18.735570862,5.578
18.736962294,5.511
18.738932143,5.6000000000000005
18.740900586000002,5.541
18.742792141000002,5.586
18.746219083,5.548
18.749804118,5.347
18.749822255,5.533
18.751117121,5.646
18.753697602000003,5.646
18.755308406,5.489
18.757402061,5.489
18.760827775000003,5.431
18.761679511,5.51
18.763197383,5.51
18.765728952,5.296
18.768217970000002,5.594
18.769809252,5.594
18.771069007,5.63
18.773027943000002,5.63
18.776151809,5.594
18.778760879,5.426
18.780156905000002,5.578
18.780964957000002,5.72
18.785906923000002,5.457
18.786588476000002,5.505
18.788257117,5.547
18.788780510000002,5.547
18.792089388,5.542
18.793418724000002,5.453
18.794747792000003,5.502
18.796684893000002,5.557
18.800077605000002,5.66
18.800797459,5.432
18.803448217,5.557
18.80593337,5.647
18.806875822000002,5.647
18.808746671,5.572
18.811172537,5.572
18.813363712,5.681
18.814827295,5.622
18.816716640000003,5.541
18.818814810000003,5.345
18.821972786,5.5200000000000005
18.82293165,5.485
18.825805056,5.537
18.826918548000002,5.468
18.829137024,5.468
18.83074345,5.4670000000000005
18.833867174,5.405
18.834690972,5.405
18.836692838,5.3020000000000005
18.838580378,5.3180000000000005
18.840659047000003,5.171
18.842899603000003,5.328
18.844806259000002,5.263
18.847756145,5.251
18.850371372,5.255
18.851424687,5.255
18.853846909,5.085
18.855317473,5.399
18.857165576,5.399
18.85893001,5.1370000000000005
18.860722983000002,5.146
18.863461969000003,5.115
18.865442999000003,5.2170000000000005
18.869679575000003,5.329
18.86969989,5.329
18.872080165,5.308
18.873016712000002,5.126
18.875513162,5.316
18.877319935000003,5.432
18.878805971000002,5.558
18.882243866,5.228
18.887393170000003,5.448
18.887828007,5.482
18.887857518,5.456
18.889905675,5.456
18.891341201,5.5600000000000005
18.895139394,5.5600000000000005
18.896019206000002,5.66
18.896982799,5.66
18.90019667,5.683
18.901957475,5.482
18.904826559,5.328
18.905506921,5.328
18.90809694,5.518
18.909501271,5.518
18.910785425,5.469
18.912846161,5.469
18.914799768,5.505
18.916856638000002,5.553
18.918756302000002,5.352
18.921139251,5.328
18.922690001,5.489
18.926317471,5.574
18.927265034,5.259
18.929501506,5.259
18.931137492,5.344
18.932704542,5.344
18.934687238000002,5.3790000000000004
18.937090562,5.265
18.938754926,5.265
18.941483837,5.25
18.942953654,5.407
18.94497948,5.407
18.946880377000003,5.526
18.94963706,5.526
18.951120506000002,5.236
18.953157335,5.236
18.955142478000003,5.489
18.956704843,5.511
18.958663145000003,5.258
18.960613266000003,5.391
18.964511961,5.474
18.965745895,5.578
18.967667421,5.578
18.968772216,5.606
18.970694629,5.606
18.973449959,5.59
18.974866052,5.768
18.976986999,5.768
18.978777406000003,5.609
18.980649588000002,5.821
18.982936026,5.605
18.98662222,5.541
18.988866438000002,5.575
18.989713561000002,5.575
18.990670296,5.587
18.994754051,5.623
18.996186511,5.396
18.997062356,5.396
18.998980001,5.575
19.001127823,5.6610000000000005
19.003186974000002,5.449
19.005515232,5.485
19.007783277,5.485
19.009451492,5.485
19.010840697000003,5.4670000000000005
19.012678254,5.4670000000000005
19.014687909000003,5.555
19.016659841000003,5.4670000000000005
19.020669417,5.538
19.021547613000003,5.432
19.022949068000003,5.414
19.025079872000003,5.327
19.028370934,5.3260000000000005
19.029184594,5.3260000000000005
19.030975765,5.311
19.033261136,5.311
19.036309386000003,5.133
19.03759536,5.133
19.039410078,5.3790000000000004
19.040631446000003,5.3790000000000004
19.044044741,5.293
19.046584858000003,5.021
19.048426841,5.0440000000000005
19.049414052,5.0440000000000005
19.051568547000002,5.117
19.053286319,5.117
19.056266407000003,5.0360000000000005
19.057780998000002,5.0360000000000005
19.05881287,5.128
19.060948200000002,5.207
19.062786581,5.228
19.067306691000002,5.381
19.068025315,5.546
19.068921455,5.546
19.07072395,5.406
19.073683825,5.4670000000000005
19.075306103000003,5.747
19.077239988000002,5.747
19.079709709000003,5.66
19.081359488,5.713
19.082643627,5.8020000000000005
19.085019219,5.673
19.08858087,5.634
19.089157315,5.655
19.09076902,5.655
19.092734128,5.787
19.095332639000002,5.548
19.096782932,5.416
19.099566648,5.561
19.100819623,5.517
19.103956088,5.643
19.104812321,5.643
19.10706725,5.788
19.108652744,5.788
19.110667639000003,5.595
19.112736574,5.644
19.115448199000003,5.662
19.117356968000003,5.662
19.118668989,5.7010000000000005
19.121784604000002,5.728
19.122629568,5.548
19.126986765,5.581
19.127533793,5.508
19.129259256,5.508
19.130757869,5.619
19.133245521000003,5.619
19.135866502000002,5.503
19.137496718,5.503
19.138864318,5.526
19.140676069,5.292
19.14523526,5.591
19.145933582,5.238
19.147543686000002,5.309
19.14953596,5.309
19.150803849000003,5.5040000000000004
19.153217184000003,5.5040000000000004
19.154695131,5.398
19.157555285,5.308
19.158904966,5.277
19.160657257,5.277
19.1626617,5.468
19.165526720000003,5.573
19.166948053000002,5.3790000000000004
19.169166292,5.3790000000000004
19.170687936,5.415
19.17430435,5.715
19.175112698,5.715
19.17711594,5.821
19.182149116,5.575
19.182667255000002,5.88
19.184335209,5.88
19.185389766,5.428
19.189217262,5.688
19.189724595,5.688
19.19088745,5.787
19.192905906,5.787
19.194793241000003,5.734
19.197091425,5.442
19.198830999000002,5.799
19.200713932000003,5.774
19.202642107000003,5.555
19.205821947,5.449
19.209733200000002,5.648
19.21046699,5.648
19.21220818,5.4350000000000005
19.213414703,5.474
19.215110945000003,5.474
19.216949738,5.59
19.218855919000003,5.309
19.220822087000002,5.308
19.222692122,5.256
19.226432447,5.122
19.226889858,5.122
19.229156626,5.364
19.230779505,5.364
19.232775559,5.274
19.234812308000002,5.274
19.236696282,5.314
19.239999012000002,5.263
19.241177637,5.3660000000000005
19.2427451,5.444
19.249506594,5.431
19.249536054,5.456
19.250269218,5.456
19.252281406,5.521
19.253192946000002,5.521
19.254687280000002,5.442
19.256777117000002,5.511
19.258792794,5.355
19.260876803000002,5.482
19.262885787000002,5.407
19.265861669,5.384
19.266814463000003,5.3180000000000005
19.268709889,5.3180000000000005
19.270691724000002,5.468
19.274430628,5.589
19.27751732,5.432
19.277842302,5.361
19.278855032000003,5.75
19.281088635,5.625
19.282850543000002,5.62
19.285057786000003,5.724
19.287151828000002,5.635
19.289571485,5.8580000000000005
19.290812538,5.8580000000000005
19.294284888,5.711
19.295197716,5.711
19.296742184000003,5.695
19.298770569000002,5.758
19.300824113,5.9030000000000005
19.303589405,5.752
19.305995121000002,5.752
19.308203809000002,5.612
19.309929831,5.612
19.310838074000003,5.658
19.312829909,5.9030000000000005
19.316149248000002,5.538
19.316808244,5.72
19.318734971,5.463
19.320667475,5.902
19.325773400000003,5.666
19.325786883000003,5.698
19.327872472000003,5.666
19.32880557,5.666
19.330734108,5.687
19.333473108,5.517
19.334709131,5.517
19.336892971,5.315
19.338783939000002,5.422
19.340645758,5.449
19.342682705,5.575
19.345820425,5.469
19.347288524,5.4510000000000005
19.348930269,5.4510000000000005
19.352328687,5.45
19.354444709000003,5.4510000000000005
19.355014084,5.503
19.356794695,5.361
19.358844744000002,5.363
19.360551686,5.382
19.362535748000003,5.506
19.366156758000002,5.363
19.367018498,5.414
19.369204073000002,5.414
19.370954140000002,5.553
19.373065434,5.553
19.374611681,5.398
19.377075425,5.398
19.380483715,5.431
19.381487598,5.133
19.384201487000002,5.537
19.386559725,5.6080000000000005
19.388320725,5.418
19.389362883,5.418
19.390985435,5.503
19.393040392,5.503
19.396576809000003,5.556
19.397246497,5.855
19.39961192,5.626
19.400730605,5.626
19.402723445,5.495
19.406209454000003,5.4750000000000005
19.407235887000002,5.455
19.410321019,5.455
19.411304604,5.441
19.413055165000003,5.441
19.414717042,5.363
19.417704272,5.555
19.418672933,5.396
19.420603535,5.484
19.422574394,5.662
19.425466905,5.59
19.426731435,5.5200000000000005
19.428618862,5.5200000000000005
19.430647876000002,5.696
19.434091429000002,5.572
19.434850803,5.485
19.436655278,5.449
19.439035707000002,5.396
19.442407796,5.206
19.443129839,5.316
19.445658294,5.353
19.447169390000003,5.132
19.449818633,5.132
19.450734328000003,5.08
19.453285103000002,5.08
19.456198423,5.07
19.458817426,5.354
19.459452919,5.267
19.462854030000003,5.341
19.46386336,5.29
19.466227439,5.337
19.467721184000002,5.3180000000000005
19.468974724000002,5.211
19.470695199,5.211
19.472953517,5.266
19.475155240000003,5.405
19.476732014,5.535
19.478863772,5.535
19.4807683,5.213
19.482581797,5.213
19.485686960000002,5.431
19.48728497,5.3100000000000005
19.489199741,5.3100000000000005
19.490928309,5.537
19.492934820000002,5.537
19.494981963,5.836
19.496764918,5.7490000000000006
19.498661259000002,5.888
19.500639401,5.696
19.5026248,5.655
19.505221378,5.6770000000000005
19.507007225000002,5.8580000000000005
19.509438799,5.8580000000000005
19.51106004,5.8180000000000005
19.512886283,5.8180000000000005
19.514739027,5.773
19.516764849,5.485
19.518825523,5.591
19.520712862,5.666
19.522692059,5.283
19.525425279,5.607
19.527034670000003,5.382
19.528771599000002,5.382
19.530703939000002,5.522
19.532703209,5.502
19.53479782,5.448
19.536776474,5.397
19.538818794,5.45
19.541312223000002,5.591
19.543477168000003,5.485
19.544914347000002,5.554
19.547600648,5.38
19.549282741000003,5.38
19.552459615,5.748
19.554216602,5.748
19.555273198000002,5.731
19.556825228,5.698
19.558762348000002,5.54
19.561197005,5.6080000000000005
19.563151826000002,5.713
19.565394841,5.713
19.567618248000002,5.713
19.569369307000002,5.713
19.571545135,5.7490000000000006
19.572964984000002,5.75
19.575001655,5.75
19.578278076,5.397
19.578975318,5.422
19.581126202,5.488
19.582696245,5.4830000000000005
19.58609332,5.296
19.587270133,5.309
19.589065803,5.309
19.592129297,5.296
19.593107912,5.489
19.594951233,5.469
19.597015232,5.542
19.599368188,5.508
19.600735319,5.508
19.602730093,5.542
19.60649115,5.571
19.607214846,5.625
19.609450769000002,5.625
19.611984134,5.59
19.613074454,5.59
19.615114464,5.4350000000000005
19.617378928,5.7010000000000005
19.619496214,5.527
19.620829557,5.416
19.62341955,5.474
19.627314334,5.5360000000000005
19.627690387,5.5360000000000005
19.628762220000002,5.4350000000000005
19.631039048,5.4350000000000005
19.632622872000002,5.7010000000000005
19.634862537,5.7010000000000005
19.636659761,5.589
19.639092997000002,5.469
19.640656284000002,5.485
19.643905613,5.502
19.644950613000002,5.238
19.646698795000002,5.238
19.649772128000002,5.537
19.650555867,5.537
19.653167136,5.207
19.654981424000002,5.378
19.656884768,5.378
19.658593805000002,5.393
19.661778321,5.652
19.664048613000002,5.605
19.667419181,5.445
19.667435683,5.549
19.668758994,5.728
19.671160492000002,5.728
19.672826906,5.797
19.675078783,5.505
19.676569497000003,5.505
19.679494072,5.502
19.68191725,5.432
19.682903383000003,5.556
19.685210918000003,5.607
19.686820568,5.398
19.68952212,5.398
19.691026051,5.559
19.693626185000003,5.559
19.696820015,5.3100000000000005
19.697894461,5.344
19.699539783000002,5.465
19.702803546000002,5.465
19.704260264000002,5.275
19.706038492,5.396
19.706756738000003,5.396
19.710669033000002,5.19
19.711861504,5.19
19.713149365,5.457
19.715285324,5.485
19.716670013,5.485
19.720456951000003,5.311
19.721632418000002,5.384
19.722499114,5.591
19.725219189,5.6770000000000005
19.726763246,5.731
19.728697496000002,5.731
19.730633566,5.713
19.734336763,5.734
19.736174838,5.784
19.737129533,5.556
19.738796486000002,5.518
19.740599914,5.648
19.742638686000003,5.519
19.746053764000003,5.606
19.747692060000002,5.3260000000000005
19.748875874000003,5.3260000000000005
19.750738608000002,5.556
19.753137262000003,5.556
19.75497105,5.469
19.756710216000002,5.469
19.758582221,5.316
19.760619361,5.505
19.763575035000002,5.266
19.766347555000003,5.146
19.76717799,5.236
19.768828201,5.236
19.771029887,5.37
19.773180726,5.511
19.774986446,5.511
19.777478964,5.549
19.779617705,5.511
19.780576772,5.437
19.782537781000002,5.542
19.785324109,5.594
19.787204067,5.469
19.788825954,5.469
19.792286759,5.59
19.793464211,5.331
19.796083932000002,5.364
19.796930474,5.4670000000000005
19.801038601000002,5.38
19.801792326,5.239
19.802641709,5.275
19.805568146000002,5.344
19.807257377000003,5.16
19.808969734,5.16
19.810947464,5.222
19.812802771,5.3020000000000005
19.816161999000002,5.407
19.816867436000003,5.444
19.820005969,5.258
19.821000238,5.258
19.822780641,5.332
19.825894052000002,5.554
19.827318028,5.6290000000000004
19.828736489,5.6290000000000004
19.832626487000002,5.4670000000000005
19.833304631,5.4670000000000005
19.834662443000003,5.45
19.836580975,5.554
19.838920089000002,5.748
19.841293537000002,5.748
19.842666514,5.362
19.845482973000003,5.45
19.847099471,5.397
19.849108701000002,5.397
19.850794159000003,5.363
19.853899979,5.453
19.855720616000003,5.469
19.857154885,5.469
19.860106953000003,5.553
19.861132158,5.38
19.864295784000003,5.363
19.865357843,5.5200000000000005
19.867801335000003,5.421
19.868722061,5.421
19.870941306000002,5.526
19.872794393,5.562
19.874731280000002,5.489
19.877995032,5.465
19.878971103,5.489
19.881079429,5.457
19.882821472,5.449
19.88707506,5.695
19.888223494000002,5.593
19.889115012,5.593
19.890686821000003,5.36
19.892849465,5.502
19.894689995,5.713
19.896665374,5.363
19.899395373,5.607
19.902022154,5.363
19.902935324,5.325
19.905778255,5.328
19.907642433,5.328
19.909155158,5.437
19.910918218000003,5.437
19.913020457000002,5.198
19.915133682,5.198
19.916717827000003,5.019
19.919421516,5.018
19.920731001,5.018
19.922707217000003,4.9190000000000005
19.925340377,5.042
19.926863591,5.075
19.928895394,5.075
19.930955099000002,5.024
19.933256455000002,5.166
19.934893304000003,5.166
19.938087067,5.308
19.940432952000002,5.227
19.941216261,5.224
19.942827371,5.265
19.94618089,5.317
19.948387906,5.384
19.949930381,5.384
19.952233828,5.497
19.953406289,5.538
19.955262924000003,5.538
19.958372455000003,5.784
19.96088882,5.5200000000000005
19.961843374,5.59
19.964727911,5.485
19.965395064000003,5.537
19.967217310000002,5.485
19.970563825000003,5.538
19.971906670000003,5.538
19.972886729000003,5.487
19.97497921,5.484
19.977907005000002,5.589
19.978849091,5.502
19.980869466,5.713
19.983296042000003,5.678
19.985943940000002,5.678
19.987466873000002,5.555
19.990024735000002,5.555
19.990936934,5.607
19.993059565000003,5.625
19.995055746000002,5.538
19.997569910000003,5.681
19.998819273000002,5.692
20.001318479000002,5.503
20.00279906,5.377
20.008025211,5.43
20.00805572,5.572
20.008986941,5.715
20.010916660000003,5.715
20.012784026000002,5.555
20.015524501,5.485
20.016809851,5.309
20.018839778,5.329
20.020796944,5.203
20.023602063000002,5.08
20.026404804000002,5.134
20.027793938000002,5.186
20.030205364,5.38
20.031423323000002,5.38
20.033473659000002,5.309
20.036874716,5.521
20.037475082,5.521
20.039021105,5.555
20.040761601,5.485
20.042867903,5.68
20.045840913000003,5.715
20.046979915,5.715
20.049104683,5.854
20.050758471,5.854
20.053007336,5.696
20.054854196,5.696
20.056810984000002,5.599
20.05972693,5.732
20.061936175,5.561
20.063183264000003,5.561
20.065376583000003,5.6610000000000005
20.067728521000003,5.17
20.069852398000002,5.17
20.071074405,5.448
20.072755749000002,5.448
20.07540939,5.38
20.077449942,5.38
20.080425002000002,5.344
20.081570462000002,5.537
20.084443917,5.537
20.085525828,5.574
20.087159493,5.574
20.089172859,5.45
20.090801511000002,5.45
20.094187758,5.519
20.096133886,5.782
20.096776182000003,5.782
20.098772261,5.8180000000000005
20.101118077000002,5.667
20.104529968,5.7540000000000004
20.105242402000002,5.893
20.107346801000002,5.893
20.10887417,5.6080000000000005
20.11152122,5.6080000000000005
20.113460863,5.827
20.114856186,5.5
20.116765213,5.496
20.119326449000003,5.321
20.121441808,5.468
20.123696596000002,5.468
20.124854069,5.369
20.127700996,5.257
20.129368074000002,5.239
20.131557435,5.239
20.132818148000002,5.2410000000000005
20.134747703000002,5.071
20.136734153000003,5.124
20.142926259000003,5.3790000000000004
20.14297956,5.097
20.144389015,5.228
20.145976364000003,5.132
20.147700392,5.132
20.149665486,5.2170000000000005
20.151052087,5.2170000000000005
20.15309136,5.154
20.155624757000002,5.154
20.157109671,5.258
20.158905147000002,5.236
20.162111366,5.289
20.162899151,5.199
20.165639866000003,4.941
20.167795608000002,5.107
20.169525568,5.107
20.17116434,5.134
20.173047163,5.134
20.175554241,5.16
20.176771859000002,5.16
20.178764381,5.097
20.181774833000002,5.033
20.186765047,5.176
20.186826879,5.239
20.188085017000002,5.199
20.189543619000002,5.199
20.191212962,5.277
20.193469683,5.277
20.197055359,5.3790000000000004
20.197759818,5.3790000000000004
20.198977842,5.251
20.201053848,5.5600000000000005
20.203155649000003,5.5600000000000005
20.209628382000002,5.263
20.209650546000002,5.172
20.210561132000002,5.172
20.211267083000003,5.212
20.212837919000002,5.212
20.21502409,5.345
20.217794408,5.6530000000000005
20.218835709,5.5200000000000005
20.220800597,5.444
20.223598818000003,5.6160000000000005
20.225256183000003,5.593
20.22711765,5.594
20.229051316,5.594
20.231161489,5.511
20.234074831,5.511
20.23495913,5.348
20.238615402,5.22
20.239512404000003,5.251
20.24106042,5.364
20.242668548,5.175
20.248414199000003,5.445
20.248825754000002,5.1370000000000005
20.249571388,5.1370000000000005
20.252103125,5.12
20.253396281,5.526
20.255527783,5.437
20.256778435,5.437
20.25876488,5.578
20.261607758,5.327
20.262746921,5.368
20.266642157,5.45
20.267658639,5.45
20.269739865000002,5.345
20.2712793,5.345
20.273222106000002,5.537
20.275188309,5.416
20.277192565,5.6080000000000005
20.278771865,5.6080000000000005
20.281188446,5.469
20.283621497000002,5.38
20.287889902,5.538
20.287919993000003,5.538
20.289406054,5.508
20.290825874000003,5.508
20.292763942,5.658
20.295090696000003,5.489
20.296944078000003,5.416
20.299382369,5.485
20.300808976000003,5.36
20.302868985,5.484
20.305638596,5.414
20.308344113,5.573
20.309960329000003,5.573
20.311235122000003,5.45
20.313192100000002,5.45
20.315059227000003,5.642
20.317167993,5.628
20.318932636,5.728
20.320845022,5.648
20.324246529,5.782
20.325542094000003,5.639
20.327387706,5.591
20.329332274000002,5.591
20.332648523,5.668
20.333400248,5.516
20.334892984,5.463
20.336801064000003,5.402
20.338862008,5.376
20.34069233,5.36
20.342706051,5.274
20.346586921,5.24
20.348320275000003,5.275
20.349386941000002,5.275
20.350806145,5.2780000000000005
20.353295705,5.557
20.354790477,5.466
20.35678499,5.503
20.359263601000002,5.503
20.361133997,5.503
20.363126805,5.469
20.366493721,5.469
20.367600783,5.668
20.368780544,5.668
20.370761108,5.416
20.372763115,5.782
20.374801938,5.779
20.376779358,5.773
20.379086140000002,5.735
20.381540010000002,5.6770000000000005
20.382834287,5.594
20.385847664,5.345
20.387245215,5.537
20.388894147000002,5.537
20.39106185,5.3100000000000005
20.393350327,5.384
20.395383985000002,5.17
20.396865547,5.132
20.399197296,5.474
20.40092672,5.176
20.403317504,5.327
20.405428907,5.327
20.407796009000002,5.136
20.410522556,5.136
20.411605244,5.367
20.413783613,5.367
20.415168928,5.378
20.416963225,5.352
20.419225954,5.444
20.421603752000003,5.444
20.423687795000003,5.2620000000000005
20.425298268000002,5.354
20.427225877,5.3020000000000005
20.429388386000003,5.3020000000000005
20.431190372,5.316
20.432976267,5.237
20.434771375,5.327
20.436691193,5.384
20.438717496000002,5.526
20.442125734,5.392
20.445989176,5.678
20.446004614,5.687
20.447628019,5.452
20.449614714000003,5.452
20.451232710000003,5.555
20.452942914,5.555
20.45547875,5.4350000000000005
20.457204761,5.4350000000000005
20.459184195000002,5.6080000000000005
20.46137398,5.6080000000000005
20.463360076,5.7490000000000006
20.46719444,5.638
20.468540627000003,5.455
20.470685048,5.455
20.471505962000002,5.6610000000000005
20.473957186,5.6610000000000005
20.474999805000003,5.655
20.477441209000002,5.59
20.478810799,5.59
20.482146235000002,5.753
20.483835877,5.835
20.486015994000002,5.639
20.487518458,5.782
20.489295017,5.782
20.490936301,5.4750000000000005
20.493970829000002,5.4750000000000005
20.495096934000003,5.571
20.497073022000002,5.468
20.498727133000003,5.468
20.501101845,5.222
20.503096178,5.488
20.50990689,5.385
20.509939061,5.198
20.510774143000003,5.214
20.511263787,5.214
20.513759861,5.444
20.514987701000003,5.393
20.517722770000002,5.6240000000000006
20.519449135000002,5.6450000000000005
20.52087901,5.6450000000000005
20.523547306,5.299
20.528340393,5.317
20.528833059,5.369
20.529813488000002,5.369
20.530901556,5.631
20.533069973,5.8
20.536997573,5.924
20.537592818,5.924
20.538782969,5.678
20.541447279,5.678
20.544762133000003,5.644
20.545651605,5.606
20.547109964,5.7490000000000006
20.549188034,5.7490000000000006
20.552848355000002,5.665
20.553850335,5.665
20.555299703000003,5.363
20.557806279,5.363
20.560416771,5.432
20.562713714,5.431
20.563673057000003,5.431
20.566316181,5.362
20.567536841000003,5.362
20.570900088000002,5.6080000000000005
20.571648548000002,5.6080000000000005
20.573861414,5.678
20.574920336,5.8790000000000004
20.577000953000002,5.508
20.579204387,5.469
20.581525302000003,5.522
20.583226244000002,5.502
20.586294428000002,5.421
20.587735587,5.516
20.588935590000002,5.516
20.590892724,5.556
20.593278135000002,5.609
20.595254070000003,5.541
20.596860575,5.448
20.601013559000002,5.644
20.601926541,5.644
20.604005307,5.644
20.6053724,5.501
20.60935805,5.575
20.610035670000002,5.575
20.610974386000002,5.715
20.613217907000003,5.715
20.616251732000002,5.633
20.617183225,5.503
20.618831772,5.416
20.620770743,5.413
20.626106124,5.492
20.626171226,5.492
20.627072745,5.329
20.628851599,5.329
20.631149055,5.434
20.633375494000003,5.434
20.634888147,5.6450000000000005
20.637532882000002,5.7490000000000006
20.638770999000002,5.713
20.641341472,5.697
20.643427797,5.553
20.646124718000003,5.644
20.647073416,5.787
20.649362623000002,5.787
20.651332937000003,5.613
20.654871127,5.561
20.655529541,5.654
20.656796444,5.348
20.658870848000003,5.665
20.661234593,5.361
20.664197819,5.328
20.665623869,4.993
20.667293487000002,4.993
20.669417719000002,5.204
20.670843482000002,5.204
20.673591101,5.275
20.674812567,5.485
20.677900488000002,5.436
20.679129841,5.524
20.681143163,5.521
20.684714163000002,5.502
20.686301028000003,5.572
20.687358083000003,5.572
20.689101682,5.555
20.691525201,5.555
20.694735484000002,5.327
20.695840665000002,5.327
20.699894623000002,5.696
20.702242455,5.696
20.702264817,5.414
20.706231072,5.414
20.706254224000002,5.309
20.708059549,5.309
20.710401577000003,5.537
20.712337259,5.537
20.713902337,5.485
20.715545191,5.485
20.718044689000003,5.2780000000000005
20.719999435000002,5.509
20.720852325000003,5.509
20.723385333,5.38
20.725220848000003,5.557
20.727904315,5.646
20.729007032000002,5.646
20.73134526,5.428
20.73271425,5.428
20.735396863000002,5.489
20.736993799,5.397
20.738860674,5.4190000000000005
20.741029739000002,5.485
20.742861977,5.485
20.746613213,5.593
20.747277228,5.469
20.756180222,5.593
20.756192868000003,5.328
20.756880482,5.485
20.757796756,5.678
20.757840241,5.678
20.759366306,5.538
20.761267531,5.538
20.765991118000002,5.643
20.766796035000002,5.452
20.768008083,5.679
20.76912661,5.679
20.770847591000003,5.61
20.774208856,5.521
20.775780606,5.521
20.776886761,-1.669
20.779466973,-0.051000000000000004
20.781041428,-0.181
20.782886226000002,-1.21
20.786309022,-2.34
20.787371272,-2.34
20.790207312,-1.411
20.791353957000002,-1.411
20.793288682,-1.0230000000000001
20.794948155,-2.134
20.797275636000002,-1.579
20.799381397,-1.335
20.802218919,-1.208
20.803134156000002,-0.809
20.808158812000002,-0.682
20.808182287,-0.771
20.809792689000002,-0.771
20.812455538000002,-0.245
20.813202617,-0.245
20.816938794000002,-0.082
20.817799306,-0.278
20.819099521000002,0.092
20.821719165,0.135
20.823624989000002,1.109
20.828287124000003,1.833
20.828301357,1.833
20.829263134,1.078
20.831123384,1.078
20.832899256,1.181
20.835135067000003,2.605
20.837123292,2.477
20.839108395,2.5260000000000002
20.840963763,2.471
20.844457186,2.279
20.845801145000003,2.373
20.848193866000003,1.915
20.84945171,1.915
20.851369987,1.863
20.852891221,1.863
20.856469014,2.156
20.857965416000003,2.0300000000000002
20.859141378,1.909
20.860876893,1.819
20.862965168000002,1.411
20.865709617,1.57
20.867512769,1.559
20.869392342,1.559
20.870917716,1.409
20.873580398,1.409
20.874871594000002,1.114
20.878032113,0.652
20.879230640000003,0.646
20.880900164,0.597
20.8828053,0.485
20.886160744,0.307
20.886874562000003,-0.003
20.889125867,-0.003
20.892473317,0.387
20.893695461,0.387
20.895551427,-0.381
20.89695001,-0.802
20.899714575,-0.802
20.901556679000002,-0.737
20.902771412,-0.738
20.906008943,-0.99
20.907813013000002,-0.99
20.908970917,-1.006
20.911261306,-1.006
20.913061614,-0.902
20.916790329,-0.992
20.917292718000002,-1.072
20.919654344,-0.935
20.920779046,-0.929
20.924262674,-0.929
20.92540383,-1.068
20.927414617,-1.116
20.928960804000003,-1.116
20.931361551000002,-1.114
20.934152821,-0.929
20.935315044000003,-0.929
20.937105672,-1.115
20.939096913,-1.115
20.940864308000002,-0.987
20.942854674000003,-0.883
20.946312633,-0.8320000000000001
20.947592631000003,-0.793
20.949340717000002,-0.793
20.950833355,-0.738
20.954117031000003,-0.6960000000000001
20.955027131,-0.6960000000000001
20.957191449,-0.651
20.95892325,-0.651
20.961531118,-0.468
20.962748162,-0.506
20.966033604,-0.33
20.96748303,-0.337
20.96905134,-0.337
20.970882191,-0.191
20.973055011,-0.191
20.976226242000003,-0.14200000000000002
20.977134545000002,-0.152
20.979077395,-0.073
20.981062659000003,-0.09
20.984310525,-0.064
20.98607518,-0.051000000000000004
20.987111657,-0.051000000000000004
20.988851993,-0.202
20.991728043000002,-0.202
20.992742849000003,-0.10400000000000001
20.995027058,-0.036000000000000004
20.996816343000003,-0.14100000000000001
20.999408869,-0.07200000000000001
21.000941441000002,-0.07200000000000001
21.002666662000003,-0.157
21.005561227,-0.156
21.007368208000003,-0.177
21.008831472,-0.177
21.01083102,-0.14100000000000001
21.012756487,-0.125
21.015139654000002,-0.124
21.016751711,-0.002
21.021153531000003,0.089
21.02173107,0.089
21.024619932,0.532
21.025373988000002,0.535
21.027057609,0.214
21.029454762,0.214
21.030865236,0.59
21.032848426,0.59
21.035082555000002,0.615
21.036697028000003,0.756
21.038647701000002,0.766
21.040698676,0.917
21.042728689,1.205
21.045288729000003,1.284
21.047450889,1.292
21.048855387,1.292
21.050749151,1.087
21.053040636000002,1.087
21.055136278000003,1.2750000000000001
21.056706348000002,1.2750000000000001
21.060825304,1.159
21.061642399,1.221
21.063291042000003,1.187
21.066368266,1.301
21.067278315000003,1.301
21.071905583000003,1.187
21.071920026,1.187
21.189109555,1.293
21.189141141,1.22
21.189168599000002,1.3980000000000001
21.189195554,1.584
21.191895226,1.34
21.191934205000003,1.395
21.19196055,1.7630000000000001
21.191985703,1.672
21.192010919,1.445
21.192073215,1.534
21.193965395000003,1.5350000000000001
21.193998807,1.7670000000000001
21.194042578,1.583
21.194074962000002,1.49
21.197122191000002,1.768
21.197157645,1.348
21.197182354000002,1.7750000000000001
21.197206527000002,1.441
21.197230949,1.539
21.197255495,1.6320000000000001
21.197279344000002,1.5290000000000001
21.200037197,1.534
21.200068568000003,1.821
21.200092645,1.401
21.200115631000003,1.401
21.200138602000003,1.444
21.200161485000002,1.594
21.206832404,1.725
21.206868742,1.303
21.206896096,1.342
21.206927837000002,1.298
21.206953494,1.637
21.206978269,1.298
21.209948382,1.301
21.209982854,1.351
21.21000871,1.677
21.210031962000002,1.677
21.210054741,1.677
21.210086809,1.302
21.210107858,1.302
21.212946602000002,1.302
21.212985519,1.488
21.213012883,1.488
21.213039413,1.395
21.21306526,1.395
21.21309029,1.395
21.213836897,1.395
21.213869073,1.348
21.216094909000002,1.348
21.216125222000002,1.3960000000000001
21.216149078,1.3960000000000001
21.216179592,1.3960000000000001
21.216198142,1.348
21.21924263,1.348
21.21927377,1.348
21.219297112,1.162
21.219327776,1.162
21.219353389000002,1.162
21.219377467,1.536
21.220658489,1.536
21.220689626000002,1.536
21.220713437,1.815
21.222317586000003,1.815
21.222353782000003,1.815
21.222383215,1.6300000000000001
21.223901709,1.6300000000000001
21.223954149,1.6300000000000001
21.223979523,1.349
21.224004276000002,1.349
21.224862078,1.349
21.224895199000002,1.343
21.225571885,1.343
21.225586247000003,1.343
21.226571824,1.343
21.226589931000003,1.445
21.228469293,1.445
21.228483122,1.445
21.228689770000003,1.445
21.23072041,1.7730000000000001
21.232272207,1.7730000000000001
21.233384816,1.768
21.234900369,1.768
21.238525900000003,1.768
21.239949607,1.439
21.240912145000003,1.444
21.242801571,1.589
21.246978787,1.305
21.247812268,1.489
21.248918613,1.489
21.250783481000003,1.584
21.253971264,1.207
21.254782379,1.207
21.374807465,1.722
21.374848814,1.6300000000000001
21.374874567000003,1.3960000000000001
21.374902603000002,1.447
21.377535695000002,1.6320000000000001
21.377565907,1.635
21.377590197,1.542
21.377615010000003,1.436
21.377639669,1.305
21.377673265000002,1.3980000000000001
21.378655772000002,1.3960000000000001
21.378685567,1.441
21.381420034,1.485
21.381449447,1.438
21.381475899,1.2550000000000001
21.381501503000003,1.395
21.381527058,1.2550000000000001
21.381557346,1.442
21.384449086,1.395
21.384512857,1.534
21.384539765000003,1.395
21.384568046000002,1.256
21.384594535,1.441
21.384622976000003,1.3960000000000001
21.390992623000002,1.302
21.391121016,1.49
21.391156743,1.213
21.391173412,1.21
21.391188652,1.3
21.391203616000002,1.307
21.391217368000003,1.3980000000000001
21.396334518,1.3980000000000001
21.396355601,1.3980000000000001
21.397810142,1.298
21.39783225,1.347
21.397849772,1.307
21.398459722000002,1.307
21.401068690000002,1.307
21.401084169,1.307
21.401097829,1.5330000000000001
21.401119511,1.5330000000000001
21.401139474,1.5330000000000001
21.401155303000003,1.5330000000000001
21.403955046,1.488
21.404005025,1.488
21.404046339,1.488
21.404082245,1.348
21.404112262,1.348
21.404137227,1.348
21.40416486,1.348
21.405636412,1.395
21.405667316000002,1.395
21.405699467,1.395
21.465318632000002,1.302
21.465361425,1.302
21.465389530000003,1.302
21.465417369,1.302
21.465442482,1.302
21.465471471,1.302
21.465491136,1.444
21.468520815,1.444
21.468547703000002,1.444
21.468571845,1.441
21.468599497,1.441
21.468627072,1.441
21.468653995,1.302
21.468675194000003,1.302
21.47086708,1.6280000000000001
21.470897092,1.6280000000000001
21.470928633,1.6280000000000001
21.470956436,1.6280000000000001
21.470982643000003,1.3940000000000001
21.471008066000003,1.3940000000000001
21.471034799,1.3940000000000001
21.474064050000003,1.3940000000000001
21.474085022,1.488
21.474098997000002,1.488
21.474114187,1.488
21.474125964000002,1.488
21.474140673,1.441
21.492791449000002,1.442
21.492809599,1.395
21.492822433,1.302
21.492833074,1.441
21.495730465,1.2550000000000001
21.495746661000002,1.209
21.495759930000002,1.488
21.495771874000003,1.441
21.495783525,1.209
21.495795779,1.209
21.495806318,0.932
21.498552849000003,1.488
21.4985728,1.162
21.498593160000002,1.164
21.498604893000003,1.3
21.498615011000002,1.35
21.498630859000002,1.442
21.502334692,1.486
21.50235474,1.486
21.502379678,1.486
21.502397848,1.254
21.50242394,1.254
21.502446034000002,1.254
21.502489219,1.353
21.505292527,1.353
21.505311388000003,1.353
21.505327714,1.309
21.505339749,1.309
21.505352117,1.309
21.505370979000002,1.309
21.508464802000002,1.2530000000000001
21.508479642,1.2530000000000001
21.508489939,1.2530000000000001
21.508499961000002,1.2530000000000001
21.508508198,1.348
21.508516637,1.539
21.508525147,1.207
21.508533684,1.207
21.511412157000002,1.205
21.511428778000003,1.303
21.511442314,1.306
21.511453926,1.306
21.51146542,1.2550000000000001
21.511477142,1.2550000000000001
21.537153332000003,1.21
21.537171177,1.252
21.537204226,1.123
21.537219694,1.204
21.53723258,1.312
21.537245181000003,1.21
21.54201772,1.213
21.542055474,1.4020000000000001
21.542079148000003,1.4020000000000001
21.542096243,0.988
21.542120488000002,1.3960000000000001
21.542152094000002,1.2510000000000001
21.542166675,1.213
21.543005068000003,1.168
21.543021531,1.165
21.544162031000003,1.486
21.544176693,1.069
21.544955526000003,1.264
21.545004797,1.309
21.545647454,1.309
21.54707187,1.3
21.548190504,1.3
21.55160347,1.351
21.552409095,1.351
21.553269863,1.207
21.554848505000002,1.207
21.558235516,1.117
21.559140420000002,1.123
21.561448779000003,1.357
21.563389246,1.344
21.564793128,1.2550000000000001
21.65368545,1.441
21.653714042,1.441
21.653740423000002,1.351
21.653768082000003,1.21
21.653796800000002,1.439
21.653827883,1.356
21.656472088,1.301
21.656501911000003,1.303
21.656518534,1.446
21.656534294,1.353
21.656548497000003,0.89
21.656562979,1.258
21.656575030000003,1.208
21.658098167000002,1.536
21.658135405000003,1.297
21.658156066,1.221
21.659768632000002,1.303
21.659804712,1.298
21.659835621000003,1.401
21.662598256000003,1.3980000000000001
21.662672306,1.439
21.662706625000002,1.3960000000000001
21.662741351,1.212
21.662788202,1.217
21.662820225,1.162
21.666362334000002,1.212
21.666398190000002,1.3960000000000001
21.666431089,1.348
21.666460888,1.355
21.666487751000002,1.303
21.666510705,1.207
21.671118419000003,1.2550000000000001
21.671155591,1.2550000000000001
21.671189545,1.308
21.671223847,1.168
21.671254324000003,1.351
21.671283221000003,1.351
21.674283941000002,1.351
21.674323438000002,1.21
21.674358153,1.21
21.674389673,1.21
21.674421118,1.252
21.674444716,1.252
21.674467573,1.252
21.674489836000003,1.252
21.677027277,1.298
21.677076634000002,1.298
21.677110802,1.343
21.67714253,1.343
21.67717347,1.343
21.678620841,1.348
21.678666148,1.348
21.678700781,1.348
21.678726790000002,1.348
21.717907328000003,1.3940000000000001
21.717947185,1.216
21.717978054,1.303
21.718003719000002,1.3
21.718028406000002,1.258
21.718061733000003,1.353
21.719367428,1.491
21.719399649,1.353
21.719424785,1.305
21.721686391000002,1.348
21.721739145,1.207
21.721787134000003,1.487
21.721839299000003,1.159
21.721875698,1.346
21.722724153,1.353
21.72276369,1.297
21.72490295,1.205
21.724946118000002,1.305
21.724961175,1.491
21.724975105000002,1.491
21.724986458,1.029
21.727923753000002,1.299
21.727934248,1.401
21.727943288000002,1.262
21.728658134,1.262
21.729491151,1.213
21.729543109,1.213
21.730415376,1.2550000000000001
21.731661781,1.2550000000000001
21.735672511,1.485
21.738329029000003,1.485
21.738389153,1.348
21.766655751000002,1.305
21.76667578,1.305
21.769850592,1.58
21.769870318000002,1.58
21.769884442000002,1.308
21.769897862,1.299
21.769923841,1.3920000000000001
21.769939328000003,1.17
21.769951664,1.165
21.771156743000002,1.35
21.774037124000003,1.301
21.774052182000002,1.3960000000000001
21.774063221000002,1.258
21.774074387000002,1.299
21.774084039,1.162
21.774093688,1.2550000000000001
21.774814550000002,1.44
21.774830262000002,1.348
21.817813155,1.351
21.817829975000002,1.117
21.817841734,1.303
21.817855012000003,1.303
21.820105441000003,1.3960000000000001
21.820122281,1.493
21.820136847,1.248
21.820148833,1.44
21.820160563,1.348
21.821460297,1.26
21.82147591,1.349
21.821485125000002,1.208
21.823649033000002,1.21
21.823675988,1.2510000000000001
21.823701915,1.351
21.823728221,1.298
21.823757289000003,1.208
21.826938102,1.346
21.82695839,1.217
21.826972939,1.165
21.826991135,1.353
21.827004776000003,1.3960000000000001
21.827018773000002,1.298
21.830138299,1.215
21.830155633,1.215
21.83016997,1.31
21.830178761000003,1.31
21.83395672,1.109
21.833975152,1.109
21.835927593,1.16
21.836965900000003,1.16
21.839363999,1.351
21.840047043000002,1.351
21.841372141,1.082
21.865049418,1.082
21.865075184000002,1.351
21.865090462,1.351
21.865104568000003,1.348
21.865118211000002,1.262
21.865132114,1.355
21.866532269,1.21
21.866554670000003,1.305
21.86749933,1.266
21.867514982000003,1.351
21.868193464,1.346
21.869001697,1.075
21.869019892,1.346
21.870614619,1.262
21.893025711,1.262
21.893041078000003,1.17
21.89305173,1.17
21.893062173,1.393
21.893072113000002,1.205
21.893083392,1.26
21.893258352,1.26
21.893289334000002,1.305
21.893309502,1.353
21.894243632000002,1.2550000000000001
21.894273329,1.2550000000000001
21.894297415,1.303
21.897093497,1.401
21.897853548,1.3960000000000001
21.902667515,1.303
21.904454415,1.249
21.905410092,1.487
21.906288721000003,1.487
21.907367867,0.937
21.910492314000003,1.21
21.912474179,1.346
21.914609135000003,1.205
21.915117050000003,1.205
22.036765348000003,1.208
22.036780681,1.169
22.036791903,1.351
22.03680271,1.351
22.036813039000002,1.3960000000000001
22.036823749,1.2550000000000001
22.037865357,1.441
22.038095253,1.441
22.038120354,1.441
22.038131219,1.348
22.039767874000002,1.346
22.039787877000002,1.439
22.039801277000002,1.439
22.039813929,1.3920000000000001
22.039829240000003,1.353
22.041932507000002,1.2510000000000001
22.041974848000002,1.212
22.042009292000003,1.441
22.042036651,1.489
22.042071383,1.206
22.042087607000003,1.44
22.042331533000002,1.203
22.043251050000002,1.117
22.043292753000003,1.165
22.044320415,1.351
22.044390185,1.3960000000000001
22.044428887000002,1.215
22.046674157,1.307
22.04672936,1.5310000000000001
22.046740962,1.162
22.046752107,1.445
22.046772788000002,1.2550000000000001
22.04678497,1.26
22.046802929000002,1.441
22.051754139,1.348
22.051812507,1.303
22.051824834,1.303
22.051836593,1.303
22.051853073,1.303
22.051865215000003,1.313
22.053019708,1.313
22.053037460000002,1.351
22.053049927,1.351
22.053060446,1.351
22.054169264000002,1.351
22.05418952,1.208
22.054202971000002,1.208
22.055497804,1.208
22.055543146,1.208
22.055551668,1.347
22.055560099,1.347
22.055568577000003,1.347
22.058238602000003,0.981
22.058264654000002,0.981
22.058280443,0.981
22.058292119,1.351
22.058951473,1.351
22.058982464,1.351
22.059003822,1.351
22.059603102,1.2550000000000001
22.059631798,1.2550000000000001
22.059897709,1.2550000000000001
22.060508118,1.2550000000000001
22.061087345,1.3980000000000001
22.061869949000002,1.3980000000000001
22.062463498,1.3980000000000001
22.062779726000002,1.437
22.063538137000002,1.437
22.064666253000002,1.437
22.065204511,1.437
22.065833993000002,1.355
22.066229858,1.355
22.066637941,1.355
22.067286154,1.355
22.06792982,1.489
22.068981831000002,1.489
22.069971008000003,1.489
22.071245596,1.262
22.073172015,1.262
22.074603586000002,1.353
22.076723826000002,1.299
22.195652849000002,0.9420000000000001
22.195670268,1.441
22.195683149,1.301
22.197475075,1.354
22.197492004,1.354
22.197504103,1.2610000000000001
22.197515851000002,1.25
22.197527872000002,1.58
22.200216271000002,1.485
22.200236580000002,1.346
22.200250477,1.346
22.201329087,1.351
22.201345187,1.3940000000000001
22.201356871,1.536
22.201740971000003,1.21
22.201794989,1.351
22.202918163,1.3980000000000001
22.203196696000003,1.344
22.203224155,1.389
22.204748032,1.078
22.204766795,1.351
22.204781508,1.298
22.204798516,1.303
22.204812149000002,1.2550000000000001
22.206452834,1.346
22.206476645000002,1.349
22.206491671000002,1.162
22.206505749,1.2550000000000001
22.206517522000002,1.294
22.207905488,1.2550000000000001
22.207935397,1.303
22.207951228000002,1.348
22.207968249,1.401
22.209516191000002,1.303
22.209554216,1.35
22.209571394,1.163
22.209584179,1.163
22.213208299,1.163
22.213226354,1.208
22.213240693000003,1.208
22.213257349000003,1.208
22.213269776,1.117
22.214608289,1.117
22.214627702,1.117
22.214639073,1.117
22.214650202,0.988
22.214663796,0.988
22.219826334,0.988
22.220713183,0.988
22.220736356,1.2550000000000001
22.221914795,1.2550000000000001
22.221979726,1.2550000000000001
22.222001171000002,1.54
22.222632148000002,1.54
22.222655998,1.54
22.223435205,1.54
22.223461224,1.305
22.224482874000003,1.305
22.224502972,1.305
22.224515507000003,1.444
22.225615874000002,1.444
22.225635265,1.444
22.225649401000002,1.444
22.227191514,1.16
22.228209517,1.16
22.228231197000003,1.16
22.22908989,1.3980000000000001
22.229123150000003,1.3980000000000001
22.229365068,1.3980000000000001
22.229951006,1.3980000000000001
22.231829122,1.256
22.23258604,1.256
22.232608645000003,1.256
22.232622005,1.256
22.233985232000002,1.21
22.234026250000003,1.21
22.234565596000003,1.21
22.234585918,1.21
22.235563181,1.299
22.236995745,1.346
22.239078426000003,1.346
22.243718621000003,1.3980000000000001
22.244287996,1.21
22.246317559,1.21
22.246876682,1.347
22.248813353000003,1.347
22.250831732,1.494
22.254177763,1.487
22.255852376,1.487
22.256869181000003,1.441
22.258747653,1.441
22.260947585,1.3960000000000001
22.262655241,1.536
22.265434667,1.258
22.268402905000002,1.487
22.269889519000003,1.487
22.270764375000002,1.305
22.272713351,1.489
22.274770524,1.168
22.276852671,1.446
22.278706725000003,1.446
22.281530663,1.214
22.40323107,1.3920000000000001
22.403294716,1.582
22.403327038,1.208
22.403360624,1.3980000000000001
22.40338895,1.303
22.403415454,1.2550000000000001
22.404478487000002,1.349
22.404505535000002,1.349
22.404529966000002,1.307
22.404548934,1.26
22.405573490000002,1.493
22.405616947000002,1.353
22.405641324,1.301
22.406917323000002,1.347
22.407152254,1.16
22.407182593,1.258
22.407429341,1.3920000000000001
22.407451583,1.3980000000000001
22.409083889,1.309
22.409116547,1.443
22.409150659,1.117
22.409177141,1.165
22.411159139000002,1.493
22.419531799,1.345
22.419627196,1.122
22.42092693,1.3940000000000001
22.420948106,1.487
22.420959255,1.351
22.42229091,1.033
22.422337118,1.21
22.422353768,1.205
22.422370997,1.441
22.424435192,1.444
22.424510502,1.303
22.424524106,1.305
22.424564859,1.447
22.424580911000003,1.447
22.424593566000002,1.447
22.426801151000003,1.441
22.426836795,1.441
22.426868820000003,1.441
22.426900772,1.3940000000000001
22.426935814,1.3940000000000001
22.426966734,1.2570000000000001
22.429124977,1.2570000000000001
22.429159902000002,1.2570000000000001
22.429191732000003,1.347
22.429223701,1.347
22.429245788000003,1.347
22.429268336,1.347
22.429290163,1.346
22.429313014,1.346
22.431223437,1.346
22.431258399,1.346
22.431283914,1.3960000000000001
22.431309317,1.3960000000000001
22.431333055,1.3960000000000001
22.431357855,1.3960000000000001
22.431379711,1.3940000000000001
22.432415111,1.3940000000000001
22.432446367,1.3940000000000001
22.43247093,1.3940000000000001
22.432495742,1.438
22.433076884000002,1.438
22.433103739,1.438
22.433785362000002,1.438
22.433814394000002,1.26
22.434442067000003,1.26
22.43446625,1.26
22.435861771000003,1.26
22.436330944,1.352
22.436361838,1.352
22.436815996,1.352
22.437300082,1.352
22.438520172,1.067
22.438546943000002,1.067
22.438888242,1.067
22.44018042,1.351
22.440931482,1.351
22.441849814,1.351
22.442934931,1.296
22.445221221,1.44
22.447134437000003,1.44
22.448854543000003,1.346
22.451680339000003,1.346
22.454132995000002,1.3940000000000001
22.455007978,1.3940000000000001
22.45665378,0.9380000000000001
22.460041196000002,1.212
22.461077787,1.308
22.462712615,1.353
22.465367695,1.165
22.467598484,1.3940000000000001
22.468676097000003,1.3940000000000001
22.470761913,1.389
22.473557236,1.299
22.474758497,1.169
22.476713708000002,1.346
22.479636314,1.346
22.481132401,1.347
22.483515268,1.2550000000000001
22.485258187000003,1.166
22.487195137,1.44
22.605931927,1.44
22.605955393000002,1.348
22.605972244,1.2550000000000001
22.60598847,1.346
22.607775551000003,1.305
22.607792413000002,1.353
22.607804253,1.032
22.607815724,1.162
22.607827368000002,1.208
22.607836932,1.444
22.611369894000003,1.305
22.611386407,1.485
22.611397692,1.351
22.611408507,1.3940000000000001
22.611419699000002,1.247
22.613379672,1.262
22.613395288000003,1.675
22.613406471,1.17
22.613417276,1.167
22.613428987000002,1.3940000000000001
22.613438973,1.2550000000000001
22.613921174,1.348
22.615113706000002,1.35
22.615128075,1.205
22.615138876000003,1.303
22.615988041,1.3920000000000001
22.61600357,1.303
22.617631174000003,1.3940000000000001
22.617648024,1.072
22.617660252,1.303
22.617672147,1.353
22.619522242000002,1.3940000000000001
22.619537224000002,1.3920000000000001
22.619547824,1.295
22.619558177000002,1.351
22.619568551,1.303
22.619577175,1.303
22.6218153,1.303
22.621841297000003,1.303
22.621867910000002,1.307
22.621883687,1.307
22.621899388000003,1.307
22.621919342,1.343
22.626550932,1.343
22.62656575,1.343
22.626576199000002,1.343
22.626586505000002,1.351
22.626595547,1.351
22.627686934,1.351
22.627702653,1.351
22.628786678,1.2510000000000001
22.628801951,1.2510000000000001
22.628814445,1.2510000000000001
22.630238581,1.345
22.630263046000003,1.345
22.630276196,1.206
22.630286401000003,1.206
22.631006827,1.206
22.632155522,1.436
22.633136974000003,1.436
22.633157062000002,1.436
22.633169829,1.355
22.633796177,1.355
22.633815551,1.355
22.634764507,1.165
22.635056219000003,1.165
22.635732825,1.165
22.636441822000002,1.206
22.637285241,1.206
22.638209517,1.206
22.638229975,1.206
22.639145068,1.485
22.640199306000003,1.485
22.641415083000002,1.485
22.641485053,1.3920000000000001
22.642266757,1.3920000000000001
22.642899106,1.3920000000000001
22.643732558,1.212
22.647198752,1.301
22.647785685000002,1.2550000000000001
22.649485213000002,1.2550000000000001
22.653553345000002,1.301
22.654254496,1.301
22.656435314000003,1.16
22.657160083,1.16
22.660428696,1.303
22.661402366,1.3960000000000001
22.663933669000002,0.989
22.665733896000003,1.342
22.667771404,1.203
22.668901112,1.203
22.671309384,1.485
22.673029212000003,1.485
22.674873058000003,1.262
22.677537279000003,1.3980000000000001
22.68078076,1.258
22.682224365,1.3920000000000001
22.682843517000002,1.342
22.686174018000003,1.303
22.687911729,1.4000000000000001
22.689543122,1.4000000000000001
22.691485489,1.349
22.810103908000002,1.443
22.810121453,1.346
22.810132282,1.348
22.812233470000002,1.445
22.812251707,1.2510000000000001
22.812267128000002,1.352
22.812280663000003,1.438
22.812293828,1.3920000000000001
22.81231155,1.303
22.812681755,1.351
22.815362535000002,1.351
22.815380097000002,1.298
22.816166068,1.35
22.81618426,1.3960000000000001
22.816803254,1.21
22.81682513,1.352
22.817597677000002,1.26
22.817613223000002,1.2530000000000001
22.819176983000002,1.305
22.819203775000002,1.354
22.819219818,1.303
22.819234541,1.117
22.819865290000003,1.3940000000000001
22.819886782,1.307
22.821686204000002,1.301
22.821727848000002,1.256
22.821741725000003,1.21
22.821761028,1.347
22.821773055,1.3940000000000001
22.82393717,1.485
22.823960147,1.165
22.823984601000003,1.163
22.824003542,1.4020000000000001
22.824019682000003,1.446
22.824033375000003,1.2550000000000001
22.826881423,1.351
22.82691629,1.351
22.826930562,1.351
22.826941683,1.208
22.826952385000002,1.208
22.826963326,1.208
22.826974153000002,1.256
22.828291675000003,1.256
22.828311622,1.256
22.828322504000003,1.256
22.828332699,1.167
22.829065552000003,1.167
22.829082475,1.167
22.829626490000003,1.167
22.829662835,1.5350000000000001
22.829674382,1.5350000000000001
22.829781409000002,1.5350000000000001
22.830513178,1.5350000000000001
22.834270654,1.351
22.834294261,1.351
22.835096496000002,1.351
22.835112612000003,1.351
22.835533175000002,1.354
22.835547897,1.354
22.83715503,1.354
22.839432446,1.354
22.839994546,1.493
22.841405507,1.493
22.841448193,1.493
22.841470028,1.578
22.841488864000002,1.578
22.841520909,1.578
22.842793330000003,1.354
22.842840665,1.354
22.843860723000002,1.354
22.846073851,1.354
22.846795602,1.439
22.846821169000002,1.439
22.84684524,1.439
22.848114862000003,1.256
22.84815244,1.256
22.848179713,1.256
22.848206870000002,1.441
22.849280709000002,1.441
22.851854361,1.441
22.853422018,1.441
22.854836113,1.305
22.856884406000002,1.3980000000000001
22.861332918000002,1.439
22.861354064,1.351
22.862713081000003,1.21
22.869702101,1.3940000000000001
22.870537049000003,1.305
22.870574227000002,1.305
22.871353913,1.442
22.872686218000002,1.442
22.874809462,1.2550000000000001
22.878503973,1.303
22.879405977,1.073
22.880579806,1.073
22.882589495,1.35
22.886123412,1.305
22.887000744,1.349
22.889069507000002,1.349
22.890651351000002,1.4000000000000001
22.893379433,1.306
22.894691879,1.306
22.949387238,1.348
22.949425856,1.3940000000000001
22.949456702000003,1.352
22.949484417,1.401
22.949520812000003,1.486
22.949544034000002,1.301
22.950462127,1.301
22.950489098000002,1.258
22.951120862,1.256
22.951151531,1.305
22.952987255,1.214
22.953019838000003,1.3920000000000001
22.953043507,1.532
22.953067004,1.441
22.953086435000003,1.3920000000000001
22.953760049000003,1.307
22.954969187,1.44
22.955526028,1.208
22.956216589,1.483
22.956239139,0.799
22.957254274,1.3960000000000001
22.957270471,1.212
22.957299715,1.305
22.959075307000003,1.5330000000000001
22.959089091000003,1.353
22.959100429000003,1.3960000000000001
22.959115157000003,1.3960000000000001
22.959134892,1.208
22.960307739,1.307
22.960403132,1.307
22.960434792,1.443
22.96129188,1.443
22.962273986000003,1.445
22.963578927,1.445
22.966683849000002,1.355
22.967980215,1.355
22.969466071000003,1.077
22.971262971,1.077
22.998381533,1.3960000000000001
22.998396484,1.446
22.99840734,1.2530000000000001
22.998417630000002,1.2530000000000001
22.998427635000002,1.445
22.998437583,1.208
23.000415712000002,1.347
23.000439697,1.124
23.000454638,1.163
23.000466250000002,1.487
23.001173973,1.442
23.001197159,1.3980000000000001
23.001832095,1.2590000000000001
23.001857298,1.484
23.002561313,1.347
23.003269742,1.347
23.006547958000002,1.206
23.008582324000002,1.442
23.009375647000002,1.442
23.011237742000002,1.3940000000000001
23.013283739000002,1.303
23.015183178,1.299
23.017174948,1.299
23.019508848,1.256
23.021068875,1.256
23.022724322000002,1.35
23.026500097000003,1.347
23.027109349,1.443
23.02939147,1.443
23.031069553000002,1.399
23.033356252,1.399
23.034711502,1.348
23.036779489,1.303
23.039272997,1.349
23.041820480000002,1.21
23.042890047,1.21
23.045986066,1.21
23.049082631,1.493
23.049855526,1.493
23.050785824000002,1.2550000000000001
23.053024828,1.305
23.054872445,1.2530000000000001
23.058237957000003,1.301
23.058797827000003,1.165
23.060637451,1.44
23.063334563,1.313
23.065155159,1.489
23.066866637,1.303
23.069122082,1.303
23.073260155,1.3980000000000001
23.073954993,1.35
23.075056946,1.35
23.076665257000002,1.354
23.078638088,1.119
23.08068192,1.299
23.08414399,1.349
23.0874518,1.258
23.087478849,1.3960000000000001
23.090586465,1.212
23.091655475000003,1.212
23.09429278,1.16
23.095267193,1.3940000000000001
23.097750714,1.443
23.098823734,1.443
23.100748367,1.256
23.220023067000003,1.447
23.220072573000003,0.9400000000000001
23.220086305000002,1.113
23.2200995,1.305
23.22182915,1.215
23.221873862000002,1.487
23.221896941,1.212
23.222027297,1.349
23.222048408000003,1.301
23.222086558,1.3900000000000001
23.226358325000003,1.44
23.226378735,1.303
23.226395384,1.399
23.226458286,1.256
23.226471013,1.399
23.226835212,1.299
23.226857347000003,1.3900000000000001
23.228092838000002,1.258
23.228169995000002,1.487
23.228267322,1.489
23.229245404,1.442
23.229264524,1.028
23.229279729,1.3980000000000001
23.231706895000002,1.165
23.231752784,1.258
23.231769177,1.445
23.231782527,1.208
23.233046933,1.438
23.233075227,1.2550000000000001
23.233084424,1.301
23.233097861,1.303
23.234171843000002,1.167
23.234193996000002,1.345
23.234225180000003,1.443
23.234868604000003,1.493
23.234918231,1.438
23.236182986000003,1.438
23.23621623,1.438
23.236232357000002,1.3940000000000001
23.236242466,1.3940000000000001
23.237554671,1.3940000000000001
23.2375718,1.256
23.237588480000003,1.256
23.237599170000003,1.256
23.237609260000003,1.442
23.238899106,1.442
23.238914961000003,1.442
23.238956446000003,1.442
23.238966889,1.346
23.239590184,1.346
23.239661275000003,1.346
23.241469765,1.346
23.241531501,0.985
23.24158092,0.985
23.242304741,0.985
23.242326286,0.985
23.244288735,1.3960000000000001
23.244320616000003,1.3960000000000001
23.244337036,1.3960000000000001
23.245485266000003,1.491
23.246215791,1.491
23.24622737,1.491
23.247257162,1.21
23.247858543000003,1.21
23.248434975000002,1.21
23.251897104,1.21
23.252741815,1.485
23.252800418000003,1.485
23.254104286,1.485
23.254197422,1.485
23.254209356,1.305
23.2542218,1.305
23.254233841,1.305
23.254721997,1.305
23.254769322,1.347
23.255292543000003,1.347
23.255653187,1.303
23.256793687000002,1.303
23.259696094000002,1.299
23.260761532,1.163
23.263195145,1.6260000000000001
23.265656411000002,1.6260000000000001
23.267395163,1.204
23.268903873000003,1.204
23.271099373000002,1.254
23.273090191,1.254
23.275220007,1.492
23.278735530000002,1.492
23.280837091000002,1.351
23.281364717000002,1.35
23.282727973,1.208
23.285824871000003,1.303
23.287755466,1.262
23.289627379000002,1.262
23.290993682,1.26
23.29341888,1.26
23.29534298,1.303
23.296814527000002,1.303
23.300001509,1.21
23.301804397,1.536
23.303932663,1.214
23.305564783,1.26
23.425128964000002,1.26
23.425148833,1.391
23.42516923,1.439
23.425181917,1.256
23.425192686000003,1.491
23.427103156,1.214
23.427267719000003,1.3940000000000001
23.427304627,1.258
23.427323255,1.301
23.427338934,1.252
23.431745569,1.3960000000000001
23.431765441000003,1.258
23.431780647,1.3940000000000001
23.431797040000003,1.349
23.431808783,1.44
23.432278801000002,1.2590000000000001
23.43229416,1.3960000000000001
23.433374134,1.2550000000000001
23.433399404000003,1.208
23.433437775,1.536
23.434493889000002,1.3
23.434522753000003,1.167
23.434536452,1.436
23.437298073,1.349
23.437317234,1.203
23.437331605,1.299
23.437347091000003,1.03
23.437361226,1.351
23.4373758,1.2590000000000001
23.437387613000002,1.35
23.439349209000003,1.254
23.439369872,1.258
23.439384562,1.349
23.439402344,1.35
23.439416386,1.206
23.439431388000003,1.353
23.441648857,1.353
23.441707870000002,1.353
23.441728236000003,1.31
23.441744859,1.31
23.441759143000002,1.31
23.442637703000003,1.4000000000000001
23.443255239000003,1.4000000000000001
23.444536583,1.4000000000000001
23.444563255000002,1.4000000000000001
23.444578222,1.487
23.444594115,1.487
23.445927685,1.487
23.445949261000003,1.487
23.445963955,1.305
23.445976862000002,1.305
23.446667614000003,1.305
23.446684695000002,1.352
23.44735112,1.352
23.447369628,1.352
23.448646873,1.352
23.448671158,1.169
23.449865432000003,1.169
23.449885193,1.169
23.450862767,1.169
23.450884643000002,1.354
23.451667143,1.354
23.451686495,1.354
23.469053066,1.354
23.469074256000003,1.3920000000000001
23.469088598000003,1.3920000000000001
23.469103685,1.3920000000000001
23.469116588000002,1.212
23.469129391000003,1.212
23.469142216,1.212
23.469156302000002,1.393
23.469175047,1.393
23.469970589000003,1.393
23.469987567,1.301
23.470000976,1.301
23.470013570000003,1.301
23.472120254,1.301
23.472152807,1.305
23.472169212,1.297
23.472186189000002,1.349
23.472198994000003,1.164
23.472213186,1.254
23.473089388,1.489
23.474282220000003,1.489
23.475760835000003,1.348
23.476875072000002,1.348
23.478821152000002,1.348
23.482827342,1.348
23.48359698,1.348
23.48548247,1.301
23.487797268,1.212
23.489713459,1.212
23.491751574000002,1.347
23.493190353000003,1.347
23.49650138,1.169
23.497559101,1.305
23.498854408,1.3900000000000001
23.500962429,1.3940000000000001
23.503231661,1.442
23.506413008000003,1.349
23.507293394,1.351
23.508922141000003,1.351
23.581420880000003,1.35
23.581468203,1.35
23.581493574000003,1.346
23.581516573000002,1.346
23.581536626000002,1.166
23.581558774,1.629
23.582634696000003,1.3940000000000001
23.582663911,1.348
23.582688014000002,1.3920000000000001
23.582711881,1.3960000000000001
23.583680126,1.348
23.583710073000002,1.077
23.583735388,1.113
23.586285292000003,1.348
23.586314539,1.483
23.586332315,1.254
23.587935644,1.445
23.587964057,1.35
23.587980692000002,1.117
23.587998869,1.487
23.588013573,1.299
23.588715043,1.355
23.588736451000003,1.166
23.591070604000002,1.5330000000000001
23.59217612,1.445
23.592205263,1.299
23.593346125,1.299
23.593379576,1.299
23.59339581,1.301
23.594544685000002,1.208
23.595238245,1.391
23.595256403,1.256
23.596529386,1.212
23.596559556000003,1.443
23.596572151,1.347
23.596583691000003,1.303
23.597587578000002,1.303
23.597604280000002,1.303
23.597616586,1.117
23.599269746,1.117
23.59930117,1.117
23.599316799,1.442
23.599330019,1.442
23.599878784,1.2550000000000001
23.599887542,1.212
23.601358051000002,1.212
23.602640445000002,1.167
23.606126785,1.299
23.607180218,1.303
23.608773996,1.303
23.610692224,1.214
23.612888871000003,1.491
23.646330221000003,1.3940000000000001
23.646367376,1.44
23.646392232,1.254
23.646426618000003,1.305
23.646453717,1.303
23.646482718,1.349
23.647595112,1.487
23.647627348,1.351
23.647651624,1.487
23.647670642,1.301
23.648200265,1.256
23.650064604,1.26
23.650099648,1.2510000000000001
23.650125793,1.3940000000000001
23.650151845,1.212
23.650175490000002,1.2510000000000001
23.651535122000002,1.442
23.651868716000003,1.299
23.652659579,1.305
23.654393384000002,1.349
23.655288573,1.349
23.657302339,1.442
23.659293641,1.442
23.660710595,1.032
23.664111445000003,1.442
23.665059225,1.3940000000000001
23.668317434000002,1.493
23.669240075,1.493
23.672728456,1.343
23.673469148000002,1.343
23.674639969,1.161
23.676623149,1.348
23.680063938,1.3920000000000001
23.681243743000003,1.3960000000000001
23.682678807000002,1.58
23.685210063000003,1.58
23.687686543,1.445
23.689186228,1.445
23.690666128,1.254
23.692639532,1.307
23.699130039,1.3960000000000001
23.699153346000003,1.391
23.7007812,1.442
23.704177958000002,1.307
23.704894781,1.307
23.705808579000003,1.2590000000000001
23.706993396,1.2590000000000001
23.7091281,1.303
23.711791392000002,1.303
23.713467418,1.299
23.715389002000002,1.299
23.744396536,1.303
23.74441798,1.437
23.744437395000002,1.303
23.744448608000003,1.349
23.746566973,1.438
23.74658382,1.303
23.746594921,1.35
23.746605997000003,1.485
23.746616791,1.26
23.746627543000002,1.44
23.74957878,1.16
23.749599678000003,1.35
23.749611117,1.159
23.749622173000002,1.3
23.750145553000003,1.2570000000000001
23.750969508,1.301
23.755527645,1.2590000000000001
23.755551246000003,1.445
23.755956531000002,1.493
23.756370312,1.493
23.757702545,1.445
23.759566372000002,1.256
23.760955246,1.256
23.764412841000002,1.443
23.765150863000002,1.345
23.767884856000002,1.345
23.768873106,1.309
23.79793872,1.252
23.797994492,1.252
23.800395221000002,1.305
23.800426095000002,1.165
23.800449923000002,1.065
23.80049615,1.065
23.800520408,1.443
23.800547356000003,1.2530000000000001
23.800629868,1.205
23.801166055000003,1.26
23.802315084,1.3960000000000001
23.802356554000003,1.349
23.802906376000003,1.3980000000000001
23.802938699000002,1.445
23.803832823,1.349
23.803875415,1.208
23.805385312000002,1.3980000000000001
23.806191219000002,1.254
23.809147363,1.347
23.809635644,1.347
23.813045616,1.299
23.814068543,1.299
23.816141851,1.301
23.818675958,1.2550000000000001
23.819455593,1.449
23.820829656,1.442
23.824755584000002,1.254
23.825605953,1.301
23.828218640000003,1.3940000000000001
23.829155233,1.3940000000000001
23.831834794000002,1.493
23.83300109,1.2610000000000001
23.834757107,1.2610000000000001
23.836711144000002,1.303
23.83891724,1.303
23.840796209,1.3900000000000001
23.843638016,1.536
23.845752113000003,1.536
23.847313162000003,1.309
23.849543918000002,1.309
23.852171704,1.208
23.853118965,1.208
23.856147577,1.252
23.857267451000002,1.3960000000000001
23.859365745,1.445
23.860760226,1.349
23.862862743,1.301
23.866182300000002,1.297
23.867632857,1.442
23.870188515000002,1.351
23.871008725000003,1.351
23.872662913000003,1.3940000000000001
23.874639132000002,1.3940000000000001
23.876936378,1.256
23.881262797,1.3940000000000001
23.881292758,1.115
23.882651558000003,1.442
23.885616799,1.295
23.887037405,1.305
23.888668210000002,1.305
23.890656673000002,1.301
23.893254063,1.3960000000000001
23.894792950000003,1.258
23.896704926,1.258
23.899460336,1.3940000000000001
23.902373603,1.354
23.903145941000002,1.354
23.90498311,1.393
23.906862103,1.3940000000000001
23.910233191000003,1.208
23.911187703000003,1.208
23.913626110000003,1.351
23.914680839000003,1.351
23.917171800000002,1.3900000000000001
23.918670924,1.252
23.951928884,1.262
23.951964646,1.354
23.951992641,1.2590000000000001
23.952018757,1.248
23.95204395,1.44
23.952070939000002,1.2570000000000001
23.953463204000002,1.2570000000000001
23.953499626000003,0.989
23.953523474,1.161
23.953542260000003,1.3960000000000001
23.956067549,1.163
23.958822073,1.3940000000000001
23.958856884000003,1.299
23.958884171,1.5330000000000001
23.958915249,1.081
23.958949079,1.2510000000000001
23.958976493,1.208
23.959003199,1.347
23.959527913000002,1.347
23.959982046,1.256
23.961309094,1.256
23.96443601,1.489
23.965297997,1.489
23.967088047,1.347
23.969942832,1.345
23.970929072,1.301
23.973797386,1.301
24.003192559000002,1.352
24.003225760000003,1.352
24.003255305000003,1.3960000000000001
24.003278894,1.441
24.005329681000003,1.306
24.005356996,1.306
24.005380723000002,1.2590000000000001
24.005404105,1.35
24.005427866,1.3940000000000001
24.005453301000003,1.254
24.007812214,1.352
24.007843142000002,1.21
24.007869798,1.303
24.007890614,1.3980000000000001
24.008534836000003,1.3960000000000001
24.009200163000003,1.35
24.010501517,1.35
24.010526759,1.3940000000000001
24.011346024,1.3940000000000001
24.012821388000003,1.352
24.015289162000002,1.352
24.018208259,1.208
24.019079697000002,1.208
24.021093144,1.487
24.022942723,1.301
24.025319043000003,1.301
24.026998367,1.35
24.029189696000003,1.35
24.031170651,1.305
24.032615775,1.305
24.034655596,1.442
24.036640977,1.256
24.038684386,1.347
24.040970903,1.16
24.042787051,1.301
24.044969899,1.489
24.047455436,1.254
24.049184637,1.254
24.050716427,1.443
24.053089434,1.262
24.056061313,0.851
24.058443092,1.305
24.060130700000002,1.303
24.062408876000003,1.347
24.063112077000003,1.442
24.066282471,1.442
24.067272935000002,1.391
24.068837480000003,1.391
24.070992781,1.212
24.07331297,1.212
24.076143233,1.349
24.077100525000002,1.307
24.078672461,1.487
24.081715305000003,1.2590000000000001
24.084314207000002,1.401
24.085362603,1.166
24.088303827,1.161
24.089186856,1.161
24.090879242,1.347
24.093133362000003,1.345
24.096978965,1.258
24.097720039000002,1.258
24.098928325000003,1.2610000000000001
24.100687792000002,1.349
24.102613339,1.491
24.105333522000002,1.347
24.107019589,1.303
24.109077097,1.303
24.111024729,1.305
24.114974925000002,1.305
24.115882837,1.204
24.116624631,1.204
24.118958435000003,1.35
24.120709752,1.35
24.124472615000002,1.347
24.125751237000003,1.2590000000000001
24.154404427000003,1.299
24.154426608,1.299
24.154439769000003,1.208
24.156038477000003,1.442
24.156053978000003,1.442
24.156064557,1.343
24.156074642,1.538
24.156083463,1.305
24.158495919,1.347
24.15851327,1.306
24.158525413000003,1.299
24.159813528,1.436
24.159832229000003,1.16
24.159845538000003,1.35
24.160470701,1.2610000000000001
24.16048727,1.442
24.161478596000002,1.352
24.161941954000003,1.3960000000000001
24.163382179000003,1.3960000000000001
24.166790024,1.3940000000000001
24.167236496,1.3940000000000001
24.169729466000003,1.3940000000000001
24.171483929,1.3940000000000001
24.173865210000002,1.489
24.174739781000003,1.489
24.176780899,1.254
24.178835447,1.44
24.209480693000003,1.443
24.209534688,1.16
24.209578466,1.344
24.209615108,1.347
24.209641270000002,1.536
24.209676430000002,1.21
24.210240383000002,1.163
24.2102772,1.5330000000000001
24.211724436,1.303
24.211754283,1.254
24.211776784,1.214
24.213052201,1.491
24.213083623000003,1.3960000000000001
24.213105988000002,1.347
24.213124712000003,1.2510000000000001
24.213513306000003,1.256
24.214260093,1.212
24.214988314000003,1.212
24.217772223,1.254
24.218671631000003,1.254
24.220668178,1.4000000000000001
24.224460089,1.2550000000000001
24.225213964,1.346
24.227212603,1.346
24.229047425,1.3940000000000001
24.231175800000003,1.3940000000000001
24.233144829,1.489
24.234625905,1.489
24.236884768000003,1.3980000000000001
24.239933243000003,1.346
24.240865681000002,1.301
24.242606677,1.206
24.245324214,1.3940000000000001
24.247212976,1.3940000000000001
24.249050282000002,1.35
24.250621508000002,1.35
24.253689842,1.256
24.254723416,1.26
24.257463849,1.26
24.258636861000003,1.3940000000000001
24.261921,1.305
24.262984549000002,1.3960000000000001
24.265593266,1.3980000000000001
24.266770240000003,1.3980000000000001
24.268735508000002,1.256
24.271311118,1.307
24.273044204,1.307
24.275282295,1.44
24.277524731,1.44
24.278707541000003,1.303
24.280685235,1.164
24.282574872,1.345
24.285531378,1.344
24.286943522,1.344
24.289099680000003,1.3940000000000001
24.291176035000003,1.3940000000000001
24.292750190000003,1.305
24.294994668,1.35
24.297134586000002,1.35
24.298679242000002,1.165
24.301891544,1.346
24.302846707,1.48
24.305817653000002,1.349
24.307203339,1.349
24.308629476,1.214
24.310657816000003,1.348
24.312665295000002,1.349
24.315289883000002,1.349
24.316651548000003,1.214
24.318752597000003,1.438
24.320626465,1.2590000000000001
24.322559501,1.355
24.325799365,1.542
24.326733157000003,1.542
24.330023,1.3940000000000001
24.331605761000002,1.349
24.333104962,1.347
24.334631175000002,1.347
24.337420131000002,1.44
24.340576917,1.256
24.341194316000003,1.215
24.342661900000003,1.252
24.345394122000002,1.303
24.34710683,1.303
24.349328258,1.437
24.350685374,1.437
24.353311100000003,1.442
24.354828304,1.156
24.356861337,1.156
24.358733329000003,1.343
24.360789428,1.3960000000000001
24.363444531000003,1.445
24.367433281,1.347
24.367447942000002,1.347
24.370395382,1.445
24.371148700000003,1.445
24.373013743,1.3960000000000001
24.375183630000002,1.3960000000000001
24.377059521000003,1.399
24.378711836,1.256
24.380671256000003,1.399
24.383839903000002,1.439
24.385321508,1.44
24.386780644,1.44
24.38875689,1.35
24.39070119,1.35
24.393069946,1.074
24.394641038000003,1.438
24.397270000000002,1.3
24.400511561000002,1.35
24.400967928,1.35
24.402719242,1.349
24.405772765000002,1.256
24.406835118,1.35
24.409525614000003,1.35
24.411047302,1.3
24.41260558,1.3
24.414607383,1.307
24.417099936000003,1.307
24.419188679,1.301
24.420711537000003,1.2590000000000001
24.425417929,1.252
24.425765726,1.3960000000000001
24.427631465,1.3960000000000001
24.428787666,1.165
24.432114801,1.349
24.434958488000003,1.3940000000000001
24.435638211,1.212
24.436701867,1.212
24.440694357,1.213
24.441286852,1.3980000000000001
24.44261463,1.487
24.445454548,1.347
24.447369111,1.347
24.448735907000003,1.254
24.450644081,1.254
24.453162751,1.305
24.455164107,1.164
24.457338529,1.164
24.458615829000003,1.442
24.461181567,1.296
24.462724809,1.307
24.465227570000003,1.301
24.466966886,1.393
24.469225716,1.393
24.471649504000002,1.536
24.472884521,1.536
24.474672258000002,1.07
24.47695836,1.07
24.479051622,1.438
24.481935629000002,1.2570000000000001
24.483656055,1.393
24.486151386000003,1.117
24.487279137,1.117
24.490836556,1.442
24.491480968,1.442
24.493504830000003,1.303
24.494681591000003,1.165
24.49667687,1.165
24.499554653,1.35
24.501262634000003,1.2610000000000001
24.502601454,1.204
24.504654186,1.393
24.506745809,1.489
24.508754528,1.489
24.510696936000002,1.303
24.513157311,1.354
24.515048293000003,1.214
24.516848454,1.214
24.518560378,1.442
24.520645562000002,1.303
24.522596878,1.347
24.5264017,1.442
24.527605041,1.584
24.52875333,1.584
24.530694291000003,1.391
24.533096237000002,1.631
24.535430139000002,1.161
24.536786435,1.442
24.539337041000003,1.5330000000000001
24.541300705,1.389
24.542604152000003,1.3960000000000001
24.545235313000003,1.391
24.547180109000003,1.305
24.548719966,1.305
24.550613713,1.307
24.55323003,1.344
24.554859753000002,1.254
24.556821664,1.487
24.558743564,1.347
24.560743532,1.256
24.562960854,1.303
24.565321014000002,1.399
24.567220511000002,1.342
24.570123049000003,1.342
24.570940392,1.487
24.573758824000002,1.487
24.575423834000002,1.16
24.576704794,1.354
24.580212262,1.301
24.580741542000002,1.3920000000000001
24.583441619000002,1.2590000000000001
24.585618046,1.2590000000000001
24.587818328,1.401
24.588874287000003,1.401
24.590864271,1.351
24.592977269000002,1.485
24.595204745,1.487
24.596799485000002,1.308
24.599121729,1.301
24.602622328000002,1.347
24.604044829000003,1.303
24.605258142,1.256
24.607551652,1.3940000000000001
24.609560249,1.3940000000000001
24.611078849000002,1.349
24.612977683,1.2610000000000001
24.615625012000002,1.308
24.618854858000002,1.3940000000000001
24.619464426,1.3940000000000001
24.621100978,1.3960000000000001
24.623070779000003,1.345
24.625829141,1.303
24.627383337,1.445
24.629309246000002,1.445
24.631067717,1.3920000000000001
24.633388077000003,1.445
24.635405943000002,1.2530000000000001
24.637386453,1.493
24.639148723,1.493
24.641232494,1.349
24.642838684,1.489
24.645640158000003,1.2610000000000001
24.647370571000003,1.164
24.649567717,1.164
24.650843676,1.3960000000000001
24.653393084,1.442
24.655468927,1.442
24.656960793000003,1.579
24.659336403,1.25
24.661241352,1.349
24.662919885,1.298
24.665063756000002,1.168
24.667627120000002,1.481
24.669266672000003,1.481
24.671419964000002,1.354
24.672757363000002,1.3980000000000001
24.674868049,1.254
24.677310637,1.445
24.679686353,1.445
24.681406649000003,1.354
24.683495721,1.354
24.686385408000003,1.345
24.687485663,1.21
24.689430083,1.301
24.691043203000003,1.301
24.693492226,1.299
24.697273944000003,1.442
24.697388591000003,1.349
24.699425310000002,1.3980000000000001
24.702464928,1.3980000000000001
24.704375371,1.2570000000000001
24.705249396000003,1.2570000000000001
24.708725808,1.299
24.709357804000003,1.299
24.711496513,1.443
24.713716884,1.443
24.714742435,1.262
24.717098696,1.299
24.718658847,1.299
24.720878172000003,1.21
24.724568944,1.3940000000000001
24.727013539,1.3960000000000001
24.728096172,1.397
24.729364992,1.397
24.731276167,1.2590000000000001
24.732669841,1.2590000000000001
24.735243054,1.438
24.736928602000003,1.487
24.739124155000003,1.166
24.740639691000002,1.166
24.743232467000002,1.252
24.745122953000003,1.296
24.746688678,1.393
24.749187587,1.393
24.751029403,1.299
24.752720739,1.299
24.754828308,1.306
24.757745932000002,1.3960000000000001
24.758684780000003,1.256
24.760746426,1.2590000000000001
24.762765266000002,1.303
24.765451875,1.254
24.767562249,1.3940000000000001
24.769599666,1.3940000000000001
24.770720285000003,1.445
24.773508857000003,1.352
24.775047892,1.3980000000000001
24.777025508,1.17
24.778698536,1.443
24.781081571,1.443
24.782834395000002,1.35
24.786158581000002,1.35
24.787069158,1.347
24.788763685000003,1.347
24.792372582000002,1.349
24.794616219,0.9400000000000001
24.795417758000003,1.44
24.797121465,1.44
24.799001046,1.347
24.80194749,1.347
24.802664829,1.347
24.805713748000002,1.485
24.806823226000002,1.446
24.808819118000002,1.446
24.810691581,1.443
24.813324013000003,1.303
24.815271441,1.303
24.81725664,1.3980000000000001
24.820399975,1.303
24.821352081,1.303
24.822736611,1.3920000000000001
24.825108636000003,1.3960000000000001
24.827197132000002,1.35
24.82953071,1.35
24.832168098,1.35
24.833023587000003,1.3920000000000001
24.83470794,1.3920000000000001
24.836673104000003,1.443
24.838701592000003,1.204
24.841747745000003,1.2610000000000001
24.842615235,1.301
24.846996987,1.119
24.848564324,1.2590000000000001
24.849209368,1.2590000000000001
24.850699618,1.35
24.853253228,1.35
24.85615217,1.215
24.85845644,1.034
24.859077884,1.349
24.860961616,1.303
24.863195155000003,1.2590000000000001
24.865151871000002,1.303
24.867004571000002,1.354
24.868742928000003,1.354
24.870713055000003,1.303
24.873295044000002,1.303
24.874640179,1.443
24.876671699000003,1.401
24.878648654000003,1.345
24.880625740000003,1.166
24.882574565000002,1.3960000000000001
24.88632827,1.307
24.887278883,1.483
24.889843603000003,1.483
24.891052026,1.44
24.894341521,1.44
24.895985636000002,1.305
24.897038288,1.256
24.898675254,1.256
24.902362555,1.21
24.903930336000002,1.48
24.905498754,1.48
24.907028162000003,1.168
24.909317256,1.168
24.910749934000002,1.303
24.912725064,1.303
24.914611832000002,1.44
24.917328133,1.164
24.920481527000003,1.489
24.921633670000002,1.349
24.922738456,1.349
24.925008834,1.393
24.927947352,1.4000000000000001
24.929462252,1.4000000000000001
24.931079442,1.438
24.932723771000003,1.438
24.935029506000003,1.443
24.936698206000003,1.443
24.938652131,1.3960000000000001
24.942245607,1.2570000000000001
24.944549364,1.208
24.945473341000003,1.303
24.947209428,1.349
24.949084491,1.349
24.951664922000003,1.349
24.952635584000003,1.343
24.955209595000003,1.35
24.957292017,1.443
24.958735188000002,0.935
24.962094735,1.256
24.964892875,1.3940000000000001
24.965794634,1.445
24.968247067,1.303
24.969912978,1.303
24.972184898000002,1.581
24.973151008000002,1.581
24.97473102,1.347
24.977499384,1.256
24.979198516,1.21
24.980690546,1.21
24.982895236,1.21
24.985789708000002,1.21
24.988318909,1.491
24.989099845000002,1.491
24.990641183,1.256
24.993654347000003,1.2590000000000001
24.994795906,1.168
24.998236692000003,1.299
24.999132565,1.301
25.00121854,0.984
25.003188632,1.307
25.005269628,1.307
25.007499852000002,1.3960000000000001
25.009043787000003,1.3960000000000001
25.010633961,1.208
25.012587363,1.3960000000000001
25.01459268,1.301
25.016661013,0.886
25.019188104,1.214
25.022868816000003,1.442
25.023218699,1.442
25.026391842000002,1.305
25.027176632000003,1.395
25.029288565,1.395
25.031031355000003,1.21
25.032808662,1.2570000000000001
25.035163719,1.3
25.036922701,1.3
25.038811617,1.3940000000000001
25.041171263000003,1.3940000000000001
25.043076833,1.303
25.046463025,1.489
25.047656789,1.256
25.049078539,1.256
25.050837886,1.349
25.053291713,1.349
25.056266313000002,1.3940000000000001
25.057189186000002,1.3940000000000001
25.060221024,1.305
25.061224132000003,1.305
25.064425599000003,1.3
25.065393202000003,1.44
25.068549949,1.21
25.071260902000002,1.21
25.071791682,1.342
25.072931756000003,1.3940000000000001
25.076369109,1.349
25.076802500000003,1.349
25.080555303,1.443
25.081154915000003,1.443
25.086057967000002,1.445
25.08607748,1.347
25.088273540000003,1.301
25.089360399,1.301
25.090793268000002,1.442
25.093139787000002,1.3980000000000001
25.096216958000003,1.5330000000000001
25.097149464,1.5330000000000001
25.099250746000003,1.487
25.100650929,1.3940000000000001
25.104045062,1.208
25.10511822,1.345
25.107237374,1.345
25.110587647000003,1.58
25.11145973,1.58
25.113058217000003,1.446
25.114902951,1.446
25.116786096000002,1.307
25.118609662,1.258
25.120972392000002,1.306
25.122569518000002,1.35
25.125760399,1.393
25.126715034,1.212
25.128711204000002,1.445
25.131354544,1.445
25.133336616,1.208
25.13473507,1.208
25.137816282000003,1.3940000000000001
25.138728552,1.391
25.142726688000003,1.3960000000000001
25.144283689,1.208
25.145022771,1.353
25.147408561000002,1.353
25.149622182,1.3940000000000001
25.150745904,1.3940000000000001
25.153049792,1.354
25.154618442,1.354
25.158226635000002,1.3940000000000001
25.159073509000002,1.256
25.160901326,1.256
25.164059317000003,1.49
25.166286407,1.347
25.168252969,1.347
25.169875648,1.347
25.170904392,1.347
25.173317619000002,1.347
25.175003246000003,1.298
25.177040211,1.298
25.179884077,1.349
25.180812261,1.352
25.183162223,1.347
25.185624184,1.484
25.187252966000003,1.299
25.188674497,1.299
25.190918014,1.486
25.192719398,1.486
25.195307838,1.347
25.196859381000003,1.208
25.198808322,1.397
25.200657906,1.438
25.202858347000003,1.445
25.205901377,1.248
25.208160343000003,1.21
25.209072408,1.21
25.210713663,1.3980000000000001
25.213321799000003,1.256
25.215735146,1.296
25.216867624000002,0.936
25.218713445000002,1.347
25.221048651,1.217
25.22403441,1.256
25.224837486000002,1.073
25.226981090000002,1.536
25.228767976,1.305
25.231143912,1.305
25.233776433000003,1.442
25.234793885000002,1.256
25.236977683000003,1.3960000000000001
25.23857676,1.346
25.240906995000003,1.309
25.24293334,1.309
25.247551456,1.303
25.247613583000003,1.164
25.248867283000003,1.2570000000000001
25.251210657,1.2570000000000001
25.252663146000003,1.208
25.254858526000003,1.3960000000000001
25.256801853000002,1.491
25.260533373,1.438
25.261218257000003,1.3960000000000001
25.262627406,1.35
25.266780439,1.297
25.267456667,1.347
25.269058654000002,1.347
25.270718908000003,1.2590000000000001
25.273303905000002,1.2590000000000001
25.274607045000003,1.21
25.277975193000003,1.256
25.278954902000002,1.218
25.280815,1.029
25.282668268000002,1.2570000000000001
25.285712319,1.399
25.287469150000003,1.442
25.289117495000003,1.442
25.290815439000003,1.349
25.293618651000003,1.113
25.295763246,1.113
25.296658097,1.345
25.298696618,1.486
25.300679624,1.44
25.302677563000003,1.354
25.306112199,1.303
25.307488277,1.213
25.309761195,1.213
25.311172040000002,1.442
25.313239801,1.442
25.31484876,1.212
25.316841339000003,1.35
25.319170127000003,1.2590000000000001
25.320900682,1.21
25.323388988,1.21
25.326344945000002,1.44
25.32742653,1.442
25.328990944,1.442
25.332064707,1.345
25.333126631000003,1.165
25.334740516,1.485
25.336796408,1.3940000000000001
25.339240065000002,1.536
25.341096575,1.164
25.344367045000002,1.164
25.346629867,1.349
25.347262698,1.212
25.348761436,1.212
25.351268525000002,1.305
25.353624734,1.349
25.356360027,1.349
25.357153088,1.347
25.359083294,1.2610000000000001
25.363387363,1.252
25.363916237,1.301
25.365240800000002,1.347
25.36703457,1.3940000000000001
25.368779372000002,1.3940000000000001
25.371006532000003,1.489
25.374642152,1.345
25.375766635,1.393
25.377251093,1.074
25.378706960000002,1.254
25.380855106000002,1.303
25.382799063,1.122
25.385887378000003,1.2570000000000001
25.387426667000003,1.2590000000000001
25.388833175000002,1.2590000000000001
25.390707189,1.161
25.393387414000003,1.21
25.394758936000002,1.489
25.396731478000003,1.3980000000000001
25.399614233,1.301
25.400905195,1.301
25.403996755,1.212
25.404826096,1.212
25.408160855000002,1.256
25.409268665000003,1.256
