t,value
0.8869000090000001,0.09
0.886942314,0.09
0.8888546030000001,0.045
0.8892019210000001,0.045
0.891202664,0.015
0.8936977840000001,-0.03
0.894603083,-0.03
0.8970212660000001,-0.105
0.9003769370000001,-0.135
0.9011172180000001,-0.135
0.9035338620000001,0.09
0.904817968,0.075
0.9065982560000001,0.075
0.9087919520000001,0.0
0.9114131280000001,0.0
0.9147392580000001,-0.075
0.915518045,-0.015
0.916517553,0.045
0.918717251,-0.06
0.9221366160000001,0.015
0.922891196,0.06
0.9269183120000001,-0.03
0.9275540840000001,-0.105
0.929238271,-0.105
0.932238734,-0.09
0.9329344810000001,-0.09
0.9368476170000001,0.075
0.937523842,0.075
0.9392475240000001,0.015
0.941381032,0.015
0.9428864,-0.135
0.946395713,0.09
0.9483211970000001,0.045
0.9490200830000001,0.045
0.9506005340000001,0.0
0.954668928,-0.075
0.9554421200000001,-0.075
0.956630741,-0.075
0.9587138310000001,0.045
0.961451618,0.06
0.9643660220000001,-0.015
0.96537211,-0.015
0.967172943,0.015
0.9691366170000001,0.015
0.970655884,-0.015
0.972876472,0.045
0.9748062860000001,0.15
0.9766658720000001,0.0
0.9803086350000001,0.075
0.980771311,-0.12
0.9851784710000001,-0.045
0.98545636,-0.06
0.9869722240000001,-0.105
0.9885819600000001,-0.105
0.9914998450000001,-0.12
0.992811761,0.045
0.9945796750000001,0.09
0.9964651250000001,0.03
0.998629215,0.03
1.00051241,-0.045
1.0024738880000001,0.075
1.005125437,0.09
1.006969416,0.045
1.008746359,0.045
1.010511796,0.12
1.012876447,0.03
1.016495564,-0.045
1.017430611,0.0
1.018782002,0.045
1.020635143,0.06
1.022587197,0.09
1.025579832,-0.015
1.028181392,-0.075
1.029015486,-0.075
1.030627993,0.015
1.033208495,0.015
1.036853798,-0.075
1.0375072330000001,-0.075
1.0386982150000001,-0.045
1.040584368,-0.135
1.042495124,-0.045
1.045446627,0.015
1.0486023740000001,0.015
1.0492742000000002,0.015
1.050627365,-0.12
1.053305763,-0.12
1.054936031,0.09
1.056864636,0.03
1.058886725,0.0
1.061123995,0.0
1.066045449,-0.075
1.066088504,-0.075
1.067730813,-0.135
1.0690649410000002,-0.135
1.0707799770000002,0.09
1.072504083,0.09
1.074494918,-0.09
1.0772224240000001,-0.015
1.079008686,0.15
1.080700296,0.015
1.082718179,0.015
1.084627768,0.0
1.088042642,0.015
1.089123666,-0.015
1.0911370710000001,-0.015
1.0929035850000002,0.015
1.094569063,0.015
1.0981988660000002,-0.06
1.100013163,-0.03
1.101528281,0.0
1.102729859,-0.045
1.1055911790000001,-0.09
1.107092615,-0.015
1.1089178400000002,-0.015
1.110526906,0.045
1.112754684,-0.12
1.115460348,0.06
1.116492064,0.06
1.118997846,0.09
1.122625801,0.0
1.1232064400000001,0.0
1.126066931,0.045
1.128748914,-0.03
1.1292740920000002,-0.03
1.130851218,0.045
1.133487023,0.06
1.1347489720000001,0.06
1.136478565,-0.09
1.1400997050000001,0.075
1.1415275520000001,0.075
1.1424840870000001,0.045
1.1471504940000001,0.12
1.148899659,0.06
1.149346766,0.06
1.1518438400000002,-0.105
1.1528669710000001,0.075
1.154545779,0.09
1.1570754330000002,0.045
1.159311326,0.045
1.162224544,0.15
1.163527401,0.06
1.166158374,0.03
1.167311098,-0.015
1.1690071910000002,-0.06
1.171096472,-0.06
1.174697577,-0.045
1.1753021620000002,0.06
1.177212025,-0.015
1.178570857,0.15
1.180959506,0.06
1.183171309,-0.015
1.186582902,0.105
1.189629384,-0.03
1.1896669850000001,0.075
1.1913082430000002,0.0
1.192729654,0.0
1.1960779860000001,0.0
1.198242908,-0.075
1.1989912850000002,-0.09
1.203609779,-0.075
1.203640628,-0.075
1.206174047,-0.06
1.207137957,0.0
1.208623237,0.0
1.211482004,0.03
1.2129004920000002,0.03
1.2148328910000001,0.015
1.2179555210000002,0.015
1.2187128760000001,0.09
1.22053911,-0.015
1.22244989,0.06
1.225681797,0.09
1.2269725980000001,0.015
1.228937245,0.015
1.230538579,-0.06
1.233938564,-0.075
1.234953452,-0.075
1.236758711,-0.06
1.2385374180000002,0.075
1.240729486,0.045
1.242585403,-0.03
1.245165979,0.105
1.2473932140000001,0.075
1.248629908,0.075
1.250526237,0.03
1.252672915,0.015
1.254992809,0.015
1.256585826,-0.075
1.258460968,-0.075
1.261552757,-0.12
1.264351693,-0.09
1.265446616,-0.12
1.267464992,0.06
1.2696185690000001,0.06
1.270570223,-0.06
1.272489255,-0.06
1.2745360700000001,0.12
1.2765856930000001,-0.03
1.27840949,0.045
1.2808365460000002,-0.09
1.282894484,-0.06
1.2856736400000002,0.075
1.287446828,-0.105
1.289208206,-0.105
1.291022696,0.12
1.292733777,0.12
1.2945014160000001,0.045
1.2979424050000001,-0.045
1.298904144,-0.03
1.3005394570000002,0.0
1.302913267,0.045
1.306178207,0.06
1.307482615,-0.075
1.308816593,-0.075
1.310512023,0.015
1.312748524,-0.015
1.315051489,0.045
1.3166085090000001,-0.09
1.319765294,0.09
1.32203197,0.075
1.322879034,0.015
1.3261218240000001,0.06
1.327290279,-0.045
1.329438885,-0.045
1.332155769,0.06
1.332820836,0.015
1.334695291,-0.03
1.338013613,0.015
1.338944501,0.09
1.3405831700000002,-0.075
1.342929991,0.045
1.3458349150000002,-0.06
1.347219581,0.015
1.3488342720000002,0.015
1.352109263,-0.09
1.3541399390000002,-0.015
1.354977769,0.0
1.356570741,0.0
1.3588870450000001,-0.06
1.361064827,0.0
1.363934361,-0.09
1.365848525,0.06
1.367363672,0.03
1.369381406,0.03
1.3711003290000001,0.03
1.3738271370000001,0.03
1.374835169,-0.12
1.376833117,-0.12
1.378630743,0.045
1.381082245,-0.09
1.383187426,0.06
1.3857152400000001,0.045
1.3877893460000001,0.075
1.3887396810000001,0.075
1.3913315670000002,-0.03
1.3927645350000002,-0.12
1.394593031,0.12
1.397090058,0.045
1.39860847,0.045
1.4008727040000002,0.015
1.403011247,0.0
1.4057236960000001,0.0
1.407207946,0.03
1.409059373,0.03
1.412118851,0.0
1.413149468,0.075
1.414649215,0.105
1.4172950130000002,-0.015
1.4186885150000001,0.0
1.421608224,0.09
1.4224411220000002,0.015
1.425671694,0.06
1.426962536,-0.06
1.428541729,-0.06
1.4315797650000002,0.12
1.432635474,-0.075
1.434576105,0.075
1.4365903420000001,0.0
1.43914431,0.03
1.440891323,0.03
1.442701814,-0.045
1.4466329450000002,-0.105
1.447714599,0.06
1.4488803110000001,0.06
1.452465343,0.09
1.453728981,0.09
1.45501426,0.12
1.456795313,0.12
1.460088316,-0.135
1.462495061,0.0
1.463052151,-0.015
1.4685060730000001,0.0
1.4695402640000002,0.045
1.469567161,0.045
1.470653465,-0.15
1.472836368,-0.105
1.474904734,-0.105
1.478141524,0.03
1.478990661,0.03
1.4818195740000002,-0.06
1.482638482,-0.015
1.486696505,0.045
1.487429485,-0.015
1.488622195,-0.015
1.490937047,0.075
1.4929430840000002,0.075
1.4946916430000001,-0.12
1.496703759,0.03
1.498511288,0.045
1.5008762690000002,-0.075
1.502721918,0.06
1.506867441,-0.015
1.5075768580000002,0.09
1.508966905,0.09
1.5105843860000001,-0.015
1.512589688,0.0
1.516149688,-0.09
1.5166102190000001,-0.09
1.5184658990000002,-0.105
1.520468522,0.045
1.5226652870000001,0.075
1.5256930930000001,0.06
1.529296355,-0.105
1.530261785,-0.105
1.5323865810000001,0.03
1.533204636,0.03
1.5363315270000002,-0.06
1.536888217,-0.12
1.539021608,-0.075
1.5407504410000001,-0.075
1.542552594,-0.03
1.5452126080000002,0.015
1.5495706820000001,0.045
1.5497719570000001,0.045
1.551281786,-0.075
1.5526914680000001,-0.075
1.554730591,-0.09
1.5571748840000001,0.015
1.5591457610000001,0.0
1.5605644010000002,0.015
1.562626399,-0.06
1.5652978130000001,0.0
1.5670818720000002,-0.09
1.569070127,-0.09
1.570555979,-0.015
1.572685899,-0.045
1.574592508,0.06
1.577460904,-0.105
1.578681231,0.075
1.580671571,0.045
1.582512259,-0.06
1.5856985060000002,0.06
1.588245743,0.06
1.589210089,0.06
1.5909205540000002,0.03
1.5927812300000002,0.045
1.594739087,-0.045
1.596874163,0.06
1.5992485440000002,0.12
1.600678456,0.045
1.603287547,0.045
1.6062567600000002,0.045
1.606829754,0.06
1.608622055,0.06
1.610943358,-0.105
1.6133110510000002,-0.105
1.614869394,-0.03
1.6171930870000002,-0.03
1.6184881720000002,-0.12
1.6209034500000001,0.015
1.624644121,0.045
1.6251418190000002,0.045
1.6270989690000002,0.06
1.629269749,0.06
1.63061294,0.03
1.6327417430000002,-0.12
1.6346464150000002,0.015
1.636752733,-0.105
1.638471395,0.0
1.640722798,0.09
1.642794008,-0.09
1.6453829350000002,-0.09
1.6471174910000002,0.015
1.6493974450000002,0.015
1.6512992640000002,0.03
1.6524808180000001,0.03
1.6560264210000002,0.045
1.657049977,0.075
1.658872297,0.09
1.6604704780000001,0.09
1.6630418690000002,0.015
1.666038286,0.0
1.667164824,0.0
1.668726366,0.09
1.671224041,0.09
1.673258504,-0.045
1.6746197360000001,-0.045
1.6770041070000001,-0.045
1.678661321,-0.015
1.681745282,0.0
1.6825967720000001,-0.105
1.6846049310000002,-0.03
1.6872649380000002,0.09
1.6891457810000001,-0.075
1.691004884,-0.075
1.6964145730000002,-0.105
1.6964554710000002,0.045
1.698764924,0.045
1.6995794190000002,0.0
1.7006640960000001,0.0
1.7037638270000002,-0.045
1.705949892,-0.06
1.7071447180000001,-0.06
1.7107922180000001,0.0
1.711496651,0.0
1.71288495,0.075
1.714717402,0.075
1.7171332170000002,0.015
1.7192737740000001,0.03
1.7205961140000001,0.045
1.724235261,0.045
1.725875716,0.0
1.726665292,0.06
1.728897777,0.06
1.733189517,-0.045
1.7332151610000002,0.0
1.734455054,0.015
1.7364266990000001,0.075
1.7385093150000002,-0.015
1.740535895,0.045
1.742444405,0.015
1.745274408,-0.075
1.7477139240000001,-0.06
1.749347132,-0.06
1.7508352120000001,-0.075
1.7539146300000001,0.075
1.7549334,0.06
1.7565048680000002,0.03
1.7598753440000001,0.015
1.7609107290000001,0.045
1.7631759960000002,0.06
1.7651344560000002,0.06
1.767524576,-0.12
1.7685892840000002,-0.12
1.7705165040000002,0.06
1.7741437670000002,0.09
1.7748784340000001,0.06
1.776623792,0.03
1.778540183,0.045
1.78096692,-0.075
1.783045868,-0.075
1.785915879,-0.12
1.7885783990000002,-0.015
1.789573207,-0.015
1.790737601,0.015
1.793379419,-0.105
1.7946781020000002,-0.105
1.798383011,-0.06
1.799089332,0.045
1.802958022,-0.045
1.803648246,0.045
1.8057004090000002,0.06
1.8067575310000001,0.045
1.8109567080000002,-0.045
1.8115673250000002,-0.045
1.8135976390000002,-0.03
1.8147212810000002,-0.03
1.8181182720000002,0.06
1.8189393450000002,0.06
1.821310361,-0.045
1.8227529290000002,-0.045
1.8257820980000001,0.045
1.826858185,-0.12
1.829409073,-0.12
1.830792948,0.075
1.8330752810000002,0.075
1.8348361850000001,-0.075
1.8366503580000002,-0.045
1.8387454170000002,-0.09
1.840766681,-0.045
1.844551207,0.03
1.845703072,-0.075
1.8467346080000002,-0.06
1.8492618820000002,-0.06
1.8516274810000002,-0.105
1.8531604330000002,-0.015
1.85503937,0.045
1.8566036110000002,-0.105
1.858630508,-0.135
1.860752865,-0.045
1.8625801510000002,0.06
1.8652368490000002,-0.105
1.8698723860000002,-0.03
1.870460494,-0.03
1.871144056,0.03
1.8732654960000001,0.03
1.874625557,0.0
1.876823222,0.0
1.8786366110000001,-0.045
1.8805393090000002,-0.045
1.8824222810000002,-0.03
1.886052558,0.045
1.886831767,0.045
1.8888353310000001,0.06
1.8908351730000001,-0.015
1.893341941,-0.015
1.8951258960000001,0.045
1.897168157,0.045
1.8989023260000002,0.075
1.901195935,0.0
1.9024834250000002,-0.075
1.9069539290000002,0.03
1.9072258020000001,-0.075
1.909365396,0.015
1.910600523,0.015
1.912567686,-0.045
1.914998728,0.015
1.9165206490000002,0.06
1.9185072570000001,0.045
1.920658685,0.045
1.9224975910000002,0.045
1.9250542480000001,0.015
1.927381331,-0.12
1.9290138680000002,-0.12
1.9308267140000002,0.03
1.933704944,0.03
1.9347492990000001,-0.09
1.938220628,-0.12
1.9390591590000001,-0.12
1.941283585,0.045
1.943405099,0.03
1.945685893,-0.03
1.946856869,-0.09
1.948681863,-0.09
1.950597415,0.015
1.9528226770000001,0.045
1.9558878130000001,-0.09
1.956906516,-0.075
1.9601656040000002,0.06
1.961039648,0.09
1.9630951620000001,-0.12
1.969276983,0.045
1.9693098500000001,0.09
1.9701965080000001,0.03
1.9709854990000002,0.03
1.9744926130000002,0.03
1.978784665,-0.03
1.9788090040000001,0.015
1.9800675840000002,-0.075
1.980806719,0.045
1.982602342,-0.015
1.989697566,-0.105
1.9897253920000002,0.15
1.990405468,0.075
1.9908760730000001,0.075
1.9926254110000001,0.075
1.995092877,-0.045
1.9969857860000002,-0.105
2.000072641,0.045
2.001201788,0.045
2.0040126750000002,-0.015
2.005944046,-0.105
2.006949465,-0.09
2.00864307,-0.09
2.010796251,0.03
2.0130059350000002,0.03
2.016208877,0.12
2.01704309,-0.045
2.019036566,0.06
2.020558427,0.015
2.023263286,0.045
2.026169834,0.0
2.027135002,0.0
2.028725597,-0.03
2.0306430200000003,-0.03
2.032741385,-0.06
2.036118934,-0.015
2.037893751,0.015
2.0388599540000003,-0.045
2.041844762,-0.09
2.0435262570000003,0.015
2.0448449120000003,-0.09
2.046660545,-0.09
2.050655725,0.015
2.051468003,0.015
2.052520646,0.0
2.054451611,0.06
2.056457883,-0.105
2.059707816,-0.015
2.060515949,0.015
2.067527073,0.06
2.0675450410000002,0.06
2.068444931,0.03
2.069134619,0.03
2.070946262,-0.075
2.072992279,-0.075
2.075122306,0.045
2.076613586,0.045
2.078930482,-0.045
2.080903298,0.075
2.0839438980000002,0.03
2.0863445720000002,-0.12
2.087247826,-0.12
2.08870156,-0.105
2.090831853,-0.105
2.0929472060000003,-0.075
2.094848673,0.09
2.0969390860000003,-0.06
2.098809314,-0.06
2.100853619,0.06
2.102479594,-0.12
2.1052038840000002,0.015
2.107206568,0.09
2.1086265230000003,0.09
2.110594618,0.075
2.113176305,-0.09
2.114588604,-0.09
2.116512921,-0.12
2.118607388,0.135
2.120538202,0.075
2.122596974,-0.105
2.12577778,0.0
2.128103189,0.075
2.129122869,0.075
2.1309666210000002,-0.06
2.133120164,-0.06
2.134499979,-0.075
2.1364471590000003,0.06
2.139129643,0.045
2.140929099,-0.075
2.1424666190000003,-0.12
2.145538714,-0.105
2.147509578,0.015
2.149542663,0.015
2.1520958,-0.105
2.1530868670000003,-0.105
2.155083989,-0.03
2.156578284,0.0
2.159076004,-0.09
2.161044153,0.0
2.162549227,0.0
2.1655272720000003,0.045
2.167258673,-0.06
2.168972062,-0.06
2.170570132,-0.045
2.172527826,-0.105
2.1745285020000003,-0.09
2.1765411390000002,0.075
2.178756689,0.015
2.1806309550000003,0.015
2.1831561710000003,0.06
2.1848430540000003,0.075
2.188050527,0.0
2.1893269340000003,0.0
2.190678611,-0.12
2.1931484400000003,-0.12
2.1951709360000002,0.03
2.196845459,0.03
2.19894876,-0.075
2.200502483,-0.075
2.202508635,0.045
2.205025517,0.06
2.206641959,0.075
2.208523445,0.075
2.2107745260000002,-0.075
2.213009558,0.075
2.215062961,0.075
2.2165319180000003,0.075
2.218571973,-0.09
2.220827597,-0.06
2.222554401,-0.03
2.225632396,0.06
2.226936561,0.06
2.2299481720000003,0.015
2.2317495380000003,0.015
2.234498157,0.0
2.235097155,0.045
2.238452203,0.045
2.238948031,0.045
2.2416825830000002,0.12
2.243964784,0.075
2.245916729,0.075
2.24685542,0.075
2.249161494,0.09
2.251049208,0.03
2.253219376,0.03
2.254811878,0.075
2.2569519280000003,0.075
2.258534249,0.03
2.2611525770000003,0.0
2.262668595,0.0
2.265782099,0.045
2.266745288,-0.03
2.269335598,-0.03
2.2707090890000003,0.015
2.2731644870000003,-0.015
2.2748640740000003,0.075
2.2772418300000004,-0.135
2.278612353,0.075
2.2808994140000003,-0.12
2.283268114,0.03
2.285538019,0.03
2.2868464360000003,-0.045
2.288741961,-0.045
2.291026066,-0.015
2.2925762250000004,-0.015
2.295084804,0.03
2.296585356,0.075
2.298537382,-0.015
2.30056657,-0.12
2.30580122,-0.045
2.306112857,0.045
2.3071641250000003,-0.03
2.308792856,-0.03
2.310945544,0.0
2.313280415,0.0
2.314774921,0.015
2.316596468,0.0
2.3186119190000003,0.0
2.321054405,0.045
2.322480629,-0.12
2.326275882,0.045
2.328184894,0.06
2.329121765,0.06
2.331001617,-0.045
2.333423094,-0.045
2.3348628220000003,0.06
2.33661734,0.015
2.3385341530000003,-0.12
2.341070605,0.045
2.3428901570000003,-0.12
2.3449472940000002,-0.12
2.3474971090000003,-0.12
2.3488676,-0.12
2.350658628,0.045
2.3541366360000002,0.045
2.355032741,0.045
2.3570337130000003,-0.12
2.3586299640000004,-0.03
2.360646865,0.075
2.3626091230000004,-0.105
2.3665695760000003,-0.045
2.367406438,-0.075
2.3696533420000003,-0.075
2.370840052,-0.12
2.372579677,-0.12
2.3745337920000003,0.015
2.3768940400000003,0.06
2.378659093,0.045
2.3806201000000002,-0.045
2.384172893,0.0
2.386069039,-0.075
2.3869322050000004,0.075
2.388925376,0.075
2.3914762350000003,0.015
2.3934964,0.015
2.395107862,0.03
2.396922226,0.03
2.398862018,-0.045
2.400875579,-0.09
2.404371667,-0.03
2.406439577,-0.045
2.407095329,-0.045
2.409407164,-0.045
2.410702645,-0.045
2.414730788,-0.03
2.415849653,-0.105
2.4172763130000003,-0.105
2.419031457,0.045
2.4213839640000003,0.045
2.424593155,-0.075
2.4255119830000003,0.0
2.427938632,0.03
2.428622056,0.03
2.4308060400000002,-0.06
2.432675806,-0.06
2.434685125,0.015
2.436774748,0.015
2.4387300680000004,-0.135
2.440672568,-0.105
2.442613967,0.015
2.446414074,0.015
2.447687851,0.015
2.4487014080000002,0.015
2.4522606170000003,-0.045
2.453241327,-0.045
2.454625431,-0.12
2.456534982,-0.12
2.459055079,0.075
2.4604997710000003,0.09
2.462543585,0.045
2.466155339,0.09
2.468662317,-0.03
2.4691543570000003,-0.03
2.4705858650000003,0.0
2.472531493,-0.06
2.474887528,0.015
2.4769509640000003,0.015
2.4785466890000003,0.045
2.480971474,-0.09
2.48252583,0.045
2.485183444,0.06
2.486642469,0.06
2.488588421,0.075
2.4905520990000003,0.075
2.49247853,0.045
2.495898973,0.0
2.4965445990000004,0.0
2.49859014,-0.015
2.500528371,-0.045
2.5025287190000003,0.0
2.50579446,0.03
2.507223895,0.03
2.510077266,0.075
2.511052759,-0.075
2.512721354,-0.09
2.514530316,-0.09
2.517825637,0.0
2.51877095,0.015
2.520507702,-0.045
2.525150593,0.015
2.525724313,0.015
2.526683529,0.03
2.528904705,0.03
2.5326993190000002,-0.12
2.5334966320000003,-0.12
2.5350536000000004,0.015
2.5365427780000003,0.015
2.5392054600000002,-0.045
2.540540929,-0.03
2.542623715,-0.105
2.545518964,-0.075
2.546739257,-0.075
2.548697486,-0.105
2.5507918650000003,-0.135
2.553145434,0.045
2.5546417160000003,0.045
2.557119424,0.075
2.5605733930000003,0.105
2.561100798,0.12
2.5626951140000003,0.03
2.5652489220000003,0.03
2.567685934,0.03
2.5691647890000002,0.0
2.57060412,0.0
2.57429795,0.045
2.578009861,0.06
2.578035685,0.06
2.5788831770000002,0.0
2.580876141,0.0
2.582504811,0.075
2.585880553,0.0
2.588294798,-0.03
2.589247915,-0.03
2.5908105640000003,-0.12
2.592804492,-0.12
2.595204115,0.0
2.5969935410000002,0.0
2.5994335640000004,0.06
2.6006181880000003,-0.075
2.6037177980000004,0.03
2.605025108,-0.045
2.6070904180000003,-0.045
2.608680477,-0.12
2.6106895160000003,0.03
2.612611212,0.03
2.614575963,0.09
2.616724284,0.09
2.620318011,0.03
2.621186979,-0.09
2.622669755,-0.06
2.626411987,0.06
2.627974801,-0.015
2.6297097280000004,-0.015
2.632503309,0.06
2.633504878,0.06
2.6352842720000003,-0.06
2.636883858,-0.06
2.6402544270000003,0.12
2.641338966,-0.015
2.64417962,-0.12
2.645119486,0.015
2.647711831,0.075
2.6487028710000002,0.075
2.652017319,0.12
2.652873522,0.12
2.6551941460000004,0.0
2.6564878380000003,0.0
2.658449423,-0.06
2.6607908150000004,0.0
2.663154055,0.045
2.665298765,0.045
2.667111395,-0.12
2.669130888,-0.12
2.6705385230000003,0.075
2.6727913180000002,0.03
2.6748923380000003,-0.03
2.676574201,-0.03
2.679045355,-0.075
2.6814378160000003,0.015
2.682613057,0.075
2.6858955360000003,-0.045
2.686668871,-0.045
2.688647086,0.075
2.690520427,0.075
2.696964834,-0.075
2.697265614,0.075
2.6994346250000003,0.075
2.6995137980000004,-0.105
2.700977237,-0.105
2.703339783,0.12
2.7059006720000003,0.12
2.708109637,0.06
2.708699606,0.06
2.713160193,0.03
2.713667318,0.03
2.714558504,-0.12
2.7166203340000004,-0.12
2.718878396,-0.015
2.720461738,0.06
2.7235827780000004,0.015
2.7252121220000003,-0.06
2.7269124540000003,-0.06
2.728673049,0.0
2.7307356510000003,0.0
2.7348535000000003,0.045
2.7355354750000003,-0.09
2.7366449690000003,-0.09
2.739793693,0.015
2.741468539,-0.015
2.742779178,-0.075
2.745712483,0.03
2.747744276,0.03
2.751359755,0.09
2.7523620010000003,0.09
2.753690687,-0.12
2.7550888440000003,-0.12
2.7567150070000004,-0.06
2.7601329420000003,0.015
2.760867074,0.03
2.7642833710000003,-0.075
2.767164134,0.015
2.767486245,0.015
2.7688292150000002,0.105
2.771278381,0.105
2.772857784,0.06
2.7752561470000003,1.6199999999999999
2.778458634,1.6199999999999999
2.7791237960000004,0.495
2.7806290500000004,-0.375
2.782710743,-0.585
2.786254528,-0.3
2.7875454640000004,-0.12
2.7885938780000004,-0.12
2.79208544,0.69
2.793541314,0.32999999999999996
2.7948193590000003,0.495
2.797854498,0.375
2.798846097,0.16499999999999998
2.8010737850000003,0.045
2.802633133,-0.16499999999999998
2.8067515120000004,-0.015
2.807488665,-0.015
2.8089806740000003,-0.015
2.810939846,-0.18
2.8129447990000003,0.16499999999999998
2.8147738710000003,0.24
2.817186162,0.22499999999999998
2.818548761,0.22499999999999998
2.821448133,0.3
2.82273342,0.03
2.825642429,-0.045
2.8271802640000003,0.255
2.82983976,0.195
2.8312623670000003,0.195
2.832809568,0.06
2.83668837,0.255
2.8370951090000003,0.105
2.839483464,-0.135
2.8406195380000003,0.09
2.842549226,0.18
2.845673315,-0.045
2.8468107920000003,-0.045
2.84883349,-0.045
2.850827776,0.18
2.8526849220000003,0.18
2.855485305,-0.15
2.856694316,0.015
2.859320728,-0.22499999999999998
2.862851125,-0.045
2.863779651,0.22499999999999998
2.8658225130000003,0.075
2.8670713180000003,-0.105
2.869467863,0.09
2.8706058370000003,0.09
2.872638665,0.09
2.876068236,0.015
2.8780305000000004,0.195
2.8807167660000004,0.195
2.8813812050000003,0.03
2.8829468090000003,0.27
2.8857092030000002,0.21
2.887145748,0.15
2.888546443,0.15
2.890698292,0.27
2.8927888100000003,0.27
2.894579137,0.27
2.8968597330000003,0.105
2.9000144220000004,0.105
2.900882231,0.24
2.903000081,-0.015
2.905964861,0.03
2.907339517,0.195
2.9086704190000003,0.195
2.910643841,0.015
2.912819106,0.22499999999999998
2.9146839370000004,0.18
2.9166568600000002,0.18
2.9206620450000003,-0.015
2.9210858560000004,0.22499999999999998
2.92262193,0.06
2.9256606780000003,0.015
2.9288758070000003,0.105
2.929352702,0.105
2.931180173,0.135
2.933712315,0.135
2.934655305,0.0
2.936730405,0.015
2.938732307,-0.135
2.9411036000000004,-0.135
2.9441348040000004,0.12
2.945583941,-0.12
2.946809762,0.15
2.949014571,0.15
2.951535552,0.195
2.953020043,0.195
2.955187104,-0.09
2.956721946,-0.09
2.9589763290000004,0.105
2.9607188410000003,0.105
2.9631461690000003,0.195
2.9666639160000003,0.15
2.9672847190000002,-0.06
2.9687198120000002,-0.06
2.9706393710000003,0.32999999999999996
2.972761788,0.03
2.974847601,0.03
2.97659989,0.12
2.9790298400000004,0.18
2.981159373,0.015
2.982857462,0.15
2.9854712500000002,0.195
2.9868503640000004,0.195
2.988668579,0.045
2.9915929130000003,0.045
2.993022423,0.345
2.994847128,0.03
2.9970372550000004,0.255
3.000189566,0.255
3.0021634620000004,0.255
3.0033281150000004,0.135
3.004572955,0.135
3.0120630000000004,0.315
3.0121080530000004,0.045
3.012798216,0.15
3.0136439000000004,0.15
3.014736467,0.195
3.016601301,0.195
3.0209969450000003,-0.03
3.021013828,-0.03
3.0225094190000004,0.24
3.024753002,0.0
3.0278610120000002,0.255
3.0290614660000004,0.255
3.0308125940000004,0.21
3.0329891210000004,0.18
3.0349708530000004,0.27
3.038327858,0.135
3.0396420610000003,0.135
3.04284612,-0.015
3.044103916,0.255
3.045296048,0.075
3.046904042,0.22499999999999998
3.048742283,0.22499999999999998
3.052210617,0.24
3.0536455530000004,0.24
3.0551774060000003,0.03
3.056713743,0.255
3.05883262,0.105
3.061228131,-0.03
3.0630425370000003,0.255
3.0658099450000003,0.195
3.0669421100000003,-0.15
3.068773424,-0.15
3.070669017,0.16499999999999998
3.0733069790000003,0.16499999999999998
3.074768273,0.12
3.07734743,0.32999999999999996
3.079852428,0.21
3.082141124,0.06
3.0833866220000004,0.195
3.08543125,0.21
3.0870353460000004,0.16499999999999998
3.0893659660000004,0.16499999999999998
3.091523254,-0.045
3.0930639830000004,-0.045
3.0946885130000004,0.21
3.096967794,0.0
3.0989737990000004,0.12
3.1008184360000004,0.15
3.102874624,-0.03
3.1052043510000003,0.195
3.1072553120000004,0.21
3.1095001140000003,0.21
3.11229586,0.045
3.1136436200000004,0.045
3.1152236070000003,0.105
3.1170315850000003,-0.135
3.1187670680000004,0.09
3.120786364,0.21
3.1227244510000003,0.09
3.1259609260000003,-0.105
3.1271995020000003,0.03
3.1289324720000002,0.03
3.1306556380000004,0.15
3.133527886,0.0
3.1346798430000002,0.24
3.136948517,0.075
3.1387879020000002,0.075
3.1410236620000003,-0.18
3.1430414680000003,0.16499999999999998
3.1459898820000003,-0.16499999999999998
3.1475213500000003,-0.16499999999999998
3.14889411,0.06
3.1509214570000004,0.075
3.152784649,0.075
3.155368304,-0.105
3.156875787,0.135
3.158546906,0.135
3.161284086,-0.195
3.1637457980000003,0.18
3.1660233730000003,0.075
3.16688092,-0.16499999999999998
3.169509397,-0.16499999999999998
3.1710641230000003,0.075
3.1728968290000004,-0.09
3.1749444610000004,-0.06
3.176556703,0.195
3.1787188370000004,0.09
3.1813124090000002,-0.16499999999999998
3.183906828,0.015
3.185430263,0.195
3.1873843290000003,-0.195
3.189046208,-0.195
3.1910225810000004,0.135
3.193359692,0.135
3.1947308370000003,0.12
3.196928181,0.06
3.198814571,0.105
3.2011483640000002,-0.135
3.2061072260000003,-0.06
3.208764253,0.195
3.2112446720000003,0.18
3.211260487,0.18
3.2122436810000004,-0.045
3.213330248,0.18
3.2163048990000003,0.03
3.2174641850000003,0.0
3.2193224710000004,0.135
3.221104333,0.135
3.2229032880000004,-0.15
3.226118027,0.18
3.227285375,0.21
3.22982593,0.21
3.2315977310000004,-0.06
3.233131803,-0.06
3.2351198230000002,0.22499999999999998
3.238682668,-0.12
3.239317304,-0.015
3.2415027380000003,0.18
3.2445485720000002,-0.045
3.245930985,-0.06
3.2470810250000004,0.195
3.2491241860000004,0.195
3.252431869,0.06
3.2543004150000003,-0.015
3.2548720550000003,-0.015
3.2565923110000004,0.135
3.258623429,-0.135
3.261091592,0.15
3.2627310560000002,0.12
3.2658945470000003,-0.16499999999999998
3.2677196540000004,-0.045
3.269392716,-0.045
3.270721741,0.15
3.272750095,-0.09
3.274660218,0.15
3.276567172,0.12
3.278613907,-0.16499999999999998
3.280834157,0.03
3.2837172490000004,0.12
3.286193624,-0.09
3.2873540520000004,-0.075
3.2892369990000003,-0.075
3.291454766,0.105
3.292881356,0.105
3.294833707,-0.135
3.296725758,0.24
3.2993963,0.09
3.3008345180000003,-0.015
3.3026781140000003,0.12
3.3055314850000004,0.03
3.3067012300000003,-0.03
3.3102841350000003,-0.03
3.310866404,-0.03
3.312704404,0.015
3.3147226030000003,-0.12
3.3171317830000002,0.22499999999999998
3.318716218,0.0
3.3205088440000003,-0.18
3.3228309100000004,-0.045
3.325563379,-0.045
3.3272628670000004,0.105
3.3292058840000003,0.105
3.330844984,-0.135
3.3328483080000004,0.075
3.3347325380000004,-0.18
3.337511815,0.0
3.3392116620000003,0.12
3.3407197290000004,0.12
3.344619766,-0.045
3.345471442,0.06
3.346788698,0.06
3.350003037,0.015
3.351758105,0.015
3.3528928810000003,0.0
3.3545885710000003,0.0
3.356988099,0.0
3.358889998,0.12
3.3609836160000004,0.075
3.3625986730000004,0.075
3.365869843,-0.21
3.36765629,0.105
3.3697743790000003,0.105
3.370720586,-0.18
3.372690689,0.15
3.374668443,0.09
3.377258973,-0.12
3.378917883,-0.12
3.380625337,-0.015
3.3826303110000002,0.12
3.3853970290000004,0.06
3.388151825,0.24
3.388917547,0.24
3.391367829,0.03
3.3928098340000004,0.03
3.3949676810000002,-0.06
3.398245884,0.045
3.3995291290000003,-0.135
3.4010567380000003,0.045
3.4027420900000003,0.06
3.4056085740000004,-0.015
3.4071643760000003,0.045
3.408787182,0.195
3.410715956,0.195
3.4141049650000004,-0.045
3.4153652340000002,0.09
3.416635197,0.09
3.4185801430000002,0.15
3.4213479650000003,-0.075
3.4234877490000004,0.16499999999999998
3.425116147,0.09
3.427419613,-0.135
3.4295337310000003,-0.135
3.4310825740000004,0.09
3.43263058,0.09
3.434660388,-0.15
3.4372376630000003,0.195
3.439304141,0.045
3.4406212820000004,-0.18
3.442661133,0.16499999999999998
3.44592657,0.03
3.4482144160000003,-0.24
3.450218446,-0.135
3.4513598070000002,-0.135
3.45349393,0.06
3.4552666820000004,0.06
3.457171718,-0.015
3.458711972,-0.015
3.461293898,0.06
3.4641769840000003,-0.015
3.465564714,0.16499999999999998
3.4683728,0.0
3.469282783,0.0
3.4730974310000002,-0.135
3.4738296710000003,-0.135
3.4761935540000004,0.015
3.476834928,-0.045
3.480369195,0.21
3.481303753,0.06
3.483249255,-0.045
3.485574922,-0.045
3.487774243,0.16499999999999998
3.48912968,0.16499999999999998
3.491161194,-0.12
3.4928254930000002,-0.12
3.495299885,0.16499999999999998
3.4968974430000004,0.16499999999999998
3.5000687860000004,-0.12
3.5007336330000003,-0.12
3.5028750520000003,0.06
3.505936032,0.16499999999999998
3.5076222830000003,0.18
3.5098184310000002,0.18
3.5107158110000003,0.075
3.512893834,0.06
3.5152094330000003,0.24
3.517224237,-0.075
3.5188476750000004,-0.075
3.5220336800000003,0.16499999999999998
3.5251115410000002,0.09
3.525706623,-0.135
3.5268410610000003,0.03
3.5291828360000004,0.03
3.5322547620000004,0.15
3.533244969,0.15
3.534684457,-0.075
3.536825518,-0.12
3.538745934,-0.22499999999999998
3.54064654,0.0
3.5425838410000003,-0.045
3.545940077,-0.21
3.5469722430000004,0.15
3.549402771,0.15
3.5507430970000002,0.15
3.553174771,0.15
3.5554835020000004,-0.075
3.5566907850000002,0.21
3.558568761,-0.06
3.561414736,0.15
3.5626867640000004,0.21
3.5679526920000004,0.075
3.567986619,-0.105
3.569280415,-0.105
3.57088646,0.135
3.5733839350000003,0.135
3.57557763,-0.105
3.5770939040000003,-0.105
3.578932081,0.15
3.5808253490000004,-0.075
3.582916022,0.135
3.5856230260000004,0.075
3.5868616760000003,-0.15
3.589278884,-0.15
3.590832905,0.15
3.592782263,0.075
3.5960983430000004,-0.105
3.5971804190000003,0.075
3.5987273550000003,0.18
3.6006961950000003,-0.09
3.6042112580000003,-0.075
3.60780702,0.21
3.60783325,0.105
3.6088831870000004,-0.15
3.611727043,-0.15
3.6132176620000003,0.12
3.614689198,0.12
3.617008255,-0.12
3.618918545,0.135
3.6207344760000004,0.15
3.62263364,-0.16499999999999998
3.625975513,0.0
3.627179346,0.195
3.628789149,0.195
3.630682068,-0.045
3.6330169740000002,0.16499999999999998
3.634647873,0.12
3.6365995570000003,-0.16499999999999998
3.6386090230000003,0.24
3.6406418960000004,0.27
3.642526541,0.015
3.645000666,-0.075
3.6476075120000004,0.15
3.6489940940000003,0.105
3.651210748,0.105
3.654087833,-0.15
3.654989077,0.15
3.656696735,-0.135
3.65875924,-0.09
3.6613754970000003,0.135
3.6625903190000004,0.135
3.6654613140000003,0.03
3.667080168,0.0
3.6691915780000004,0.0
3.670935135,0.21
3.672665283,-0.105
3.6752878860000004,0.15
3.6767893550000004,0.135
3.678821568,-0.16499999999999998
3.680950279,-0.015
3.6829748510000004,0.22499999999999998
3.6886125180000002,-0.015
3.6892933230000002,-0.075
3.6904014540000003,0.16499999999999998
3.6911395540000003,0.16499999999999998
3.696857955,0.12
3.6968729160000002,0.12
3.6990366920000004,-0.03
3.6997720180000004,-0.03
3.700773501,0.0
3.705268326,0.0
3.706131882,0.135
3.706853815,0.135
3.708885512,-0.135
3.711947744,-0.135
3.713440668,0.24
3.7151231910000004,0.24
3.7166549700000004,-0.15
3.7201100360000003,0.18
3.7207583410000002,-0.09
3.72271989,0.135
3.726269337,0.22499999999999998
3.7274903050000003,0.06
3.728710604,0.06
3.730889883,-0.135
3.7343239130000003,0.135
3.7349631490000004,-0.135
3.736743552,0.21
3.7389010180000004,0.195
3.7408933780000004,-0.015
3.744182544,-0.12
3.7454257550000003,0.285
3.748351898,0.0
3.7494469520000004,0.0
3.7520375020000003,-0.135
3.7550576820000003,0.195
3.757112252,0.06
3.757929819,-0.075
3.7589259420000003,-0.075
3.760765972,0.255
3.762947275,-0.09
3.765675694,-0.03
3.767056664,-0.03
3.7694136140000003,0.21
3.7709558590000003,0.21
3.7727802080000004,-0.15
3.775089223,0.06
3.778534195,-0.195
3.779516257,-0.12
3.781596355,0.18
3.7828555680000004,0.045
3.786162367,-0.135
3.78690513,0.105
3.788773393,0.105
3.7906342480000004,0.12
3.7937185070000004,-0.06
3.7947259150000003,0.16499999999999998
3.796662822,0.03
3.7985871810000003,-0.16499999999999998
3.800890063,0.015
3.802760627,0.075
3.8054851270000003,-0.135
3.809251305,0.105
3.8100196220000004,0.105
3.811155732,0.21
3.8131395350000004,0.21
3.8162701310000005,-0.06
3.818867828,0.15
3.8194370030000004,-0.09
3.8207361050000004,-0.06
3.8229948210000004,0.16499999999999998
3.827581679,0.09
3.8276358810000004,-0.15
3.8291865400000002,0.3
3.831028399,0.3
3.832982846,0.06
3.835319793,0.075
3.836985787,0.075
3.8400969550000004,0.21
3.840912197,-0.09
3.8433007430000004,0.0
3.845372756,0.135
3.8472933630000004,-0.015
3.849483568,-0.015
3.8508256060000003,-0.03
3.8554705320000004,0.135
3.855498539,0.135
3.857003638,-0.12
3.858619683,-0.12
3.861054331,0.16499999999999998
3.8639429420000004,-0.105
3.8649611750000004,0.15
3.8669323,0.15
3.869058265,0.105
3.870689671,0.105
3.8726556800000003,0.105
3.8751021420000002,-0.075
3.8764917870000004,-0.075
3.8785965620000002,-0.105
3.880514649,0.06
3.8825446710000002,-0.135
3.8852639300000003,0.015
3.8881214620000004,0.16499999999999998
3.8895078130000003,0.16499999999999998
3.890635633,-0.12
3.8935375170000004,0.135
3.895196587,0.135
3.8971339570000003,0.135
3.8986283790000003,-0.135
3.901197797,0.135
3.9028247940000003,0.135
3.905754835,-0.075
3.907545186,0.15
3.9088435790000005,0.15
3.9107136340000004,0.105
3.913234268,0.06
3.914764463,0.06
3.91674668,0.16499999999999998
3.9190227280000003,-0.075
3.9215121890000004,-0.075
3.9225764990000003,0.15
3.927538809,-0.12
3.927611611,0.015
3.9302721130000005,0.195
3.931457748,0.195
3.932612365,-0.03
3.934710159,0.135
3.936859949,0.18
3.9391180820000002,0.18
3.940631467,-0.15
3.943969462,0.195
3.944853558,0.06
3.9478976570000004,0.06
3.9487081170000002,-0.135
3.9519306980000004,-0.135
3.9529679640000004,0.12
3.955207149,-0.045
3.9566900100000004,0.195
3.959545416,0.0
3.96070855,-0.075
3.9626589660000002,0.12
3.9678625480000003,0.21
3.9679217810000003,-0.105
3.9692124680000003,-0.105
3.9711916900000004,0.0
3.972691546,0.0
3.9748148320000003,0.0
3.977023581,0.12
3.9787776280000005,0.12
3.981965396,0.015
3.9834764450000004,-0.045
3.9850036990000004,-0.045
3.9886164680000005,0.195
3.9893959740000002,-0.12
3.991367737,-0.12
3.993327819,0.15
3.995429166,0.15
3.99729341,-0.18
3.9988048000000003,0.15
4.000867375,0.0
4.00416945,-0.06
4.0056117890000005,0.045
4.006930253,0.03
4.0093893000000005,0.03
4.0122285820000005,-0.09
4.013554168000001,0.195
4.014902314,0.195
4.017102939,0.03
4.019169293,0.255
4.021050629,0.18
4.02344454,-0.15
4.026531004000001,0.03
4.027237553,0.03
4.028789133,0.18
4.0315540940000005,0.18
4.034044919,-0.045
4.036093253000001,0.135
4.03793948,-0.105
4.038702199,0.09
4.040848598,0.27
4.043001457,0.12
4.047852833,-0.15
4.0478753240000005,0.075
4.048934715000001,0.12
4.051040407,0.12
4.0552752110000005,-0.135
4.0556138200000005,-0.135
4.056984548,0.21
4.060594913,-0.12
4.0613968840000005,0.0
4.064137419000001,0.135
4.0653786610000004,0.135
4.067787028000001,-0.18
4.069231039,-0.18
4.070735292,0.195
4.0726948510000005,-0.12
4.075005875,0.03
4.076907685,0.105
4.078866554,-0.045
4.0807359420000004,-0.105
4.082704979,0.16499999999999998
4.08577829,0.075
4.087756387000001,-0.12
4.0892244060000005,-0.12
4.09072481,0.06
4.093027043,-0.075
4.095766097,-0.09
4.096736579,0.16499999999999998
4.09873518,0.09
4.101047611,-0.195
4.103011155,-0.195
4.108941864,0.075
4.108953025,0.0
4.110429836000001,-0.06
4.111439498,-0.06
4.1127685640000005,0.16499999999999998
4.116274433,-0.12
4.117217944,0.06
4.11903555,0.06
4.12075408,0.18
4.1234586040000005,-0.075
4.125764874000001,0.15
4.127392368000001,0.15
4.129420051,0.15
4.131138407,-0.16499999999999998
4.133025117,0.16499999999999998
4.134961995,0.0
4.137273617,0.0
4.13864081,0.135
4.140644576000001,0.15
4.145497278000001,-0.15
4.145556073,-0.15
4.14702914,-0.015
4.1492218240000005,-0.015
4.1507112070000005,0.03
4.153086068,0.105
4.155101168,0.105
4.157278436,0.12
4.158931956,0.135
4.160743002,0.21
4.162600643,0.045
4.165999279,0.045
4.168332787000001,0.12
4.169420403,0.12
4.170811092,0.16499999999999998
4.173209366,0.16499999999999998
4.174867564,0.195
4.176725399,0.015
4.178726663,-0.045
4.180623693,0.105
4.182748495,0.21
4.18561698,-0.09
4.187157783,-0.045
4.189113496,-0.045
4.191983359,0.21
4.193052101,-0.06
4.194799703,0.285
4.196673928,0.15
4.1988530090000005,-0.22499999999999998
4.201986759,-0.09
4.204783926,0.195
4.209675386000001,0.09
4.210099145,-0.105
4.2109400930000005,0.12
4.211923132,0.195
4.213506077,0.195
4.214701865,-0.24
4.216848312000001,0.195
4.220128592,0.075
4.221876327,-0.12
4.224458054,0.06
4.225741578,0.195
4.227710645,-0.06
4.228826654000001,-0.06
4.232171152,-0.03
4.233088952,0.09
4.2348135870000005,-0.09
4.236727864000001,-0.09
4.239614058,0.15
4.241359353,-0.135
4.242673585,-0.135
4.247667399,0.015
4.24770419,0.015
4.249032437,-0.135
4.250692853,-0.135
4.252903865,0.24
4.256408298,-0.21
4.257202305,-0.075
4.259168312,0.135
4.260883000000001,0.0
4.262859335,-0.18
4.268167751,0.075
4.268185109,0.135
4.269811096000001,0.135
4.271162369000001,-0.135
4.272721762000001,-0.135
4.275653118,0.22499999999999998
4.276812583,-0.15
4.278630406,-0.15
4.280685602,0.075
4.282681549,-0.12
4.286200859,-0.06
4.287677997,0.16499999999999998
4.289756666000001,0.16499999999999998
4.2909250960000005,-0.12
4.293189647,-0.12
4.2946953510000005,0.16499999999999998
4.296702012,-0.18
4.299063633,-0.09
4.300695711,0.16499999999999998
4.303455797000001,0.0
4.305243055,-0.135
4.307110458,0.06
4.3105431030000005,0.12
4.311164518,0.12
4.312722816,-0.09
4.314698647,0.15
4.31799321,0.06
4.32255622,-0.135
4.322633113,0.09
4.323285053,0.15
4.32580822,-0.105
4.327005714,-0.075
4.3292607400000005,-0.075
4.331169818,0.15
4.333957329,0.15
4.336164233,-0.135
4.336925893,0.06
4.338721414,-0.18
4.340657329,0.045
4.34276047,0.195
4.3452274420000006,0.03
4.346856722,-0.09
4.3497348890000005,-0.09
4.352371317,0.09
4.353495112,0.09
4.354774819,-0.18
4.356716189,0.22499999999999998
4.358751369,0.06
4.361512522,-0.105
4.367141417,0.06
4.367210962000001,0.03
4.368030387,-0.09
4.368811052,-0.09
4.370871516,0.0
4.373769895000001,0.0
4.375059437,-0.015
4.3766375900000005,-0.015
4.378634605,0.135
4.381139238,-0.195
4.383099981,0.12
4.385713658,0.12
4.387581666,0.12
4.388658122000001,0.12
4.391814082000001,-0.16499999999999998
4.393065907,-0.16499999999999998
4.394685299000001,0.09
4.396671812,0.12
4.398643959,0.195
4.401285720000001,0.06
4.402665972,-0.105
4.406313862,0.09
4.407435540000001,0.09
4.409441221000001,0.09
4.4109780690000004,-0.105
4.4135826520000006,0.22499999999999998
4.414923086,0.03
4.416747040000001,-0.135
4.418717973000001,0.06
4.420660342000001,0.015
4.422682016,-0.15
4.42545987,-0.015
4.4269285410000005,0.195
4.4287975280000005,0.195
4.4306534950000005,-0.15
4.432992195000001,0.075
4.4351062510000006,0.12
4.436734124,-0.045
4.438647021,-0.03
4.440717335,0.21
4.442642243,0.12
4.445334288000001,-0.045
4.448667623,0.12
4.449338254000001,0.12
4.451361695,0.03
4.452898356,0.03
4.454616823,-0.045
4.456787009,0.03
4.458619554,-0.135
4.4609740350000004,0.045
4.465152114,0.105
4.465798956,-0.075
4.46705032,-0.045
4.469529234,-0.045
4.470818423,0.18
4.473065174,-0.12
4.475461684,0.09
4.478680557000001,0.16499999999999998
4.479515065,-0.045
4.48068828,-0.06
4.484562908,0.15
4.485957707,0.12
4.486971364,0.12
4.488879184,-0.075
4.4907906440000005,-0.075
4.492583185,0.075
4.496561808,-0.045
4.497430855,0.16499999999999998
4.499067737,0.075
4.500742849,0.075
4.502918255,-0.16499999999999998
4.505675181,-0.16499999999999998
4.506957187,0.195
4.509005763,0.195
4.51077007,-0.135
4.512815602,-0.015
4.514799576000001,-0.015
4.518207032,-0.24
4.520770164,0.21
4.522803865,-0.06
4.5236833370000005,-0.12
4.5252742360000004,-0.12
4.527101069,0.195
4.5307673600000005,0.195
4.5314748520000006,-0.15
4.533218994,-0.15
4.5348628820000005,0.12
4.536968486,-0.09
4.53988718,0.18
4.540624252000001,0.18
4.544048534,0.0
4.5461948020000005,0.0
4.547533117,0.135
4.54909251,0.135
4.552986828,-0.06
4.55338052,-0.06
4.554742415000001,0.195
4.556738087,-0.105
4.558772206,0.0
4.560697524,0.195
4.5627931440000005,0.015
4.566376172,0.0
4.567867829,0.135
4.569211137,0.135
4.572376177000001,0.135
4.573550326,0.135
4.5751647150000005,0.015
4.577050765,0.015
4.578857577,-0.06
4.581746357,0.18
4.583144295,0.18
4.586058904000001,0.0
4.588287012,-0.03
4.589323447,-0.03
4.591193513,0.15
4.5935889770000005,-0.015
4.595120147,-0.015
4.596761522,0.18
4.598927254,-0.195
4.601099417,-0.195
4.602710334,0.16499999999999998
4.6064212840000005,0.16499999999999998
4.607840421000001,-0.03
4.6088671560000005,-0.03
4.610680038,0.21
4.612952688,-0.105
4.615294077000001,-0.015
4.6168797150000005,0.21
4.618910965,-0.015
4.621147322000001,-0.15
4.622883002,0.105
4.627762638,0.12
4.6277811170000005,-0.16499999999999998
4.6295435760000005,0.0
4.630767675,0.0
4.633189757,0.12
4.635632719,0.12
4.636894968,-0.105
4.638840256,0.03
4.641214777,-0.18
4.645976308000001,0.105
4.645994145,0.135
4.648410921,-0.03
4.649444156,-0.03
4.650959735000001,0.06
4.653620464,0.18
4.655325543,0.18
4.657257595,-0.045
4.658772936,0.16499999999999998
4.660794776,0.0
4.66541638,0.0
4.66618831,0.12
4.668729105000001,0.12
4.669786033,0.12
4.671011418,0.12
4.673604143,0.015
4.67523915,0.015
4.676623078,-0.105
4.6786064000000005,0.3
4.681259521,0.15
4.682710843000001,-0.09
4.685489614000001,-0.09
4.68775325,-0.015
4.688802772000001,-0.015
4.690629228000001,0.03
4.697192709,0.105
4.698608977,0.105
4.7003903220000005,0.21
4.700405190000001,0.21
4.70381315,0.16499999999999998
4.703870113000001,0.16499999999999998
4.7053754340000005,0.06
4.70677649,0.06
4.710380278000001,0.18
4.711267243,0.18
4.713417226000001,-0.15
4.714698047000001,-0.15
4.716993678000001,0.135
4.718922309,-0.135
4.720746204,-0.135
4.723820283,0.105
4.7247675760000005,0.105
4.727280917,-0.16499999999999998
4.728935508,0.135
4.731062198,0.135
4.732807077,-0.09
4.734643119,-0.09
4.736604959,0.22499999999999998
4.738946492,-0.12
4.740721784000001,-0.06
4.742615715,0.18
4.747554992,0.12
4.747811109000001,0.0
4.7489372,0.24
4.752095101,0.24
4.753020366,0.16499999999999998
4.754827478,0.16499999999999998
4.757214223,-0.03
4.758621025,-0.03
4.7610998030000005,0.06
4.762593944000001,0.06
4.76580836,0.06
4.767525712,0.09
4.768533975,0.09
4.770920822,-0.045
4.7725139180000005,0.09
4.775110787,-0.075
4.776885826,0.015
4.778457346000001,0.18
4.7813844,-0.15
4.783133025000001,-0.015
4.786010288,-0.015
4.786974204000001,0.255
4.789362732000001,0.255
4.790773349,-0.16499999999999998
4.792758264000001,-0.16499999999999998
4.794720312,0.12
4.797095024,-0.075
4.798907496,0.15
4.801732621,0.12
4.802604173000001,-0.15
4.805367383,0.0
4.807414286,0.105
4.809153147,0.105
4.810785624,-0.105
4.812768524,-0.105
4.814692911000001,0.16499999999999998
4.81688028,-0.16499999999999998
4.8201498570000005,0.0
4.821203607,0.0
4.823506098,0.15
4.824875658000001,0.15
4.826745228,0.045
4.828772694,0.045
4.830905534,0.03
4.832709176000001,0.03
4.834734597000001,0.045
4.836878096,-0.135
4.838586558,0.03
4.840676903,0.22499999999999998
4.842793842000001,0.105
4.846026617000001,0.105
4.847370544,-0.16499999999999998
4.848802049000001,-0.16499999999999998
4.850654926000001,0.15
4.854606908,-0.15
4.855349572000001,-0.15
4.856689333,0.135
4.858498987,-0.105
4.860621347,0.18
4.86258805,0.195
4.865831347,0.195
4.867595415,-0.105
4.869570006,-0.105
4.870593359,0.21
4.873451222,-0.16499999999999998
4.87499189,-0.015
4.876660075,0.21
4.87857166,0.0
4.8807873630000005,-0.12
4.8826098490000005,0.15
4.885496342000001,0.15
4.887636870000001,0.15
4.888766487000001,0.15
4.890868274000001,0.015
4.892573155,0.015
4.894760881000001,0.0
4.8965996060000005,0.15
4.898701472,0.075
4.900737437,-0.075
4.904441595000001,-0.075
4.907169103,0.16499999999999998
4.907757869,0.03
4.9090400800000005,-0.075
4.911418393,-0.075
4.912886219000001,0.09
4.914566215000001,0.09
4.916666083,-0.18
4.918606803,0.18
4.921033512,0.045
4.922543301,-0.09
4.925658415,0.09
4.926717893,0.135
4.928602572,0.135
4.932014544,-0.18
4.933088336,0.16499999999999998
4.935428317,0.06
4.936610607,-0.135
4.941061543,0.12
4.94107389,0.15
4.943097314,-0.06
4.948608781,-0.045
4.948620209,0.22499999999999998
4.949505463,0.22499999999999998
4.951158039,0.0
4.952616572,0.0
4.955203019000001,0.09
4.956715916,0.09
4.958622167000001,-0.12
4.960575468,0.195
4.962770948,0.03
4.965637844000001,-0.105
4.966656260000001,-0.105
4.969170538,0.135
4.970750259,0.135
4.972521888,-0.21
4.975471051,0.16499999999999998
4.9769745510000005,-0.03
4.978788474,-0.12
4.981252447,-0.12
4.982795297,0.105
4.986647824,-0.12
4.9876969970000005,0.195
4.989273368,0.195
4.991985559000001,0.22499999999999998
4.9930491450000005,0.22499999999999998
4.994495479,-0.045
4.996543713,0.09
4.9988442840000005,-0.12
5.002741793,0.0
5.003692637,0.15
5.005017489,0.06
5.006784029,-0.18
5.00984369,-0.18
5.011551696000001,0.105
5.01270786,0.105
5.014643453000001,-0.195
5.017673517,0.195
5.018576295,0.195
5.020882685,0.0
5.022660501000001,0.06
5.025581412,0.135
5.0266984830000006,-0.12
5.029223276000001,-0.12
5.030775911,-0.06
5.0325263940000005,-0.06
5.034557509,0.03
5.036572506000001,0.03
5.039193469000001,0.15
5.040704572,0.15
5.043647463,-0.135
5.0449774210000005,0.16499999999999998
5.046921220000001,0.16499999999999998
5.048744511000001,-0.015
5.051101118,-0.015
5.052855659,0.15
5.055252768,0.15
5.057610791,-0.16499999999999998
5.058625045,-0.16499999999999998
5.060604402,0.21
5.062518745,-0.135
5.066061767,0.045
5.067035542,0.045
5.069020444,0.195
5.070615855000001,-0.075
5.073247439,-0.075
5.0747142730000006,0.21
5.076551802,-0.09
5.079923613,0.195
5.080781851,0.105
5.082726996,0.105
5.086231659,-0.135
5.087083509,-0.135
5.089019647000001,0.195
5.091034266,0.195
5.092752155,-0.12
5.0951794360000005,0.135
5.096558787,-0.16499999999999998
5.098765999,0.0
5.100547401,0.135
5.102596891,0.03
5.106967282,-0.18
5.108414742,0.015
5.109132923000001,0.105
5.110941805,0.105
5.112701964,-0.18
5.115521858,-0.18
5.118199234,0.18
5.119607816,-0.12
5.120573082,-0.015
5.12311017,0.24
5.125728840000001,-0.015
5.127335037,-0.12
5.129212499,-0.12
5.130641891000001,0.16499999999999998
5.132628569,0.16499999999999998
5.136165053,-0.16499999999999998
5.13825889,0.16499999999999998
5.1481466650000005,-0.045
5.1481855780000005,-0.12
5.148219998,0.135
5.1482484070000005,0.03
5.149309872,-0.21
5.150010061000001,-0.21
5.152212991000001,0.0
5.153170985,-0.015
5.155138664000001,-0.015
5.1572360360000005,-0.09
5.158684862,0.09
5.160593165000001,-0.105
5.162543207000001,0.03
5.167285049,0.15
5.168204589,-0.045
5.169107176000001,-0.045
5.171196372000001,-0.075
5.1726123170000005,0.105
5.1760996640000005,-0.135
5.178007647,0.195
5.178883103,0.16499999999999998
5.1812622930000005,-0.03
5.182612506,-0.075
5.185449868,0.12
5.186747386,0.12
5.189632858,0.12
5.191748797000001,-0.06
5.193062712000001,-0.06
5.194553831,0.16499999999999998
5.196873332,-0.075
5.20002293,0.135
5.2010603170000005,0.16499999999999998
5.2028094650000005,-0.15
5.207461071,0.0
5.207476216000001,0.195
5.209129784,0.195
5.210878078,-0.03
5.212693951,0.18
5.214892923000001,0.15
5.216504957000001,0.15
5.218871451,-0.16499999999999998
5.220579885,-0.16499999999999998
5.2237674400000005,0.15
5.225940422000001,0.15
5.226678843,-0.135
5.228758787,-0.135
5.230882867,0.135
5.232582701,-0.06
5.234563852,0.135
5.236939431000001,0.03
5.23860773,0.03
5.241157261000001,0.06
5.242795995000001,0.18
5.245298451,-0.105
5.246719852,0.075
5.24911916,0.075
5.250606424,0.15
5.252593023,0.15
5.2551471770000004,-0.105
5.256486570000001,-0.03
5.258447294000001,-0.18
5.262213485,-0.06
5.263535311,0.135
5.265589157,-0.045
5.266775656,0.0
5.2690031390000005,0.0
5.271911502,0.16499999999999998
5.274828704,-0.12
5.275439891,-0.015
5.279034790000001,0.16499999999999998
5.279990089,0.03
5.280795376,-0.105
5.284473917000001,0.15
5.285820502,0.195
5.287594941,-0.16499999999999998
5.288825629000001,-0.16499999999999998
5.291981923000001,0.03
5.293052667,0.0
5.297773565,-0.15
5.297808164,-0.15
5.298680119,0.135
5.30054739,-0.09
5.302478447,-0.045
5.305732341000001,0.16499999999999998
5.307086784,0.03
5.309212374,0.03
5.310638663000001,-0.075
5.313285949,0.18
5.314808253000001,0.18
5.31660831,-0.03
5.318674569000001,0.195
5.320700235,0.06
5.322657467,-0.15
5.327189293,0.06
5.327851949,0.06
5.330174845,-0.15
5.331183908000001,-0.15
5.332764847,-0.06
5.334709076,-0.03
5.336702140000001,-0.03
5.339339527,-0.135
5.34063919,0.135
5.342551173,-0.22499999999999998
5.345624054,-0.105
5.347495282000001,-0.105
5.349328628,0.18
5.350832771,-0.195
5.352885476,0.22499999999999998
5.355325051,0.045
5.357856509,-0.12
5.359750529,-0.09
5.36090747,-0.09
5.363215856,0.18
5.364967643,0.18
5.36768336,-0.075
5.3686627300000005,0.135
5.372422481,-0.105
5.372907189,-0.105
5.375369035,-0.075
5.377549039000001,-0.075
5.379063853,-0.015
5.380592426000001,-0.015
5.382510757,0.09
5.385821310000001,-0.21
5.386851752,-0.21
5.389121794,0.0
5.390553752000001,0.0
5.3928205170000005,0.045
5.394611746000001,0.105
5.396875492,0.105
5.3991337690000005,0.075
5.400565022,-0.075
5.402715668,0.15
5.405600886,0.09
5.407018711,0.09
5.409054531000001,-0.06
5.410526628,-0.06
5.4128915300000005,0.135
5.414668957,0.015
5.4165476130000005,0.24
5.4186745400000005,0.105
5.42113811,-0.15
5.423575822,0.255
5.425456675,0.18
5.427167275,0.18
5.429228161,-0.18
5.430615547,-0.18
5.4330398550000005,0.24
5.43605714,-0.105
5.436875712,0.015
5.438656218,0.12
5.440577975,-0.18
5.447369428,-0.09
5.4474253930000005,0.15
5.448125930000001,0.15
5.448939629000001,0.075
5.4513836200000005,0.24
5.452860242000001,0.24
5.4550895420000005,0.22499999999999998
5.456506589,0.22499999999999998
5.45846448,0.06
5.460809541000001,0.09
5.462774574,-0.135
5.467551846,0.0
5.467576803,0.12
5.469853002000001,0.0
5.470698087000001,0.0
5.474747937,-0.045
5.476204331,0.09
5.477284182,-0.18
5.478604072,-0.18
5.481204154,0.045
5.484541475,-0.06
5.486509379,-0.15
5.4877180690000005,-0.15
5.489349778,0.15
5.492098235,-0.16499999999999998
5.492906188,0.15
5.495374085,0.21
5.496814112,0.015
5.498657420000001,-0.09
5.500677401,0.16499999999999998
5.502653182,0.12
5.505707212,-0.15
5.507383595,0.045
5.508728985,0.045
5.510750012,0.075
5.512838697,-0.075
5.515115206,0.135
5.516578356,0.075
5.518867093000001,-0.15
5.520538379,-0.015
5.522500101,0.16499999999999998
5.525251001,-0.09
5.528395531,-0.015
5.529504151,-0.015
5.530568904000001,0.12
5.5329767290000005,-0.21
5.535073422,0.03
5.536759321000001,0.03
5.538480166,0.195
5.540518849000001,-0.135
5.583905211,0.12
5.583963528,0.09
5.584008171000001,-0.12
5.586056512000001,0.045
5.5860916540000005,0.195
5.586119833000001,-0.06
5.5861518210000005,-0.15
5.5861775510000005,0.16499999999999998
5.586209398,0.135
5.590237934,-0.135
5.590271348,0.0
5.590297265,0.195
5.590325121,-0.015
5.590361295,-0.12
5.590379723000001,0.135
5.593870804000001,0.075
5.593899481,-0.16499999999999998
5.593929676,-0.03
5.5939533180000005,0.135
5.596149615000001,-0.09
5.596177966,-0.16499999999999998
5.596202106000001,0.16499999999999998
5.596225883000001,0.015
5.596258064000001,-0.18
5.596281015000001,-0.18
5.596299465,0.03
5.597281984,0.03
5.597857777000001,-0.06
5.600479077,0.12
5.60129447,0.12
5.604696299,0.105
5.605244916,0.105
5.607061822,0.075
5.6091144690000005,0.075
5.611445275,-0.105
5.613543895,0.18
5.614668616,0.18
5.617320846,0.06
5.619129646,-0.03
5.620462902000001,0.21
5.622619501,0.045
5.625265295,-0.075
5.627480381000001,0.135
5.628699190000001,0.135
5.631073822,0.12
5.63274684,0.0
5.634652291,0.0
5.636645473000001,0.255
5.638563395,-0.16499999999999998
5.640566231,0.16499999999999998
5.6424605450000005,0.16499999999999998
5.646477359,-0.18
5.6471141650000005,-0.18
5.648709224,0.16499999999999998
5.650887954000001,0.16499999999999998
5.653326591000001,-0.06
5.654857195,0.09
5.656529145,0.0
5.6585692110000005,-0.18
5.660616558,-0.06
5.662632062,0.21
5.6667598450000005,-0.09
5.667360365,-0.12
5.668863659,-0.12
5.670900969000001,0.15
5.672762625000001,0.15
5.674672663,-0.135
5.6767462890000004,0.15
5.679689730000001,0.0
5.680630893,-0.16499999999999998
5.68263062,0.105
5.685279869,0.135
5.687181358,-0.16499999999999998
5.688902877,-0.16499999999999998
5.690622474,0.0
5.694835064,-0.03
5.696065375000001,-0.15
5.698164929000001,-0.15
5.699991334000001,0.06
5.7013474660000005,0.06
5.702683468,-0.18
5.705264895,0.21
5.707205185,0.21
5.71010286,0.06
5.712057104,0.06
5.714157352,0.15
5.715115731,-0.21
5.716554628,-0.21
5.718644252000001,-0.045
5.720824545,0.045
5.723979247,-0.16499999999999998
5.725344909,0.075
5.7265119030000005,0.015
5.72907901,0.015
5.73059296,-0.16499999999999998
5.733539411000001,0.195
5.734647958,0.195
5.737533526,0.0
5.73860274,0.075
5.74115874,0.075
5.7427042870000005,-0.135
5.745708799,-0.135
5.7471098650000005,-0.045
5.749198231,-0.045
5.751095774,0.0
5.752860616,0.06
5.75503778,0.06
5.756829957000001,0.075
5.758555261000001,-0.06
5.762567979,0.15
5.7635310980000005,-0.015
5.765427927,-0.075
5.7681988340000006,0.09
5.769102525,0.09
5.770577878,0.06
5.773512248,0.06
5.775129896,0.15
5.777459613,0.15
5.779915707000001,-0.06
5.7813142740000005,0.045
5.78257662,0.075
5.7892740730000005,-0.075
5.789307385000001,0.045
5.790040192,0.045
5.792022286000001,0.15
5.793219743000001,0.15
5.795156897,-0.135
5.7971737590000005,0.195
5.799158097,0.195
5.800620233,-0.135
5.802507911,0.15
5.806011066,0.06
5.807021317,-0.16499999999999998
5.809049241,-0.16499999999999998
5.810673102,0.16499999999999998
5.813187245,0.16499999999999998
5.814890812000001,-0.12
5.816733013,-0.12
5.818513002,0.22499999999999998
5.821447627,-0.135
5.822548531000001,0.03
5.825783344,0.18
5.827479735000001,-0.135
5.829586806,-0.135
5.830935161,-0.015
5.832633788000001,-0.015
5.834610565,0.03
5.8367555620000005,0.06
5.838556564,0.105
5.841094346,-0.03
5.842528849000001,-0.015
5.845183002000001,0.16499999999999998
5.847420594000001,0.09
5.8490680390000005,0.09
5.852151481,-0.015
5.854230393,0.135
5.855415053000001,-0.135
5.860820229000001,-0.135
5.860850881,0.075
5.861962865000001,0.06
5.862688448,-0.06
5.865103361,0.0
5.866741863000001,0.105
5.86989372,0.105
5.87111639,-0.135
5.872582562000001,0.18
5.874674972,0.12
5.876736684,-0.09
5.878568618,0.0
5.880538872000001,0.16499999999999998
5.882757497,-0.09
5.886678227,-0.105
5.8873597570000005,-0.105
5.889180777,0.195
5.891099383,0.195
5.8930750220000006,-0.12
5.895001306,-0.12
5.897417192000001,0.15
5.898827358,0.15
5.900637473000001,-0.09
5.902486258000001,0.09
5.9073477830000005,-0.18
5.907374777,-0.18
5.910022119000001,0.0
5.911035214,0.0
5.912619907000001,-0.045
5.914632873,0.21
5.917093703,0.21
5.919530899000001,0.15
5.922366049000001,0.03
5.922976654,0.075
5.927049086,0.0
5.928343635,-0.15
5.9293682190000006,0.16499999999999998
5.931223013,0.16499999999999998
5.934488764,0.06
5.935156457000001,0.06
5.93654316,0.06
5.938551876,0.015
5.940610009,-0.015
5.944309309,0.135
5.945143769,0.075
5.948237452000001,0.0
5.9492564450000005,0.0
5.950682552,-0.03
5.95264196,-0.03
5.955760951,0.0
5.957059657,0.135
5.958740727,0.06
5.960583636,-0.09
5.963624708,0.135
5.9670850070000006,0.195
5.967769371,0.0
5.968800725,0.0
5.971985183,-0.135
5.973229863,-0.135
5.975339506,0.12
5.977077145,0.12
5.978899586000001,-0.03
5.980560185000001,0.03
5.98253752,-0.15
5.985768588,0.045
5.986727232000001,0.135
5.989416001,0.135
5.992622301,-0.105
5.993567428,0.16499999999999998
5.994911018000001,0.03
5.997074218000001,0.03
5.998605966,-0.16499999999999998
6.000805268000001,0.09
6.002779331,-0.105
6.007391313,-0.09
6.007756065000001,0.18
6.0093279200000005,0.18
6.0123031970000005,0.0
6.013842325000001,0.0
6.0148941140000005,0.22499999999999998
6.016936762,-0.09
6.019525283,-0.06
6.021114159000001,-0.06
6.022704133,0.075
6.026339173,-0.015
6.027600432000001,0.06
6.028753104000001,0.06
6.030609685,0.15
6.032621729000001,0.075
6.0347005760000005,0.18
6.036686565,0.12
6.040351098,-0.12
6.041251209,0.105
6.043829166,0.105
6.046952502000001,0.15
6.047699044000001,0.16499999999999998
6.049635623,0.21
6.050689247,0.21
6.0541511020000005,0.09
6.055149668,0.15
6.056787374000001,0.22499999999999998
6.058560638,-0.03
6.061548490000001,-0.09
6.062900589000001,0.195
6.065670092,0.06
6.066659294000001,-0.12
6.06873132,-0.12
6.0705568350000005,0.21
6.072795531000001,-0.06
6.07536566,-0.12
6.0766229670000005,0.21
6.078592341,0.09
6.081066955000001,-0.075
6.084279673,0.15
6.085481062,0.195
6.087283623,-0.03
6.0895877160000005,-0.03
6.091276859000001,0.03
6.0928309490000006,0.03
6.094936897,0.06
6.096888622000001,0.06
6.098671974,0.075
6.100693489,-0.06
6.2191988380000005,-0.075
6.219229587,0.18
6.2192502780000005,0.06
6.221118813,-0.16499999999999998
6.2211589410000006,0.045
6.221184776,0.18
6.22121317,-0.105
6.221242811000001,-0.105
6.2258762160000005,-0.06
6.225914859,0.12
6.22594953,0.12
6.225977897000001,-0.12
6.226003183,0.16499999999999998
6.226027784,-0.045
6.226403194,-0.075
6.226430135,0.16499999999999998
6.227191237,0.105
6.227216699,-0.12
6.228246379000001,0.0
6.228274944000001,0.135
6.228299123,-0.03
6.229690261,-0.105
6.229704411,0.105
6.229717622000001,0.09
6.231230373000001,-0.16499999999999998
6.231270826,0.045
6.231308623,0.12
6.231338307000001,0.0
6.231368036,0.0
6.231866134000001,0.105
6.233121777,0.135
6.233163442,-0.15
6.233195022,-0.06
6.233227162,0.18
6.234509548,0.075
6.234537592000001,-0.03
6.234559806,-0.03
6.236180642000001,-0.03
6.236213466000001,-0.03
6.236244545000001,0.135
6.236271761,0.135
6.236295774,0.135
6.237814424000001,-0.15
6.237847905000001,-0.15
6.237870345,-0.15
6.238404522000001,0.015
6.239262798,0.015
6.239282317000001,0.015
6.242347941,0.075
6.242385651,0.075
6.242419969,0.075
6.242941361000001,-0.045
6.2429704710000005,-0.045
6.246389244,-0.045
6.247667453,-0.045
6.247696659000001,-0.015
6.247721492,-0.015
6.247744453,-0.015
6.248265177,0.195
6.248293136,0.195
6.2490309250000005,0.195
6.250420194,-0.18
6.251468261,-0.18
6.252055931,-0.18
6.25208003,-0.18
6.253203118,0.0
6.253876411,0.0
6.253895939,0.0
6.254627062,0.0
6.254651920000001,0.0
6.255470565,0.0
6.256391984,0.0
6.257060115000001,-0.135
6.258491352,-0.135
6.259087575000001,-0.135
6.259509690000001,0.105
6.260332114000001,0.105
6.2603675270000005,0.105
6.260878673000001,0.105
6.261724222000001,0.195
6.262797292,0.195
6.267963119,-0.12
6.267995249,-0.12
6.270220267,0.24
6.271245373,0.24
6.274041766000001,0.0
6.274778080000001,0.15
6.276762442000001,-0.12
6.280034552,-0.015
6.2826112190000005,0.15
6.284023663,-0.135
6.285544862,-0.075
6.289668468,0.105
6.289936674000001,0.105
6.291029567000001,0.195
6.2925964400000005,0.03
6.294727084000001,0.16499999999999998
6.296900227,0.03
6.298866532000001,-0.12
6.301222977,0.12
6.304233229,0.03
6.305504245000001,-0.195
6.4234890170000005,-0.015
6.42352067,-0.015
6.425936202000001,0.21
6.425967743,-0.135
6.426015122000001,0.12
6.426038815,0.06
6.426061862,-0.18
6.426092032000001,-0.03
6.426122784,0.16499999999999998
6.426777267,-0.105
6.427528588,-0.135
6.427557844000001,0.12
6.429201968,0.06
6.4292330600000005,-0.075
6.42925736,0.18
6.429280789000001,0.21
6.431614992,0.105
6.431646508,-0.06
6.431671084,0.045
6.431699973000001,0.075
6.431725422,-0.16499999999999998
6.431748411,-0.045
6.431766863,0.16499999999999998
6.4338989170000005,0.045
6.433937227,-0.12
6.433962371000001,0.075
6.433987415000001,0.015
6.434010461000001,-0.21
6.434033416,-0.015
6.436357389,0.21
6.436392905000001,0.015
6.4364173650000005,-0.105
6.43644071,0.24
6.4364645000000005,0.09
6.43649377,-0.09
6.4365178180000004,0.045
6.438376043000001,0.045
6.438408041000001,0.045
6.438431729,-0.15
6.43845473,-0.15
6.438477635000001,0.075
6.438512671000001,0.075
6.4404596960000005,0.075
6.440487790000001,0.075
6.4405077760000005,0.09
6.440527446000001,0.09
6.440552333,0.09
6.441967984000001,0.09
6.441997985,-0.18
6.442024933000001,-0.18
6.442050458000001,-0.18
6.442078540000001,-0.18
6.44265454,0.06
6.442682377000001,0.06
6.447154661000001,0.06
6.447182398000001,0.06
6.448326655000001,0.03
6.4483504830000005,0.03
6.449652412000001,0.03
6.4496773670000005,0.03
6.449699122,-0.195
6.449720018000001,-0.195
6.514285167000001,-0.195
6.514317462,-0.195
6.514338132000001,0.135
6.514357726,0.135
6.514376510000001,0.135
6.5143953340000005,0.075
6.514414245,0.075
6.514432811000001,0.075
6.514452575,-0.15
6.514475491000001,-0.15
6.516285946,-0.15
6.51632408,0.285
6.516348264,0.285
6.516378727,0.285
6.516397415,0.135
6.516416229000001,0.135
6.51749138,0.15
6.517523287,0.16499999999999998
6.517547921,-0.16499999999999998
6.517567349,0.0
6.518577466,0.15
6.518612235,-0.045
6.518636353000001,-0.15
6.520495974,0.15
6.520530977000001,0.16499999999999998
6.520575617,-0.045
6.520599536000001,0.0
6.520623165000001,0.195
6.537645715,-0.21
6.5376804360000005,-0.135
6.53771008,0.135
6.5377397230000005,0.12
6.537766698,-0.16499999999999998
6.5377939220000005,-0.06
6.539844118,0.15
6.539874040000001,-0.015
6.539901739,-0.015
6.539932977,0.075
6.5399626710000005,0.135
6.539990132000001,-0.075
6.541947642,0.0
6.541998668000001,0.0
6.542072781000001,0.0
6.542094861000001,0.0
6.542118233,-0.12
6.542138055000001,-0.12
6.5443662620000005,-0.12
6.544411807,-0.12
6.544451056000001,-0.12
6.54448627,0.0
6.5445194120000005,-0.09
6.544554207,0.075
6.544580637,0.03
6.547100443000001,0.03
6.547146637,-0.135
6.547180545000001,-0.135
6.547210437,0.195
6.547233987,-0.075
6.548269472,0.22499999999999998
6.549579359,0.09
6.551316017,0.09
6.552759243000001,-0.135
6.554618385,-0.135
6.557115287,0.135
6.582335726,-0.105
6.58236577,0.18
6.582382291,0.12
6.582398036000001,0.12
6.582413420000001,-0.105
6.582444721000001,0.255
6.583674791,-0.03
6.583694556,-0.12
6.583711726000001,0.135
6.583723324,0.105
6.585481035000001,-0.12
6.585495890000001,0.0
6.585508076,0.22499999999999998
6.587512373,0.03
6.5891118550000005,-0.075
6.5896258880000005,-0.075
6.590756156,0.15
6.592987317,-0.12
6.594691752,0.12
6.596603078,0.16499999999999998
6.598655927,0.015
6.600503849000001,-0.045
6.602769452,0.135
6.605405028000001,0.15
6.607006228,-0.105
6.6100868880000005,-0.105
6.6112115430000005,0.015
6.612753241,0.015
6.698050562000001,-0.045
6.698097264,0.195
6.698123151000001,0.015
6.698147393,-0.22499999999999998
6.700356544000001,0.195
6.700388147000001,0.105
6.700412985000001,-0.075
6.700436203000001,-0.105
6.700467637,0.105
6.700490311,0.03
6.703255818000001,-0.195
6.703315285,0.15
6.703356549,0.12
6.703865782,0.0
6.703902219000001,-0.105
6.704528339,0.075
6.706551135000001,0.135
6.706578969000001,-0.135
6.706603687,-0.015
6.706622793,0.15
6.707076769,-0.015
6.707897279,-0.18
6.707927984,0.285
6.709258614,0.06
6.709287397000001,-0.12
6.709311765000001,-0.06
6.710885749,0.18
6.710919905000001,0.075
6.710944007,-0.015
6.7109681740000005,0.255
6.710987901,0.12
6.712767382,-0.135
6.712804224,0.045
6.712833678000001,0.22499999999999998
6.712859146,0.06
6.712886656,-0.09
6.713971291,-0.09
6.713993599,-0.09
6.714016159000001,0.03
6.716729244000001,0.03
6.716758241000001,0.03
6.722329382000001,-0.075
6.722378628,-0.075
6.723441009,-0.075
6.7234735070000005,0.135
6.723556709,0.135
6.766866359000001,0.135
6.766900122,-0.105
6.766933454,-0.105
6.767085746,-0.105
6.767116895,0.09
6.7671392180000005,0.09
6.7671623190000005,0.09
6.768955664000001,0.09
6.769061404,0.18
6.769082844000001,0.18
6.769094772000001,0.03
6.770577352,0.03
6.7706017030000005,0.105
6.770613034,-0.16499999999999998
6.770742596000001,0.12
6.770762447,0.12
6.771135073000001,-0.12
6.7711517510000006,-0.22499999999999998
6.772684890000001,0.15
6.772733607,0.06
6.774043454,-0.16499999999999998
6.774054605000001,0.06
6.774065839,0.15
6.774731787,0.015
6.774751994000001,-0.135
6.775772551,0.06
6.777482673000001,0.16499999999999998
6.777529714000001,-0.09
6.777545483000001,0.015
6.7775552800000005,0.135
6.777563526000001,0.0
6.7791811850000006,-0.12
6.7792427580000005,0.24
6.7792539320000005,0.24
6.7792655040000005,0.045
6.779954123,0.045
6.779976307,0.0
6.781035998,0.0
6.784185081,-0.015
6.785247126000001,-0.015
6.787135162,0.135
6.788952379,0.135
6.817691693,-0.18
6.817707088000001,0.15
6.817718104000001,0.015
6.817728179,-0.16499999999999998
6.817738241000001,0.12
6.817748322000001,0.135
6.821891392,-0.12
6.821976210000001,-0.075
6.8220166440000005,-0.075
6.8220498240000005,0.09
6.822308651,-0.03
6.823490151000001,0.135
6.823514551000001,0.03
6.823529674,-0.22499999999999998
6.8238830340000005,0.135
6.823918946,0.075
6.867338907000001,-0.105
6.867366056000001,-0.105
6.867394283,-0.135
6.8693516820000005,0.09
6.869381590000001,-0.16499999999999998
6.8694052800000005,-0.045
6.869428912,0.16499999999999998
6.869451973,0.03
6.869472838,-0.105
6.8715559200000005,0.105
6.871590690000001,0.075
6.873715011000001,-0.135
6.873741778,-0.03
6.873765531,0.18
6.873788638000001,-0.09
6.873823962,-0.12
6.874341889,0.09
6.874369709000001,0.12
6.8748890650000005,-0.16499999999999998
6.874931125000001,-0.03
6.875665746,0.135
6.877336424,-0.015
6.87736645,-0.15
6.877392479,0.3
6.877416194,0.0
6.877439300000001,0.0
6.8779597070000005,-0.12
6.877997325000001,-0.12
6.879350006,0.15
6.881214068,0.15
6.882719923000001,0.015
6.8850873,0.045
6.887690084000001,-0.06
6.888769782000001,-0.06
6.89068812,-0.045
6.915976887,-0.045
6.916035247000001,0.06
6.9160592770000004,0.06
6.916083562000001,0.12
6.916108565,0.0
6.916156804000001,0.09
6.917196002000001,0.16499999999999998
6.917212965,0.09
6.917222941,-0.09
6.918262611,0.015
6.919064114,0.18
6.920147344,-0.045
6.920161961000001,0.075
6.921573809000001,0.075
6.939857826000001,0.18
6.939876164,0.18
6.9398896830000005,-0.12
6.941772367,-0.12
6.941788323000001,0.135
6.941805349,0.105
6.941844262,0.16499999999999998
6.941862339,0.105
6.941878238,-0.09
6.943959629,0.03
6.943993575,0.09
6.944823235,-0.15
6.947044534000001,-0.06
6.947852946,-0.06
6.949264984,0.09
6.951829053000001,0.09
6.9533064520000005,-0.045
6.954848893,-0.045
6.9569242010000005,0.075
6.959473429000001,-0.045
6.960723409000001,0.12
6.962875783,0.12
7.019894507,0.06
7.019920459000001,0.03
7.019934314,0.03
7.019949574000001,0.16499999999999998
7.019961921,0.16499999999999998
7.019974178,0.0
7.021188824,0.12
7.0212052620000005,-0.16499999999999998
7.0212167260000005,0.015
7.021226113000001,0.09
7.021598364000001,-0.045
7.02323712,-0.105
7.023273840000001,0.15
7.023304115,0.045
7.0233366020000005,-0.09
7.023364348,0.03
7.024658541000001,0.18
7.02470629,0.015
7.026978545,-0.09
7.027019470000001,0.105
7.027046305000001,0.18
7.027078228000001,-0.09
7.027103940000001,0.18
7.0271321890000005,0.18
7.029202972,0.03
7.029230886000001,0.0
7.029258823,0.105
7.029292256000001,0.195
7.029325116000001,-0.135
7.029346874000001,0.21
7.029717959,0.21
7.029762584,0.15
7.0311257220000005,0.15
7.0317211340000005,-0.12
7.033354114000001,-0.12
7.034964842000001,0.0
7.0367672400000005,0.0
7.0538149500000005,0.015
7.0538465310000005,0.03
7.053872574000001,-0.105
7.055339158000001,-0.105
7.055368347000001,0.135
7.055393428,-0.16499999999999998
7.055412288,0.075
7.058142902,0.21
7.058431548000001,0.21
7.05844816,-0.075
7.059421455000001,0.105
7.062235875000001,0.105
7.063422578000001,0.135
7.0655519270000005,0.135
7.067233296,0.12
7.069210750000001,0.12
7.0713133930000005,-0.06
7.072787915,-0.06
7.07481835,0.18
7.076853677000001,-0.12
7.078599544,-0.09
7.080603714,0.12
7.082758978,-0.015
7.087685468,-0.195
7.087711339,0.075
7.08926204,0.075
7.091149936000001,0.0
7.092924451,0.0
7.094636539000001,0.16499999999999998
7.096715388000001,0.075
7.098873463,-0.015
7.101248549,0.16499999999999998
7.103165636000001,0.16499999999999998
7.10798254,0.12
7.108037675,-0.045
7.109121937,-0.045
7.1112150000000005,0.16499999999999998
7.112753063,0.16499999999999998
7.1152527260000005,-0.03
7.116687301000001,0.09
7.118760523000001,-0.135
7.120533836000001,0.045
7.122688921000001,0.195
7.126251539,0.075
7.245676949000001,-0.105
7.245709674,-0.105
7.245737193,0.03
7.248333963,0.03
7.248365603000001,-0.15
7.248376674,0.16499999999999998
7.248387027000001,0.16499999999999998
7.2483969770000005,0.045
7.248407076,0.015
7.2484158480000005,0.015
7.250707128,0.06
7.250724506,-0.075
7.250736843,0.24
7.251883998,0.06
7.251901148000001,-0.135
7.251918354000001,0.015
7.254467965000001,0.15
7.254485612000001,-0.105
7.254497942,-0.105
7.254510211,0.12
7.255163342,0.09
7.255180158000001,-0.18
7.2559693890000005,0.195
7.2574889140000005,0.15
7.257507011,-0.075
7.257520386,-0.12
7.257533228000001,0.16499999999999998
7.257543879000001,0.06
7.259292548,-0.105
7.259308166,0.255
7.259318951,0.15
7.259329669,-0.015
7.259338922,0.015
7.261498005000001,0.15
7.261531979000001,0.045
7.2615433110000005,-0.105
7.261554425000001,-0.105
7.261565615,-0.105
7.2615849820000005,0.135
7.264054468,0.135
7.264092637,0.135
7.2641051160000005,0.135
7.264121941000001,0.03
7.264133556000001,0.03
7.264144284,0.03
7.264154781,0.03
7.264165324,-0.075
7.265755819000001,-0.075
7.2657731000000005,-0.075
7.265786940000001,0.18
7.266414089,0.18
7.266450548000001,0.18
7.267175148000001,0.015
7.26720666,0.015
7.267778903000001,0.015
7.269173155000001,0.015
7.269199084,-0.15
7.2708811,-0.15
7.271699881000001,0.24
7.272424518,0.24
7.2730639880000005,0.24
7.273702795,-0.075
7.2749639880000005,-0.075
7.275930847000001,-0.06
7.276624526000001,-0.06
7.278132844000001,-0.06
7.279054091000001,0.105
7.279747015000001,0.105
7.280729604,0.105
7.281588113000001,-0.16499999999999998
7.284811344,-0.16499999999999998
7.284851279000001,-0.16499999999999998
7.284872105000001,-0.015
7.285555049,-0.015
7.285620748,-0.015
7.286526763,-0.015
7.28659205,0.0
7.287246394,0.0
7.287275125000001,0.0
7.287968277,0.0
7.287981638000001,-0.135
7.288781214,-0.135
7.2911965510000005,0.135
7.292972967000001,0.135
7.294650782000001,-0.015
7.297252023,0.0
7.299020549000001,0.16499999999999998
7.301004477,-0.09
7.303326815,0.06
7.305825921,0.15
7.307514288,0.15
7.308568966,0.15
7.3105624360000006,-0.045
7.313979356000001,0.18
7.31474382,-0.045
7.316496205000001,-0.12
7.320429324,0.135
7.3210421210000005,0.135
7.324215481,-0.12
7.3252584,0.0
7.3291169620000005,0.16499999999999998
7.3297351630000005,0.16499999999999998
7.452506015000001,0.0
7.4525261490000005,0.27
7.452537158,0.0
7.452547464,-0.18
7.452557519000001,0.15
7.452567729,0.18
7.452577241,0.06
7.455297135,-0.075
7.4553149560000005,0.16499999999999998
7.4553358350000005,0.075
7.455346989000001,-0.21
7.455358389000001,0.075
7.456477861000001,0.21
7.45649548,0.075
7.456509415,-0.16499999999999998
7.457379056000001,0.21
7.458571719,0.015
7.458588702,-0.21
7.45860252,-0.045
7.458612737,0.21
7.4604312010000005,0.03
7.460449027,-0.15
7.460462777,0.135
7.4604760390000004,0.03
7.462231667,-0.135
7.462264842000001,-0.075
7.462283737000001,0.15
7.462324526000001,0.045
7.46235301,-0.09
7.463833243000001,0.075
7.463872439,0.075
7.463905512,-0.09
7.463929301,0.105
7.463951944000001,0.195
7.466365979000001,0.045
7.46638857,-0.16499999999999998
7.466408333,-0.16499999999999998
7.466426554000001,-0.16499999999999998
7.466446516,0.135
7.466458624,0.135
7.466472286,0.135
7.467097841,0.135
7.467118696000001,-0.21
7.4671343310000005,-0.21
7.469508989,-0.21
7.469535946000001,0.15
7.470226897000001,0.15
7.470251011,0.15
7.470265997,0.105
7.471400266000001,0.105
7.471418342000001,0.105
7.472776907,-0.015
7.472801139,-0.015
7.473472841,-0.015
7.476586457000001,-0.015
7.477295757,0.045
7.477318155000001,0.045
7.478455505,0.045
7.47847165,0.045
7.478482626000001,0.22499999999999998
7.478493434000001,0.22499999999999998
7.4799577710000005,0.22499999999999998
7.479976389000001,0.22499999999999998
7.479989805000001,0.03
7.480002092,0.03
7.480017103000001,0.03
7.480775811000001,0.0
7.480794144000001,0.0
7.480806707,0.0
7.481895348,0.0
7.483436537,0.18
7.484088932000001,0.18
7.48411073,0.18
7.4849120650000005,0.18
7.4849366680000005,0.075
7.484950497000001,0.075
7.4856361840000005,0.075
7.4856530150000005,0.075
7.489249279,-0.135
7.489903021000001,-0.135
7.491586798,0.195
7.493340279000001,0.195
7.494746607000001,-0.045
7.499353252000001,0.075
7.499375778,0.075
7.501612681,-0.21
7.502752366,0.075
7.505491031,-0.105
7.509113770000001,-0.09
7.509958630000001,-0.09
7.510771943000001,0.15
7.512874056,-0.09
7.5156512410000005,0.255
7.518218657,0.255
7.519009283000001,0.09
7.521312203000001,0.075
7.523179662,0.15
7.525939448000001,0.105
7.5273627770000004,0.105
7.529166898000001,-0.075
7.530756279,0.16499999999999998
7.5330062490000005,-0.135
7.536141344000001,-0.06
7.657132774000001,-0.06
7.657167052,0.195
7.657206713000001,-0.135
7.657230162,0.18
7.657252722000001,0.21
7.657276249000001,0.03
7.6586899090000005,0.045
7.658720597,0.255
7.65874465,0.135
7.658763565,0.135
7.660876726000001,-0.075
7.6609140600000005,0.21
7.660939917,0.015
7.660963112,-0.045
7.660986118,0.195
7.661009176,0.045
7.661562527,-0.135
7.661587862,0.0
7.662797772,0.16499999999999998
7.662838469,0.03
7.662868260000001,-0.06
7.664585435,0.12
7.6646263470000005,0.075
7.664650529,-0.15
7.664674107000001,-0.06
7.664692791,0.24
7.665045866000001,0.0
7.666520209000001,-0.135
7.667467490000001,0.045
7.670617308000001,0.06
7.670644489000001,-0.18
7.670668675000001,-0.06
7.670692162000001,0.195
7.671901701,0.015
7.671939741,-0.12
7.671963953000001,0.09
7.67377338,0.09
7.6738027230000005,0.09
7.673827081000001,0.06
7.673850582000001,0.06
7.673869461000001,0.06
7.673888306,-0.09
7.675444284,-0.09
7.675475742000001,-0.09
7.675499941000001,0.24
7.675541236000001,0.24
7.675559750000001,0.24
7.676806267000001,0.015
7.676837792000001,0.015
7.676861120000001,0.015
7.677324792,0.015
7.677348097,-0.16499999999999998
7.678155431,-0.16499999999999998
7.678181840000001,-0.16499999999999998
7.6797801560000005,-0.16499999999999998
7.679808794,0.18
7.680803053000001,0.18
7.680826996,0.18
7.681677474000001,0.18
7.681693387,-0.105
7.684328811,-0.105
7.685372556000001,0.16499999999999998
7.686199777000001,0.16499999999999998
7.686798324000001,0.16499999999999998
7.688021776,0.105
7.689169028,0.105
7.689408380000001,0.105
7.689995957000001,-0.105
7.690770287,-0.105
7.690787467000001,-0.105
7.691708934,0.24
7.692634595,0.24
7.693401746,0.24
7.693706763000001,0.12
7.695510348000001,0.12
7.696150214,0.12
7.6991208890000005,-0.135
7.699709385,-0.135
7.701028102,-0.135
7.701047523000001,0.0
7.701061709,0.0
7.7015927170000005,0.0
7.703549998000001,0.18
7.7045605230000005,0.18
7.705374685000001,-0.12
7.707809956,-0.12
7.70948083,0.03
7.713258658000001,0.03
7.7143577830000005,-0.06
7.7151042400000005,-0.06
7.716747844,-0.015
7.718574873000001,-0.015
7.722045963,0.045
7.724207236000001,-0.075
7.7249846810000005,-0.075
7.7278061430000005,-0.015
7.728926471,-0.015
7.7311233370000005,0.12
7.7325478180000005,0.12
7.736050147,0.22499999999999998
7.73841434,-0.16499999999999998
7.7406945050000004,-0.09
7.864031197,0.21
7.864085553000001,0.075
7.864141799,-0.135
7.864183158,0.03
7.864219478000001,0.12
7.864256490000001,-0.03
7.864291479,0.045
7.866582473,0.21
7.866611424,0.12
7.866635627000001,-0.18
7.866658989,0.03
7.866681767,0.135
7.8667046880000004,-0.015
7.86724492,-0.075
7.867305187,0.105
7.867364155000001,0.12
7.868169118000001,-0.18
7.869706778,-0.015
7.869726819,0.18
7.869746613,-0.015
7.869764052000001,-0.15
7.871553385,0.16499999999999998
7.87157498,0.12
7.871592712000001,-0.21
7.871612553,0.015
7.871627344,0.12
7.872731983,-0.075
7.872750966000001,-0.135
7.872778329000001,0.21
7.872824991000001,0.105
7.8763555510000005,-0.12
7.87637388,0.015
7.876389304000001,0.12
7.876401959000001,0.015
7.876417292,-0.105
7.876442963000001,0.15
7.877083703,0.15
7.877100592000001,0.15
7.878063046,-0.16499999999999998
7.879968044000001,-0.16499999999999998
7.8799914730000005,-0.16499999999999998
7.880006562,0.09
7.880027512000001,0.09
7.88004276,0.09
7.881049915,0.09
7.881102729,0.135
7.8811184800000005,0.135
7.8823176660000005,0.135
7.882346685000001,-0.12
7.882366801000001,-0.12
7.882384150000001,-0.12
7.883785383,-0.12
7.883871547000001,0.195
7.883902984000001,0.195
7.883926058,0.195
7.884539869,0.195
7.884600337,0.105
7.886427269,0.105
7.887038990000001,0.105
7.8875276990000005,-0.15
7.887718401000001,-0.15
7.888527375000001,-0.15
7.888541835000001,-0.15
7.889085979000001,0.06
7.889682535,0.06
7.890594997000001,0.06
7.891211438000001,0.09
7.8919863910000005,0.09
7.892605362,0.09
7.893110186,-0.09
7.894516418,-0.09
7.89541578,-0.09
7.8954489820000004,-0.09
7.896170242,0.12
7.897071769,0.12
7.897093659,0.12
7.897956102,0.12
7.899046189000001,0.15
7.899903202000001,0.15
7.8999291220000005,0.15
7.901363908,-0.105
7.902533051000001,0.16499999999999998
7.9057670390000006,0.045
7.906996441,-0.12
7.909071662000001,-0.12
7.9106281990000005,0.12
7.913001675,-0.18
7.914921887,-0.03
7.91782006,0.105
7.918953428000001,-0.075
7.920673874,0.0
7.92332675,0.16499999999999998
7.929114564000001,0.075
7.929621651000001,-0.22499999999999998
7.929659143,-0.015
7.930794255,-0.015
7.9339615310000005,0.12
7.934871566000001,-0.06
7.936847167000001,0.12
7.938894387,0.18
7.941850704,-0.105
7.942776461,0.18
7.945571770000001,0.21
7.996650187,0.0
7.99666437,0.0
7.996676139000001,-0.135
7.998862443,-0.015
7.998898008,-0.18
7.998911973,-0.045
7.998924325000001,0.195
7.998964431,0.045
7.998980095,-0.09
8.000695022,0.27
8.000719597,0.045
8.002477295,-0.12
8.00250345,-0.015
8.002533476,0.195
8.002550935,0.06
8.002591184,-0.105
8.0043833,0.03
8.004409698,0.105
8.004423089000001,-0.09
8.005748216,-0.09
8.005800188,0.16499999999999998
8.005858985,0.015
8.007234032000001,-0.18
8.007265621,0.22499999999999998
8.007285104000001,0.045
8.007303481000001,-0.195
8.007321769,0.045
8.008596987,0.015
8.008609112,-0.15
8.008622766,-0.15
8.009650475,-0.03
8.009956003000001,-0.03
8.010822990000001,0.045
8.015225613,-0.06
8.016309725000001,-0.06
8.016774314000001,0.15
8.018769299,0.0
8.020787197,0.105
8.046160358,0.09
8.046179683,-0.075
8.046194383000001,0.16499999999999998
8.046218794,0.105
8.048317512,0.015
8.048332435,-0.045
8.048343166,0.12
8.048353496,0.06
8.048365134,-0.195
8.048373981000001,0.15
8.049676265,0.075
8.049691752000001,-0.06
8.050379188,-0.15
8.052019294,0.15
8.052931260000001,0.105
8.054717216,-0.15
8.05571489,-0.03
8.056702617000001,-0.03
8.059031597,0.16499999999999998
8.061145902,0.16499999999999998
8.063615459000001,-0.15
8.065941125,-0.15
8.067387955000001,0.06
8.068776587,0.06
8.071099826000001,0.0
8.072914888,0.0
8.075215077000001,0.0
8.079103196,-0.06
8.079528362000001,0.135
8.080817269,-0.12
8.08328313,-0.045
8.086678839000001,-0.045
8.087582293,0.135
8.088943374000001,0.135
8.090845216,0.015
8.093862810000001,0.0
8.095126291,-0.16499999999999998
8.096760991,-0.015
8.098690920000001,0.16499999999999998
8.101163618000001,0.06
8.102541764,-0.06
8.105765419,0.285
8.106731189000001,0.285
8.109085077000001,0.105
8.110578935000001,0.105
8.112522576,0.0
8.114887028,-0.06
8.116979731,-0.015
8.11860234,0.195
8.120625144,0.0
8.124282722,-0.12
8.124974204,0.0
8.127789578,0.18
8.128673765,0.18
8.131141108000001,0.0
8.132626405,0.0
8.134569990000001,0.135
8.136444985,-0.12
8.138672726000001,-0.075
8.140560879,0.21
8.144358435000001,0.045
8.146325035,-0.12
8.147271481,0.075
8.148561129,0.075
8.219097572,0.16499999999999998
8.219128234000001,0.135
8.219157034,0.22499999999999998
8.219182338000001,0.105
8.221214449,-0.09
8.221245737,0.075
8.22127045,0.15
8.221298811,-0.15
8.221322894,-0.06
8.221341745,0.195
8.223490141000001,0.105
8.223534865000001,-0.135
8.223564124000001,0.075
8.22465973,0.15
8.224740648000001,-0.03
8.224769104,-0.045
8.22889631,0.15
8.228930346,0.06
8.228964932,-0.09
8.228989309000001,0.06
8.229018663,0.22499999999999998
8.229045881000001,-0.135
8.231197563,0.075
8.231228262,0.18
8.231255509,0.045
8.231284475,-0.15
8.231312816,0.22499999999999998
8.231341168,0.105
8.231366167000001,-0.06
8.231940858,0.075
8.23196002,0.15
8.233439958,0.12
8.233473419000001,-0.135
8.233499346,0.0
8.233521812000001,0.12
8.235483536,-0.06
8.235514392,-0.06
8.235552453,-0.06
8.235581384000001,-0.06
8.23560178,-0.135
8.235750398,0.12
8.235774709000001,0.12
8.236931958000001,0.16499999999999998
8.237974202,0.16499999999999998
8.238666436,-0.06
8.242009321000001,0.06
8.242858427,-0.16499999999999998
8.245798898,0.0
8.248666569000001,0.06
8.248957560000001,0.06
8.251455174,-0.18
8.252613892000001,-0.18
8.294485571000001,0.18
8.294513243,-0.105
8.294533498,0.12
8.296815118000001,0.16499999999999998
8.296845908,0.16499999999999998
8.296895353,-0.16499999999999998
8.296923694,0.135
8.296946756,0.12
8.296983248,-0.18
8.297026378,0.22499999999999998
8.29943592,0.16499999999999998
8.299465837000001,0.015
8.299509504000001,-0.06
8.300603504,0.18
8.300639792,0.18
8.300663539,-0.06
8.30160991,0.18
8.301649252,0.22499999999999998
8.301679817,0.03
8.303062691000001,0.0
8.303102521000001,0.09
8.303134380000001,-0.015
8.303158969,-0.15
8.303620769,0.0
8.304007853,0.0
8.30561569,0.12
8.308580761,-0.105
8.308980587,-0.105
8.312316838000001,0.16499999999999998
8.313196424000001,0.16499999999999998
8.316992115,-0.18
8.317646365,0.18
8.318836759,0.18
8.334606988,0.0
8.334638731,0.12
8.3346639,0.15
8.334683383,-0.12
8.33548485,-0.03
8.335515627000001,0.195
8.337015081,-0.015
8.33775348,-0.105
8.337786991,0.195
8.340932069,0.075
8.341692505000001,0.075
8.342779068,-0.18
8.345501724,-0.18
8.348474755,0.045
8.349745296,0.045
8.350956551000001,-0.105
8.352775029,-0.105
8.356201315,0.18
8.358687008,0.18
8.359675001000001,0.21
8.360813428,0.03
8.364232181,-0.105
8.365737602000001,0.06
8.367110405,0.16499999999999998
8.369682974,-0.16499999999999998
8.37155836,-0.045
8.372590821000001,0.21
8.374692499,0.0
8.403547748000001,0.0
8.403566737,-0.015
8.40358093,0.12
8.405835137,-0.135
8.405854143000001,-0.09
8.405867099,-0.09
8.405880179,0.24
8.405892846,-0.045
8.405905348000001,-0.045
8.406406061,0.195
8.407227613,0.015
8.407240629,-0.06
8.408392568,0.16499999999999998
8.408408060000001,0.09
8.408419128,-0.12
8.410346039,0.03
8.411162227,0.18
8.412304603,-0.045
8.413130123,-0.045
8.415290581,-0.045
8.417795005,0.22499999999999998
8.418810214,0.22499999999999998
8.420942203000001,-0.135
8.424364554,0.09
8.426135068,-0.09
8.427002498,-0.06
8.457234116,-0.06
8.457248768000001,0.135
8.45725992,-0.105
8.459907689000001,-0.105
8.459939623,0.18
8.459952745,0.06
8.459970892000001,-0.06
8.459985952,-0.06
8.460459746,0.18
8.461180461,-0.135
8.461197707,0.21
8.462720986,0.12
8.462752314000001,0.0
8.462799674000001,0.0
8.462838490000001,0.15
8.462878296000001,0.12
8.465152076,-0.105
8.465178550000001,0.03
8.469949614,0.135
8.469984224000001,-0.03
8.470622233,-0.105
8.471547421,-0.105
8.472913226000001,0.21
8.474620194,0.21
8.476807706,-0.09
8.478661651000001,-0.09
8.480832921000001,0.18
8.482915298,0.0
8.485747517,0.0
8.488243023,0.15
8.489102603000001,0.15
8.492879232,-0.09
8.4935861,0.195
8.495033138,0.195
8.496797753000001,0.045
8.499578225,0.135
8.500742903,0.22499999999999998
8.502883947,-0.06
8.505367341000001,0.16499999999999998
8.507197015000001,0.24
8.508760961,0.24
8.510582839000001,-0.03
8.512851717,0.06
8.515083584000001,0.12
8.516709176,0.12
8.519363661,-0.03
8.520551272,0.255
8.52247661,0.09
8.527631754,-0.15
8.52796579,0.0
8.529071553000001,0.21
8.530549787,0.21
8.534097695,-0.15
8.536592663,0.15
8.538182024000001,0.09
8.53895582,-0.105
8.541313454,0.015
8.54323137,0.09
8.546116799,0.09
8.547161072,-0.105
8.548891787,-0.105
8.552019964000001,0.15
8.55298434,-0.15
8.556303789000001,0.03
8.557591342,0.16499999999999998
8.559920796,-0.16499999999999998
8.591362759,-0.045
8.591395548000001,-0.045
8.591420723,0.16499999999999998
8.591444406,0.16499999999999998
8.59146729,-0.09
8.591493822,0.255
8.592494556,0.255
8.592525711,-0.18
8.592550394,0.15
8.592571104000001,0.12
8.593055661000001,-0.15
8.594383635,0.06
8.594412423000001,0.16499999999999998
8.594436994,0.0
8.594456263,-0.12
8.594777575,0.22499999999999998
8.595518063,0.06
8.595545977,-0.15
8.597153718000001,-0.15
8.599184144,0.105
8.600921502,0.105
8.603822156,-0.16499999999999998
8.605670499,-0.16499999999999998
8.607296816,0.18
8.608737613,0.18
8.611598305000001,-0.09
8.612775815000001,0.24
8.644733930000001,0.09
8.644773667,0.045
8.644806548,0.3
8.644838805000001,0.16499999999999998
8.644870026000001,0.16499999999999998
8.644899967,-0.135
8.645945889,0.21
8.645979988,0.0
8.646012014,-0.12
8.646037307,0.12
8.646467672,0.15
8.649865374,-0.12
8.649897357,0.12
8.649940375,0.16499999999999998
8.649968474000001,0.045
8.650199833,-0.16499999999999998
8.651066403,0.105
8.651091908,0.09
8.652532906000001,0.09
8.653220415,-0.195
8.654748675,-0.195
8.656752088000001,0.195
8.658672422,-0.18
8.660649186,0.105
8.664678290000001,0.16499999999999998
8.666266515,0.16499999999999998
8.667028117000001,-0.195
8.668759072,-0.195
8.670674952,0.06
8.674614668,-0.105
8.675307221,-0.105
8.676572887,0.16499999999999998
8.678516984,-0.135
8.680831521,0.16499999999999998
8.682828155000001,0.16499999999999998
8.685499145000001,0.0
8.687647767000001,-0.075
8.688892616,-0.075
8.69052327,0.16499999999999998
8.692748472,-0.16499999999999998
8.698841505,0.15
8.69890464,0.195
8.700468631,0.195
8.701305084000001,0.03
8.702568956,0.03
8.706068139000001,0.285
8.706906642,-0.135
8.708932540000001,-0.135
8.712484436,0.015
8.713204926000001,0.015
8.715150056,-0.045
8.716622411000001,-0.045
8.720574439,0.12
8.721262265,-0.21
8.722714547,0.12
8.72538386,0.21
8.727485721,0.045
8.728812093,0.045
8.730742488,-0.06
8.732652916000001,0.12
8.736648841000001,-0.18
8.737549492000001,-0.105
8.738578183000001,-0.105
8.740886864,0.12
8.742938996000001,-0.09
8.745541804,-0.09
8.749723419,0.135
8.750594413,0.135
8.75237538,-0.18
8.752977777,-0.18
8.754590334000001,0.195
8.757073922,-0.16499999999999998
8.758701284,-0.16499999999999998
8.762219359000001,0.12
8.793881745,-0.16499999999999998
8.793901149,-0.03
8.793920086,0.195
8.793936394000001,0.195
8.795335975,0.015
8.795352961,0.09
8.795364806,0.075
8.795376694,-0.045
8.797041128,0.045
8.797059496000001,0.18
8.798801907000001,0.135
8.798818101,-0.105
8.798830108,0.24
8.798841359,0.09
8.798852623,-0.22499999999999998
8.799927295,0.09
8.799947502,0.21
8.799961333,0.075
8.801490430000001,-0.12
8.801830628000001,-0.12
8.80427635,0.09
8.805266592,0.09
8.807306276,-0.18
8.80913172,-0.18
8.810998104000001,0.21
8.813491613,0.21
8.814584289,-0.06
8.816516546,0.18
8.847167930000001,-0.015
8.847197987000001,-0.105
8.847223363000001,0.135
8.847242595,0.135
8.849460126,-0.105
8.849491034,0.22499999999999998
8.84951463,0.15
8.849538251,-0.015
8.84956348,0.0
8.84959445,0.15
8.851075334,0.075
8.852913045000001,-0.16499999999999998
8.852943791000001,0.0
8.852968148,0.18
8.852992711,-0.06
8.853016408,-0.09
8.853485262000001,0.16499999999999998
8.853507524000001,0.075
8.855357545,-0.16499999999999998
8.857150788,-0.16499999999999998
8.858884484,0.075
8.861294313,0.075
8.863297240000001,-0.195
8.867243005,0.18
8.867845616,0.06
8.869373967000001,0.06
8.870826954,-0.15
8.872784315,0.105
8.875374936,-0.06
8.876827659,-0.06
8.879195224,-0.03
8.881183586,0.03
8.882973585,-0.135
8.886391793000001,0.18
8.889151459,0.16499999999999998
8.889983988000001,-0.06
8.890930914,-0.06
8.894240324,-0.06
8.895706749,-0.06
8.897492839,0.12
8.898693513000001,0.015
8.900622484000001,0.21
8.905734366,0.0
8.906496023,-0.105
8.908438577,0.195
8.909313466,0.195
8.910669532,0.075
8.91329438,0.06
8.914715619,0.06
8.918668103,0.22499999999999998
8.9193475,0.0
8.920816117000001,0.12
8.922896997,0.09
8.927723578,-0.12
8.92821578,0.015
8.929575246,0.015
8.930851983,0.135
8.932607065000001,0.0
8.934888329000001,0.18
8.936628377,0.09
8.93875905,-0.135
8.941862376000001,0.0
8.944032005,0.21
8.947042360000001,0.0
8.947055575,-0.075
8.949805471000001,0.12
8.951713455,0.12
8.952937603,0.075
8.954649214,0.075
8.956765364,0.0
8.96011516,0.0
8.962317415000001,-0.16499999999999998
8.963259532,0.135
8.96574443,0.12
8.967298952,0.12
8.969656469,-0.16499999999999998
8.970958795000001,-0.16499999999999998
8.973540895000001,0.16499999999999998
8.974719778,0.16499999999999998
8.977922922000001,0.06
8.979011779,0.075
8.980638767,-0.16499999999999998
8.982475072,-0.03
8.985448927,0.195
8.986960123000001,0.0
8.988718179000001,0.0
8.990849019,-0.09
8.992809364000001,-0.09
8.994658441,0.135
8.996537211,0.0
8.999962437,0.21
9.002276306,0.045
9.002937404,-0.15
9.005241435,0.15
9.007076025,0.135
9.008870830000001,0.135
9.010677798,-0.135
9.013066321,-0.135
9.014762306,0.195
9.018310188000001,-0.15
9.018816894,-0.15
9.020614997000001,0.18
9.025829268,-0.18
9.025846340000001,-0.015
9.027887939000001,0.255
9.028607857,0.255
9.030539686000001,0.0
9.032632088,0.22499999999999998
9.034609609,0.135
9.037050133000001,-0.075
9.038905181,0.135
9.041044871,0.16499999999999998
9.042531493,0.045
9.045968086,-0.03
9.047332933,0.075
9.04896521,0.06
9.051209573000001,0.06
9.053852408000001,-0.135
9.055303014,0.195
9.056863617000001,0.195
9.058511437,-0.03
9.060498352,0.09
9.062836322,0.09
9.065823317000001,-0.12
9.067690452,-0.12
9.068626271000001,-0.03
9.070566419,-0.03
9.072649686,0.03
9.074692051000001,0.15
9.076914589000001,0.09
9.079755378,-0.06
9.080665613,-0.09
9.084364861000001,0.22499999999999998
9.085423549,0.105
9.087023542,-0.15
9.089202886,-0.15
9.093364438,0.06
9.094001502000001,-0.075
9.095152802000001,-0.105
9.096566662,-0.105
9.098471420000001,0.18
9.100996015,-0.16499999999999998
9.102523562,0.015
9.105110495,0.105
9.107258604,-0.075
9.108677965,-0.075
9.110536657,-0.075
9.112600089,0.09
9.114723211000001,-0.075
9.117026179,0.22499999999999998
9.118560633000001,0.22499999999999998
9.120984249000001,0.075
9.122535439,-0.105
9.125759682,0.16499999999999998
9.127515305000001,0.135
9.12868652,0.135
9.130882355,-0.06
9.134021301,0.18
9.134874228000001,0.18
9.136579817000001,-0.16499999999999998
9.138546886,0.16499999999999998
9.140979764,0.09
9.142589317,0.09
9.146448216000001,-0.12
9.147274462,0.195
9.149613948,0.195
9.150915470000001,-0.03
9.153372188,-0.03
9.154648377000001,0.195
9.15730959,-0.09
9.158563337,-0.09
9.160840464000001,0.135
9.162596465,-0.015
9.166316368,-0.03
9.167063502000001,0.18
9.16884366,0.18
9.172093803000001,0.045
9.175313512,0.0
9.175340685,0.0
9.176541888000001,0.22499999999999998
9.179194064,-0.12
9.180866868,0.15
9.182670852000001,0.045
9.185955906,-0.135
9.187200794,0.045
9.189375696,0.045
9.190939698000001,0.15
9.193563016,0.15
9.194825402000001,-0.09
9.196898239000001,0.09
9.199225095000001,-0.09
9.201883514,-0.09
9.20273534,0.27
9.205559406,0.015
9.207599579,0.015
9.208801759,0.045
9.210973056,0.045
9.21309724,0.045
9.214861659,0.045
9.216926593,-0.015
9.218812271000001,-0.06
9.221398968,-0.105
9.222725731,0.15
9.225991955000001,0.135
9.227185096000001,-0.09
9.229188952000001,-0.09
9.230704688000001,0.09
9.232898059,0.0
9.234773369000001,0.0
9.236947093000001,-0.045
9.240048099000001,0.15
9.241135700000001,0.15
9.243167592,-0.12
9.246232944,0.195
9.24683478,0.195
9.250364863,-0.075
9.251402127,-0.075
9.253609117,0.12
9.254797557,-0.12
9.257354545,-0.12
9.258736036,0.06
9.260828179,0.06
9.26435073,0.045
9.269020110000001,0.15
9.269038341,0.15
9.269800923,0.15
9.270902305,-0.21
9.272852164000001,0.22499999999999998
9.27496778,0.22499999999999998
9.278354069,0.0
9.280708259,0.27
9.281666174,0.27
9.282581936,0.18
9.285369741,0.075
9.287431707000001,0.22499999999999998
9.289223586,0.22499999999999998
9.290818749000001,0.03
9.292754981,0.285
9.294849762,0.09
9.29664106,0.09
9.299336128,-0.12
9.301539108,-0.12
9.302603242,0.15
9.305614086,-0.105
9.308798872,0.105
9.309487744,0.105
9.3108096,0.075
9.312745385000001,0.075
9.315017216000001,-0.015
9.316592952,0.03
9.318618286000001,-0.105
9.321664463000001,0.105
9.322573775,0.03
9.325956732,-0.045
9.326744086,-0.045
9.328649013,0.0
9.33063895,0.0
9.332529465,0.045
9.334842214,0.03
9.336647817000001,0.15
9.339056831,-0.15
9.341645549,-0.15
9.342548061,-0.075
9.346071828000001,0.015
9.34683307,-0.18
9.348992466,-0.18
9.35126556,0.15
9.352882362,0.15
9.354853908,-0.15
9.356941472,0.21
9.358623592,0.21
9.361539812,0.06
9.362547178,0.06
9.365427308000001,0.24
9.36736235,-0.12
9.370070024,-0.12
9.370867713,0.045
9.372587054,0.045
9.374911477000001,0.03
9.377349184,0.06
9.378934569,0.09
9.381112735,0.09
9.385404340000001,-0.16499999999999998
9.385726125,0.24
9.387214012000001,0.06
9.388779979,0.06
9.390626573,-0.15
9.393155725,0.015
9.395014757,0.015
9.397349235,-0.16499999999999998
9.399278895,0.18
9.400876248000001,0.18
9.403885388,0.0
9.405658181,0.06
9.407557388,0.16499999999999998
9.40933416,0.16499999999999998
9.41081939,-0.15
9.413257399,0.16499999999999998
9.414851775,0.16499999999999998
9.41666977,0.06
9.418673656000001,0.09
9.421935075,0.09
9.4230478,0.16499999999999998
9.425154645000001,0.16499999999999998
9.427388153,-0.075
9.429073413000001,-0.075
9.430680015,0.015
9.432638594,0.015
9.435708705000001,0.12
9.436677532000001,-0.135
9.438559548,-0.06
9.441216561000001,0.18
9.442882744,0.045
9.445775629,-0.105
9.446776248,0.045
9.449170146,0.045
9.453381965,0.21
9.454489571,0.06
9.455438931,0.06
9.45756375,0.18
9.458845788000001,-0.075
9.461034904,-0.075
9.462898539000001,0.22499999999999998
9.466251445000001,-0.18
9.466947726,-0.06
9.469219241000001,-0.06
9.470993963,0.135
9.473355978,0.135
9.475954727000001,-0.075
9.478123409,0.105
9.479102623000001,-0.15
9.481677328,-0.15
9.482804047,0.015
9.485873810000001,0.12
9.487002205000001,-0.135
9.489471132,-0.135
9.490893016000001,0.03
9.493229244,0.03
9.494604471,-0.06
9.496646955000001,0.195
9.498553970000001,0.135
9.500981101,-0.105
9.503233473,0.21
9.505190963,0.15
9.506712172,0.0
9.508941144000001,0.0
9.51062433,-0.135
9.514636558000001,0.105
9.515306358,-0.16499999999999998
9.519016032000001,0.045
9.51964532,0.18
9.520623227,0.18
9.5228038,-0.03
9.52620677,0.135
9.52723561,0.18
9.528869425,0.18
9.530678147,-0.16499999999999998
9.533228482,0.135
9.534629247,0.03
9.536587206,-0.015
9.538848959000001,0.075
9.540815741000001,0.15
9.542619246000001,0.15
9.545975827000001,-0.09
9.546995733000001,0.21
9.549125084,0.21
9.551126346,0.03
9.553260754,0.03
9.554787014,0.195
9.556705937,-0.105
9.558672366000001,-0.015
9.560854885000001,0.21
9.562775898,0.03
9.566082743,-0.06
9.568437362000001,0.135
9.56930343,0.135
9.572195649000001,0.15
9.57530335,-0.015
9.575880045,0.21
9.576783406,0.03
9.579952259,-0.09
9.581134887000001,0.12
9.584498302,0.21
9.585277722,-0.06
9.587586752,0.195
9.589390478,0.195
9.590757315000001,0.195
9.594221591,-0.135
9.59659307,0.135
9.597330884,0.135
9.598995176,0.195
9.603130979000001,-0.045
9.605214928,0.21
9.606101267000001,0.075
9.606905103,0.075
9.608969643,-0.105
9.611140233,-0.105
9.613092449,0.18
9.615435017000001,0.18
9.617433688,-0.06
9.618742641,0.075
9.621396449,-0.15
9.622730916,0.03
9.625135509000001,0.105
9.62676822,-0.03
9.628747567000001,-0.03
9.630679594,0.135
9.632904536,0.06
9.635395907000001,0.06
9.637817564,-0.09
9.639103146,0.03
9.640676914,0.03
9.642988622,-0.18
9.646000754000001,0.16499999999999998
9.64688562,0.16499999999999998
9.650103365000001,-0.06
9.651215204000001,-0.06
9.652930488,0.105
9.65543901,0.105
9.656756356,-0.03
9.659869025,-0.03
9.660751797000001,0.24
9.662513050000001,-0.03
9.665888778000001,0.32999999999999996
9.666991851,0.15
9.668950009000001,0.15
9.670526614,0.0
9.673031447000001,0.24
9.674644739000001,0.12
9.676643658000001,-0.18
9.678514449000001,0.0
9.680764037000001,0.22499999999999998
9.682511402000001,-0.045
9.688022973,-0.12
9.688054087000001,0.135
9.689167372,0.16499999999999998
9.691110495,0.16499999999999998
9.693693794000001,-0.105
9.696168869000001,0.21
9.700249266,-0.03
9.700598606,-0.03
9.702027902000001,-0.12
9.702849125,-0.12
9.707851092,0.15
9.708263652000001,0.0
9.709087523,0.0
9.71147724,0.16499999999999998
9.712667135,0.16499999999999998
9.715282547000001,-0.12
9.718308562,0.09
9.719668362,0.09
9.720798075000001,-0.12
9.723575082,0.105
9.727824536,-0.075
9.728412695000001,-0.075
9.730347275,0.0
9.731325991,0.0
9.73317849,0.0
9.735155174,0.0
9.738492929000001,0.045
9.740159113,0.015
9.742607751000001,0.0
9.743409855000001,0.21
9.747523084000001,0.16499999999999998
9.747574432,-0.06
9.748854686000001,-0.06
9.750922858000001,0.105
9.752773138,0.105
9.757320421000001,-0.06
9.758129144,0.12
9.760843248,0.15
9.762451225000001,-0.16499999999999998
9.763253249,0.12
9.766171356000001,0.24
9.766906871,0.24
9.77145799,0.105
9.771810472,0.12
9.772946644000001,0.12
9.776161032000001,0.195
9.777053231,0.12
9.779426114000001,0.22499999999999998
9.780803105,0.12
9.783018760000001,-0.06
9.785524411,0.18
9.786877702,0.18
9.788759179000001,0.24
9.791573603,0.03
9.793091160000001,0.12
9.79465643,0.12
9.796552553000001,0.045
9.799622423,-0.015
9.800674979,0.16499999999999998
9.8026503,0.16499999999999998
9.806391388,-0.135
9.807117919000001,0.18
9.808788312,0.18
9.812272666,0.045
9.815190580000001,0.0
9.815889651,0.075
9.816633668000001,0.075
9.819111976,-0.12
9.820705872000001,0.15
9.822731823,0.015
9.827798882,-0.15
9.828532703,0.015
9.8291859,0.015
9.83080907,0.06
9.832655781000001,-0.12
9.834684311,0.12
9.836578687000001,0.105
9.839056556000001,-0.09
9.840729040000001,0.03
9.842644583,0.21
9.846265719,0.0
9.847561142,-0.105
9.849146841000001,-0.105
9.850805838000001,0.135
9.853540606000001,-0.16499999999999998
9.854829109,0.0
9.856839303000001,0.195
9.859132273,-0.075
9.861074785000001,-0.075
9.862674010000001,-0.12
9.867578113,0.135
9.867601116000001,-0.075
9.868867258,-0.075
9.870674351,0.015
9.872688017,0.06
9.875173062,-0.015
9.876725146,-0.015
9.878629548000001,0.195
9.882507311000001,-0.12
9.883222492,-0.12
9.88559462,0.045
9.887339119,0.045
9.889041247,0.045
9.891293534,0.045
9.89334004,0.105
9.895398765000001,-0.16499999999999998
9.896948163000001,0.03
9.898992205,0.16499999999999998
9.900775051,0.16499999999999998
9.904229582000001,0.03
9.905847781,0.045
9.907186973,0.075
9.908798475000001,0.075
9.911276706,-0.105
9.912656613000001,-0.105
9.914607854,0.195
9.916490805,-0.135
9.919073103,0.075
9.921124893,0.075
9.924137331,0.135
9.926007270000001,-0.105
9.927560118,0.16499999999999998
9.928760881,0.015
9.930820856,0.015
9.932959631000001,-0.135
9.934666759,-0.135
9.936719653,0.09
9.939305651,0.0
9.940855797000001,0.135
9.942597991000001,0.015
9.945817843,-0.135
9.946943967000001,0.12
9.948639301,0.12
9.950703386,0.12
9.952828692,0.12
9.954571759,-0.03
9.956631583,0.06
9.958844051,-0.075
9.960681990000001,0.06
9.964276687,0.22499999999999998
9.966222614000001,-0.12
9.967204949000001,-0.075
9.968957663000001,-0.075
9.970822400000001,0.18
9.972941140000001,-0.105
9.975171759,0.045
9.976866362,0.045
9.979347885000001,0.15
9.981157172000001,0.15
9.982931526,0.15
9.985555940000001,0.22499999999999998
9.987946433000001,-0.09
9.988895142,-0.09
9.991734763,0.16499999999999998
9.993665531000001,-0.105
9.99497138,-0.105
9.996922069,0.06
9.998790289,0.12
10.000838959000001,-0.06
10.002921976000001,0.195
10.005766218,0.16499999999999998
10.006861362,-0.045
10.008967936000001,-0.045
10.010760561000001,-0.075
10.012678934,0.105
10.014755844,-0.16499999999999998
10.016650572000001,0.0
10.018714229,0.16499999999999998
10.021269805000001,-0.03
10.023135743000001,0.0
10.025316956000001,0.135
10.02690198,0.105
10.028781742000001,0.105
10.03122156,-0.16499999999999998
10.032993588,0.105
10.03477874,-0.09
10.036946738000001,0.06
10.038676981,0.06
10.0407314,0.15
10.042554989000001,-0.135
10.04567815,0.0
10.04710957,0.135
10.048681076000001,0.135
10.050602000000001,-0.075
10.05452636,0.12
10.055305374000001,0.12
10.058426965,0.015
10.058949498,0.015
10.060624064,0.12
10.063439223000001,-0.015
10.065876771000001,-0.12
10.068639828,0.16499999999999998
10.069585316000001,0.16499999999999998
10.070847775,-0.03
10.072562297000001,0.015
10.074618916,0.18
10.076598827,-0.03
10.078610587,-0.075
10.080775601000001,0.135
10.083983117,0.18
10.086066874,-0.12
10.087545975000001,0.16499999999999998
10.088669894,0.16499999999999998
10.090690657000001,0.16499999999999998
10.092624349000001,0.0
10.096332509,0.12
10.096895191,0.135
10.099715801,-0.18
10.100735652000001,-0.18
10.103052088,0.045
10.108842441,-0.03
10.109726080000002,-0.15
10.110381376000001,0.105
10.111313517000001,0.105
10.113268311,0.135
10.115367045000001,0.135
10.118521344000001,0.015
10.119221332,0.0
10.12063511,-0.09
10.122940415,0.135
10.125409811,-0.015
10.127393307,-0.12
10.128729103000001,-0.12
10.130722951000001,0.015
10.132607474,0.0
10.134584610000001,-0.15
10.137309912000001,0.12
10.13857314,0.075
10.141638761000001,-0.18
10.142542303,-0.045
10.145618724,0.09
10.146728705000001,-0.015
10.148607817,-0.015
10.150572267000001,-0.09
10.152663378000002,0.09
10.155112499000001,-0.135
10.156703314000001,-0.135
10.159186590000001,0.0
10.160931727000001,0.03
10.163127889,0.03
10.166078916,-0.105
10.166690638,-0.105
10.170474829,0.09
10.171233158000001,0.045
10.172932405000001,0.045
10.174578402,0.24
10.177610849,-0.105
10.178705630000001,0.135
10.180583219,0.15
10.18251978,-0.16499999999999998
10.185351094000001,-0.015
10.187116441,0.16499999999999998
10.189077626000001,0.16499999999999998
10.190612624,-0.075
10.193955679,-0.075
10.194644272000001,0.15
10.196552253,-0.105
10.198507372,0.075
10.201627714,0.21
10.202925419000001,0.21
10.205418494,0.06
10.206746419,0.06
10.208804878,0.09
10.210627866000001,0.09
10.214740367000001,-0.105
10.215310877,0.16499999999999998
10.216839571000001,0.045
10.218928869,0.045
10.220559211000001,-0.105
10.222887677000001,0.06
10.225047798,-0.15
10.226872607,-0.06
10.228888655,-0.06
10.230633773000001,0.21
10.232519783,-0.09
10.234469748,0.105
10.237901003000001,0.075
10.238995695,-0.16499999999999998
10.240690365,-0.16499999999999998
10.242928539000001,0.0
10.247760911,0.0
10.247787108,-0.09
10.250404645000001,0.09
10.251207265000001,0.09
10.252860688,0.12
10.256201157000001,-0.03
10.257448045,0.18
10.258899928,0.075
10.260792963,-0.15
10.262786897,0.06
10.265449022,0.21
10.266778881,-0.195
10.269554198,-0.195
10.273005256000001,-0.03
10.27369376,-0.03
10.274663767,-0.015
10.276984218,0.075
10.278906429000001,0.105
10.280694204000001,0.105
10.283814334,-0.16499999999999998
10.285808063000001,0.195
10.288122964000001,0.0
10.289081454000002,0.0
10.290858927,-0.12
10.29286654,0.18
10.294740771,-0.075
10.297149118,0.135
10.298734060000001,0.195
10.302071401000001,0.06
10.302878801,-0.06
10.305637668000001,0.285
10.308621902,0.18
10.30913259,0.18
10.310576399,-0.135
10.313340794,-0.135
10.316547452,0.15
10.318712554000001,-0.195
10.320206611000001,0.045
10.321864743,0.09
10.324370314000001,-0.105
10.32602288,-0.03
10.326731163,-0.03
10.3309347,0.105
10.331907575,-0.195
10.333223026,-0.195
10.334708643,0.16499999999999998
10.336670738,-0.195
10.338988158000001,0.105
10.341906043,0.12
10.343828761000001,0.045
10.344843062,-0.16499999999999998
10.347098681,-0.16499999999999998
10.350119394,0.12
10.351295496,-0.105
10.352641969,-0.105
10.354607309,-0.015
10.358044783,0.06
10.360300778000001,-0.12
10.360988612,0.045
10.362799078,0.09
10.365714381,-0.105
10.368213558,-0.09
10.369198176000001,-0.09
10.370798158000001,0.15
10.372976676,-0.16499999999999998
10.375493610000001,0.09
10.377529800000001,0.16499999999999998
10.379031112,-0.135
10.380704978,0.045
10.382837442000001,0.195
10.385395492,0.12
10.3870375,-0.09
10.389375419,-0.09
10.390882564,0.105
10.393390897000002,0.105
10.394980586,-0.12
10.397233795,-0.12
10.399093505000002,0.16499999999999998
10.400623426000001,-0.09
10.403001060000001,0.015
10.407220031000001,0.105
10.407543664,-0.18
10.408812646000001,-0.18
10.412125315,-0.045
10.413946111000001,-0.045
10.415272638000001,0.03
10.416658552000001,0.03
10.419431155,0.045
10.421050854,-0.15
10.422631379,-0.06
10.425443482,0.16499999999999998
10.42710188,0.15
10.429429344,0.15
10.430676395,-0.09
10.433613972,-0.09
10.434712375,0.21
10.436583107,-0.09
10.439213893,0.255
10.440790031,0.135
10.442709048000001,-0.105
10.445350248,0.045
10.447476284,0.09
10.448794577000001,0.09
10.450734293,-0.12
10.452675959,0.18
10.455743810000001,0.06
10.456732431,-0.15
10.459119549,0.0
10.460893025,0.0
10.462854233,0.16499999999999998
10.465525906,0.16499999999999998
10.467347058000001,-0.03
10.468671131,-0.03
10.47066754,0.075
10.473292798000001,0.0
10.474726757,0.135
10.477758382000001,-0.03
10.478616093000001,0.03
10.481995052,0.135
10.484271944000001,0.105
10.485717074,-0.12
10.486882503,0.0
10.489385072000001,0.0
10.491532876,0.09
10.493235630000001,0.09
10.494895574000001,-0.15
10.497585649000001,0.06
10.498687049,-0.06
10.501423158000001,0.22499999999999998
10.502668662000001,0.15
10.505623853000001,0.015
10.507086726,-0.06
10.508760665,-0.06
10.510693532000001,0.18
10.513248092000001,-0.06
10.515653738000001,-0.06
10.517158039,0.105
10.519008406000001,0.105
10.520651275,0.0
10.524993304,0.075
10.525830350000001,0.075
10.527411389000001,0.075
10.528743251,0.075
10.531801781,0.0
10.532750615000001,0.0
10.534812953000001,0.03
10.536677705,0.105
10.540942354,0.16499999999999998
10.541543275,-0.16499999999999998
10.542801982,0.18
10.547985578,0.15
10.548003525,0.09
10.549528289000001,0.0
10.550791517,0.0
10.55457595,0.135
10.555466971000001,-0.06
10.556876652000001,0.18
10.561768861000001,0.15
10.561791414,0.0
10.562881905000001,-0.09
10.565764156,0.06
10.567524786,-0.015
10.569652489000001,-0.015
10.571112013,-0.075
10.573142896,0.195
10.577172606000001,-0.03
10.577437055,-0.12
10.578905369000001,0.03
10.580892589000001,0.075
10.584154937000001,-0.135
10.586084866,-0.075
10.587465552000001,-0.075
10.588673846,0.18
10.5915698,-0.09
10.594414973000001,0.22499999999999998
10.595355349,0.22499999999999998
10.596772953,0.075
10.60124918,-0.045
10.602353130000001,0.195
10.603634631,0.195
10.606122650000001,0.06
10.608534669,0.06
10.609298039,0.135
10.610966787,0.135
10.612809993,-0.195
10.615799050000001,0.195
10.618274069,0.045
10.619250367000001,0.045
10.620701551,-0.15
10.623357399000001,0.12
10.627080479,-0.075
10.627500752000001,-0.105
10.628833789000002,-0.105
10.631254803000001,0.21
10.632796229,0.21
10.63556988,-0.12
10.637082129000001,0.15
10.638837119000002,-0.105
10.641079024000001,0.15
10.642891200000001,0.15
10.646963353,0.12
10.647627966,-0.03
10.649506872,-0.03
10.651328208,0.06
10.653165497,0.06
10.654850281,-0.06
10.656632161000001,0.16499999999999998
10.658636756,-0.045
10.662365808,-0.12
10.663866259,0.06
10.665023444000001,0.135
10.666709963,-0.045
10.669713491000001,-0.045
10.672203124000001,-0.015
10.673138708000002,0.105
10.674639453000001,-0.135
10.677437777000002,0.03
10.679914125,0.135
10.680859676,0.0
10.682663703000001,-0.075
10.686053738,0.18
10.686803831,0.18
10.689174920000001,0.18
10.690715835,-0.105
10.694850359,0.135
10.697827217,-0.09
10.698755931,-0.09
10.700172224000001,-0.045
10.701293931,-0.045
10.702694138,0.0
10.706622725,0.0
10.707059296,0.0
10.710762136000001,0.06
10.712091461,0.06
10.712861003,-0.06
10.71502283,-0.06
10.717222169000001,0.16499999999999998
10.718981223,0.0
10.720725158,0.15
10.722800665000001,0.015
10.725884848000002,-0.045
10.726829323,0.12
10.728802693,0.12
10.730683477000001,0.15
10.733067735,0.0
10.734752358000001,0.195
10.736762588000001,-0.18
10.738867674000002,0.045
10.741346167000001,0.15
10.74275603,0.15
10.745921274,0.105
10.746822656,-0.015
10.748950941,-0.015
10.750729709,0.15
10.752979412,-0.045
10.754711251,-0.045
10.757323982,0.09
10.759233850000001,-0.06
10.760660608,-0.03
10.762871821000001,0.18
10.765772574000001,-0.015
10.767341688,-0.12
10.768792150000001,-0.12
10.770619403000001,0.135
10.773201861,-0.16499999999999998
10.774866321000001,-0.16499999999999998
10.776650931,0.16499999999999998
10.778936082000001,-0.015
10.780674716,-0.105
10.785156434000001,0.18
10.785738047,0.16499999999999998
10.786930966,0.16499999999999998
10.789025133,-0.195
10.790686907000001,0.15
10.793038722,0.15
10.79518389,-0.075
10.797325953000001,0.135
10.798745307,0.135
10.802290132000001,0.12
10.805774908,0.24
10.805794627000001,0.21
10.806914305000001,0.06
10.808783938000001,0.06
10.810896448000001,0.03
10.81281676,0.03
10.816126779000001,0.195
10.817041774000002,-0.06
10.819007789,0.16499999999999998
10.820690179000001,0.16499999999999998
10.823935835,0.0
10.824970044,0.195
10.826753680000001,0.135
10.829056094,0.135
10.831047017000001,-0.12
10.833245361000001,-0.12
10.834621517,0.16499999999999998
10.836619546000001,-0.12
10.840449304,0.015
10.841105444,0.16499999999999998
10.84381973,-0.18
10.845041440000001,0.0
10.846799612,0.16499999999999998
10.848710546000001,0.16499999999999998
10.850992313,0.045
10.85284397,0.09
10.854613802000001,0.09
10.856515576000001,0.15
10.858947944,-0.045
10.862506462,0.18
10.865699434000001,-0.045
10.865722007,-0.15
10.866780365,0.15
10.869275929,0.15
10.870647114,0.09
10.873435402,-0.06
10.875558606,0.18
10.876877991,-0.015
10.878624276,-0.18
10.881390673,0.045
10.884050242,0.045
10.884929169000001,0.135
10.887381622000001,0.135
10.890326575000001,-0.075
10.891510264,-0.075
10.8926741,0.0
10.895104321,0.0
10.897783515,0.285
10.898679976,-0.18
10.900797635,0.135
10.902532887000001,0.105
10.905831135000001,0.03
10.907070199000001,-0.15
10.908761844,-0.15
10.910973786000001,0.135
10.914828039000001,-0.12
10.915433408,-0.045
10.916616845,-0.045
10.919422723,0.195
10.921257856,0.195
10.922547394,-0.12
10.926229225,0.09
10.927027534,0.09
10.929394436,-0.09
10.930793002000001,-0.09
10.932716506,0.195
10.935144652,-0.135
10.936938448000001,0.135
10.939250001000001,0.18
10.94126542,-0.105
10.945497648,0.045
10.945969057000001,0.22499999999999998
10.946894265000001,0.045
10.948798408,0.045
10.950682575,-0.135
10.953806102000001,0.0
10.954696709,-0.135
10.956574488000001,-0.135
10.958598567000001,0.12
10.960884912000001,0.045
10.962740911000001,-0.105
10.965302386000001,0.09
10.967742497000001,0.12
10.968837650000001,0.12
10.970705093000001,-0.135
10.972780035000001,0.16499999999999998
10.974726061,0.045
10.976872856,-0.09
10.978874645000001,0.03
10.981253958,0.15
10.982668945,0.15
10.985772606000001,-0.09
10.987516125,0.24
10.989644298,0.24
10.990665526,0.0
10.993100871000001,0.06
10.995079989,0.135
10.996957599,0.135
11.000039398,-0.195
11.001347414000001,0.16499999999999998
11.002710168,0.06
11.005230828,-0.12
11.007277364,0.075
11.009176956000001,0.075
11.010689359,0.16499999999999998
11.013954562,0.16499999999999998
11.014644134000001,0.15
11.017452756,0.12
11.018704375,-0.105
11.02070671,0.105
11.022630021000001,0.21
11.026462285000001,-0.075
11.028155666,-0.09
11.029025738000001,-0.09
11.030656724,0.18
11.032824704000001,-0.15
11.035044927000001,0.06
11.036678193,0.18
11.039834274,-0.12
11.040858095,-0.09
11.04261456,0.18
11.045829425,0.06
11.047756687000001,0.06
11.049411181,-0.03
11.050719401,0.135
11.052760923000001,-0.12
11.05487712,-0.12
11.056568552,-0.12
11.059039801,0.16499999999999998
11.061934908000001,-0.16499999999999998
11.064698394,0.015
11.065465519,0.18
11.067658247,-0.15
11.068784095,-0.15
11.071356557000001,-0.03
11.072605523,-0.03
11.074971061000001,0.0
11.076896423,0.24
11.078867089000001,0.24
11.080533027000001,0.105
11.082574551,-0.06
11.089282113000001,0.15
11.089313067,0.045
11.08994739,-0.105
11.092172577000001,-0.105
11.094181184,0.075
11.096285417,-0.075
11.097314072000001,-0.06
11.098720014000001,0.16499999999999998
11.102556292000001,0.015
11.103409764,0.015
11.104964462,-0.22499999999999998
11.106674016000001,0.105
11.10998408,0.105
11.111025921000001,-0.15
11.112748885,0.195
11.114833324000001,0.06
11.117021257000001,-0.045
11.120317815,0.075
11.120948939,0.12
11.12388879,-0.03
11.125361164000001,-0.03
11.126962562000001,0.18
11.128794545,0.18
11.131070370000002,0.0
11.133367961000001,0.0
11.134906768,0.06
11.136975023000002,-0.03
11.138915893,-0.105
11.141775958,0.22499999999999998
11.142762764,0.12
11.145607757,-0.045
11.146757791,0.045
11.14971212,0.045
11.151057808000001,0.12
11.152862568000002,0.12
11.154627739,-0.06
11.156604182,-0.015
11.15958988,-0.16499999999999998
11.161542118,0.03
11.162779302,0.03
11.167132694000001,0.16499999999999998
11.168161036,-0.12
11.169670572000001,0.195
11.171035632,0.195
11.173126574000001,0.03
11.174603383000001,0.015
11.177127501000001,0.16499999999999998
11.178771520000002,-0.045
11.180702218,-0.105
11.182764713000001,0.135
11.184740218,0.12
11.188046945,-0.22499999999999998
11.188938061,-0.22499999999999998
11.190821361000001,0.075
11.192721516,0.075
11.195410815,-0.075
11.196830429,0.18
11.198730276000001,0.135
11.200705699,-0.045
11.204282452000001,0.045
11.205349718,0.195
11.207408449,-0.015
11.208940011000001,-0.015
11.211496939,-0.09
11.212883312,0.06
11.215694169,0.06
11.21674346,-0.195
11.218955177000002,0.09
11.220716085000001,0.045
11.224633048000001,-0.09
11.225729954,-0.09
11.227554470000001,0.22499999999999998
11.228760438,0.22499999999999998
11.231566758000001,-0.06
11.233388746000001,-0.06
11.234766813,0.18
11.236668849,-0.075
11.238695451,0.135
11.240770394,0.075
11.242622926000001,-0.06
11.247382024,0.015
11.247947873000001,0.135
11.249127188000001,0.135
11.252281836,-0.03
11.253882573,-0.03
11.255413673000001,0.15
11.257716962,0.15
11.260350338,-0.12
11.261351327,0.15
11.264442159000001,0.06
11.265800969,0.0
11.267661404,0.16499999999999998
11.269353122,0.16499999999999998
11.271025293000001,0.135
11.272988457,0.015
11.275441069000001,0.22499999999999998
11.276856144,-0.015
11.278793441000001,-0.135
11.280904754000002,0.15
11.282785295,0.135
11.285931526,-0.16499999999999998
11.287451613,-0.16499999999999998
11.289122378,0.045
11.291176577,0.045
11.293712717,-0.075
11.297609498,-0.075
11.297931471,0.075
11.298944073000001,-0.18
11.300817109,0.015
11.302784282000001,0.15
11.305679529,0.0
11.307376849,-0.135
11.309454206,-0.135
11.312244289,0.15
11.313270491,-0.12
11.315028868,-0.12
11.316824309000001,0.16499999999999998
11.319274042,0.0
11.32085267,-0.12
11.323280841,0.105
11.32521663,0.075
11.326803677000001,0.075
11.330196675,-0.09
11.331261921000001,-0.09
11.333256141000001,0.15
11.334718209,0.15
11.337395358,-0.06
11.338884858,0.18
11.340886913,0.18
11.343510061,-0.16499999999999998
11.344953316000002,0.195
11.348331210000001,0.045
11.349401048,0.045
11.350751518000001,0.0
11.352967964000001,0.0
11.355617823000001,0.18
11.356757899000002,0.18
11.358601491,-0.015
11.360592374000001,0.075
11.362646620000001,-0.135
11.365133183000001,0.105
11.367264254,0.21
11.370405295000001,0.21
11.370935816000001,-0.075
11.372937742000001,0.18
11.374895522000001,0.18
11.378687658,0.075
11.379441185000001,0.09
11.382070165,0.06
11.384228518,-0.16499999999999998
11.385527675,-0.015
11.38719294,0.21
11.389162912000002,0.21
11.390822761,0.0
11.393152652000001,0.18
11.394702886000001,0.075
11.396791929,-0.12
11.399899212000001,-0.075
11.400741641000002,0.18
11.402863539,0.105
11.405479988000002,-0.16499999999999998
11.406931507000001,0.03
11.409241237000002,0.03
11.410702504000001,0.06
11.412857346000001,-0.075
11.414898990000001,0.18
11.416841634,0.09
11.419200701000001,0.09
11.421361311,-0.15
11.424031322000001,0.18
11.425243314000001,-0.015
11.427250844000001,-0.015
11.429121188,-0.03
11.430700358000001,-0.03
11.432810523,0.075
11.435368415000001,0.195
11.436649189,0.195
11.438718074,0.135
11.441163469000001,-0.075
11.442753178,0.22499999999999998
11.447235017,0.15
11.448109870000001,0.15
11.448702745,-0.135
11.450918816000001,-0.135
11.454221004,0.075
11.455309170000001,-0.045
11.457340882,0.16499999999999998
11.458677589,0.135
11.461283948,-0.135
11.462709383,-0.135
11.467075679,0.015
11.468423784,0.0
11.469471375000001,0.0
11.470689432,-0.075
11.472654726,-0.075
11.475512469,0.16499999999999998
11.476606506000001,0.16499999999999998
11.478552492,0.24
11.481823102,0.015
11.485214631,-0.06
11.486086235,0.105
11.486854981,0.135
11.488958679000001,0.135
11.490964029,-0.16499999999999998
11.493304185000001,-0.16499999999999998
11.495531360000001,0.075
11.496913882000001,-0.105
11.498847586,-0.105
11.500714983,0.12
11.502539074000001,-0.15
11.505935624000001,-0.06
11.509082146,0.16499999999999998
11.510490677,0.16499999999999998
11.512196685000001,0.0
11.514080360000001,0.045
11.514838903000001,0.045
11.516979452000001,0.12
11.518673558000001,0.12
11.520982946,-0.03
11.524403415,0.015
11.525714931000001,-0.15
11.527277528,0.12
11.530676313,0.12
11.531678580000001,0.135
11.533235222,0.135
11.534726995000002,0.0
11.537113608,0.015
11.538728158000001,0.015
11.540715619,-0.06
11.542692753,0.135
11.545177984,-0.12
11.546779422,-0.015
11.5487698,-0.015
11.551471172000001,0.15
11.553594757,0.15
11.555129971000001,-0.135
11.560247267000001,-0.135
11.560973338,0.12
11.561679903,0.12
11.562778132,0.18
11.565670907000001,0.105
11.567669066,-0.06
11.568870617,-0.06
11.570858461,0.12
11.572778666000001,0.12
11.574993730000001,-0.06
11.576987805,0.18
11.580020077,0.18
11.581420992,0.075
11.582791232,0.105
11.585403566,0.075
11.587445803000001,-0.16499999999999998
11.589280283,-0.16499999999999998
11.590751358,0.0
11.593222172,0.015
11.595149164,-0.16499999999999998
11.597196737,0.075
11.599329747,0.075
11.602109235,0.16499999999999998
11.605421905,0.09
11.606209445000001,0.24
11.606991412000001,0.12
11.609377120000001,0.12
11.611977916,0.0
11.613789854,0.0
11.614788716000001,0.16499999999999998
11.616967002,-0.075
11.619414848,0.135
11.620810004,0.015
11.622858157000001,-0.135
11.627409931,0.06
11.628413068,0.195
11.629271535,0.195
11.630726885000001,-0.135
11.633840114,0.15
11.635235736,0.15
11.637171959000002,-0.015
11.638627589,-0.015
11.641700518,0.045
11.643872749000002,-0.18
11.645425475000001,-0.075
11.647267327000002,-0.075
11.648896365,0.18
11.650814215,0.18
11.652831195000001,-0.09
11.654834246,0.16499999999999998
11.656647260000002,-0.135
11.658576081000001,-0.075
11.660741984000001,0.24
11.662669956,0.0
11.665322708000001,-0.12
11.66974497,0.075
11.66976118,0.075
11.670696615,0.12
11.672726758000001,-0.045
11.674721770000001,0.195
11.676916255,0.0
11.679086980000001,0.0
11.681474689,-0.12
11.684073102000001,-0.12
11.686142785000001,0.15
11.687467953,0.12
11.688775046,0.12
11.692145914000001,0.21
11.693236825000001,0.21
11.695146739,-0.12
11.698890567000001,0.15
11.700280097,0.15
11.701559511000001,-0.16499999999999998
11.702693094,0.135
11.707133274,0.135
11.708082281000001,-0.075
11.708671923,-0.075
11.710840924000001,0.18
11.715515418,-0.18
11.715670472000001,-0.18
11.717096495000002,-0.12
11.718597507,-0.12
11.721854091,0.045
11.725767221,0.12
11.725796382,0.105
11.726841291000001,-0.06
11.729341434,-0.06
11.732223717,-0.045
11.733063300000001,-0.045
11.735335849,0.0
11.737062419,0.0
11.739246819,0.045
11.740853407000001,-0.105
11.742739172,-0.075
11.746045854,0.16499999999999998
11.746770527,0.09
11.749299942,0.09
11.750975886,-0.06
11.752680547,0.135
11.755189508,-0.105
11.758012718000002,-0.03
11.759103580000001,-0.03
11.762885554,0.195
11.763553896000001,-0.135
11.76601967,0.06
11.768919376000001,0.15
11.769752774,0.15
11.770761746000002,-0.075
11.772676104,-0.075
11.774620890000001,0.21
11.776683462000001,-0.105
11.779368214000002,-0.105
11.780765221000001,0.0
11.783830119000001,0.0
11.786103836,-0.06
11.787003392,-0.06
11.788656068,0.16499999999999998
11.790675182000001,0.16499999999999998
11.792920669,-0.12
11.794644487000001,-0.12
11.79725194,0.135
11.798879662000001,-0.075
11.800667344,0.16499999999999998
11.802889728,0.03
11.805363942000001,-0.22499999999999998
11.807043172,0.015
11.808678766,0.015
11.810663428000002,0.135
11.813401721,-0.15
11.815043206,-0.15
11.817986082000001,0.12
11.819048878,0.12
11.821214843,-0.105
11.824029105000001,0.18
11.824794879,-0.015
11.827046667000001,-0.105
11.828695622000001,-0.105
11.830670389000002,0.16499999999999998
11.832946567,-0.195
11.834562040000002,-0.195
11.837184961,0.09
11.838677669,-0.135
11.841488323,-0.105
11.842606215,0.15
11.845613598,0.09
11.847209398,0.09
11.849539448000002,-0.12
11.851014499000001,-0.12
11.852701680000001,0.22499999999999998
11.854662416,-0.105
11.856963098000001,0.16499999999999998
11.858643104,0.135
11.860603147,-0.135
11.863494686000001,0.0
11.866433854,0.135
11.867167434,-0.06
11.868811175000001,-0.06
11.870922041,-0.12
11.873074144,-0.12
11.874843126,-0.045
11.877072098000001,-0.045
11.879213124000001,0.045
11.881080573,0.045
11.882573968,-0.255
11.885683788000001,0.135
11.887073520000001,0.015
11.88900823,0.015
11.890634296,-0.18
11.89293159,0.16499999999999998
11.894662598,-0.105
11.896593773000001,-0.105
11.898537332,0.16499999999999998
11.901863469,0.045
11.902993189,0.045
11.906024127,-0.18
11.906845076000002,0.16499999999999998
11.909086461000001,0.16499999999999998
11.911282061000001,-0.075
11.91344377,-0.075
11.914759140000001,0.22499999999999998
11.916965431000001,-0.105
11.919023624000001,-0.105
11.920962218000001,0.105
11.923056934,0.105
11.925600256000001,-0.16499999999999998
11.927640823,0.135
11.928732495,0.135
11.930789194,-0.015
11.932636431,0.075
11.936041172000001,0.24
11.936626147,-0.03
11.939213492,0.03
11.940529695,0.22499999999999998
11.942694959,0.16499999999999998
11.946126152000001,-0.12
11.946794355000002,0.015
11.949638583,0.015
11.952380442,0.22499999999999998
11.953360639000001,0.22499999999999998
11.956141714000001,-0.06
11.956882098000001,0.075
11.958599371,-0.15
11.960590678,0.0
11.963684752,0.21
11.964811107000001,-0.045
11.967628573,-0.09
11.969913516,0.135
11.971065088000001,0.135
11.972956376,0.105
11.974892298,0.015
11.976944697,0.195
11.980146534000001,0.015
11.981134259000001,-0.06
11.98291824,0.15
11.985267815,0.15
11.987655184000001,-0.06
11.988708928000001,-0.06
11.991335950000002,0.22499999999999998
11.995002295,0.03
11.995611075000001,0.03
11.996683137000002,-0.12
11.998504737000001,0.135
12.002005297,-0.105
12.003894014,0.21
12.005887405000001,0.195
12.00826629,0.015
12.009211824000001,0.015
12.010736596000001,-0.045
12.013745111,-0.045
12.015051577000001,0.18
12.016679711,0.18
12.018591847000001,-0.03
12.021607176000002,0.045
12.022715538,-0.075
12.025713293,0.105
12.027019907000001,0.195
12.029475605,0.195
12.030664104000001,-0.12
12.0342213,0.22499999999999998
12.035316586,0.22499999999999998
12.036664589,0.0
12.038698758,0.22499999999999998
12.041349695000001,0.045
12.045435054,-0.09
12.045748655,-0.015
12.046862617,-0.015
12.048940131,0.22499999999999998
12.051214369,0.22499999999999998
12.053127143000001,-0.06
12.055156956000001,0.16499999999999998
12.057945420000001,0.16499999999999998
12.058916490000001,-0.06
12.060745987,0.255
12.0642753,0.075
12.066032102000001,-0.09
12.066973552,0.15
12.06911633,0.15
12.070676464,0.24
12.073232608000001,-0.03
12.076157254,0.16499999999999998
12.077293252,0.16499999999999998
12.079225113000001,0.06
12.080922343000001,0.09
12.083485099,0.105
12.086050271000001,-0.015
12.086763861000001,-0.015
12.090077914,0.09
12.091063772,0.09
12.094506886000001,0.09
12.096615748000001,0.195
12.097460080000001,0.12
12.098663092,-0.06
12.100926225,0.0
12.103852550000001,0.15
12.107070566,0.135
12.108005030000001,0.135
12.110041002,-0.15
12.111343559000002,0.15
12.113040697,-0.015
12.115081,-0.09
12.117322549,0.15
12.119142665,0.15
12.121667563,0.09
12.123114495000001,0.135
12.129403905,0.135
12.129428779000001,-0.045
12.130243301,-0.09
12.131196711000001,-0.09
12.134799654,0.18
12.135561496000001,0.18
12.137470411,-0.24
12.140288949,0.09
12.141015839000001,-0.18
12.144068476000001,-0.18
12.144955579000001,0.09
12.146998741,0.045
12.149580345,-0.16499999999999998
12.151613168,-0.16499999999999998
12.154440092000002,0.015
12.155283656,0.015
12.158681567,0.0
12.159050745,0.135
12.162761860000002,0.16499999999999998
12.164258624,-0.12
12.16744062,0.0
12.167786288,0.22499999999999998
12.169048909,0.22499999999999998
12.171459859,-0.06
12.172946234000001,0.16499999999999998
12.175356800000001,0.16499999999999998
12.178313213000001,0.06
12.179542177,0.22499999999999998
12.180712585,0.21
12.182652742,0.0
12.185228760000001,0.045
12.186839637,0.18
12.188777837,0.18
12.190701875,0.075
12.193212521000001,0.09
12.194697755,0.09
12.196699373000001,0.22499999999999998
12.198715496,-0.045
12.200588522,0.12
12.202852508000001,0.195
12.205849217,-0.15
12.206846553,-0.06
12.209073126000002,-0.06
12.210689969,0.16499999999999998
12.213204105,-0.135
12.214837151000001,0.12
12.216598741,0.15
12.218860459,-0.15
12.220852990000001,-0.06
12.222600738,0.22499999999999998
12.225520159,0.0
12.227712994000001,-0.135
12.228790663000002,-0.135
12.230589528000001,0.135
12.232583125000001,-0.075
12.234818763000002,0.0
12.236701909,0.18
12.238651828,0.075
12.242104931,-0.135
12.242843582,0.105
12.246559087000001,0.12
12.247322216,-0.18
12.249169408,-0.18
12.250678413000001,-0.045
12.253146121,-0.015
12.254900852,-0.015
12.256680051,-0.16499999999999998
12.258954008,0.12
12.261611309000001,-0.195
12.262960527,0.0
12.267994778,0.21
12.26801211,0.06
12.268857681,-0.06
12.270935475,-0.06
12.273411987000001,0.16499999999999998
12.275268441000001,-0.06
12.277032440000001,-0.06
12.278640734000001,-0.06
12.281041488000001,0.075
12.284058365,-0.105
12.288551767000001,0.105
12.28911317,0.16499999999999998
12.289853929000001,-0.03
12.290770446000002,-0.03
12.292609749,0.06
12.295219828,0.045
12.297554001,-0.16499999999999998
12.298766726,-0.16499999999999998
12.301316530000001,0.075
12.304304061000002,-0.105
12.305556105,-0.075
12.307030325000001,0.16499999999999998
12.308741779,0.16499999999999998
12.310716489,0.075
12.312709060000001,0.09
12.314728748,0.195
12.316866888000002,0.195
12.318898185,-0.135
12.321104955000001,-0.135
12.32268254,0.18
12.325959034,-0.18
12.326770766000001,0.03
12.328923724000001,0.03
12.330920078,0.15
12.33279905,0.15
12.334686827,-0.075
12.336838042,-0.12
12.339313245000001,-0.12
12.341055736000001,-0.105
12.342586538,0.045
12.346042184000002,-0.09
12.34727084,-0.09
12.350104323,-0.06
12.3508659,-0.06
12.353248050000001,0.06
12.354653707,0.06
12.35688432,0.045
12.358680687000001,-0.03
12.360663227000002,-0.135
12.362528781,0.16499999999999998
12.365733003,0.09
12.368193958,-0.15
12.369529755,-0.15
12.373729397,0.045
12.373882612000001,0.045
12.376026761,-0.075
12.377709952,-0.075
12.378938268,0.24
12.380921370000001,-0.135
12.382863692,0.045
12.385768239,0.18
12.388460204000001,-0.06
12.389049035000001,-0.06
12.391050379000001,-0.075
12.394378069,0.045
12.395049806000001,0.045
12.397100184000001,-0.15
12.39970497,0.195
12.401294918000001,0.0
12.402702885,0.0
12.405705086000001,0.0
12.407360547000001,0.135
12.409233514,0.135
12.410700721000001,-0.12
12.412666436,0.16499999999999998
12.414682144,0.015
12.416727565,0.015
12.418628694,-0.075
12.420703962000001,0.12
12.424123775,-0.12
12.425394535,0.0
12.427579442,0.12
12.429021292000002,0.12
12.430648992,-0.015
12.432992897,0.135
12.435326202,0.135
12.436693603,0.075
12.438669622,0.075
12.440553681,0.18
12.442682940000001,0.06
12.447773774000002,-0.075
12.448862336000001,0.135
12.449597944,0.135
12.451045096000001,0.15
12.453065773,0.0
12.454678889,0.0
12.457033954,0.16499999999999998
12.459393311000001,0.16499999999999998
12.461300369,-0.18
12.462708204,0.015
12.465492861000001,-0.195
12.46683973,-0.045
12.46926825,-0.045
12.470978406,0.105
12.473316718000001,0.105
12.476085256000001,-0.135
12.477006681,0.15
12.479558396000002,-0.18
12.481136453000001,0.16499999999999998
12.482588183,0.24
12.486451419000002,0.03
12.487216802,0.03
12.48860254,0.24
12.490641974,0.12
12.49283404,-0.16499999999999998
12.495048422,0.0
12.496665666,0.15
12.499233397000001,0.0
12.500693833000001,-0.12
12.502622701,0.075
12.505740093,0.195
12.507218533000001,-0.15
12.508775625,-0.15
12.512263997000002,0.03
12.514675496,0.06
12.515455463,-0.105
12.516918668,0.12
12.519575028,0.0
12.521326827000001,-0.135
12.522607650000001,-0.045
12.526679683000001,0.195
12.52738644,0.195
12.528666548,0.0
12.530585989,0.0
12.534849415,0.135
12.535867442,-0.06
12.536681181,-0.06
12.539514092000001,-0.03
12.540713016000002,0.105
12.542508504,-0.12
12.54602724,0.06
12.548215146,0.195
12.549548169000001,0.195
12.550736188,-0.12
12.553868115,-0.12
12.554882670000001,0.21
12.556822642,-0.105
12.558665481,0.03
12.561193152000001,0.195
12.563582143000001,-0.15
12.56494402,-0.09
12.569196259,0.195
12.569891028,0.195
12.571219206,0.0
12.572919173,0.075
12.575203598000002,0.06
12.576929279000002,-0.105
12.578781835000001,-0.105
12.581052815000001,0.16499999999999998
12.583449216,0.03
12.585706568,0.03
12.586884832,-0.15
12.589385461,-0.15
12.591077442000001,0.16499999999999998
12.592689888,-0.045
12.595043796,0.16499999999999998
12.597140885,0.075
12.600486752,-0.105
12.601380212,0.045
12.602988941000001,0.18
12.605686252,-0.18
12.607703143,0.09
12.609604818000001,0.09
12.610972184000001,0.195
12.614345329,-0.15
12.615225145,-0.15
12.616867560000001,0.03
12.618844392000002,-0.135
12.621066427,0.015
12.623283906000001,0.195
12.625543966,0.195
12.6285159,0.12
12.629393399000001,0.12
12.631372868000001,0.12
12.633033260000001,0.12
12.636382148000001,-0.18
12.637394263000001,0.195
12.639189792000002,0.105
12.64093197,-0.135
12.643375607000001,-0.03
12.649135397,0.12
12.649161353,-0.045
12.650837653,-0.09
12.653088855,0.21
12.653704956,0.21
12.6558779,0.12
12.65710707,0.0
12.660072845,0.18
12.660792576,0.18
12.663258814,-0.105
12.665362752,0.15
12.667207932,0.15
12.668883372000002,0.105
12.671219729,-0.015
12.672994638,-0.015
12.674964751000001,0.09
12.677313522,-0.12
12.68147225,0.075
12.682614518000001,0.075
12.683093912,-0.21
12.684938192,0.135
12.688885215,0.15
12.689658237000002,-0.16499999999999998
12.691611734,-0.16499999999999998
12.695889557000001,0.075
12.697799788000001,0.09
12.697838184,0.09
12.699642737000001,-0.16499999999999998
12.700892084000001,0.18
12.702730201000001,0.18
12.705669744000001,0.0
12.708970459000001,0.105
12.709595242,0.105
12.711872922000001,0.15
12.712662398,0.15
12.714975015,0.015
12.716832051,-0.03
12.71974194,-0.03
12.720789917000001,-0.12
12.722633311000001,-0.12
12.725653413000002,0.135
12.727076543,0.0
12.728664183000001,0.0
12.730670587,0.21
12.734066789000002,-0.09
12.734825485,0.06
12.736822225000001,0.18
12.738620169,-0.045
12.741963254000002,-0.03
12.742772460000001,-0.03
12.746884828,0.22499999999999998
12.748272899000002,-0.06
12.750275127,0.075
12.751255455,0.075
12.753482131,0.21
12.754660245,0.21
12.756767571000001,-0.03
12.759932802000002,0.075
12.761238636000002,0.075
12.763675580000001,-0.105
12.766551871,0.015
12.767698039,-0.105
12.769276093,-0.105
12.770824811,0.03
12.772786251000001,0.075
12.775168713000001,-0.075
12.777149263,-0.075
12.779970812,0.09
12.781459230000001,0.09
12.782681697000001,-0.09
12.785486160000001,0.3
12.787146602,0.12
12.789231021,0.12
12.79149956,-0.12
12.793579723,-0.12
12.795140086,0.18
12.797016800000002,-0.12
12.798774344,0.21
12.801111139000001,0.09
12.804146439,-0.16499999999999998
12.809554161000001,0.03
12.810249547000002,0.195
12.810278225000001,-0.12
12.811312268,-0.06
12.813103503,-0.06
12.815007881000001,0.195
12.81756137,0.195
12.820074557000002,-0.105
12.820884253000001,0.18
12.822679688000001,-0.03
12.825452355000001,-0.03
12.827663184,0.21
12.828988103,0.12
12.830987746,0.12
12.833271062000001,-0.12
12.834826081000001,0.135
12.838810387,-0.16499999999999998
12.839428438,-0.16499999999999998
12.840739451000001,0.16499999999999998
12.843183417,0.06
12.845891549000001,-0.105
12.847514850000001,0.03
12.849317402,0.03
12.850987769000001,0.15
12.853037438000001,-0.09
12.854769966000001,-0.09
12.858557471000001,0.195
12.86034684,-0.16499999999999998
12.861558896,0.015
12.862593021,0.135
12.866490931000001,-0.015
12.867275787,-0.12
12.869244877000002,-0.12
12.870876435000001,0.16499999999999998
12.873528808000001,-0.12
12.874713054,-0.12
12.876606035,0.06
12.879718093000001,-0.075
12.880741446,-0.105
12.882797577000002,0.15
12.885927151,0.15
12.887053094,-0.16499999999999998
12.888614717000001,-0.16499999999999998
12.890705683,0.06
12.894901212,-0.135
12.895696677,-0.135
12.896602159,-0.105
12.899318073000002,0.03
12.90110965,-0.18
12.902579322000001,-0.18
12.906052506,0.0
12.90753334,-0.105
12.909032431,-0.105
12.910631873000002,-0.06
12.913013503,0.15
12.914693054,-0.105
12.916563386,0.03
12.918581234000001,0.195
12.921124440000002,0.045
12.922493004000001,-0.075
12.926316668,0.16499999999999998
12.928234117,0.135
12.929150583,0.135
12.930634304000002,-0.12
12.932624400000002,0.105
12.935071184000002,0.105
12.936774189000001,-0.09
12.93920151,0.16499999999999998
12.940654936000001,0.12
12.942607930000001,-0.135
12.945948244,0.03
12.948179787,0.195
12.948763278000001,0.195
12.950590651,-0.045
12.95305311,0.15
12.955231598000001,0.15
12.957060131,-0.12
12.959133090000002,-0.12
12.960552497,0.045
12.963237418,0.015
12.965510517,-0.12
12.967533938,0.12
12.969264418000002,0.12
12.971369074,0.075
12.972733616000001,0.075
12.974887632000002,0.045
12.977289875,-0.015
12.979465668000001,-0.015
12.982676688000002,-0.135
12.984695038000002,0.09
12.985323372000002,-0.135
12.986839247,0.0
12.989024996000001,0.0
12.992445846,0.16499999999999998
12.994021875000001,0.16499999999999998
12.994649737000001,-0.16499999999999998
12.997019386000002,0.15
12.99913519,-0.135
13.001280057,-0.03
13.005088083,0.15
13.00553526,0.15
13.006912347,-0.195
13.00890167,-0.195
13.012229426000001,0.135
13.013197495,0.135
13.015117977000001,-0.105
13.017041546000002,0.15
13.021582812,0.0
13.021609294000001,-0.16499999999999998
13.022728427,0.12
13.025072560000002,0.16499999999999998
13.027961735000002,-0.18
13.02885614,-0.18
13.032402820000001,0.18
13.035398584000001,0.0
13.035592878000001,0.0
13.038851759,-0.045
13.039669313000001,0.24
13.04096863,-0.105
13.042922678,-0.015
13.046509374000001,-0.015
13.047294363,0.22499999999999998
13.04932346,0.22499999999999998
13.051101976,-0.075
13.054218531,-0.075
13.056467048,0.12
13.057066146,0.12
13.058824255000001,-0.015
13.062870406,0.0
13.063524663,0.0
13.065914871,-0.06
13.066756172000002,-0.06
13.069524578000001,0.015
13.071203733,0.16499999999999998
13.073199415000001,0.16499999999999998
13.075359963,0.12
13.077404855000001,-0.135
13.079261735000001,0.105
13.080683565000001,0.105
13.084275507000001,0.12
13.085274398000001,0.12
13.087894636000001,0.135
13.088879200000001,0.135
13.092241813000001,-0.09
13.092927461,-0.09
13.096207007,0.06
13.098265656,-0.18
13.099070793000001,-0.075
13.100650891,0.12
13.102754076,0.12
13.105726869000001,0.045
13.106883556000001,0.15
13.108770192000001,0.15
13.110754971,0.15
13.113054289,0.15
13.116525260000001,0.15
13.117132141,0.03
13.118767965,-0.15
13.120692277000002,0.09
13.122663574,0.15
13.125483268,-0.18
13.127237821000001,-0.06
13.128753651,-0.06
13.130596614000002,0.16499999999999998
13.132783384000001,-0.15
13.134792462,0.06
13.136683660000001,0.06
13.14066899,-0.045
13.141506827,-0.06
13.144468031,0.15
13.145688304,0.075
13.147241847,-0.16499999999999998
13.148974989000001,-0.16499999999999998
13.152289011,0.0
13.153041953,-0.12
13.155066939000001,-0.12
13.156646908,-0.09
13.159370394000002,0.03
13.160588325,-0.16499999999999998
13.162513535,0.015
13.164844903,0.075
13.168506227,-0.015
13.16898589,-0.015
13.171569854000001,-0.06
13.173025058,0.075
13.174969535,0.075
13.176855716,-0.16499999999999998
13.17887707,0.12
13.181290423,-0.075
13.183422499,-0.06
13.186984777000001,0.16499999999999998
13.187491712000002,0.045
13.189119479,0.045
13.19100066,-0.15
13.192714097000001,-0.15
13.194944391,0.18
13.19678387,0.18
13.198692028,-0.06
13.201118939,0.06
13.202877773,-0.12
13.20526708,-0.12
13.209016162000001,0.09
13.209804273000001,0.09
13.210632960000002,-0.12
13.212581813000002,0.16499999999999998
13.214570497,0.075
13.216862820000001,-0.135
13.218548394,-0.135
13.220819847000001,0.075
13.223737556000001,-0.09
13.224860802,-0.075
13.228393322,0.195
13.229265342000001,0.195
13.230692640000001,0.045
13.233013881000002,0.045
13.234692935,0.045
13.236676188,-0.105
13.238757141,-0.12
13.242796526000001,0.16499999999999998
13.24379345,0.09
13.246363563000001,-0.12
13.247087368,0.22499999999999998
13.249146141,0.22499999999999998
13.252805439000001,0.12
13.255260257000002,-0.105
13.256207837000002,-0.105
13.256964426000001,0.135
13.258801125000002,-0.15
13.261872031000001,0.09
13.262943484000001,0.135
13.265344361,-0.015
13.268344826000002,-0.075
13.269248032,-0.075
13.270837189000002,0.16499999999999998
13.272832096,-0.15
13.276188855000001,0.03
13.277138724,0.12
13.279248128,-0.16499999999999998
13.280850226,0.03
13.284303146000001,0.075
13.285267318,0.075
13.288448859,-0.135
13.289579734,-0.135
13.292158755,0.03
13.293130892,0.03
13.294811712000001,-0.03
13.298461383000001,0.21
13.299094975000001,0.105
13.301086978,-0.135
13.302642548000001,0.0
13.305460114,0.195
13.307647533,0.0
13.309359491,0.0
13.310692956,-0.075
13.312727892000002,0.12
13.315327239,0.12
13.316708832000002,-0.15
13.318972973000001,0.18
13.32109482,0.18
13.322922918000002,0.0
13.325873026,0.105
13.327663969000001,0.15
13.329054239000001,0.15
13.330848954,-0.135
13.334032867000001,0.18
13.335385659,0.015
13.336888339000001,-0.105
13.338894105000001,0.12
13.341623225000001,0.15
13.343030289000001,-0.16499999999999998
13.34545055,0.0
13.348576183,0.15
13.349510635000001,0.15
13.350833775000002,0.015
13.352815992,0.15
13.355013674,0.105
13.356815519000001,-0.15
13.358640164,0.0
13.360679846,0.18
13.363701139000002,0.075
13.365586967,0.0
13.367417112,0.12
13.369234042,0.12
13.370757374,0.12
13.372718194,0.195
13.374672244000001,0.21
13.376895095,0.105
13.378879334,0.105
13.381016563000001,-0.135
13.383728206,0.22499999999999998
13.384963666,-0.09
13.386741362,-0.045
13.391470441000001,0.21
13.392452087,0.075
13.393353225,0.075
13.395271734000001,-0.135
13.396893310000001,-0.135
13.398903661,0.18
13.400576892,-0.075
13.404773117000001,0.195
13.405381501,0.06
13.406917012000001,-0.12
13.409250638000001,-0.12
13.41135891,0.03
13.412978939,-0.075
13.414676708,-0.075
13.418958515000002,-0.075
13.419611882000002,0.09
13.420984064,0.09
13.424220803,-0.06
13.427513327000002,0.12
13.427770988,-0.045
13.429238197,-0.075
13.431527410000001,-0.075
13.434147709000001,0.18
13.434827448,0.18
13.43662413,-0.12
13.439250886,0.12
13.441128468,0.0
13.442720577000001,-0.105
13.445030330000002,0.15
13.448593614,0.105
13.449463300000001,0.105
13.450684384,-0.075
13.454783393000001,0.255
13.456144488000001,0.255
13.456989413,-0.015
13.458624904,-0.015
13.460597468000001,0.18
13.462755990000002,-0.15
13.465897620000002,0.0
13.466988445,0.15
13.469561295,0.15
13.471024078000001,0.0
13.472759483,0.15
13.475323735000002,0.135
13.476635235000002,0.135
13.478643352,-0.16499999999999998
13.480618616000001,0.21
13.482982032,-0.03
13.486259108,-0.105
13.487298000000001,0.12
13.489659311,0.12
13.491448246000001,0.16499999999999998
13.493456003,0.16499999999999998
13.495147399,-0.03
13.497258523000001,0.06
13.500760207,-0.075
13.501404606000001,0.105
13.502904735000001,0.16499999999999998
13.505820496,-0.135
13.506833812,0.015
13.509160366000001,0.015
13.510917704,0.09
13.513033207000001,-0.105
13.514700663000001,0.105
13.517006271000001,0.06
13.518700635,-0.18
13.521007041,-0.015
13.524346403000001,0.21
13.526704241000001,0.0
13.527892922000001,-0.12
13.529070619,-0.12
13.533255425,0.12
13.534083859,-0.135
13.534990731,-0.03
13.538273337000001,0.16499999999999998
13.539261746000001,0.045
13.541548714000001,-0.075
13.542843984000001,0.18
13.546091318,0.18
13.549450459000001,-0.105
13.550364448000002,-0.105
13.551106921,0.0
13.553204292,0.0
13.554969216000002,-0.09
13.557452914,0.135
13.558730366,0.15
13.560823055,-0.15
13.562732155,-0.045
13.566054284000002,0.18
13.56675498,0.045
13.568797968,0.045
13.570708149000001,-0.045
13.573399668,0.16499999999999998
13.574704778000001,-0.12
13.577319652000002,-0.12
13.578640328,0.0
13.580712737,0.09
13.584189836,-0.09
13.586236873,0.045
13.587588057000001,0.15
13.589791873000001,0.15
13.590985093,-0.105
13.593603876000001,-0.105
13.594861118,0.18
13.597237745000001,0.18
13.600666980000002,-0.12
13.601467725000001,0.03
13.602811061,-0.22499999999999998
13.605708013000001,-0.09
13.607652822,0.195
13.609037474,0.195
13.610875807000001,-0.09
13.612850206000001,-0.09
13.615590051000002,0.06
13.617109758000002,0.06
13.619281704,-0.075
13.621515675000001,0.15
13.622644512,0.045
13.625635933000002,-0.105
13.628235995,0.06
13.629294407000001,0.06
13.632053802000001,0.12
13.633269522,0.12
13.636878573,-0.09
13.637569318,-0.09
13.638582430000001,-0.015
13.640541804000001,0.06
13.642741658,0.135
13.647373781,-0.12
13.648073568000001,-0.105
13.649352815,-0.105
13.650939165,0.18
13.653049971000002,0.18
13.654956101000002,-0.195
13.657215697000002,-0.195
13.658889858,0.105
13.660823135000001,0.105
13.663387485000001,-0.06
13.665338737,0.06
13.667352227,0.06
13.668760205000002,-0.06
13.671266387000001,0.22499999999999998
13.672736139000001,0.22499999999999998
13.67470937,0.0
13.676722014000001,0.16499999999999998
13.679856945000001,0.06
13.681253959000001,-0.15
13.684562132000002,0.045
13.685245667,0.105
13.687092007,0.105
13.688727774,-0.06
13.691267185000001,0.21
13.693894028,0.21
13.697197540000001,0.03
13.698949637,0.03
13.699973983000001,0.24
13.700706622,0.24
13.703159305000002,-0.045
13.705630690000001,0.195
13.707498583000001,0.195
13.710155411,0.135
13.712466936,0.045
13.714073073000002,0.045
13.716347266000001,0.18
13.717509414,0.18
13.719165733,-0.075
13.721018536,0.105
13.723132793000001,-0.135
13.726215562,0.045
13.727555693000001,0.045
13.729507717,0.18
13.730667469,0.18
13.732866770000001,-0.075
13.734946995000001,0.105
13.736556337000001,0.105
13.738565301000001,-0.135
13.740723707,0.18
13.742537516,-0.075
13.745842184,-0.12
13.746694519,-0.12
13.748864777000001,0.18
13.750687690000001,0.18
13.754317109,-0.135
13.755067627,0.16499999999999998
13.756588650000001,0.16499999999999998
13.759252482,-0.045
13.760889550000002,0.16499999999999998
13.762712896,0.135
13.765639495,-0.06
13.767267324,-0.06
13.770431295000002,0.03
13.771568806000001,0.03
13.773857311,-0.045
13.774994016,-0.045
13.777282322000001,0.135
13.780013535,-0.135
13.780969349000001,0.0
13.782686746000001,0.15
13.785623978,0.015
13.786706438000001,0.015
13.788903313,0.045
13.790918631,0.045
13.792978584,0.12
13.795420321000002,0.15
13.796791812,0.15
13.798618383,0.16499999999999998
13.800616216000002,-0.075
13.804606292,0.12
13.805357211,0.18
13.810835379,-0.135
13.813396915,-0.135
13.813423265,0.0
13.815634169,0.0
13.818214650000002,-0.12
13.820438468,-0.12
13.822156194000002,0.135
13.823180842000001,-0.16499999999999998
13.824441373,-0.16499999999999998
13.826618250000001,-0.015
13.827614738000001,-0.015
13.829003144000001,0.0
13.831490575,0.135
13.83325847,0.135
13.834942433,0.135
13.836743782000001,0.135
13.839476335,-0.06
13.840891767,0.015
13.842877170000001,-0.135
13.847975196,0.03
13.848006216000002,0.03
13.849174276000001,0.09
13.850813625,0.0
13.852780466,0.18
13.855308273,-0.03
13.857997687000001,-0.03
13.859591296000001,-0.12
13.860733434,0.12
13.863707756,-0.16499999999999998
13.865840214,-0.16499999999999998
13.867065446000002,0.0
13.869086806,0.0
13.872461406000001,-0.03
13.873562549,-0.03
13.875062613,0.15
13.877051075,0.15
13.878748830000001,-0.09
13.880732465000001,0.195
13.884599194000002,0.045
13.885308545000001,-0.09
13.887434033000002,-0.09
13.888815497000001,0.105
13.891678698000002,-0.12
13.892726865,-0.12
13.894721613000002,-0.03
13.897467641,-0.03
13.898932901,0.045
13.901013686,0.16499999999999998
13.905189475,0.195
13.908111058000001,-0.06
13.908388795,-0.06
13.910234484,0.03
13.911195475000001,0.03
13.914748981,0.015
13.917379713,0.105
13.917808359,0.105
13.919421249,0.09
13.920928645,0.12
13.923562542,0.195
13.925296019000001,0.045
13.927471358,0.045
13.929063139,-0.075
13.930876577000001,-0.075
13.932761608000002,0.195
13.934880264,-0.06
13.937206661000001,-0.06
13.939354958000001,0.16499999999999998
13.941049343000001,-0.12
13.942715743,0.075
13.945931341000001,0.075
13.946870955000001,0.045
13.948939816000001,0.045
13.950786407,-0.105
13.953390720000002,0.045
13.954997923,-0.075
13.956869580000001,-0.075
13.959373596,0.075
13.962881421,-0.06
13.963668608,-0.09
13.96509058,-0.09
13.967219064,0.195
13.969691321,0.195
13.971173768000002,-0.075
13.97320075,-0.075
13.975340280000001,0.15
13.977051490000001,0.15
13.978673355000002,-0.03
13.982808057000002,0.09
13.983715882,-0.135
13.986712809,0.06
13.99043874,0.18
13.990475587,0.18
13.991449127000001,-0.12
13.992855758000001,-0.12
13.994846592,0.195
13.997706873,-0.12
13.999278586,-0.12
14.001031427000001,0.045
14.004225676,0.015
14.005592514000002,-0.09
14.007168834000002,0.195
14.009367636,0.195
14.011334633,0.135
14.013610183,0.135
14.015203814000001,0.03
14.017619358000001,0.03
14.018772345,-0.12
14.021636433000001,0.16499999999999998
14.022834997,0.135
14.025602572,-0.135
14.027697833000001,-0.03
14.029573956,-0.03
14.030797917000001,0.16499999999999998
14.033198204000001,-0.12
14.035849096000002,-0.12
14.037193404000002,0.16499999999999998
14.038819566,0.16499999999999998
14.040721736,-0.105
14.043171362,0.16499999999999998
14.045501351,0.0
14.048455252,-0.105
14.049446335,-0.105
14.051930837,0.195
14.053328439000001,0.195
14.055064345000002,-0.075
14.056779796,0.18
14.059634280000001,-0.03
14.062177689,-0.03
14.063098793000002,-0.135
14.065916072,0.12
14.067413936000001,-0.135
14.069521877000001,-0.135
14.070795684,-0.015
14.072715648,-0.015
14.075038549,-0.06
14.076930871,0.09
14.078999549,0.09
14.083064865,0.105
14.084362117000001,0.045
14.085893859,0.255
14.086971391,0.075
14.090155785,0.075
14.092209903,0.045
14.093516756000001,0.045
14.094691193000001,0.16499999999999998
14.096962199,-0.015
14.099174909,0.195
14.100704400000001,0.195
14.102694125000001,-0.015
14.106113327000001,0.12
14.108126359000002,0.12
14.109208786000002,0.12
14.110662141,-0.12
14.113344430000001,-0.12
14.115986921000001,0.22499999999999998
14.117045069000001,-0.09
14.120010645,0.03
14.121098946,0.16499999999999998
14.122980403000001,-0.09
14.126037843,-0.045
14.127160029,0.21
14.129459466,0.21
14.131570474,0.06
14.132717433000002,0.06
14.135074806,0.09
14.136868224,0.09
14.13879022,-0.075
14.142097988000002,0.22499999999999998
14.143945405,0.075
14.145957081,-0.15
14.147324807,0.09
14.150064987,0.09
14.150979083000001,0.16499999999999998
14.152869045000001,-0.09
14.154807613000001,0.22499999999999998
14.157743576000001,0.075
14.159073319,-0.12
14.160964712,0.045
14.162849168000001,0.135
14.165759677,-0.075
14.167521610000001,-0.015
14.168865105,0.15
14.171039569000001,0.15
14.173118841,0.045
14.175046877000002,0.03
14.176743461000001,0.105
14.178711602000002,-0.09
14.181235888000002,-0.12
14.182641418000001,0.12
14.184761392,0.03
14.188580349,-0.12
14.190234971,0.045
14.192060490000001,0.045
14.192921235,-0.015
14.195460676000001,0.15
14.196830704000002,0.15
14.198655957000001,0.21
14.200593692000002,-0.105
14.203446975,0.06
14.205777032,0.255
14.207180000000001,0.255
14.208759862,-0.075
14.210981358000002,-0.075
14.212695258,0.18
14.214690998,-0.09
14.217106724,0.06
14.218878230000001,0.15
14.220970173000001,0.015
14.222826121,-0.03
14.226244646000001,0.21
14.227424274,0.105
14.228822894,0.105
14.232178709000001,-0.12
14.233157387,-0.12
14.234734043000001,0.18
14.236734715,-0.075
14.23882474,0.21
14.241269806,0.09
14.242790393000002,-0.09
14.246047136000001,0.045
14.247796497000001,0.16499999999999998
14.249573062000001,0.16499999999999998
14.250856803000001,-0.09
14.253382358000001,-0.09
14.25606666,0.195
14.257997328,-0.15
14.260758039,0.0
14.261657082000001,0.18
14.263171937000001,-0.09
14.267631847,-0.045
14.268370192,0.135
14.269344655000001,0.135
14.271239546,-0.03
14.272735637,-0.03
14.275694245,0.12
14.27695409,-0.195
14.278802194,0.045
14.280785224,0.15
14.282930104,0.015
14.286213094,-0.15
14.287282381,0.06
14.288779158,0.06
14.292116352,0.06
14.293131932000001,0.16499999999999998
14.294788539,0.22499999999999998
14.297535625,0.12
14.298951345,-0.135
14.302532701,0.03
14.303112419000001,0.16499999999999998
14.305518087000001,-0.015
14.307070028,-0.06
14.309145042,-0.06
14.311221019000001,0.18
14.313161186,0.18
14.315713476,-0.09
14.316760685,0.21
14.318799157,0.0
14.320751078,-0.105
14.32534721,0.09
14.326200968,0.12
14.327329141000002,-0.135
14.329621305000002,-0.135
14.330937274,0.06
14.333191536000001,0.06
14.334783106000001,0.03
14.336749264000002,0.12
14.338855224000001,0.105
14.340767633,-0.075
14.344500152,0.0
14.345848774,0.16499999999999998
14.346875791,0.015
14.34878261,0.015
14.351190019,-0.06
14.353495773,-0.06
14.354747372,0.12
14.356669555000002,-0.015
14.358707098000002,0.12
14.360705979,0.0
14.362672051,-0.18
14.3662553,0.06
14.367132209000001,0.12
14.369340037,0.12
14.370776629000002,-0.16499999999999998
14.373507185000001,0.16499999999999998
14.374750578,0.16499999999999998
14.376779086,0.0
14.378782597,0.105
14.381203981,0.03
14.383052743,-0.075
14.385979433000001,-0.075
14.387387062,0.0
14.389216959,0.0
14.390768943000001,0.045
14.393394714000001,0.12
14.395242854000001,0.12
14.396776438000002,0.12
14.399100506000002,-0.06
14.401657062000002,0.18
14.402736969000001,0.0
14.406046371,-0.135
14.407140388,0.075
14.409690581000001,0.075
14.411178635,0.135
14.413332722000002,0.135
14.416199228000002,0.03
14.418845750000001,0.0
14.419654258000001,-0.18
14.421129129,0.03
14.424229148,0.15
14.425377929000001,-0.18
14.427392002000001,-0.045
14.429479289000001,-0.045
14.431506515,0.135
14.432885099000002,-0.12
14.434813938000001,0.135
14.437004615000001,0.18
14.438805765000001,-0.09
14.441038116000001,-0.06
14.442799484,0.16499999999999998
14.445812484000001,0.0
14.447073122,-0.12
14.448833077000002,-0.12
14.450864840000001,0.075
14.452806886000001,0.075
14.455336593,-0.16499999999999998
14.456857899000001,0.195
14.458817246,0.0
14.460738985,-0.16499999999999998
14.463040635,0.09
14.467187829,0.135
14.468038455,-0.135
14.46992391,-0.135
14.471999019,-0.015
14.472878581000002,0.0
14.474849221000001,-0.195
14.476864665,0.105
14.479185110000001,0.16499999999999998
14.481431319,-0.15
14.484307132000001,-0.15
14.486136666,0.075
14.487097307,0.075
14.489150041,-0.105
14.491575137000002,0.105
14.492864974000002,0.135
14.495219417000001,-0.195
14.498179641,0.0
14.499481833,0.22499999999999998
14.501107030000002,0.015
14.503539126000002,-0.135
14.506489719000001,0.12
14.50723954,0.21
14.509321188000001,-0.06
14.511810070000001,-0.06
14.512930776000001,0.015
14.514951711,0.06
14.516872059,-0.15
14.51905604,-0.15
14.521041367,0.075
14.522970401,0.075
14.525820915,-0.06
14.526798467,0.22499999999999998
14.5298651,0.22499999999999998
14.532399545,0.06
14.533940478000002,0.06
14.534806496000002,0.16499999999999998
14.536775266000001,-0.135
14.539738211000001,-0.06
14.541180649000001,0.15
14.543165304,0.105
14.546430543000001,-0.09
14.548110512000001,0.15
14.549405566,0.15
14.551278031,0.21
14.552748834,0.21
14.555055867,-0.045
14.557057569000001,0.09
14.559128029,-0.15
14.561073452,0.0
14.563157185000001,0.0
14.566258704000001,0.18
14.567203054,0.18
14.568850898,-0.075
14.571069906000002,-0.075
14.573751485,0.135
14.575208951,0.135
14.576674805000001,0.045
14.578671867,-0.015
14.580781723000001,-0.09
14.583713103000001,0.135
14.585194024000002,0.15
14.587153181000001,-0.135
14.589235588000001,-0.135
14.591309191,0.105
14.593176659000001,0.105
14.596169686000001,-0.015
14.599053849,0.135
14.599404828,0.15
14.601308981,-0.15
14.603875676000001,0.015
14.606360335000002,0.15
14.607083094,-0.15
14.609197515000002,-0.15
14.610729978,-0.045
14.612972825000002,0.105
14.615607006000001,-0.12
14.616700943000001,0.03
14.618755891000001,0.16499999999999998
14.620765877,-0.015
14.623062301000001,-0.105
14.625421975,0.105
14.627926226000001,0.16499999999999998
14.629128797000002,0.16499999999999998
14.630952726,-0.105
14.632817924000001,0.195
14.635839219000001,0.045
14.636735490000001,-0.105
14.638677616,0.15
14.641096023000001,0.21
14.643553635000002,0.21
14.645620853,-0.06
14.647826605,-0.06
14.649108583,0.195
14.651120354000001,0.195
14.652904977,-0.09
14.654557235,-0.09
14.657129553,0.135
14.658812139,-0.06
14.660648101000001,-0.06
14.664123556000002,0.195
14.665019194000001,-0.15
14.666797475000001,-0.15
14.668643817000001,0.075
14.671943271000002,-0.16499999999999998
14.673510228000001,-0.06
14.674607214000002,0.105
14.67716629,0.06
14.679286531,0.06
14.681932074,-0.135
14.682760309,0.16499999999999998
14.686344121000001,-0.09
14.687147502,-0.03
14.689311853000001,-0.03
14.691086653000001,0.16499999999999998
14.695754839000001,0.16499999999999998
14.697043972000001,-0.12
14.699533825000001,0.135
14.700800580000001,0.135
14.701340277000002,-0.15
14.704458817,0.12
14.705442325000002,0.015
14.707337842000001,-0.09
14.708895629,-0.09
14.712254211000001,0.09
14.713737270000001,0.09
14.715194576000002,-0.16499999999999998
14.716847567,0.16499999999999998
14.719443866,0.0
14.721254638000001,0.0
14.724195583,-0.09
14.72524368,0.15
14.727066624,-0.015
14.729261967000001,-0.015
14.731279425,-0.015
14.732903258,0.075
14.735208537,-0.105
14.736806667000002,-0.105
14.739014539000001,0.135
14.740760108000002,-0.105
14.742548829,-0.075
14.745259579,0.18
14.746957433,0.105
14.749203784,0.105
14.751175668,-0.12
14.752752012,-0.12
14.755237845000002,0.195
14.756830428,0.0
14.759846983000001,0.195
14.76135535,0.105
14.763695382000002,-0.06
14.768314893000001,0.06
14.768331151000002,0.06
14.769111639,0.15
14.771015684000002,0.15
14.772997083000002,-0.075
14.777183769,0.09
14.778916172,-0.12
14.779636786000001,0.045
14.780775273000001,0.09
14.783822205000002,0.0
14.785061299,-0.105
14.786957633,0.16499999999999998
14.788928375000001,0.06
14.791575856000001,0.06
14.792937693,-0.09
14.794922318000001,0.21
14.797105409,-0.06
14.799033548,-0.06
14.800831239,-0.09
14.805721729,0.03
14.806498085000001,-0.105
14.807385903,0.03
14.809248397000001,0.03
14.810871102,0.105
14.813146296000001,-0.03
14.814997677000001,0.22499999999999998
14.817784742,0.12
14.819265362000001,-0.09
14.820724954000001,-0.09
14.822566023,0.075
14.826916314000002,-0.15
14.827687647000001,-0.06
14.829647426000001,-0.06
14.830764303,0.195
14.833331061,-0.09
14.835460025000001,-0.09
14.839051376,0.03
14.839347153,-0.03
14.844059144000001,-0.06
14.844089609000001,0.18
14.845430944,0.195
14.847389029,-0.03
14.849054996000001,0.09
14.851018402000001,0.09
14.853171169000001,0.21
14.855172624000001,-0.03
14.857364141000001,0.15
14.85943413,0.15
14.861035962,0.12
14.862736832000001,-0.015
14.866207263000002,0.24
14.867786474,0.0
14.868760154,0.0
14.870687692,-0.09
14.872940277000001,0.15
14.87518281,0.15
14.876667190000001,-0.18
14.878608104000001,0.18
14.880757657,-0.015
14.88383572,-0.135
14.887657638,0.105
14.888158735000001,0.15
14.888690057000002,0.15
14.892009398,-0.15
14.892892874000001,0.16499999999999998
14.894948412000002,0.0
14.896597635000001,0.0
14.90005921,-0.135
14.902141755,0.105
14.905076880000001,-0.18
14.906542984000001,-0.18
14.907131991000002,-0.03
14.908834957000002,-0.03
14.91056286,-0.105
14.912720132,0.18
14.914750656,0.03
14.916670741,-0.135
14.920123066,-0.045
14.920961293000001,0.06
14.922582413,0.015
14.925431771000001,-0.18
14.927692107,0.105
14.929252725000001,0.105
14.930887474,0.16499999999999998
14.932943877000001,0.18
14.937295619,0.22499999999999998
14.937689435000001,0.045
14.938928812,0.0
14.940768577,0.255
14.943193672000001,0.12
14.945587332,-0.135
14.947199232000001,-0.045
14.950513480000001,0.21
14.951538955,0.21
14.953119654000002,0.0
14.954828644000001,0.0
14.956708953000001,0.09
14.960025920000001,-0.06
14.961043789000001,0.105
14.966069962,0.195
14.966087897000001,0.075
14.967117813000002,-0.135
14.968765797000001,-0.135
14.970702726,0.15
14.972880791000001,-0.12
14.974849769,-0.045
14.977048743000001,0.195
14.978583395000001,0.075
14.980532724000001,-0.135
14.983404211000002,0.045
14.985166901000001,0.21
14.986938816,-0.105
14.989165876000001,-0.045
14.991616886000001,-0.045
14.992794348,0.16499999999999998
14.994603741,0.16499999999999998
14.996734151,-0.16499999999999998
14.998640314000001,0.03
15.000568302000001,-0.22499999999999998
15.002515289000002,-0.105
15.005166318,0.135
15.007158496,-0.045
15.009594924000002,-0.045
15.011122160000001,-0.12
15.013059782000001,-0.12
15.014774532,0.15
15.016747719000001,-0.06
15.018835986000001,0.195
15.020731624000002,0.045
15.022511042000001,-0.105
15.025000007000001,0.045
15.027345619,0.06
15.028979127000001,0.06
15.030881299,-0.135
15.03338766,-0.135
15.036269004000001,0.18
15.037147413000001,-0.12
15.039308775,0.09
15.041475901,0.075
15.043128975,-0.105
15.047843359000002,-0.045
15.047864159000001,0.18
15.048911977000001,-0.075
15.050863176000002,-0.075
15.053057345000001,-0.16499999999999998
15.054782666000001,-0.16499999999999998
15.057470394000001,0.16499999999999998
15.058953499000001,0.16499999999999998
15.061748864,0.21
15.062716141000001,0.135
15.065428246000002,-0.09
15.067200468000001,0.03
15.069212598000002,0.03
15.070769383000002,0.16499999999999998
15.073074047,-0.045
15.074729845,0.195
15.076802181000001,0.09
15.078671341000002,0.09
15.081453121000001,-0.105
15.082765409,0.24
15.087007574000001,-0.045
15.087551577000001,-0.09
15.089432380000002,-0.09
15.090719602,0.195
15.094309445,-0.16499999999999998
15.094871759,-0.16499999999999998
15.096627733000002,0.06
15.098736313000002,-0.03
15.101250387,-0.09
15.102689577000001,0.195
15.106967858,0.105
15.108459493000002,-0.09
15.10960236,-0.015
15.110803212,-0.015
15.114100209,0.105
15.115801153000001,0.03
15.116781675,0.15
15.118748173,0.0
15.121198133000002,0.0
15.124099574,-0.195
15.124827763,-0.195
15.126861308,0.15
15.128833735,0.15
15.132437987000001,-0.075
15.133216803000002,0.0
15.134797174000001,-0.135
15.136594011000001,0.045
15.139224863,0.195
15.141091593,0.015
15.143051356,0.015
15.144864369,0.105
15.146802813,0.18
15.149213338000001,0.18
15.150926331,-0.15
15.154588255,0.16499999999999998
15.155207579,-0.015
15.156770035000001,-0.015
15.158679909000002,-0.105
15.160603321000002,0.15
15.165514597000001,-0.105
15.165775393,-0.105
15.16677931,0.045
15.168690505,0.045
15.170718337,0.0
15.172674167,0.15
15.174603412000002,0.18
15.178615639,-0.135
15.179088579,0.0
15.180657907,0.195
15.184492123,0.015
15.186216789000001,-0.09
15.187969992000001,0.105
15.189040002,0.105
15.190868275000001,0.105
15.193533719000001,0.0
15.194685116,0.0
15.196609993000001,0.15
15.198644656,-0.135
15.200768712,0.135
15.202599852,0.16499999999999998
15.206829244000001,-0.12
15.208414465,-0.06
15.209249598000001,-0.06
15.210668286,0.18
15.212983684000001,-0.15
15.215879773000001,0.075
15.216693942000001,0.135
15.219198061,-0.195
15.220590532000001,-0.06
15.22251982,0.16499999999999998
15.224974475000002,0.045
15.227541689,-0.105
15.228628926,-0.105
15.230591582,0.15
15.232651275,-0.075
15.234614945,-0.06
15.236612964,0.15
15.239410518000001,0.03
15.240628524000002,-0.195
15.242593386000001,0.135
15.246474531,0.135
15.248146244,-0.15
15.248986688,-0.15
15.250653884,0.045
15.25324623,0.045
15.256584320000002,-0.075
15.257976687000001,0.135
15.259484667,0.16499999999999998
15.261109625000001,-0.075
15.262685356,0.21
15.267367597000002,0.18
15.267672581000001,0.06
15.268795307000001,-0.09
15.271060575000002,-0.09
15.272636653000001,0.12
15.275713973,-0.075
15.276636298000001,0.06
15.278611931,0.22499999999999998
15.280645939000001,0.09
15.282546276000001,-0.105
15.284711569,0.24
15.286955001,0.105
15.289795334,0.105
15.290674296,-0.135
15.292585873,-0.135
15.294630319000001,0.21
15.296561079000002,-0.15
15.298624803000001,0.03
15.300572002000001,0.16499999999999998
15.303403362000001,-0.075
15.304922802,-0.06
15.306734112000001,0.16499999999999998
15.309347811,0.16499999999999998
15.311118346,0.105
15.312808729,0.105
15.314660978000001,0.22499999999999998
15.316708238,-0.06
15.319282176000002,-0.15
15.32065571,-0.15
15.324216081000001,0.195
15.326181321000002,-0.16499999999999998
15.32737486,-0.16499999999999998
15.328905559,0.09
15.331645739,0.09
15.332958517000002,-0.09
15.334717662000001,0.18
15.337114863000002,0.075
15.338808027,-0.18
15.340758460000002,0.015
15.343369813,0.18
15.345146002000002,-0.06
15.348105235,-0.075
15.348955212000002,-0.075
15.351057313,0.16499999999999998
15.352672439000001,-0.12
15.354729142000002,0.22499999999999998
15.356674586,0.075
15.360152791,-0.045
15.362315720000002,-0.045
15.364398541000002,0.195
15.370036501000001,0.06
15.370676898000001,-0.15
15.370705714000001,0.03
15.372471751,0.075
15.373506626000001,0.075
15.376212275,-0.135
15.377355343000001,0.195
15.378803616,0.195
15.380724021,0.045
15.383589649000001,0.21
15.385657508000001,0.195
15.389003343,-0.15
15.389891847000001,-0.15
15.390835181000002,-0.03
15.39289051,0.105
15.394750951,-0.135
15.397657447,0.0
15.398545293000002,0.0
15.400516860000002,0.15
15.402849145000001,-0.12
15.405579045000001,0.15
15.407400157000001,0.12
15.408644912000002,0.12
15.410576186,-0.105
15.412855459000001,-0.105
15.414625397000002,0.15
15.416862651,-0.15
15.418724459000002,0.135
15.420576448,0.12
15.424352665,-0.135
15.425390479,0.0
15.42723503,0.0
15.428660206000002,0.16499999999999998
15.431032614000001,-0.15
15.432571087000001,-0.15
15.435966720000001,0.21
15.437233649000001,-0.195
15.438670927,0.0
15.440600991,0.16499999999999998
15.447633761,-0.045
15.447680798,-0.105
15.448413026,0.22499999999999998
15.449551935,0.22499999999999998
15.451000189,0.015
15.452733386,0.03
15.455123965,0.22499999999999998
15.456712039000001,0.0
15.458837476000001,0.0
15.460873758000002,0.15
15.462833315000001,0.075
15.467757426,-0.09
15.467820912,-0.09
15.468831109000002,0.0
15.471146205,0.0
15.472706684,-0.075
15.475288647000001,0.135
15.476658586000001,0.135
15.478726348,0.18
15.480653632000001,0.255
15.482682869000001,0.255
15.486065449000002,0.045
15.487760966000002,-0.12
15.488752159,-0.12
15.49075556,0.15
15.492998364000002,-0.135
15.495522481000002,0.015
15.496710648,0.015
15.498932527000001,0.24
15.500729334,-0.12
15.502888292000002,0.135
15.505597881000002,0.15
15.506947464000001,-0.18
15.509458075000001,-0.18
15.510821698,0.0
15.512779111,0.0
15.514819833,-0.015
15.517249080000001,0.105
15.519157189000001,0.105
15.520959166,0.195
15.523241596,0.18
15.525706322000001,0.21
15.527267398000001,0.045
15.528785324000001,0.045
15.530928150000001,-0.12
15.533207324000001,-0.12
15.535051307000002,0.015
15.538184858000001,-0.03
15.540692980000001,0.105
15.541391394000001,0.03
15.544747505,-0.12
15.547555462000002,0.195
15.547828079,0.195
15.550267948,0.06
15.551375,0.06
15.554235715,0.0
15.557117533000001,-0.045
15.557501293000001,-0.045
15.559123940000001,-0.15
15.561122691000001,0.045
15.56272444,-0.18
15.565275237000002,0.18
15.566763340000001,0.18
15.570376461,0.06
15.571295999,0.06
15.572738143,-0.105
15.574793742,0.09
15.576698852000002,-0.105
15.578601444,-0.03
15.58128602,0.195
15.583508533000002,0.09
15.585099516000001,-0.15
15.588052437000002,0.06
15.589689215000002,0.06
15.590765389000001,0.045
15.592654214000001,0.045
15.594741849000002,0.0
15.597621583,0.075
15.598735577000001,-0.06
15.603968830000001,0.105
15.603998546000001,0.12
15.605232433000001,-0.015
15.608700591000002,-0.06
15.609263516,-0.06
15.611652611,0.195
15.612966004,0.195
15.615107292000001,-0.12
15.617510313,0.105
15.618709159000002,0.105
15.621365043,-0.135
15.622808585000001,0.18
15.625442404000001,0.09
15.628262507,-0.135
15.629649946,-0.135
15.630707874,0.06
15.633943358000002,-0.16499999999999998
15.634782181,-0.105
15.638586943000002,0.16499999999999998
15.639263789000001,0.045
15.641002972,-0.15
15.642656586000001,0.06
15.646907122000002,0.075
15.647476208,-0.09
15.648814678,-0.06
15.651061908,-0.06
15.653596164000001,0.21
15.65487934,0.21
15.656503895,-0.195
15.658590584,0.18
15.660653704000001,-0.135
15.662522326000001,-0.075
15.665089687000002,0.16499999999999998
15.667460813000002,0.0
15.669027840000002,0.0
15.670676166000002,-0.195
15.67350816,-0.195
15.674604454,0.105
15.676531044,-0.105
15.679825441,0.12
15.680981503000002,0.06
15.684348526,-0.12
15.686768015,0.03
15.687643843000002,0.18
15.689135653000001,0.18
15.691345669,-0.195
15.693215907,0.15
15.695220367000001,0.15
15.698703011000001,0.045
15.700621515000002,0.18
15.701488667000001,0.18
15.702625973000002,0.03
15.705990229000001,0.03
15.708125253,-0.03
15.709332629,-0.03
15.711585237000001,0.0
15.713656157,0.09
15.714848958000001,0.09
15.716678942000001,-0.105
15.719362059000002,-0.105
15.721181971000002,-0.045
15.722705889,-0.045
15.72460294,0.045
15.728097483,0.06
15.729203408000002,0.075
15.730921791,0.075
15.734231694000002,-0.18
15.735386686000002,0.24
15.736813986000001,0.24
15.739156913,-0.015
15.741798499000001,0.105
15.743099594,0.16499999999999998
15.745451175000001,0.16499999999999998
15.74879654,-0.22499999999999998
15.749448168,-0.22499999999999998
15.752218953000002,0.18
15.753063520000001,0.18
15.755090953000002,-0.16499999999999998
15.756940091,0.21
15.758850934000002,-0.105
15.761724310000002,-0.09
15.763651465,0.15
15.764771585000002,0.03
15.767340342,0.03
15.769094954000002,-0.135
15.771057484000002,-0.135
15.772665068,0.18
15.775135205000002,0.12
15.777012905000001,0.195
15.779506715,0.075
15.780809342000001,-0.105
15.782632212000001,0.06
15.788686724000002,0.135
15.789774958,-0.18
15.790453731000001,-0.03
15.79141663,-0.03
15.792879258000001,0.195
15.795169462,-0.06
15.797182935,-0.06
15.798958665,0.045
15.800762308000001,-0.015
15.803826449,-0.105
15.805344097,0.24
15.808148564000001,0.12
15.809747523,0.12
15.811050414,-0.09
15.812870065,0.195
15.814833712,0.06
15.816921933000001,-0.09
15.818648913,-0.09
15.821021279000002,0.255
15.824100268,-0.16499999999999998
15.828831773000001,0.045
15.829336758,0.21
15.830560354000001,0.03
15.831209883000001,0.03
15.832881239,-0.075
15.835664337,-0.075
15.837456734000002,0.15
15.838678707000001,-0.045
15.840788255000001,0.18
15.843272972000001,0.015
15.845526273,0.015
15.846817205,-0.03
15.850082908000001,-0.03
15.850953692000001,0.075
15.852802074000001,0.075
15.854791874000002,0.0
15.858075934,0.09
15.860377061000001,-0.09
15.861057753,0.105
15.863146329000001,0.045
15.865761187,-0.105
15.869172085,-0.015
15.869766589000001,-0.015
15.870816423,0.18
15.873061465000001,-0.15
15.874786543,0.105
15.876837158,0.105
15.878669538,-0.16499999999999998
15.881339400000002,0.0
15.882976610000002,0.21
15.884746954,0.0
15.887214448000002,-0.135
15.889086117000002,-0.135
15.890629065,0.195
15.893667419000002,0.195
15.896099462,-0.06
15.897643074000001,0.21
15.899107154000001,0.075
15.90137473,0.075
15.905996539,0.0
15.906031756,0.0
15.906775026000002,0.16499999999999998
15.908700422,0.16499999999999998
15.910719544,-0.015
15.912948765000001,-0.015
15.914730879,0.015
15.916657872000002,0.06
15.918704376,0.18
15.921055496000001,-0.045
15.922788076000002,-0.03
15.925844040000001,-0.03
15.926845702000001,0.195
15.928870203,0.195
15.93062727,-0.15
15.932639617000001,0.135
15.935031028000001,-0.105
15.936688504000001,-0.075
15.939459515000001,0.16499999999999998
15.940797435,0.06
15.942613651,-0.105
15.945505789,0.03
15.946872999000002,0.075
15.949258329000001,0.075
15.950962709,-0.12
15.952570241000002,-0.12
15.95477308,0.195
15.956561809000002,0.195
15.959294811000001,-0.12
15.960828769,0.21
15.963129124000002,-0.075
15.9656379,-0.105
15.967162925,0.16499999999999998
15.96936456,0.16499999999999998
15.970907531000002,-0.03
15.972582127,-0.03
15.975014336000001,0.18
15.976613563,-0.21
15.979469054,-0.015
15.980975261000001,0.16499999999999998
15.982788299000001,0.16499999999999998
15.985495139000001,-0.045
15.987110479000002,0.105
15.989209035000002,0.105
15.990837367000001,0.27
15.992846023,0.15
15.994729598000001,0.15
15.996749898000001,0.21
15.999651211000002,-0.09
16.001187741000003,-0.09
16.002693921000002,0.03
16.005403026,0.03
16.008183203,-0.12
16.009472928,-0.12
16.011358595,0.21
16.012788895,0.21
16.014844988,-0.06
16.018167382,0.135
16.019082035,-0.135
16.020743608,0.015
16.024790404,0.21
16.02539428,0.105
16.026855411,-0.09
16.029285811,-0.09
16.032131459000002,0.015
16.033230219,0.015
16.035480121000003,-0.015
16.036891026,0.18
16.039508895,0.15
16.040772219,-0.12
16.042656784000002,0.015
16.046568059000002,0.015
16.047300447,0.12
16.048772513,0.12
16.050700731000003,-0.09
16.053126917,0.135
16.056357371,0.135
16.057417208,-0.18
16.059527231,0.06
16.061211807,-0.06
16.062736386,-0.06
16.066252387000002,-0.09
16.066952396,-0.09
16.069085165,0.0
16.070672429000002,0.0
16.073582804,0.03
16.074663128,0.03
16.076671135,-0.03
16.07949233,0.075
16.08062208,0.09
16.083563507,-0.105
16.085346024,0.03
16.086966593,0.03
16.088698743000002,0.135
16.090749876,0.135
16.092753423,-0.105
16.094563522,-0.105
16.097492582,0.075
16.099127368,-0.03
16.101022686,0.075
16.10378313,-0.045
16.104903009,-0.045
16.10911908,-0.105
16.110057668,-0.105
16.110853036,0.15
16.112968468000002,0.15
16.116055178,0.21
16.116886434,-0.015
16.118966101,-0.06
16.12067761,0.27
16.125207691,0.15
16.125926983,0.15
16.126724585,-0.16499999999999998
16.128687966,-0.16499999999999998
16.13099369,0.18
16.133213268000002,0.18
16.134619729,-0.09
16.137164917,0.135
16.138489255,-0.195
16.141279259,-0.015
16.142572756,0.16499999999999998
16.145053873000002,0.16499999999999998
16.147391657,0.03
16.148836078000002,0.03
16.152174353,0.135
16.153165244,0.135
16.15478718,-0.16499999999999998
16.156621742000002,-0.16499999999999998
16.158905063000002,0.18
16.160895751,0.0
16.162578305,0.15
16.165182415,0.15
16.167795956000003,0.015
16.168728897,0.015
16.170558751,0.105
16.172608863,-0.045
16.174655193,-0.09
16.176545833000002,0.16499999999999998
16.178571888,0.195
16.182567606000003,-0.105
16.183839323,0.135
16.186173975000003,0.15
16.187336468,0.15
16.189874036000003,-0.015
16.190984471,-0.015
16.193173084,0.15
16.194559361,0.15
16.197248376,-0.135
16.198682777000002,-0.135
16.200726571,0.105
16.202891016000002,-0.03
16.206216116,0.285
16.207141443,0.22499999999999998
16.212883174,-0.09
16.212915015,-0.09
16.213846968000002,0.22499999999999998
16.214841753,0.22499999999999998
16.216988717,0.03
16.219472778,0.045
16.221049981,0.09
16.224702677,0.09
16.225062239,-0.22499999999999998
16.227633027,-0.22499999999999998
16.228818698,0.16499999999999998
16.230815753,-0.015
16.232547357,0.06
16.235131331,0.06
16.236840479,0.06
16.240117505,-0.135
16.240823479,-0.135
16.243332990000003,0.22499999999999998
16.245166570000002,0.22499999999999998
16.246774674,-0.12
16.248780721,-0.12
16.251713586,0.21
16.254554412,-0.06
16.256024924000002,-0.06
16.257078422,0.18
16.258822773000002,0.18
16.262914569,-0.135
16.263812439000002,0.18
16.266965218,-0.06
16.267535336,-0.075
16.269482935000003,-0.075
16.270883734,0.15
16.27299567,0.15
16.275724143,-0.18
16.278313924000003,0.045
16.280994374000002,-0.195
16.281715991000002,0.015
16.284463154,0.09
16.286916443000003,-0.03
16.287636884,-0.03
16.289601616000002,-0.18
16.291542488,-0.18
16.29267184,0.18
16.294732074000002,0.18
16.297704095,0.075
16.299038809000002,0.09
16.300810709,-0.105
16.303457224000002,0.045
16.304898854,0.09
16.306836902,-0.075
16.308845152,-0.075
16.310565496000002,-0.09
16.314163987,0.105
16.315125367,0.105
16.317041031000002,-0.12
16.318768326,0.195
16.320997178000002,0.03
16.322534593,-0.075
16.325575717,-0.075
16.328669413,0.21
16.329528349,0.21
16.330624003,-0.075
16.332709027,0.16499999999999998
16.335262341,0.16499999999999998
16.338383864,-0.075
16.339244236000003,-0.075
16.340879514,0.18
16.342686026000003,-0.12
16.345090116,-0.12
16.346694353,-0.015
16.349603101,-0.015
16.351182338,-0.06
16.353239696,-0.06
16.355308434,0.18
16.356964956000002,0.18
16.360249183,-0.135
16.362943186000003,0.21
16.364079687,0.21
16.365561837,0.0
16.366982732,0.12
16.369623261,0.12
16.3710887,0.045
16.373616147,0.045
16.375249787,-0.03
16.378148894000002,-0.105
16.379833568000002,0.0
16.380873889,0.03
16.382586193,-0.045
16.385916274,-0.18
16.387354953000003,0.06
16.388636842,0.06
16.390658842,0.09
16.393527708,-0.09
16.395076229,-0.09
16.396642221,0.135
16.398537338,-0.03
16.401936084000003,0.3
16.403111919,0.15
16.406945092,0.03
16.407569868,0.03
16.409145364,-0.12
16.410616002,-0.12
16.412562172,0.075
16.414960230000002,0.0
16.416806594,0.21
16.419131523,0.015
16.42061622,-0.015
16.422577864,0.15
16.425658464,0.135
16.428186926000002,-0.15
16.429279349,-0.15
16.430710309000002,0.03
16.43279043,0.03
16.434811834,-0.03
16.436665744000003,0.195
16.440194034,-0.015
16.441130501,-0.15
16.443404642,0.105
16.446209823,0.195
16.446945718000002,0.03
16.449412802,0.03
16.450812178,-0.075
16.45428399,0.18
16.455225343000002,0.18
16.458111248,-0.105
16.45918715,0.15
16.461623217,0.0
16.463673538000002,0.015
16.466098581,0.18
16.466875186,0.18
16.470878640000002,0.12
16.471768857,0.12
16.473608916,0.015
16.475194255,0.015
16.47696999,-0.015
16.480010041,0.105
16.481017648,0.075
16.485928979,-0.12
16.485947438,-0.045
16.486913697000002,0.12
16.488844151000002,0.12
16.490680835000003,-0.045
16.492965303000002,0.195
16.494899409000002,0.12
16.496753862000002,-0.12
16.498724396,-0.015
16.500808352,0.21
16.503358931,-0.015
16.505209535000002,-0.06
16.507449825000002,0.27
16.508695192,0.16499999999999998
16.510687002,-0.12
16.513152115,-0.03
16.514711285,0.16499999999999998
16.516582756000002,0.16499999999999998
16.518697952,0.015
16.520557801000002,0.045
16.522539254,0.15
16.524783827,-0.105
16.527132632,0.105
16.529050732,0.105
16.530660503,0.15
16.53656373,-0.03
16.536876949,0.105
16.537481436,0.12
16.540325223,-0.075
16.540973112,-0.03
16.542579838,0.22499999999999998
16.546886261,0.06
16.547260992000002,-0.045
16.549158505,-0.045
16.550742018,0.105
16.553185436,0.105
16.554566008000002,-0.135
16.556538696,0.18
16.558663522,0.06
16.562188902000003,-0.105
16.565555537,0.09
16.565907142,0.15
16.568199016,-0.105
16.569051613000003,-0.105
16.572259013,-0.045
16.57350823,0.09
16.575328456,0.09
16.578289757,-0.105
16.579458066,0.105
16.580764059,0.105
16.582716357000002,-0.195
16.585883627,0.16499999999999998
16.586796912,0.075
16.589145495,0.075
16.590605871,-0.105
16.594932356,0.195
16.595509800000002,0.195
16.596624277,-0.105
16.598590962,0.16499999999999998
16.60056848,0.075
16.602737294,-0.135
16.606012267,0.0
16.607430131,0.12
16.608983761,0.12
16.610701796,-0.075
16.612713183,0.105
16.614725605,0.105
16.617230665,0.105
16.621766077,-0.09
16.62252678,0.12
16.62372098,0.0
16.625903107000003,0.0
16.62682699,0.16499999999999998
16.62929024,0.16499999999999998
16.630732691000002,0.045
16.633184518,0.195
16.634667874,0.195
16.637501365000002,0.09
16.638900981000003,-0.06
16.640718045,0.075
16.642698794,0.12
16.646955974,-0.06
16.647865,0.0
16.65015227,0.09
16.651382509,0.09
16.652865779000003,0.03
16.654893934,0.15
16.657095129000002,0.15
16.658731219,0.12
16.660651654000002,0.21
16.662855058,0.21
16.666157011000003,0.015
16.66894636,0.0
16.66967416,0.0
16.670815268000002,0.18
16.673194713,-0.12
16.675205227,-0.12
16.677542797,0.21
16.678787004,0.21
16.681023423000003,0.0
16.682687811,0.075
16.685115157000002,0.135
16.687421702,-0.16499999999999998
16.689213151,-0.16499999999999998
16.691003146,-0.03
16.693104577,-0.03
16.696367824,-0.12
16.697800507,0.105
16.699604945,0.105
16.700651147000002,0.105
16.704140925,0.105
16.704971993,-0.015
16.707158007,-0.075
16.708637027,-0.075
16.711871607000003,-0.09
16.71405482,-0.09
16.716140498,0.045
16.719283223,-0.03
16.719604879000002,0.18
16.721995554,-0.21
16.724108553,-0.12
16.725201333,0.06
16.727773957,0.06
16.729112540000003,0.06
16.730747488000002,0.06
16.733091436000002,-0.03
16.734612823000003,-0.03
16.736803767,-0.015
16.739009988,0.105
16.740574396,0.105
16.742530998,0.06
16.74622614,0.075
16.746982793,0.195
16.748653758,0.195
16.750567624000002,0.015
16.752825683,0.105
16.754681963,0.18
16.756734651000002,-0.12
16.758779733,-0.03
16.761642024,0.195
16.762704424000002,0.045
16.766047863,-0.135
16.766700388,0.09
16.768861581,0.09
16.77077312,0.15
16.773162747,-0.03
16.774709318,0.22499999999999998
16.776582107,0.22499999999999998
16.779337431000002,0.0
16.780599584,0.075
16.785243937,0.16499999999999998
16.785616281,0.16499999999999998
16.786736814,-0.105
16.789271183,-0.105
16.792431349,0.22499999999999998
16.793435478000003,0.22499999999999998
16.794834727,-0.105
16.796662601,0.03
16.799297890000002,-0.045
16.800846368000002,-0.045
16.804159686000002,0.015
16.809244764000002,0.0
16.809922818,-0.105
16.809957532000002,0.15
16.810733381000002,0.15
16.812710994,0.0
16.814616982,0.0
16.81807023,0.09
16.818923628,-0.045
16.821024014000002,-0.045
16.82309133,-0.195
16.827960309,0.105
16.828290116,-0.135
16.829104020000003,-0.135
16.830797535000002,0.21
16.833220605,0.21
16.835572148,0.09
16.836717331000003,0.105
16.838696728000002,0.105
16.842148021,-0.075
16.844557536,-0.09
16.845577947000002,0.16499999999999998
16.848501888,0.045
16.849529533000002,0.045
16.850999395000002,-0.135
16.855154856000002,0.15
16.855678404000003,0.15
16.85709735,-0.15
16.859293403000002,0.15
16.860759959000003,0.12
16.863763215000002,-0.105
16.865732971,0.015
16.868436061,0.03
16.869325713000002,0.03
16.870900216000003,-0.12
16.872760837,0.18
16.874790384,0.105
16.876934425,-0.12
16.878988181,-0.12
16.882367225,-0.015
16.885593285000002,-0.15
16.886168024,-0.15
16.888334277000002,0.015
16.889066729,0.015
16.89065494,0.03
16.893352601,-0.015
16.894820635000002,0.105
16.896649746,-0.075
16.898491055,-0.09
16.900577068,0.12
16.903080339000002,0.045
16.905766708,-0.105
16.908993943000002,0.03
16.909822718,0.03
16.910685579000003,0.12
16.913140866000003,-0.15
16.914664156,-0.15
16.916991906,0.105
16.920187692000002,-0.18
16.921414693000003,0.075
16.923097567000003,0.075
16.925869826,0.15
16.928762040000002,-0.12
16.929261928000003,-0.12
16.931430827,0.12
16.933422475,0.12
16.934662404,-0.12
16.936892370000002,0.015
16.938624651,-0.09
16.941175826000002,-0.12
16.94257944,0.105
16.945201111,0.105
16.949042491,-0.12
16.949333169000003,-0.12
16.950643365,0.0
16.952774034,-0.075
16.954995609,-0.075
16.958145551,0.12
16.959306664,0.12
16.960764450000003,0.015
16.962451615000003,0.105
16.966574288,0.135
16.967219633000003,0.0
16.968942173000002,0.0
16.970714469,0.12
16.973030464,0.12
16.976656022,0.06
16.977280547,0.06
16.979350965000002,0.24
16.981596305,-0.075
16.984229484,-0.105
16.987244826,0.12
16.988120737000003,0.09
16.988892552,-0.12
16.990799077000002,-0.12
16.992996376,0.045
16.995095085000003,0.045
16.996627104,-0.015
16.998776877,0.195
17.002198744,0.135
17.003091841,-0.12
17.007783612,0.03
17.008356952,0.03
17.009978064000002,0.12
17.010695194,0.12
17.012727350000002,-0.105
17.015685543,0.075
17.01703196,-0.135
17.019201632,-0.135
17.021656085,0.015
17.022943729,-0.105
17.025569392,-0.105
17.027269932,0.135
17.03127007,0.135
17.032467061000002,0.075
17.033094243,0.075
17.036720957,-0.03
17.03758123,0.0
17.041162255,0.015
17.041430347000002,0.15
17.043781073,0.15
17.04589962,0.15
17.046795007,0.15
17.050218452,0.0
17.051142534,0.0
17.053066224000002,-0.12
17.055180082,-0.12
17.057414849,0.135
17.058942829,-0.12
17.060994316000002,-0.015
17.062594744000002,0.16499999999999998
17.065871993000002,0.015
17.068313394,-0.105
17.069161435,-0.105
17.070887691,0.12
17.073167554,-0.105
17.074855393,0.0
17.077100458,0.18
17.079867428,0.045
17.080901898,-0.09
17.083153216,-0.09
17.086610711000002,0.255
17.087167424,0.255
17.090008853,-0.12
17.091060386000002,-0.12
17.094452681,0.21
17.095170838,-0.06
17.096736763000003,-0.06
17.098675199000002,0.15
17.101098853,-0.045
17.103280102,-0.045
17.105163657000002,-0.015
17.106733917,0.015
17.109129403,0.015
17.110745745000003,-0.12
17.112689055,0.135
17.11508861,-0.075
17.116814776000002,-0.03
17.11866303,0.21
17.121325677,0.03
17.124688421000002,0.03
17.125277808,-0.06
17.126918954,-0.06
17.129241917,0.105
17.131665432000002,0.105
17.132844362,-0.015
17.134872518,0.015
17.137850406000002,-0.135
17.140208906,0.135
17.14130777,0.075
17.142666688000002,-0.18
17.146038489000002,0.135
17.147569723,0.135
17.149035729,0.135
17.15078355,0.135
17.153183539,-0.18
17.155068064,-0.18
17.157495043,0.12
17.159765750000002,0.255
17.161630982000002,0.255
17.162955517,0.195
17.167594360000002,-0.16499999999999998
17.168424480000002,0.015
17.168949986,0.015
17.170679615,0.135
17.172911089,-0.045
17.175124474,0.135
17.176678724000002,0.09
17.179125898000002,-0.105
17.180684131,-0.105
17.182862766,0.135
17.186100605,-0.075
17.186824277,-0.03
17.189751099000002,-0.03
17.190938573,0.195
17.193323367,-0.15
17.194789271,0.015
17.197444201,0.16499999999999998
17.199078389,0.16499999999999998
17.200785764000003,-0.135
17.202529269,0.12
17.205769813,-0.045
17.206873315000003,-0.15
17.2087147,-0.15
17.210795474,0.015
17.212883725,-0.18
17.214694588,-0.12
17.217429290000002,0.06
17.218800224000002,0.06
17.220695036000002,-0.12
17.222974262,0.09
17.225416501,0.09
17.227134308,0.09
17.228736155,0.09
17.231041698000002,-0.015
17.232965395,-0.015
17.234582735,-0.045
17.236751569000003,0.16499999999999998
17.239177494,0.135
17.240735916000002,-0.18
17.244362493,0.18
17.245290306,0.105
17.247190698,-0.045
17.248823502,-0.045
17.250839407,-0.075
17.253031701,0.09
17.255077472,-0.15
17.257310323000002,-0.03
17.260299309,0.21
17.261900328,0.16499999999999998
17.263451083,-0.03
17.268097733,0.32999999999999996
17.269210289,0.195
17.269618076,-0.09
17.271537366,-0.09
17.273466042000003,-0.075
17.27581167,0.015
17.276854473,0.015
17.27891327,-0.195
17.280731449,0.16499999999999998
17.28343275,-0.12
17.285094530000002,-0.015
17.286754249,0.195
17.288819925000002,0.195
17.291173245,0.105
17.293039025000002,0.105
17.294933302,0.105
17.298100334,-0.045
17.298971946,0.03
17.300630951000002,0.21
17.307078370000003,0.075
17.307760415,-0.09
17.307825887,0.0
17.309255166,0.0
17.31087566,0.15
17.312719486000002,0.15
17.314883005000002,0.09
17.317304154000002,-0.135
17.319630947,-0.285
17.321224063000003,0.075
17.322692371000002,0.03
17.326299484,-0.135
17.327435772,0.015
17.329171676,0.015
17.330686062,0.135
17.332735528,-0.12
17.335171663,0.12
17.336559448000003,0.12
17.338533426,0.135
17.341449863,-0.06
17.342646654000003,0.15
17.345586298,0.0
17.347675260000003,-0.16499999999999998
17.348846263000002,-0.16499999999999998
17.351189286,0.075
17.35281154,0.075
17.355495762,-0.15
17.35653593,0.135
17.359401815000002,0.03
17.360584767000002,-0.18
17.362859914,0.045
17.366298831,0.03
17.368240501000002,-0.03
17.369458831,-0.03
17.370685194,0.135
17.372962960000002,0.135
17.375256142,0.075
17.376716636,0.0
17.380633001,0.195
17.381219049000002,-0.015
17.382872728000002,-0.09
17.385876401,0.16499999999999998
17.388403774,0.12
17.389310621,0.12
17.390775252,-0.03
17.392849091000002,-0.03
17.395479304000002,0.21
17.396806903,0.075
17.400674043000002,0.16499999999999998
17.401426568,0.105
17.402983435,-0.105
17.40547642,-0.105
17.407329226,0.03
17.409091800000002,0.03
17.4107384,-0.15
17.412952371,0.16499999999999998
17.416151977000002,0.135
17.417024143000003,-0.12
17.418769877000003,0.18
17.420707867,0.15
17.423016332,-0.015
17.427041741,-0.09
17.430103515000003,0.15
17.431490024000002,0.15
17.433043827000002,0.105
17.435293296,0.015
17.436234300000002,0.135
17.437121571000002,0.135
17.438897156,-0.075
17.442299149,0.135
17.444221875,0.105
17.446540932,-0.195
17.447302292,0.0
17.451540541,0.12
17.452265609,0.12
17.453439470000003,-0.15
17.455202919,0.075
17.457243118,-0.015
17.459550177,-0.16499999999999998
17.460863975000002,0.0
17.466021084,0.16499999999999998
17.467655976,0.045
17.469401753,0.135
17.470117511,0.135
17.47101229,0.21
17.473378443,0.21
17.47630841,-0.045
17.477474054,0.09
17.479548571000002,0.09
17.480813355000002,-0.045
17.483853114000002,0.09
17.486170747000003,0.09
17.487071174,0.09
17.489504717000003,-0.16499999999999998
17.49153793,-0.16499999999999998
17.493321236,0.105
17.494863717,0.105
17.497424734000003,0.0
17.499256823,0.21
17.500815779,-0.105
17.502855034,0.18
17.506332262,0.195
17.507197673,0.045
17.509381656000002,0.045
17.511341363,-0.09
17.513756263,-0.09
17.515113538,0.12
17.517482116,-0.03
17.519544142,0.18
17.521325708000003,0.0
17.524671297,-0.105
17.525568635000003,0.12
17.527332201,0.16499999999999998
17.529120699,0.16499999999999998
17.531163989,-0.09
17.533153075,0.135
17.535594189,0.03
17.536800483,0.03
17.539226107,-0.105
17.541177675,0.03
17.543859431,-0.16499999999999998
17.544772965,-0.015
17.551619204,0.21
17.551644890000002,0.06
17.552411359,0.06
17.553616308000002,-0.075
17.555281104000002,-0.075
17.558408082,0.16499999999999998
17.559608190000002,0.16499999999999998
17.561320415,-0.045
17.56278536,-0.045
17.565906019,0.0
17.56759019,0.09
17.569314657,0.09
17.571541184,0.105
17.573471164,0.105
17.575344725,-0.045
17.57695876,0.03
17.580268450000002,-0.12
17.581220258000002,0.09
17.583847174000002,0.195
17.585385964,-0.03
17.588730274,-0.045
17.589441477,-0.045
17.591357305000002,0.195
17.593353490000002,0.195
17.597687497000003,-0.075
17.597984174,0.105
17.599217039000003,0.105
17.60144889,-0.12
17.602765869000002,0.24
17.606590657,0.15
17.609062144000003,-0.12
17.609791559,-0.12
17.612635107000003,0.27
17.613852391,0.27
17.61629168,-0.09
17.617127902,0.24
17.620914962,0.045
17.621813,-0.105
17.622768535000002,0.18
17.628466485,0.15
17.628512486,-0.03
17.62969639,-0.03
17.63218815,-0.015
17.633195962000002,-0.015
17.636428798,0.135
17.638872161000002,0.045
17.639549395,0.16499999999999998
17.640722348,-0.015
17.643496101,-0.06
17.646407590000003,0.15
17.647226875,0.09
17.649923144000002,0.09
17.651131937000002,-0.15
17.652817693,-0.15
17.654772288,0.18
17.65774803,-0.03
17.659476924,0.09
17.660784444,0.12
17.663115108,-0.135
17.667328614000002,-0.03
17.667822571000002,0.18
17.669614323,-0.09
17.671822856000002,-0.09
17.674442946000003,-0.09
17.675030077000002,-0.09
17.67817535,0.045
17.679330292,0.0
17.681276013,0.195
17.68348418,-0.045
17.68529578,-0.09
17.687748768000002,-0.09
17.688987631,0.15
17.69127731,-0.06
17.692681901,-0.06
17.699064846000002,0.27
17.699843611000002,-0.045
17.701745625,-0.045
17.701774227,-0.075
17.703468068,-0.075
17.704749535,0.075
17.707655276,0.015
17.709567485,0.015
17.711399728,0.12
17.714355593,0.12
17.715032491000002,0.09
17.71751231,0.09
17.71909202,0.135
17.720963253,0.135
17.722884998,0.03
17.729950108,-0.03
17.730136466,0.0
17.731035574,0.0
17.73203238,0.135
17.733237509000002,0.135
17.735140452,-0.16499999999999998
17.737952295,0.135
17.739547996000002,-0.16499999999999998
17.741285304,0.045
17.742789241,0.135
17.745800278,0.15
17.746999059,-0.135
17.74965007,-0.135
17.750755247,0.195
17.753028801000003,0.0
17.755101562,0.0
17.757430834,0.15
17.758904514,0.15
17.761884899000002,0.15
17.762873164000002,0.0
17.766508883,0.16499999999999998
17.767441545,0.16499999999999998
17.769286409,0.0
17.77107,0.0
17.773384847000003,0.15
17.775574256000002,-0.12
17.776818318,-0.015
17.778729927,0.105
17.782636171,0.0
17.784388482,0.0
17.787594504,-0.09
17.787643086000003,0.16499999999999998
17.789420735,0.16499999999999998
17.790714733,-0.12
17.793284917,0.21
17.795854996000003,0.21
17.797368909,0.0
17.798800799000002,0.0
17.800689926,0.12
17.804341519,-0.075
17.806137321,0.24
17.806964337,0.195
17.808794326,0.195
17.811876967,0.0
17.813204874,0.0
17.814895538000002,0.255
17.817178882,0.255
17.819397909000003,-0.06
17.820844209,0.21
17.823184467,0.0
17.826190328000003,-0.075
17.827283886,0.195
17.828953729000002,0.195
17.831350707000002,0.135
17.833405549000002,0.16499999999999998
17.834922978,0.21
17.83682594,0.06
17.839211961,-0.09
17.841286737,0.195
17.842846631,0.045
17.846119873000003,-0.015
17.848283762,-0.06
17.848903006,-0.06
17.851304535,0.16499999999999998
17.853122599000002,0.16499999999999998
17.855056392,-0.09
17.856638778,0.18
17.858619553,-0.06
17.861961356000002,-0.09
17.864356712000003,0.16499999999999998
17.867831401,0.075
17.867859114,0.075
17.870401806,-0.105
17.871461747,-0.105
17.873169822,0.03
17.874755941,0.03
17.877043674,-0.105
17.878695925000002,0.06
17.880951824,-0.135
17.882762794,0.135
17.8858797,0.12
17.888348898,-0.03
17.889409165,-0.03
17.892159471,0.15
17.893323853000002,0.15
17.895376843,0.075
17.896752229,0.075
17.899336915000003,0.045
17.90081598,0.0
17.904621600000002,-0.03
17.908394986,0.16499999999999998
17.908449892,0.09
17.91009086,0.09
17.912967155,-0.12
17.913533524,-0.12
17.915191326000002,0.06
17.917562864,0.03
17.919870760000002,0.255
17.920903338000002,0.15
17.923066198,-0.12
17.925813118,0.03
17.927288554,0.21
17.928888212,0.21
17.931215332,-0.015
17.933395060000002,-0.015
17.934818932000002,0.135
17.937093388,-0.15
17.939116873,0.015
17.940736519,0.195
17.942630530000002,0.0
17.945561632,-0.09
17.947018243000002,0.16499999999999998
17.948768974,0.16499999999999998
17.950707863,0.105
17.953604391000002,0.0
17.954711302,0.0
17.956827223,0.105
17.958725914000002,-0.15
17.960749029000002,0.16499999999999998
17.964094428000003,0.16499999999999998
17.96567243,-0.06
17.967018916,0.21
17.969417531,0.21
17.970898047000002,0.12
17.972730825000003,-0.105
17.975025952000003,-0.105
17.977117531,0.15
17.979285280000003,-0.15
17.981603085,0.015
17.985155368,0.135
17.98595892,0.0
17.987119892000003,-0.105
17.989494695,-0.105
17.991086264,0.18
17.993545010000002,-0.18
17.994874593000002,-0.18
17.996824133,0.0
17.998938592000002,0.0
18.001322196,-0.045
18.002656455,0.12
18.005508697,0.15
18.006895943,-0.045
18.00908984,-0.045
18.011102681,-0.03
18.015074184,0.045
18.016085853,0.045
18.016931833,-0.06
18.019060835,0.16499999999999998
18.020832102,-0.16499999999999998
18.023422537000002,-0.03
18.025734751,0.18
18.027950773,-0.015
18.029054741,-0.015
18.030718725,-0.105
18.032703115,0.12
18.035671035,-0.135
18.036730082000002,0.18
18.038700442,0.16499999999999998
18.040683961000003,0.015
18.044627555,-0.135
18.04668905,0.27
18.047661016000003,0.27
18.048868267,0.105
18.051209128,0.105
18.054927917,0.03
18.05605531,0.075
18.056888172,-0.135
18.059027014,0.075
18.060735762,0.03
18.065763011,-0.075
18.065789149,0.015
18.066873523,0.16499999999999998
18.068801319000002,0.16499999999999998
18.070975791000002,-0.135
18.073408503,-0.135
18.07604483,0.135
18.078130587,-0.12
18.079862401,-0.105
18.080935971000002,0.15
18.083414232000003,0.0
18.085949312,-0.135
18.087713660000002,0.09
18.088861971,0.09
18.090783061,0.12
18.093470037,-0.03
18.094827751,0.18
18.096763638000002,0.105
18.098684409,-0.135
18.101046521,0.03
18.102649258,0.195
18.105911319,-0.075
18.107064944,-0.06
18.109453267000003,-0.06
18.110783174,0.22499999999999998
18.11333554,0.22499999999999998
18.115126852,-0.12
18.118176765,0.15
18.119108959000002,-0.09
18.122131421000002,-0.075
18.125060901,0.15
18.126008053,0.06
18.126938006,-0.09
18.129534197,-0.09
18.131246522,0.03
18.132839065000002,0.0
18.134817713,-0.03
18.137550172,0.16499999999999998
18.138690766,0.105
18.140778062000003,-0.09
18.142687748,0.18
18.147148367,0.15
18.147797074,-0.015
18.14928937,-0.09
18.151406736000002,-0.09
18.155015853000002,0.135
18.155820329,0.135
18.158363583,-0.105
18.159388419000003,-0.105
18.163597328,0.18
18.164016714000002,-0.09
18.16477511,-0.09
18.166992052,0.18
18.16909834,-0.15
18.171617563,-0.15
18.172733843,0.18
18.175132742000002,0.18
18.177291311,-0.03
18.178867597,0.15
18.181470711000003,0.16499999999999998
18.182772166,-0.135
18.186664408000002,0.0
18.187558659,0.0
18.189530276000003,0.18
18.190813456,0.18
18.192968103000002,-0.105
18.194712063,0.15
18.197485787,-0.15
18.198802522,-0.015
18.200715009,0.16499999999999998
18.202754445,-0.075
18.205978745,-0.15
18.206790217,-0.15
18.209091969000003,0.15
18.211106728,0.15
18.212707297,-0.16499999999999998
18.216070191,0.135
18.217036312,0.0
18.218699987,-0.105
18.220730536,0.27
18.222641365,0.18
18.226080867,-0.135
18.227320431000003,-0.135
18.229845214,-0.015
18.230745175000003,-0.015
18.232791112,-0.045
18.234775011,0.21
18.236805224,0.09
18.238743985000003,-0.15
18.240696843000002,0.0
18.24418662,0.06
18.246580578,-0.03
18.248345368000003,0.0
18.249713172,0.0
18.25115371,0.15
18.253020157,0.15
18.256402742000002,-0.075
18.257413852000003,-0.075
18.260893043,0.16499999999999998
18.261308158000002,-0.15
18.263307668,-0.15
18.269709535,0.12
18.270098662000002,-0.15
18.270583623,-0.15
18.272494266000002,0.3
18.273240273000003,0.3
18.275068332,0.0
18.277276333,0.0
18.278886550000003,0.16499999999999998
18.280865875,-0.09
18.284187035000002,-0.09
18.285568701000003,0.16499999999999998
18.287519082000003,0.0
18.288831184000003,0.0
18.291073824,-0.135
18.292667496,-0.135
18.295091367,0.135
18.296723079,-0.06
18.298670543,0.18
18.300689008000003,0.06
18.302793784000002,-0.12
18.306198897,0.135
18.307715746,0.16499999999999998
18.309445359,0.16499999999999998
18.310832075,-0.15
18.313678415000002,-0.15
18.315538161000003,0.16499999999999998
18.316923867,0.16499999999999998
18.319558273000002,-0.045
18.321003344,0.12
18.323217746,0.12
18.32598635,-0.075
18.327304432000002,0.18
18.329232176,0.18
18.330777085,-0.045
18.332772512000002,-0.045
18.334955734,0.105
18.337256252,-0.16499999999999998
18.339164969000002,0.105
18.340829628,0.18
18.342816550000002,0.18
18.345452368,0.135
18.348170092,0.255
18.349723238000003,0.15
18.351207785,0.15
18.352887306,-0.135
18.354707128,0.18
18.356828085,0.105
18.359385017,-0.06
18.361329336,0.27
18.363299931,0.27
18.365845648,0.09
18.369075642000002,-0.045
18.370937779000002,0.16499999999999998
18.372685752000002,0.135
18.373659595,0.135
18.376223177,-0.12
18.377156216,0.075
18.378843345,-0.21
18.381359191,-0.105
18.383915055000003,-0.105
18.385239838,0.15
18.386857978000002,0.15
18.388947365,-0.09
18.391439264000002,0.18
18.392691763000002,0.18
18.394853432,-0.09
18.397669204,0.15
18.398650884000002,0.12
18.400735797,-0.135
18.402972181000003,-0.135
18.405925668000002,0.0
18.406740759,-0.09
18.409803695,0.06
18.410957652,0.16499999999999998
18.413485164,0.16499999999999998
18.414708766,0.075
18.418830716000002,-0.03
18.419646237000002,-0.03
18.420981379,0.16499999999999998
18.423178657,0.16499999999999998
18.426966365000002,-0.06
18.428199388,0.135
18.429328006000002,0.135
18.430798801,-0.06
18.433281154,-0.06
18.436616386,0.12
18.43848002,-0.09
18.439147368,0.12
18.441607125,0.03
18.442726028000003,-0.12
18.446945795,0.0
18.447764565,0.12
18.449378056,0.12
18.450790702000003,-0.12
18.45324351,-0.12
18.456016929,0.15
18.457091663,-0.09
18.458656956000002,-0.03
18.461000416,0.135
18.46333724,0.135
18.46625845,-0.15
18.468544549,0.22499999999999998
18.469246921,0.22499999999999998
18.470800599,0.105
18.47326539,0.105
18.475081842,0.135
18.476954668,0.015
18.478685973,-0.12
18.480844573000002,0.15
18.484243686000003,0.0
18.485716687,0.0
18.486850886000003,-0.15
18.489080146000003,-0.15
18.491286562000003,0.075
18.49294209,0.075
18.495244074000002,0.06
18.496795916,0.06
18.498823152,0.045
18.502621956000002,-0.015
18.503371992,0.105
18.507319245,-0.09
18.507370853,-0.105
18.509413364,0.09
18.511478935,0.09
18.512851109,0.105
18.514895225,0.03
18.517113799,0.16499999999999998
18.519097318,0.16499999999999998
18.521055694,-0.03
18.522837825,-0.03
18.526232116000003,0.12
18.528907586000003,-0.18
18.529694283,-0.18
18.532617983,0.0
18.533366645,0.0
18.534732015,-0.06
18.537056785,0.105
18.539038093000002,0.105
18.541230164,0.09
18.543527013000002,0.09
18.545323290000002,0.21
18.546778071000002,0.21
18.550649028000002,0.015
18.55188353,0.015
18.552768525,0.135
18.554770656000002,-0.15
18.557049778,-0.075
18.558806482,0.16499999999999998
18.560821337,0.015
18.564515397,0.0
18.565724541,0.09
18.568279322000002,0.0
18.569487178000003,0.0
18.572115761000003,-0.09
18.57294819,-0.09
18.575398925000002,0.195
18.576816307,-0.03
18.579309212000002,-0.03
18.580718936,0.135
18.582902981,0.135
18.587328695,-0.18
18.588160176000002,0.135
18.588856434,0.135
18.591132948000002,0.03
18.592876527,0.22499999999999998
18.595296781000002,0.12
18.597644613,-0.18
18.600158076,-0.18
18.601263178,-0.045
18.602638796,-0.045
18.605881588000003,-0.03
18.607335917,0.06
18.609324871000002,0.06
18.611016327,0.075
18.613205,0.075
18.61520015,-0.045
18.616825089000002,-0.045
18.619701752,-0.045
18.622242699,0.16499999999999998
18.624244456,0.16499999999999998
18.626247193,0.045
18.628423214,-0.015
18.629526778000002,-0.015
18.631842663,0.105
18.633005619000002,0.105
18.635150014,-0.105
18.636926371,-0.105
18.639281676,0.135
18.641210776,0.075
18.642831137,0.075
18.646027089,0.24
18.647600393,-0.12
18.648849526000003,-0.12
18.650775406,0.105
18.652781102000002,-0.15
18.654992312,-0.045
18.657834515,-0.045
18.659109667000003,0.195
18.661628381,-0.105
18.663722364,0.16499999999999998
18.665061236,0.045
18.666930701000002,-0.15
18.670056064,-0.15
18.670966494,-0.075
18.672932363,0.045
18.674842806,-0.075
18.678739939,0.075
18.680451917000003,0.075
18.681235897,-0.06
18.682802207,-0.03
18.686294328000002,0.16499999999999998
18.688187534,0.09
18.689130767,0.09
18.690713885,-0.15
18.696263061,0.12
18.697524487000003,0.12
18.699205415,-0.15
18.699989941000002,-0.15
18.701172991,0.12
18.704259545000003,-0.075
18.706748524,0.15
18.707833882000003,0.15
18.708845345,0.135
18.712050148,0.135
18.713601056,-0.09
18.715573325,0.09
18.716892159,0.09
18.721044325,-0.03
18.722445404000002,0.18
18.723886584000002,0.18
18.725569397,-0.195
18.727872949,0.16499999999999998
18.729142775,0.16499999999999998
18.730859184,-0.015
18.733173331,0.15
18.735570862,0.15
18.736962294,0.12
18.738932143,-0.135
18.740900586000002,0.15
18.742792141000002,-0.015
18.746219083,-0.16499999999999998
18.749804118,0.22499999999999998
18.749822255,0.18
18.751117121,-0.15
18.753697602000003,-0.15
18.755308406,0.18
18.757402061,0.18
18.760827775000003,0.075
18.761679511,0.12
18.763197383,0.12
18.765728952,0.21
18.768217970000002,-0.12
18.769809252,-0.12
18.771069007,0.15
18.773027943000002,0.15
18.776151809,-0.045
18.778760879,0.21
18.780156905000002,-0.015
18.780964957000002,-0.135
18.785906923000002,0.135
18.786588476000002,0.09
18.788257117,-0.135
18.788780510000002,-0.135
18.792089388,0.045
18.793418724000002,-0.03
18.794747792000003,-0.135
18.796684893000002,0.16499999999999998
18.800077605000002,0.075
18.800797459,-0.15
18.803448217,-0.015
18.80593337,0.15
18.806875822000002,0.15
18.808746671,-0.105
18.811172537,-0.105
18.813363712,0.135
18.814827295,-0.195
18.816716640000003,0.0
18.818814810000003,0.15
18.821972786,-0.09
18.82293165,-0.09
18.825805056,0.15
18.826918548000002,0.15
18.829137024,0.15
18.83074345,-0.075
18.833867174,0.18
18.834690972,0.18
18.836692838,-0.06
18.838580378,0.15
18.840659047000003,0.075
18.842899603000003,-0.15
18.844806259000002,-0.045
18.847756145,0.105
18.850371372,-0.015
18.851424687,-0.015
18.853846909,-0.075
18.855317473,0.105
18.857165576,0.105
18.85893001,-0.105
18.860722983000002,0.16499999999999998
18.863461969000003,-0.075
18.865442999000003,-0.12
18.869679575000003,0.16499999999999998
18.86969989,0.16499999999999998
18.872080165,0.135
18.873016712000002,0.045
18.875513162,0.105
18.877319935000003,-0.075
18.878805971000002,-0.09
18.882243866,0.195
18.887393170000003,0.15
18.887828007,-0.135
18.887857518,0.0
18.889905675,0.0
18.891341201,0.09
18.895139394,0.09
18.896019206000002,0.0
18.896982799,0.0
18.90019667,0.21
18.901957475,0.0
18.904826559,0.18
18.905506921,0.18
18.90809694,0.015
18.909501271,0.015
18.910785425,0.15
18.912846161,0.15
18.914799768,-0.135
18.916856638000002,0.09
18.918756302000002,0.015
18.921139251,-0.105
18.922690001,0.18
18.926317471,0.045
18.927265034,-0.18
18.929501506,-0.18
18.931137492,0.015
18.932704542,0.015
18.934687238000002,-0.09
18.937090562,0.105
18.938754926,0.105
18.941483837,0.075
18.942953654,0.0
18.94497948,0.0
18.946880377000003,0.16499999999999998
18.94963706,0.16499999999999998
18.951120506000002,-0.12
18.953157335,-0.12
18.955142478000003,0.105
18.956704843,0.0
18.958663145000003,0.16499999999999998
18.960613266000003,0.045
18.964511961,-0.12
18.965745895,0.12
18.967667421,0.12
18.968772216,0.105
18.970694629,0.105
18.973449959,-0.03
18.974866052,0.03
18.976986999,0.03
18.978777406000003,-0.09
18.980649588000002,0.105
18.982936026,-0.105
18.98662222,0.06
18.988866438000002,0.195
18.989713561000002,0.195
18.990670296,-0.16499999999999998
18.994754051,0.105
18.996186511,0.16499999999999998
18.997062356,0.16499999999999998
18.998980001,-0.16499999999999998
19.001127823,0.15
19.003186974000002,0.0
19.005515232,-0.075
19.007783277,0.09
19.009451492,0.09
19.010840697000003,0.09
19.012678254,0.09
19.014687909000003,-0.045
19.016659841000003,0.03
19.020669417,-0.16499999999999998
19.021547613000003,0.03
19.022949068000003,0.16499999999999998
19.025079872000003,-0.16499999999999998
19.028370934,-0.09
19.029184594,-0.09
19.030975765,0.18
19.033261136,0.18
19.036309386000003,-0.12
19.03759536,-0.12
19.039410078,0.06
19.040631446000003,0.06
19.044044741,-0.045
19.046584858000003,0.0
19.048426841,-0.18
19.049414052,-0.18
19.051568547000002,0.15
19.053286319,0.15
19.056266407000003,-0.12
19.057780998000002,-0.12
19.05881287,0.15
19.060948200000002,-0.12
19.062786581,0.09
19.067306691000002,0.16499999999999998
19.068025315,-0.06
19.068921455,-0.06
19.07072395,0.15
19.073683825,0.045
19.075306103000003,-0.12
19.077239988000002,-0.12
19.079709709000003,0.135
19.081359488,-0.12
19.082643627,0.0
19.085019219,0.16499999999999998
19.08858087,0.045
19.089157315,0.0
19.09076902,0.0
19.092734128,0.12
19.095332639000002,-0.06
19.096782932,0.075
19.099566648,0.18
19.100819623,0.15
19.103956088,-0.09
19.104812321,-0.09
19.10706725,0.075
19.108652744,0.075
19.110667639000003,-0.075
19.112736574,0.195
19.115448199000003,0.015
19.117356968000003,-0.12
19.118668989,0.06
19.121784604000002,0.21
19.122629568,-0.135
19.126986765,-0.105
19.127533793,0.15
19.129259256,0.15
19.130757869,-0.015
19.133245521000003,-0.015
19.135866502000002,0.15
19.137496718,0.15
19.138864318,-0.15
19.140676069,0.135
19.14523526,0.0
19.145933582,-0.09
19.147543686000002,0.075
19.14953596,0.075
19.150803849000003,0.135
19.153217184000003,0.135
19.154695131,0.18
19.157555285,0.06
19.158904966,-0.15
19.160657257,-0.15
19.1626617,0.12
19.165526720000003,-0.16499999999999998
19.166948053000002,-0.06
19.169166292,-0.06
19.170687936,0.15
19.17430435,-0.09
19.175112698,-0.09
19.17711594,0.075
19.182149116,-0.09
19.182667255000002,0.09
19.184335209,0.09
19.185389766,0.16499999999999998
19.189217262,-0.12
19.189724595,-0.12
19.19088745,0.12
19.192905906,0.12
19.194793241000003,-0.015
19.197091425,0.195
19.198830999000002,0.12
19.200713932000003,-0.12
19.202642107000003,-0.015
19.205821947,0.075
19.209733200000002,-0.06
19.21046699,-0.06
19.21220818,0.045
19.213414703,0.09
19.215110945000003,0.09
19.216949738,-0.12
19.218855919000003,0.15
19.220822087000002,0.0
19.222692122,-0.12
19.226432447,0.16499999999999998
19.226889858,0.16499999999999998
19.229156626,0.105
19.230779505,0.105
19.232775559,0.045
19.234812308000002,0.045
19.236696282,0.0
19.239999012000002,0.15
19.241177637,0.09
19.2427451,-0.135
19.249506594,0.015
19.249536054,0.195
19.250269218,0.195
19.252281406,-0.06
19.253192946000002,-0.06
19.254687280000002,0.15
19.256777117000002,-0.21
19.258792794,0.0
19.260876803000002,0.105
19.262885787000002,-0.06
19.265861669,-0.105
19.266814463000003,0.135
19.268709889,0.135
19.270691724000002,0.075
19.274430628,-0.015
19.27751732,0.22499999999999998
19.277842302,-0.03
19.278855032000003,-0.045
19.281088635,0.15
19.282850543000002,0.15
19.285057786000003,-0.12
19.287151828000002,0.0
19.289571485,0.195
19.290812538,0.195
19.294284888,-0.09
19.295197716,-0.09
19.296742184000003,0.135
19.298770569000002,-0.09
19.300824113,0.015
19.303589405,0.24
19.305995121000002,0.24
19.308203809000002,0.0
19.309929831,0.0
19.310838074000003,0.18
19.312829909,-0.105
19.316149248000002,-0.03
19.316808244,0.18
19.318734971,0.0
19.320667475,-0.135
19.325773400000003,0.135
19.325786883000003,0.135
19.327872472000003,-0.135
19.32880557,-0.135
19.330734108,0.0
19.333473108,-0.105
19.334709131,-0.105
19.336892971,-0.135
19.338783939000002,0.015
19.340645758,-0.22499999999999998
19.342682705,-0.03
19.345820425,0.105
19.347288524,-0.09
19.348930269,-0.09
19.352328687,-0.075
19.354444709000003,0.075
19.355014084,-0.09
19.356794695,0.22499999999999998
19.358844744000002,0.195
19.360551686,0.015
19.362535748000003,-0.105
19.366156758000002,0.15
19.367018498,0.16499999999999998
19.369204073000002,0.16499999999999998
19.370954140000002,-0.16499999999999998
19.373065434,-0.16499999999999998
19.374611681,0.21
19.377075425,-0.105
19.380483715,0.15
19.381487598,0.16499999999999998
19.384201487000002,-0.105
19.386559725,-0.045
19.388320725,0.255
19.389362883,0.255
19.390985435,-0.015
19.393040392,-0.015
19.396576809000003,0.12
19.397246497,-0.18
19.39961192,0.195
19.400730605,0.195
19.402723445,0.255
19.406209454000003,-0.09
19.407235887000002,0.09
19.410321019,0.09
19.411304604,0.16499999999999998
19.413055165000003,0.16499999999999998
19.414717042,0.015
19.417704272,0.06
19.418672933,-0.06
19.420603535,0.135
19.422574394,0.075
19.425466905,-0.075
19.426731435,-0.045
19.428618862,-0.045
19.430647876000002,0.22499999999999998
19.434091429000002,-0.075
19.434850803,0.09
19.436655278,0.195
19.439035707000002,-0.135
19.442407796,-0.045
19.443129839,0.18
19.445658294,0.09
19.447169390000003,-0.105
19.449818633,-0.105
19.450734328000003,0.15
19.453285103000002,0.15
19.456198423,-0.075
19.458817426,0.195
19.459452919,0.09
19.462854030000003,-0.135
19.46386336,0.045
19.466227439,0.18
19.467721184000002,-0.09
19.468974724000002,-0.075
19.470695199,-0.075
19.472953517,0.135
19.475155240000003,-0.135
19.476732014,0.03
19.478863772,0.03
19.4807683,0.18
19.482581797,0.18
19.485686960000002,-0.12
19.48728497,0.075
19.489199741,0.075
19.490928309,-0.15
19.492934820000002,-0.15
19.494981963,0.12
19.496764918,-0.15
19.498661259000002,0.105
19.500639401,-0.06
19.5026248,-0.03
19.505221378,0.105
19.507007225000002,0.075
19.509438799,0.075
19.51106004,-0.15
19.512886283,-0.15
19.514739027,0.135
19.516764849,-0.18
19.518825523,0.09
19.520712862,0.0
19.522692059,-0.105
19.525425279,-0.075
19.527034670000003,0.105
19.528771599000002,0.105
19.530703939000002,0.015
19.532703209,0.015
19.53479782,0.135
19.536776474,-0.15
19.538818794,-0.12
19.541312223000002,0.15
19.543477168000003,0.03
19.544914347000002,-0.135
19.547600648,0.105
19.549282741000003,0.105
19.552459615,0.12
19.554216602,0.12
19.555273198000002,-0.015
19.556825228,0.0
19.558762348000002,-0.18
19.561197005,0.16499999999999998
19.563151826000002,0.06
19.565394841,0.06
19.567618248000002,-0.16499999999999998
19.569369307000002,-0.16499999999999998
19.571545135,0.195
19.572964984000002,-0.21
19.575001655,-0.21
19.578278076,0.075
19.578975318,-0.135
19.581126202,-0.06
19.582696245,0.18
19.58609332,0.03
19.587270133,-0.135
19.589065803,-0.135
19.592129297,0.105
19.593107912,-0.195
19.594951233,-0.045
19.597015232,0.18
19.599368188,0.03
19.600735319,0.03
19.602730093,-0.135
19.60649115,0.15
19.607214846,-0.075
19.609450769000002,-0.075
19.611984134,-0.03
19.613074454,-0.03
19.615114464,0.045
19.617378928,0.09
19.619496214,0.21
19.620829557,-0.045
19.62341955,-0.105
19.627314334,0.21
19.627690387,0.21
19.628762220000002,0.03
19.631039048,0.03
19.632622872000002,0.09
19.634862537,-0.135
19.636659761,-0.075
19.639092997000002,0.12
19.640656284000002,0.09
19.643905613,-0.105
19.644950613000002,0.045
19.646698795000002,0.045
19.649772128000002,0.03
19.650555867,0.03
19.653167136,0.0
19.654981424000002,0.12
19.656884768,0.12
19.658593805000002,-0.135
19.661778321,0.12
19.664048613000002,-0.075
19.667419181,-0.09
19.667435683,0.135
19.668758994,0.015
19.671160492000002,0.015
19.672826906,-0.135
19.675078783,0.135
19.676569497000003,0.135
19.679494072,-0.075
19.68191725,0.135
19.682903383000003,0.045
19.685210918000003,-0.135
19.686820568,0.06
19.68952212,0.06
19.691026051,0.18
19.693626185000003,0.18
19.696820015,-0.075
19.697894461,0.12
19.699539783000002,-0.12
19.702803546000002,-0.12
19.704260264000002,0.16499999999999998
19.706038492,-0.06
19.706756738000003,-0.06
19.710669033000002,-0.075
19.711861504,-0.075
19.713149365,0.075
19.715285324,0.075
19.716670013,0.135
19.720456951000003,-0.075
19.721632418000002,-0.105
19.722499114,0.135
19.725219189,0.0
19.726763246,-0.105
19.728697496000002,-0.105
19.730633566,0.045
19.734336763,-0.03
19.736174838,-0.075
19.737129533,0.135
19.738796486000002,0.16499999999999998
19.740599914,-0.075
19.742638686000003,0.03
19.746053764000003,0.21
19.747692060000002,-0.03
19.748875874000003,-0.03
19.750738608000002,-0.09
19.753137262000003,-0.09
19.75497105,0.06
19.756710216000002,0.06
19.758582221,0.0
19.760619361,-0.09
19.763575035000002,-0.135
19.766347555000003,0.105
19.76717799,0.015
19.768828201,0.015
19.771029887,-0.12
19.773180726,0.15
19.774986446,0.15
19.777478964,0.03
19.779617705,0.15
19.780576772,0.135
19.782537781000002,-0.09
19.785324109,0.0
19.787204067,0.16499999999999998
19.788825954,0.16499999999999998
19.792286759,-0.075
19.793464211,0.18
19.796083932000002,0.15
19.796930474,-0.12
19.801038601000002,-0.015
19.801792326,0.18
19.802641709,0.0
19.805568146000002,-0.15
19.807257377000003,0.15
19.808969734,0.15
19.810947464,0.045
19.812802771,0.0
19.816161999000002,0.18
19.816867436000003,0.0
19.820005969,0.0
19.821000238,0.0
19.822780641,0.16499999999999998
19.825894052000002,-0.06
19.827318028,0.15
19.828736489,0.15
19.832626487000002,0.22499999999999998
19.833304631,0.22499999999999998
19.834662443000003,-0.09
19.836580975,0.16499999999999998
19.838920089000002,-0.15
19.841293537000002,-0.15
19.842666514,0.0
19.845482973000003,0.045
19.847099471,-0.06
19.849108701000002,-0.06
19.850794159000003,0.105
19.853899979,-0.075
19.855720616000003,0.0
19.857154885,0.0
19.860106953000003,0.135
19.861132158,-0.03
19.864295784000003,0.12
19.865357843,0.15
19.867801335000003,-0.135
19.868722061,-0.135
19.870941306000002,-0.03
19.872794393,0.045
19.874731280000002,-0.105
19.877995032,0.15
19.878971103,0.15
19.881079429,-0.135
19.882821472,-0.12
19.88707506,0.18
19.888223494000002,0.03
19.889115012,0.03
19.890686821000003,-0.135
19.892849465,0.15
19.894689995,-0.09
19.896665374,-0.06
19.899395373,0.21
19.902022154,0.03
19.902935324,-0.15
19.905778255,0.075
19.907642433,0.075
19.909155158,0.09
19.910918218000003,0.09
19.913020457000002,0.18
19.915133682,0.18
19.916717827000003,0.03
19.919421516,0.06
19.920731001,0.06
19.922707217000003,0.135
19.925340377,-0.045
19.926863591,0.21
19.928895394,0.21
19.930955099000002,0.0
19.933256455000002,0.06
19.934893304000003,0.06
19.938087067,0.18
19.940432952000002,-0.045
19.941216261,0.18
19.942827371,0.105
19.94618089,-0.135
19.948387906,0.045
19.949930381,0.045
19.952233828,0.21
19.953406289,-0.075
19.955262924000003,-0.075
19.958372455000003,0.22499999999999998
19.96088882,-0.135
19.961843374,0.075
19.964727911,0.18
19.965395064000003,-0.12
19.967217310000002,-0.135
19.970563825000003,0.18
19.971906670000003,0.18
19.972886729000003,0.015
19.97497921,0.21
19.977907005000002,0.105
19.978849091,-0.21
19.980869466,-0.105
19.983296042000003,0.135
19.985943940000002,0.135
19.987466873000002,-0.03
19.990024735000002,-0.03
19.990936934,0.105
19.993059565000003,0.03
19.995055746000002,0.22499999999999998
19.997569910000003,0.255
19.998819273000002,0.075
20.001318479000002,-0.135
20.00279906,0.0
20.008025211,0.195
20.00805572,-0.105
20.008986941,-0.12
20.010916660000003,-0.12
20.012784026000002,0.12
20.015524501,-0.135
20.016809851,0.03
20.018839778,0.18
20.020796944,0.0
20.023602063000002,0.075
20.026404804000002,0.16499999999999998
20.027793938000002,0.105
20.030205364,-0.135
20.031423323000002,-0.135
20.033473659000002,0.03
20.036874716,-0.03
20.037475082,-0.03
20.039021105,-0.105
20.040761601,0.045
20.042867903,-0.16499999999999998
20.045840913000003,0.0
20.046979915,0.0
20.049104683,0.18
20.050758471,0.18
20.053007336,-0.105
20.054854196,-0.105
20.056810984000002,0.06
20.05972693,0.0
20.061936175,0.195
20.063183264000003,0.195
20.065376583000003,-0.135
20.067728521000003,0.135
20.069852398000002,0.135
20.071074405,0.0
20.072755749000002,0.0
20.07540939,0.195
20.077449942,0.195
20.080425002000002,-0.09
20.081570462000002,0.16499999999999998
20.084443917,0.16499999999999998
20.085525828,0.12
20.087159493,0.12
20.089172859,0.21
20.090801511000002,0.21
20.094187758,-0.075
20.096133886,0.15
20.096776182000003,0.15
20.098772261,0.06
20.101118077000002,0.0
20.104529968,0.15
20.105242402000002,-0.06
20.107346801000002,-0.06
20.10887417,-0.075
20.11152122,-0.075
20.113460863,0.16499999999999998
20.114856186,0.0
20.116765213,0.135
20.119326449000003,0.0
20.121441808,-0.09
20.123696596000002,-0.09
20.124854069,0.135
20.127700996,-0.105
20.129368074000002,-0.015
20.131557435,-0.015
20.132818148000002,0.15
20.134747703000002,-0.105
20.136734153000003,0.15
20.142926259000003,0.16499999999999998
20.14297956,-0.12
20.144389015,0.0
20.145976364000003,0.21
20.147700392,0.21
20.149665486,-0.015
20.151052087,-0.015
20.15309136,0.135
20.155624757000002,0.135
20.157109671,-0.15
20.158905147000002,0.21
20.162111366,0.015
20.162899151,0.0
20.165639866000003,0.15
20.167795608000002,0.09
20.169525568,0.09
20.17116434,-0.15
20.173047163,-0.15
20.175554241,0.15
20.176771859000002,0.15
20.178764381,-0.105
20.181774833000002,0.09
20.186765047,-0.12
20.186826879,-0.015
20.188085017000002,0.21
20.189543619000002,0.21
20.191212962,0.0
20.193469683,0.0
20.197055359,0.12
20.197759818,0.12
20.198977842,-0.135
20.201053848,0.21
20.203155649000003,0.21
20.209628382000002,0.0
20.209650546000002,0.12
20.210561132000002,0.12
20.211267083000003,0.21
20.212837919000002,0.21
20.21502409,-0.015
20.217794408,0.0
20.218835709,-0.15
20.220800597,0.12
20.223598818000003,0.195
20.225256183000003,-0.09
20.22711765,-0.015
20.229051316,-0.015
20.231161489,0.18
20.234074831,0.18
20.23495913,-0.15
20.238615402,0.0
20.239512404000003,-0.06
20.24106042,0.045
20.242668548,0.18
20.248414199000003,0.075
20.248825754000002,-0.105
20.249571388,-0.105
20.252103125,0.135
20.253396281,-0.045
20.255527783,0.105
20.256778435,0.105
20.25876488,0.16499999999999998
20.261607758,-0.15
20.262746921,0.075
20.266642157,0.03
20.267658639,0.03
20.269739865000002,-0.105
20.2712793,-0.105
20.273222106000002,0.15
20.275188309,-0.16499999999999998
20.277192565,0.27
20.278771865,0.27
20.281188446,0.15
20.283621497000002,-0.12
20.287889902,0.16499999999999998
20.287919993000003,0.16499999999999998
20.289406054,-0.03
20.290825874000003,-0.03
20.292763942,0.105
20.295090696000003,-0.09
20.296944078000003,-0.06
20.299382369,0.195
20.300808976000003,0.03
20.302868985,-0.135
20.305638596,0.06
20.308344113,0.16499999999999998
20.309960329000003,0.16499999999999998
20.311235122000003,-0.12
20.313192100000002,-0.12
20.315059227000003,0.16499999999999998
20.317167993,-0.105
20.318932636,0.06
20.320845022,0.21
20.324246529,-0.09
20.325542094000003,-0.09
20.327387706,0.195
20.329332274000002,0.195
20.332648523,0.03
20.333400248,0.09
20.334892984,0.09
20.336801064000003,-0.105
20.338862008,-0.075
20.34069233,0.135
20.342706051,0.03
20.346586921,-0.16499999999999998
20.348320275000003,0.015
20.349386941000002,0.015
20.350806145,0.15
20.353295705,-0.075
20.354790477,0.16499999999999998
20.35678499,0.06
20.359263601000002,-0.09
20.361133997,-0.09
20.363126805,0.075
20.366493721,0.075
20.367600783,-0.09
20.368780544,-0.09
20.370761108,0.18
20.372763115,-0.09
20.374801938,0.135
20.376779358,0.21
20.379086140000002,-0.03
20.381540010000002,-0.12
20.382834287,0.18
20.385847664,0.075
20.387245215,-0.135
20.388894147000002,-0.135
20.39106185,0.105
20.393350327,-0.045
20.395383985000002,-0.075
20.396865547,0.15
20.399197296,0.135
20.40092672,-0.105
20.403317504,0.045
20.405428907,0.045
20.407796009000002,0.18
20.410522556,0.18
20.411605244,-0.03
20.413783613,-0.03
20.415168928,0.105
20.416963225,0.135
20.419225954,0.18
20.421603752000003,0.18
20.423687795000003,-0.015
20.425298268000002,0.105
20.427225877,0.135
20.429388386000003,0.135
20.431190372,-0.12
20.432976267,0.16499999999999998
20.434771375,-0.045
20.436691193,-0.105
20.438717496000002,0.105
20.442125734,0.135
20.445989176,-0.16499999999999998
20.446004614,0.0
20.447628019,0.18
20.449614714000003,0.18
20.451232710000003,-0.03
20.452942914,-0.03
20.45547875,0.15
20.457204761,0.15
20.459184195000002,-0.075
20.46137398,-0.075
20.463360076,0.21
20.46719444,-0.105
20.468540627000003,0.12
20.470685048,0.12
20.471505962000002,0.15
20.473957186,0.15
20.474999805000003,0.03
20.477441209000002,-0.03
20.478810799,-0.03
20.482146235000002,-0.135
20.483835877,0.12
20.486015994000002,-0.12
20.487518458,-0.03
20.489295017,-0.03
20.490936301,0.105
20.493970829000002,0.105
20.495096934000003,-0.135
20.497073022000002,0.105
20.498727133000003,0.105
20.501101845,-0.105
20.503096178,0.12
20.50990689,-0.045
20.509939061,-0.135
20.510774143000003,0.135
20.511263787,0.135
20.513759861,0.075
20.514987701000003,-0.015
20.517722770000002,0.21
20.519449135000002,-0.03
20.52087901,-0.03
20.523547306,-0.135
20.528340393,0.15
20.528833059,-0.15
20.529813488000002,-0.15
20.530901556,0.06
20.533069973,0.015
20.536997573,-0.03
20.537592818,-0.03
20.538782969,0.135
20.541447279,0.135
20.544762133000003,-0.15
20.545651605,0.22499999999999998
20.547109964,0.0
20.549188034,0.0
20.552848355000002,-0.15
20.553850335,-0.15
20.555299703000003,0.16499999999999998
20.557806279,0.16499999999999998
20.560416771,-0.015
20.562713714,0.015
20.563673057000003,0.015
20.566316181,-0.135
20.567536841000003,-0.135
20.570900088000002,0.135
20.571648548000002,0.135
20.573861414,-0.03
20.574920336,0.12
20.577000953000002,-0.09
20.579204387,0.03
20.581525302000003,0.135
20.583226244000002,-0.06
20.586294428000002,-0.09
20.587735587,0.21
20.588935590000002,0.21
20.590892724,0.045
20.593278135000002,0.105
20.595254070000003,0.16499999999999998
20.596860575,-0.12
20.601013559000002,0.0
20.601926541,0.21
20.604005307,0.21
20.6053724,0.03
20.60935805,0.105
20.610035670000002,0.105
20.610974386000002,0.105
20.613217907000003,0.105
20.616251732000002,-0.015
20.617183225,0.06
20.618831772,-0.12
20.620770743,0.22499999999999998
20.626106124,0.15
20.626171226,0.15
20.627072745,-0.15
20.628851599,-0.15
20.631149055,0.195
20.633375494000003,0.195
20.634888147,-0.09
20.637532882000002,0.15
20.638770999000002,-0.045
20.641341472,-0.03
20.643427797,0.16499999999999998
20.646124718000003,0.06
20.647073416,-0.18
20.649362623000002,-0.18
20.651332937000003,0.06
20.654871127,-0.12
20.655529541,0.12
20.656796444,0.16499999999999998
20.658870848000003,0.105
20.661234593,-0.075
20.664197819,0.06
20.665623869,0.255
20.667293487000002,0.255
20.669417719000002,-0.105
20.670843482000002,-0.105
20.673591101,0.18
20.674812567,-0.15
20.677900488000002,0.105
20.679129841,0.16499999999999998
20.681143163,-0.045
20.684714163000002,-0.075
20.686301028000003,0.195
20.687358083000003,0.195
20.689101682,0.075
20.691525201,0.075
20.694735484000002,0.0
20.695840665000002,0.0
20.699894623000002,-0.015
20.702242455,-0.015
20.702264817,0.18
20.706231072,0.18
20.706254224000002,-0.135
20.708059549,-0.135
20.710401577000003,0.16499999999999998
20.712337259,0.16499999999999998
20.713902337,-0.09
20.715545191,-0.09
20.718044689000003,0.15
20.719999435000002,0.0
20.720852325000003,0.0
20.723385333,0.195
20.725220848000003,-0.12
20.727904315,0.16499999999999998
20.729007032000002,0.16499999999999998
20.73134526,0.075
20.73271425,0.075
20.735396863000002,0.015
20.736993799,0.0
20.738860674,-0.12
20.741029739000002,0.12
20.742861977,0.12
20.746613213,0.105
20.747277228,0.0
20.756180222,0.18
20.756192868000003,0.0
20.756880482,-0.09
20.757796756,0.135
20.757840241,0.135
20.759366306,0.09
20.761267531,0.09
20.765991118000002,0.03
20.766796035000002,-0.015
20.768008083,-0.12
20.76912661,-0.12
20.770847591000003,0.21
20.774208856,-2.2199999999999998
20.775780606,-2.2199999999999998
20.776886761,0.0
20.779466973,1.095
20.781041428,0.51
20.782886226000002,0.16499999999999998
20.786309022,-0.27
20.787371272,-0.27
20.790207312,-0.57
20.791353957000002,-0.57
20.793288682,0.045
20.794948155,0.03
20.797275636000002,-0.06
20.799381397,-0.06
20.802218919,-0.12
20.803134156000002,-0.195
20.808158812000002,-0.06
20.808182287,-0.24
20.809792689000002,-0.24
20.812455538000002,-0.32999999999999996
20.813202617,-0.32999999999999996
20.816938794000002,-0.15
20.817799306,-0.16499999999999998
20.819099521000002,-0.22499999999999998
20.821719165,-0.3
20.823624989000002,-0.195
20.828287124000003,-0.24
20.828301357,-0.24
20.829263134,-0.315
20.831123384,-0.315
20.832899256,-0.285
20.835135067000003,-0.255
20.837123292,-0.135
20.839108395,-0.255
20.840963763,-0.15
20.844457186,-0.195
20.845801145000003,-0.21
20.848193866000003,-0.22499999999999998
20.84945171,-0.22499999999999998
20.851369987,-0.21
20.852891221,-0.21
20.856469014,-0.27
20.857965416000003,-0.36
20.859141378,-0.27
20.860876893,-0.18
20.862965168000002,-0.195
20.865709617,-0.21
20.867512769,-0.24
20.869392342,-0.24
20.870917716,-0.12
20.873580398,-0.12
20.874871594000002,-0.15
20.878032113,-0.48
20.879230640000003,-0.46499999999999997
20.880900164,-0.24
20.8828053,-0.195
20.886160744,-0.24
20.886874562000003,-0.18
20.889125867,-0.18
20.892473317,-0.15
20.893695461,-0.15
20.895551427,-0.27
20.89695001,-0.27
20.899714575,-0.27
20.901556679000002,-0.27
20.902771412,-0.195
20.906008943,-0.135
20.907813013000002,-0.135
20.908970917,0.015
20.911261306,0.015
20.913061614,-0.105
20.916790329,-0.03
20.917292718000002,0.015
20.919654344,0.06
20.920779046,-0.09
20.924262674,0.045
20.92540383,-0.12
20.927414617,-0.075
20.928960804000003,-0.075
20.931361551000002,0.015
20.934152821,-0.075
20.935315044000003,-0.075
20.937105672,0.03
20.939096913,0.03
20.940864308000002,0.075
20.942854674000003,0.03
20.946312633,-0.06
20.947592631000003,0.045
20.949340717000002,0.045
20.950833355,-0.045
20.954117031000003,0.075
20.955027131,0.075
20.957191449,0.06
20.95892325,0.06
20.961531118,-0.105
20.962748162,-0.06
20.966033604,0.06
20.96748303,0.045
20.96905134,0.045
20.970882191,-0.015
20.973055011,-0.015
20.976226242000003,-0.03
20.977134545000002,-0.075
20.979077395,-0.105
20.981062659000003,0.06
20.984310525,0.045
20.98607518,0.075
20.987111657,0.075
20.988851993,-0.045
20.991728043000002,-0.045
20.992742849000003,0.045
20.995027058,0.075
20.996816343000003,0.015
20.999408869,0.045
21.000941441000002,0.045
21.002666662000003,-0.06
21.005561227,-0.075
21.007368208000003,0.015
21.008831472,0.015
21.01083102,0.015
21.012756487,-0.03
21.015139654000002,0.0
21.016751711,-0.09
21.021153531000003,0.015
21.02173107,0.015
21.024619932,-0.03
21.025373988000002,-0.105
21.027057609,0.045
21.029454762,0.045
21.030865236,0.0
21.032848426,0.0
21.035082555000002,0.045
21.036697028000003,0.105
21.038647701000002,0.0
21.040698676,-0.045
21.042728689,0.12
21.045288729000003,-0.09
21.047450889,0.075
21.048855387,0.075
21.050749151,0.015
21.053040636000002,0.015
21.055136278000003,-0.09
21.056706348000002,-0.09
21.060825304,0.0
21.061642399,0.045
21.063291042000003,-0.03
21.066368266,0.06
21.067278315000003,0.06
21.071905583000003,-0.135
21.071920026,-0.135
21.189109555,0.045
21.189141141,0.0
21.189168599000002,0.03
21.189195554,-0.09
21.191895226,0.06
21.191934205000003,0.015
21.19196055,-0.105
21.191985703,-0.075
21.192010919,0.06
21.192073215,-0.015
21.193965395000003,0.045
21.193998807,0.06
21.194042578,0.06
21.194074962000002,0.03
21.197122191000002,0.075
21.197157645,0.0
21.197182354000002,0.045
21.197206527000002,-0.12
21.197230949,-0.09
21.197255495,0.015
21.197279344000002,0.0
21.200037197,0.03
21.200068568000003,-0.09
21.200092645,-0.105
21.200115631000003,0.015
21.200138602000003,0.045
21.200161485000002,-0.015
21.206832404,0.09
21.206868742,0.0
21.206896096,0.015
21.206927837000002,-0.06
21.206953494,-0.015
21.206978269,-0.075
21.209948382,0.03
21.209982854,0.06
21.21000871,-0.015
21.210031962000002,-0.015
21.210054741,-0.015
21.210086809,0.0
21.210107858,0.0
21.212946602000002,0.0
21.212985519,-0.09
21.213012883,-0.09
21.213039413,0.09
21.21306526,0.09
21.21309029,0.09
21.213836897,0.09
21.213869073,0.06
21.216094909000002,0.06
21.216125222000002,-0.075
21.216149078,-0.075
21.216179592,-0.075
21.216198142,0.06
21.21924263,0.06
21.21927377,0.06
21.219297112,-0.015
21.219327776,-0.015
21.219353389000002,-0.015
21.219377467,0.09
21.220658489,0.09
21.220689626000002,0.09
21.220713437,0.0
21.222317586000003,0.0
21.222353782000003,0.0
21.222383215,0.075
21.223901709,0.075
21.223954149,0.075
21.223979523,0.06
21.224004276000002,0.06
21.224862078,0.06
21.224895199000002,-0.15
21.225571885,-0.15
21.225586247000003,-0.15
21.226571824,-0.15
21.226589931000003,0.075
21.228469293,0.075
21.228483122,0.075
21.228689770000003,0.075
21.23072041,0.045
21.232272207,0.045
21.233384816,0.045
21.234900369,0.045
21.238525900000003,-0.105
21.239949607,0.0
21.240912145000003,-0.045
21.242801571,-0.09
21.246978787,-0.06
21.247812268,0.0
21.248918613,0.0
21.250783481000003,0.03
21.253971264,0.075
21.254782379,0.075
21.374807465,-0.075
21.374848814,0.0
21.374874567000003,0.06
21.374902603000002,0.03
21.377535695000002,-0.075
21.377565907,-0.075
21.377590197,-0.015
21.377615010000003,-0.105
21.377639669,-0.12
21.377673265000002,-0.09
21.378655772000002,0.015
21.378685567,0.045
21.381420034,0.0
21.381449447,0.06
21.381475899,0.12
21.381501503000003,0.0
21.381527058,-0.105
21.381557346,-0.105
21.384449086,0.12
21.384512857,0.09
21.384539765000003,-0.075
21.384568046000002,0.06
21.384594535,-0.105
21.384622976000003,0.0
21.390992623000002,0.03
21.391121016,0.015
21.391156743,0.105
21.391173412,0.0
21.391188652,0.09
21.391203616000002,-0.105
21.391217368000003,0.0
21.396334518,0.045
21.396355601,-0.03
21.397810142,0.045
21.39783225,0.06
21.397849772,-0.12
21.398459722000002,-0.12
21.401068690000002,-0.12
21.401084169,-0.12
21.401097829,0.06
21.401119511,0.06
21.401139474,0.06
21.401155303000003,0.06
21.403955046,-0.03
21.404005025,-0.03
21.404046339,-0.03
21.404082245,0.0
21.404112262,0.0
21.404137227,0.0
21.40416486,0.0
21.405636412,-0.06
21.405667316000002,-0.06
21.405699467,-0.06
21.465318632000002,0.045
21.465361425,0.045
21.465389530000003,0.045
21.465417369,0.03
21.465442482,0.03
21.465471471,0.03
21.465491136,0.03
21.468520815,0.03
21.468547703000002,0.03
21.468571845,-0.09
21.468599497,-0.09
21.468627072,-0.09
21.468653995,0.12
21.468675194000003,0.12
21.47086708,-0.075
21.470897092,-0.075
21.470928633,-0.075
21.470956436,-0.075
21.470982643000003,-0.03
21.471008066000003,-0.03
21.471034799,-0.03
21.474064050000003,-0.03
21.474085022,0.06
21.474098997000002,0.06
21.474114187,0.06
21.474125964000002,0.06
21.474140673,0.045
21.492791449000002,0.03
21.492809599,0.09
21.492822433,0.06
21.492833074,0.03
21.495730465,0.045
21.495746661000002,0.015
21.495759930000002,0.075
21.495771874000003,-0.03
21.495783525,0.0
21.495795779,0.045
21.495806318,0.015
21.498552849000003,0.015
21.4985728,-0.105
21.498593160000002,0.09
21.498604893000003,-0.12
21.498615011000002,-0.045
21.498630859000002,0.06
21.502334692,0.06
21.50235474,0.06
21.502379678,0.06
21.502397848,0.03
21.50242394,0.03
21.502446034000002,0.03
21.502489219,0.0
21.505292527,0.0
21.505311388000003,0.0
21.505327714,0.075
21.505339749,0.075
21.505352117,0.075
21.505370979000002,0.075
21.508464802000002,0.105
21.508479642,0.105
21.508489939,0.105
21.508499961000002,0.105
21.508508198,0.015
21.508516637,-0.12
21.508525147,-0.12
21.508533684,-0.12
21.511412157000002,0.045
21.511428778000003,0.0
21.511442314,0.03
21.511453926,0.03
21.51146542,0.06
21.511477142,0.06
21.537153332000003,-0.03
21.537171177,0.015
21.537204226,0.045
21.537219694,-0.015
21.53723258,-0.045
21.537245181000003,0.015
21.54201772,0.03
21.542055474,-0.075
21.542079148000003,0.03
21.542096243,0.06
21.542120488000002,-0.045
21.542152094000002,0.09
21.542166675,0.03
21.543005068000003,0.045
21.543021531,0.045
21.544162031000003,0.0
21.544176693,-0.03
21.544955526000003,0.03
21.545004797,0.075
21.545647454,0.075
21.54707187,0.015
21.548190504,0.015
21.55160347,0.03
21.552409095,0.03
21.553269863,-0.12
21.554848505000002,-0.12
21.558235516,0.045
21.559140420000002,-0.03
21.561448779000003,0.06
21.563389246,0.0
21.564793128,0.06
21.65368545,0.045
21.653714042,0.045
21.653740423000002,-0.045
21.653768082000003,-0.045
21.653796800000002,-0.09
21.653827883,-0.015
21.656472088,0.0
21.656501911000003,-0.015
21.656518534,-0.015
21.656534294,0.03
21.656548497000003,0.09
21.656562979,-0.105
21.656575030000003,-0.03
21.658098167000002,0.045
21.658135405000003,0.09
21.658156066,0.015
21.659768632000002,0.045
21.659804712,0.0
21.659835621000003,0.0
21.662598256000003,-0.015
21.662672306,-0.09
21.662706625000002,-0.075
21.662741351,-0.105
21.662788202,0.045
21.662820225,0.015
21.666362334000002,0.03
21.666398190000002,-0.045
21.666431089,-0.075
21.666460888,-0.06
21.666487751000002,-0.075
21.666510705,-0.12
21.671118419000003,0.0
21.671155591,0.15
21.671189545,0.105
21.671223847,-0.03
21.671254324000003,-0.12
21.671283221000003,-0.12
21.674283941000002,-0.12
21.674323438000002,-0.09
21.674358153,-0.09
21.674389673,-0.09
21.674421118,0.045
21.674444716,0.045
21.674467573,0.045
21.674489836000003,0.045
21.677027277,-0.12
21.677076634000002,-0.12
21.677110802,0.06
21.67714253,0.06
21.67717347,0.06
21.678620841,0.0
21.678666148,0.0
21.678700781,0.0
21.678726790000002,0.0
21.717907328000003,-0.06
21.717947185,0.0
21.717978054,0.0
21.718003719000002,0.0
21.718028406000002,0.105
21.718061733000003,0.075
21.719367428,-0.075
21.719399649,0.105
21.719424785,-0.045
21.721686391000002,-0.03
21.721739145,0.0
21.721787134000003,-0.075
21.721839299000003,-0.06
21.721875698,0.09
21.722724153,-0.075
21.72276369,0.09
21.72490295,-0.09
21.724946118000002,-0.105
21.724961175,-0.075
21.724975105000002,-0.075
21.724986458,0.09
21.727923753000002,0.0
21.727934248,0.09
21.727943288000002,0.0
21.728658134,0.0
21.729491151,-0.03
21.729543109,-0.03
21.730415376,0.03
21.731661781,0.03
21.735672511,0.045
21.738329029000003,0.045
21.738389153,-0.12
21.766655751000002,0.09
21.76667578,0.09
21.769850592,0.09
21.769870318000002,0.09
21.769884442000002,0.015
21.769897862,-0.015
21.769923841,-0.075
21.769939328000003,-0.09
21.769951664,0.06
21.771156743000002,-0.045
21.774037124000003,-0.06
21.774052182000002,0.045
21.774063221000002,0.0
21.774074387000002,-0.09
21.774084039,-0.105
21.774093688,-0.075
21.774814550000002,0.06
21.774830262000002,-0.03
21.817813155,0.075
21.817829975000002,0.09
21.817841734,-0.12
21.817855012000003,0.0
21.820105441000003,0.045
21.820122281,-0.075
21.820136847,0.0
21.820148833,-0.015
21.820160563,-0.075
21.821460297,0.045
21.82147591,0.075
21.821485125000002,-0.015
21.823649033000002,-0.075
21.823675988,0.045
21.823701915,0.015
21.823728221,-0.045
21.823757289000003,0.09
21.826938102,0.09
21.82695839,-0.09
21.826972939,0.09
21.826991135,0.06
21.827004776000003,0.03
21.827018773000002,-0.015
21.830138299,0.105
21.830155633,0.105
21.83016997,0.135
21.830178761000003,0.135
21.83395672,0.075
21.833975152,0.075
21.835927593,0.09
21.836965900000003,0.09
21.839363999,-0.09
21.840047043000002,-0.09
21.841372141,0.075
21.865049418,0.075
21.865075184000002,0.015
21.865090462,0.015
21.865104568000003,0.045
21.865118211000002,0.0
21.865132114,0.0
21.866532269,-0.075
21.866554670000003,-0.06
21.86749933,-0.135
21.867514982000003,0.0
21.868193464,0.0
21.869001697,-0.075
21.869019892,-0.045
21.870614619,0.045
21.893025711,0.045
21.893041078000003,0.06
21.89305173,0.06
21.893062173,-0.045
21.893072113000002,-0.06
21.893083392,-0.12
21.893258352,-0.12
21.893289334000002,0.03
21.893309502,0.03
21.894243632000002,0.06
21.894273329,0.09
21.894297415,-0.09
21.897093497,0.0
21.897853548,-0.12
21.902667515,0.045
21.904454415,-0.06
21.905410092,-0.105
21.906288721000003,-0.105
21.907367867,0.015
21.910492314000003,0.045
21.912474179,-0.075
21.914609135000003,0.03
21.915117050000003,0.03
22.036765348000003,-0.075
22.036780681,-0.105
22.036791903,-0.045
22.03680271,-0.045
22.036813039000002,0.06
22.036823749,0.015
22.037865357,-0.06
22.038095253,-0.075
22.038120354,-0.045
22.038131219,-0.045
22.039767874000002,-0.06
22.039787877000002,0.105
22.039801277000002,0.045
22.039813929,-0.015
22.039829240000003,-0.06
22.041932507000002,-0.09
22.041974848000002,-0.105
22.042009292000003,0.015
22.042036651,0.06
22.042071383,0.045
22.042087607000003,0.12
22.042331533000002,0.03
22.043251050000002,0.12
22.043292753000003,0.015
22.044320415,-0.09
22.044390185,-0.045
22.044428887000002,0.09
22.046674157,-0.12
22.04672936,-0.075
22.046740962,0.09
22.046752107,0.09
22.046772788000002,-0.12
22.04678497,0.015
22.046802929000002,0.075
22.051754139,0.075
22.051812507,-0.03
22.051824834,-0.03
22.051836593,-0.03
22.051853073,-0.03
22.051865215000003,0.045
22.053019708,0.045
22.053037460000002,-0.105
22.053049927,-0.105
22.053060446,-0.105
22.054169264000002,-0.105
22.05418952,0.045
22.054202971000002,0.045
22.055497804,0.045
22.055543146,0.045
22.055551668,-0.105
22.055560099,-0.105
22.055568577000003,-0.105
22.058238602000003,-0.105
22.058264654000002,-0.105
22.058280443,-0.105
22.058292119,0.0
22.058951473,0.0
22.058982464,0.0
22.059003822,0.0
22.059603102,-0.12
22.059631798,-0.12
22.059897709,-0.12
22.060508118,-0.12
22.061087345,-0.105
22.061869949000002,-0.105
22.062463498,-0.105
22.062779726000002,0.0
22.063538137000002,0.0
22.064666253000002,0.0
22.065204511,0.0
22.065833993000002,0.0
22.066229858,0.0
22.066637941,0.0
22.067286154,0.0
22.06792982,0.09
22.068981831000002,0.09
22.069971008000003,0.09
22.071245596,-0.075
22.073172015,-0.075
22.074603586000002,-0.075
22.076723826000002,-0.06
22.195652849000002,-0.03
22.195670268,-0.105
22.195683149,0.0
22.197475075,-0.12
22.197492004,-0.12
22.197504103,0.03
22.197515851000002,0.09
22.197527872000002,0.015
22.200216271000002,0.0
22.200236580000002,0.015
22.200250477,-0.075
22.201329087,-0.015
22.201345187,-0.06
22.201356871,-0.09
22.201740971000003,0.075
22.201794989,-0.06
22.202918163,-0.075
22.203196696000003,-0.09
22.203224155,0.03
22.204748032,0.0
22.204766795,-0.06
22.204781508,0.045
22.204798516,-0.12
22.204812149000002,0.045
22.206452834,0.075
22.206476645000002,-0.015
22.206491671000002,-0.075
22.206505749,0.06
22.206517522000002,-0.015
22.207905488,-0.12
22.207935397,0.075
22.207951228000002,0.06
22.207968249,0.0
22.209516191000002,0.03
22.209554216,0.0
22.209571394,0.03
22.209584179,0.03
22.213208299,0.03
22.213226354,0.045
22.213240693000003,0.045
22.213257349000003,0.045
22.213269776,-0.06
22.214608289,-0.06
22.214627702,-0.06
22.214639073,-0.06
22.214650202,0.015
22.214663796,0.015
22.219826334,0.015
22.220713183,0.015
22.220736356,0.045
22.221914795,0.045
22.221979726,0.045
22.222001171000002,0.0
22.222632148000002,0.0
22.222655998,0.0
22.223435205,0.0
22.223461224,-0.12
22.224482874000003,-0.12
22.224502972,-0.12
22.224515507000003,-0.09
22.225615874000002,-0.09
22.225635265,-0.09
22.225649401000002,-0.09
22.227191514,0.045
22.228209517,0.045
22.228231197000003,0.045
22.22908989,0.09
22.229123150000003,0.09
22.229365068,0.09
22.229951006,0.09
22.231829122,0.03
22.23258604,0.03
22.232608645000003,0.03
22.232622005,0.03
22.233985232000002,0.075
22.234026250000003,0.075
22.234565596000003,0.075
22.234585918,0.075
22.235563181,0.09
22.236995745,0.06
22.239078426000003,0.06
22.243718621000003,0.045
22.244287996,-0.12
22.246317559,-0.12
22.246876682,0.045
22.248813353000003,0.045
22.250831732,0.075
22.254177763,-0.075
22.255852376,-0.075
22.256869181000003,-0.12
22.258747653,-0.12
22.260947585,0.09
22.262655241,-0.045
22.265434667,-0.03
22.268402905000002,0.0
22.269889519000003,0.0
22.270764375000002,0.06
22.272713351,-0.12
22.274770524,0.045
22.276852671,0.06
22.278706725000003,0.06
22.281530663,-0.045
22.40323107,0.075
22.403294716,0.09
22.403327038,0.03
22.403360624,-0.105
22.40338895,0.015
22.403415454,0.0
22.404478487000002,0.045
22.404505535000002,0.045
22.404529966000002,0.03
22.404548934,0.045
22.405573490000002,0.045
22.405616947000002,0.045
22.405641324,0.09
22.406917323000002,0.0
22.407152254,0.03
22.407182593,0.06
22.407429341,-0.105
22.407451583,0.15
22.409083889,-0.045
22.409116547,0.06
22.409150659,0.075
22.409177141,0.075
22.411159139000002,0.015
22.419531799,0.045
22.419627196,0.045
22.42092693,0.06
22.420948106,0.015
22.420959255,-0.075
22.42229091,-0.105
22.422337118,0.09
22.422353768,0.075
22.422370997,0.06
22.424435192,0.0
22.424510502,0.03
22.424524106,0.06
22.424564859,0.015
22.424580911000003,0.015
22.424593566000002,0.015
22.426801151000003,-0.12
22.426836795,-0.12
22.426868820000003,-0.12
22.426900772,0.09
22.426935814,0.09
22.426966734,0.045
22.429124977,0.045
22.429159902000002,0.045
22.429191732000003,-0.09
22.429223701,-0.09
22.429245788000003,-0.09
22.429268336,-0.09
22.429290163,0.06
22.429313014,0.06
22.431223437,0.06
22.431258399,0.06
22.431283914,-0.06
22.431309317,-0.06
22.431333055,-0.06
22.431357855,-0.06
22.431379711,0.09
22.432415111,0.09
22.432446367,0.09
22.43247093,0.09
22.432495742,-0.075
22.433076884000002,-0.075
22.433103739,-0.075
22.433785362000002,-0.075
22.433814394000002,0.015
22.434442067000003,0.015
22.43446625,0.015
22.435861771000003,0.015
22.436330944,0.015
22.436361838,0.015
22.436815996,0.015
22.437300082,0.015
22.438520172,-0.045
22.438546943000002,-0.045
22.438888242,-0.045
22.44018042,0.105
22.440931482,0.105
22.441849814,0.105
22.442934931,-0.12
22.445221221,0.0
22.447134437000003,0.0
22.448854543000003,0.12
22.451680339000003,0.12
22.454132995000002,-0.12
22.455007978,0.09
22.45665378,0.06
22.460041196000002,0.0
22.461077787,0.075
22.462712615,0.015
22.465367695,-0.09
22.467598484,0.105
22.468676097000003,0.105
22.470761913,0.09
22.473557236,0.0
22.474758497,-0.06
22.476713708000002,0.06
22.479636314,0.06
22.481132401,0.015
22.483515268,-0.03
22.485258187000003,0.06
22.487195137,0.045
22.605931927,0.045
22.605955393000002,0.045
22.605972244,-0.015
22.60598847,0.075
22.607775551000003,0.03
22.607792413000002,-0.03
22.607804253,0.0
22.607815724,0.06
22.607827368000002,-0.12
22.607836932,-0.045
22.611369894000003,0.03
22.611386407,-0.09
22.611397692,0.075
22.611408507,-0.09
22.611419699000002,0.075
22.613379672,-0.09
22.613395288000003,-0.03
22.613406471,0.03
22.613417276,0.015
22.613428987000002,-0.12
22.613438973,0.12
22.613921174,0.03
22.615113706000002,-0.105
22.615128075,-0.12
22.615138876000003,-0.09
22.615988041,-0.075
22.61600357,0.045
22.617631174000003,-0.06
22.617648024,0.09
22.617660252,0.0
22.617672147,-0.045
22.619522242000002,0.045
22.619537224000002,0.0
22.619547824,0.06
22.619558177000002,0.0
22.619568551,-0.06
22.619577175,-0.06
22.6218153,-0.06
22.621841297000003,-0.06
22.621867910000002,-0.105
22.621883687,-0.105
22.621899388000003,-0.105
22.621919342,0.09
22.626550932,0.09
22.62656575,0.09
22.626576199000002,0.09
22.626586505000002,0.03
22.626595547,0.03
22.627686934,0.03
22.627702653,0.03
22.628786678,0.06
22.628801951,0.06
22.628814445,0.06
22.630238581,0.06
22.630263046000003,0.06
22.630276196,0.045
22.630286401000003,0.045
22.631006827,0.045
22.632155522,-0.09
22.633136974000003,-0.09
22.633157062000002,-0.09
22.633169829,-0.075
22.633796177,-0.075
22.633815551,-0.075
22.634764507,0.0
22.635056219000003,0.0
22.635732825,0.0
22.636441822000002,0.09
22.637285241,0.09
22.638209517,0.09
22.638229975,0.09
22.639145068,0.09
22.640199306000003,0.09
22.641415083000002,0.09
22.641485053,-0.09
22.642266757,-0.09
22.642899106,-0.09
22.643732558,-0.045
22.647198752,0.06
22.647785685000002,0.0
22.649485213000002,0.0
22.653553345000002,-0.03
22.654254496,-0.03
22.656435314000003,-0.075
22.657160083,-0.075
22.660428696,-0.075
22.661402366,-0.15
22.663933669000002,0.06
22.665733896000003,-0.075
22.667771404,0.03
22.668901112,0.03
22.671309384,0.0
22.673029212000003,0.0
22.674873058000003,-0.12
22.677537279000003,-0.015
22.68078076,0.045
22.682224365,0.06
22.682843517000002,0.15
22.686174018000003,0.075
22.687911729,0.0
22.689543122,0.0
22.691485489,-0.06
22.810103908000002,0.09
22.810121453,0.0
22.810132282,-0.015
22.812233470000002,0.045
22.812251707,0.06
22.812267128000002,-0.03
22.812280663000003,0.045
22.812293828,0.0
22.81231155,0.0
22.812681755,-0.09
22.815362535000002,-0.09
22.815380097000002,-0.12
22.816166068,0.105
22.81618426,-0.12
22.816803254,-0.045
22.81682513,0.075
22.817597677000002,0.06
22.817613223000002,0.03
22.819176983000002,0.045
22.819203775000002,0.03
22.819219818,-0.12
22.819234541,-0.045
22.819865290000003,-0.045
22.819886782,-0.105
22.821686204000002,0.045
22.821727848000002,0.075
22.821741725000003,-0.12
22.821761028,0.075
22.821773055,0.0
22.82393717,0.015
22.823960147,-0.03
22.823984601000003,-0.09
22.824003542,0.0
22.824019682000003,0.0
22.824033375000003,0.075
22.826881423,-0.12
22.82691629,-0.12
22.826930562,-0.12
22.826941683,-0.06
22.826952385000002,-0.06
22.826963326,-0.06
22.826974153000002,0.0
22.828291675000003,0.0
22.828311622,0.0
22.828322504000003,0.0
22.828332699,-0.09
22.829065552000003,-0.09
22.829082475,-0.09
22.829626490000003,-0.09
22.829662835,0.15
22.829674382,0.15
22.829781409000002,0.15
22.830513178,0.15
22.834270654,0.015
22.834294261,0.015
22.835096496000002,0.015
22.835112612000003,0.015
22.835533175000002,-0.03
22.835547897,-0.03
22.83715503,-0.03
22.839432446,-0.03
22.839994546,-0.06
22.841405507,-0.06
22.841448193,-0.06
22.841470028,-0.045
22.841488864000002,-0.045
22.841520909,-0.045
22.842793330000003,0.075
22.842840665,0.075
22.843860723000002,0.075
22.846073851,0.075
22.846795602,0.0
22.846821169000002,0.0
22.84684524,0.0
22.848114862000003,0.06
22.84815244,0.06
22.848179713,0.06
22.848206870000002,-0.045
22.849280709000002,-0.045
22.851854361,-0.075
22.853422018,-0.075
22.854836113,0.045
22.856884406000002,-0.03
22.861332918000002,-0.045
22.861354064,-0.09
22.862713081000003,0.045
22.869702101,0.0
22.870537049000003,-0.15
22.870574227000002,-0.15
22.871353913,0.045
22.872686218000002,0.045
22.874809462,0.03
22.878503973,0.09
22.879405977,-0.105
22.880579806,-0.105
22.882589495,-0.12
22.886123412,-0.12
22.887000744,0.09
22.889069507000002,0.09
22.890651351000002,0.045
22.893379433,-0.06
22.894691879,-0.06
22.949387238,0.0
22.949425856,-0.09
22.949456702000003,-0.09
22.949484417,-0.12
22.949520812000003,0.075
22.949544034000002,0.075
22.950462127,0.075
22.950489098000002,-0.075
22.951120862,0.015
22.951151531,-0.045
22.952987255,0.0
22.953019838000003,0.06
22.953043507,-0.12
22.953067004,-0.09
22.953086435000003,-0.03
22.953760049000003,0.09
22.954969187,0.0
22.955526028,0.03
22.956216589,-0.09
22.956239139,-0.12
22.957254274,-0.09
22.957270471,0.03
22.957299715,-0.09
22.959075307000003,-0.015
22.959089091000003,-0.09
22.959100429000003,0.0
22.959115157000003,0.06
22.959134892,-0.075
22.960307739,0.015
22.960403132,0.015
22.960434792,0.03
22.96129188,0.03
22.962273986000003,-0.06
22.963578927,-0.06
22.966683849000002,0.06
22.967980215,0.06
22.969466071000003,-0.105
22.971262971,-0.105
22.998381533,-0.09
22.998396484,-0.06
22.99840734,0.09
22.998417630000002,0.06
22.998427635000002,-0.12
22.998437583,0.06
23.000415712000002,-0.015
23.000439697,-0.045
23.000454638,0.03
23.000466250000002,-0.015
23.001173973,0.15
23.001197159,-0.09
23.001832095,0.015
23.001857298,0.105
23.002561313,0.105
23.003269742,0.105
23.006547958000002,-0.015
23.008582324000002,-0.075
23.009375647000002,-0.075
23.011237742000002,-0.09
23.013283739000002,-0.09
23.015183178,0.0
23.017174948,0.0
23.019508848,0.045
23.021068875,0.045
23.022724322000002,0.045
23.026500097000003,-0.15
23.027109349,-0.06
23.02939147,-0.06
23.031069553000002,0.09
23.033356252,0.09
23.034711502,0.015
23.036779489,0.105
23.039272997,-0.09
23.041820480000002,0.015
23.042890047,0.0
23.045986066,0.0
23.049082631,0.09
23.049855526,0.09
23.050785824000002,0.12
23.053024828,-0.075
23.054872445,0.06
23.058237957000003,0.015
23.058797827000003,0.06
23.060637451,0.075
23.063334563,0.045
23.065155159,-0.06
23.066866637,-0.045
23.069122082,-0.045
23.073260155,0.06
23.073954993,0.075
23.075056946,0.075
23.076665257000002,-0.09
23.078638088,0.06
23.08068192,-0.12
23.08414399,0.06
23.0874518,0.045
23.087478849,0.06
23.090586465,0.045
23.091655475000003,0.045
23.09429278,-0.135
23.095267193,0.075
23.097750714,0.045
23.098823734,0.045
23.100748367,0.03
23.220023067000003,0.03
23.220072573000003,0.045
23.220086305000002,0.015
23.2200995,-0.135
23.22182915,-0.03
23.221873862000002,-0.015
23.221896941,0.09
23.222027297,-0.09
23.222048408000003,-0.15
23.222086558,-0.09
23.226358325000003,-0.03
23.226378735,0.015
23.226395384,-0.135
23.226458286,0.075
23.226471013,0.045
23.226835212,0.045
23.226857347000003,0.06
23.228092838000002,-0.045
23.228169995000002,0.105
23.228267322,0.09
23.229245404,-0.12
23.229264524,-0.15
23.229279729,-0.03
23.231706895000002,0.075
23.231752784,-0.105
23.231769177,-0.12
23.231782527,0.075
23.233046933,0.09
23.233075227,0.09
23.233084424,-0.06
23.233097861,-0.06
23.234171843000002,0.09
23.234193996000002,0.075
23.234225180000003,0.045
23.234868604000003,-0.045
23.234918231,0.045
23.236182986000003,0.045
23.23621623,0.045
23.236232357000002,0.075
23.236242466,0.075
23.237554671,0.075
23.2375718,0.0
23.237588480000003,0.0
23.237599170000003,0.0
23.237609260000003,-0.015
23.238899106,-0.015
23.238914961000003,-0.015
23.238956446000003,-0.015
23.238966889,0.045
23.239590184,0.045
23.239661275000003,0.045
23.241469765,0.045
23.241531501,0.045
23.24158092,0.045
23.242304741,0.045
23.242326286,0.045
23.244288735,0.045
23.244320616000003,0.045
23.244337036,0.045
23.245485266000003,0.03
23.246215791,0.03
23.24622737,0.03
23.247257162,0.06
23.247858543000003,0.06
23.248434975000002,0.06
23.251897104,0.06
23.252741815,-0.075
23.252800418000003,-0.075
23.254104286,-0.075
23.254197422,-0.075
23.254209356,0.0
23.2542218,0.0
23.254233841,0.0
23.254721997,0.0
23.254769322,0.12
23.255292543000003,0.12
23.255653187,-0.075
23.256793687000002,-0.075
23.259696094000002,0.045
23.260761532,-0.09
23.263195145,0.0
23.265656411000002,0.0
23.267395163,0.045
23.268903873000003,0.045
23.271099373000002,0.0
23.273090191,0.0
23.275220007,0.06
23.278735530000002,0.06
23.280837091000002,-0.12
23.281364717000002,-0.06
23.282727973,0.015
23.285824871000003,-0.075
23.287755466,-0.06
23.289627379000002,-0.06
23.290993682,0.0
23.29341888,0.0
23.29534298,0.0
23.296814527000002,0.0
23.300001509,0.03
23.301804397,-0.09
23.303932663,0.06
23.305564783,-0.105
23.425128964000002,-0.105
23.425148833,0.045
23.42516923,-0.045
23.425181917,-0.09
23.425192686000003,0.0
23.427103156,-0.105
23.427267719000003,-0.135
23.427304627,0.06
23.427323255,0.015
23.427338934,0.09
23.431745569,-0.06
23.431765441000003,-0.09
23.431780647,0.075
23.431797040000003,0.06
23.431808783,0.09
23.432278801000002,0.09
23.43229416,0.12
23.433374134,-0.12
23.433399404000003,0.015
23.433437775,0.015
23.434493889000002,0.0
23.434522753000003,0.015
23.434536452,-0.09
23.437298073,0.03
23.437317234,-0.105
23.437331605,0.015
23.437347091000003,0.045
23.437361226,-0.06
23.4373758,0.09
23.437387613000002,0.045
23.439349209000003,0.045
23.439369872,-0.06
23.439384562,-0.075
23.439402344,0.045
23.439416386,-0.045
23.439431388000003,-0.09
23.441648857,-0.09
23.441707870000002,-0.09
23.441728236000003,0.03
23.441744859,0.03
23.441759143000002,0.03
23.442637703000003,0.045
23.443255239000003,0.045
23.444536583,0.045
23.444563255000002,0.045
23.444578222,0.12
23.444594115,0.12
23.445927685,0.12
23.445949261000003,0.12
23.445963955,-0.12
23.445976862000002,-0.12
23.446667614000003,-0.12
23.446684695000002,0.075
23.44735112,0.075
23.447369628,0.075
23.448646873,0.075
23.448671158,-0.075
23.449865432000003,-0.075
23.449885193,-0.075
23.450862767,-0.075
23.450884643000002,0.015
23.451667143,0.015
23.451686495,0.015
23.469053066,0.015
23.469074256000003,0.0
23.469088598000003,0.0
23.469103685,0.0
23.469116588000002,-0.045
23.469129391000003,-0.045
23.469142216,-0.045
23.469156302000002,0.0
23.469175047,0.0
23.469970589000003,0.0
23.469987567,-0.03
23.470000976,-0.03
23.470013570000003,-0.03
23.472120254,-0.03
23.472152807,-0.12
23.472169212,-0.09
23.472186189000002,-0.015
23.472198994000003,0.015
23.472213186,0.045
23.473089388,0.0
23.474282220000003,0.0
23.475760835000003,-0.09
23.476875072000002,-0.09
23.478821152000002,0.0
23.482827342,0.06
23.48359698,0.06
23.48548247,-0.12
23.487797268,0.03
23.489713459,0.03
23.491751574000002,-0.045
23.493190353000003,-0.045
23.49650138,-0.06
23.497559101,-0.105
23.498854408,0.09
23.500962429,-0.075
23.503231661,-0.075
23.506413008000003,0.015
23.507293394,-0.105
23.508922141000003,-0.105
23.581420880000003,0.0
23.581468203,0.0
23.581493574000003,0.045
23.581516573000002,0.045
23.581536626000002,0.045
23.581558774,0.015
23.582634696000003,0.045
23.582663911,-0.105
23.582688014000002,-0.015
23.582711881,-0.09
23.583680126,0.03
23.583710073000002,0.015
23.583735388,0.045
23.586285292000003,0.06
23.586314539,-0.105
23.586332315,0.0
23.587935644,-0.12
23.587964057,0.015
23.587980692000002,-0.09
23.587998869,-0.015
23.588013573,-0.075
23.588715043,0.045
23.588736451000003,0.09
23.591070604000002,0.015
23.59217612,-0.075
23.592205263,0.075
23.593346125,0.075
23.593379576,0.09
23.59339581,0.06
23.594544685000002,0.105
23.595238245,0.045
23.595256403,-0.06
23.596529386,0.03
23.596559556000003,0.06
23.596572151,0.03
23.596583691000003,0.09
23.597587578000002,0.09
23.597604280000002,0.09
23.597616586,-0.045
23.599269746,-0.045
23.59930117,-0.045
23.599316799,0.03
23.599330019,0.03
23.599878784,0.015
23.599887542,-0.045
23.601358051000002,-0.045
23.602640445000002,-0.075
23.606126785,0.0
23.607180218,0.045
23.608773996,0.045
23.610692224,0.03
23.612888871000003,-0.15
23.646330221000003,-0.015
23.646367376,0.09
23.646392232,0.12
23.646426618000003,-0.015
23.646453717,0.03
23.646482718,0.0
23.647595112,-0.075
23.647627348,0.075
23.647651624,-0.03
23.647670642,0.03
23.648200265,0.075
23.650064604,0.0
23.650099648,-0.09
23.650125793,-0.075
23.650151845,0.03
23.650175490000002,0.09
23.651535122000002,0.03
23.651868716000003,0.0
23.652659579,0.075
23.654393384000002,0.0
23.655288573,0.0
23.657302339,0.075
23.659293641,0.075
23.660710595,0.045
23.664111445000003,0.03
23.665059225,0.045
23.668317434000002,-0.075
23.669240075,-0.075
23.672728456,0.045
23.673469148000002,0.045
23.674639969,0.0
23.676623149,0.0
23.680063938,-0.12
23.681243743000003,0.015
23.682678807000002,0.045
23.685210063000003,0.075
23.687686543,0.09
23.689186228,0.09
23.690666128,0.045
23.692639532,-0.03
23.699130039,-0.045
23.699153346000003,0.045
23.7007812,0.0
23.704177958000002,0.045
23.704894781,0.045
23.705808579000003,-0.09
23.706993396,-0.09
23.7091281,0.0
23.711791392000002,0.0
23.713467418,-0.015
23.715389002000002,-0.015
23.744396536,0.015
23.74441798,0.15
23.744437395000002,0.075
23.744448608000003,0.075
23.746566973,-0.105
23.74658382,0.0
23.746594921,0.075
23.746605997000003,-0.09
23.746616791,0.045
23.746627543000002,-0.09
23.74957878,0.045
23.749599678000003,0.045
23.749611117,-0.075
23.749622173000002,-0.045
23.750145553000003,0.015
23.750969508,-0.09
23.755527645,-0.015
23.755551246000003,-0.09
23.755956531000002,-0.015
23.756370312,-0.015
23.757702545,0.06
23.759566372000002,0.03
23.760955246,0.03
23.764412841000002,0.0
23.765150863000002,0.015
23.767884856000002,0.015
23.768873106,-0.045
23.79793872,0.03
23.797994492,0.03
23.800395221000002,0.0
23.800426095000002,-0.045
23.800449923000002,0.045
23.80049615,0.045
23.800520408,0.075
23.800547356000003,0.03
23.800629868,0.06
23.801166055000003,0.015
23.802315084,0.045
23.802356554000003,0.015
23.802906376000003,-0.015
23.802938699000002,-0.09
23.803832823,0.0
23.803875415,-0.045
23.805385312000002,-0.015
23.806191219000002,-0.105
23.809147363,0.105
23.809635644,0.105
23.813045616,0.0
23.814068543,0.0
23.816141851,-0.06
23.818675958,-0.09
23.819455593,0.06
23.820829656,0.0
23.824755584000002,-0.09
23.825605953,-0.105
23.828218640000003,0.03
23.829155233,0.03
23.831834794000002,0.045
23.83300109,-0.12
23.834757107,-0.12
23.836711144000002,-0.105
23.83891724,-0.015
23.840796209,-0.015
23.843638016,0.075
23.845752113000003,0.075
23.847313162000003,0.09
23.849543918000002,0.09
23.852171704,0.09
23.853118965,0.09
23.856147577,0.06
23.857267451000002,-0.075
23.859365745,0.09
23.860760226,0.075
23.862862743,-0.09
23.866182300000002,-0.09
23.867632857,0.0
23.870188515000002,0.0
23.871008725000003,0.0
23.872662913000003,-0.15
23.874639132000002,0.015
23.876936378,0.075
23.881262797,0.0
23.881292758,-0.06
23.882651558000003,0.0
23.885616799,0.06
23.887037405,-0.09
23.888668210000002,-0.09
23.890656673000002,-0.105
23.893254063,-0.135
23.894792950000003,0.045
23.896704926,0.045
23.899460336,-0.105
23.902373603,0.09
23.903145941000002,0.09
23.90498311,-0.015
23.906862103,-0.135
23.910233191000003,0.03
23.911187703000003,0.03
23.913626110000003,0.075
23.914680839000003,0.075
23.917171800000002,-0.06
23.918670924,0.045
23.951928884,0.075
23.951964646,-0.105
23.951992641,0.045
23.952018757,-0.12
23.95204395,0.0
23.952070939000002,-0.045
23.953463204000002,-0.045
23.953499626000003,0.045
23.953523474,0.045
23.953542260000003,0.03
23.956067549,0.03
23.958822073,-0.09
23.958856884000003,0.075
23.958884171,-0.075
23.958915249,0.045
23.958949079,-0.09
23.958976493,0.06
23.959003199,-0.09
23.959527913000002,-0.09
23.959982046,0.075
23.961309094,0.075
23.96443601,-0.075
23.965297997,-0.075
23.967088047,0.06
23.969942832,0.045
23.970929072,0.06
23.973797386,0.06
24.003192559000002,0.03
24.003225760000003,0.03
24.003255305000003,0.06
24.003278894,-0.06
24.005329681000003,-0.09
24.005356996,-0.09
24.005380723000002,-0.09
24.005404105,0.075
24.005427866,0.105
24.005453301000003,-0.015
24.007812214,-0.075
24.007843142000002,0.015
24.007869798,0.015
24.007890614,0.03
24.008534836000003,-0.105
24.009200163000003,0.075
24.010501517,0.045
24.010526759,0.06
24.011346024,0.06
24.012821388000003,0.045
24.015289162000002,0.045
24.018208259,-0.09
24.019079697000002,-0.09
24.021093144,-0.105
24.022942723,0.0
24.025319043000003,0.0
24.026998367,0.09
24.029189696000003,0.09
24.031170651,0.045
24.032615775,0.045
24.034655596,0.0
24.036640977,0.03
24.038684386,-0.105
24.040970903,0.06
24.042787051,-0.135
24.044969899,0.03
24.047455436,-0.015
24.049184637,-0.015
24.050716427,0.0
24.053089434,0.03
24.056061313,0.09
24.058443092,-0.075
24.060130700000002,0.045
24.062408876000003,-0.09
24.063112077000003,0.075
24.066282471,-0.075
24.067272935000002,-0.03
24.068837480000003,-0.03
24.070992781,-0.075
24.07331297,-0.075
24.076143233,-0.045
24.077100525000002,-0.03
24.078672461,0.015
24.081715305000003,0.075
24.084314207000002,0.015
24.085362603,0.03
24.088303827,0.045
24.089186856,0.045
24.090879242,-0.09
24.093133362000003,0.09
24.096978965,0.03
24.097720039000002,0.03
24.098928325000003,0.015
24.100687792000002,0.0
24.102613339,0.06
24.105333522000002,0.06
24.107019589,-0.12
24.109077097,-0.12
24.111024729,-0.12
24.114974925000002,-0.12
24.115882837,-0.12
24.116624631,-0.12
24.118958435000003,0.0
24.120709752,0.0
24.124472615000002,0.0
24.125751237000003,0.075
24.154404427000003,0.075
24.154426608,0.075
24.154439769000003,-0.06
24.156038477000003,0.03
24.156053978000003,0.03
24.156064557,0.045
24.156074642,0.045
24.156083463,0.015
24.158495919,0.045
24.15851327,0.09
24.158525413000003,0.045
24.159813528,0.03
24.159832229000003,0.075
24.159845538000003,0.015
24.160470701,-0.105
24.16048727,0.045
24.161478596000002,-0.12
24.161941954000003,0.06
24.163382179000003,0.06
24.166790024,0.09
24.167236496,0.09
24.169729466000003,0.03
24.171483929,0.03
24.173865210000002,-0.105
24.174739781000003,-0.105
24.176780899,0.015
24.178835447,0.06
24.209480693000003,0.015
24.209534688,-0.09
24.209578466,-0.09
24.209615108,-0.03
24.209641270000002,-0.09
24.209676430000002,0.015
24.210240383000002,0.105
24.2102772,-0.12
24.211724436,0.045
24.211754283,0.0
24.211776784,0.075
24.213052201,0.0
24.213083623000003,0.015
24.213105988000002,0.045
24.213124712000003,0.03
24.213513306000003,0.075
24.214260093,0.075
24.214988314000003,0.075
24.217772223,0.0
24.218671631000003,0.0
24.220668178,0.09
24.224460089,0.09
24.225213964,0.0
24.227212603,0.0
24.229047425,0.015
24.231175800000003,0.015
24.233144829,-0.06
24.234625905,-0.06
24.236884768000003,-0.075
24.239933243000003,0.03
24.240865681000002,0.09
24.242606677,0.0
24.245324214,0.045
24.247212976,0.045
24.249050282000002,-0.15
24.250621508000002,-0.15
24.253689842,0.09
24.254723416,0.0
24.257463849,0.0
24.258636861000003,-0.09
24.261921,-0.03
24.262984549000002,-0.105
24.265593266,0.03
24.266770240000003,0.03
24.268735508000002,0.0
24.271311118,0.09
24.273044204,0.09
24.275282295,-0.015
24.277524731,-0.015
24.278707541000003,0.06
24.280685235,0.015
24.282574872,0.045
24.285531378,-0.045
24.286943522,-0.045
24.289099680000003,-0.105
24.291176035000003,-0.105
24.292750190000003,-0.105
24.294994668,0.0
24.297134586000002,0.0
24.298679242000002,0.045
24.301891544,-0.06
24.302846707,0.075
24.305817653000002,-0.09
24.307203339,-0.09
24.308629476,-0.03
24.310657816000003,0.0
24.312665295000002,-0.015
24.315289883000002,-0.015
24.316651548000003,0.0
24.318752597000003,-0.075
24.320626465,0.03
24.322559501,-0.12
24.325799365,-0.015
24.326733157000003,-0.015
24.330023,0.015
24.331605761000002,-0.105
24.333104962,-0.075
24.334631175000002,-0.075
24.337420131000002,-0.12
24.340576917,0.075
24.341194316000003,0.015
24.342661900000003,0.09
24.345394122000002,-0.09
24.34710683,-0.09
24.349328258,0.015
24.350685374,0.015
24.353311100000003,-0.075
24.354828304,0.0
24.356861337,0.0
24.358733329000003,-0.15
24.360789428,0.0
24.363444531000003,0.045
24.367433281,0.075
24.367447942000002,0.075
24.370395382,0.06
24.371148700000003,0.06
24.373013743,-0.015
24.375183630000002,-0.015
24.377059521000003,-0.135
24.378711836,0.075
24.380671256000003,0.015
24.383839903000002,-0.045
24.385321508,0.045
24.386780644,0.045
24.38875689,0.09
24.39070119,0.09
24.393069946,0.075
24.394641038000003,-0.075
24.397270000000002,0.015
24.400511561000002,0.03
24.400967928,0.03
24.402719242,0.09
24.405772765000002,-0.015
24.406835118,-0.045
24.409525614000003,-0.045
24.411047302,0.0
24.41260558,0.0
24.414607383,0.015
24.417099936000003,0.015
24.419188679,0.045
24.420711537000003,0.06
24.425417929,-0.09
24.425765726,0.12
24.427631465,0.12
24.428787666,0.045
24.432114801,-0.09
24.434958488000003,0.045
24.435638211,0.015
24.436701867,0.015
24.440694357,-0.105
24.441286852,0.015
24.44261463,0.015
24.445454548,-0.12
24.447369111,-0.12
24.448735907000003,-0.12
24.450644081,-0.12
24.453162751,0.03
24.455164107,0.06
24.457338529,0.06
24.458615829000003,-0.075
24.461181567,0.09
24.462724809,-0.075
24.465227570000003,0.03
24.466966886,-0.015
24.469225716,-0.015
24.471649504000002,0.045
24.472884521,0.045
24.474672258000002,0.0
24.47695836,0.0
24.479051622,-0.09
24.481935629000002,0.045
24.483656055,0.075
24.486151386000003,-0.09
24.487279137,-0.09
24.490836556,0.0
24.491480968,0.0
24.493504830000003,-0.09
24.494681591000003,0.03
24.49667687,0.03
24.499554653,-0.105
24.501262634000003,0.12
24.502601454,-0.075
24.504654186,0.06
24.506745809,-0.09
24.508754528,-0.09
24.510696936000002,-0.105
24.513157311,0.0
24.515048293000003,-0.12
24.516848454,-0.12
24.518560378,-0.16499999999999998
24.520645562000002,-0.015
24.522596878,0.03
24.5264017,0.06
24.527605041,0.075
24.52875333,0.075
24.530694291000003,0.09
24.533096237000002,-0.06
24.535430139000002,0.015
24.536786435,0.0
24.539337041000003,0.12
24.541300705,0.06
24.542604152000003,0.0
24.545235313000003,0.045
24.547180109000003,0.045
24.548719966,0.045
24.550613713,-0.09
24.55323003,0.09
24.554859753000002,0.0
24.556821664,0.09
24.558743564,0.0
24.560743532,0.03
24.562960854,-0.015
24.565321014000002,0.0
24.567220511000002,0.045
24.570123049000003,0.045
24.570940392,0.03
24.573758824000002,0.03
24.575423834000002,0.015
24.576704794,0.105
24.580212262,-0.045
24.580741542000002,0.06
24.583441619000002,0.015
24.585618046,0.015
24.587818328,0.03
24.588874287000003,0.03
24.590864271,0.06
24.592977269000002,0.015
24.595204745,0.045
24.596799485000002,0.045
24.599121729,0.075
24.602622328000002,0.03
24.604044829000003,0.06
24.605258142,0.075
24.607551652,0.0
24.609560249,0.0
24.611078849000002,0.0
24.612977683,0.03
24.615625012000002,0.075
24.618854858000002,-0.15
24.619464426,-0.15
24.621100978,-0.045
24.623070779000003,-0.09
24.625829141,0.03
24.627383337,0.045
24.629309246000002,0.045
24.631067717,-0.06
24.633388077000003,0.015
24.635405943000002,0.015
24.637386453,0.09
24.639148723,0.09
24.641232494,0.06
24.642838684,0.0
24.645640158000003,0.03
24.647370571000003,0.03
24.649567717,0.03
24.650843676,0.0
24.653393084,0.015
24.655468927,0.015
24.656960793000003,0.075
24.659336403,-0.075
24.661241352,-0.03
24.662919885,-0.075
24.665063756000002,0.03
24.667627120000002,-0.075
24.669266672000003,-0.075
24.671419964000002,-0.075
24.672757363000002,-0.105
24.674868049,0.015
24.677310637,0.015
24.679686353,0.015
24.681406649000003,0.045
24.683495721,0.045
24.686385408000003,-0.045
24.687485663,0.03
24.689430083,0.03
24.691043203000003,0.03
24.693492226,0.075
24.697273944000003,0.045
24.697388591000003,0.015
24.699425310000002,0.03
24.702464928,0.03
24.704375371,0.03
24.705249396000003,0.03
24.708725808,-0.075
24.709357804000003,-0.075
24.711496513,-0.12
24.713716884,-0.12
24.714742435,0.03
24.717098696,0.0
24.718658847,0.0
24.720878172000003,0.06
24.724568944,0.0
24.727013539,-0.045
24.728096172,0.045
24.729364992,0.045
24.731276167,-0.03
24.732669841,-0.03
24.735243054,0.03
24.736928602000003,0.0
24.739124155000003,-0.09
24.740639691000002,-0.09
24.743232467000002,-0.09
24.745122953000003,0.015
24.746688678,0.0
24.749187587,0.0
24.751029403,0.06
24.752720739,0.06
24.754828308,0.075
24.757745932000002,0.045
24.758684780000003,0.075
24.760746426,-0.015
24.762765266000002,0.045
24.765451875,0.045
24.767562249,0.015
24.769599666,0.015
24.770720285000003,-0.06
24.773508857000003,0.06
24.775047892,0.045
24.777025508,-0.12
24.778698536,0.0
24.781081571,0.0
24.782834395000002,-0.015
24.786158581000002,-0.015
24.787069158,0.045
24.788763685000003,0.045
24.792372582000002,0.03
24.794616219,0.0
24.795417758000003,0.045
24.797121465,0.045
24.799001046,0.075
24.80194749,0.075
24.802664829,0.045
24.805713748000002,-0.045
24.806823226000002,0.015
24.808819118000002,0.015
24.810691581,-0.03
24.813324013000003,-0.06
24.815271441,-0.06
24.81725664,-0.09
24.820399975,0.06
24.821352081,0.06
24.822736611,-0.075
24.825108636000003,0.045
24.827197132000002,0.0
24.82953071,0.0
24.832168098,0.075
24.833023587000003,0.0
24.83470794,0.0
24.836673104000003,0.045
24.838701592000003,-0.09
24.841747745000003,-0.105
24.842615235,0.06
24.846996987,0.0
24.848564324,0.03
24.849209368,0.03
24.850699618,-0.09
24.853253228,-0.09
24.85615217,0.075
24.85845644,-0.105
24.859077884,0.015
24.860961616,0.06
24.863195155000003,0.015
24.865151871000002,-0.105
24.867004571000002,-0.03
24.868742928000003,-0.03
24.870713055000003,-0.06
24.873295044000002,-0.06
24.874640179,0.12
24.876671699000003,-0.075
24.878648654000003,0.0
24.880625740000003,-0.06
24.882574565000002,-0.09
24.88632827,0.0
24.887278883,-0.09
24.889843603000003,-0.09
24.891052026,0.015
24.894341521,0.015
24.895985636000002,-0.045
24.897038288,0.045
24.898675254,0.045
24.902362555,0.09
24.903930336000002,-0.06
24.905498754,-0.06
24.907028162000003,-0.12
24.909317256,-0.12
24.910749934000002,-0.09
24.912725064,-0.09
24.914611832000002,-0.105
24.917328133,0.12
24.920481527000003,0.045
24.921633670000002,0.09
24.922738456,0.09
24.925008834,0.0
24.927947352,0.03
24.929462252,0.03
24.931079442,-0.09
24.932723771000003,-0.09
24.935029506000003,-0.105
24.936698206000003,-0.105
24.938652131,0.0
24.942245607,0.075
24.944549364,0.015
24.945473341000003,-0.075
24.947209428,-0.12
24.949084491,0.045
24.951664922000003,0.045
24.952635584000003,0.09
24.955209595000003,-0.105
24.957292017,-0.09
24.958735188000002,0.075
24.962094735,0.045
24.964892875,0.03
24.965794634,-0.09
24.968247067,0.0
24.969912978,0.0
24.972184898000002,-0.045
24.973151008000002,-0.045
24.97473102,-0.09
24.977499384,-0.06
24.979198516,0.09
24.980690546,0.09
24.982895236,-0.045
24.985789708000002,-0.045
24.988318909,0.09
24.989099845000002,0.09
24.990641183,0.015
24.993654347000003,-0.12
24.994795906,0.015
24.998236692000003,-0.06
24.999132565,-0.045
25.00121854,0.075
25.003188632,-0.105
25.005269628,-0.105
25.007499852000002,-0.045
25.009043787000003,-0.045
25.010633961,0.075
25.012587363,0.105
25.01459268,0.0
25.016661013,0.105
25.019188104,0.0
25.022868816000003,-0.12
25.023218699,-0.12
25.026391842000002,0.09
25.027176632000003,0.0
25.029288565,0.0
25.031031355000003,0.06
25.032808662,0.12
25.035163719,-0.09
25.036922701,-0.09
25.038811617,-0.105
25.041171263000003,-0.105
25.043076833,0.12
25.046463025,0.0
25.047656789,0.045
25.049078539,0.045
25.050837886,-0.09
25.053291713,-0.09
25.056266313000002,0.045
25.057189186000002,0.045
25.060221024,0.075
25.061224132000003,0.075
25.064425599000003,0.03
25.065393202000003,0.0
25.068549949,0.09
25.071260902000002,0.09
25.071791682,0.075
25.072931756000003,0.03
25.076369109,-0.045
25.076802500000003,-0.045
25.080555303,-0.105
25.081154915000003,0.0
25.086057967000002,-0.105
25.08607748,-0.09
25.088273540000003,0.045
25.089360399,0.045
25.090793268000002,-0.075
25.093139787000002,0.03
25.096216958000003,0.06
25.097149464,0.06
25.099250746000003,-0.06
25.100650929,0.105
25.104045062,0.015
25.10511822,-0.105
25.107237374,-0.105
25.110587647000003,0.0
25.11145973,0.0
25.113058217000003,-0.015
25.114902951,-0.015
25.116786096000002,-0.09
25.118609662,0.045
25.120972392000002,0.06
25.122569518000002,-0.105
25.125760399,-0.135
25.126715034,0.075
25.128711204000002,0.03
25.131354544,0.03
25.133336616,0.03
25.13473507,0.03
25.137816282000003,0.015
25.138728552,0.09
25.142726688000003,0.015
25.144283689,-0.06
25.145022771,-0.105
25.147408561000002,-0.105
25.149622182,0.06
25.150745904,0.06
25.153049792,0.045
25.154618442,0.045
25.158226635000002,0.015
25.159073509000002,0.075
25.160901326,0.075
25.164059317000003,-0.075
25.166286407,0.03
25.168252969,-0.105
25.169875648,-0.105
25.170904392,-0.015
25.173317619000002,-0.015
25.175003246000003,0.09
25.177040211,0.09
25.179884077,-0.09
25.180812261,-0.105
25.183162223,0.09
25.185624184,0.0
25.187252966000003,-0.06
25.188674497,-0.06
25.190918014,-0.09
25.192719398,-0.09
25.195307838,-0.06
25.196859381000003,-0.075
25.198808322,0.12
25.200657906,0.0
25.202858347000003,0.075
25.205901377,0.015
25.208160343000003,0.03
25.209072408,0.03
25.210713663,0.06
25.213321799000003,0.0
25.215735146,0.045
25.216867624000002,0.03
25.218713445000002,0.075
25.221048651,0.075
25.22403441,0.06
25.224837486000002,0.03
25.226981090000002,0.06
25.228767976,0.075
25.231143912,0.075
25.233776433000003,-0.075
25.234793885000002,0.015
25.236977683000003,0.12
25.23857676,-0.15
25.240906995000003,0.075
25.24293334,0.075
25.247551456,0.0
25.247613583000003,-0.09
25.248867283000003,-0.015
25.251210657,-0.015
25.252663146000003,0.0
25.254858526000003,-0.105
25.256801853000002,0.06
25.260533373,-0.015
25.261218257000003,-0.06
25.262627406,-0.105
25.266780439,-0.03
25.267456667,0.045
25.269058654000002,0.045
25.270718908000003,0.135
25.273303905000002,0.135
25.274607045000003,0.045
25.277975193000003,0.0
25.278954902000002,-0.015
25.280815,0.135
25.282668268000002,0.045
25.285712319,-0.105
25.287469150000003,-0.075
25.289117495000003,-0.075
25.290815439000003,0.06
25.293618651000003,-0.135
25.295763246,0.075
25.296658097,0.03
25.298696618,-0.105
25.300679624,0.045
25.302677563000003,-0.075
25.306112199,0.0
25.307488277,-0.03
25.309761195,-0.03
25.311172040000002,-0.06
25.313239801,-0.06
25.31484876,0.075
25.316841339000003,-0.045
25.319170127000003,-0.12
25.320900682,-0.06
25.323388988,-0.06
25.326344945000002,0.045
25.32742653,0.0
25.328990944,0.0
25.332064707,-0.045
25.333126631000003,0.105
25.334740516,-0.045
25.336796408,0.0
25.339240065000002,-0.105
25.341096575,0.0
25.344367045000002,0.0
25.346629867,-0.06
25.347262698,0.0
25.348761436,0.0
25.351268525000002,-0.03
25.353624734,-0.135
25.356360027,0.0
25.357153088,-0.09
25.359083294,0.03
25.363387363,0.09
25.363916237,-0.105
25.365240800000002,-0.105
25.36703457,0.0
25.368779372000002,0.0
25.371006532000003,-0.105
25.374642152,-0.12
25.375766635,0.075
25.377251093,-0.105
25.378706960000002,0.045
25.380855106000002,0.0
25.382799063,0.0
25.385887378000003,0.045
25.387426667000003,-0.075
25.388833175000002,-0.075
25.390707189,-0.135
25.393387414000003,0.03
25.394758936000002,0.0
25.396731478000003,0.045
25.399614233,0.09
25.400905195,0.09
25.403996755,0.105
25.404826096,0.105
25.408160855000002,0.045
25.409268665000003,0.045
