t,value
1.34734908,1.0805891904457532
1.347508414,1.0806031530797693
1.347545832,1.0806240970307932
1.347574373,1.0806240970307932
1.347602812,1.0806031530797693
1.347625781,1.0805822091287454
1.347652749,1.0806031530797693
1.3476755470000001,1.0806310783478013
1.3476970270000002,1.0805822091287454
1.3477263000000002,1.0805473025437053
1.349069332,1.0806101343967773
1.350936084,1.0805891904457532
1.352886462,1.0806450409818171
1.354903052,1.0805822091287454
1.356841172,1.0805822091287454
1.3589220350000002,1.0805822091287454
1.3611013330000001,1.0805612651777214
1.362898898,1.0806240970307932
1.364998165,1.0806031530797693
1.3670464500000001,1.0806310783478013
1.3690404360000001,1.0806310783478013
1.3709346930000001,1.0805822091287454
1.3730132540000002,1.0806240970307932
1.374936871,1.0805682464947293
1.377642507,1.0806101343967773
1.3789798560000002,1.0806101343967773
1.380859091,1.0806031530797693
1.382933551,1.0806240970307932
1.3849024360000002,1.0806031530797693
1.386881625,1.0805891904457532
1.38900058,1.0805891904457532
1.3908673520000001,1.0806240970307932
1.392884534,1.0805473025437053
1.3948736300000002,1.0806101343967773
1.3968551390000001,1.0806031530797693
1.39876748,1.0805682464947293
1.400957859,1.0806240970307932
1.4027779450000002,1.0806101343967773
1.4047649850000001,1.0806310783478013
1.4067675130000001,1.0806031530797693
1.4088860680000002,1.0805682464947293
1.4108451100000001,1.0806031530797693
1.412922358,1.0805891904457532
1.414769635,1.0805612651777214
1.4167843960000002,1.0806101343967773
1.418800655,1.0806310783478013
1.420802361,1.0805612651777214
1.42279189,1.0806031530797693
1.4247885980000001,1.0806031530797693
1.426792652,1.0806101343967773
1.4288083740000002,1.0805822091287454
1.4307920580000002,1.0805891904457532
1.432793537,1.0806031530797693
1.4347908690000002,1.0805682464947293
1.4367849140000002,1.0805891904457532
1.438772253,1.0805612651777214
1.440849808,1.0806031530797693
1.442795268,1.0805891904457532
1.444786879,1.0806031530797693
1.446771067,1.0805822091287454
1.4488097290000002,1.0806240970307932
1.450791154,1.0805473025437053
1.452749139,1.0806240970307932
1.454786786,1.0806310783478013
1.456791259,1.0806101343967773
1.458761924,1.0806031530797693
1.4607830890000002,1.0806240970307932
1.462787,1.0806031530797693
1.4648589280000002,1.0805822091287454
1.466802179,1.0805891904457532
1.468762455,1.0806031530797693
1.4707740820000001,1.0806240970307932
1.472765362,1.0806240970307932
1.4747920110000001,1.0806240970307932
1.476765075,1.0805891904457532
1.478796424,1.0806031530797693
1.480791796,1.0805682464947293
1.48280154,1.0805822091287454
1.4847975480000002,1.0806450409818171
1.486746313,1.0806240970307932
1.488747021,1.0805822091287454
1.490781313,1.0806240970307932
1.492810028,1.0806450409818171
1.494803174,1.0806240970307932
1.496750641,1.0806031530797693
1.498783709,1.0806240970307932
1.500780357,1.0806031530797693
1.5027682150000001,1.0806240970307932
1.504781538,1.0806310783478013
1.5067806730000002,1.0805891904457532
1.508766365,1.0805822091287454
1.5107573300000001,1.0806031530797693
1.5127765480000002,1.0806450409818171
1.5147567640000001,1.0806101343967773
1.516792009,1.0805891904457532
1.5187952290000002,1.0805891904457532
1.52080129,1.0806240970307932
1.522777454,1.0806450409818171
1.5247791190000002,1.0805612651777214
1.5267847090000002,1.0806101343967773
1.528798174,1.0806031530797693
1.530788424,1.0806031530797693
1.532797782,1.0805822091287454
1.5348129030000002,1.0806101343967773
1.536770084,1.0806101343967773
1.5388047960000002,1.0806450409818171
1.540781436,1.0805682464947293
1.542773038,1.0806310783478013
1.5447628770000001,1.0805612651777214
1.5467763870000002,1.0806031530797693
1.5487933090000001,1.0805822091287454
1.550757538,1.0806240970307932
1.552771557,1.0806240970307932
1.5547731660000002,1.0806101343967773
1.5567801270000001,1.0805822091287454
1.558778416,1.0806240970307932
1.560778755,1.0805891904457532
1.562777552,1.0805612651777214
1.56477321,1.0806450409818171
1.566767119,1.0805891904457532
1.5687872,1.0806101343967773
1.5707794050000001,1.0805682464947293
1.572764674,1.0805612651777214
1.574793241,1.0806240970307932
1.5768020660000002,1.0806101343967773
1.578800597,1.0806101343967773
1.580767382,1.0806240970307932
1.582783204,1.0805473025437053
1.584751381,1.0806101343967773
1.586852673,1.0806450409818171
1.588756212,1.0805891904457532
1.590793579,1.0805891904457532
1.5927751350000001,1.0806101343967773
1.594790979,1.0805822091287454
1.596774914,1.0806031530797693
1.598765945,1.0806101343967773
1.6008176500000002,1.0806031530797693
1.6027836210000002,1.0806310783478013
1.6048053210000002,1.0806031530797693
1.606749926,1.0805891904457532
1.6087755140000002,1.0805822091287454
1.6107701090000002,1.0806310783478013
1.6127540580000002,1.0806031530797693
1.61478955,1.0806101343967773
1.616759212,1.0806031530797693
1.618769184,1.0806031530797693
1.620815016,1.0806240970307932
1.6227837390000002,1.0806450409818171
1.6247843320000002,1.0805682464947293
1.626783058,1.0806101343967773
1.6287499680000002,1.0806240970307932
1.630798956,1.0805682464947293
1.6327954130000002,1.0806310783478013
1.634765099,1.0805891904457532
1.6367707290000002,1.0805822091287454
1.638778929,1.0806031530797693
1.6407935800000002,1.0805891904457532
1.642757738,1.0806240970307932
1.644798954,1.0805612651777214
1.6467804560000001,1.0805822091287454
1.648748966,1.0805682464947293
1.6507873610000001,1.0806101343967773
1.652768993,1.0805822091287454
1.6547585360000001,1.0806520222988252
1.6568080390000002,1.0805822091287454
1.658788506,1.0805891904457532
1.660824942,1.0806240970307932
1.6628539580000001,1.0805891904457532
1.664777187,1.0805682464947293
1.6667505310000001,1.0806031530797693
1.668763121,1.0805891904457532
1.6707784630000002,1.0806310783478013
1.6728023840000001,1.0805682464947293
1.674780933,1.0806240970307932
1.6767974010000002,1.0805891904457532
1.6787493150000001,1.0805682464947293
1.680763253,1.0806520222988252
1.6828174640000002,1.0806031530797693
1.68485817,1.0805682464947293
1.6868937750000002,1.0806101343967773
1.6887760840000001,1.0806101343967773
1.6907522330000002,1.0805612651777214
1.692745933,1.0806101343967773
1.694756399,1.0805473025437053
1.6967563870000002,1.0805891904457532
1.698790089,1.0805891904457532
1.700805063,1.0806031530797693
1.7027807300000002,1.0805612651777214
1.704798237,1.0806101343967773
1.706774915,1.0806240970307932
1.708753143,1.0806310783478013
1.710808067,1.0805891904457532
1.7127751960000002,1.0806101343967773
1.7147922690000001,1.0806310783478013
1.7168096270000002,1.0805822091287454
1.718767994,1.0805682464947293
1.7207931600000002,1.0806031530797693
1.7227842320000002,1.0806240970307932
1.7247810570000002,1.0806310783478013
1.726811547,1.0805612651777214
1.7287944460000002,1.0806031530797693
1.730787008,1.080665984932841
1.7328066180000001,1.0805822091287454
1.7347729120000002,1.0806101343967773
1.736760751,1.0806031530797693
1.73878763,1.0805822091287454
1.740871054,1.0806101343967773
1.7428489260000002,1.0806031530797693
1.7448233260000001,1.0805822091287454
1.7468326340000002,1.0805682464947293
1.748861376,1.0806101343967773
1.7508641370000002,1.0806240970307932
1.752865716,1.0806310783478013
1.7549190300000002,1.0806101343967773
1.756843941,1.0806031530797693
1.758782843,1.0806310783478013
1.760965112,1.0805403212266975
1.762842075,1.0806240970307932
1.7648909330000002,1.0806310783478013
1.76688309,1.0805891904457532
1.7689067020000002,1.0805682464947293
1.7708391790000002,1.0806031530797693
1.772798158,1.0806240970307932
1.774786328,1.0806240970307932
1.7767750580000001,1.0806031530797693
1.7787534530000002,1.0806101343967773
1.7808111960000002,1.0805473025437053
1.7828095030000002,1.0805891904457532
1.7847609240000002,1.0805891904457532
1.7867932640000002,1.0806031530797693
1.788764231,1.0806450409818171
1.790808033,1.080665984932841
1.79281594,1.0806101343967773
1.7947784880000002,1.0805891904457532
1.796770895,1.0805891904457532
1.798810017,1.0806101343967773
1.800806911,1.0805891904457532
1.8028419610000002,1.0806240970307932
1.804776273,1.0805822091287454
1.8067672350000001,1.0806310783478013
1.808783287,1.0805682464947293
1.810759484,1.0805682464947293
1.812804032,1.0805891904457532
1.814800036,1.0806240970307932
1.8168051070000002,1.0805822091287454
1.818837955,1.0805891904457532
1.8207831520000002,1.0806101343967773
1.822802304,1.0806031530797693
1.8247817860000002,1.0805682464947293
1.8267871930000001,1.0806031530797693
1.828812268,1.0805891904457532
1.8307907970000001,1.0805612651777214
1.832807037,1.0806450409818171
1.834757463,1.0805612651777214
1.836795745,1.0805612651777214
1.8388047490000001,1.0806450409818171
1.8407954430000002,1.0806101343967773
1.8428051600000002,1.0805612651777214
1.844781194,1.0806101343967773
1.8468341890000002,1.0805891904457532
1.8487787400000002,1.0806031530797693
1.850767741,1.0806031530797693
1.852772681,1.0806240970307932
1.8547893400000002,1.0805682464947293
1.8568349000000002,1.0805822091287454
1.8587848260000002,1.0806240970307932
1.8607954740000001,1.0805891904457532
1.862772955,1.0806310783478013
1.8647859830000002,1.0805891904457532
1.86678519,1.0806310783478013
1.8687838860000001,1.080665984932841
1.870820581,1.0805682464947293
1.872759241,1.0806520222988252
1.874787065,1.0805891904457532
1.8767602870000002,1.0805822091287454
1.878779946,1.0806450409818171
1.8807770110000002,1.0806450409818171
1.882750563,1.0806729662498489
1.88481026,1.0806031530797693
1.8867605770000002,1.0806101343967773
1.888771996,1.0806101343967773
1.890849664,1.0806101343967773
1.892807173,1.0805612651777214
1.8947763210000002,1.0805891904457532
1.896788874,1.0805891904457532
1.8987781170000002,1.0805822091287454
1.9008073500000002,1.0806031530797693
1.902783074,1.0806520222988252
1.9047584450000001,1.0806101343967773
1.906747788,1.0805822091287454
1.908794727,1.0805822091287454
1.9107637000000002,1.0805612651777214
1.9127814500000002,1.0805891904457532
1.914799166,1.0805822091287454
1.9167712430000001,1.0806031530797693
1.918760618,1.0806240970307932
1.920752516,1.0805612651777214
1.9227895890000002,1.0806101343967773
1.924781513,1.0805612651777214
1.9268765060000002,1.0805891904457532
1.9287663400000001,1.0806240970307932
1.9307958280000002,1.0805891904457532
1.9327543870000001,1.0806101343967773
1.934753511,1.0806031530797693
1.936746617,1.0805822091287454
1.9387982160000001,1.0806240970307932
1.940785733,1.0806240970307932
1.9427673840000002,1.0805612651777214
1.944796425,1.0805891904457532
1.9467494980000002,1.0805612651777214
1.948756323,1.0806310783478013
1.950787805,1.0806101343967773
1.9527701890000002,1.0805473025437053
1.954813096,1.0806031530797693
1.9567629560000002,1.0805682464947293
1.958818288,1.0806031530797693
1.9607675910000002,1.0805612651777214
1.962902138,1.0806101343967773
1.9648282780000002,1.0806240970307932
1.966979609,1.0805473025437053
1.9690085940000002,1.0806101343967773
1.9709960340000001,1.0806101343967773
1.9728984960000002,1.0805891904457532
1.974818468,1.0805891904457532
1.976781402,1.0806450409818171
1.9787714410000001,1.0805822091287454
1.980803552,1.0805682464947293
1.982796951,1.0805891904457532
1.9847902030000002,1.0806031530797693
1.9869133520000002,1.0806031530797693
1.9889081320000002,1.0806031530797693
1.990891895,1.0806101343967773
1.992846107,1.0805891904457532
1.994841163,1.0806031530797693
1.99690202,1.0805612651777214
1.9988037040000002,1.0805891904457532
2.000903535,1.0805682464947293
2.002781752,1.0806101343967773
2.004854899,1.0806101343967773
2.006812199,1.0805891904457532
2.008788499,1.0806240970307932
2.010823921,1.0805473025437053
2.012769248,1.0805891904457532
2.014882376,1.0806031530797693
2.016871611,1.0806101343967773
2.018850759,1.0806240970307932
2.020827085,1.0806450409818171
2.0228542000000003,1.0806101343967773
2.024951854,1.0805891904457532
2.0267961750000003,1.0806031530797693
2.028849461,1.0805822091287454
2.03090643,1.0805822091287454
2.032784534,1.0806101343967773
2.034898622,1.0806310783478013
2.0369360480000003,1.0806031530797693
2.038965218,1.0806310783478013
2.04083895,1.080665984932841
2.0428492940000003,1.0805612651777214
2.04484088,1.0805891904457532
2.046845359,1.0806101343967773
2.048773969,1.0806240970307932
2.0508336600000003,1.0806101343967773
2.052852261,1.0806310783478013
2.054832091,1.0806031530797693
2.056867609,1.0805682464947293
2.0588147230000002,1.0805891904457532
2.060815459,1.0805891904457532
2.062803757,1.0805891904457532
2.06487095,1.0805891904457532
2.066875338,1.0805822091287454
2.068824872,1.0805682464947293
2.070858179,1.0805891904457532
2.0727844330000003,1.0806520222988252
2.074772742,1.0805612651777214
2.07682602,1.0805891904457532
2.078845459,1.0806450409818171
2.080836167,1.0806101343967773
2.0828348660000002,1.0805891904457532
2.084805728,1.0805682464947293
2.086813115,1.0806031530797693
2.088859751,1.0805891904457532
2.0908313080000003,1.0806310783478013
2.092806159,1.0806101343967773
2.0948515700000003,1.0805822091287454
2.096804712,1.0805891904457532
2.098901934,1.0806031530797693
2.10087818,1.0806031530797693
2.1028948450000002,1.0805822091287454
2.104860619,1.0806101343967773
2.106814843,1.0805473025437053
2.1089828120000003,1.0805612651777214
2.110779564,1.0806031530797693
2.1127669780000002,1.0806031530797693
2.114773993,1.0805682464947293
2.1167678320000003,1.0806240970307932
2.118883707,1.0805682464947293
2.120821266,1.0806240970307932
2.122830043,1.0805473025437053
2.124821589,1.0806031530797693
2.126850804,1.0805473025437053
2.1287624750000003,1.0805891904457532
2.130832248,1.0806240970307932
2.132825689,1.0806240970307932
2.13482661,1.0805682464947293
2.1368490860000002,1.0805403212266975
2.138768987,1.0806450409818171
2.14081492,1.0806310783478013
2.1428433410000003,1.0805682464947293
2.144880701,1.0805891904457532
2.146814043,1.0806520222988252
2.148855777,1.0805891904457532
2.1508461750000003,1.0806240970307932
2.1529034730000003,1.0806031530797693
2.1547871840000004,1.0805891904457532
2.1568384590000003,1.0806031530797693
2.15882532,1.0806031530797693
2.160777801,1.0806240970307932
2.162768697,1.0806031530797693
2.1647911360000003,1.0806520222988252
2.166772371,1.0806101343967773
2.168787349,1.0805822091287454
2.170785081,1.0805891904457532
2.17275796,1.0806031530797693
2.17477525,1.0805682464947293
2.176781031,1.0806101343967773
2.178806148,1.0805682464947293
2.180889509,1.0805612651777214
2.182785405,1.0805822091287454
2.184811171,1.0805822091287454
2.186809013,1.0805822091287454
2.188781854,1.0806031530797693
2.190776968,1.0805891904457532
2.1928117730000003,1.0806031530797693
2.194790528,1.0805682464947293
2.196807509,1.0806101343967773
2.198764142,1.0806101343967773
2.200765404,1.0806101343967773
2.2027545440000003,1.0805682464947293
2.20478598,1.0805822091287454
2.206805607,1.0806240970307932
2.208760906,1.0806240970307932
2.210808231,1.0806101343967773
2.2127961600000003,1.0805682464947293
2.214901277,1.0805822091287454
2.216797547,1.0805891904457532
2.2187946320000003,1.0806101343967773
2.220908363,1.0805891904457532
2.222825463,1.0806450409818171
2.22477504,1.0805473025437053
2.226770664,1.0805612651777214
2.228814438,1.0806031530797693
2.2308335280000002,1.0806101343967773
2.232822338,1.0805473025437053
2.234865649,1.0806031530797693
2.2368358280000002,1.0805891904457532
2.238798696,1.0805682464947293
2.240870218,1.0805682464947293
2.2428425450000002,1.0805822091287454
2.244797192,1.0806240970307932
2.2468036870000003,1.080665984932841
2.24884793,1.0805822091287454
2.2508458310000004,1.0806031530797693
2.2528192600000003,1.0806240970307932
2.2547728350000003,1.0805612651777214
2.256801109,1.0805682464947293
2.2587860880000004,1.0806310783478013
2.260808245,1.0806450409818171
2.262829344,1.0806310783478013
2.26478685,1.0806101343967773
2.2668957460000003,1.0805473025437053
2.268782275,1.0806031530797693
2.27086412,1.0805612651777214
2.2728132000000003,1.0805263585926816
2.274891728,1.0806031530797693
2.276824942,1.0806101343967773
2.278800542,1.0805891904457532
2.2808498680000002,1.0806240970307932
2.2827942770000003,1.0806310783478013
2.284812758,1.0806310783478013
2.28679759,1.0805682464947293
2.288833588,1.0806240970307932
2.2908938720000003,1.0806520222988252
2.292784127,1.0806101343967773
2.2948186560000003,1.0806031530797693
2.296838744,1.0806240970307932
2.298783589,1.0806101343967773
2.3007849900000004,1.0806101343967773
2.302801713,1.0806031530797693
2.304806054,1.0806310783478013
2.306806092,1.0805891904457532
2.308792705,1.0806101343967773
2.310791616,1.0805822091287454
2.3127904960000003,1.0805822091287454
2.314842616,1.0805822091287454
2.3168156570000003,1.0806101343967773
2.3188244080000002,1.0806310783478013
2.320899495,1.0806101343967773
2.322777688,1.0806031530797693
2.324787606,1.0805891904457532
2.326991688,1.0806031530797693
2.3288477260000002,1.0805822091287454
2.3308880860000003,1.0806310783478013
2.332867651,1.0806031530797693
2.334834437,1.0805891904457532
2.3369103900000003,1.0805612651777214
2.338890123,1.0805891904457532
2.340857365,1.0805822091287454
2.342745514,1.0805612651777214
2.344786077,1.0806310783478013
2.346854585,1.0805822091287454
2.3487882410000003,1.0806310783478013
2.350845742,1.0806520222988252
2.3529629350000003,1.0805403212266975
2.3548702550000002,1.0806240970307932
2.356865752,1.0805891904457532
2.3588242050000003,1.0806031530797693
2.360828595,1.0805682464947293
2.362783927,1.0805822091287454
2.364807935,1.0806240970307932
2.366796303,1.0806101343967773
2.368774279,1.0806240970307932
2.370964906,1.0806031530797693
2.372925191,1.0806240970307932
2.374852894,1.0806101343967773
2.3777093170000003,1.0806101343967773
2.378902525,1.0806101343967773
2.3809921970000003,1.0806101343967773
2.382967616,1.0806101343967773
2.3848855970000002,1.0806450409818171
2.3869468560000002,1.0806031530797693
2.3888267570000004,1.0806031530797693
2.3908641910000004,1.0806101343967773
2.3928463420000003,1.0806450409818171
2.394798595,1.0805682464947293
2.3967672120000003,1.0805822091287454
2.398763912,1.0806101343967773
2.402995531,1.0806101343967773
2.403050833,1.0806101343967773
2.4048304380000003,1.0805891904457532
2.406813538,1.0806101343967773
2.408807039,1.080665984932841
2.410794891,1.0806240970307932
2.41278557,1.0806101343967773
2.4147721690000004,1.0805822091287454
2.4167895560000003,1.0805891904457532
2.418834019,1.0805891904457532
2.422041155,1.0806240970307932
2.4227967230000003,1.0806450409818171
2.424759551,1.0806101343967773
2.4267671070000003,1.0806520222988252
2.428801075,1.0805891904457532
2.4307790870000003,1.0806101343967773
2.4328012180000003,1.080665984932841
2.434818658,1.0806310783478013
2.436828241,1.0805682464947293
2.4388124920000003,1.0806310783478013
2.4408074720000004,1.0806101343967773
2.44401348,1.0805612651777214
2.44479961,1.0806101343967773
2.4467804290000004,1.0806450409818171
2.4487966140000004,1.0806031530797693
2.450819951,1.0806450409818171
2.4528002090000003,1.0805473025437053
2.4548283420000003,1.0806031530797693
2.457975095,1.0805891904457532
2.4587931170000004,1.0806101343967773
2.460826877,1.0805822091287454
2.462795201,1.0806240970307932
2.464783106,1.0806031530797693
2.4668214760000002,1.0805891904457532
2.4688298570000002,1.0806520222988252
2.470801528,1.0805682464947293
2.472888057,1.0805403212266975
2.4770146570000002,1.0805891904457532
2.477055747,1.0805891904457532
2.4788329410000003,1.0806240970307932
2.48221997,1.0806240970307932
2.482838613,1.0805682464947293
2.488032655,1.0805891904457532
2.488073655,1.0806310783478013
2.488821991,1.0805822091287454
2.490790547,1.0805891904457532
2.4927886740000003,1.0806450409818171
2.4948275790000003,1.0805891904457532
2.4968135350000003,1.0806101343967773
2.499980803,1.0806101343967773
2.500815606,1.0806101343967773
2.503874199,1.0806101343967773
2.504815517,1.0806240970307932
2.506914592,1.0806101343967773
2.508926879,1.0805891904457532
2.510950311,1.0806031530797693
2.512971552,1.0805822091287454
2.5149220430000003,1.0805612651777214
2.516959714,1.0806450409818171
2.519005926,1.0806450409818171
2.5208991490000003,1.0805891904457532
2.522823609,1.0806031530797693
2.524976739,1.0806310783478013
2.527010306,1.0806101343967773
2.52893457,1.0806240970307932
2.531195833,1.0806240970307932
2.532989881,1.0805612651777214
2.534967795,1.0806031530797693
2.5369132530000003,1.0806240970307932
2.538897038,1.0805891904457532
2.540790522,1.0806101343967773
2.542866194,1.0806101343967773
2.544919317,1.0806240970307932
2.546914642,1.0806240970307932
2.548780475,1.0805822091287454
2.5507942540000004,1.0805822091287454
2.5528828150000002,1.0806101343967773
2.554909737,1.0805891904457532
2.556796801,1.0806101343967773
2.5588976000000003,1.080665984932841
2.560929083,1.0805822091287454
2.562908923,1.0805891904457532
2.564848284,1.0806240970307932
2.566767076,1.0805682464947293
2.5688485190000003,1.0805612651777214
2.570906693,1.0806101343967773
2.572798132,1.0806031530797693
2.574913705,1.0805891904457532
2.576912751,1.0805822091287454
2.5788703180000003,1.0806031530797693
2.580880016,1.0806240970307932
2.582958267,1.0805891904457532
2.5847870210000004,1.0805822091287454
2.5868973140000002,1.0805682464947293
2.5887919580000003,1.0806101343967773
2.5907723010000003,1.0805612651777214
2.592824358,1.0805682464947293
2.594781443,1.0805822091287454
2.59687965,1.0805612651777214
2.598906425,1.0805891904457532
2.60080436,1.0805682464947293
2.60294311,1.0805822091287454
2.6051006880000003,1.0805891904457532
2.6069384450000004,1.0805682464947293
2.608966403,1.0805822091287454
2.6109557650000004,1.080686928883865
2.612902547,1.0806031530797693
2.6149680180000003,1.0805822091287454
2.617012731,1.0805891904457532
2.618922372,1.0806031530797693
2.620907153,1.0805891904457532
2.623126322,1.0805612651777214
2.6249846750000003,1.0805682464947293
2.626958241,1.0805822091287454
2.628958431,1.0806450409818171
2.631000203,1.0805682464947293
2.632891114,1.0806101343967773
2.635036146,1.0805891904457532
2.63690427,1.0805822091287454
2.639005329,1.0806031530797693
2.640930194,1.0805822091287454
2.643119966,1.0806450409818171
2.6449217860000003,1.0806031530797693
2.6471631180000004,1.0805891904457532
2.6489645210000003,1.0806101343967773
2.650765631,1.0805822091287454
2.6529330530000004,1.0806240970307932
2.65493859,1.0806031530797693
2.656942234,1.0806031530797693
2.658803589,1.0806240970307932
2.6609419350000003,1.0805473025437053
2.662902952,1.0806520222988252
2.66475884,1.0806101343967773
2.6668399700000003,1.0805403212266975
2.668772897,1.0806240970307932
2.670986553,1.0806031530797693
2.672974356,1.0805822091287454
2.67478621,1.0806101343967773
2.6769363850000003,1.0806240970307932
2.6788211,1.0806240970307932
2.6809560030000004,1.0806729662498489
2.682900906,1.0806031530797693
2.684819484,1.0805682464947293
2.6869224110000003,1.0806450409818171
2.688796086,1.0806031530797693
2.690797479,1.0806310783478013
2.692930155,1.0806101343967773
2.6956460100000004,1.0806101343967773
2.696900718,1.0806101343967773
2.698982494,1.0806240970307932
2.7012177680000002,1.0805891904457532
2.702899946,1.0806240970307932
2.7049511610000003,1.0806310783478013
2.7068806050000003,1.0806031530797693
2.7089002520000003,1.0805822091287454
2.711219152,1.0805822091287454
2.7131146210000003,1.0806240970307932
2.7148034450000003,1.0806031530797693
2.716973753,1.0806031530797693
2.71884314,1.0805891904457532
2.720811598,1.0806101343967773
2.722949862,1.0805822091287454
2.724936759,1.0805682464947293
2.7267989640000003,1.080665984932841
2.728819718,1.0806031530797693
2.7308457940000004,1.0805473025437053
2.7328117560000003,1.0806101343967773
2.7349224920000004,1.0806101343967773
2.736896904,1.0806450409818171
2.738801547,1.0805612651777214
2.740941302,1.0806031530797693
2.7429746440000002,1.0806520222988252
2.7448756600000004,1.0806031530797693
2.746947469,1.0805822091287454
2.7489456530000003,1.0806310783478013
2.750974099,1.0806310783478013
2.752855957,1.0806310783478013
2.7549557850000004,1.0805682464947293
2.7569197250000004,1.0805473025437053
2.7589331390000003,1.0805822091287454
2.760957636,1.0806101343967773
2.762791913,1.0806031530797693
2.7649504940000003,1.0805612651777214
2.7668305870000003,1.0806031530797693
2.7689350150000003,1.0805891904457532
2.77095154,1.0806101343967773
2.7729821780000004,1.0806310783478013
2.7749719710000003,1.0806031530797693
2.7769135080000003,1.0806101343967773
2.7787681660000003,1.0806729662498489
2.780951512,1.0806450409818171
2.783012128,1.0806031530797693
2.7849251,1.0806101343967773
2.7869259050000004,1.0805682464947293
2.788907109,1.0805891904457532
2.79090712,1.0805612651777214
2.7929117650000004,1.0805891904457532
2.7949876770000004,1.0806031530797693
2.796956835,1.0806101343967773
2.7989460470000003,1.0806031530797693
2.8010118480000004,1.0806310783478013
2.8027774930000002,1.0805891904457532
2.8047853590000003,1.0806310783478013
2.8067640810000003,1.0806310783478013
2.8089878440000002,1.0806031530797693
2.8108089460000003,1.0806101343967773
2.8129704220000002,1.0806729662498489
2.814908147,1.0806031530797693
2.816778819,1.0806031530797693
2.818807048,1.0805822091287454
2.8208862270000004,1.0805891904457532
2.8228068410000002,1.0805822091287454
2.8247969250000002,1.0806101343967773
2.826896643,1.0806729662498489
2.82885835,1.0805891904457532
2.8308680280000003,1.0805891904457532
2.832854654,1.0806310783478013
2.8348398390000003,1.0805822091287454
2.8368371260000003,1.0806310783478013
2.8388265980000003,1.0805822091287454
2.8408310840000004,1.0806310783478013
2.8428423350000003,1.0806240970307932
2.8448644290000002,1.0806101343967773
2.846806819,1.0805891904457532
2.8487939420000004,1.0805822091287454
2.85087438,1.0805891904457532
2.8532060280000002,1.0805822091287454
2.854785449,1.0806240970307932
2.856911534,1.0805891904457532
2.8588622630000002,1.0806240970307932
2.860806,1.0805682464947293
2.8628819,1.0806031530797693
2.8648413930000003,1.0806101343967773
2.866884652,1.0806031530797693
2.8688608330000003,1.0806031530797693
2.870929427,1.0805822091287454
2.87288414,1.0806310783478013
2.874794849,1.0806101343967773
2.8769254830000004,1.0806101343967773
2.8788178710000003,1.0806240970307932
2.880867313,1.0806101343967773
2.883019893,1.0806031530797693
2.884782389,1.0805891904457532
2.886878029,1.0805891904457532
2.8888484680000004,1.0806240970307932
2.890927457,1.0805891904457532
2.892984058,1.0806450409818171
2.894895998,1.0805891904457532
2.896797132,1.0806031530797693
2.898947429,1.0806240970307932
2.9008828880000004,1.0806240970307932
2.902943441,1.0806240970307932
2.9048674340000002,1.0806450409818171
2.906794702,1.0805612651777214
2.908940765,1.0805891904457532
2.9108952570000004,1.0806031530797693
2.912841117,1.0805891904457532
2.914939089,1.0805403212266975
2.916898959,1.0806101343967773
2.9187901110000003,1.0806101343967773
2.9208212120000003,1.0806310783478013
2.922820443,1.0806031530797693
2.924781466,1.0806031530797693
2.926977737,1.0805612651777214
2.928813448,1.0806240970307932
2.930866019,1.0805612651777214
2.9328581060000003,1.080665984932841
2.9348709960000003,1.0805891904457532
2.9367942350000003,1.0806310783478013
2.938854525,1.0806101343967773
2.9409135020000003,1.0805891904457532
2.942789517,1.0805891904457532
2.9449721660000003,1.0806240970307932
2.946904603,1.0805822091287454
2.948808118,1.0805473025437053
2.9508590420000003,1.0806031530797693
2.952963043,1.0806101343967773
2.954908667,1.0805822091287454
2.956917068,1.0805263585926816
2.958868309,1.0806240970307932
2.9609510410000004,1.0806031530797693
2.962978924,1.0805682464947293
2.9649019290000003,1.0806031530797693
2.966900127,1.0805822091287454
2.9689623390000004,1.0805822091287454
2.970813021,1.0806240970307932
2.972880924,1.0806310783478013
2.9747881290000002,1.0806101343967773
2.977025755,1.0806240970307932
2.978928853,1.0806310783478013
2.980910503,1.0805891904457532
2.9840136860000004,1.0805822091287454
2.985507602,1.0805822091287454
2.988142372,1.0805612651777214
2.988925194,1.0805612651777214
2.990883542,1.0806310783478013
2.992822734,1.0806310783478013
2.994831764,1.0805822091287454
2.9968160320000004,1.0806031530797693
2.9987831480000002,1.0805473025437053
3.0008567090000002,1.0805682464947293
3.002942059,1.0806310783478013
3.004839182,1.0805891904457532
3.0068321900000003,1.0805612651777214
3.008789204,1.0805891904457532
3.0108128020000002,1.0805822091287454
3.012780271,1.0806450409818171
3.014816215,1.0805682464947293
3.0167765820000003,1.0805682464947293
3.0188050160000004,1.0805822091287454
3.0208050080000004,1.0806031530797693
3.022822466,1.0805822091287454
3.0248279300000003,1.0805682464947293
3.026779111,1.0805891904457532
3.0288051190000003,1.0805403212266975
3.030788987,1.0805891904457532
3.0328118600000002,1.0806031530797693
3.034785464,1.0805891904457532
3.036792306,1.0805891904457532
3.0388102490000004,1.0805891904457532
3.04079807,1.0805891904457532
3.042769551,1.0805822091287454
3.044792568,1.0806101343967773
3.0467976460000004,1.0805682464947293
3.048783191,1.0806101343967773
3.0508446840000003,1.0806031530797693
3.0528301250000003,1.0805822091287454
3.054884709,1.0806031530797693
3.057707578,1.0806450409818171
3.0605053,1.0806450409818171
3.061756679,1.0806101343967773
3.0637033540000003,1.0806101343967773
3.0661138780000003,1.0805891904457532
3.06802229,1.0805891904457532
3.069407048,1.0806520222988252
3.0716796000000004,1.0806520222988252
3.0735641150000004,1.0806240970307932
3.07572693,1.0806240970307932
3.077834503,1.0806101343967773
3.080372114,1.0806101343967773
3.081649611,1.0805822091287454
3.0840723590000003,1.0805822091287454
3.0852861120000004,1.0805891904457532
3.087856861,1.0805891904457532
3.089046616,1.0805403212266975
3.092163025,1.0805403212266975
3.093290724,1.0806240970307932
3.095765473,1.0806240970307932
3.0969278200000003,1.0805822091287454
3.100073596,1.0805822091287454
3.1019985730000004,1.0805822091287454
3.103016091,1.0806520222988252
3.105655383,1.0806520222988252
3.1078946370000002,1.0806031530797693
3.110540213,1.0806031530797693
3.111601389,1.0806240970307932
3.1141896030000003,1.0806240970307932
3.115604979,1.0806031530797693
3.118215085,1.0806031530797693
3.1197494910000003,1.0805822091287454
3.123137434,1.0805822091287454
3.1242330640000002,1.0805822091287454
3.126621366,1.0805822091287454
3.128635853,1.0805612651777214
3.1314451890000004,1.0805612651777214
3.132655949,1.0805891904457532
3.134008924,1.0805891904457532
3.1356416150000004,1.0805891904457532
3.1377541,1.0806101343967773
3.1398932540000004,1.0806101343967773
3.141820811,1.0806450409818171
3.143070718,1.0806450409818171
3.1458129080000004,1.0805682464947293
3.1481928630000002,1.0805682464947293
3.1494570470000003,1.0806101343967773
3.1519274690000003,1.0806101343967773
3.152835655,1.0805822091287454
3.155369863,1.0806031530797693
3.1580898900000003,1.0806031530797693
3.159014367,1.0806031530797693
3.161174119,1.0806031530797693
3.1628376240000002,1.0805822091287454
3.164910589,1.0806310783478013
3.167835311,1.0806310783478013
3.169910493,1.0806310783478013
3.1721708750000004,1.0806310783478013
3.173243894,1.0806031530797693
3.175810048,1.0806031530797693
3.1769102080000002,1.0806031530797693
3.1791976550000003,1.0806101343967773
3.180965351,1.0806101343967773
3.1831518250000004,1.0805891904457532
3.185582654,1.0805891904457532
3.187986217,1.0805891904457532
3.189640975,1.0805891904457532
3.192025698,1.0806101343967773
3.194503788,1.0806101343967773
3.1956006390000002,1.0805891904457532
3.198036801,1.0805891904457532
3.1993268890000004,1.0806240970307932
3.2019217330000003,1.0806240970307932
3.2031362540000003,1.0805612651777214
3.2057269180000003,1.0805612651777214
3.20868705,1.0806101343967773
3.2097276270000004,1.0806101343967773
3.211657169,1.0806240970307932
3.2135324400000003,1.0806240970307932
3.2152270360000004,1.0806450409818171
3.217373733,1.0806450409818171
3.2189846010000003,1.0805473025437053
3.2208758370000004,1.0805473025437053
3.22286053,1.0806240970307932
3.224814695,1.0805822091287454
3.2268235090000004,1.0805682464947293
3.228812923,1.0806101343967773
3.2307805060000003,1.0805891904457532
3.2327954570000004,1.0805822091287454
3.234846188,1.0805891904457532
3.236795491,1.0806031530797693
3.2387898710000003,1.0805891904457532
3.2408166190000003,1.0805822091287454
3.2427764910000003,1.0806240970307932
3.2448004590000004,1.0805891904457532
3.2468021150000004,1.0806101343967773
3.2487702400000003,1.0805891904457532
3.250808343,1.0805682464947293
3.2528160600000002,1.0805891904457532
3.2547993980000003,1.0805822091287454
3.25677839,1.0806450409818171
3.2587700450000003,1.0805822091287454
3.260759234,1.0806240970307932
3.262830194,1.0805682464947293
3.2648053790000002,1.0805891904457532
3.266834433,1.0805682464947293
3.268801373,1.0805891904457532
3.2707728140000003,1.0805682464947293
3.2727551310000003,1.0806031530797693
3.2747860930000003,1.0805891904457532
3.276773626,1.0806240970307932
3.2787795290000004,1.0805612651777214
3.2808244180000004,1.0805682464947293
3.282974814,1.0806450409818171
3.284874777,1.0806310783478013
3.2868189460000004,1.0805891904457532
3.288827415,1.0806031530797693
3.290794871,1.0805822091287454
3.2927669780000004,1.0806240970307932
3.2948295740000004,1.0806240970307932
3.2968349740000003,1.0806031530797693
3.2987805010000004,1.0806101343967773
3.300808748,1.0806310783478013
3.3028223920000004,1.080665984932841
3.304788475,1.0806101343967773
3.306855001,1.0806101343967773
3.308779132,1.0806729662498489
3.3107720350000003,1.0806240970307932
3.3127980220000004,1.0805612651777214
3.3147800430000003,1.0806240970307932
3.3168329730000004,1.0806310783478013
3.3187757110000002,1.0805891904457532
3.3208318660000002,1.0806101343967773
3.322776397,1.0805263585926816
3.324759633,1.0806101343967773
3.326800797,1.0806240970307932
3.3287918420000002,1.0805473025437053
3.330801327,1.0805891904457532
3.332800852,1.0806101343967773
3.334771329,1.0805891904457532
3.33677672,1.0805612651777214
3.338795825,1.0805891904457532
3.3407946990000004,1.0805822091287454
3.3428045170000003,1.0806101343967773
3.344874442,1.0806101343967773
3.346851903,1.0806031530797693
3.348818756,1.0805822091287454
3.35079013,1.0805612651777214
3.3527823870000004,1.0806101343967773
3.3548149890000003,1.0805891904457532
3.3567859700000002,1.0806031530797693
3.358800467,1.0806310783478013
3.360794115,1.0805682464947293
3.3627765440000004,1.0806310783478013
3.3648152440000003,1.0806101343967773
3.3668042020000004,1.0806101343967773
3.368774859,1.0806101343967773
3.3708245910000003,1.0805682464947293
3.3727705930000003,1.0806101343967773
3.37477907,1.0805891904457532
3.3767925940000003,1.0806101343967773
3.3790007120000003,1.0806240970307932
3.3809133080000002,1.0806240970307932
3.3830178230000003,1.0805612651777214
3.384901348,1.0806240970307932
3.386865681,1.0805822091287454
3.3887916820000004,1.0806101343967773
3.390872723,1.0806240970307932
3.392865671,1.0806031530797693
3.394897788,1.0806310783478013
3.3968253240000004,1.0805891904457532
3.39886033,1.0805891904457532
3.4007879780000003,1.0806101343967773
3.4028301740000004,1.0806101343967773
3.4048441900000004,1.0806450409818171
3.406838135,1.0806310783478013
3.4088908210000004,1.0806101343967773
3.410796098,1.0806450409818171
3.412885338,1.0806101343967773
3.4147973420000004,1.0805822091287454
3.4168039830000003,1.0806031530797693
3.418803468,1.0806240970307932
3.4208783850000004,1.0805822091287454
3.422839193,1.0806101343967773
3.424821526,1.0806031530797693
3.4268689830000003,1.0806450409818171
3.428837575,1.0806310783478013
3.430900824,1.0806101343967773
3.4328957480000004,1.0806031530797693
3.434867709,1.0806310783478013
3.4368675950000003,1.0805891904457532
3.4388636060000004,1.0805682464947293
3.4408963580000003,1.0806101343967773
3.4429189780000002,1.0806101343967773
3.444981466,1.0806031530797693
3.4468287610000004,1.0805891904457532
3.448872787,1.0805682464947293
3.4508685040000002,1.0806240970307932
3.4528342390000004,1.0806240970307932
3.454922024,1.0806240970307932
3.4568858540000003,1.0806031530797693
3.4588016180000003,1.0806031530797693
3.461007309,1.0805822091287454
3.462900523,1.0806031530797693
3.4649328560000003,1.0806101343967773
3.4669453690000003,1.0806240970307932
3.4688049330000004,1.0806101343967773
3.470819815,1.0806101343967773
3.4728132900000004,1.0806031530797693
3.4749164020000003,1.0805891904457532
3.4768683100000004,1.0805822091287454
3.478819193,1.0805891904457532
3.4808140510000003,1.0806240970307932
3.4828817240000003,1.0806101343967773
3.4849374330000003,1.0805891904457532
3.4869959190000004,1.0806240970307932
3.4888875240000004,1.0806031530797693
3.4909072200000004,1.0806101343967773
3.4928217370000003,1.0805891904457532
3.494848198,1.0806101343967773
3.4968030710000004,1.0806031530797693
3.4988642550000004,1.0805891904457532
3.500795665,1.0806101343967773
3.502827943,1.0806310783478013
3.5048862190000003,1.0805822091287454
3.506826621,1.0805682464947293
3.5089210160000004,1.080665984932841
3.5108405470000004,1.0805891904457532
3.512853551,1.0805891904457532
3.514846625,1.0806520222988252
3.516879031,1.0806101343967773
3.51882953,1.0805473025437053
3.5208702880000002,1.0806101343967773
3.5229146260000004,1.0806310783478013
3.524804656,1.0805891904457532
3.526891034,1.0806101343967773
3.5289173720000004,1.0806240970307932
3.5309322090000004,1.0806031530797693
3.5328244520000003,1.0805682464947293
3.534837687,1.0806240970307932
3.5369263380000002,1.0806101343967773
3.5389382240000002,1.0806310783478013
3.540865462,1.0805682464947293
3.5428720370000004,1.0805891904457532
3.544884445,1.0806520222988252
3.5469124130000003,1.0805891904457532
3.5488944690000004,1.0805822091287454
3.550848954,1.0806031530797693
3.5527841540000002,1.0805891904457532
3.5548154330000004,1.0805891904457532
3.5568713520000004,1.0806031530797693
3.5588002100000002,1.0805682464947293
3.5608327780000004,1.0805822091287454
3.5628400740000004,1.0805891904457532
3.564849049,1.0805891904457532
3.566852851,1.0805891904457532
3.5687921240000002,1.0806310783478013
3.570904066,1.0805891904457532
3.5729052830000003,1.0805822091287454
3.5748414250000002,1.0806240970307932
3.576951397,1.0806240970307932
3.578819873,1.0806031530797693
3.5808624320000004,1.0805822091287454
3.5828519200000004,1.0805682464947293
3.5849211530000002,1.0806031530797693
3.586813615,1.0805822091287454
3.588784491,1.0806450409818171
3.5908154980000004,1.0805822091287454
3.592915805,1.0806101343967773
3.594840179,1.0806101343967773
3.5968772970000003,1.0806101343967773
3.598872001,1.0805682464947293
3.6009336800000002,1.0806101343967773
3.6028878460000002,1.0805473025437053
3.6048357,1.0805682464947293
3.606860096,1.0805891904457532
3.608799175,1.0805822091287454
3.610837461,1.0806240970307932
3.6128380410000003,1.0806101343967773
3.6149110710000003,1.0805822091287454
3.6168451100000003,1.0805473025437053
3.618859855,1.0806031530797693
3.620882587,1.0806031530797693
3.6227873440000002,1.0805891904457532
3.6248723430000003,1.0805891904457532
3.626845975,1.0806240970307932
3.6289648430000003,1.0806031530797693
3.6308387800000004,1.0805822091287454
3.6328423520000004,1.0806240970307932
3.6349045550000003,1.0805473025437053
3.636764973,1.0805612651777214
3.6388467060000003,1.0806310783478013
3.640836558,1.0806240970307932
3.6428597050000002,1.0806031530797693
3.644888282,1.0805822091287454
3.6468270030000003,1.0806310783478013
3.648864305,1.0805822091287454
3.6508929610000003,1.0805682464947293
3.6528861000000004,1.0806240970307932
3.6548888230000003,1.0805682464947293
3.6568566760000003,1.0806031530797693
3.6589255260000004,1.0805473025437053
3.660943172,1.0805682464947293
3.6629097720000003,1.0806310783478013
3.664856503,1.0805891904457532
3.6668242450000004,1.0806101343967773
3.66892661,1.0805682464947293
3.6709087910000004,1.0806240970307932
3.6728347660000003,1.0805891904457532
3.674960822,1.0806240970307932
3.676902574,1.0806101343967773
3.6788538770000003,1.0805822091287454
3.680830986,1.0806031530797693
3.682814877,1.0805682464947293
3.6848143380000002,1.0805682464947293
3.686890972,1.0806101343967773
3.6888132180000004,1.0806310783478013
3.6908931280000004,1.0805822091287454
3.6928172900000003,1.0805891904457532
3.6947652680000003,1.0806101343967773
3.696820653,1.0805822091287454
3.698768078,1.0805682464947293
3.7008053590000003,1.0806240970307932
3.7028182590000003,1.0805822091287454
3.7047938900000004,1.0805822091287454
3.706780886,1.0805822091287454
3.708804111,1.0806101343967773
3.7107658000000003,1.0806101343967773
3.71277638,1.0806240970307932
3.714766994,1.0805682464947293
3.716824599,1.0805891904457532
3.7188157530000003,1.0805891904457532
3.720786313,1.0805891904457532
3.722793867,1.0806240970307932
3.724779401,1.0805891904457532
3.7268104070000003,1.0805891904457532
3.7287878630000004,1.0805682464947293
3.7307795730000004,1.080665984932841
3.7328206980000003,1.0805891904457532
3.7348001990000004,1.0806031530797693
3.736773647,1.0805682464947293
3.738800507,1.0805612651777214
3.7407828260000002,1.0806031530797693
3.7427659390000003,1.0806240970307932
3.744792448,1.0806310783478013
3.7467731150000003,1.0806101343967773
3.7488444120000004,1.0806450409818171
3.7508159510000003,1.0805822091287454
3.752783731,1.0806101343967773
3.7547801260000004,1.0806240970307932
3.7567606980000003,1.0806031530797693
3.7589038780000004,1.0806031530797693
3.7607843630000004,1.0805682464947293
3.762786268,1.0806310783478013
3.76481015,1.0806310783478013
3.7667915620000003,1.0806101343967773
3.768842228,1.0805822091287454
3.77078376,1.0806031530797693
3.7727864380000002,1.0805891904457532
3.77477857,1.0805891904457532
3.776776737,1.0805891904457532
3.7788099930000003,1.0805822091287454
3.780835842,1.0806101343967773
3.782774002,1.0805891904457532
3.7847556740000003,1.0805891904457532
3.7867993220000002,1.0806101343967773
3.7887779310000003,1.0806101343967773
3.7908166750000003,1.0805822091287454
3.792815806,1.0806240970307932
3.794817601,1.0805612651777214
3.79678467,1.0805891904457532
3.7988489800000003,1.0805891904457532
3.8007980810000004,1.0806101343967773
3.8027877930000002,1.0805682464947293
3.804798775,1.0806101343967773
3.80679163,1.0805822091287454
3.8088046720000004,1.0805682464947293
3.81083117,1.0806031530797693
3.8127954660000003,1.0805612651777214
3.814764637,1.0806101343967773
3.8167931270000004,1.0805891904457532
3.81879641,1.0806101343967773
3.8207948980000004,1.0805891904457532
3.8228283390000004,1.0805891904457532
3.824784402,1.0805682464947293
3.8267731850000004,1.0805891904457532
3.828821539,1.0805612651777214
3.830808579,1.0806450409818171
3.8327895470000004,1.0806310783478013
3.8347851100000003,1.0806031530797693
3.836810266,1.0806450409818171
3.838783364,1.0806031530797693
3.840775878,1.0805891904457532
3.842801456,1.0806240970307932
3.8447778730000004,1.0806031530797693
3.8468717650000004,1.0806101343967773
3.848853194,1.0806031530797693
3.8508183320000002,1.0805682464947293
3.85282042,1.0806240970307932
3.8547858460000004,1.0806240970307932
3.8567798000000004,1.0806031530797693
3.858821244,1.0806101343967773
3.860803086,1.0805891904457532
3.8627806830000004,1.0806240970307932
3.8648294200000004,1.0805891904457532
3.866799947,1.0805822091287454
3.86876692,1.0806031530797693
3.8708172490000003,1.0805682464947293
3.8727989130000005,1.0806101343967773
3.874780748,1.0805891904457532
3.8767798900000003,1.0806240970307932
3.878837491,1.0806101343967773
3.880797341,1.0805891904457532
3.8828174680000003,1.0806031530797693
3.884818354,1.0805822091287454
3.886783138,1.0806240970307932
3.8887768300000003,1.0805822091287454
3.8907912110000002,1.0806450409818171
3.892803251,1.0806101343967773
3.8948104700000004,1.0806101343967773
3.896799563,1.0806520222988252
3.8988035020000003,1.0806031530797693
3.900804668,1.0805682464947293
3.9027847130000004,1.0805891904457532
3.904785189,1.0805822091287454
3.9068167820000004,1.0805682464947293
3.908805467,1.0805822091287454
3.9107888400000004,1.0806031530797693
3.912806777,1.0806031530797693
3.914805336,1.0806520222988252
3.9167719340000002,1.0806310783478013
3.9187832890000003,1.0805822091287454
3.9208180360000005,1.0805682464947293
3.9228476160000003,1.0806310783478013
3.924787998,1.0806031530797693
3.92681021,1.0805473025437053
3.928871651,1.0805682464947293
3.930780463,1.0806450409818171
3.932810153,1.0805473025437053
3.934789122,1.0806031530797693
3.93677176,1.0806031530797693
3.938986851,1.0806031530797693
3.9408754440000004,1.0805682464947293
3.942789351,1.0805612651777214
3.9448153440000002,1.0806101343967773
3.946777346,1.0806031530797693
3.9488098400000005,1.0805682464947293
3.950811979,1.0805403212266975
3.95279522,1.0806240970307932
3.954806977,1.0805682464947293
3.9568067750000004,1.0805822091287454
3.9588010970000003,1.0805682464947293
3.9608004830000003,1.0806031530797693
3.9628293150000005,1.0805822091287454
3.9647813710000004,1.0806031530797693
3.9667751690000004,1.0805612651777214
3.9687987880000004,1.0806101343967773
3.9708000610000003,1.0805822091287454
3.972793138,1.0806240970307932
3.974810338,1.0805822091287454
3.976832567,1.0806031530797693
3.978821345,1.0806101343967773
3.9807689280000003,1.0805891904457532
3.9834865240000004,1.0805682464947293
3.9852382100000003,1.0805682464947293
3.98731582,1.0806031530797693
3.988975851,1.0806031530797693
3.9909782700000003,1.0805612651777214
3.9928232350000004,1.0805612651777214
3.99484889,1.0805891904457532
3.9968104810000002,1.0806101343967773
3.999128782,1.0806450409818171
4.000912697,1.0806450409818171
4.002851125,1.0805822091287454
4.0049152150000005,1.0805822091287454
4.006916552,1.0805822091287454
4.008963003,1.0805822091287454
4.010833717000001,1.0806310783478013
4.012832132000001,1.0806101343967773
4.014859147,1.0806240970307932
4.016827677,1.0806101343967773
4.0188459860000005,1.0806031530797693
4.0208915780000005,1.0805891904457532
4.022878276,1.0806031530797693
4.02500344,1.0806101343967773
4.026798061,1.0805682464947293
4.028776834,1.0806240970307932
4.0308790210000005,1.0806031530797693
4.032932333000001,1.0806310783478013
4.034851747,1.0806101343967773
4.036878027,1.0805822091287454
4.038920104000001,1.0806101343967773
4.040853478,1.0805891904457532
4.042841957,1.0805891904457532
4.0448130550000005,1.0805682464947293
4.046994888,1.0806101343967773
4.048881298,1.0806101343967773
4.050849638,1.0806310783478013
4.052874927,1.0806031530797693
4.054787281,1.0806031530797693
4.0574595460000005,1.0806101343967773
4.058862442000001,1.0806101343967773
4.060919996,1.0805682464947293
4.062929335000001,1.080665984932841
4.064929483,1.0806031530797693
4.066874396,1.0806031530797693
4.068891308,1.0805891904457532
4.070798459000001,1.0806310783478013
4.072824411,1.0806729662498489
4.074839785,1.0806240970307932
4.076783082,1.0805682464947293
4.07882852,1.0806031530797693
4.08078869,1.0806101343967773
4.082793228,1.0806310783478013
4.084988265000001,1.0805682464947293
4.086887682,1.0806240970307932
4.088943064,1.0805682464947293
4.090927166,1.0806240970307932
4.092895282000001,1.0806101343967773
4.094929475,1.0805682464947293
4.096769743,1.0806310783478013
4.098939068,1.0805891904457532
4.100855547,1.0806450409818171
4.10283201,1.0805682464947293
4.10493659,1.0805891904457532
4.106864584,1.0806450409818171
4.108774898,1.0805403212266975
4.11092171,1.0806101343967773
4.112927907,1.0805891904457532
4.114820075,1.0806101343967773
4.116919838,1.0806101343967773
4.118936082,1.0805612651777214
4.120812819,1.0805891904457532
4.122893428,1.0806101343967773
4.124814952,1.0806031530797693
4.126923972,1.0806031530797693
4.128923530000001,1.0806310783478013
4.130999977,1.0806101343967773
4.1328925420000004,1.0806101343967773
4.134894624,1.0806310783478013
4.136807503,1.0806240970307932
4.13909703,1.0805891904457532
4.14087857,1.0805682464947293
4.142833574,1.0806450409818171
4.144839674,1.0806031530797693
4.146891147,1.0805612651777214
4.1488342320000005,1.0806031530797693
4.150970195,1.0805891904457532
4.153001818,1.0805891904457532
4.155062817,1.0806101343967773
4.157060546,1.0805891904457532
4.159145303,1.0805822091287454
4.16083839,1.0806240970307932
4.163088396,1.0806240970307932
4.1650603660000005,1.0806031530797693
4.166823165,1.0805822091287454
4.169161735,1.0805891904457532
4.1711023130000004,1.0805891904457532
4.173033045,1.0805612651777214
4.174944851,1.0805822091287454
4.1771474600000005,1.0806240970307932
4.178904032,1.0806101343967773
4.1809406330000005,1.0805822091287454
4.183129965,1.0805682464947293
4.184946009,1.0806031530797693
4.186991953000001,1.0806101343967773
4.189134625,1.0806031530797693
4.190941334000001,1.0806310783478013
4.193002563,1.0806031530797693
4.194921048,1.0805891904457532
4.196910795,1.0805891904457532
4.1988564770000005,1.0806031530797693
4.200805811,1.0806031530797693
4.202839804,1.0806240970307932
4.204847233000001,1.0805891904457532
4.2067811840000005,1.0806520222988252
4.208923503,1.0806101343967773
4.2108488600000005,1.0805682464947293
4.212840561,1.0805891904457532
4.2148607170000005,1.0805822091287454
4.21682152,1.0806101343967773
4.218822693,1.0806031530797693
4.220881557,1.0806101343967773
4.222831742,1.0805891904457532
4.224903297,1.0806031530797693
4.227329637,1.0806101343967773
4.229341646,1.0806101343967773
4.230989811000001,1.0806031530797693
4.232947049,1.0805891904457532
4.2349763860000005,1.0806310783478013
4.236901426,1.0806450409818171
4.238950254000001,1.0806101343967773
4.2408662360000005,1.0806101343967773
4.242844278000001,1.0805612651777214
4.244857757,1.0806240970307932
4.247101904,1.0805822091287454
4.2489336060000005,1.0806031530797693
4.250916687,1.0806240970307932
4.253074632000001,1.0806101343967773
4.2549498980000005,1.0806101343967773
4.257072379,1.0806101343967773
4.258838038,1.0805891904457532
4.260844799,1.0806310783478013
4.263084587000001,1.0806031530797693
4.264887087,1.0806031530797693
4.266850842,1.0806240970307932
4.268840005,1.0806031530797693
4.270833716,1.0806310783478013
4.272795919,1.0805822091287454
4.275086563,1.0806031530797693
4.277260217,1.0806031530797693
4.278928767,1.0805682464947293
4.280961854,1.0806101343967773
4.282844367,1.0806101343967773
4.284880543,1.0806031530797693
4.286799144000001,1.0806101343967773
4.288850722,1.0806031530797693
4.290849159,1.0805682464947293
4.292862550000001,1.0806031530797693
4.294811753,1.0805822091287454
4.2967989310000005,1.0805612651777214
4.298852999,1.0805891904457532
4.3008181830000005,1.0805822091287454
4.302853831,1.0806031530797693
4.304975035,1.0806240970307932
4.306808893,1.0806101343967773
4.308784911,1.0805612651777214
4.310832568,1.080665984932841
4.3127944430000005,1.0806101343967773
4.314829733,1.0805682464947293
4.316826122,1.0806520222988252
4.318962505,1.0806031530797693
4.321020982,1.0805682464947293
4.3228567170000005,1.0805682464947293
4.324857297,1.0806101343967773
4.326892437000001,1.0805403212266975
4.328782622,1.0805822091287454
4.330829453000001,1.0806240970307932
4.332818153,1.0806031530797693
4.334812241,1.0806240970307932
4.336939275000001,1.0805891904457532
4.3389767290000005,1.0805822091287454
4.340876837000001,1.0806101343967773
4.342842017000001,1.0805891904457532
4.344785488,1.0806240970307932
4.346797084,1.0806031530797693
4.348788792000001,1.0806310783478013
4.350860601,1.0805822091287454
4.353010123000001,1.0806031530797693
4.354872134,1.0806031530797693
4.356829988,1.0805612651777214
4.3588506360000006,1.0806101343967773
4.360897192,1.0805822091287454
4.362783781,1.0806031530797693
4.364809351,1.0806310783478013
4.36686788,1.0805822091287454
4.368807115,1.0805822091287454
4.370775806,1.0806240970307932
4.372785723000001,1.0806240970307932
4.374937395,1.0805612651777214
4.377896818,1.0805822091287454
4.3791918590000005,1.0805822091287454
4.380983777,1.0805891904457532
4.38297349,1.0805891904457532
4.385009307000001,1.0806240970307932
4.386860546,1.0806240970307932
4.388893078000001,1.0805822091287454
4.390812879,1.0805891904457532
4.392902451,1.0806101343967773
4.394973316000001,1.0805682464947293
4.396909894,1.0805822091287454
4.398816755,1.0806031530797693
4.400965704,1.0806240970307932
4.403075326000001,1.0806240970307932
4.404914683,1.0805822091287454
4.406868713000001,1.0805891904457532
4.408987626,1.0805822091287454
4.410838043,1.0805822091287454
4.412795899000001,1.0805891904457532
4.414827176,1.0805891904457532
4.416826843,1.0805822091287454
4.4187983090000005,1.0806240970307932
4.420864365,1.0806101343967773
4.4230670540000006,1.0806031530797693
4.4248803500000005,1.0806031530797693
4.4268488260000005,1.0806031530797693
4.428973689,1.0805891904457532
4.430881564,1.0805891904457532
4.4328348900000005,1.0805822091287454
4.434793746,1.0806310783478013
4.436866821000001,1.0805822091287454
4.438802264,1.0805822091287454
4.44088176,1.0806240970307932
4.44305965,1.0806101343967773
4.444853796,1.0806101343967773
4.446828486,1.0805891904457532
4.448845400000001,1.0806031530797693
4.450840205,1.0806240970307932
4.452800284,1.0806240970307932
4.454874775,1.0806450409818171
4.456819559,1.0805822091287454
4.45879063,1.0805822091287454
4.4609393740000005,1.0806450409818171
4.4629808010000005,1.0806450409818171
4.464904769,1.0806310783478013
4.466899361,1.0805891904457532
4.468821585000001,1.0806240970307932
4.470803296000001,1.0806240970307932
4.472854199,1.0805891904457532
4.47482545,1.0806031530797693
4.4768904890000005,1.0806520222988252
4.479020024,1.0806031530797693
4.481033625,1.0806031530797693
4.483105944,1.0806031530797693
4.484918955,1.0806031530797693
4.486876957000001,1.0806031530797693
4.488865741000001,1.0805682464947293
4.491151813,1.0805891904457532
4.492881223,1.0805891904457532
4.4948907600000005,1.0806031530797693
4.49710869,1.0805822091287454
4.498847156,1.0805822091287454
4.50093971,1.0806031530797693
4.503052107,1.0806101343967773
4.504887237,1.0806101343967773
4.506854130000001,1.0805612651777214
4.508886841000001,1.0805822091287454
4.510872975,1.0805822091287454
4.512911134,1.0805891904457532
4.514914578,1.0806240970307932
4.516921770000001,1.0806240970307932
4.518858097,1.0806240970307932
4.520979664,1.0806240970307932
4.522902613,1.0806240970307932
4.524944222,1.0805891904457532
4.527067476,1.0806031530797693
4.5288782770000005,1.0806031530797693
4.530886827000001,1.0806031530797693
4.532983455,1.0806240970307932
4.534867549,1.0806240970307932
4.536855259,1.0806031530797693
4.538915462,1.0806240970307932
4.54084266,1.0806031530797693
4.543138905,1.0806310783478013
4.5449867610000005,1.0806310783478013
4.546905549,1.0806031530797693
4.549315095,1.0806310783478013
4.550857765,1.0806310783478013
4.552844439,1.0805822091287454
4.554928418,1.0805612651777214
4.556840136,1.0805612651777214
4.558943628000001,1.0805891904457532
4.560962869,1.0806240970307932
4.563143961000001,1.0806240970307932
4.564866519000001,1.0806101343967773
4.5668912740000005,1.0806101343967773
4.568895671,1.0806031530797693
4.5710177750000005,1.0805682464947293
4.572813633,1.080686928883865
4.57507861,1.0805891904457532
4.576972158,1.0805891904457532
4.5788948220000005,1.0805682464947293
4.580942474,1.0806031530797693
4.582881869,1.0806031530797693
4.584885539,1.0805891904457532
4.586805716000001,1.0806101343967773
4.588966083,1.0805891904457532
4.591041293,1.0805891904457532
4.592869878,1.0805891904457532
4.594914409,1.0806450409818171
4.596829363,1.0806031530797693
4.59886847,1.0805473025437053
4.600908365,1.0806240970307932
4.603076389,1.0806240970307932
4.604855198,1.0806101343967773
4.606824099000001,1.0806101343967773
4.609103211,1.0805612651777214
4.610892678,1.0805612651777214
4.61285086,1.0805682464947293
4.614864366,1.0806240970307932
4.61685647,1.0805682464947293
4.618832312,1.0806101343967773
4.620885945,1.0805891904457532
4.6229870680000005,1.0805891904457532
4.624913039,1.0805891904457532
4.627026729000001,1.0806101343967773
4.628910863000001,1.0805891904457532
4.630975202,1.0806310783478013
4.632920881,1.0805822091287454
4.634891082,1.0806101343967773
4.636873459,1.0806031530797693
4.638931349,1.0805473025437053
4.6410475490000005,1.0806031530797693
4.64310166,1.0806031530797693
4.64498546,1.0806450409818171
4.646821793,1.0806240970307932
4.648887968,1.0806031530797693
4.650909072,1.0805473025437053
4.652821232,1.0806240970307932
4.654986333,1.0806240970307932
4.656948686000001,1.0806101343967773
4.659005045000001,1.0806450409818171
4.660898116,1.0805822091287454
4.662927443,1.0805822091287454
4.664887263000001,1.0806031530797693
4.6668423290000005,1.0805682464947293
4.668864871,1.0805891904457532
4.6709397290000005,1.0806450409818171
4.672842999,1.0806031530797693
4.674841264,1.0805891904457532
4.676955526,1.0805682464947293
4.678915066,1.0805891904457532
4.6809434770000005,1.0806101343967773
4.683257742,1.0806101343967773
4.684923031,1.0806240970307932
4.6869282310000004,1.0805682464947293
4.688916251,1.0806031530797693
4.690844182,1.0806310783478013
4.6928564260000005,1.0806240970307932
4.694829331,1.0805891904457532
4.696810103000001,1.0805612651777214
4.699079996,1.0806310783478013
4.700909995,1.0806310783478013
4.703059681,1.0806031530797693
4.70493263,1.0806031530797693
4.706945091000001,1.0806031530797693
4.7088939970000006,1.0806031530797693
4.710962366,1.0806031530797693
4.712932969000001,1.0806031530797693
4.714876326000001,1.0806031530797693
4.717009398,1.0805473025437053
4.718928483,1.0806310783478013
4.720865774,1.0806101343967773
4.723148021,1.0806031530797693
4.724934303,1.0806031530797693
4.726904445000001,1.0806031530797693
4.728939198,1.0806101343967773
4.73085559,1.0806240970307932
4.732858558,1.0805891904457532
4.735159085,1.0806031530797693
4.736876532,1.0806031530797693
4.738942956000001,1.0806101343967773
4.741198369,1.0806240970307932
4.74296514,1.0806240970307932
4.744905204,1.0806450409818171
4.7468602540000004,1.0806240970307932
4.749027186,1.0806310783478013
4.750892814,1.0806310783478013
4.7528164870000005,1.0805822091287454
4.754831339,1.0806031530797693
4.756808179,1.0806031530797693
4.758807177,1.0805891904457532
4.761191763,1.0805891904457532
4.762981261,1.0805891904457532
4.7649266,1.0806240970307932
4.766900436,1.0806450409818171
4.768926617,1.0805682464947293
4.770823069,1.0806031530797693
4.77293112,1.0806240970307932
4.774924976,1.0805612651777214
4.776888345000001,1.0805822091287454
4.779100322000001,1.0806240970307932
4.780874366,1.0806240970307932
4.782974178,1.0806101343967773
4.78488582,1.0806101343967773
4.786925216,1.0806101343967773
4.788971453,1.0806101343967773
4.790962874,1.0806240970307932
4.792858106000001,1.0806240970307932
4.79489244,1.0805822091287454
4.796915713000001,1.0805891904457532
4.798865361000001,1.0805891904457532
4.801000371000001,1.0806031530797693
4.802951376,1.0806031530797693
4.8049012090000005,1.0806031530797693
4.806829637,1.0806240970307932
4.809289936,1.0806031530797693
4.810947298,1.0806031530797693
4.812972906000001,1.0806031530797693
4.814874233,1.0806031530797693
4.816968997,1.0806031530797693
4.818910555,1.0805822091287454
4.820934588,1.0806101343967773
4.823089894000001,1.0806101343967773
4.825080795,1.0806101343967773
4.8271091,1.0806240970307932
4.829047847,1.0806240970307932
4.830910793,1.0806101343967773
4.8327967460000005,1.0805682464947293
4.834946427,1.0805403212266975
4.836841538000001,1.0805891904457532
4.8389219820000005,1.0806450409818171
4.8413370250000005,1.0805891904457532
4.843062968,1.0805891904457532
4.84502186,1.0806450409818171
4.8469393610000004,1.0806031530797693
4.8488583730000006,1.0805822091287454
4.850980986000001,1.0805682464947293
4.853055651,1.0806031530797693
4.854876235,1.0805891904457532
4.85698011,1.0806310783478013
4.8588248720000005,1.0805891904457532
4.861013678,1.0806101343967773
4.863133315000001,1.0806031530797693
4.8649082980000005,1.0806031530797693
4.866893592,1.0805822091287454
4.869109299000001,1.0805612651777214
4.8708145400000005,1.0805682464947293
4.872827876000001,1.0806240970307932
4.874819893000001,1.0806240970307932
4.876941182,1.0805612651777214
4.878851461,1.0805822091287454
4.881012082000001,1.0805891904457532
4.883354554,1.0805891904457532
4.885085632,1.0805891904457532
4.886880438,1.0806031530797693
4.889190602,1.0806031530797693
4.8909911720000006,1.0806031530797693
4.89298094,1.0805403212266975
4.895183613,1.0805612651777214
4.896913929,1.0805612651777214
4.89892759,1.0805822091287454
4.901291926000001,1.0805891904457532
4.903029515,1.0805891904457532
4.905072384,1.0805822091287454
4.906960182000001,1.0805822091287454
4.9089130700000005,1.0806101343967773
4.910922203,1.0805473025437053
4.912892365,1.0805822091287454
4.914889185000001,1.0806031530797693
4.916868162,1.0806031530797693
4.918888542,1.0805822091287454
4.921148757,1.0806101343967773
4.923224505,1.0806101343967773
4.924945664,1.0806310783478013
4.926872556,1.0806310783478013
4.928926415,1.0805822091287454
4.930904408,1.0805612651777214
4.932991372,1.0806031530797693
4.934940865000001,1.0806450409818171
4.936851729000001,1.0805822091287454
4.938879885,1.0805682464947293
4.940986441000001,1.0805891904457532
4.943340087,1.0805891904457532
4.945039619,1.0805891904457532
4.946910384000001,1.0805891904457532
4.948921319,1.0805891904457532
4.950995053000001,1.0806031530797693
4.952975956,1.0806450409818171
4.954859412,1.0805822091287454
4.957119851000001,1.0805612651777214
4.958994245,1.0806240970307932
4.960976811,1.0805891904457532
4.963016351,1.0805891904457532
4.964963259,1.0805822091287454
4.966935645,1.0806031530797693
4.9687930730000005,1.0806101343967773
4.970972139000001,1.0805891904457532
4.973167704000001,1.0805891904457532
4.974864818,1.0805891904457532
4.976955233,1.0805612651777214
4.979147607000001,1.0806101343967773
4.981093536,1.0806101343967773
4.983058378,1.0805891904457532
4.985066173,1.0805891904457532
4.986923692,1.0805891904457532
4.989035412000001,1.0806101343967773
4.990856996000001,1.0806310783478013
4.992857433,1.0805822091287454
4.994972738,1.0806031530797693
4.996935049,1.0806101343967773
4.998909133000001,1.0805891904457532
5.000943827,1.0806240970307932
5.003126487,1.0806240970307932
5.004948937,1.0805822091287454
5.006912177,1.0805822091287454
5.008967198000001,1.0806310783478013
5.0108442890000005,1.0806450409818171
5.012850566,1.0806240970307932
5.014944347,1.0806240970307932
5.016808717,1.0805682464947293
5.0189039300000005,1.0806240970307932
5.021162723000001,1.0806101343967773
5.0230560330000005,1.0806101343967773
5.024922185,1.0806101343967773
5.026950673,1.0805891904457532
5.02914626,1.0805891904457532
5.030999919,1.0805891904457532
5.032967495,1.0806101343967773
5.034889541,1.0806310783478013
5.0368443670000005,1.0805473025437053
5.0388691660000005,1.0805891904457532
5.0409183440000005,1.0806240970307932
5.043102394,1.0806240970307932
5.045013612,1.0806310783478013
5.046917487,1.0805891904457532
5.049000597,1.0805822091287454
5.050886960000001,1.0805822091287454
5.0528616820000005,1.0806310783478013
5.05488538,1.0805891904457532
5.056834881,1.0806240970307932
5.058899665,1.0806240970307932
5.0609955950000005,1.0805473025437053
5.063034805,1.0805473025437053
5.064907972,1.0806101343967773
5.066851627,1.0806101343967773
5.068836925,1.0806310783478013
5.070814018,1.0806101343967773
5.072912681,1.0805822091287454
5.074911119,1.0806240970307932
5.076866257000001,1.0806240970307932
5.078836606,1.0805822091287454
5.080947825,1.0806101343967773
5.083144554,1.0806101343967773
5.0850272930000004,1.0806031530797693
5.086832417,1.0806101343967773
5.089099504,1.0806031530797693
5.0911111700000005,1.0805822091287454
5.093251132000001,1.0805822091287454
5.094888388,1.0806031530797693
5.096901907,1.0805822091287454
5.099181668,1.0806101343967773
5.101020695,1.0806101343967773
5.103192295,1.0806240970307932
5.105095873000001,1.0806240970307932
5.106882359,1.0806450409818171
5.108857390000001,1.0806240970307932
5.110901856,1.0805822091287454
5.112904685,1.0805822091287454
5.114917118,1.0805682464947293
5.116862569,1.0805822091287454
5.118940551000001,1.0805822091287454
5.121137026,1.0805822091287454
5.122932231,1.0806240970307932
5.124986986000001,1.0806240970307932
5.126846024000001,1.0806240970307932
5.128820886000001,1.0806450409818171
5.130861457,1.0806240970307932
5.132931527,1.0806240970307932
5.134807242,1.0806240970307932
5.1368374260000005,1.0806031530797693
5.138818745,1.0806101343967773
5.140941745,1.0805891904457532
5.143008273,1.0805891904457532
5.144908739,1.0806310783478013
5.146900716,1.0806310783478013
5.148835612,1.0806031530797693
5.150871840000001,1.0806031530797693
5.1528935890000005,1.0805891904457532
5.154853511000001,1.0806240970307932
5.156913856,1.0806240970307932
5.159056049,1.0806450409818171
5.160896129,1.0806450409818171
5.162997433,1.0806450409818171
5.1648628720000005,1.0806450409818171
5.166875573,1.0806520222988252
5.16882747,1.0805822091287454
5.170802414000001,1.0805682464947293
5.172819025,1.0806031530797693
5.174849555000001,1.0805891904457532
5.176882717000001,1.0806240970307932
5.178849059,1.0806031530797693
5.18098872,1.0806031530797693
5.182981142,1.0805822091287454
5.184902411,1.0805822091287454
5.186861762,1.0805891904457532
5.188832827000001,1.0806450409818171
5.190873068,1.0806240970307932
5.192839878,1.0805822091287454
5.194853611,1.0806310783478013
5.196866147000001,1.0806310783478013
5.198838481,1.0806101343967773
5.200944887,1.0805822091287454
5.202927932000001,1.0805822091287454
5.204944380000001,1.0806240970307932
5.206867385000001,1.0806240970307932
5.208870754,1.0806450409818171
5.210814663000001,1.0806101343967773
5.212864574,1.0806240970307932
5.214826099000001,1.0805682464947293
5.216905286,1.0806310783478013
5.218831028,1.0806031530797693
5.221034382,1.0805403212266975
5.223137949000001,1.0805403212266975
5.224867011000001,1.0805822091287454
5.226869249,1.0805822091287454
5.228876169,1.0806101343967773
5.2308433050000005,1.0806240970307932
5.232830733,1.0805822091287454
5.234885881,1.0806310783478013
5.2368870670000005,1.0806310783478013
5.238868261,1.0806240970307932
5.2409106670000005,1.0806240970307932
5.2429580940000005,1.0806240970307932
5.244900733000001,1.0806310783478013
5.246873496,1.0806310783478013
5.248851042,1.0805891904457532
5.250807115000001,1.0806310783478013
5.252974426000001,1.0805473025437053
5.254881502,1.0805473025437053
5.256861486,1.0806310783478013
5.2589092420000005,1.0805822091287454
5.260852242,1.0806101343967773
5.262979706,1.0806101343967773
5.264920107,1.0805612651777214
5.266860642,1.0805612651777214
5.268837143000001,1.080665984932841
5.2708751110000005,1.0806031530797693
5.273045665000001,1.0806101343967773
5.274845971,1.0806101343967773
5.276817331,1.080665984932841
5.278854023,1.0805473025437053
5.281149023,1.0806310783478013
5.282973418,1.0806310783478013
5.28491417,1.0806310783478013
5.286992206000001,1.0806310783478013
5.288839691000001,1.0805891904457532
5.290823345000001,1.0806310783478013
5.292852292,1.0805682464947293
5.294867341000001,1.0806101343967773
5.296903619,1.0806031530797693
5.298857808,1.0806031530797693
5.300925542000001,1.0806031530797693
5.302966857,1.0806031530797693
5.304904098000001,1.0806450409818171
5.306858441,1.0806450409818171
5.308864853,1.0806031530797693
5.310815492000001,1.0806031530797693
5.312879972,1.0806031530797693
5.3148341850000005,1.0806031530797693
5.31692999,1.0806240970307932
5.3188457190000005,1.0805891904457532
5.320897986,1.0805822091287454
5.322980309,1.0805822091287454
5.324948383000001,1.0806031530797693
5.326977989,1.0806031530797693
5.328869737000001,1.0806101343967773
5.330866903,1.0806240970307932
5.332865659,1.0806031530797693
5.334837781,1.0806310783478013
5.336904501,1.0806310783478013
5.338815592,1.0806101343967773
5.3408456840000005,1.0805891904457532
5.343017081,1.0806310783478013
5.344885839000001,1.0806310783478013
5.3468723680000005,1.0806031530797693
5.348821752,1.0805891904457532
5.350803203,1.0806729662498489
5.35282663,1.0805822091287454
5.354865091000001,1.0806240970307932
5.356939368,1.0806310783478013
5.3588740050000006,1.0805822091287454
5.361061903,1.0805822091287454
5.362949208000001,1.0805822091287454
5.364987547,1.0806031530797693
5.36699555,1.0806031530797693
5.369006794000001,1.0805891904457532
5.371223535,1.0806031530797693
5.373071134,1.0806310783478013
5.375347982,1.0806310783478013
5.376986717,1.0806310783478013
5.379040919,1.0806240970307932
5.380872021,1.0806240970307932
5.383120172,1.0806520222988252
5.3849840780000005,1.0806520222988252
5.386916001,1.0806240970307932
5.389073199,1.0805891904457532
5.391100431,1.0806240970307932
5.3930823750000005,1.0805891904457532
5.394925789,1.0806101343967773
5.397273177000001,1.0806310783478013
5.398923465,1.0805891904457532
5.401018125,1.0806520222988252
5.4030884420000005,1.0806520222988252
5.404967517,1.0806310783478013
5.406978058,1.0806310783478013
5.408909734000001,1.0806101343967773
5.410961466000001,1.0805822091287454
5.412957401000001,1.0805822091287454
5.414814645000001,1.0806101343967773
5.416897409000001,1.0806310783478013
5.4188400130000005,1.0806240970307932
5.420944992,1.0806240970307932
5.423075808,1.0806240970307932
5.425053955,1.0805891904457532
5.427015352000001,1.080665984932841
5.429306932,1.0805891904457532
5.430924758000001,1.0805891904457532
5.432905436,1.0806101343967773
5.434931209,1.0805891904457532
5.437037056,1.0805682464947293
5.438911060000001,1.0806101343967773
5.440936657,1.0806240970307932
5.443097623000001,1.0806240970307932
5.445050168000001,1.0805891904457532
5.446888464000001,1.0806310783478013
5.44900232,1.0806520222988252
5.451031850000001,1.0805682464947293
5.4529691410000005,1.0806031530797693
5.455022232,1.0805891904457532
5.457042235,1.0806031530797693
5.459013582000001,1.0806310783478013
5.460928624,1.0806101343967773
5.463207645000001,1.0806101343967773
5.464975617,1.0806240970307932
5.466984459000001,1.0805891904457532
5.468894949,1.0806520222988252
5.470914446,1.0806310783478013
5.472900536,1.0805822091287454
5.474884138,1.0806031530797693
5.476910117,1.0806101343967773
5.478849916000001,1.0805682464947293
5.4808467720000005,1.0806240970307932
5.482950498,1.0806310783478013
5.4850015910000005,1.0806310783478013
5.486994035,1.0806450409818171
5.488858767,1.0805891904457532
5.490865204,1.0806101343967773
5.493114435000001,1.0806240970307932
5.49493088,1.0806031530797693
5.496885935000001,1.0805682464947293
5.498966982000001,1.0806031530797693
5.500922701,1.0806240970307932
5.503031984000001,1.0806240970307932
5.505029305000001,1.0806031530797693
5.507061836,1.0806031530797693
5.508979515,1.0806101343967773
5.511018077,1.0806240970307932
5.512973942,1.0806450409818171
5.514871471,1.0806031530797693
5.516860252000001,1.0806031530797693
5.518950015000001,1.0806101343967773
5.520882358000001,1.0806450409818171
5.523076162000001,1.0805891904457532
5.524864399,1.0805891904457532
5.526842667,1.0806101343967773
5.528851934,1.0806031530797693
5.530878939,1.0805891904457532
5.5328718420000005,1.0806031530797693
5.534839286,1.0806240970307932
5.536825081,1.0806031530797693
5.538816172000001,1.0805822091287454
5.5409297770000006,1.0805891904457532
5.542935452,1.0805891904457532
5.544863208000001,1.0806101343967773
5.54688677,1.0806031530797693
5.5489273290000005,1.0806101343967773
5.550862051,1.0806031530797693
5.552817114000001,1.0806101343967773
5.554841641,1.0806240970307932
5.556852074,1.0805822091287454
5.5588684100000005,1.0806240970307932
5.56089238,1.0806101343967773
5.563117431,1.0806101343967773
5.564897096,1.0805612651777214
5.566822787,1.0806101343967773
5.568966366000001,1.0806520222988252
5.570879880000001,1.0806450409818171
5.57304595,1.0806240970307932
5.574888488,1.0806240970307932
5.576858824,1.0806101343967773
5.578846922,1.0806031530797693
5.580854749,1.0806101343967773
5.583122247,1.0806101343967773
5.584981085000001,1.0806101343967773
5.586962519,1.0805682464947293
5.588965863,1.0805891904457532
5.590860016000001,1.0806101343967773
5.592837037000001,1.0805891904457532
5.594848053000001,1.0806240970307932
5.5970212880000005,1.0806450409818171
5.598828572,1.0805891904457532
5.600951725000001,1.0806101343967773
5.603547414,1.0806101343967773
5.604945961,1.0806240970307932
5.606920538000001,1.0805682464947293
5.608895652,1.0806450409818171
5.611040152,1.0805822091287454
5.6128470440000005,1.0805822091287454
5.614873771,1.0806240970307932
5.6168663080000005,1.0806240970307932
5.619109589000001,1.0806031530797693
5.621025634,1.0806031530797693
5.623101716000001,1.0805891904457532
5.6249417,1.0805891904457532
5.626864202,1.0806310783478013
5.628852771,1.0806240970307932
5.630898435000001,1.0806101343967773
5.632868517,1.0806240970307932
5.6348290510000005,1.080686928883865
5.636835213,1.0805891904457532
5.638851018,1.0805891904457532
5.640930947,1.0806101343967773
5.643126093,1.080665984932841
5.644994308,1.080665984932841
5.647101784,1.0805891904457532
5.6490124150000005,1.0806031530797693
5.650899332000001,1.0806101343967773
5.652885331,1.0806031530797693
5.6549486710000005,1.0806101343967773
5.656968787,1.0806450409818171
5.658931107000001,1.0806031530797693
5.661169908000001,1.0806101343967773
5.662928997000001,1.0806101343967773
5.664886567,1.0805822091287454
5.66688452,1.0806520222988252
5.6688556420000005,1.0805891904457532
5.671114123000001,1.0806729662498489
5.672914868,1.0805891904457532
5.674944547,1.0806310783478013
5.676956244,1.0806450409818171
5.678840875000001,1.080693910200873
5.680970436,1.0806101343967773
5.6829327890000005,1.0806101343967773
5.684925447,1.0806240970307932
5.686860151,1.0805822091287454
5.688868457000001,1.0806101343967773
5.690852539000001,1.0806240970307932
5.6928290630000005,1.0805891904457532
5.695565909,1.0805612651777214
5.696968241,1.0805612651777214
5.699085104000001,1.0806450409818171
5.701022334,1.0806450409818171
5.703009315,1.0806031530797693
5.704877391,1.0806031530797693
5.706867344,1.080665984932841
5.708834868,1.0805682464947293
5.710847821000001,1.0806310783478013
5.713119868000001,1.0806520222988252
5.714868490000001,1.0806520222988252
5.7168827790000005,1.0806310783478013
5.718943233,1.0805891904457532
5.720982157000001,1.0806031530797693
5.722997468,1.0806031530797693
5.72493967,1.0805891904457532
5.726895505000001,1.0805891904457532
5.728860994000001,1.0806101343967773
5.730934471,1.0805682464947293
5.732874455,1.0806450409818171
5.734791206000001,1.0806031530797693
5.736851905,1.0806310783478013
5.738866852,1.0806520222988252
5.74090783,1.0806101343967773
5.742984071,1.0806101343967773
5.744913647000001,1.0806240970307932
5.746837628000001,1.0806101343967773
5.748850622,1.0805822091287454
5.750844844,1.0806310783478013
5.7528265030000005,1.0805822091287454
5.754869006000001,1.0805612651777214
5.7568605260000005,1.0806310783478013
5.75887683,1.0806101343967773
5.760982211,1.0806101343967773
5.7630005230000005,1.0805891904457532
5.764895180000001,1.0805891904457532
5.7668618050000005,1.0806310783478013
5.768884686000001,1.0805822091287454
5.771006987000001,1.0806031530797693
5.772945062000001,1.0806310783478013
5.7749232820000005,1.0806310783478013
5.7768489810000005,1.0806450409818171
5.7788201820000005,1.0806240970307932
5.781029903,1.0805822091287454
5.783126983000001,1.0805822091287454
5.784911770000001,1.0806450409818171
5.786884078,1.0806450409818171
5.788900759000001,1.0806101343967773
5.790856252,1.0806520222988252
5.792833616,1.0805822091287454
5.794831656,1.0805891904457532
5.797023685,1.0806101343967773
5.798979197,1.0806101343967773
5.800891889000001,1.0806101343967773
5.803059467000001,1.0806031530797693
5.805172705,1.0806031530797693
5.806899182,1.0805891904457532
5.80896496,1.0806240970307932
5.810982604,1.0805822091287454
5.812976736,1.0806240970307932
5.815000464000001,1.0806450409818171
5.816933402,1.0806450409818171
5.818917434,1.0805473025437053
5.820908438,1.0806310783478013
5.823078301000001,1.0806101343967773
5.82490037,1.0806101343967773
5.826874502000001,1.0806310783478013
5.829163127,1.0806101343967773
5.830871001,1.0806101343967773
5.832879383000001,1.0806101343967773
5.834891579000001,1.0806240970307932
5.836827873000001,1.0805891904457532
5.838817046,1.0806240970307932
5.840934012,1.0806031530797693
5.842996886000001,1.0806031530797693
5.8449011660000005,1.0806310783478013
5.846947978,1.0806101343967773
5.849041576,1.0806450409818171
5.8508446140000006,1.0806450409818171
5.852845403000001,1.0806240970307932
5.854874712,1.0806310783478013
5.85716882,1.0805891904457532
5.8588784060000005,1.0805891904457532
5.861196821,1.0806450409818171
5.862909528,1.0806450409818171
5.86489144,1.0805891904457532
5.8669179080000005,1.0806240970307932
5.868912416000001,1.0806031530797693
5.870896639000001,1.0806031530797693
5.872860483,1.0806101343967773
5.874878454,1.0806240970307932
5.876833649,1.0806101343967773
5.878855156,1.0806310783478013
5.881160551000001,1.0806101343967773
5.882930615,1.0806101343967773
5.884941787000001,1.0805822091287454
5.886957794000001,1.0806031530797693
5.888966677,1.0805682464947293
5.890960872,1.0806240970307932
5.89291706,1.0806520222988252
5.894904048000001,1.0806520222988252
5.897162937,1.0806031530797693
5.899074333000001,1.0805822091287454
5.901001054,1.0805682464947293
5.903083131000001,1.0805682464947293
5.90491802,1.0806101343967773
5.90720342,1.0805682464947293
5.909236113,1.0805682464947293
5.910903887000001,1.0806101343967773
5.912856789,1.0805682464947293
5.914994650000001,1.0806240970307932
5.916850936,1.0806101343967773
5.9188158070000005,1.0806101343967773
5.9209452460000005,1.0806240970307932
5.923058157000001,1.0806240970307932
5.925060075,1.0806101343967773
5.926868767,1.0806031530797693
5.928943061,1.0806031530797693
5.930927012000001,1.0806450409818171
5.932823902,1.0805682464947293
5.93485186,1.0805822091287454
5.936890272,1.0806031530797693
5.938845560000001,1.0805891904457532
5.940944160000001,1.0806450409818171
5.942973734000001,1.0806450409818171
5.944887830000001,1.0806240970307932
5.946868103000001,1.0805891904457532
5.948872468,1.0806520222988252
5.950841233,1.0805822091287454
5.952856714,1.0806101343967773
5.954857632,1.0805822091287454
5.956878563,1.0805891904457532
5.958834492,1.0806240970307932
5.960947563,1.0806031530797693
5.963209252,1.0806031530797693
5.964941632,1.0806310783478013
5.9668776580000005,1.0806310783478013
5.968955609,1.0806031530797693
5.970833204000001,1.0806101343967773
5.972909981000001,1.0805612651777214
5.974843313,1.0806240970307932
5.976827060000001,1.0806310783478013
5.978844818000001,1.0806101343967773
5.9809738580000005,1.0805822091287454
5.982985548,1.0805822091287454
5.984916064,1.0806101343967773
5.986922002,1.0806101343967773
5.98888813,1.0805682464947293
5.990850884,1.0806031530797693
5.9928223780000005,1.0805682464947293
5.994821770000001,1.0805822091287454
5.996827186,1.0806101343967773
5.998817005,1.0805891904457532
6.000957471,1.0805891904457532
6.0030006270000005,1.0805891904457532
6.004879189,1.0806240970307932
6.006861466,1.0806240970307932
6.008815434000001,1.0806101343967773
6.010854567,1.0806031530797693
6.012858512,1.0806031530797693
6.014864217,1.0805891904457532
6.016918426,1.0805682464947293
6.018831202,1.0806101343967773
6.020940705,1.0805682464947293
6.023091572,1.0805682464947293
6.024883608000001,1.0805891904457532
6.026869123,1.0806101343967773
6.028881438,1.0805822091287454
6.030866335000001,1.0806450409818171
6.0328460040000005,1.0806450409818171
6.034835692000001,1.0806101343967773
6.036908797000001,1.0806031530797693
6.038828641,1.0806450409818171
6.040945507,1.0805822091287454
6.042916279,1.0805822091287454
6.044874214,1.0805682464947293
6.046856148000001,1.0806101343967773
6.048943952,1.0805891904457532
6.050970905000001,1.0805891904457532
6.052869624,1.0806101343967773
6.054849317,1.0806101343967773
6.056906671,1.0806031530797693
6.058867977,1.0805891904457532
6.061110581,1.0806240970307932
6.062958023,1.0806240970307932
6.064908804000001,1.0805891904457532
6.066956885000001,1.080665984932841
6.068916745,1.0806310783478013
6.070865819000001,1.0806031530797693
6.072869477,1.0806101343967773
6.074851295,1.0806031530797693
6.0768387740000005,1.0806240970307932
6.0788424800000005,1.0806101343967773
6.081052548000001,1.0805891904457532
6.083361088,1.0805891904457532
6.084957065,1.0805891904457532
6.086906005,1.0806031530797693
6.088846556,1.0806520222988252
6.090829015000001,1.0805612651777214
6.092924634,1.0806240970307932
6.094832676,1.0805682464947293
6.096866011,1.0805822091287454
6.098931285000001,1.0806450409818171
6.100971643,1.0806450409818171
6.103000373,1.0805822091287454
6.104899413,1.0805822091287454
6.106877318,1.0805891904457532
6.108822357,1.0806031530797693
6.110928559,1.0805891904457532
6.112871717,1.0805891904457532
6.114833493000001,1.0805822091287454
6.116829569,1.0806310783478013
6.118846207000001,1.0805473025437053
6.120955378000001,1.0806031530797693
6.123237130000001,1.0806031530797693
6.12489924,1.0806310783478013
6.126931524000001,1.0806031530797693
6.1289011900000006,1.0806031530797693
6.130845969,1.0806101343967773
6.132834097000001,1.0805403212266975
6.134851530000001,1.0805822091287454
6.13684221,1.0805891904457532
6.138822716,1.0806031530797693
6.140912908000001,1.0805891904457532
6.1430186540000005,1.0805891904457532
6.144911671,1.0806031530797693
6.146857758,1.0806031530797693
6.148969921,1.0806240970307932
6.150848017,1.0806240970307932
6.152850194,1.0806240970307932
6.154859442,1.0806101343967773
6.156854876000001,1.0806031530797693
6.158834037,1.0806031530797693
6.161000587,1.0806031530797693
6.162995046000001,1.0806031530797693
6.164877388000001,1.0806031530797693
6.166905446,1.0806101343967773
6.168827545,1.0805682464947293
6.170846095000001,1.0806310783478013
6.172875991000001,1.0806031530797693
6.174849635,1.0806031530797693
6.176834595000001,1.0806240970307932
6.1788931080000005,1.0806101343967773
6.180906831000001,1.0806240970307932
6.182968157,1.0806240970307932
6.18489118,1.0806310783478013
6.186876614,1.0805612651777214
6.18894298,1.0806101343967773
6.190969627,1.0806450409818171
6.192927482,1.0806031530797693
6.194822483,1.0805891904457532
6.196865177,1.0806101343967773
6.198814067000001,1.0806031530797693
6.201039348,1.0805891904457532
6.202970726,1.0805891904457532
6.204902929,1.0806310783478013
6.206826306,1.0806031530797693
6.208852242000001,1.0805891904457532
6.210838178,1.0806101343967773
6.212816534000001,1.0806240970307932
6.214852201,1.0805822091287454
6.216848861000001,1.0805612651777214
6.21885124,1.0806240970307932
6.2210770470000005,1.0806031530797693
6.223030775000001,1.0806031530797693
6.224932978,1.0806101343967773
6.226955502,1.0805891904457532
6.228948153,1.0806031530797693
6.230931053000001,1.0805891904457532
6.232857399,1.0806101343967773
6.234851878000001,1.0806101343967773
6.236815625,1.080665984932841
6.238801514,1.0806310783478013
6.240919258000001,1.0806101343967773
6.242994417,1.0806101343967773
6.244897158000001,1.0806310783478013
6.246865306,1.0806310783478013
6.248845899,1.0805891904457532
6.250800041000001,1.0806310783478013
6.252875792,1.0806520222988252
6.254827317,1.0805822091287454
6.256857866000001,1.0806450409818171
6.258862932,1.0806031530797693
6.26103697,1.0806031530797693
6.262969428000001,1.0806031530797693
6.264956311000001,1.0805822091287454
6.266933123,1.0806031530797693
6.268828856000001,1.0806520222988252
6.270863483,1.0805682464947293
6.272946551,1.0806101343967773
6.275214511000001,1.0806240970307932
6.277012396000001,1.0806240970307932
6.27891653,1.0805473025437053
6.2810905340000005,1.0805473025437053
6.282973656,1.0806450409818171
6.2849817020000005,1.0806450409818171
6.286906827,1.0805822091287454
6.289118469000001,1.080665984932841
6.290871555000001,1.080665984932841
6.292859911000001,1.0806031530797693
6.294863027000001,1.0806031530797693
6.296827501,1.0805822091287454
6.298870310000001,1.0805822091287454
6.30088762,1.0806031530797693
6.3031418640000005,1.0805822091287454
6.304876817,1.0805822091287454
6.306878441,1.0806240970307932
6.308889108000001,1.0806101343967773
6.310886506,1.0806450409818171
6.312852091000001,1.0806240970307932
6.314979149,1.0805891904457532
6.316927647,1.0806031530797693
6.31881653,1.0805822091287454
6.320934277,1.0805682464947293
6.3232109450000005,1.0806240970307932
6.32505291,1.0806240970307932
6.326986656000001,1.0805822091287454
6.3289482690000005,1.0806240970307932
6.331051417,1.0806101343967773
6.3328901580000005,1.0805891904457532
6.334893946,1.0806240970307932
6.336820884000001,1.0806310783478013
6.338890933,1.0806310783478013
6.340971123,1.0806031530797693
6.343218714000001,1.0806031530797693
6.345059708,1.0806240970307932
6.347051047000001,1.0806240970307932
6.348861729,1.0806310783478013
6.350884236000001,1.0806031530797693
6.352821996,1.0806101343967773
6.354903531000001,1.0806031530797693
6.3569392780000005,1.0806101343967773
6.358886837,1.0805822091287454
6.361180994000001,1.0806240970307932
6.3631224280000005,1.0806240970307932
6.364992279,1.0806240970307932
6.3669187460000005,1.0806310783478013
6.369160561,1.0806031530797693
6.370900543,1.0806031530797693
6.3728822880000005,1.0805891904457532
6.374897143,1.0805612651777214
6.376906199,1.0806101343967773
6.378958786,1.0806101343967773
6.381190274000001,1.0806240970307932
6.3829370370000005,1.0806240970307932
6.3848868340000005,1.0806101343967773
6.386983659,1.0805891904457532
6.3888789280000005,1.0805891904457532
6.390892474,1.0806310783478013
6.392851609,1.0805682464947293
6.394803989000001,1.0805891904457532
6.396834719,1.0806240970307932
6.398799342,1.0806031530797693
6.400957022,1.0805891904457532
6.403122002000001,1.0805891904457532
6.404874080000001,1.0805822091287454
6.406856525,1.0806031530797693
6.408867681,1.0806450409818171
6.410860929,1.0806310783478013
6.412834375,1.0806101343967773
6.4149288780000004,1.0806101343967773
6.416907329000001,1.0806101343967773
6.419123829,1.0806450409818171
6.421057997,1.0806450409818171
6.422974799,1.0806101343967773
6.424981324,1.0806031530797693
6.426914963000001,1.0806031530797693
6.428888504000001,1.0806101343967773
6.430872113,1.0805891904457532
6.432868108,1.0806031530797693
6.434873476000001,1.0806240970307932
6.4368582750000005,1.0806031530797693
6.438838866,1.0806101343967773
6.441087824,1.080686928883865
6.443101781,1.080686928883865
6.445062194,1.0806240970307932
6.446906001,1.0805822091287454
6.448870971000001,1.0806031530797693
6.450882278000001,1.0806031530797693
6.453010296,1.0806310783478013
6.454855391000001,1.0806240970307932
6.456980949,1.0805822091287454
6.458965747000001,1.0806031530797693
6.46117842,1.0806101343967773
6.462922558000001,1.0806101343967773
6.464913269,1.0805822091287454
6.4669325440000005,1.0806101343967773
6.4688324680000004,1.0805891904457532
6.470869168,1.0806310783478013
6.472934825,1.0806450409818171
6.474865472,1.0806101343967773
6.476872962000001,1.0805891904457532
6.478834152,1.0805822091287454
6.481097073000001,1.0806101343967773
6.482925766,1.0806101343967773
6.484903393000001,1.0805822091287454
6.486879807,1.0805822091287454
6.488867927,1.0806310783478013
6.490832044,1.0805682464947293
6.492834244,1.0806101343967773
6.494821127000001,1.0806310783478013
6.496844302,1.0805891904457532
6.499019849000001,1.0805822091287454
6.5010762060000005,1.0805822091287454
6.503103956,1.0805891904457532
6.505028232000001,1.0805891904457532
6.506993476000001,1.0806450409818171
6.508899385,1.0806310783478013
6.510958791,1.0806101343967773
6.5130021220000005,1.0806101343967773
6.514948244,1.0806310783478013
6.516914854,1.0806310783478013
6.518983850000001,1.0805822091287454
6.521059396,1.0806031530797693
6.522969914000001,1.0806031530797693
6.525017884,1.0805891904457532
6.527058281,1.0806520222988252
6.5289734820000005,1.0806520222988252
6.530902257,1.0806101343967773
6.533035688,1.0806101343967773
6.534923594,1.0806031530797693
6.537020951000001,1.0805682464947293
6.538917468,1.0806520222988252
6.5408641880000005,1.0805612651777214
6.543132375000001,1.0806240970307932
6.5450207990000004,1.0806240970307932
6.546892372,1.0806031530797693
6.549011828,1.0806240970307932
6.550898817,1.0806101343967773
6.552882789000001,1.0806101343967773
6.554951145,1.0806031530797693
6.556906736,1.0806031530797693
6.558975896000001,1.0806450409818171
6.560995817,1.0806101343967773
6.5631181430000005,1.0806101343967773
6.56498247,1.0805822091287454
6.566997745,1.0806310783478013
6.569002185,1.0805822091287454
6.570924688000001,1.0806031530797693
6.572961820000001,1.0805822091287454
6.574876874,1.0806101343967773
6.57688045,1.0806101343967773
6.578845995,1.0806520222988252
6.580923062,1.0805612651777214
6.583088308000001,1.0805612651777214
6.585020039000001,1.0805891904457532
6.586998482,1.0806101343967773
6.588888575,1.0805891904457532
6.590963279,1.0806240970307932
6.592947251,1.0806031530797693
6.594880656000001,1.0805891904457532
6.596863450000001,1.0806101343967773
6.598862229000001,1.0806031530797693
6.600821007,1.0806310783478013
6.603039388,1.0806520222988252
6.604949732000001,1.0806520222988252
6.606891618000001,1.0806450409818171
6.608935023000001,1.0805612651777214
6.6108964640000005,1.0806240970307932
6.612858819,1.0805891904457532
6.614904195,1.0806101343967773
6.616941992,1.0806031530797693
6.618814723000001,1.0805682464947293
6.6209070610000005,1.0805612651777214
6.622987301,1.0805612651777214
6.6249069800000004,1.0806031530797693
6.626917608,1.0805822091287454
6.629024255,1.0805473025437053
6.631021674,1.0805473025437053
6.632884815000001,1.0806031530797693
6.63495145,1.0806310783478013
6.636856513000001,1.0806240970307932
6.638830975,1.0805891904457532
6.64091051,1.0806310783478013
6.643075898,1.0806240970307932
6.6448794190000005,1.0806240970307932
6.647048249,1.0806310783478013
6.648863370000001,1.0805822091287454
6.651041506,1.0805891904457532
6.6529154870000005,1.0806450409818171
6.654975516,1.0805891904457532
6.657075841,1.0806450409818171
6.658929685,1.0806729662498489
6.6608939430000005,1.0805891904457532
6.6632721010000004,1.0806450409818171
6.665121966,1.0806450409818171
6.666905020000001,1.0805822091287454
6.668974575,1.0805822091287454
6.670912884000001,1.0806240970307932
6.672920976,1.0806240970307932
6.6749751680000005,1.0806310783478013
6.676977388,1.0806101343967773
6.6788830400000005,1.0806240970307932
6.680900667,1.0805822091287454
6.683060219000001,1.0805822091287454
6.684992283000001,1.0806450409818171
6.686943592,1.0806101343967773
6.689084076,1.0806450409818171
6.6912614,1.0805822091287454
6.692988873,1.0805891904457532
6.694988891,1.0805891904457532
6.6969443680000005,1.0806240970307932
6.698958928000001,1.0806101343967773
6.701110613,1.0806031530797693
6.703003823,1.0806031530797693
6.704995301,1.0806031530797693
6.707060751,1.0805891904457532
6.708841631,1.0806031530797693
6.710944133000001,1.0806031530797693
6.7129876180000005,1.0806031530797693
6.714831479000001,1.0805822091287454
6.716874429000001,1.0805891904457532
6.718911015000001,1.0805682464947293
6.721298251,1.0806450409818171
6.722945528,1.0806450409818171
6.724951338,1.0806310783478013
6.727010571,1.0806240970307932
6.72899148,1.0805891904457532
6.730853112,1.0806101343967773
6.732876942000001,1.0805822091287454
6.734960029000001,1.0806520222988252
6.736842088,1.0805682464947293
6.738924624,1.0806101343967773
6.741254417,1.0806450409818171
6.7429778460000005,1.0806450409818171
6.744999214000001,1.0805822091287454
6.747105736000001,1.0806101343967773
6.749007887,1.0806101343967773
6.7508672590000005,1.0805891904457532
6.752859925,1.0806520222988252
6.754907887000001,1.0805612651777214
6.756982399000001,1.0806520222988252
6.75894306,1.0806450409818171
6.760930481000001,1.0805891904457532
6.763079061,1.0805891904457532
6.764974277,1.0806101343967773
6.766911898,1.0806031530797693
6.768868098,1.0805822091287454
6.770862071000001,1.0806310783478013
6.7731331930000005,1.0806310783478013
6.774912783,1.0806310783478013
6.776977766000001,1.0806031530797693
6.778892750000001,1.0806101343967773
6.781044337000001,1.0805822091287454
6.783105875,1.0805822091287454
6.784874171,1.0806520222988252
6.786996686,1.0806310783478013
6.78885774,1.0806240970307932
6.790834341,1.0806240970307932
6.792861562000001,1.0806031530797693
6.7950761680000005,1.0805822091287454
6.796885599,1.0806310783478013
6.7989768580000005,1.0805891904457532
6.801070236,1.0806240970307932
6.803008196,1.0806240970307932
6.804894973000001,1.0806101343967773
6.8069299690000005,1.0806101343967773
6.808906514,1.0806729662498489
6.810854964000001,1.080665984932841
6.812931765,1.0806240970307932
6.81489054,1.0806240970307932
6.8168894810000005,1.0806310783478013
6.818855843000001,1.0806101343967773
6.821099493,1.0806031530797693
6.822964558000001,1.0806031530797693
6.824898068,1.0806450409818171
6.8269118650000005,1.0806031530797693
6.828886819,1.0806450409818171
6.830877429,1.0806240970307932
6.832829424000001,1.0805891904457532
6.83493784,1.0805891904457532
6.8369139070000005,1.0806031530797693
6.838833108,1.0806101343967773
6.8409862100000005,1.0805682464947293
6.842936485,1.0805682464947293
6.84501354,1.0806450409818171
6.846957215000001,1.0805891904457532
6.8492420130000005,1.0805891904457532
6.850904666000001,1.0805891904457532
6.8528962600000005,1.0806031530797693
6.854996073000001,1.0806450409818171
6.8569875940000005,1.0805612651777214
6.859158873,1.0805891904457532
6.860999829000001,1.0805403212266975
6.862990507,1.0805403212266975
6.864916197,1.0805891904457532
6.866869331,1.0805822091287454
6.8689666030000005,1.0806240970307932
6.8708242120000005,1.0805891904457532
6.872905371000001,1.0805822091287454
6.87487251,1.0805822091287454
6.8768791060000005,1.0806520222988252
6.878989016,1.0806031530797693
6.881187649,1.0806031530797693
6.883152460000001,1.0806031530797693
6.8850619250000005,1.0806031530797693
6.887027215000001,1.0806101343967773
6.889086280000001,1.0806310783478013
6.891029799,1.0806240970307932
6.892914557,1.0805682464947293
6.89510687,1.0805682464947293
6.896884463,1.0806450409818171
6.898910557000001,1.0805822091287454
6.901135154,1.0806240970307932
6.903099852,1.0806240970307932
6.9049260630000004,1.0806101343967773
6.906980488,1.0805891904457532
6.908914961000001,1.0805891904457532
6.910967504,1.0806450409818171
6.912897707000001,1.0805822091287454
6.915050471000001,1.0806240970307932
6.916954695,1.0806240970307932
6.9190138910000005,1.0805891904457532
6.9210840760000005,1.0806101343967773
6.923110413000001,1.0806101343967773
6.9251672840000005,1.0806240970307932
6.927084020000001,1.0805822091287454
6.929188482000001,1.0806240970307932
6.93117728,1.0806240970307932
6.932950320000001,1.0806101343967773
6.935041374000001,1.0806101343967773
6.936975187000001,1.0806450409818171
6.938958671000001,1.0806520222988252
6.941292356000001,1.0805822091287454
6.943363162000001,1.0805822091287454
6.945139382000001,1.0806240970307932
6.946966477,1.0805822091287454
6.949134882,1.0806031530797693
6.951049313,1.0806240970307932
6.95302868,1.0806450409818171
6.955091433000001,1.0805891904457532
6.956983206,1.0806101343967773
6.959026865,1.0806031530797693
6.961284462,1.0805682464947293
6.9631236130000005,1.0805682464947293
6.965044125,1.0806310783478013
6.967011991000001,1.0806450409818171
6.969221678,1.0806101343967773
6.971033684,1.0806310783478013
6.973009346,1.0806101343967773
6.975076208000001,1.0806520222988252
6.977020883000001,1.0805682464947293
6.979093172000001,1.0806101343967773
6.981537875000001,1.0806101343967773
6.982991523000001,1.0806101343967773
6.9850658050000005,1.0805891904457532
6.986996825,1.0806450409818171
6.989074538000001,1.0805822091287454
6.991288041000001,1.0805822091287454
6.9930357160000005,1.0805822091287454
6.995084311,1.0806240970307932
6.996983378,1.0806729662498489
6.998935137,1.0806101343967773
7.0009108520000005,1.0806101343967773
7.003118623000001,1.0806101343967773
7.005042889,1.0806310783478013
7.006963253,1.0805822091287454
7.008934456,1.0806450409818171
7.010888833,1.0806031530797693
7.0128751430000005,1.0806310783478013
7.014932245000001,1.0805891904457532
7.016864192000001,1.0806310783478013
7.018867054,1.0806031530797693
7.021226773,1.0806031530797693
7.022951022000001,1.0806031530797693
7.024869275,1.0806031530797693
7.026916723,1.0806101343967773
7.028917132,1.0806310783478013
7.030901276000001,1.0806031530797693
7.032853307000001,1.0805682464947293
7.0348836640000005,1.0805822091287454
7.036816449000001,1.0805682464947293
7.038869954000001,1.0806240970307932
7.040941424000001,1.0806310783478013
7.042974921000001,1.0806310783478013
7.044960978000001,1.0806240970307932
7.046959834000001,1.0805682464947293
7.048928489000001,1.0805682464947293
7.051030368,1.0806240970307932
7.052852759,1.0806310783478013
7.055017615000001,1.0806031530797693
7.056867659000001,1.0805822091287454
7.058924002,1.0805891904457532
7.061314964,1.0806310783478013
7.062905703,1.0806310783478013
7.06491749,1.0806031530797693
7.067001368000001,1.0806031530797693
7.06888028,1.0806450409818171
7.071136350000001,1.0806031530797693
7.073003666000001,1.0806031530797693
7.075206882000001,1.0806240970307932
7.076873518,1.0806240970307932
7.078843858000001,1.0806031530797693
7.080937145,1.0805822091287454
7.082999017000001,1.0805822091287454
7.085028472,1.0805891904457532
7.086924423,1.0806031530797693
7.088961516,1.0806101343967773
7.090898800000001,1.0805891904457532
7.0928297250000005,1.0806450409818171
7.094890741,1.0806031530797693
7.096847872000001,1.0806520222988252
7.0988781560000005,1.080665984932841
7.100998111,1.0806031530797693
7.10308499,1.0806031530797693
7.104889292,1.0806310783478013
7.106864106000001,1.0805822091287454
7.108839974,1.0805822091287454
7.110907889000001,1.0805891904457532
7.112873176000001,1.0806031530797693
7.114820661,1.0806240970307932
7.116864033000001,1.0805403212266975
7.118862786,1.080665984932841
7.121127813,1.0806031530797693
7.123018597000001,1.0806031530797693
7.124934994,1.0806101343967773
7.1269574460000005,1.0806101343967773
7.128931840000001,1.0806101343967773
7.131237985,1.080665984932841
7.132883263,1.080665984932841
7.134876296000001,1.0805891904457532
7.137035396000001,1.0806520222988252
7.138868437,1.0805822091287454
7.140911626,1.0806310783478013
7.142997406,1.0806310783478013
7.144934500000001,1.0806031530797693
7.146979742,1.0806450409818171
7.148890917,1.0806101343967773
7.150926677,1.0806450409818171
7.152934,1.0806450409818171
7.1553566360000005,1.0805473025437053
7.156972552,1.0805473025437053
7.158923968000001,1.0806101343967773
7.161199986000001,1.0806031530797693
7.163025612,1.0806031530797693
7.16495104,1.0806310783478013
7.166856066,1.0806310783478013
7.168879658000001,1.0805891904457532
7.170872635,1.0806101343967773
7.173068841,1.0806240970307932
7.174915554,1.0806240970307932
7.176847503,1.0805822091287454
7.178833077,1.0806450409818171
7.180973935000001,1.0806450409818171
7.182972729,1.0806450409818171
7.185013305,1.0805822091287454
7.186922490000001,1.0805822091287454
7.188869851000001,1.0806031530797693
7.190853206000001,1.080665984932841
7.193062406,1.0806101343967773
7.194886658000001,1.0806101343967773
7.196878870000001,1.0806450409818171
7.198866652,1.0806520222988252
7.200939177,1.0806240970307932
7.203083913,1.0806520222988252
7.204909654000001,1.0806520222988252
7.206913914,1.0806031530797693
7.2088436080000005,1.0806450409818171
7.210939682,1.0806101343967773
7.212841057,1.080665984932841
7.214835570000001,1.0806310783478013
7.216917608,1.0806310783478013
7.218852310000001,1.0806520222988252
7.221168449,1.0806031530797693
7.222936715,1.0806031530797693
7.2248977860000005,1.0805891904457532
7.226946991,1.0805473025437053
7.228850786000001,1.0806031530797693
7.230867317,1.0805682464947293
7.232917197000001,1.0806310783478013
7.234931553,1.0806031530797693
7.236835757000001,1.0806240970307932
7.238904006,1.0806031530797693
7.2409483670000006,1.0806310783478013
7.243108311,1.0806310783478013
7.244914675,1.0806101343967773
7.2468778270000005,1.0806310783478013
7.248907299000001,1.0806450409818171
7.250870282,1.0805123959586658
7.252947207,1.0805263585926816
7.25486713,1.0806520222988252
7.256814019,1.080686928883865
7.2588684820000005,1.0805682464947293
7.26111122,1.0804495641055936
7.2629266,1.0804495641055936
7.264901653000001,1.0803378630334661
7.2669286280000005,1.0803378630334661
7.268867774,1.080400694886538
7.270895189000001,1.0802680498633865
7.2729274880000006,1.0801982366933065
7.274856716,1.0802191806443304
7.277090451,1.0801423861572428
7.2788849440000005,1.0801423861572428
7.281144171,1.080135404840235
7.2832213160000006,1.080135404840235
7.2850927070000004,1.0798421895258998
7.287041612,1.0798421895258998
7.288987893000001,1.0795559555285725
7.291036816,1.0796118060646365
7.292858436,1.0795768994795965
7.294825042,1.079479161041485
7.296813725000001,1.0793465160183333
7.298843721000001,1.0793046281162855
7.301206112,1.0793046281162855
7.303201305000001,1.0793465160183333
7.304980292000001,1.0793465160183333
7.306850438000001,1.0793744412863653
7.308885385000001,1.079430291822429
7.310931528,1.079514067626525
7.313447267000001,1.0796118060646365
7.315108255,1.0796118060646365
7.317063921000001,1.0795489742115645
7.319328063,1.0795350115775488
7.320978125000001,1.0795350115775488
7.3231875220000004,1.079451235773453
7.324986823000001,1.079451235773453
7.327031884,1.079171983093134
7.328904312000001,1.0787810293406872
7.330883876000001,1.0786693282685595
7.332895368000001,1.0786204590495039
7.335052861,1.0786832909025754
7.336943325,1.0786832909025754
7.338892585000001,1.0786204590495039
7.341067365000001,1.078522720611392
7.343250853000001,1.0783202624181605
7.344981152000001,1.0783202624181605
7.3470063350000006,1.0781108229079213
7.3490445200000005,1.0783202624181605
7.351039994000001,1.0786623469515515
7.352999951,1.0789485809488786
7.3549688920000005,1.0790882072890382
7.356975501000001,1.0790253754359664
7.359034598,1.0789625435828945
7.361398387,1.0789206556808466
7.363258819,1.0789206556808466
7.364963393,1.0788089546087192
7.367066393000001,1.0787042348535993
7.369043888,1.0786274403665117
7.370973394000001,1.0784389448072962
7.372978064000001,1.0784668700753282
7.374935493000001,1.0783970569052486
7.377197286,1.0782713931991048
7.379343147,1.0782713931991048
7.381178938000001,1.0781317668589454
7.383169908,1.07797817788477
7.3854819570000005,1.07797817788477
7.387010165,1.0780689350058734
7.3890033090000005,1.0781596921269772
7.391014093000001,1.078243467931073
7.392975085000001,1.0783412063691846
7.395378930000001,1.078536683245408
7.397134547,1.078536683245408
7.399010992000001,1.0787042348535993
7.4014562580000005,1.079123113874078
7.403437708,1.079123113874078
7.405011462,1.079458217090461
7.407022111000001,1.0801772927422826
7.409170514,1.0804635267396097
7.4109871300000005,1.0804635267396097
7.41288004,1.0805473025437053
7.41505332,1.0808056112730005
7.416985091000001,1.0808963683941044
7.418916842000001,1.080994106832216
7.420987915,1.0810709013193036
7.423052656,1.0810709013193036
7.424945322,1.0810778826363117
7.426877631000001,1.0811895837084393
7.429141831000001,1.0811337331723756
7.4309758640000005,1.0810918452703275
7.4329263580000005,1.0810918452703275
7.434929881,1.080994106832216
7.436951074,1.080966181564184
7.4389107580000005,1.0809871255152081
7.440917740000001,1.080973162881192
7.443177104,1.0808893870770964
7.445006248,1.0808893870770964
7.447023827000001,1.0808754244430803
7.448981589000001,1.0809173123451283
7.4510011800000004,1.0808893870770964
7.452932715,1.0807846673219768
7.4549607700000005,1.0808754244430803
7.457183067000001,1.0808335365410324
7.458916248,1.0808335365410324
7.461079195000001,1.0809312749791442
7.4633741360000005,1.0809312749791442
7.464970785,1.0811407144893836
7.466916501,1.081343172682615
7.469139589,1.081294303463559
7.4711986480000006,1.081301284780567
7.472894791000001,1.081294303463559
7.47502083,1.081343172682615
7.477090566,1.0814409111207264
7.47912345,1.0813710979506468
7.481242831,1.081301284780567
7.483179638,1.081301284780567
7.4852855830000005,1.081252415561511
7.487075021000001,1.081252415561511
7.488941839000001,1.0811546771233995
7.491021037,1.0809522189301681
7.493125262,1.0808056112730005
7.495172496,1.0806450409818171
7.496979392,1.0806310783478013
7.498972398,1.080665984932841
7.501255122000001,1.0806031530797693
7.503342711,1.0806031530797693
7.505133428000001,1.0806310783478013
7.506989742000001,1.0806310783478013
7.509155376000001,1.080686928883865
7.511222278000001,1.080693910200873
7.513006497,1.0808335365410324
7.514983496,1.0809103310281203
7.517302603,1.0808963683941044
7.519294671000001,1.0809173123451283
7.521263173,1.0808684431260724
7.52340256,1.0808684431260724
7.525171853000001,1.080994106832216
7.527026148,1.080994106832216
7.529020727000001,1.08101505078324
7.530960934,1.081029013417256
7.5329983,1.0809312749791442
7.534874289,1.0808056112730005
7.537009670000001,1.0807288167859128
7.538944999000001,1.0807288167859128
7.540891835,1.0806031530797693
7.543118042000001,1.0805054146416577
7.544894149,1.0805054146416577
7.546891201,1.0804216388375618
7.548884871,1.080386732252522
7.550847772000001,1.0803378630334661
7.5528715680000005,1.0801772927422826
7.554895645,1.0800027598170832
7.556859351000001,1.0799538905980273
7.558861305000001,1.0798631334769238
7.561388969,1.0798142642578676
7.563100239000001,1.0798142642578676
7.564973500000001,1.0798352082088918
7.567018368,1.0798212455748757
7.569104605000001,1.0799189840129875
7.570976567000001,1.080058610353147
7.573014059,1.0801982366933065
7.574912490000001,1.080302956448426
7.576924761000001,1.0804425827885857
7.579246922,1.0805263585926816
7.580892965,1.0806240970307932
7.583109533000001,1.080742779419929
7.585017263,1.080742779419929
7.586891098000001,1.0808544804920563
7.588918609,1.0809103310281203
7.590936075,1.0808474991750483
7.59286156,1.0808335365410324
7.5948720530000005,1.0807916486389846
7.596864025,1.080686928883865
7.598893922,1.0805891904457532
7.60109874,1.0805682464947293
7.603132803,1.0805682464947293
7.604914931000001,1.0805054146416577
7.606872205,1.0802471059123624
7.6090401430000005,1.0802052180103145
7.6109815450000005,1.0802680498633865
7.613056167000001,1.0803099377654342
7.615120028000001,1.0803099377654342
7.6169825090000005,1.080407676203546
7.619181289,1.0805891904457532
7.621226857000001,1.080665984932841
7.623443459000001,1.080665984932841
7.625068163000001,1.080714854151897
7.626967619,1.0809871255152081
7.629380435000001,1.0810778826363117
7.630993077,1.0810778826363117
7.632987443,1.0811686397574154
7.635101333000001,1.0813920419016707
7.636998402000001,1.0814618550717505
7.638971365000001,1.0815246869248223
7.6411973380000004,1.0814758177057664
7.643153711,1.0814758177057664
7.645213697000001,1.0814827990227744
7.64708594,1.0814827990227744
7.64892297,1.081357135316631
7.650964504,1.0811546771233995
7.652932898,1.0810918452703275
7.654967637,1.0809103310281203
7.656975754,1.0807916486389846
7.65891648,1.0807637233709528
7.660948272000001,1.0806729662498489
7.663409228000001,1.0806729662498489
7.6649942090000005,1.0805682464947293
7.666940989,1.0804914520076419
7.669035758000001,1.0805822091287454
7.6709838,1.080749760736937
7.672898655000001,1.0808893870770964
7.674933781000001,1.0810359947342638
7.676977486,1.0810359947342638
7.6789644070000005,1.0809871255152081
7.680925516,1.080714854151897
7.682950094000001,1.080714854151897
7.6849411100000005,1.0806101343967773
7.68689768,1.0805403212266975
7.688899238,1.0805403212266975
7.691124606000001,1.0804286201545696
7.692892216000001,1.0804286201545696
7.694898975,1.0802610685463785
7.6968669190000005,1.0799399279640114
7.6988657940000005,1.0798212455748757
7.700892725,1.0797025631857402
7.702965750000001,1.0797025631857402
7.705155698,1.079716525819756
7.70691149,1.079716525819756
7.708931464000001,1.0797584137218041
7.710905532000001,1.0799538905980273
7.712864250000001,1.080079554304171
7.7149781310000005,1.0801772927422826
7.717000197000001,1.080365788301498
7.718851430000001,1.0806031530797693
7.720964304000001,1.080714854151897
7.722999247000001,1.080714854151897
7.72494244,1.0808125925900085
7.726907266,1.080973162881192
7.728863605000001,1.0811197705383597
7.730859476000001,1.0811965650254474
7.732845993000001,1.0811895837084393
7.734896496,1.081301284780567
7.736863749,1.081273359512535
7.7388809940000005,1.0811895837084393
7.740927834000001,1.0811337331723756
7.743072196000001,1.0811127892213517
7.7449436270000005,1.0811127892213517
7.746922761,1.0810499573682797
7.748918475000001,1.081029013417256
7.7508493540000005,1.080966181564184
7.752891874,1.0809103310281203
7.754871316000001,1.0808125925900085
7.756861507000001,1.0808335365410324
7.758825709000001,1.0808335365410324
7.760990596,1.0808963683941044
7.763086980000001,1.0808963683941044
7.765012959000001,1.080994106832216
7.76689596,1.080994106832216
7.7689068830000005,1.0811546771233995
7.770875077,1.0815386495588382
7.772875956000001,1.081615444045926
7.774863246000001,1.0817062011670295
7.77686627,1.0816852572160056
7.778859101,1.081622425362934
7.780955588,1.0816014814119101
7.782946763000001,1.0816014814119101
7.785032920000001,1.081594500094902
7.78692774,1.081594500094902
7.788936416,1.0814339298037186
7.790972385000001,1.0813152474145828
7.79293668,1.0812105276594632
7.794937168000001,1.0810918452703275
7.796980561000001,1.0810359947342638
7.798902490000001,1.0809522189301681
7.800968190000001,1.0809173123451283
7.803019226000001,1.0809173123451283
7.804998441,1.0809103310281203
7.807000653,1.0809103310281203
7.80894194,1.0808963683941044
7.810904245000001,1.08101505078324
7.8128960880000005,1.081029013417256
7.814945495000001,1.0810918452703275
7.8169608660000005,1.0811686397574154
7.818917693,1.0811686397574154
7.8212584540000005,1.0810988265873356
7.823063553000001,1.0810988265873356
7.824930218,1.0811546771233995
7.8269517980000005,1.081280340829543
7.828868225000001,1.081273359512535
7.830840564000001,1.081273359512535
7.832878047,1.0813710979506468
7.834909664,1.0813990232186788
7.836967673,1.081294303463559
7.838866353,1.0812314716104872
7.84113123,1.0812105276594632
7.843174382000001,1.0812105276594632
7.844971663000001,1.0811197705383597
7.846878968,1.080966181564184
7.8489427140000005,1.081029013417256
7.850961382,1.080973162881192
7.852857209000001,1.081029013417256
7.8548608390000005,1.0810499573682797
7.8569030820000005,1.0810988265873356
7.8588825280000005,1.0811337331723756
7.8612057580000005,1.081322228731591
7.863004353000001,1.081322228731591
7.864931235,1.081580537460886
7.866905164,1.0819505472623088
7.868869974000001,1.0820901736024684
7.870864289000001,1.0820622483344364
7.872887893000001,1.0821250801875082
7.875002820000001,1.082173949406564
7.876911859000001,1.082173949406564
7.878890632,1.082243762576644
7.88087826,1.082264706527668
7.883050933000001,1.0821460241385323
7.884923921,1.0821460241385323
7.886917801,1.0819854538473488
7.888888376000001,1.0816782758989976
7.890894559,1.081559593509862
7.892851826,1.0814758177057664
7.8948514020000005,1.0814548737547425
7.8968673990000005,1.0814339298037186
7.898835722,1.0813920419016707
7.9010348950000004,1.0814339298037186
7.902944284,1.0814339298037186
7.904925937000001,1.0814339298037186
7.906864241,1.0815386495588382
7.908874088,1.0814827990227744
7.910844439000001,1.0815456308758462
7.912877567000001,1.0814758177057664
7.914882281000001,1.0815246869248223
7.916868095000001,1.081594500094902
7.918879089000001,1.081615444045926
7.9208678400000005,1.0817062011670295
7.9230128010000005,1.0817969582881333
7.925033874,1.0817969582881333
7.926900023000001,1.0817480890690776
7.928860108,1.0817969582881333
7.930879652000001,1.0817620517030937
7.932888634,1.0816782758989976
7.934871091000001,1.0816643132649817
7.936876185000001,1.0815037429737984
7.9388442150000005,1.0814199671697025
7.940894459000001,1.081280340829543
7.943033882000001,1.0811546771233995
7.944914731000001,1.0811546771233995
7.946942375000001,1.0809103310281203
7.948850284000001,1.0807707046879609
7.95086371,1.0807846673219768
7.952979123,1.0808963683941044
7.954913457000001,1.0809173123451283
7.957218754,1.0809522189301681
7.958970962,1.0809522189301681
7.9611477950000005,1.0808893870770964
7.963109667,1.0808893870770964
7.964985807000001,1.0808893870770964
7.966982249000001,1.080973162881192
7.969037657,1.0811546771233995
7.970997856,1.081252415561511
7.972972530000001,1.0812314716104872
7.974947517,1.0812593968785191
7.976977676000001,1.081294303463559
7.97888864,1.081280340829543
7.9809726240000005,1.081322228731591
7.983006963,1.081322228731591
7.984974341000001,1.081301284780567
7.9869726960000005,1.0811965650254474
7.988996865000001,1.0811407144893836
7.990848844,1.0812105276594632
7.9928357750000005,1.0811546771233995
7.994996148,1.0810709013193036
7.996950168000001,1.0811407144893836
7.998913872,1.0811756210744234
8.000968584,1.0810988265873356
8.003038082,1.0810988265873356
8.004937648,1.081029013417256
8.006930074000001,1.080994106832216
8.008884885,1.080966181564184
8.010865697,1.080994106832216
8.013134536,1.0810359947342638
8.014906628,1.0810359947342638
8.016882375,1.0811895837084393
8.018893724,1.0811895837084393
8.020984664,1.0811686397574154
8.022938107,1.0811686397574154
8.024937439,1.0811546771233995
8.026969164,1.0812105276594632
8.028913744,1.0811337331723756
8.030844365,1.0811686397574154
8.032877757,1.0811197705383597
8.035175701,1.0810918452703275
8.036898356,1.0810918452703275
8.038890783000001,1.0810988265873356
8.04096921,1.0810778826363117
8.043004384,1.0810778826363117
8.044954628000001,1.0810359947342638
8.046870864,1.0809312749791442
8.048890711,1.0808754244430803
8.050872808000001,1.0808474991750483
8.05286978,1.080966181564184
8.054865097,1.08101505078324
8.056878059,1.081008069466232
8.058862427000001,1.081008069466232
8.061009492,1.08101505078324
8.063021068000001,1.08101505078324
8.06488671,1.0809382562961523
8.066890328000001,1.0808335365410324
8.068877871,1.0808474991750483
8.070825907,1.0808265552240244
8.072865785000001,1.0808125925900085
8.074877846,1.080707872834889
8.07689197,1.080742779419929
8.078881857,1.0808265552240244
8.08100007,1.0808125925900085
8.08320103,1.0808125925900085
8.085068138,1.0807637233709528
8.086868483,1.0809173123451283
8.088922117000001,1.0808754244430803
8.090971152,1.0808963683941044
8.092894956,1.08101505078324
8.094897665000001,1.0810359947342638
8.096909302,1.0810918452703275
8.098974996,1.0811407144893836
8.101039443000001,1.0812105276594632
8.103209882,1.0812105276594632
8.104989605,1.0812175089764713
8.107019865,1.0810988265873356
8.108978921,1.0811337331723756
8.110877111,1.0811337331723756
8.112856347000001,1.0810709013193036
8.114962076000001,1.081029013417256
8.116908729,1.0808963683941044
8.118926169,1.0808754244430803
8.121257757,1.0808125925900085
8.123018867,1.0808125925900085
8.125098751000001,1.080707872834889
8.127040438,1.0804914520076419
8.129036095,1.080379750935514
8.130944285,1.0802610685463785
8.132931873,1.0802191806443304
8.135011493,1.0802820124974024
8.136895639,1.0802820124974024
8.138994626,1.08035880698449
8.141066582,1.0805403212266975
8.143330779000001,1.0805403212266975
8.145064561,1.0806450409818171
8.14714292,1.0808963683941044
8.149109508,1.0810709013193036
8.150882900000001,1.0811686397574154
8.153006795000001,1.0811965650254474
8.155002844,1.081301284780567
8.156995106,1.0813780792676548
8.158984059,1.081322228731591
8.161174911,1.0813990232186788
8.163603199,1.0813990232186788
8.165184624,1.0814967616567903
8.167045633,1.0814967616567903
8.168921514,1.0815246869248223
8.170951535,1.0814129858526946
8.172862342,1.0813152474145828
8.175062743,1.0811337331723756
8.176884258000001,1.0811127892213517
8.179016379,1.0811127892213517
8.181170976,1.0810359947342638
8.183303952000001,1.0810359947342638
8.184909762,1.080966181564184
8.186968976000001,1.0809522189301681
8.18914683,1.0809312749791442
8.190913589,1.0809312749791442
8.192888737,1.081029013417256
8.194935601000001,1.080994106832216
8.196901907,1.08101505078324
8.199011919,1.0811407144893836
8.200976119,1.0811407144893836
8.202985894000001,1.0811407144893836
8.204927932,1.0811895837084393
8.206912893,1.0811756210744234
8.208970301,1.0811337331723756
8.210951291,1.0810709013193036
8.212879147,1.081029013417256
8.214896757,1.0810778826363117
8.216877009000001,1.08101505078324
8.218879202,1.0810359947342638
8.221089484,1.08101505078324
8.222938162,1.08101505078324
8.224905556000001,1.0809382562961523
8.226979108,1.0808893870770964
8.228958599,1.0809522189301681
8.230998938,1.080966181564184
8.232967996000001,1.0809103310281203
8.234885752,1.0809312749791442
8.236894453,1.081029013417256
8.238851837,1.081008069466232
8.240968451,1.081029013417256
8.243157038,1.081029013417256
8.244922557,1.0810499573682797
8.246849876,1.0809103310281203
8.249125828,1.0808335365410324
8.250904146,1.0808335365410324
8.252881825000001,1.0807288167859128
8.254879668000001,1.080742779419929
8.256846794000001,1.0807288167859128
8.258994611,1.0807846673219768
8.26098469,1.0808125925900085
8.263040585,1.0808125925900085
8.265052074,1.0807916486389846
8.266908467,1.0807916486389846
8.268932598000001,1.0807707046879609
8.270946435,1.0807916486389846
8.272870096,1.0807916486389846
8.274877702000001,1.0808125925900085
8.276844224000001,1.0808684431260724
8.278880820000001,1.080973162881192
8.280983473000001,1.0810359947342638
8.283040057000001,1.0810359947342638
8.284911423,1.080973162881192
8.286900201,1.0808544804920563
8.288885574,1.080749760736937
8.290856113,1.080693910200873
8.292845169000001,1.0806240970307932
8.294858105000001,1.0804635267396097
8.296878701,1.0804635267396097
8.298859538,1.0804844706906338
8.301040672000001,1.0804914520076419
8.302943415,1.0804914520076419
8.304923156000001,1.0804914520076419
8.306882409,1.0805612651777214
8.308881901000001,1.0805263585926816
8.31086217,1.0805473025437053
8.312963672,1.0806520222988252
8.314907635,1.0807637233709528
8.316842015,1.0808265552240244
8.318886337,1.0808684431260724
8.321009243,1.0810569386852877
8.322996688,1.0810569386852877
8.32492429,1.0811686397574154
8.326863212000001,1.0811965650254474
8.328889883,1.0812105276594632
8.330884915,1.0812175089764713
8.332904333,1.0812175089764713
8.334860502,1.0811895837084393
8.336863626000001,1.0811407144893836
8.338880206,1.0811686397574154
8.340975792,1.0811407144893836
8.342946678,1.0811407144893836
8.345022421000001,1.0811407144893836
8.346913016,1.0811407144893836
8.348918602000001,1.0811337331723756
8.350867349000001,1.0812175089764713
8.352885094000001,1.0810918452703275
8.354882893000001,1.0811407144893836
8.35686495,1.0812175089764713
8.358862137000001,1.0812175089764713
8.361018973,1.0812175089764713
8.363015892,1.0812175089764713
8.364911459,1.081280340829543
8.367019507,1.081322228731591
8.368894843,1.081322228731591
8.37091078,1.081336191365607
8.373043803,1.081336191365607
8.374916073000001,1.0812105276594632
8.376995430000001,1.081301284780567
8.379004005,1.0812593968785191
8.381086194,1.0812593968785191
8.383016533000001,1.0811337331723756
8.384904368,1.0811337331723756
8.386904348,1.0810359947342638
8.388893695,1.0808754244430803
8.390881504000001,1.0807916486389846
8.392956546,1.0807288167859128
8.394874301,1.080665984932841
8.396838569,1.0805612651777214
8.39886751,1.080407676203546
8.401016894000001,1.0804286201545696
8.402969812,1.0804286201545696
8.404940668,1.0804495641055936
8.406870555000001,1.0805403212266975
8.408854663000001,1.0806240970307932
8.410865993,1.080665984932841
8.41301866,1.080665984932841
8.414977086,1.080665984932841
8.416965183,1.0806729662498489
8.418948652000001,1.080693910200873
8.421239955,1.080686928883865
8.423032982,1.080686928883865
8.42498596,1.080693910200873
8.426903888,1.080707872834889
8.428971807,1.0806310783478013
8.430941185,1.0806101343967773
8.433002819,1.0805891904457532
8.434977319,1.0804914520076419
8.437141912000001,1.0804216388375618
8.439012003,1.080379750935514
8.441072728,1.080365788301498
8.443078889,1.080365788301498
8.444966235,1.080407676203546
8.446970104,1.0805123959586658
8.448939559000001,1.0805822091287454
8.450873478,1.080665984932841
8.452902982000001,1.0808056112730005
8.454870138,1.0807916486389846
8.456835979000001,1.080749760736937
8.458884561000001,1.080749760736937
8.460966535,1.0807288167859128
8.462982753,1.0807288167859128
8.464906091000001,1.0806031530797693
8.466902813,1.0804495641055936
8.468880535,1.080407676203546
8.470874878,1.080302956448426
8.472923648,1.080302956448426
8.474894948000001,1.0801633301082667
8.47684349,1.0801982366933065
8.478876442,1.0803448443504742
8.48093433,1.0805054146416577
8.48299208,1.0805054146416577
8.484913081,1.0805822091287454
8.486856633,1.0807637233709528
8.488906715,1.0806240970307932
8.490881641,1.080686928883865
8.492919048000001,1.080686928883865
8.494898018,1.080707872834889
8.496868076,1.080749760736937
8.498879115000001,1.0807707046879609
8.500947277,1.080714854151897
8.503028171,1.080714854151897
8.504906988,1.0807288167859128
8.506892344,1.080714854151897
8.508872814,1.0807288167859128
8.51085306,1.0807637233709528
8.513107935,1.0807637233709528
8.514980033,1.0807637233709528
8.516946406,1.080707872834889
8.518955803,1.0806520222988252
8.520917275,1.0806031530797693
8.523252554,1.0806031530797693
8.525087134000001,1.0805612651777214
8.526990689,1.0804635267396097
8.529304019000001,1.0804286201545696
8.531119228,1.0804286201545696
8.532911074000001,1.080379750935514
8.534852552,1.0804635267396097
8.536956442000001,1.0805123959586658
8.538876221,1.0805473025437053
8.54109448,1.0806729662498489
8.543015269000001,1.0806729662498489
8.544941574000001,1.080665984932841
8.546947073,1.0809103310281203
8.548902356000001,1.081008069466232
8.550861009,1.0811337331723756
8.552911459,1.0811407144893836
8.555165523000001,1.0812105276594632
8.556901002,1.0812105276594632
8.558917032,1.081252415561511
8.561164715,1.0812105276594632
8.562970124000001,1.0812105276594632
8.564910787,1.081280340829543
8.566885052,1.0811895837084393
8.56890809,1.0811337331723756
8.570868930000001,1.0811337331723756
8.572920292000001,1.08101505078324
8.574867618,1.0808056112730005
8.576858861,1.080742779419929
8.579025537,1.080742779419929
8.581266148000001,1.080707872834889
8.583010954,1.080707872834889
8.584928994,1.080665984932841
8.586994964,1.0806240970307932
8.589028197000001,1.0806240970307932
8.590881563,1.0806310783478013
8.593218673,1.080665984932841
8.594892589,1.080665984932841
8.596858549,1.0805822091287454
8.598904272,1.0805123959586658
8.600946556,1.0804705080566177
8.603297208,1.0804635267396097
8.604959248,1.0804635267396097
8.606911243,1.0804495641055936
8.608859506,1.0804216388375618
8.610866868,1.080400694886538
8.612883796,1.080386732252522
8.614993291000001,1.080379750935514
8.616962545,1.080379750935514
8.619156887,1.080379750935514
8.620905131,1.080379750935514
8.623013956000001,1.080379750935514
8.624946648,1.080386732252522
8.626899177,1.080365788301498
8.62885481,1.0804705080566177
8.630887074,1.0805612651777214
8.632864711,1.0806520222988252
8.634846192000001,1.0806240970307932
8.636883275,1.0806310783478013
8.638870654,1.0806310783478013
8.640973653000001,1.080707872834889
8.643033648000001,1.080707872834889
8.644940530000001,1.080707872834889
8.646923517000001,1.0807707046879609
8.648876403000001,1.080749760736937
8.650844873,1.0807707046879609
8.652849170000001,1.080749760736937
8.654898577,1.0807637233709528
8.656872928,1.080749760736937
8.658886484,1.080693910200873
8.660973305,1.080707872834889
8.663037185,1.080707872834889
8.664943813,1.0806101343967773
8.666882560000001,1.0805473025437053
8.668897801,1.0805891904457532
8.670881762,1.0806101343967773
8.672894805,1.0805822091287454
8.674847151,1.0805612651777214
8.676893604,1.0804914520076419
8.678858001,1.0804635267396097
8.680986045000001,1.080407676203546
8.682994996,1.080407676203546
8.684931224000001,1.0804216388375618
8.686937121,1.0804495641055936
8.688855159000001,1.080407676203546
8.690849243,1.080365788301498
8.692847972000001,1.080400694886538
8.695706056,1.0804705080566177
8.697687437,1.0804705080566177
8.698913696,1.0805263585926816
8.701129886,1.0807637233709528
8.70309156,1.0807637233709528
8.704931058,1.080686928883865
8.707231559,1.0805822091287454
8.708891492000001,1.0805822091287454
8.710908835,1.0804844706906338
8.712856014,1.0804286201545696
8.714885235,1.0804425827885857
8.716890883000001,1.080379750935514
8.718859646,1.080302956448426
8.721020982,1.0802680498633865
8.723017669,1.0802680498633865
8.724941152000001,1.080135404840235
8.727271171,1.0799818158660592
8.729091337,1.080135404840235
8.730977534,1.0802889938144102
8.732927618,1.0803448443504742
8.734998808,1.0804635267396097
8.736968753000001,1.0805473025437053
8.739021668000001,1.0805891904457532
8.74099983,1.0806520222988252
8.743031583,1.080749760736937
8.744985100000001,1.080749760736937
8.746977581000001,1.0808125925900085
8.748958615000001,1.0808963683941044
8.751038764,1.081029013417256
8.753125392000001,1.0811197705383597
8.755140317,1.081280340829543
8.756960307,1.0813710979506468
8.758902387000001,1.0813990232186788
8.761207113000001,1.0813920419016707
8.762996824,1.0813920419016707
8.765270174000001,1.0813920419016707
8.767215063,1.0811965650254474
8.769134695,1.0811197705383597
8.77125501,1.0810569386852877
8.773014211000001,1.0809871255152081
8.774960367,1.0808125925900085
8.777137975,1.0808056112730005
8.779077798000001,1.0808474991750483
8.781172753,1.0808474991750483
8.783073605,1.0808335365410324
8.785016687,1.0808335365410324
8.787046855,1.0808684431260724
8.789147039000001,1.080973162881192
8.791280227,1.0809522189301681
8.792989955000001,1.0809522189301681
8.795020014,1.0810569386852877
8.796994586,1.0810918452703275
8.798998939,1.08101505078324
8.801244936,1.080966181564184
8.80315612,1.080966181564184
8.805168863,1.0808754244430803
8.807009033,1.0805473025437053
8.809066875000001,1.0803099377654342
8.810894941,1.0801982366933065
8.812973216000001,1.0801633301082667
8.814915343000001,1.0800027598170832
8.817022722,1.0798421895258998
8.818918773,1.0796397313326684
8.8211425,1.0793884039203812
8.823022060000001,1.0793884039203812
8.824992703000001,1.0790463193869904
8.827081247,1.078829898559743
8.829223480000001,1.0787181974876152
8.830997214,1.0787181974876152
8.833042848,1.0786623469515515
8.835092933,1.0787810293406872
8.836919446000001,1.0788089546087192
8.838927344,1.0789206556808466
8.841210904,1.0790533007039982
8.843119677,1.0790533007039982
8.845052662,1.0791091512400621
8.846961356000001,1.0792767028482537
8.848975765,1.0793953852373892
8.850931052,1.079437273139437
8.852878066,1.079451235773453
8.854895065000001,1.0795908621136125
8.856929289,1.0795908621136125
8.858937475000001,1.0796187873816445
8.860947845,1.0795908621136125
8.863303682,1.0796536939666843
8.864997212,1.0796536939666843
8.867082672,1.079751432404796
8.86916131,1.0798770961109396
8.870973328,1.079995778500075
8.872924123,1.080079554304171
8.875013335,1.080100498255195
8.877039611,1.080135404840235
8.878965431000001,1.080079554304171
8.881197094000001,1.080079554304171
8.883100146,1.080079554304171
8.885097544,1.0801563487912587
8.886997709000001,1.0801563487912587
8.888968581,1.0802680498633865
8.891105512000001,1.0804286201545696
8.893020014000001,1.080400694886538
8.894990654,1.0803378630334661
8.897015229,1.080400694886538
8.898876302,1.0804635267396097
8.901196183,1.0805263585926816
8.903127949,1.0805263585926816
8.905089395000001,1.0805123959586658
8.90699185,1.0805123959586658
8.908938141,1.0805054146416577
8.910928778,1.0804216388375618
8.912910051,1.0804425827885857
8.915152473000001,1.0802889938144102
8.917027184,1.0802401245953543
8.919038401,1.0801563487912587
8.921252216000001,1.0800655916701551
8.923323934,1.0800655916701551
8.925020771,1.0798770961109396
8.926949119000001,1.079716525819756
8.928904315,1.0796397313326684
8.930924145,1.0796606752836924
8.932940943,1.0796606752836924
8.934859972,1.0796816192347163
8.936913882,1.0796955818687322
8.938875831,1.079751432404796
8.941240503000001,1.0798840774279477
8.943275954,1.0798840774279477
8.94494583,1.0800027598170832
8.946933211000001,1.0802261619613385
8.948884312,1.0803378630334661
8.950855539,1.0805473025437053
8.952843465,1.0806240970307932
8.954890016,1.0806520222988252
8.956902976,1.080693910200873
8.958938634,1.0807916486389846
8.960949701,1.0808335365410324
8.963003605,1.0808335365410324
8.965009411,1.0808335365410324
8.966985901000001,1.0808335365410324
8.968899874,1.080742779419929
8.970897435000001,1.0805891904457532
8.973091989,1.0805891904457532
8.974898686000001,1.0805891904457532
8.976855688,1.0804705080566177
8.978884612,1.0802610685463785
8.980879139,1.0802191806443304
8.983060731,1.080086535621179
8.985156286,1.080086535621179
8.986959651000001,1.0799050213789716
8.989011186,1.0800167224510993
8.991223052,1.080044647719131
8.992974786000001,1.080044647719131
8.994884466,1.080079554304171
8.996950203,1.0801842740592906
8.999154954,1.080302956448426
9.000985482,1.0802610685463785
9.00304034,1.0802610685463785
9.005002136,1.0802401245953543
9.006998569,1.0803378630334661
9.009019006,1.080365788301498
9.010878508000001,1.0802889938144102
9.012893955000001,1.0803239003994503
9.014907991000001,1.08035880698449
9.016903862000001,1.080386732252522
9.018870389,1.080386732252522
9.021176869000001,1.08035880698449
9.023072611,1.0803239003994503
9.025174885,1.0803239003994503
9.026931141,1.0802261619613385
9.029084639,1.080058610353147
9.030898504000001,1.080058610353147
9.032879445,1.0799329466470033
9.034873641,1.0798631334769238
9.037020975,1.0798631334769238
9.038914005,1.0798352082088918
9.040972933,1.079716525819756
9.043033363000001,1.079716525819756
9.044950664,1.079716525819756
9.046990057,1.07977237635582
9.048929847,1.0799189840129875
9.050874976000001,1.079995778500075
9.052943688000001,1.0800655916701551
9.054846529,1.0801982366933065
9.056882028,1.0801842740592906
9.058888282,1.0802471059123624
9.060977534000001,1.0802889938144102
9.063145723,1.0802889938144102
9.064984099,1.080365788301498
9.066917942,1.0804705080566177
9.068885207000001,1.0804844706906338
9.070937144,1.0804425827885857
9.072930696,1.080386732252522
9.074930691,1.08035880698449
9.076912249000001,1.0802889938144102
9.078887253000001,1.0802820124974024
9.081014589,1.0802680498633865
9.083284667000001,1.0801982366933065
9.084965189,1.0801982366933065
9.087005544,1.0801772927422826
9.089128994000001,1.0801563487912587
9.090907485,1.0801563487912587
9.093064259,1.080135404840235
9.094997005,1.0801982366933065
9.096922144,1.0802610685463785
9.099044552,1.0803239003994503
9.101152072000001,1.0804635267396097
9.103229998,1.0804635267396097
9.104946023,1.0805263585926816
9.106868057,1.0805612651777214
9.108890273,1.0805682464947293
9.110889994,1.0805891904457532
9.112881445000001,1.0806520222988252
9.114870896000001,1.0808125925900085
9.116943105,1.0809522189301681
9.118974752,1.0810499573682797
9.120971769,1.0811546771233995
9.123030366,1.0811546771233995
9.125107262,1.0811546771233995
9.126939264,1.0809173123451283
9.129038051,1.0808474991750483
9.131048983000001,1.0807288167859128
9.132909516,1.0805682464947293
9.135042788,1.0806450409818171
9.137010278,1.0806240970307932
9.139031922000001,1.0806101343967773
9.141246528,1.0805403212266975
9.143109391000001,1.0805403212266975
9.14495187,1.0804914520076419
9.147144669000001,1.0806101343967773
9.149153833,1.0806310783478013
9.150876502000001,1.0806310783478013
9.152914288,1.0807916486389846
9.155001113,1.0809871255152081
9.156965193000001,1.0811546771233995
9.159066909,1.0813152474145828
9.161220733,1.0813990232186788
9.162993936000001,1.0813990232186788
9.165047276000001,1.0816643132649817
9.166935268000001,1.0818877154092372
9.169133500000001,1.0818877154092372
9.170966054,1.0818807340922292
9.172890883,1.0817969582881333
9.174919306000001,1.0817411077520696
9.176913208,1.081643369313958
9.178880189000001,1.0815735561438782
9.181105396000001,1.081280340829543
9.183314539000001,1.0810359947342638
9.18496344,1.0810359947342638
9.18696645,1.0808125925900085
9.189006789,1.0805054146416577
9.190943185,1.0804495641055936
9.193009477,1.0803448443504742
9.195010935,1.0803448443504742
9.196993901,1.080407676203546
9.198886656,1.0804286201545696
9.20114045,1.0804425827885857
9.203309549,1.0804286201545696
9.205101884000001,1.0804286201545696
9.206945196000001,1.0804216388375618
9.208945836,1.080379750935514
9.210912859,1.080386732252522
9.213014363000001,1.0805123959586658
9.215031002,1.0805403212266975
9.216951521,1.0805263585926816
9.219090078,1.0804425827885857
9.221247071,1.0804705080566177
9.223032056000001,1.0804705080566177
9.225054611000001,1.080400694886538
9.226893363,1.0802610685463785
9.229288305,1.0802610685463785
9.230943469000001,1.0802610685463785
9.232853341,1.0802610685463785
9.235040508,1.0801214422062189
9.237047056,1.080107479572203
9.238962761,1.0799399279640114
9.241149314000001,1.0798631334769238
9.24313259,1.0798631334769238
9.244972735000001,1.0798561521599157
9.246871868000001,1.0798561521599157
9.248887795,1.0799189840129875
9.250882331000001,1.079995778500075
9.252849369,1.0802052180103145
9.254886179000001,1.0802889938144102
9.256876154,1.0804425827885857
9.25899873,1.0805473025437053
9.260963635000001,1.0806450409818171
9.263025809,1.0806450409818171
9.264930908,1.0807637233709528
9.266929515000001,1.0809103310281203
9.269184815000001,1.08101505078324
9.270887356000001,1.08101505078324
9.272868385,1.0810778826363117
9.274884554,1.0811197705383597
9.276866045,1.0811686397574154
9.27885906,1.0811407144893836
9.281002731000001,1.0811686397574154
9.283029805,1.0811686397574154
9.284973923,1.0811546771233995
9.286912951,1.0809522189301681
9.288904254,1.0809173123451283
9.290885097,1.0808754244430803
9.292871251000001,1.0807707046879609
9.295002023,1.0807288167859128
9.296923995,1.080665984932841
9.298896332,1.0806101343967773
9.300950449,1.0806101343967773
9.303019614,1.0806101343967773
9.304943781,1.0806520222988252
9.306923621000001,1.0805263585926816
9.308887713,1.0805263585926816
9.310857335000001,1.0805054146416577
9.312891386,1.0805263585926816
9.31483886,1.0804495641055936
9.316895964,1.0804425827885857
9.318901066,1.0804495641055936
9.321169037,1.0804495641055936
9.323024913000001,1.0804495641055936
9.32497492,1.080407676203546
9.326922262,1.0804495641055936
9.328915493,1.0804914520076419
9.330893437,1.0805123959586658
9.332898921,1.0805473025437053
9.334867944,1.0805123959586658
9.336939423,1.0804495641055936
9.33892571,1.0803239003994503
9.340920685,1.0803239003994503
9.343313913000001,1.0802191806443304
9.344934724,1.0802191806443304
9.346892292,1.080107479572203
9.348982206,1.0797025631857402
9.350919896,1.0797025631857402
9.352883335000001,1.079493123675501
9.354872013000001,1.0790882072890382
9.356895306,1.0789066930468307
9.358857472,1.0786693282685595
9.361016109000001,1.078480832709344
9.363111426000001,1.078480832709344
9.364969843,1.0783132811011527
9.366898464,1.0783412063691846
9.368985206000001,1.0783621503202088
9.37110264,1.0784668700753282
9.372917801,1.0784668700753282
9.375000399000001,1.078557627196432
9.377000585000001,1.0786832909025754
9.379284128,1.0787600853896633
9.381113395,1.0788019732917111
9.383035091,1.0788019732917111
9.384999886000001,1.078829898559743
9.387184927,1.078899711729823
9.388946311,1.078871786461791
9.390915111,1.0789625435828945
9.392928119,1.0790463193869904
9.394871546000001,1.0790672633380143
9.396946805,1.07915103914211
9.398916442,1.0792348149462059
9.400938787000001,1.0793953852373892
9.403076551,1.079451235773453
9.404924309,1.079451235773453
9.406896806,1.079472179724477
9.408923781,1.0795699181625884
9.410845626,1.0795908621136125
9.412877134,1.0797025631857402
9.414857845,1.07977237635582
9.416843275,1.079751432404796
9.41887058,1.0798003016238518
9.420949678000001,1.079716525819756
9.423000201,1.079716525819756
9.424906723000001,1.0796816192347163
9.42700179,1.0796955818687322
9.428947754000001,1.0797304884537722
9.430852512000001,1.07973746977078
9.432895658000001,1.079779357672828
9.434851185000001,1.0797025631857402
9.436904550000001,1.0797304884537722
9.43887992,1.079751432404796
9.440994327,1.07977237635582
9.443063203000001,1.07977237635582
9.445110783,1.0798421895258998
9.447032993,1.0799399279640114
9.449029932,1.0799329466470033
9.450960460000001,1.0798980400619635
9.452912513000001,1.0799189840129875
9.454925433000001,1.0799608719150353
9.456998039,1.0799748345490512
9.458917924000001,1.0800376664021232
9.461282952000001,1.0800376664021232
9.463147247,1.079995778500075
9.464977217000001,1.0798980400619635
9.4669202,1.0798980400619635
9.468883207000001,1.079779357672828
9.470886144000001,1.079751432404796
9.472890804,1.0797584137218041
9.474944243000001,1.0796816192347163
9.476946535,1.0796536939666843
9.478869086000001,1.0796187873816445
9.481281056,1.0796327500156606
9.483113933,1.0796327500156606
9.485096048,1.0796397313326684
9.487034915,1.079751432404796
9.488922273,1.079751432404796
9.490864372,1.0797304884537722
9.492888824000001,1.0797025631857402
9.4948724,1.0796816192347163
9.496871445,1.0796955818687322
9.498891314,1.0796746379177082
9.501180366,1.07973746977078
9.502932358,1.07973746977078
9.504962783,1.0798142642578676
9.506983231000001,1.0799399279640114
9.508931559,1.0799399279640114
9.510898694,1.079995778500075
9.512869062,1.0801563487912587
9.514847015,1.0801772927422826
9.516876156,1.0802191806443304
9.51887525,1.0802610685463785
9.521012434000001,1.0802191806443304
9.523009547000001,1.0802191806443304
9.525024706,1.080058610353147
9.526918424,1.080058610353147
9.528922143,1.0798421895258998
9.530945463,1.079430291822429
9.532863354,1.0792767028482537
9.534871757000001,1.0792278336291978
9.536883022000001,1.0789695248999025
9.538871917,1.0786693282685595
9.540918908,1.0784249821732803
9.543195573,1.0783132811011527
9.544936084,1.0783132811011527
9.546875917000001,1.0783132811011527
9.548880849000001,1.0782783745161129
9.550878514,1.078236486614065
9.552837187,1.0780200657868177
9.554848932,1.0778106262765783
9.556889133,1.0777128878384667
9.558886049,1.0778525141786262
9.560970820000001,1.0780898789568973
9.563122368,1.0780898789568973
9.565141030000001,1.0782993184671366
9.567042526,1.0781178042249293
9.569027471,1.0781178042249293
9.570989695,1.0779991218357938
9.573042473000001,1.077915346031698
9.574971066,1.0778525141786262
9.576992651000001,1.0778525141786262
9.578995277,1.07787345812965
9.580969464,1.0778874207636662
9.583145293000001,1.0778874207636662
9.585165033000001,1.07787345812965
9.587009498,1.07787345812965
9.589093403000001,1.07790836471469
9.590974855,1.0780968602739054
9.593055254000001,1.0783132811011527
9.595041698000001,1.0785017766603682
9.597250485,1.0787181974876152
9.599073564000001,1.0787181974876152
9.601048501000001,1.0789485809488786
9.602950203,1.0789485809488786
9.604908346,1.0793534973353414
9.606931125000001,1.0796816192347163
9.60886183,1.079779357672828
9.611007403,1.0798561521599157
9.612954760000001,1.0798212455748757
9.614943567000001,1.0797584137218041
9.616873481,1.0798212455748757
9.618867748000001,1.079793320306844
9.621162212,1.079716525819756
9.622925639,1.079716525819756
9.624923716000001,1.0797304884537722
9.626862734000001,1.0795978434306204
9.628877516000001,1.0796536939666843
9.631090506000001,1.0796187873816445
9.632950641,1.0796816192347163
9.634932283000001,1.0796327500156606
9.636862884000001,1.0796536939666843
9.638946632000001,1.0796536939666843
9.641002478,1.0796536939666843
9.643088163,1.0796606752836924
9.645231728,1.0796606752836924
9.647030986,1.079793320306844
9.648940667,1.0797584137218041
9.651146406,1.0797584137218041
9.652969262000001,1.0797584137218041
9.654898965000001,1.079779357672828
9.656900895000001,1.0797584137218041
9.658861523,1.079793320306844
9.661064108000001,1.0798003016238518
9.663122853,1.0798003016238518
9.664995449000001,1.07973746977078
9.666965543,1.0795489742115645
9.668972418000001,1.079437273139437
9.670910034,1.0793674599693572
9.672896098,1.0793116094332933
9.674896012000001,1.0791929270441578
9.676838831000001,1.079102169923054
9.678909522000001,1.0789485809488786
9.681254671000001,1.0787880106576953
9.683068607000001,1.0787880106576953
9.684971943,1.0786623469515515
9.686908281000001,1.0785855524644639
9.688909923,1.0785436645624158
9.69091624,1.0787251788046233
9.692881060000001,1.0788089546087192
9.69513231,1.0790323567529743
9.69690662,1.0790323567529743
9.698892276,1.0792767028482537
9.701103811000001,1.0793884039203812
9.702940620000001,1.0793884039203812
9.705015192000001,1.079493123675501
9.706991322,1.0796187873816445
9.708974131,1.0796536939666843
9.71115895,1.0796327500156606
9.712891217000001,1.0796327500156606
9.714873824000001,1.0796397313326684
9.716898968,1.0796327500156606
9.718891142,1.0796187873816445
9.721089995,1.0795978434306204
9.723177823,1.0795978434306204
9.725065863000001,1.0795908621136125
9.727169613000001,1.079514067626525
9.729173239000001,1.079451235773453
9.731077544000001,1.0793953852373892
9.733133451,1.079472179724477
9.734987679000001,1.0795070863095169
9.737424176000001,1.079493123675501
9.739061664000001,1.079493123675501
9.74126053,1.0795908621136125
9.742976192,1.0795908621136125
9.744959328,1.079751432404796
9.747015781,1.07973746977078
9.749036484000001,1.079751432404796
9.750909454,1.079716525819756
9.75296297,1.0796746379177082
9.754915590000001,1.0795699181625884
9.756982559,1.0795559555285725
9.758858491,1.079451235773453
9.761317468000001,1.079430291822429
9.763073273,1.079430291822429
9.765045650000001,1.079514067626525
9.766936432000001,1.079514067626525
9.769030968000001,1.0793953852373892
9.771001201,1.0793534973353414
9.772882058,1.0792348149462059
9.774879092,1.0790882072890382
9.776877874,1.0790114128019506
9.779250446,1.0789625435828945
9.781113433,1.0789625435828945
9.783150462,1.0788019732917111
9.785073926,1.0788019732917111
9.786865705,1.0784668700753282
9.788899106,1.078243467931073
9.791010488000001,1.078201580029025
9.792967622,1.078201580029025
9.794975132000001,1.078236486614065
9.796992184,1.0783621503202088
9.798893071,1.0784668700753282
9.801080808,1.078536683245408
9.803361269,1.078536683245408
9.805116883,1.0785995150984797
9.806926888000001,1.0786204590495039
9.808906349,1.0786414030005278
9.810940062,1.0786204590495039
9.812925954,1.0786414030005278
9.814858236000001,1.0786483843175356
9.816922845,1.0786204590495039
9.818875459000001,1.0785785711474558
9.820961977000001,1.0785436645624158
9.823137707,1.0785436645624158
9.825134105,1.078557627196432
9.826962203,1.078480832709344
9.828948500000001,1.0784389448072962
9.830914487000001,1.0784180008562723
9.83298899,1.0783551690032007
9.834905647000001,1.0783342250521766
9.836881003,1.0783970569052486
9.839044395,1.07845988875832
9.841250546000001,1.078480832709344
9.842937445,1.078480832709344
9.844949284,1.0785995150984797
9.846916874000001,1.0785855524644639
9.848920443,1.0785855524644639
9.851100630000001,1.0785785711474558
9.852916331000001,1.0785785711474558
9.855005043,1.078536683245408
9.856901826000001,1.0785436645624158
9.859352184,1.0784459261243042
9.860970573000001,1.078480832709344
9.863444585,1.078480832709344
9.865110934,1.0784389448072962
9.866976695,1.0784389448072962
9.869258526000001,1.0783551690032007
9.870991790000001,1.0783551690032007
9.873050645000001,1.078257430565089
9.875322705,1.077866476812642
9.877069327000001,1.077608168083347
9.879120202000001,1.0774057098901157
9.881244520000001,1.0772032516968841
9.883139008,1.0772032516968841
9.885065193,1.0770985319417647
9.887000648,1.0768960737485334
9.888927180000001,1.0767145595063259
9.891338208,1.0767145595063259
9.893009438,1.0765819144831743
9.894849139,1.0765749331661663
9.896931712,1.0766028584341982
9.89893254,1.076721540823334
9.901038254000001,1.076923999016565
9.90310154,1.076923999016565
9.905065301,1.0771404198438126
9.906920556000001,1.0774615604261795
9.908958008,1.0776360933513789
9.911056075000001,1.0776360933513789
9.912995898,1.0777687383745305
9.914898860000001,1.0779991218357938
9.916867360000001,1.0780759163228815
9.918922029,1.0780898789568973
9.921195124,1.0782713931991048
9.923067746000001,1.0782713931991048
9.924941372000001,1.0783412063691846
9.927006618,1.078522720611392
9.929192977000001,1.078522720611392
9.931009631,1.078522720611392
9.932991984000001,1.07845988875832
9.935199554,1.0783412063691846
9.936943506,1.0783412063691846
9.938966569,1.0783132811011527
9.940976882000001,1.078243467931073
9.943064447000001,1.078243467931073
9.945117192000001,1.078236486614065
9.946974741,1.078236486614065
9.948984777000002,1.078257430565089
9.951034997,1.078257430565089
9.952938547,1.078215542663041
9.954872926,1.0782783745161129
9.956911722000001,1.0782923371501287
9.958928562,1.078236486614065
9.960976949,1.078236486614065
9.963049244,1.0782923371501287
9.964923294,1.0782923371501287
9.966904924000001,1.0782993184671366
9.968856356,1.0785785711474558
9.970929254000001,1.0786623469515515
9.972974271,1.0787810293406872
9.974883788000001,1.0787810293406872
9.976965495,1.0787600853896633
9.978916058000001,1.0786064964154878
9.981116194,1.0786064964154878
9.982996147000001,1.0784668700753282
9.985090736,1.0784668700753282
9.986885323000001,1.0780898789568973
9.98884733,1.0776360933513789
9.990975785,1.0774825043772034
9.992917625,1.077259102232948
9.994824284,1.0770636253567247
9.996877416,1.0768960737485334
9.998872252,1.0767355034573498
10.001200931000001,1.0766377650192382
10.002979463,1.0766377650192382
10.004950113000001,1.0765749331661663
10.006954075000001,1.076672671604278
10.008901328,1.0768402232124694
10.011188465,1.0768402232124694
10.012892478000001,1.0770217374546769
10.014846694000001,1.077307971452004
10.016925438000001,1.0775104296452354
10.018966286000001,1.0775104296452354
10.021096153,1.0778525141786262
10.022948478,1.0778525141786262
10.024939447000001,1.0780549723718573
10.026922424,1.077957233933746
10.028903886,1.0780410097378414
10.030911694,1.0780340284208336
10.032925582,1.077957233933746
10.034906962,1.0777896823255544
10.036905526,1.0777687383745305
10.038860647,1.0777477944235065
10.041023782,1.0777338317894907
10.043028875000001,1.0777338317894907
10.044916813,1.077587224132323
10.0469997,1.0776360933513789
10.048921802,1.077650055985395
10.050946279000001,1.0777338317894907
10.052933521,1.0777966636425622
10.054892521000001,1.0778315702276022
10.057193122000001,1.0778176075935864
10.058975644,1.07787345812965
10.061034456,1.0778874207636662
10.063132594,1.0778874207636662
10.064968689,1.0780130844698097
10.066985004000001,1.0780130844698097
10.068906388,1.0781387481759535
10.071141746,1.078201580029025
10.072960766000001,1.078222523980049
10.074892686,1.078180636078001
10.076921602,1.078215542663041
10.078868533000001,1.0781527108099693
10.081632415000001,1.0780898789568973
10.083172768,1.0780898789568973
10.084960950000001,1.0778525141786262
10.087032310000001,1.0775243922792512
10.089210393,1.0773498593540518
10.090904651,1.0773498593540518
10.092884018000001,1.0771683451118443
10.09492801,1.077028718771685
10.096912436,1.0769589056016051
10.098877948,1.0768541858464855
10.101177289,1.0768541858464855
10.103031474,1.076672671604278
10.105174704000001,1.076672671604278
10.106917073,1.076616821068214
10.108976295000001,1.0767564474083737
10.110872133,1.0768821111145175
10.112938334,1.076986830869637
10.114907437000001,1.0770985319417647
10.117017488,1.0772032516968841
10.118855731,1.077342878037044
10.12121091,1.0774057098901157
10.123042999,1.0774057098901157
10.12496273,1.0775313735962593
10.126977086,1.0777687383745305
10.129012572,1.0777896823255544
10.130974852000001,1.07787345812965
10.133060329000001,1.077950252616738
10.135189937,1.0780130844698097
10.136917078,1.0780968602739054
10.138868451,1.0781108229079213
10.141116073000001,1.078215542663041
10.143288363,1.078215542663041
10.144971828000001,1.078236486614065
10.146931485000001,1.0784459261243042
10.149051583,1.0784459261243042
10.150878376000001,1.078515739294384
10.152898725,1.078557627196432
10.154967428,1.0786414030005278
10.156895821,1.0786064964154878
10.158986870000001,1.07856460851344
10.161202503,1.078557627196432
10.16319767,1.078557627196432
10.164942922,1.0784947953433601
10.167125332000001,1.0783202624181605
10.169028234,1.078257430565089
10.171285829,1.078201580029025
10.172917568,1.078201580029025
10.174969618,1.0780689350058734
10.17690694,1.0780549723718573
10.178881563000001,1.0780689350058734
10.181209669000001,1.0780689350058734
10.183002296000002,1.0780689350058734
10.185048094,1.0781317668589454
10.187068852000001,1.0781317668589454
10.188970603000001,1.078201580029025
10.190908722000001,1.0780759163228815
10.193053121,1.0780898789568973
10.194911333,1.077936289982722
10.196925422000001,1.0777268504724826
10.199042118000001,1.0775243922792512
10.201315576,1.0773708033050757
10.203301869,1.0773708033050757
10.205046596,1.077259102232948
10.206970687,1.076923999016565
10.208900654,1.0768402232124694
10.210955254,1.076721540823334
10.213124819,1.076721540823334
10.214892584000001,1.0767145595063259
10.216857237000001,1.0767355034573498
10.218911601,1.0767843726764057
10.221018505,1.0768960737485334
10.223021271,1.0768960737485334
10.224928466000001,1.077028718771685
10.226918919000001,1.077280046183972
10.228974863000001,1.0773498593540518
10.230863677,1.0774336351581475
10.233023693,1.0776849625704346
10.234977482000001,1.07787345812965
10.236915083000001,1.0779711965677619
10.238862982,1.0780549723718573
10.241037365,1.078201580029025
10.243010042,1.078201580029025
10.245002636,1.0783202624181605
10.247150149000001,1.0783621503202088
10.249091335000001,1.0783342250521766
10.250915854,1.0782783745161129
10.253009507,1.0782713931991048
10.254941977000001,1.078215542663041
10.256933314000001,1.0781178042249293
10.258992474000001,1.0781108229079213
10.261205398000001,1.0780410097378414
10.263008319,1.0780410097378414
10.265064333,1.0780410097378414
10.267064695,1.0780968602739054
10.269023783000002,1.0780340284208336
10.271175845,1.0780200657868177
10.272975186,1.0780200657868177
10.274935526,1.0780759163228815
10.276931913,1.0781108229079213
10.278948351,1.0781317668589454
10.281149386000001,1.0781527108099693
10.283136791,1.0781527108099693
10.285045118000001,1.0781527108099693
10.286977125,1.0784040382222564
10.289022595,1.07845988875832
10.290973505,1.0786204590495039
10.293003899,1.0786274403665117
10.294898919000001,1.07856460851344
10.296901761,1.0783970569052486
10.298975746,1.0783342250521766
10.301199216,1.0781527108099693
10.302981825,1.0781527108099693
10.305155518000001,1.0779711965677619
10.307219666,1.0777477944235065
10.30894773,1.0777477944235065
10.31091801,1.0777338317894907
10.313002155000001,1.0775732614983071
10.315075474,1.0774615604261795
10.316957330000001,1.0773917472560999
10.318898561000001,1.0774057098901157
10.32106006,1.077342878037044
10.323013496000002,1.077342878037044
10.324956474,1.0773219340860198
10.326868946000001,1.0774894856942114
10.328857057,1.0775104296452354
10.330904182000001,1.0775453362302752
10.332927872,1.077650055985395
10.334893127,1.0777547757405146
10.337068752,1.077894402080674
10.338909955,1.077894402080674
10.341082416,1.077929308665714
10.342971826000001,1.077929308665714
10.344937608,1.0780549723718573
10.346970493,1.07797817788477
10.3489044,1.0780410097378414
10.350909596000001,1.0780130844698097
10.352914407,1.0780410097378414
10.354874870000002,1.078201580029025
10.356893477,1.0781945987120172
10.358926316,1.0782993184671366
10.361043432,1.0782993184671366
10.363086271,1.0783412063691846
10.364991262,1.0783412063691846
10.36697382,1.0783412063691846
10.368927654,1.0783970569052486
10.370852793000001,1.0783551690032007
10.372917645000001,1.0783761129542246
10.374897242000001,1.0783970569052486
10.376910515,1.0783412063691846
10.378943750000001,1.0783970569052486
10.381208266,1.0783970569052486
10.383091947,1.0783132811011527
10.385146966,1.0783132811011527
10.387079366,1.078222523980049
10.388918910000001,1.078222523980049
10.391050007,1.0783761129542246
10.392916874,1.078557627196432
10.394913185,1.0786832909025754
10.397145640000002,1.0788019732917111
10.398948939,1.0789066930468307
10.401097859,1.0789276369978547
10.403177123,1.0789276369978547
10.404951162000001,1.0789625435828945
10.406892841000001,1.0789485809488786
10.409105483000001,1.078899711729823
10.410939949000001,1.078864805144783
10.413152377000001,1.0787461227556472
10.415010357,1.078515739294384
10.417064244,1.0783621503202088
10.418992283000001,1.0783202624181605
10.421136044,1.078180636078001
10.423313076000001,1.078180636078001
10.425200250000001,1.0780898789568973
10.427005065000001,1.0780898789568973
10.429000071,1.0780759163228815
10.431003421,1.078180636078001
10.43297487,1.078243467931073
10.434993271000002,1.0782993184671366
10.43698256,1.0783132811011527
10.438910596000001,1.0783830942712327
10.441188079,1.0784389448072962
10.443075322,1.0784389448072962
10.44500576,1.078557627196432
10.446902075,1.0786414030005278
10.448876910000001,1.0786832909025754
10.451004401,1.0786064964154878
10.452941554,1.078557627196432
10.454972705000001,1.0784947953433601
10.457003216,1.0784040382222564
10.458942044,1.0782923371501287
10.4612037,1.0782923371501287
10.463073919000001,1.0782783745161129
10.465102463000001,1.078236486614065
10.466903381,1.0781527108099693
10.469066921000001,1.0781945987120172
10.470991675,1.078173654760993
10.472884222000001,1.0781945987120172
10.475002939000001,1.0782783745161129
10.476995569000001,1.0782713931991048
10.478881401,1.078236486614065
10.481313998000001,1.0781945987120172
10.483096561,1.0781945987120172
10.485126686000001,1.0782783745161129
10.487005207000001,1.0782783745161129
10.489058854000001,1.0782713931991048
10.490920953,1.078257430565089
10.492938489,1.0782713931991048
10.494873521,1.0782993184671366
10.496870813000001,1.0782923371501287
10.498911146000001,1.0782923371501287
10.500975201000001,1.0782993184671366
10.503012096,1.0782993184671366
10.505187256000001,1.0782713931991048
10.507087974000001,1.078201580029025
10.508897329,1.0780968602739054
10.510927181000001,1.07797817788477
10.512880974,1.077866476812642
10.515008667,1.07790836471469
10.516975049000001,1.077936289982722
10.519302251000001,1.0777896823255544
10.520922503000001,1.0777896823255544
10.523204015000001,1.077594205449331
10.524966811,1.077594205449331
10.526928836000002,1.077342878037044
10.528958084000001,1.0773219340860198
10.530951207000001,1.077259102232948
10.532956421000002,1.0773498593540518
10.534890327000001,1.0773708033050757
10.536854641000001,1.0773708033050757
10.538913363,1.0774615604261795
10.540925459,1.0774266538411394
10.542965915,1.0774126912071236
10.545020889,1.0774126912071236
10.546951746000001,1.0774685417431873
10.548901686,1.077650055985395
10.550902971000001,1.0777338317894907
10.552893597,1.0777896823255544
10.554882359,1.07787345812965
10.556906079,1.077936289982722
10.55890314,1.0779711965677619
10.560888893000001,1.0780968602739054
10.563106772000001,1.0781945987120172
10.565148367,1.0781945987120172
10.567023231,1.0782923371501287
10.569102552,1.0782923371501287
10.570960818000001,1.0782923371501287
10.572965181,1.0783551690032007
10.574922267,1.0783970569052486
10.57712585,1.0785785711474558
10.579009329,1.0786623469515515
10.581202602000001,1.0787181974876152
10.583237161000001,1.0787181974876152
10.584951037000002,1.0787391414386394
10.586933417000001,1.0787670667066713
10.588907582000001,1.0787461227556472
10.590896887000001,1.0786972535365913
10.592882496000001,1.0786693282685595
10.594964654,1.0786483843175356
10.5970606,1.0786693282685595
10.599002649,1.0786483843175356
10.600925903,1.0786204590495039
10.603134912,1.0785855524644639
10.604985822000002,1.0785855524644639
10.606977775,1.0784389448072962
10.608898903,1.078236486614065
10.610948756,1.0781317668589454
10.612991299,1.0780340284208336
10.615019062,1.077894402080674
10.616976229,1.0777128878384667
10.618940685,1.077594205449331
10.620886232,1.0774336351581475
10.622982274,1.0774336351581475
10.625036779,1.0772660835499561
10.626928793000001,1.0772660835499561
10.628920838,1.077007774820661
10.630883314,1.0767843726764057
10.632859272000001,1.0766377650192382
10.634882512,1.0765330452641184
10.636880837000001,1.0764771947280547
10.638895705000001,1.0764353068260069
10.640972303,1.0765330452641184
10.643037481,1.0765330452641184
10.644945615000001,1.0765819144831743
10.646875861,1.0768053166274294
10.648899613000001,1.0768541858464855
10.650878996000001,1.0769379616505812
10.652911669,1.077000793503653
10.654900151000001,1.077007774820661
10.656903605,1.0770566440397167
10.658905109,1.0770636253567247
10.660977488,1.0771194758927887
10.662990070000001,1.0771194758927887
10.664962465,1.0771474011608206
10.667162271,1.077342878037044
10.668908719000001,1.077342878037044
10.670902118,1.0774685417431873
10.672889209000001,1.0777059065214587
10.674844543,1.0777896823255544
10.676900224,1.0777757196915385
10.678847548,1.0777966636425622
10.680992873000001,1.0778176075935864
10.683022762,1.0778176075935864
10.685007907000001,1.0778874207636662
10.686982534,1.0777547757405146
10.688972619000001,1.0777687383745305
10.690867434000001,1.0777896823255544
10.692854447,1.0776849625704346
10.694925521,1.0776291120343708
10.696874448,1.0776640186194109
10.698863398,1.0776640186194109
10.700922893000001,1.0776291120343708
10.703096905,1.0775453362302752
10.705207467000001,1.0774266538411394
10.707017563,1.0774266538411394
10.708958707,1.07728702750098
10.710910349,1.077231176964916
10.712992727000001,1.0771404198438126
10.714950263,1.0771194758927887
10.716993123,1.0770636253567247
10.718978464000001,1.0771055132587728
10.721194397000001,1.0771474011608206
10.723127518,1.0771474011608206
10.724963045,1.0771055132587728
10.72703122,1.077259102232948
10.729102216000001,1.0772451395989322
10.730931431,1.0772660835499561
10.732913373,1.0772032516968841
10.73498252,1.0771892890628683
10.73691638,1.0771264572097967
10.738941896,1.0770217374546769
10.741279933000001,1.077007774820661
10.743011248,1.077007774820661
10.745082423000001,1.077000793503653
10.747042707,1.076986830869637
10.749081845000001,1.077000793503653
10.751082045,1.0770636253567247
10.753025243000002,1.0770775879907408
10.755206911,1.0771264572097967
10.757065884000001,1.077259102232948
10.759055445000001,1.077307971452004
10.761122032000001,1.0774336351581475
10.763269956,1.0774336351581475
10.765101584,1.0775732614983071
10.767221221,1.0778315702276022
10.769031778,1.0778315702276022
10.771031376,1.07787345812965
10.773076659,1.077957233933746
10.775012312000001,1.0778385515446103
10.777018398000001,1.0778525141786262
10.779071790000001,1.077866476812642
10.781381839,1.0778525141786262
10.783240175000001,1.0778525141786262
10.785013628000002,1.0778525141786262
10.787076410000001,1.0778106262765783
10.78905858,1.0777338317894907
10.791069888,1.0776640186194109
10.793052163,1.0775732614983071
10.794994223000002,1.0775243922792512
10.797107043,1.0774685417431873
10.799154595000001,1.0774336351581475
10.801469503,1.077363821988068
10.803235711000001,1.077363821988068
10.805219028000002,1.0773289154030279
10.807130157000001,1.0773289154030279
10.809066697,1.0773289154030279
10.811124921000001,1.0771892890628683
10.813218194000001,1.0771264572097967
10.814996862000001,1.0771194758927887
10.817169172,1.076986830869637
10.819058365,1.0768821111145175
10.821310458000001,1.0768821111145175
10.823120648000002,1.0768821111145175
10.825081344,1.0770217374546769
10.827043182,1.0770985319417647
10.82902763,1.0770217374546769
10.830988632,1.076923999016565
10.833100659000001,1.076986830869637
10.834959809,1.0769658869186132
10.837072410000001,1.0768821111145175
10.839112550000001,1.0769030550655414
10.841177511000001,1.0768332418954614
10.843295267,1.0768332418954614
10.845005523000001,1.076693615555302
10.847011557,1.076309643119863
10.848969709,1.0762747365348233
10.851027013000001,1.0762677552178155
10.852977058,1.0762956804858472
10.854913659000001,1.076337568387895
10.8571117,1.0763166244368711
10.859037410000001,1.0763166244368711
10.861221193,1.076393418923959
10.862964445000001,1.076393418923959
10.864947877,1.0764981386790786
10.866983847,1.0767564474083737
10.869233412,1.0768821111145175
10.870939909,1.0768821111145175
10.872877722,1.0771823077458602
10.874851436,1.0775313735962593
10.876888794000001,1.0776919438874426
10.878876772,1.0777687383745305
10.881213803000001,1.0778176075935864
10.883084133,1.0778176075935864
10.884931994,1.0777757196915385
10.886995694000001,1.077650055985395
10.889224637,1.0776291120343708
10.890916836,1.0776291120343708
10.892913758,1.0775243922792512
10.894912436,1.077280046183972
10.896876805000002,1.077231176964916
10.898974972000001,1.0771892890628683
10.901215262000001,1.0770845693077489
10.903198393,1.0770217374546769
10.90503205,1.0770217374546769
10.906924605,1.0769379616505812
10.908940224,1.0768821111145175
10.910872476000002,1.077000793503653
10.91298626,1.0770775879907408
10.915029831,1.0771683451118443
10.916891961000001,1.077300990134996
10.918883905000001,1.077342878037044
10.921169742,1.0774057098901157
10.923016677000001,1.0774057098901157
10.925140969000001,1.0774266538411394
10.926988512000001,1.0773847659390918
10.929018267,1.0773498593540518
10.930983692,1.0773498593540518
10.932942663,1.0773847659390918
10.934971002000001,1.077363821988068
10.936980544,1.07728702750098
10.938916433000001,1.0772241956479083
10.941128399,1.0772032516968841
10.943025586000001,1.0772032516968841
10.94500942,1.0771892890628683
10.946911777,1.0771892890628683
10.949062998,1.077007774820661
10.950915379000001,1.076944942967589
10.952868598,1.076944942967589
10.955024225,1.076923999016565
10.956899694,1.0768192792614455
10.958927069000001,1.0768541858464855
10.961174495,1.0768332418954614
10.962998847000001,1.0768332418954614
10.964983962,1.0768541858464855
10.967012241,1.0768541858464855
10.969091114000001,1.0768960737485334
10.970990663,1.0768960737485334
10.973052376,1.0769170176995573
10.974950024,1.0769379616505812
10.976923690000001,1.077000793503653
10.978997723,1.076979849552629
10.981099022,1.0770566440397167
10.982967144,1.0770566440397167
10.984939748,1.0771474011608206
10.986947477000001,1.0771474011608206
10.988900636,1.0773289154030279
10.990944482000002,1.0775313735962593
10.993026899,1.0775453362302752
10.995005101,1.077615149400355
10.997102741,1.0778385515446103
10.998915217,1.0778315702276022
11.000994924,1.0778315702276022
11.003037816,1.0778315702276022
11.004932206000001,1.0778176075935864
11.006895237,1.0776919438874426
11.008900744,1.0775313735962593
11.010909794,1.0774825043772034
11.012915358,1.0774336351581475
11.014904191000001,1.077363821988068
11.016928021,1.0772241956479083
11.018884193,1.0771404198438126
11.021018068,1.076979849552629
11.023016564,1.076979849552629
11.025032226,1.076944942967589
11.026931544,1.076944942967589
11.028920286,1.0769170176995573
11.030890677,1.0770426814057008
11.032898115,1.0770636253567247
11.034899433000001,1.0771683451118443
11.036877387,1.0772241956479083
11.038912810000001,1.0772241956479083
11.040989003,1.0772032516968841
11.043003157000001,1.0772032516968841
11.044935534,1.0771892890628683
11.046919896,1.0770845693077489
11.048909312000001,1.076979849552629
11.050890633,1.076944942967589
11.052907553,1.0768053166274294
11.054890343,1.0765819144831743
11.056883822000001,1.076372474972935
11.058902360000001,1.0762537925837996
11.061117194000001,1.0761281288776559
11.062991765000001,1.0761281288776559
11.064922589,1.0761281288776559
11.066943393,1.0761700167797035
11.068985934,1.0762677552178155
11.071032998000002,1.0764562507770308
11.073030516000001,1.0764353068260069
11.074934741,1.0765609705321504
11.076990305,1.0767145595063259
11.078865844000001,1.0768053166274294
11.08091768,1.077007774820661
11.083034626,1.0772102330138922
11.084961826,1.0772102330138922
11.086966533,1.0774266538411394
11.088919626000001,1.0776849625704346
11.09093412,1.0778176075935864
11.092879205000001,1.0777966636425622
11.094920617000001,1.0777896823255544
11.096880049000001,1.0777757196915385
11.098884262,1.0777687383745305
11.101339576,1.0776640186194109
11.103301512,1.0776640186194109
11.105100644,1.077594205449331
11.107113957000001,1.0774475977921634
11.108930422,1.0773708033050757
11.111000321,1.0773847659390918
11.113017130000001,1.0772451395989322
11.114939792000001,1.0772032516968841
11.117141399000001,1.0772102330138922
11.118992231,1.0772241956479083
11.121238425000001,1.0772032516968841
11.123048982,1.0772032516968841
11.125013075,1.0771683451118443
11.127167383000002,1.0771404198438126
11.12897919,1.0771404198438126
11.130972167000001,1.0772032516968841
11.133220663000001,1.077307971452004
11.134944384,1.077307971452004
11.137018676,1.077307971452004
11.138982655000001,1.077231176964916
11.141153375,1.0772451395989322
11.143094698,1.0772451395989322
11.145094829000001,1.0772451395989322
11.147147530000002,1.07728702750098
11.149064131000001,1.07728702750098
11.151114961000001,1.0772451395989322
11.152899352,1.0772241956479083
11.155024856,1.077028718771685
11.1569015,1.077028718771685
11.158881975,1.076923999016565
11.160992356000001,1.0768053166274294
11.163023627000001,1.0768053166274294
11.164975126,1.0768053166274294
11.166990145000002,1.076721540823334
11.168994111,1.076672671604278
11.170969243,1.0766377650192382
11.17293132,1.0766517276532541
11.174901656000001,1.0766377650192382
11.176875222000001,1.076672671604278
11.178885037,1.076672671604278
11.181262796,1.0767355034573498
11.183025061,1.0767355034573498
11.184967753,1.0768960737485334
11.186988299000001,1.0768960737485334
11.188928168,1.0771474011608206
11.191038493,1.0773498593540518
11.192921563,1.077363821988068
11.194921984,1.0774825043772034
11.197121115,1.0774825043772034
11.198916247000001,1.0775732614983071
11.201215136,1.0776849625704346
11.203251355,1.0776849625704346
11.204957333000001,1.077608168083347
11.206994562,1.0777547757405146
11.209191548000002,1.0777338317894907
11.210963911,1.0776849625704346
11.212981216000001,1.077608168083347
11.214906761,1.077594205449331
11.216956868,1.077608168083347
11.219160431,1.0775453362302752
11.221252512000001,1.0774475977921634
11.223200438000001,1.0774475977921634
11.225243687,1.0773708033050757
11.226971161000002,1.0773708033050757
11.228979688,1.077231176964916
11.230942178000001,1.0772032516968841
11.233034559,1.0772241956479083
11.235022442,1.077231176964916
11.236918415,1.077231176964916
11.238968065,1.0771683451118443
11.241190016000001,1.0770985319417647
11.243018936,1.0770985319417647
11.244936836,1.0770566440397167
11.2469376,1.0770636253567247
11.248928274,1.0770426814057008
11.251010014,1.0770566440397167
11.252963544,1.0770566440397167
11.254937322,1.0770636253567247
11.257007036000001,1.077028718771685
11.258925948,1.077028718771685
11.261193329000001,1.0770566440397167
11.263081186,1.0770566440397167
11.265006093,1.0771683451118443
11.267119317,1.0771683451118443
11.269037358,1.0770775879907408
11.271061243,1.076944942967589
11.272941908,1.076923999016565
11.274917768,1.0769658869186132
11.277055679,1.0768332418954614
11.278907932000001,1.07670059687231
11.281167564,1.076616821068214
11.283004483000001,1.076616821068214
11.284944611,1.0765539892151423
11.286951629,1.0765539892151423
11.288947417000001,1.0766377650192382
11.29088911,1.076721540823334
11.292936256,1.0768053166274294
11.294971615000001,1.0769170176995573
11.296937243,1.0769170176995573
11.298937753,1.0770985319417647
11.301000978000001,1.0772102330138922
11.303146267,1.0772102330138922
11.305102257000001,1.0774057098901157
11.30732978,1.0774057098901157
11.309041930000001,1.0776849625704346
11.310950866,1.0777896823255544
11.313279094,1.0777477944235065
11.314973127,1.0777477944235065
11.317023824000001,1.0776709999364187
11.319019139,1.0777338317894907
11.321234104,1.0777128878384667
11.323094606000002,1.0777128878384667
11.325007900000001,1.0776360933513789
11.327147093,1.0776360933513789
11.328919760000002,1.0776360933513789
11.330913042,1.0776919438874426
11.332982419,1.0776849625704346
11.334919011,1.0776849625704346
11.336981401000001,1.0777268504724826
11.338986878,1.0777338317894907
11.341199900000001,1.0777059065214587
11.343079035,1.0777059065214587
11.345291303000002,1.077594205449331
11.347001705,1.077594205449331
11.348947178000001,1.0774615604261795
11.351057474000001,1.0774336351581475
11.352926412,1.077363821988068
11.354936933000001,1.0773498593540518
11.356907934,1.07728702750098
11.358981038000001,1.0772241956479083
11.361227473000001,1.0771404198438126
11.363118956000001,1.0771404198438126
11.3650868,1.0772032516968841
11.367071638,1.0770566440397167
11.369045999,1.076944942967589
11.371011738,1.0768402232124694
11.37302925,1.0767773913593977
11.374910355,1.0767773913593977
11.37697599,1.0767634287253818
11.379458931,1.0767424847743579
11.381002593,1.0767424847743579
11.383284960000001,1.076721540823334
11.385190478,1.076721540823334
11.387019946,1.0766517276532541
11.389137265,1.07670059687231
11.391103802,1.07670059687231
11.393362608,1.076721540823334
11.395060853,1.076721540823334
11.397062498,1.0767424847743579
11.398975960000001,1.0767145595063259
11.401115582000001,1.0766517276532541
11.403191634,1.0766517276532541
11.405053518,1.0767564474083737
11.407149129,1.0767634287253818
11.409059021000001,1.0767634287253818
11.411043238000001,1.0768053166274294
11.413013073,1.0770845693077489
11.414941645,1.0771683451118443
11.416921009000001,1.0773219340860198
11.418918585,1.077363821988068
11.421065272,1.0774475977921634
11.423149629000001,1.0774475977921634
11.424957106,1.0776360933513789
11.426965663,1.077957233933746
11.42921508,1.077957233933746
11.430916472,1.0779991218357938
11.432913563000001,1.0781527108099693
11.435136906,1.0781945987120172
11.436950238000001,1.0781945987120172
11.438913967000001,1.0782993184671366
11.44094851,1.078243467931073
11.443091511,1.078236486614065
11.444966441,1.078236486614065
11.446933551,1.078201580029025
11.448929723000001,1.078201580029025
11.450945717000002,1.0781108229079213
11.452955761,1.0781108229079213
11.454895161000001,1.0779921405187858
11.456865575,1.07787345812965
11.458943201,1.07787345812965
11.461071944,1.0778176075935864
11.463072094000001,1.0778176075935864
11.464970046000001,1.0778106262765783
11.467007899,1.0775523175472832
11.468911156,1.0775523175472832
11.470912841,1.0774894856942114
11.472922850000002,1.0773847659390918
11.474887481000001,1.077259102232948
11.476954264000002,1.0771264572097967
11.478987799,1.0770775879907408
11.480995318000002,1.0770775879907408
11.482991677000001,1.0770775879907408
11.485029732000001,1.0769658869186132
11.486937777000001,1.0769658869186132
11.488914831,1.0767424847743579
11.490919095,1.0766517276532541
11.49294506,1.0766028584341982
11.494866725000001,1.0765958771171902
11.496855442000001,1.076616821068214
11.498921175000001,1.076679652921286
11.501064711000001,1.0767983353104216
11.502978274,1.0767983353104216
11.505076133000001,1.0768402232124694
11.507072509,1.0770775879907408
11.508986236,1.0770775879907408
11.510928511000001,1.0771264572097967
11.513089418,1.0772451395989322
11.515033879,1.077300990134996
11.516980851000001,1.07728702750098
11.519234878,1.0772451395989322
11.521209228,1.0772451395989322
11.523097809000001,1.077280046183972
11.525278287,1.077231176964916
11.527181209,1.077231176964916
11.528983005,1.0771474011608206
11.531021098,1.0770775879907408
11.533002596000001,1.0770566440397167
11.534949859000001,1.0770217374546769
11.536980976,1.0770985319417647
11.539054810000001,1.0770636253567247
11.541132541000001,1.0771264572097967
11.543171191,1.0771264572097967
11.545161463000001,1.0772102330138922
11.546941893000001,1.0772102330138922
11.549224427,1.0772241956479083
11.550993660000001,1.0772451395989322
11.552981862000001,1.077363821988068
11.555170831,1.0774266538411394
11.556985345000001,1.0774475977921634
11.558990765,1.0774126912071236
11.56122723,1.0774126912071236
11.563162837,1.0773708033050757
11.565113801,1.0773708033050757
11.566922302,1.077300990134996
11.568967010000001,1.077259102232948
11.571028024,1.077307971452004
11.572881317,1.0773917472560999
11.575138828,1.0774266538411394
11.576936518,1.0774266538411394
11.579210320000001,1.0773498593540518
11.581068394,1.0771823077458602
11.583212908,1.0771823077458602
11.585080234000001,1.0771055132587728
11.586947557,1.0768821111145175
11.589223924,1.0768402232124694
11.591094190000002,1.0768402232124694
11.593030336,1.0767773913593977
11.595070636,1.0764911573620708
11.596993191000001,1.0764562507770308
11.599147186000001,1.076358512338919
11.601304709,1.076358512338919
11.603193282000001,1.0762537925837996
11.605033598,1.0762537925837996
11.607019367000001,1.0762747365348233
11.609136221,1.0764702134110467
11.611066887000002,1.0765400265811265
11.613040924,1.076672671604278
11.614992725,1.0768053166274294
11.617246437,1.0767773913593977
11.618935193,1.0767983353104216
11.621082393,1.0768960737485334
11.623146471,1.0768960737485334
11.624988597000002,1.077028718771685
11.627250775,1.0771892890628683
11.629061535,1.077231176964916
11.631204078000001,1.077307971452004
11.633050372000001,1.077307971452004
11.634963493,1.077363821988068
11.636935537000001,1.077307971452004
11.639062761,1.0773219340860198
11.641058472000001,1.077280046183972
11.643310862,1.077280046183972
11.645141760000001,1.0772660835499561
11.647007897,1.0772660835499561
11.649035776,1.077280046183972
11.650973712,1.0772451395989322
11.652906825,1.077259102232948
11.654865015,1.077280046183972
11.656870416,1.0773708033050757
11.658944659000001,1.0774685417431873
11.660945063000002,1.077587224132323
11.663137769,1.0777128878384667
11.664949619000001,1.0777128878384667
11.666970087000001,1.0778874207636662
11.669112975,1.0782783745161129
11.671021606,1.0782783745161129
11.672968669000001,1.0784459261243042
11.675056748000001,1.0787461227556472
11.677019138,1.0789485809488786
11.679127281000001,1.0790533007039982
11.681113737,1.0790533007039982
11.683265178000001,1.079123113874078
11.685128119000002,1.079123113874078
11.687092082000001,1.0793465160183333
11.688929432,1.0791859457271498
11.690974416000001,1.079130095191086
11.692981231000001,1.07915103914211
11.695891329,1.0790533007039982
11.697109508,1.0790533007039982
11.699109729,1.0789834875339186
11.701174208000001,1.0789066930468307
11.70304147,1.0789066930468307
11.705011253,1.078871786461791
11.707051171000002,1.0786972535365913
11.709004801,1.0786414030005278
11.711003943000001,1.0786064964154878
11.712943385,1.0784947953433601
11.714938019,1.0783621503202088
11.717270065000001,1.078236486614065
11.718948676,1.0781178042249293
11.72110469,1.0780340284208336
11.723138995000001,1.0780340284208336
11.72503904,1.077866476812642
11.727015476,1.0777338317894907
11.72915017,1.077615149400355
11.730978823000001,1.0775732614983071
11.733068066000001,1.077566280181299
11.734986613,1.0774475977921634
11.737037768,1.077307971452004
11.738901748,1.0771823077458602
11.740985699000001,1.0771264572097967
11.74326138,1.0770985319417647
11.74498471,1.0770985319417647
11.746931843,1.0770426814057008
11.74899564,1.0771613637948365
11.750973786000001,1.0772102330138922
11.752887788,1.077280046183972
11.754912487,1.077300990134996
11.756933783000001,1.0773289154030279
11.758871353,1.077300990134996
11.761099886,1.077231176964916
11.763102597000001,1.077231176964916
11.765346934,1.0772241956479083
11.766943243,1.0770566440397167
11.768876005000001,1.076944942967589
11.770983335,1.0768960737485334
11.772868447,1.0768402232124694
11.774986854000002,1.0768192792614455
11.777170367,1.0768332418954614
11.778982964,1.076923999016565
11.781524672000002,1.076923999016565
11.783092015000001,1.076923999016565
11.784982126000001,1.0769030550655414
11.786973837000001,1.0767564474083737
11.789176985000001,1.076693615555302
11.791060548,1.076693615555302
11.792962272,1.076672671604278
11.79498367,1.0767424847743579
11.796999121,1.0767564474083737
11.798886311,1.0767983353104216
11.801108500000002,1.0767843726764057
11.803232571,1.0767843726764057
11.805014609,1.0767983353104216
11.806987123,1.0768821111145175
11.809150402,1.077000793503653
11.810951777000001,1.077000793503653
11.812909424,1.077028718771685
11.815210798,1.0772451395989322
11.817033773,1.07728702750098
11.818906844,1.0772660835499561
11.821160815,1.077363821988068
11.823130950000001,1.077363821988068
11.825036642,1.0774057098901157
11.826928126,1.0774057098901157
11.828931178000001,1.0774825043772034
11.830933726000001,1.0775453362302752
11.832898816,1.0775453362302752
11.835020635000001,1.0775313735962593
11.836916802000001,1.0776849625704346
11.838870562,1.0777687383745305
11.841154314,1.0778176075935864
11.843042045,1.0778176075935864
11.844989975,1.0778176075935864
11.847195196000001,1.077866476812642
11.848943257,1.0778106262765783
11.850881447,1.0778315702276022
11.852876434,1.0778106262765783
11.854924092000001,1.0778385515446103
11.857124591000002,1.077929308665714
11.859204264,1.077894402080674
11.861077522,1.077894402080674
11.863256651,1.0777966636425622
11.864993231000001,1.0777966636425622
11.866974192,1.0776360933513789
11.868970121,1.0775034483282275
11.870937095,1.0773847659390918
11.872972029000001,1.077300990134996
11.874913072,1.0772102330138922
11.876889460000001,1.0770426814057008
11.878911497,1.076923999016565
11.881108267,1.0768192792614455
11.8833021,1.0768192792614455
11.885164489000001,1.0766517276532541
11.886998383,1.076679652921286
11.888914880000002,1.07670059687231
11.890909687,1.0767424847743579
11.892908494,1.0767564474083737
11.894932557,1.0768192792614455
11.897071565000001,1.0768960737485334
11.898914690000002,1.0768751297975094
11.901071114,1.0768541858464855
11.903017591000001,1.0768541858464855
11.904985506000001,1.0769170176995573
11.906981574000001,1.0770845693077489
11.909234972,1.0770985319417647
11.910919047,1.0770985319417647
11.912909622,1.0771055132587728
11.914907354,1.0770985319417647
11.91689511,1.077007774820661
11.918877862,1.0769379616505812
11.920979627000001,1.0768960737485334
11.923022472000001,1.0768960737485334
11.924947411000002,1.0768402232124694
11.926928305,1.0766517276532541
11.929090322,1.0766028584341982
11.930939264000001,1.0766028584341982
11.932995889,1.0765958771171902
11.934987669000002,1.0766307837022302
11.936915842000001,1.076679652921286
11.939004589000001,1.0766377650192382
11.941228617,1.0766377650192382
11.943156318000002,1.076679652921286
11.945136713,1.076923999016565
11.947065393,1.076979849552629
11.948885555,1.0770985319417647
11.950920839,1.0771404198438126
11.952911246000001,1.0770775879907408
11.954932617,1.0770566440397167
11.956944708,1.077000793503653
11.958894246000002,1.077007774820661
11.961354141000001,1.077007774820661
11.9631732,1.077007774820661
11.965121773,1.0770775879907408
11.966985666000001,1.0771683451118443
11.969074774000001,1.0771264572097967
11.971568770000001,1.0771613637948365
11.973070961000001,1.0771613637948365
11.974947274000002,1.0770775879907408
11.977118522000001,1.0770217374546769
11.979037799,1.0770217374546769
11.981329074000001,1.077028718771685
11.983198984000001,1.077028718771685
11.984990514000001,1.077028718771685
11.986980537,1.0769658869186132
11.988982019000002,1.0768402232124694
11.990983593000001,1.0767424847743579
11.993021345,1.0767355034573498
11.995039681000002,1.0767564474083737
11.997017281000002,1.0768751297975094
11.999057138000001,1.0768960737485334
12.001203744000001,1.0768960737485334
12.003317172000001,1.0768960737485334
12.005243529000001,1.0768611671634936
12.007156193,1.0767983353104216
12.008958653,1.0767983353104216
12.011057032,1.0767843726764057
12.013360705,1.0767773913593977
12.014980962000001,1.0768402232124694
12.016986513,1.0768751297975094
12.018998009,1.0768192792614455
12.021296469000001,1.0768332418954614
12.023120372000001,1.0768332418954614
12.025161942,1.0768402232124694
12.027090601000001,1.0768402232124694
12.028972931,1.0768611671634936
12.030977033000001,1.0768541858464855
12.032979501000002,1.0769030550655414
12.03498317,1.0768821111145175
12.036973063000001,1.0769170176995573
12.039059170000002,1.0768821111145175
12.04112149,1.0769030550655414
12.043186562,1.0769030550655414
12.045239963,1.0769170176995573
12.047192378,1.0769170176995573
12.049049329,1.0768960737485334
12.051039664000001,1.0768821111145175
12.053002777000001,1.0768751297975094
12.054971132,1.0769170176995573
12.056987635,1.076923999016565
12.059050734000001,1.0769589056016051
12.061230018000002,1.0770217374546769
12.063158935,1.0770217374546769
12.065007289,1.076979849552629
12.067109403,1.076979849552629
12.069102099,1.0769379616505812
12.071151796,1.0768053166274294
12.072886799,1.0767983353104216
12.074991001,1.0767424847743579
12.076895409,1.076658708970262
12.078882354000001,1.0765958771171902
12.081170210000002,1.0765749331661663
12.083011276,1.0765749331661663
12.084966116,1.0764911573620708
12.086958938,1.0764911573620708
12.088963514000001,1.0764771947280547
12.090903039,1.0765330452641184
12.092884591,1.0765190826301025
12.094926528,1.0765609705321504
12.096982496,1.0765400265811265
12.0989172,1.0765609705321504
12.101136377000001,1.0766377650192382
12.102999436000001,1.0766377650192382
12.104996207000001,1.0766377650192382
12.10697914,1.0766377650192382
12.108954158000001,1.076672671604278
12.110939894000001,1.0767424847743579
12.112900494000002,1.0766517276532541
12.114934061000001,1.0765609705321504
12.116870521000001,1.0766028584341982
12.118894941,1.0765400265811265
12.121001168000001,1.0765190826301025
12.123057717,1.0765190826301025
12.125013425,1.0764702134110467
12.126977269000001,1.0764702134110467
12.128941859000001,1.0762956804858472
12.130935773000001,1.0761700167797035
12.132972411,1.0761700167797035
12.13490552,1.076107184926632
12.136908459,1.076107184926632
12.138920273,1.0761281288776559
12.141497068000001,1.076051334390568
12.143026546000002,1.076051334390568
12.145087433,1.076072278341592
12.147230649,1.0761560541456876
12.148926728000001,1.0761560541456876
12.151083019000001,1.0762119046817515
12.152942619000001,1.0764004002409668
12.154899691,1.0765330452641184
12.157122634,1.0765330452641184
12.158919315,1.0765330452641184
12.161152706000001,1.0765958771171902
12.162968628000002,1.0765958771171902
12.164928972,1.0766307837022302
12.166935134000001,1.0767424847743579
12.168914824000002,1.0767424847743579
12.170918528000001,1.0768541858464855
12.173073755,1.0768541858464855
12.174975517,1.0768541858464855
12.176877811,1.0768541858464855
12.179120001000001,1.0768821111145175
12.180966396,1.0768821111145175
12.183067281000001,1.0768751297975094
12.184960928,1.0768751297975094
12.186938175,1.0768402232124694
12.188926688,1.0769589056016051
12.191060086,1.0770217374546769
12.193039002,1.077028718771685
12.19489944,1.0770985319417647
12.19717305,1.0770566440397167
12.198973935000001,1.0770566440397167
12.201120591,1.076986830869637
12.202993528,1.076986830869637
12.205073702,1.0767634287253818
12.206929776,1.0765958771171902
12.208995192000001,1.0765121013130947
12.210928650000001,1.0764143628749827
12.212957467,1.076309643119863
12.21496418,1.0762468112667916
12.216933889,1.0761560541456876
12.218891392000002,1.0761490728286798
12.221237526000001,1.0761560541456876
12.223052814,1.0761560541456876
12.224947218,1.0761909607307274
12.226965850000001,1.0761909607307274
12.228938125,1.0762677552178155
12.23093203,1.0762956804858472
12.232908622,1.0762747365348233
12.234972242000001,1.076330587070887
12.236959953000001,1.0764143628749827
12.239016817000001,1.0764283255089988
12.241249626,1.0764283255089988
12.243107002,1.076372474972935
12.244955445,1.076372474972935
12.247070251,1.076337568387895
12.248939931,1.0761700167797035
12.250927957,1.0761490728286798
12.252990284000001,1.0762119046817515
12.255060938000002,1.0761560541456876
12.256931337000001,1.0761700167797035
12.258981635000001,1.0761560541456876
12.261224277,1.0761281288776559
12.263192172,1.0761281288776559
12.265013647,1.076107184926632
12.267031327000002,1.076065297024584
12.269042054000002,1.076065297024584
12.270949186000001,1.07604435307356
12.272902573000001,1.07604435307356
12.274891428,1.0759885025374962
12.276942422000001,1.076051334390568
12.278911873,1.076086240975608
12.281229657,1.076086240975608
12.283016546,1.076065297024584
12.284993640000001,1.0761769980967115
12.287174701000001,1.0762258673157676
12.289044582,1.0762956804858472
12.29114779,1.0764004002409668
12.292906156,1.0765330452641184
12.294916958,1.0765819144831743
12.296924419000002,1.0765749331661663
12.298918308000001,1.076658708970262
12.301155761,1.0767145595063259
12.303085665000001,1.0767145595063259
12.304963057,1.0767145595063259
12.306949836000001,1.0766517276532541
12.308932716000001,1.0766028584341982
12.310923604000001,1.0765190826301025
12.312961285,1.076351531021911
12.314967228,1.0762328486327755
12.316883869000002,1.0761769980967115
12.318940705000001,1.076135110194664
12.321066208000001,1.0759745399034801
12.323088868000001,1.0759745399034801
12.324983690000002,1.075827932246313
12.327100049,1.0754788663959138
12.328921192000001,1.0752554642516587
12.330924798000002,1.075073950009451
12.332984193000001,1.0749133797182677
12.334962422,1.0747877160121242
12.336998853,1.074794697329132
12.338937076,1.0747528094270844
12.341165169,1.0747388467930685
12.343034600000001,1.0747388467930685
12.344969591,1.0746550709889726
12.346898429000001,1.0748086599631481
12.349085323,1.0746969588910202
12.350950854,1.074550351233853
12.35300679,1.0744456314787332
12.355046445000001,1.0743618556746377
12.356943655,1.07418034143243
12.358917457,1.074159397481406
12.361234318000001,1.07418034143243
12.363064795000001,1.07418034143243
12.365060601000001,1.074229210651486
12.366943241000001,1.0742501546025098
12.368945629,1.0742920425045577
12.371011906000001,1.0743129864555818
12.373024227,1.0743478930406216
12.374914461000001,1.0743827996256616
12.376916248,1.0742920425045577
12.379621422000001,1.0742920425045577
12.381080298,1.0742710985535338
12.383259521000001,1.0742710985535338
12.385327077000001,1.0741663787984141
12.387161077,1.0741663787984141
12.389025079000001,1.0740826029943185
12.390927076,1.073901088752111
12.392921192000001,1.0736986305588798
12.394919853000001,1.0735520229017121
12.396895467,1.0734333405125764
12.398907167,1.073293714172417
12.401243091000001,1.0730563493941458
12.402968097,1.0730563493941458
12.404991345000001,1.0728120032988666
12.406926878,1.072672376958707
12.409094017000001,1.0724908627164997
12.410959676000001,1.072365199010356
12.412912955000001,1.0724070869124038
12.414979544000001,1.072379161644372
12.417001329000001,1.0724419934974438
12.418994536000001,1.07242104954642
12.421180416,1.0724070869124038
12.423085015000002,1.0724070869124038
12.424944215,1.0724280308634278
12.426940936000001,1.0724489748144517
12.428966096,1.0723861429613801
12.431026757000001,1.0724419934974438
12.432941585,1.0724489748144517
12.435256211,1.0725676572035872
12.436993063000001,1.0725676572035872
12.439008302000001,1.0726095451056354
12.441186501,1.0727701153968188
12.443101194,1.0727701153968188
12.445122863,1.0727421901287868
12.446910910000001,1.072651433007683
12.449136388000001,1.072651433007683
12.451036109,1.072651433007683
12.453002566,1.0726095451056354
12.454924555000002,1.0725397319355554
12.456959589,1.0725048253505156
12.458941848,1.0724489748144517
12.461153765,1.0723023671572842
12.463067866000001,1.0723023671572842
12.465051849,1.072358217693348
12.46702894,1.072337273742324
12.469080405000001,1.0723233111083081
12.470981295000001,1.0723233111083081
12.473003759000001,1.0722465166212205
12.474997472,1.0722814232062603
12.477437777,1.072358217693348
12.479253807000001,1.072358217693348
12.481178658000001,1.072337273742324
12.482972437,1.072337273742324
12.484980554000002,1.0725257693015395
12.487151609000001,1.0726863395927229
12.489193404000002,1.0727421901287868
12.491316393,1.0728259659328825
12.493098924000002,1.0729097417369782
12.495140053,1.0729097417369782
12.496975090000001,1.072951629639026
12.499116693000001,1.0729655922730421
12.501216512000001,1.072951629639026
12.503180903,1.072951629639026
12.505211544000002,1.072951629639026
12.507029045000001,1.0730703120281617
12.509058278000001,1.073014461492098
12.510987815,1.0730703120281617
12.513011966,1.073014461492098
12.515118649000001,1.072951629639026
12.517049077000001,1.072986536224066
12.519018852,1.072986536224066
12.521013144000001,1.073014461492098
12.523092517,1.073014461492098
12.524948747000002,1.073035405443122
12.526922703,1.072986536224066
12.528905173,1.0729655922730421
12.530948725,1.0728748351519384
12.533149204,1.0727701153968188
12.534936501,1.0727701153968188
12.536914387000001,1.0726863395927229
12.538915026000002,1.072693320909731
12.540955691,1.0726304890566594
12.543128811,1.0725257693015395
12.544969459,1.0725257693015395
12.546962509,1.0724699187654758
12.548980094000001,1.072358217693348
12.550918317,1.0723163297913
12.552941685,1.0722674605722444
12.554951514,1.0722185913531885
12.557137101,1.0721627408171246
12.558904788000001,1.072085946330037
12.561006278,1.072044058427989
12.563266220000001,1.072078965013029
12.565081999,1.072078965013029
12.567070573,1.0720161331599571
12.568935551000001,1.0719323573558612
12.570944552,1.072058021062005
12.572990315,1.0721208529150767
12.575029532,1.0721417968661007
12.577046573,1.0722814232062603
12.57889811,1.0723163297913
12.580985942000002,1.0722395353042125
12.583021149,1.0722395353042125
12.584993348000001,1.0722465166212205
12.586989912,1.0722674605722444
12.589143979000001,1.0722046287191727
12.59098805,1.0722046287191727
12.592894838000001,1.0722814232062603
12.594985129000001,1.0723233111083081
12.59692186,1.072337273742324
12.598882080000001,1.0723233111083081
12.601011826,1.072400105595396
12.603016814,1.072400105595396
12.605213983,1.072400105595396
12.607079618,1.0726444516906752
12.609021278,1.0727421901287868
12.611032452000002,1.0727701153968188
12.612948967000001,1.0728538912009145
12.614931547000001,1.0730284241261139
12.617060262,1.0731121999302096
12.618935632000001,1.0731261625642257
12.620945949000001,1.0732378636363533
12.623314689,1.0733006954894249
12.624983106,1.0733006954894249
12.626951254000002,1.073314658123441
12.628960529,1.0734542844636006
12.630956355,1.0734123965615525
12.632961907,1.0733565460254888
12.634950589,1.073314658123441
12.637140213,1.0731121999302096
12.638935609,1.0731121999302096
12.641338716,1.0729935175410739
12.643305589,1.0729935175410739
12.64499073,1.0727910593478425
12.647015173000002,1.072728227494771
12.648951255,1.0726863395927229
12.650912846,1.0726025637886274
12.652909964000001,1.0725257693015395
12.655075893000001,1.0723861429613801
12.65692186,1.072337273742324
12.658909338,1.0724070869124038
12.661121442,1.072365199010356
12.663032932,1.072365199010356
12.665006755,1.072400105595396
12.666946674,1.0725886011546113
12.668928226,1.072693320909731
12.670918218,1.0728259659328825
12.672991233000001,1.072944648322018
12.674980793000001,1.0728887977859545
12.676924582000002,1.0728469098839066
12.679074958000001,1.0727631340798107
12.681167122000002,1.072693320909731
12.683202103000001,1.072693320909731
12.685108829,1.0726025637886274
12.687296884,1.0725676572035872
12.688960673,1.0725676572035872
12.690901939000002,1.0725397319355554
12.692930532,1.0723023671572842
12.694910676000001,1.0722465166212205
12.697023791000001,1.0723023671572842
12.698923269000002,1.0722674605722444
12.701246963000001,1.0722884045232681
12.702999553000001,1.0722884045232681
12.704973055,1.0724908627164997
12.70694589,1.072665395641699
12.708907215,1.0726095451056354
12.710903040000002,1.0728120032988666
12.712930796,1.0728887977859545
12.714931849000001,1.072944648322018
12.716973067000001,1.0729097417369782
12.719038517000001,1.0729097417369782
12.721098803,1.072951629639026
12.723003303,1.072951629639026
12.725022607000001,1.0731331438812335
12.726992895,1.0731331438812335
12.728960154000001,1.0730772933451698
12.731082264000001,1.073035405443122
12.733070084000001,1.073035405443122
12.734945759,1.0730912559791856
12.737017454,1.0730563493941458
12.739184779,1.0730563493941458
12.741165329000001,1.0730912559791856
12.743296228,1.0730912559791856
12.745047451000001,1.0730284241261139
12.746922193000001,1.072923704370994
12.749025430000001,1.0728887977859545
12.751031831,1.0728259659328825
12.752918279000001,1.0727212461777629
12.754942284,1.0727072835437468
12.757043183,1.0726444516906752
12.75900796,1.0726095451056354
12.760924949000001,1.0725816198376033
12.763167278000001,1.0725676572035872
12.765072648,1.0725676572035872
12.767034266000001,1.0725816198376033
12.76906778,1.0725886011546113
12.770927397000001,1.0726444516906752
12.772942981,1.072693320909731
12.774961467,1.0728469098839066
12.777007750000001,1.0728748351519384
12.778958085000001,1.0728887977859545
12.781151336,1.0729655922730421
12.78308659,1.0729655922730421
12.785033411,1.0729935175410739
12.787014015,1.0728957791029623
12.788883751,1.072944648322018
12.79099058,1.0728678538349306
12.792990646000002,1.0727840780308346
12.794929928,1.0727701153968188
12.797145026,1.072693320909731
12.79896706,1.072693320909731
12.801197952,1.0726025637886274
12.803063761,1.0726025637886274
12.805056537,1.0726235077396513
12.807080451000001,1.0725886011546113
12.809068721000001,1.0725676572035872
12.810955635000001,1.0725606758865793
12.813036436,1.0724699187654758
12.814932606000001,1.0723861429613801
12.817058966000001,1.0722674605722444
12.819089303,1.0722255726701966
12.820975611000001,1.0722255726701966
12.823034585,1.0722255726701966
12.825065488000002,1.072337273742324
12.827066643,1.072665395641699
12.829004416,1.0727701153968188
12.830908707,1.072930685688002
12.832935376,1.073014461492098
12.834910448,1.0730772933451698
12.836915181,1.0731331438812335
12.838915175,1.0731959757343053
12.841071334,1.073321639440449
12.842990593000001,1.073321639440449
12.844974938,1.0733984339275366
12.847069243,1.073600892120768
12.848968185,1.073600892120768
12.850919339,1.07355900421872
12.852942105,1.0735240976336802
12.854917476,1.0735171163166723
12.856909052,1.0734752284146245
12.858865142,1.0733774899765127
12.861025713,1.0733914526105288
12.863090984000001,1.0733914526105288
12.864995237,1.073314658123441
12.866917741,1.0731471065152496
12.868894835,1.0731750317832813
12.870879268000001,1.0731471065152496
12.87301757,1.0730493680771378
12.874999067000001,1.073014461492098
12.876882438,1.0730982372961937
12.87899761,1.0730703120281617
12.881044564000002,1.0730703120281617
12.883199539000001,1.0729935175410739
12.884986964000001,1.0729935175410739
12.886987880000001,1.073035405443122
12.889005489,1.0731261625642257
12.891000937000001,1.0731889944172972
12.892987326,1.0732169196853292
12.895059453,1.0732169196853292
12.897064128,1.0731680504662733
12.899001909,1.0732727702213931
12.90109155,1.0732308823193453
12.902992346000001,1.0732308823193453
12.904943229,1.0732099383683211
12.906902630000001,1.0731471065152496
12.909203661000001,1.0731261625642257
12.910942821,1.0731261625642257
12.912911244,1.0730772933451698
12.914906482000001,1.073014461492098
12.916990092,1.0730982372961937
12.918920631,1.0730703120281617
12.921398790000001,1.0730703120281617
12.92330545,1.0730703120281617
12.925064431000001,1.0731889944172972
12.927064060000001,1.0732099383683211
12.929093127000002,1.0732518262703692
12.930967037,1.073293714172417
12.932935578,1.073314658123441
12.935037070000002,1.0733984339275366
12.936949652000001,1.07359391080376
12.938976049,1.0738242942650231
12.941233858,1.0741035469453424
12.943168752,1.0741035469453424
12.945057676000001,1.0744456314787332
12.947018986000002,1.0749133797182677
12.949099805000001,1.0750180994733876
12.950962226000001,1.0750180994733876
12.952970076000001,1.0749343236692916
12.954923948000001,1.0747528094270844
12.956932138,1.0746131830869248
12.95890971,1.074571295184877
12.961280071000001,1.0743269490895977
12.963145833,1.0743269490895977
12.964996167,1.0740197711412467
12.966947293,1.0737265558269116
12.968978267,1.0736357987058078
12.970891510000001,1.0736986305588798
12.972988775000001,1.0736357987058078
12.974942577,1.0735520229017121
12.977033164000002,1.0734612657806086
12.979058269000001,1.0734822097316326
12.981228531000001,1.0734612657806086
12.983055576,1.0734612657806086
12.984955386000001,1.0734542844636006
12.986925689000001,1.0734403218295845
12.989010774,1.0734542844636006
12.991063850000002,1.0734752284146245
12.993089575,1.07355900421872
12.99496659,1.07355900421872
12.997027189,1.0735240976336802
12.999048323,1.0734961723656484
13.001252508,1.0734403218295845
13.002980298,1.0734403218295845
13.005014833,1.0733495647084808
13.006962668000002,1.0733495647084808
13.009016776000001,1.0734123965615525
13.010941271,1.0733495647084808
13.012897972000001,1.073314658123441
13.015038113000001,1.0733006954894249
13.016932944,1.0730703120281617
13.019060321000001,1.0730703120281617
13.020964783,1.0730912559791856
13.023068383,1.0730912559791856
13.024957850000002,1.0730982372961937
13.026959594000001,1.073014461492098
13.028914084,1.0728957791029623
13.030894512000001,1.0728538912009145
13.032900739,1.0727701153968188
13.035138169000001,1.0726863395927229
13.036933282000001,1.0726863395927229
13.038935467,1.072665395641699
13.04119238,1.072651433007683
13.043152441,1.072728227494771
13.045049469,1.072728227494771
13.046981958,1.0727212461777629
13.049024708000001,1.0728050219818586
13.051089238000001,1.072923704370994
13.053018373,1.072923704370994
13.054920522000002,1.073014461492098
13.056924345,1.0730912559791856
13.058881404000001,1.073014461492098
13.061069301000002,1.072986536224066
13.063218705,1.072986536224066
13.065180283,1.0728678538349306
13.066983254,1.0727421901287868
13.069090768,1.072728227494771
13.070985871000001,1.072672376958707
13.072945549,1.0726444516906752
13.074938345000001,1.0726304890566594
13.077159087,1.0726304890566594
13.079130820000001,1.0726304890566594
13.081164618,1.0726444516906752
13.083129763,1.0726444516906752
13.085122618000002,1.0727072835437468
13.087093990000001,1.0728259659328825
13.089114667,1.0729097417369782
13.091187587,1.072944648322018
13.092965072,1.072944648322018
13.095115242,1.073014461492098
13.097000935,1.0731750317832813
13.098902478000001,1.0732588075873772
13.101171596,1.0732727702213931
13.103107282000002,1.0732727702213931
13.105119490000002,1.0733356020744649
13.107124787,1.0733356020744649
13.109132333000002,1.0733006954894249
13.11107216,1.0731959757343053
13.113186899,1.0730912559791856
13.115093983000001,1.0730772933451698
13.117100485000002,1.073014461492098
13.119141565000001,1.0728957791029623
13.12144035,1.0728329472498905
13.123165478,1.0728329472498905
13.125240472000002,1.0727491714457948
13.127071931000001,1.0727491714457948
13.129051563,1.072651433007683
13.131120659,1.072665395641699
13.133051866,1.0726025637886274
13.134989749,1.0726444516906752
13.13694177,1.0726235077396513
13.138944654000001,1.072693320909731
13.141019716,1.072693320909731
13.143107125,1.072693320909731
13.14507152,1.072672376958707
13.146991036000001,1.072672376958707
13.149009033,1.0727910593478425
13.151114968000002,1.0726235077396513
13.153681012000002,1.0726235077396513
13.155081180000002,1.0726304890566594
13.157110692000002,1.0726304890566594
13.159046214,1.0727421901287868
13.161276406,1.072923704370994
13.163219884,1.072923704370994
13.165063694,1.07297257359005
13.167159234000001,1.07297257359005
13.169095634000001,1.072930685688002
13.17106161,1.0728469098839066
13.173138501,1.0727631340798107
13.175243213000002,1.0727631340798107
13.177132612000001,1.0727840780308346
13.179123140000002,1.072693320909731
13.18122963,1.0726304890566594
13.183216293000001,1.0726304890566594
13.185073165,1.0725257693015395
13.187109207,1.0725257693015395
13.189096306000001,1.0727631340798107
13.191062958000002,1.0727631340798107
13.193558373,1.0726025637886274
13.195028037,1.0726025637886274
13.197092147000001,1.0727421901287868
13.198933757,1.0727910593478425
13.201115641000001,1.0727910593478425
13.203126231,1.0727701153968188
13.205051259000001,1.0727701153968188
13.207081191,1.0728748351519384
13.208916753,1.0726444516906752
13.211009051000001,1.0724699187654758
13.213091305,1.0726025637886274
13.215000633,1.0727072835437468
13.217059690000001,1.0727072835437468
13.219110512,1.072728227494771
13.221130034000002,1.072665395641699
13.222989805000001,1.072665395641699
13.224951263000001,1.0726863395927229
13.227000439000001,1.0725397319355554
13.228962012,1.0725397319355554
13.230934161,1.0725606758865793
13.232936823000001,1.0724908627164997
13.234921194,1.0724629374484678
13.236993770000002,1.07242104954642
13.238896512,1.0724419934974438
13.241027115000001,1.0724070869124038
13.243047449,1.0724070869124038
13.245011959000001,1.0724070869124038
13.24693981,1.0724070869124038
13.248941697000001,1.0725676572035872
13.250890694,1.072672376958707
13.252924497,1.072672376958707
13.254928422,1.0727840780308346
13.256998356,1.0728329472498905
13.259090638,1.0728329472498905
13.261116768,1.0727840780308346
13.263174605000001,1.0727840780308346
13.264999607,1.0727840780308346
13.266935980000001,1.0728538912009145
13.268936837,1.0728050219818586
13.270994606,1.0728259659328825
13.273037469,1.0728050219818586
13.274978519000001,1.0727491714457948
13.276995386000001,1.0725467132525632
13.278982647000001,1.0725187879845315
13.280960810000002,1.0724699187654758
13.283211228,1.0723861429613801
13.285268241,1.072337273742324
13.287122717,1.072337273742324
13.289050286,1.0723233111083081
13.291194238000001,1.0722395353042125
13.293057593,1.0722395353042125
13.295074904000002,1.072337273742324
13.297059462,1.0724419934974438
13.298936655,1.0724699187654758
13.301005817,1.0725886011546113
13.303033564000001,1.0725886011546113
13.305164927000002,1.0727491714457948
13.306998482000001,1.0727491714457948
13.309062442,1.072944648322018
13.310912932,1.0731331438812335
13.313079713,1.0731889944172972
13.314966072,1.0731750317832813
13.317013143,1.0731261625642257
13.319014459000002,1.0730912559791856
13.321038920000001,1.0730982372961937
13.323370399000002,1.072951629639026
13.325041151,1.072951629639026
13.327054659000002,1.0727840780308346
13.328974937000002,1.0727421901287868
13.331009116,1.072728227494771
13.333048680000001,1.0727631340798107
13.334985765,1.0726863395927229
13.337004027,1.0726863395927229
13.33899891,1.0726444516906752
13.341182512000001,1.0724419934974438
13.343000720000001,1.0724419934974438
13.345027662000001,1.072379161644372
13.347046385,1.072379161644372
13.349072775000002,1.072365199010356
13.350965974000001,1.0722604792552364
13.353073147000002,1.0721767034511407
13.355097735000001,1.0721836847681487
13.357009558000001,1.072113871598069
13.358942785,1.0720999089640528
13.361024507000002,1.072044058427989
13.363017842000001,1.072044058427989
13.364997254,1.0719323573558612
13.366983839000001,1.0719323573558612
13.368970155000001,1.0719183947218454
13.370934595000001,1.0722465166212205
13.372915387,1.072400105595396
13.374904379,1.0724629374484678
13.377021979,1.0726095451056354
13.379688069,1.0726095451056354
13.381091836000001,1.0726025637886274
13.383019595,1.0726025637886274
13.385010103,1.0727701153968188
13.386992778000002,1.0728678538349306
13.388951655000001,1.0727701153968188
13.390920046000002,1.0726304890566594
13.392921533,1.0725816198376033
13.39496137,1.0724629374484678
13.397247969,1.0724070869124038
13.398936173000001,1.0724070869124038
13.401123960000001,1.072344255059332
13.403002228,1.072344255059332
13.404991228,1.0723233111083081
13.406985381,1.0721208529150767
13.409233720000001,1.0721208529150767
13.410958218000001,1.0721208529150767
13.412942774000001,1.072085946330037
13.414929513,1.0721767034511407
13.416941938,1.0722604792552364
13.418913122000001,1.0723163297913
13.421098469,1.0722814232062603
13.423100646,1.0722814232062603
13.424976159000002,1.0721976474021646
13.426996671000001,1.0722395353042125
13.428933888000001,1.0722046287191727
13.431004991,1.0722046287191727
13.432908118,1.0721348155490928
13.434876993000001,1.072078965013029
13.436939384,1.0719951892089334
13.438909064,1.0718974507708217
13.441036862,1.0717508431136542
13.443086839000001,1.0717508431136542
13.444987252,1.0717089552116061
13.446960557,1.0715763101884546
13.448958901000001,1.0715693288714467
13.451061753000001,1.071736880479638
13.452920301,1.0718555628687736
13.454966264000001,1.0719114134048375
13.457028325000001,1.072058021062005
13.459094616000002,1.0721976474021646
13.461160499,1.0723163297913
13.463091598,1.0723163297913
13.465043292,1.072337273742324
13.466910239,1.0723023671572842
13.468961443000001,1.0722814232062603
13.471009536,1.0722814232062603
13.472987265,1.0722255726701966
13.474987646,1.0721976474021646
13.476909702,1.0721836847681487
13.478906299,1.072113871598069
13.481099120000001,1.0720231144769652
13.483090693000001,1.0720231144769652
13.484998710000001,1.0718555628687736
13.487037534,1.0718555628687736
13.488920318000002,1.07169499257759
13.490907158,1.0713878146292393
13.493099662,1.0713319640931755
13.494927949000001,1.0712551696060877
13.497122301000001,1.0712830948741194
13.499021407,1.0713668706782153
13.501176489,1.0714855530673508
13.502990441000001,1.0714855530673508
13.505048757,1.0716112167734946
13.507007373,1.0719323573558612
13.508967223,1.072113871598069
13.510938612,1.0722255726701966
13.513106818,1.0722814232062603
13.514962876,1.072358217693348
13.517002709000002,1.0724838813994917
13.518910143000001,1.0724838813994917
13.521289063000001,1.0726025637886274
13.523109638000001,1.0726025637886274
13.525203576000001,1.0726235077396513
13.527165302,1.0725257693015395
13.528964577,1.0725257693015395
13.530997645000001,1.0725187879845315
13.532965469,1.0723023671572842
13.535001415,1.0722185913531885
13.536967825000001,1.072113871598069
13.539060384,1.072037077110981
13.541430169000002,1.0720021705259413
13.543242545,1.0720021705259413
13.545104965,1.0719114134048375
13.547075522,1.0718555628687736
13.549057772000001,1.0718136749667257
13.550971976000001,1.0717089552116061
13.552940808,1.0716181980905026
13.554966089,1.0715064970183747
13.557031743000001,1.071450646482311
13.558919843,1.0714925343843589
13.561210816000001,1.0715553662374306
13.563097408,1.0715553662374306
13.565055429000001,1.0715064970183747
13.567022535000001,1.071436683848295
13.568983068000001,1.071408758580263
13.570946517000001,1.0713249827761675
13.573002737000001,1.0713738519952234
13.575273276,1.0713249827761675
13.577071221,1.0713249827761675
13.578947990000001,1.071408758580263
13.581165066,1.07169499257759
13.583234104,1.07169499257759
13.585161176000002,1.0718416002347577
13.586959128,1.0719323573558612
13.588964773,1.0718834881368056
13.59104533,1.0718974507708217
13.593003383000001,1.0719393386728693
13.594926729,1.0718974507708217
13.596902230000001,1.0718625441857816
13.599048753000002,1.07172989916263
13.600926347000001,1.0716531046755424
13.603097125000001,1.0715972541394785
13.604982582000002,1.0715972541394785
13.606992168000001,1.0714855530673508
13.608902949,1.0713040388251434
13.611031957000002,1.0713249827761675
13.612944462000002,1.0713459267271914
13.615063539000001,1.0713110201421514
13.617051264,1.0713110201421514
13.618915296,1.0713738519952234
13.621078617,1.0715134783353828
13.623443831000001,1.0715134783353828
13.624996748000001,1.0715344222864067
13.627126194,1.0715483849204226
13.628989275,1.0715763101884546
13.631300705000001,1.0716391420415265
13.632970304,1.0716391420415265
13.634943378000001,1.071715936528614
13.636970395,1.0718416002347577
13.638920149,1.0718625441857816
13.641252118,1.0718346189177497
13.643212960000001,1.0718346189177497
13.645296617000001,1.071778768381686
13.64705232,1.07172989916263
13.649050295,1.0716181980905026
13.650929329,1.0715134783353828
13.653045697000001,1.071415739897271
13.655014607,1.0712830948741194
13.657039395,1.0712132817040398
13.659025114,1.071122524582936
13.661014656,1.0710666740468722
13.663108854,1.0710666740468722
13.664981162,1.0710666740468722
13.666942737000001,1.0710666740468722
13.668978955,1.07114346853396
13.671003107,1.071192337753016
13.672938531000002,1.071192337753016
13.675192765,1.0711504498509679
13.67710686,1.07114346853396
13.678949352,1.0711504498509679
13.681399763000002,1.0711015806319122
13.683028625,1.0711015806319122
13.685060529000001,1.0711085619489202
13.686972552,1.0713110201421514
13.689016659,1.0712691322401036
13.690907075,1.0712063003870318
13.692936995,1.0711295058999442
13.694918585000002,1.0710666740468722
13.696890947,1.0710666740468722
13.698942049000001,1.0710317674618324
13.701004125,1.0709270477067128
13.703121589,1.0710108235108085
13.704982712000001,1.0710108235108085
13.706972415000001,1.0710247861448243
13.708914431,1.0710666740468722
13.710933480000001,1.0710247861448243
13.712922554,1.0711015806319122
13.714902624,1.071192337753016
13.716930369000002,1.0712551696060877
13.718932093000001,1.0713668706782153
13.720996118,1.071450646482311
13.723075681000001,1.071450646482311
13.724989445,1.0715972541394785
13.726980458000002,1.0718625441857816
13.728894857,1.0719812265749173
13.730912188000001,1.072085946330037
13.732915857,1.072113871598069
13.735003627000001,1.0721627408171246
13.736957649,1.0721348155490928
13.738998206000002,1.0720999089640528
13.741245389000001,1.0719812265749173
13.743088932000001,1.0719812265749173
13.745030157,1.0718625441857816
13.747089859,1.0718136749667257
13.749173993000001,1.07169499257759
13.751121533000001,1.07169499257759
13.752940972000001,1.0714925343843589
13.755006738,1.0713040388251434
13.756941504,1.0711504498509679
13.758908438,1.0709898795597845
13.761042793000001,1.070850253219625
13.763118992,1.070850253219625
13.765222040000001,1.070822327951593
13.767089856,1.0706617576604094
13.768960679000001,1.0704942060522182
13.770940023000001,1.0703964676141065
13.773236857,1.070249859956939
13.775044642000001,1.0701172149337874
13.776925191,1.0699985325446517
13.778948818000002,1.069907775423548
13.781206649000001,1.069907775423548
13.783016253000001,1.069907775423548
13.785184006000001,1.0699706072766197
13.787310153000002,1.0699706072766197
13.788958387000001,1.0701172149337874
13.790916945000001,1.0701521215188272
13.793191612000001,1.0702009907378829
13.795068179000001,1.0701311775678033
13.797077157,1.0701311775678033
13.799054818,1.0701102336167794
13.801272115000002,1.0701730654698511
13.803084081000002,1.0701730654698511
13.805136386000001,1.070221934688907
13.806972191000002,1.0701521215188272
13.808943945000001,1.0701102336167794
13.811080869000001,1.0700892896657554
13.812932845,1.0700194764956756
13.814973437,1.0700194764956756
13.816926117000001,1.0699915512276437
13.818950948000001,1.0699915512276437
13.82113397,1.0700474017637076
13.823073312,1.0700474017637076
13.824970408,1.0700683457147315
13.826932584000001,1.070214953371899
13.829196186,1.0702987291759947
13.830970376000002,1.0702987291759947
13.832955625,1.0704732621011943
13.834963714,1.0706477950263935
13.837129992000001,1.0706966642454494
13.838995477000001,1.0707385521474975
13.841228538000001,1.0708991224386808
13.843095879000002,1.0708991224386808
13.845026913000002,1.0709200663897047
13.847068065,1.0709061037556888
13.849292015000001,1.0709061037556888
13.850975292000001,1.0708642158536408
13.8530794,1.0707176081964735
13.855013807,1.0706966642454494
13.856965116000001,1.0707036455624575
13.858910149000002,1.0705849631733217
13.861316890000001,1.0705849631733217
13.863066942000001,1.07052213132025
13.865047017,1.0704523181501702
13.867139012,1.0704243928821382
13.869106477,1.0704243928821382
13.870986404000002,1.0704592994671782
13.873129244000001,1.0704034489311143
13.875051261000001,1.0703336357610347
13.877229171000002,1.070256841273947
13.879141939,1.070214953371899
13.881432772,1.070159102835835
13.883108727000002,1.070159102835835
13.885025242000001,1.0701730654698511
13.887084176,1.070159102835835
13.889211688000001,1.070249859956939
13.890981551000001,1.0703406170780427
13.893202802000001,1.0704174115651302
13.895087744000001,1.0703545797120586
13.896979063000002,1.0704243928821382
13.899007145,1.070543075271274
13.901255606000001,1.0705849631733217
13.903100618000002,1.0705849631733217
13.905011593000001,1.0704732621011943
13.907080025,1.070270803907963
13.908909027,1.0701381588848113
13.911203411,1.0700543830807157
13.913081556000002,1.0699775885936278
13.914915032000001,1.0698728688385082
13.917159215000002,1.0697541864493725
13.919099438000002,1.0697541864493725
13.921115915000001,1.069593616158189
13.923469952000001,1.0694609711350376
13.925102052000002,1.0694609711350376
13.926997233000002,1.0695028590370854
13.929104536,1.0695028590370854
13.930925165000001,1.0694819150860615
13.93306218,1.0695028590370854
13.934992466,1.069572672207165
13.937183645000001,1.0696424853772448
13.939012174,1.0696704106452768
13.941135001000001,1.0697541864493725
13.943119529,1.0697541864493725
13.945098266,1.0698519248874843
13.947047874,1.069907775423548
13.948963184,1.069886831472524
13.950958276000001,1.0699496633255958
13.952980671,1.0700753270317396
13.955059088,1.0701102336167794
13.957023580000001,1.0701381588848113
13.958939487,1.0700683457147315
13.961221634000001,1.0700194764956756
13.963016256000001,1.0700194764956756
13.964968342,1.0699775885936278
13.966975993,1.069893812789532
13.969233428,1.0699496633255958
13.970946334,1.0699496633255958
13.972950792,1.0698519248874843
13.974960057,1.069551728256141
13.976993257,1.069544746939133
13.978972651000001,1.069572672207165
13.981196247000002,1.069544746939133
13.982990569,1.069544746939133
13.985003373000001,1.0695028590370854
13.987185740000001,1.069572672207165
13.989120179,1.069572672207165
13.991075597,1.069593616158189
13.993079456,1.069572672207165
13.995010545000001,1.069572672207165
13.996972150000001,1.069593616158189
13.998914362,1.0696913545963007
14.001046669,1.0698100369854362
14.003056272,1.0698100369854362
14.005002107000001,1.0699706072766197
14.006970236,1.0699706072766197
14.0089746,1.0699775885936278
14.010918909,1.069914756740556
14.012885146,1.0698728688385082
14.014922107,1.0699496633255958
14.016977685,1.0700194764956756
14.018941469000001,1.0699706072766197
14.021120524,1.06993570069158
14.023165454,1.06993570069158
14.025016794,1.069914756740556
14.027053819,1.069914756740556
14.029094334000002,1.0698728688385082
14.030943899,1.0698728688385082
14.032977576,1.0698728688385082
14.035035571000002,1.069907775423548
14.037102832,1.0698100369854362
14.039076173000002,1.069907775423548
14.041032335,1.0698449435704762
14.0430281,1.0698449435704762
14.044980839,1.0698170183024442
14.046940791,1.0699985325446517
14.048976358,1.0700334391296915
14.05092291,1.0700683457147315
14.052894789000002,1.0701311775678033
14.054982851,1.070159102835835
14.057014874,1.070235897322923
14.058983558000001,1.0702009907378829
14.061247452000002,1.0703545797120586
14.063072311,1.0703545797120586
14.064980345,1.0704034489311143
14.067171596000001,1.0704174115651302
14.069066327000002,1.070270803907963
14.070977518000001,1.0700683457147315
14.073149436000001,1.0699496633255958
14.075200346,1.069886831472524
14.076977712000001,1.0697751304003964
14.078970371,1.069628522743229
14.081145266,1.069572672207165
14.083057895000001,1.069572672207165
14.084984396000001,1.069607578792205
14.086988947,1.0694400271840137
14.089104358,1.0694260645499976
14.090971718,1.0694609711350376
14.093029453000002,1.0693841766479497
14.094945341,1.0693632326969258
14.097154891,1.0694260645499976
14.099240922000002,1.0694819150860615
14.10119407,1.0694679524520454
14.103348819,1.0694679524520454
14.105071702,1.069551728256141
14.107055071000001,1.0697541864493725
14.109154937000001,1.0698100369854362
14.111137616,1.0698728688385082
14.113122994000001,1.0698309809364603
14.115045755,1.0697332424983486
14.116936255,1.0696634293282687
14.119136071000002,1.069593616158189
14.121191751000001,1.0695098403540935
14.123072480000001,1.0695098403540935
14.125019797,1.069565690890157
14.127073799000001,1.0695238029881093
14.129034167,1.0694888964030695
14.130992647000001,1.0694470085010215
14.133004194000002,1.0694609711350376
14.134889556000001,1.0694400271840137
14.136942979,1.0695028590370854
14.139118991,1.0695238029881093
14.141071761000001,1.0695238029881093
14.143073943000001,1.069572672207165
14.144958011000002,1.069572672207165
14.146964815,1.0696494666942529
14.148946070000001,1.0698100369854362
14.150930819000001,1.0699496633255958
14.152944308,1.0701172149337874
14.15493208,1.0703336357610347
14.156965844,1.0704942060522182
14.15891554,1.0707036455624575
14.161057498000002,1.070780440049545
14.163082679,1.070780440049545
14.165017262000001,1.0709200663897047
14.166944937,1.0709479916577367
14.168991587,1.0710666740468722
14.170920146,1.0710317674618324
14.173075773,1.0709689356087606
14.174959394,1.0709689356087606
14.176974634,1.0709410103407286
14.17904983,1.070808365317577
14.181090927000001,1.0707385521474975
14.183145729000001,1.0707385521474975
14.184994797000002,1.0706408137093857
14.18706702,1.0704174115651302
14.189008636,1.0703545797120586
14.190933089000001,1.0702009907378829
14.192950036000001,1.0700683457147315
14.194969967,1.0699775885936278
14.196928133,1.0699985325446517
14.198932691000001,1.0699496633255958
14.201035678,1.0698658875215004
14.203077746000002,1.0698658875215004
14.204992796,1.0698449435704762
14.206985528,1.0698728688385082
14.209224909000001,1.0700474017637076
14.211075014,1.0703545797120586
14.213211952000002,1.0707455334645053
14.214980635000002,1.07114346853396
14.216976670000001,1.0715483849204226
14.218922776000001,1.0718974507708217
14.221043449000002,1.0721767034511407
14.223203551000001,1.0721767034511407
14.22502354,1.0722674605722444
14.226998132,1.0723861429613801
14.228973541,1.0724419934974438
14.230917255000001,1.0723861429613801
14.232947469,1.0722395353042125
14.234915670000001,1.0721627408171246
14.236962002,1.072065002379013
14.238948017,1.072065002379013
14.241069256000001,1.0718765068197977
14.243087874,1.0718765068197977
14.244992067,1.0717508431136542
14.24704541,1.0716531046755424
14.249035869,1.0716181980905026
14.250954723000001,1.0715553662374306
14.252908234000001,1.0715483849204226
14.254930098,1.071436683848295
14.256895167000001,1.071450646482311
14.258941966,1.0713459267271914
14.261028853000001,1.0712272443380557
14.263051068000001,1.0712272443380557
14.265052407,1.071164412484984
14.266994776,1.071164412484984
14.268929491000002,1.071122524582936
14.270965022,1.071164412484984
14.273008146,1.0711713938019918
14.274987438,1.0712481882890796
14.276936487,1.0712063003870318
14.278993789000001,1.07114346853396
14.281243928,1.071087617997896
14.283144732,1.071087617997896
14.285189156000001,1.0710666740468722
14.287097039,1.070885159804665
14.289037135000001,1.0708642158536408
14.291080597,1.070829309268601
14.293081456000001,1.070822327951593
14.295006033000002,1.0707245895134814
14.297054985,1.0704942060522182
14.299032467000002,1.070249859956939
14.30129067,1.0699985325446517
14.303227573000001,1.0699985325446517
14.305238495000001,1.0697681490833886
14.307259506000001,1.0694819150860615
14.309411825000002,1.0693422887459019
14.311104974000001,1.0692166250397583
14.313137534,1.0690839800166068
14.314920448,1.068965297627471
14.31700498,1.068958316310463
14.318957999,1.068923409725423
14.321003807,1.0688954844573912
14.323086022,1.0688954844573912
14.324983156,1.069000204212511
14.326937102,1.0691049239676307
14.328949559000002,1.0691468118696785
14.330944617,1.0692654942588142
14.332964187000002,1.0693073821608619
14.335088164,1.0693073821608619
14.336944410000001,1.0693911579649578
14.338944048,1.0694819150860615
14.341034843000001,1.069551728256141
14.343063858,1.069551728256141
14.345070625000002,1.0695866348411809
14.346941175000001,1.0694888964030695
14.348961006000001,1.0694819150860615
14.351026314,1.0693632326969258
14.352931987000002,1.0693283261118858
14.354971743,1.0693004008438538
14.356963078000001,1.0693702140139338
14.358918771,1.0694400271840137
14.361225449,1.0694609711350376
14.363076018000001,1.0694609711350376
14.364982457000002,1.0695307843051172
14.366987993,1.0696913545963007
14.36896555,1.0697053172303166
14.371351211,1.0698449435704762
14.373139755,1.06993570069158
14.375201232,1.0700334391296915
14.377074327,1.0700962709827635
14.379258980000001,1.0701521215188272
14.381166038000002,1.0701521215188272
14.383144237000002,1.070270803907963
14.384961331000001,1.070270803907963
14.387076392,1.070249859956939
14.389068702000001,1.0700892896657554
14.390959027000001,1.0699775885936278
14.393061835000001,1.0697960743514203
14.395066265,1.069628522743229
14.396939777,1.0695307843051172
14.398908630000001,1.0695307843051172
14.401064557000002,1.069572672207165
14.403211911000001,1.069551728256141
14.405092344000002,1.069551728256141
14.407056426,1.069628522743229
14.409084841,1.0696843732792927
14.411096562,1.0696494666942529
14.412960025,1.069572672207165
14.415101997,1.0695098403540935
14.417005329,1.0695098403540935
14.418986126,1.069565690890157
14.421051375000001,1.0697053172303166
14.423050864,1.0697053172303166
14.424993027000001,1.0698309809364603
14.426928078000001,1.0697751304003964
14.428913775000002,1.069614560109213
14.430941295,1.069551728256141
14.432939782,1.0694819150860615
14.43491455,1.0693911579649578
14.436957387000001,1.0692585129418062
14.438938625,1.0691677558207022
14.441012759000001,1.0691258679186546
14.443144663000002,1.0691258679186546
14.444992126,1.0690351107975509
14.446916263,1.068923409725423
14.448969660000001,1.0689443536764471
14.450940949000001,1.069014166846527
14.452933669,1.069021148163535
14.454920107000001,1.0691188866016466
14.456912443,1.0691607745036944
14.458894172,1.0693422887459019
14.461085286000001,1.0693841766479497
14.463016163,1.0693841766479497
14.464982618,1.0694819150860615
14.466989166000001,1.0697122985473246
14.468922211,1.0696913545963007
14.470912378000001,1.0696913545963007
14.473029271000001,1.0697122985473246
14.475044836,1.0697332424983486
14.477005578000002,1.0698449435704762
14.479056403000001,1.0698449435704762
14.481408002,1.0698658875215004
14.483188935000001,1.0698658875215004
14.485070367,1.0698170183024442
14.487138730000002,1.0698100369854362
14.488928190000001,1.0697751304003964
14.490993491000001,1.0697262611813405
14.493017726000001,1.0696424853772448
14.494973209000001,1.0696634293282687
14.497095660000001,1.0697681490833886
14.499080569,1.069893812789532
14.5012912,1.0700194764956756
14.50329269,1.0700194764956756
14.505207644,1.0701172149337874
14.507097294000001,1.0700892896657554
14.509206248000002,1.0701172149337874
14.511130771000001,1.0701172149337874
14.513110305000001,1.0700334391296915
14.514935173000001,1.070235897322923
14.516959288,1.0702777852249707
14.518934017000001,1.0703196731270186
14.521055418000001,1.0703196731270186
14.523102996,1.0702917478589868
14.524981715000001,1.0702917478589868
14.526952386000001,1.070235897322923
14.528976311000001,1.069886831472524
14.530964177000001,1.0696913545963007
14.532924138,1.0695028590370854
14.534957578,1.0694888964030695
14.536996643,1.0695098403540935
14.538912588,1.0696704106452768
14.541075854,1.0698449435704762
14.543065702000002,1.0698449435704762
14.544986767000001,1.0699775885936278
14.546983557,1.070159102835835
14.548933326,1.0700753270317396
14.550960316000001,1.0700892896657554
14.552913905,1.0700474017637076
14.555072053000002,1.0700124951786676
14.556989371,1.0700194764956756
14.559079186000002,1.0699706072766197
14.561085162000001,1.069886831472524
14.563202861,1.069886831472524
14.565049503000001,1.0698309809364603
14.566955738,1.0698309809364603
14.568961423000001,1.0695307843051172
14.570934470000001,1.0692166250397583
14.57291891,1.0691258679186546
14.574941771,1.069014166846527
14.576946986000001,1.0689164284084152
14.578942584000002,1.0689024657743993
14.580999811000002,1.0688326526043195
14.583045449,1.0688326526043195
14.585030997,1.0688815218233754
14.587040150000002,1.0689443536764471
14.589028270000002,1.0691398305526705
14.590975521,1.0692585129418062
14.592942268000002,1.0693841766479497
14.595173402,1.0693911579649578
14.597008482000001,1.0693911579649578
14.598908547,1.0694400271840137
14.601019504000002,1.0697751304003964
14.603030328000001,1.0697751304003964
14.604961268,1.0698449435704762
14.606956919000002,1.0700334391296915
14.608994029000002,1.0699985325446517
14.610905811,1.0700194764956756
14.612904863,1.0699775885936278
14.61495998,1.0699566446426039
14.616996592000001,1.0698519248874843
14.618975309000001,1.0697541864493725
14.621151783,1.0697541864493725
14.623085243,1.0696634293282687
14.624978993000001,1.0696634293282687
14.62700083,1.0693492700629097
14.628926542,1.0691258679186546
14.630933221000001,1.0690839800166068
14.632986048000001,1.0689862415784952
14.634937919,1.0688396339213275
14.636949196000002,1.0688954844573912
14.638916786000001,1.0689443536764471
14.641200261000002,1.0689024657743993
14.643077145000001,1.0689024657743993
14.645005253,1.0689164284084152
14.646920662000001,1.06927945689283
14.648963218,1.0693632326969258
14.650951764,1.0694888964030695
14.653064351000001,1.0695307843051172
14.654901212,1.069593616158189
14.656948598000001,1.0696424853772448
14.658894640000002,1.0697541864493725
14.661222384,1.0697541864493725
14.663164731,1.0697541864493725
14.665060059000002,1.0697681490833886
14.66716115,1.0697262611813405
14.669018889,1.0697262611813405
14.671053017,1.0697053172303166
14.672962664000002,1.0697332424983486
14.674999547,1.0697053172303166
14.676997217,1.0697541864493725
14.678961405,1.0698170183024442
14.681139442000001,1.0697262611813405
14.683095422000001,1.0697262611813405
14.685038759000001,1.0697472051323647
14.687023688000002,1.0697472051323647
14.689226339000001,1.0697472051323647
14.691174343,1.0697541864493725
14.693145997,1.0697053172303166
14.695051404,1.0697332424983486
14.697140541000001,1.0698449435704762
14.699256453,1.069928719374572
14.701365378,1.06993570069158
14.703133964000001,1.06993570069158
14.705116781000001,1.0698658875215004
14.707090164,1.0698658875215004
14.709082817,1.0698170183024442
14.711052402000002,1.0699496633255958
14.712968412,1.069907775423548
14.715074869,1.0698728688385082
14.717012628,1.0698728688385082
14.719211954,1.0698658875215004
14.721142716000001,1.0698658875215004
14.723173737000002,1.0698100369854362
14.725146855,1.0698100369854362
14.726957614000002,1.0696634293282687
14.728940249,1.0696494666942529
14.730948626000002,1.0696704106452768
14.732964793,1.0697262611813405
14.735049303,1.0696634293282687
14.737097242,1.0696424853772448
14.739062876,1.069593616158189
14.741013473,1.0695238029881093
14.743045625,1.0695238029881093
14.745004526,1.0694051205989736
14.746963613,1.0694470085010215
14.749139791000001,1.0694470085010215
14.750976294,1.0694470085010215
14.752981049,1.0694121019159817
14.754951704000002,1.0694679524520454
14.757157116,1.0694260645499976
14.759118498000001,1.0694470085010215
14.761419321000002,1.0694260645499976
14.763069084000001,1.0694260645499976
14.765050862,1.0695028590370854
14.767032732,1.0695098403540935
14.768999934000002,1.0695307843051172
14.770955968,1.069628522743229
14.772933645,1.0696424853772448
14.775006500000002,1.0697541864493725
14.776947456,1.0697751304003964
14.778951724,1.0698449435704762
14.780995677000002,1.0698100369854362
14.783136103,1.0698519248874843
14.784972478,1.0698519248874843
14.787028617,1.0698519248874843
14.789108668,1.0697681490833886
14.791058284000002,1.0697681490833886
14.793070966,1.0696913545963007
14.794949130000001,1.0696913545963007
14.796951602,1.0696494666942529
14.798955591,1.0695866348411809
14.801041987000001,1.069628522743229
14.803073741,1.069628522743229
14.805034319,1.069607578792205
14.806981188000002,1.069593616158189
14.808928912,1.069593616158189
14.810920105000001,1.0695866348411809
14.812955284000001,1.0695866348411809
14.81498947,1.069628522743229
14.816941214000002,1.069628522743229
14.818914038,1.0696634293282687
14.82101837,1.069607578792205
14.823031253000002,1.069607578792205
14.824993721,1.069544746939133
14.826954219000001,1.0695307843051172
14.828992758,1.0694819150860615
14.830944172,1.0694470085010215
14.832953757,1.0694400271840137
14.834994129000002,1.0694400271840137
14.836981942000001,1.0694609711350376
14.839016781000002,1.0693283261118858
14.841655126000001,1.06927945689283
14.843084522000002,1.06927945689283
14.845003927,1.0691607745036944
14.847008140000002,1.0691607745036944
14.849074755,1.0691886997717264
14.851061758,1.06927945689283
14.852940304,1.0693422887459019
14.855168587000001,1.0693911579649578
14.857110593000002,1.069572672207165
14.858957645,1.0695866348411809
14.861219789000002,1.069544746939133
14.863231292,1.069544746939133
14.865246254,1.0695098403540935
14.867058537,1.0693004008438538
14.868944371000001,1.0691817184547183
14.870970210000001,1.069014166846527
14.873061527,1.0689024657743993
14.875097894000001,1.0688326526043195
14.876960053000001,1.0688117086532956
14.878977129,1.0687977460192797
14.881148923000001,1.0687418954832157
14.883108447000001,1.0687418954832157
14.885070629000001,1.0687418954832157
14.887127791000001,1.0687628394342399
14.889125307,1.0688186899703036
14.891039760000002,1.0689443536764471
14.892996794,1.0689792602614872
14.894951438000001,1.0690351107975509
14.896970827,1.0690979426506226
14.899017953000001,1.0692166250397583
14.901198477000001,1.0694121019159817
14.903191651,1.0694121019159817
14.9050387,1.0696843732792927
14.907052256,1.0699566446426039
14.909018355,1.0699985325446517
14.910936985000001,1.069928719374572
14.913050091,1.069928719374572
14.915102693000001,1.069886831472524
14.917033947,1.0699566446426039
14.919006808,1.0699496633255958
14.921189021000002,1.0697890930344123
14.923121073,1.0697890930344123
14.92512338,1.0697960743514203
14.92708544,1.0697122985473246
14.928962824000001,1.0696704106452768
14.930995353,1.0696704106452768
14.933078227000001,1.0695028590370854
14.935130914,1.0693702140139338
14.937137427000001,1.0692585129418062
14.939009881,1.0691398305526705
14.941062591000001,1.0690420921145587
14.943177028000001,1.0690420921145587
14.945186128000001,1.068965297627471
14.947255704000002,1.0688186899703036
14.949029144,1.0688186899703036
14.951092805000002,1.0687837833852636
14.952943511,1.0687977460192797
14.955165589000002,1.0688745405063673
14.957130454000001,1.0688745405063673
14.959044429,1.0689164284084152
14.9612692,1.0690979426506226
14.963175202,1.0690979426506226
14.965118845000001,1.0691398305526705
14.966941701000001,1.0692236063567664
14.969015064,1.0692166250397583
14.971113097000002,1.0691607745036944
14.973013008,1.0690839800166068
14.975378161,1.0689443536764471
14.977115613,1.0689443536764471
14.979017149,1.0688396339213275
14.981228138,1.0687349141662077
14.983209255,1.0687349141662077
14.985125190000002,1.068700007581168
14.987245269,1.0685603812410085
14.989165494000002,1.0685394372899844
14.991214423,1.0685394372899844
14.992989665000001,1.0684486801688806
14.995206907000002,1.068392829632817
14.997167020000001,1.068392829632817
14.999071507000002,1.0684277362178567
15.001181736000001,1.0684975493879365
15.003474425,1.0684975493879365
15.00514742,1.0684975493879365
15.007242737,1.0687139702151838
15.008985691000001,1.0687977460192797
15.010974265000002,1.0688815218233754
15.012998016000001,1.0689164284084152
15.015005783000001,1.068965297627471
15.017074492,1.069021148163535
15.019029078,1.0690351107975509
15.021199644000001,1.0690420921145587
15.023247043000001,1.0690420921145587
15.025018283000001,1.0690839800166068
15.026956613000001,1.069021148163535
15.028944279000001,1.069000204212511
15.030937711000002,1.0690420921145587
15.032928947,1.0689443536764471
15.034918091000002,1.068965297627471
15.036979965,1.0688815218233754
15.038906386,1.0688954844573912
15.041219978,1.0688326526043195
15.043156230000001,1.0688326526043195
15.045012361000001,1.0687349141662077
15.047206003000001,1.068700007581168
15.049157782000002,1.0687837833852636
15.051021798,1.068700007581168
15.052997689000001,1.0686092504600644
15.055055936,1.0686092504600644
15.057061654000002,1.0685952878260483
15.058967063,1.0685743438750244
15.061200334,1.0685324559729763
15.063012,1.0685324559729763
15.065057829,1.0684067922668328
15.067078230000002,1.0685533999240004
15.069051137,1.0687209515321918
15.071030474,1.0687837833852636
15.072961959,1.0688535965553434
15.074966340000001,1.0688186899703036
15.076978375000001,1.0687349141662077
15.079015100000001,1.068679063630144
15.081218914,1.0685603812410085
15.083253039,1.0685603812410085
15.085014083,1.0684766054369126
15.087221390000002,1.0684347175348647
15.088989389000002,1.0684347175348647
15.091011851000001,1.068378866998801
15.092914439000001,1.068288109877697
15.094905551,1.068378866998801
15.096982412000001,1.0684905680709287
15.098926243000001,1.0685184933389604
15.101210715,1.0685394372899844
15.103088169000001,1.0685394372899844
15.105348198000002,1.0685603812410085
15.107082620000002,1.0687139702151838
15.109329946,1.0688186899703036
15.111237157000001,1.0688186899703036
15.113056722000001,1.0690351107975509
15.114990777000001,1.06927945689283
15.117295022,1.0693283261118858
15.119143381,1.0693004008438538
15.121360495000001,1.069321344794878
15.123437359,1.069321344794878
15.125288942000001,1.0693911579649578
15.127086052000001,1.0693632326969258
15.129025542,1.0693492700629097
15.130987953000002,1.0692445503077903
15.132960523000001,1.0691886997717264
15.13495795,1.0691677558207022
15.137054209,1.0690630360655826
15.138938765,1.0690769986995987
15.141175264000001,1.0691049239676307
15.143082261000002,1.0691049239676307
15.145089489,1.0691049239676307
15.147189898,1.068965297627471
15.149011378,1.068965297627471
15.150972401,1.0688815218233754
15.152963073,1.068672082313136
15.154925787000002,1.0685324559729763
15.157012149000002,1.0684556614858887
15.158941774,1.0684067922668328
15.161142952,1.0682950911947051
15.163212338000001,1.0682950911947051
15.164988768,1.068127539586514
15.166956137000001,1.0678482869061947
15.168990996000002,1.067764511102099
15.171020966,1.0677086605660353
15.172945167000002,1.0678203616381627
15.174982945000002,1.0680228198313941
15.177050433000002,1.0681694274885616
15.179064509000002,1.0682671659266734
15.181189139,1.0682462219756494
15.183190691,1.0682462219756494
15.185079755,1.0682113153906094
15.186985645000002,1.0682113153906094
15.188977252,1.0682043340736016
15.190962529,1.0681764088055696
15.192962232000001,1.0681065956354898
15.194964141000002,1.068043763782418
15.196943791,1.0679320627102904
15.198987796,1.0678901748082426
15.201365888000002,1.0678203616381627
15.203002209000001,1.0678203616381627
15.20500703,1.0677854550531227
15.206989107,1.0678063990041469
15.208986150000001,1.0678622495402106
15.211006834,1.0678273429551708
15.212947994,1.0679530066613143
15.214920499000002,1.068064707733442
15.216947350000002,1.0680228198313941
15.218925954000001,1.0679879132463543
15.221294706,1.068029801148402
15.223061119,1.068029801148402
15.22511399,1.0680018758803702
15.22698062,1.0680018758803702
15.229071334,1.0679809319293463
15.231018208000002,1.0682462219756494
15.232914597,1.068357923047777
15.234995027,1.0684277362178567
15.237054722000002,1.0685184933389604
15.238938406,1.0685743438750244
15.241435852,1.0685813251920324
15.243145484000001,1.0685813251920324
15.245016333,1.0685603812410085
15.247053110000001,1.0685952878260483
15.248962009000001,1.0686371757280961
15.250948371000002,1.0686301944110883
15.252948268,1.0685603812410085
15.255006128000002,1.0684277362178567
15.256995020000002,1.0682950911947051
15.259090073000001,1.0681135769524979
15.261115048,1.0680018758803702
15.263096021,1.0680018758803702
15.264993301,1.067743567151075
15.267108345,1.067422426568708
15.269192351000001,1.0671780804734288
15.270985462,1.0671780804734288
15.272918967,1.0669965662312215
15.275032529,1.0665707058937348
15.276970532000002,1.0664031542855434
15.278994881000001,1.0664101356025513
15.281069515,1.0665427806257028
15.283073171000002,1.0665427806257028
15.284972560000002,1.0665637245767268
15.286969021,1.0662705092623919
15.289015195000001,1.0661029576542005
15.291007626,1.0660191818501046
15.292944910000001,1.0659982378990809
15.294968788,1.0661029576542005
15.296996217,1.0662216400433362
15.298944995000001,1.066200696092312
15.301237041,1.0661029576542005
15.303027094,1.0661029576542005
15.304978667,1.0660889950201844
15.307194720000002,1.0660889950201844
15.30899173,1.0660471071181365
15.310957225000001,1.066158808190264
15.312981267000001,1.066228621360344
15.314951381,1.066249565311368
15.316923614,1.0663123971644397
15.318927873000002,1.0663822103345195
15.321175881,1.0665916498447587
15.323050847000001,1.0665916498447587
15.325005004000001,1.0667522201359423
15.32698148,1.0667312761849184
15.32901402,1.0667661827699582
15.330932271000002,1.0667731640869662
15.333102609,1.06679410803799
15.335010050000001,1.0669337343781495
15.336971987,1.0670384541332691
15.339184562000002,1.0670943046693333
15.340992158,1.0670943046693333
15.343062089000002,1.0670384541332691
15.344988268000002,1.0670384541332691
15.346979036,1.0670803420353172
15.348967194,1.0669546783291737
15.350924243000001,1.066891846476102
15.352912282,1.06682901462303
15.354922021,1.066815051989014
15.357150352000001,1.066815051989014
15.359176861000002,1.066849958574054
15.361036645,1.066808070672006
15.363279999000001,1.066808070672006
15.365016947,1.066808070672006
15.366929017,1.0665916498447587
15.368965426,1.066528817991687
15.370983149,1.0663263597984556
15.372966914000001,1.066186733458296
15.374926870000001,1.0660191818501046
15.376920433,1.0657608731208095
15.3793386,1.0656770973167138
15.380981993,1.0656770973167138
15.383129045,1.0655793588786022
15.384989125,1.0655793588786022
15.386988505000001,1.0652582182962351
15.388959031,1.0650348161519798
15.390918281000001,1.0649859469329241
15.392923214000001,1.0648463205927645
15.394933172000002,1.064748582154653
15.396922974,1.064720656886621
15.398921294,1.0647695261056767
15.401209238000002,1.064748582154653
15.403042650000002,1.064748582154653
15.404975974000001,1.0647834887396925
15.407002492,1.0647834887396925
15.408956737,1.0648323579587484
15.410943274000001,1.064909152445836
15.412926754,1.0649231150798522
15.414953763000002,1.0649650029819002
15.416922493000001,1.0649929282499322
15.419192529000002,1.0651534985411155
15.421166405000001,1.0652512369792273
15.423103701,1.0652512369792273
15.425007032000002,1.065369919368363
15.426984298,1.0653769006853708
15.429217176000002,1.0653769006853708
15.431244825,1.0653769006853708
15.433009588000001,1.0653908633193867
15.435327580000001,1.0653280314663147
15.436983635,1.0653280314663147
15.439070815000001,1.0653489754173389
15.441014573,1.0653769006853708
15.443058941,1.0653769006853708
15.445010635000001,1.0654118072704106
15.446943613,1.0654118072704106
15.449033937000001,1.0654327512214345
15.451106944000001,1.0653978446363945
15.452910578000001,1.0654536951724585
15.455043739,1.0654536951724585
15.456943217000001,1.0655165270255302
15.458976114,1.0657050225847455
15.461160060000001,1.065935406046009
15.463148364,1.065935406046009
15.465122422,1.0660820137031763
15.467022183000001,1.0663682477005034
15.469163939000001,1.066549761942711
15.471102557000002,1.066549761942711
15.473077022000002,1.0667382575019264
15.47506721,1.0670943046693333
15.477121700000001,1.0671990244244527
15.478946642,1.0672967628625645
15.481232403000002,1.0673945013006763
15.483184532000001,1.0673945013006763
15.485062928000001,1.0674573331537478
15.487055908,1.0675201650068198
15.488977777,1.06748525842178
15.490963836,1.067478277104772
15.493103718,1.0674643144707558
15.494944682000002,1.0674643144707558
15.497085473,1.067422426568708
15.498961800000002,1.0673246881305964
15.501297616,1.0671990244244527
15.503019473,1.0671990244244527
15.505104344000001,1.0671361925713811
15.507091054000002,1.0671222299373653
15.509140501000001,1.0672199683754766
15.510985152000002,1.0672129870584688
15.513127936000002,1.0672409123265008
15.515226008,1.0673246881305964
15.517043095000002,1.0673805386666604
15.519237889000001,1.067443370519732
15.521242544000001,1.06748525842178
15.523210062,1.06748525842178
15.525024293000001,1.0675480902748518
15.527051456,1.0675620529088676
15.529181848,1.067506202372804
15.531105455,1.0675271463238276
15.533184006,1.0675411089578437
15.535057004,1.0675201650068198
15.537345629,1.06748525842178
15.539052222,1.06748525842178
15.541327547000002,1.0674154452517
15.543314551000002,1.0674154452517
15.545315037000002,1.0672758189115406
15.547170416,1.0673246881305964
15.549209688000001,1.0673805386666604
15.551034563000002,1.0674573331537478
15.553076259000001,1.06748525842178
15.555018138000001,1.067506202372804
15.557056401,1.0675271463238276
15.559126522000001,1.0674992210557959
15.561318783,1.0675201650068198
15.56319824,1.0675201650068198
15.565071584000002,1.0675201650068198
15.567120945000001,1.0674363892027239
15.569089439,1.0673805386666604
15.571046438000002,1.0673456320816204
15.573167069,1.0672828002285486
15.575027100000002,1.0671012859863411
15.577089296,1.0669546783291737
15.579072742000001,1.066870902525078
15.581193481000001,1.0666335377468068
15.583159790000002,1.0666335377468068
15.584963988,1.0664520235045993
15.587144403000002,1.0661239016052244
15.588994345000001,1.0659982378990809
15.591001569000001,1.0657957797058495
15.593047386,1.0657399291697855
15.594932205000001,1.0656770973167138
15.596989762000002,1.065614265463642
15.599005906,1.065558414927578
15.601121516000001,1.06555143361057
15.603042546000001,1.06555143361057
15.605103856000001,1.065530489659546
15.607060788000002,1.065530489659546
15.609077782000002,1.0653769006853708
15.611114427,1.0653070875152908
15.613067312,1.0652163303941873
15.614964836,1.0651744424921394
15.616919188,1.0652372743452112
15.619175041,1.065293124881275
15.621089915,1.065293124881275
15.623211210000001,1.0652302930282032
15.625027569,1.0652302930282032
15.62715189,1.0652093490771792
15.629142024000002,1.065279162247259
15.631078482000001,1.0652093490771792
15.633083359,1.0653070875152908
15.635067423,1.0653489754173389
15.637007521000001,1.0653140688322988
15.639162726,1.0653978446363945
15.641608693,1.0654955830745063
15.643105435,1.0654955830745063
15.645160032000001,1.06555143361057
15.647254308,1.0655793588786022
15.649274232000002,1.0655793588786022
15.651014074,1.0656561533656896
15.653187659,1.0658237049738812
15.655123179,1.0659563499970328
15.657140622000002,1.0659982378990809
15.659120431000002,1.0660820137031763
15.661166027,1.066186733458296
15.663142245000001,1.066186733458296
15.664995161,1.066249565311368
15.666995569000001,1.0663123971644397
15.669219255000002,1.066249565311368
15.671027193,1.0661378642392403
15.673058437000002,1.0660889950201844
15.675003248000001,1.0660610697521524
15.676902198,1.0659633313140406
15.678924809000002,1.0659563499970328
15.681222685000002,1.0658446489249054
15.683044257,1.0658446489249054
15.685031583,1.0657050225847455
15.687302057,1.0655025643915144
15.689043320000001,1.0654536951724585
15.691178514,1.065355956734347
15.693081067000001,1.0652302930282032
15.694935025000001,1.0651953864431634
15.697269493,1.0651255732730835
15.699002749000002,1.0651116106390675
15.701303267,1.0651534985411155
15.703418566000002,1.0651534985411155
15.705362363,1.0651674611751314
15.706975098000001,1.0651534985411155
15.709245083,1.0651325545900916
15.711317435000002,1.0651046293220596
15.713110223000001,1.0650557601030037
15.715170644,1.0649859469329241
15.717102650000001,1.0648742458607965
15.719028938000001,1.0648463205927645
15.721180735,1.0648323579587484
15.723171298,1.0648323579587484
15.725019849,1.064909152445836
15.727013323000001,1.0649231150798522
15.729010777000001,1.0649231150798522
15.730994922,1.0649300963968602
15.732915867,1.0649859469329241
15.735080860000002,1.0650348161519798
15.737110479000002,1.0651046293220596
15.739047207,1.0651325545900916
15.741285932,1.0651325545900916
15.743011288000002,1.065272180930251
15.744931598,1.0654118072704106
15.747114245,1.0654746391234824
15.748977195,1.0654118072704106
15.75099426,1.0654397325384426
15.753073230000002,1.065530489659546
15.754938766,1.0654746391234824
15.756897164000002,1.0654327512214345
15.758937191000001,1.0654746391234824
15.761165724000001,1.0654606764894665
15.763255117000002,1.0654606764894665
15.765024431,1.0654327512214345
15.767166524,1.065279162247259
15.769124167000001,1.0652093490771792
15.770944012000001,1.0652582182962351
15.773126146000001,1.0653140688322988
15.774945629000001,1.0653070875152908
15.776969285000002,1.065293124881275
15.778975181000002,1.065293124881275
15.781149654000002,1.0652582182962351
15.783217105,1.0652582182962351
15.78504732,1.065293124881275
15.787030527,1.0652582182962351
15.789062161,1.0653070875152908
15.791083314000002,1.065272180930251
15.793156005,1.0652582182962351
15.794999658000002,1.0652512369792273
15.797142733000001,1.0652163303941873
15.799002154000002,1.0652163303941873
15.801161327,1.0652302930282032
15.803189229000001,1.0652302930282032
15.804992789000002,1.0651884051261553
15.807028977000002,1.0650697227370196
15.809271407,1.0650767040540277
15.811185421000001,1.0651534985411155
15.813107302,1.0651884051261553
15.815004659000001,1.0651255732730835
15.816972603000002,1.0650906666880435
15.818987072,1.064971984298908
15.821560148000001,1.0649300963968602
15.822992212,1.0649300963968602
15.82503896,1.0649300963968602
15.827050150000002,1.065006890883948
15.828984062000002,1.065006890883948
15.830964556000001,1.0651325545900916
15.832940546000001,1.0652512369792273
15.834971016,1.0652582182962351
15.837026518000002,1.0653070875152908
15.838930650000002,1.0654606764894665
15.841491192000001,1.0654955830745063
15.843087277,1.0654955830745063
15.845011694000002,1.065558414927578
15.847110447,1.0656003028296261
15.849071007000001,1.065530489659546
15.851002035,1.0654606764894665
15.853159980000001,1.0654118072704106
15.855253984,1.065355956734347
15.857006896000001,1.0652582182962351
15.858959891000001,1.0651325545900916
15.861037133000002,1.0650487787859957
15.863385479000002,1.0650487787859957
15.865093730000002,1.0649300963968602
15.867104350000002,1.0648044326907165
15.868970195000001,1.0646089558144933
15.871090979000002,1.0645391426444135
15.872935037000001,1.0645600865954374
15.874914301,1.0645670679124455
15.877076735000001,1.0645600865954374
15.878941182,1.0646089558144933
15.881323772000002,1.0646997129355968
15.883177958000001,1.0646997129355968
15.885012461,1.0646997129355968
15.88698495,1.064727638203629
15.888985964000002,1.0647834887396925
15.890934471000001,1.0647834887396925
15.892948743000002,1.064748582154653
15.895171717,1.0648044326907165
15.89693656,1.0647904700567006
15.898963593000001,1.064748582154653
15.901143184,1.0647834887396925
15.903444343,1.0647834887396925
15.905003135000001,1.0647695261056767
15.907041184,1.064748582154653
15.909258119,1.064720656886621
15.911068238,1.064720656886621
15.913066631000001,1.064650843716541
15.91519768,1.064720656886621
15.916981040000001,1.064720656886621
15.918968377,1.0648323579587484
15.921184855000002,1.0648533019097723
15.923122169,1.0648533019097723
15.925089543,1.0647904700567006
15.927178062000001,1.0647904700567006
15.929062253000001,1.0646229184485092
15.931067415000001,1.0645880118634694
15.932988199,1.0646019744974853
15.935029278000002,1.0646089558144933
15.937082544,1.0645880118634694
15.938904627000001,1.0646089558144933
15.941061020000001,1.064650843716541
15.943187683000001,1.064650843716541
15.945009200000001,1.064650843716541
15.947010562000001,1.0648044326907165
15.949057466000001,1.0648533019097723
15.951029428000002,1.0649929282499322
15.953155644,1.0651046293220596
15.95523816,1.0652582182962351
15.957094636,1.0653769006853708
15.959162484,1.0654327512214345
15.961131490000001,1.0654327512214345
15.96313057,1.0655025643915144
15.965018654000001,1.0655025643915144
15.967122815000002,1.0656421907316738
15.968999020000002,1.065635209414666
15.971154574000002,1.0655793588786022
15.973071174000001,1.0655793588786022
15.975075774,1.06555143361057
15.977066179000001,1.065530489659546
15.979005588000001,1.0654327512214345
15.981117003000001,1.0653350127833228
15.983150258,1.0653350127833228
15.985240446,1.0652372743452112
15.987022962000001,1.0652372743452112
15.988960057000002,1.0651884051261553
15.991146345,1.0651116106390675
15.993012687,1.0650697227370196
15.994980250000001,1.065006890883948
15.997149443000001,1.065013872200956
15.99913693,1.065006890883948
16.001169048,1.065006890883948
16.003267564,1.065006890883948
16.005226150000002,1.0650697227370196
16.007223901,1.0650697227370196
16.009080997,1.0650767040540277
16.011146061,1.065013872200956
16.013053094,1.0649929282499322
16.014999219,1.0649021711288282
16.017117772000002,1.0648253766417406
16.018966963,1.0648253766417406
16.021059964000003,1.064727638203629
16.023137738000003,1.064727638203629
16.025101674000002,1.0646717876675649
16.027096131,1.0644832921083496
16.029214912,1.0642808339151182
16.031063662,1.0641621515259827
16.03321468,1.064113282306927
16.035197206,1.0642389460130703
16.037124950000003,1.0642947965491343
16.039051961000002,1.0643017778661423
16.04118926,1.0642808339151182
16.043493715,1.0642808339151182
16.045250305,1.064364609719214
16.047164757,1.0643436657681902
16.049040633,1.0644204602552778
16.051462138,1.0644483855233098
16.053154665,1.0644483855233098
16.055124102,1.0645600865954374
16.057072723,1.0645810305464614
16.059037374000003,1.0645670679124455
16.061261309000002,1.0646648063505568
16.063210417,1.0646648063505568
16.065359185000002,1.0646019744974853
16.067231951,1.0645880118634694
16.069371782,1.0646229184485092
16.071014480000002,1.0646229184485092
16.073062544000003,1.0646229184485092
16.075104496,1.064650843716541
16.076941205,1.064720656886621
16.078983563,1.0647904700567006
16.081217759,1.0648323579587484
16.083227676,1.0648323579587484
16.085099986,1.0648044326907165
16.087133958000003,1.0648533019097723
16.089245017,1.0649231150798522
16.091101636,1.0649650029819002
16.092966531000002,1.0649859469329241
16.094978959000002,1.0649650029819002
16.097063732000002,1.064971984298908
16.098998310000002,1.064909152445836
16.10124035,1.0649231150798522
16.103238901,1.0649231150798522
16.105022474000002,1.0648742458607965
16.107087321,1.0648114140077245
16.109003927,1.0646717876675649
16.111061472,1.0646019744974853
16.112961349000003,1.0645391426444135
16.114932269,1.0644623481573257
16.117035698000002,1.0644414042063017
16.119138711,1.064385553670238
16.121081057,1.0645181986933896
16.123105686000002,1.0645181986933896
16.125032883,1.0645880118634694
16.126968273,1.0645880118634694
16.128962142000002,1.0645391426444135
16.131026157,1.0645670679124455
16.132931013,1.0644414042063017
16.134930360000002,1.0643227218171663
16.136944594000003,1.0642389460130703
16.138934938000002,1.0642598899640943
16.141088506000003,1.0642040394280305
16.143098803,1.0642040394280305
16.144982419,1.0641970581110225
16.146970021,1.064099319672911
16.148927845,1.0640574317708629
16.150933180000003,1.0639806372837752
16.152943101,1.0639806372837752
16.154923785,1.0639736559667674
16.156988108,1.0641342262579507
16.158919583,1.0641412075749588
16.161128325,1.0641551702089747
16.163048728,1.0641551702089747
16.164992572000003,1.0642459273300784
16.166948521000002,1.0643157405001582
16.168961102,1.064399516304254
16.170977311,1.0644693294743337
16.172937732,1.0645391426444135
16.174936585,1.0645042360593737
16.176936701000002,1.0644972547423657
16.178930415,1.0645670679124455
16.181185065,1.0646229184485092
16.183018982,1.0646229184485092
16.184998029000003,1.0646648063505568
16.187246984,1.0647695261056767
16.188970795,1.0647695261056767
16.190939346,1.0648672645437884
16.192962277,1.064909152445836
16.194969662000002,1.0650557601030037
16.196937981,1.0650487787859957
16.199114367,1.0650767040540277
16.201282375,1.0650906666880435
16.203119957000002,1.0650906666880435
16.205110752,1.0651255732730835
16.207351455,1.0651255732730835
16.209154849,1.0651465172241075
16.211058570000002,1.065013872200956
16.213415904,1.0649021711288282
16.21516074,1.0649021711288282
16.217193417,1.0647834887396925
16.219097124,1.0645251800103974
16.221181899,1.0644274415722856
16.223151559,1.0644274415722856
16.225096339,1.0644064976212617
16.227035289,1.0642180020620464
16.228971353000002,1.0642040394280305
16.230993007000002,1.0641412075749588
16.233108103,1.0640923383559031
16.234998582,1.0639945999177913
16.236925873,1.0639317680647193
16.238936063,1.0637921417245597
16.241184782,1.0637083659204642
16.243170206000002,1.0637083659204642
16.245117703000002,1.0636385527503844
16.247103105,1.0635477956292807
16.248977817,1.0635757208973124
16.251109706,1.0637293098714882
16.253007511,1.0639108241136954
16.255030124,1.0639178054307035
16.257106196000002,1.0639736559667674
16.258982149,1.064022525185823
16.261134344000002,1.0641412075749588
16.263164953,1.0641342262579507
16.26525283,1.0641342262579507
16.267322696,1.0642040394280305
16.269202298,1.0644972547423657
16.27093148,1.0645251800103974
16.273002084,1.0645391426444135
16.275039846000002,1.0645670679124455
16.277044608,1.0646438623995331
16.279002682,1.0646997129355968
16.281063252000003,1.0646997129355968
16.28311896,1.0646997129355968
16.284977583,1.0647695261056767
16.287112422,1.0645880118634694
16.289159817,1.0645880118634694
16.290999562,1.0645042360593737
16.292946177,1.064357628402206
16.295158698,1.0642668712811023
16.296963903,1.0643157405001582
16.298975264000003,1.0643227218171663
16.301147627000002,1.0642598899640943
16.303209349,1.0642598899640943
16.305153189000002,1.0642668712811023
16.307103348000002,1.0642459273300784
16.309096238000002,1.0641830954770066
16.311097666000002,1.0642249833790545
16.312991998,1.0643017778661423
16.314988818,1.0644204602552778
16.317020940000003,1.0644832921083496
16.319079401,1.0644623481573257
16.321380062,1.0644832921083496
16.323183599,1.0644832921083496
16.32519886,1.0644414042063017
16.327230785,1.0644414042063017
16.329183581000002,1.0643017778661423
16.331067851,1.064364609719214
16.332978309,1.0643227218171663
16.335169424,1.0643017778661423
16.337060858,1.0642180020620464
16.339344913,1.0641761141599986
16.341198213000002,1.0639108241136954
16.343261748,1.0639108241136954
16.345141867000002,1.0638130856755836
16.34703517,1.063512889044241
16.34906518,1.0633243934850254
16.350945349,1.063149860559826
16.352959235,1.063142879242818
16.355045938,1.063128916608802
16.357141743,1.0632336363639219
16.3589975,1.0632894868999854
16.36127665,1.0633313748020334
16.363192291,1.0633313748020334
16.36522531,1.0633942066551052
16.367204871000002,1.063436094557153
16.369071101,1.063512889044241
16.371141443000003,1.0635687395803046
16.373102631000002,1.063715347237472
16.374967903,1.0638759175286556
16.377046064,1.064036487819839
16.379724626,1.0641970581110225
16.381321688,1.0641970581110225
16.383283538,1.0644204602552778
16.385288924,1.0644204602552778
16.387267438000002,1.0645251800103974
16.389234811,1.0645251800103974
16.391221484000003,1.0644693294743337
16.393340525,1.0644274415722856
16.395071593,1.064357628402206
16.3975236,1.0642668712811023
16.399219243,1.0642668712811023
16.401044836,1.0643227218171663
16.403374712,1.0643227218171663
16.405384532,1.0642947965491343
16.407026815000002,1.0642180020620464
16.409099606,1.0641621515259827
16.411003216,1.064113282306927
16.413149335,1.064099319672911
16.415173008,1.0640574317708629
16.417208214000002,1.064071394404879
16.419218188000002,1.0639945999177913
16.421227820000002,1.064043469136847
16.423426347,1.064043469136847
16.425121387,1.0640574317708629
16.427195034,1.064113282306927
16.429014671,1.064071394404879
16.431032894,1.0641412075749588
16.433046672,1.064113282306927
16.435029418000003,1.0641621515259827
16.437121321,1.064113282306927
16.438996132,1.0641342262579507
16.441488983,1.064022525185823
16.443193339,1.064022525185823
16.445163803,1.0639108241136954
16.447070451000002,1.0636944032864482
16.449091849000002,1.0635547769462885
16.450975137,1.063429113240145
16.453034812000002,1.0633243934850254
16.454994235,1.0632615616319536
16.456920105000002,1.0632615616319536
16.458966457000002,1.0632266550469138
16.461032297000003,1.0631079726577781
16.463095912,1.0631079726577781
16.465054744,1.0630241968536824
16.467003318,1.0630241968536824
16.468958648,1.0629474023665946
16.470959096,1.0633453374360493
16.47310012,1.063464019825185
16.475007896,1.0635547769462885
16.476917323000002,1.0637083659204642
16.478968387000002,1.0638759175286556
16.481328223000002,1.064071394404879
16.483172542000002,1.064071394404879
16.485006669,1.0642249833790545
16.487249305000002,1.06437857235323
16.488980407,1.06437857235323
16.491094241000003,1.064399516304254
16.493097014,1.0642668712811023
16.4952595,1.0643157405001582
16.497052581000002,1.0643157405001582
16.498986468000002,1.0643157405001582
16.501099305,1.0642180020620464
16.503251702,1.0642180020620464
16.505006921,1.0641970581110225
16.507045502,1.0640015812347992
16.509049270000002,1.0639387493817274
16.510968512,1.0639317680647193
16.513035717,1.0639387493817274
16.514971649,1.0639317680647193
16.516957255,1.0639317680647193
16.518931222000003,1.0640574317708629
16.521107896,1.0640574317708629
16.523326416,1.0640923383559031
16.525222449,1.0640923383559031
16.527058943,1.064113282306927
16.529126899,1.0641830954770066
16.531062723,1.0642459273300784
16.533066202,1.0642808339151182
16.534985369,1.0642180020620464
16.536995445000002,1.0641761141599986
16.538933953,1.064113282306927
16.541094472,1.064113282306927
16.543206394000002,1.064113282306927
16.545101645000003,1.0640574317708629
16.547140461,1.0638968614796795
16.549248282,1.063771197773536
16.551178677,1.0635338329952646
16.553004866000002,1.0635338329952646
16.555090412000002,1.0632615616319536
16.556993696,1.0625424859801318
16.558999435,1.0622702146168208
16.561312924000003,1.0620468124725655
16.563186166,1.0620468124725655
16.565095411,1.0617047279391745
16.567051458,1.061362643405784
16.569026956000002,1.06130679286972
16.571031408,1.061362643405784
16.573220873,1.0614045313078315
16.575063697,1.0614883071119274
16.577181241,1.061586045550039
16.579096985,1.061627933452087
16.581386877,1.061627933452087
16.583116028000003,1.061627933452087
16.584998209000002,1.0617466158412225
16.587087712000002,1.0618303916453182
16.58901852,1.0619351114004378
16.591104182000002,1.0621166256426453
16.593084286,1.0621934201297332
16.594973771,1.0621166256426453
16.596943897000003,1.0621096443256373
16.599041634000002,1.0621934201297332
16.601173080000002,1.0621934201297332
16.603060819,1.0623400277869006
16.605028093,1.0623400277869006
16.606988793,1.0627240002223393
16.609000059,1.0629474023665946
16.610978099,1.0630032529026585
16.613036627,1.0630591034387222
16.614956863,1.0630870287067542
16.616956744,1.0632057110958897
16.618960017000003,1.0633104308510095
16.621181418000003,1.0634500571911691
16.623138611,1.0634500571911691
16.625229545,1.0636874219694403
16.626992791,1.0638340296266076
16.629008753,1.0638898801626715
16.630984023,1.0638200669925917
16.633141466,1.0638689362116478
16.635033537,1.0638689362116478
16.636971341000002,1.0638898801626715
16.638966321,1.0638200669925917
16.641393256,1.063715347237472
16.643289649,1.063715347237472
16.645148323,1.0637572351395201
16.647313842000003,1.0637293098714882
16.648969111,1.0635896835313285
16.651071333,1.0635757208973124
16.652990297000002,1.063429113240145
16.655157116,1.063415150606129
16.657186068,1.063429113240145
16.65918812,1.0633243934850254
16.661186048,1.0632615616319536
16.663111314000002,1.0632615616319536
16.664984865,1.0631219352917942
16.666972663000003,1.062877589196515
16.668974587,1.062821738660451
16.670951433000003,1.062786832075411
16.673061075,1.0627379628563554
16.675098173000002,1.062786832075411
16.67702456,1.062842682611475
16.679232931,1.0630591034387222
16.681126749,1.0630591034387222
16.683144945000002,1.0632057110958897
16.685139354,1.0632057110958897
16.687159573000002,1.063415150606129
16.689224897000003,1.0635268516782566
16.691009656000002,1.0635268516782566
16.693032295000002,1.0636734593354242
16.6950772,1.0638689362116478
16.697001851,1.0640015812347992
16.69909006,1.0641830954770066
16.701089598,1.0642668712811023
16.70306413,1.0642668712811023
16.705071558,1.0642389460130703
16.707039724,1.0642180020620464
16.709060362000002,1.0642249833790545
16.711076451,1.064078375721887
16.712929363,1.0638898801626715
16.714950344000002,1.0638340296266076
16.716992846,1.0637362911884962
16.718949779000003,1.0636734593354242
16.721106683000002,1.0635338329952646
16.723108994,1.0635338329952646
16.725009705,1.0635547769462885
16.726981558000002,1.0635757208973124
16.729195356,1.063512889044241
16.730970146,1.063512889044241
16.732987904,1.063471001142193
16.735142486,1.0635059077272329
16.737032322,1.0635059077272329
16.738956636,1.0635547769462885
16.74123208,1.0637921417245597
16.743127672,1.0637921417245597
16.744979905,1.0638340296266076
16.746944315,1.0638898801626715
16.749096836,1.0638549735776317
16.750984832,1.0638549735776317
16.753013578,1.0639317680647193
16.755035933000002,1.0638898801626715
16.757082858,1.0639527120157433
16.759047578,1.0639736559667674
16.761167739,1.0638200669925917
16.763264818,1.0638200669925917
16.765119419,1.0637781790905438
16.767195511,1.0636385527503844
16.769116536000002,1.0635687395803046
16.771248766,1.063512889044241
16.773143601,1.063484963776209
16.775109822,1.0633453374360493
16.77717332,1.0632615616319536
16.779121048,1.0630870287067542
16.781277985000003,1.0629474023665946
16.783316250000002,1.0629474023665946
16.785202050000002,1.0628357012944671
16.787193073,1.0629055144645467
16.789118222000003,1.0629404210495865
16.791119525000003,1.0630870287067542
16.793093984000002,1.0633872253380972
16.794922753,1.0635757208973124
16.797139233,1.0635757208973124
16.799196529,1.0636315714333764
16.801262599,1.0636315714333764
16.803318694,1.0637362911884962
16.80532358,1.0637362911884962
16.80713429,1.0638549735776317
16.809223641000003,1.0638968614796795
16.811291113,1.0639596933327513
16.813139907,1.0639736559667674
16.814942787,1.0639945999177913
16.817132412,1.0639108241136954
16.818990355,1.0638968614796795
16.821047720000003,1.0638340296266076
16.823260696000002,1.063715347237472
16.825137377,1.063715347237472
16.827091032000002,1.0636106274823525
16.828985113,1.0634500571911691
16.831160231000002,1.063436094557153
16.833088666000002,1.0632894868999854
16.835061776,1.0632475989979377
16.837130231,1.0632336363639219
16.838972621,1.0632057110958897
16.841385968,1.0632266550469138
16.843255212000003,1.0632266550469138
16.845164055,1.0632126924128977
16.847017668,1.0632336363639219
16.849068724000002,1.0633453374360493
16.851051072,1.0633732627040813
16.853057575,1.0633872253380972
16.855076221,1.063484963776209
16.856996813000002,1.0636734593354242
16.858973799,1.0638549735776317
16.861173626,1.0640923383559031
16.863131882,1.0640923383559031
16.865062433000002,1.0641970581110225
16.867002021,1.0641830954770066
16.869064704,1.0641412075749588
16.870997287,1.0640923383559031
16.872960779,1.0639596933327513
16.87504397,1.0638898801626715
16.87699667,1.0637921417245597
16.878984025,1.0636734593354242
16.881535424000003,1.0635059077272329
16.88305265,1.0635059077272329
16.8850431,1.0633104308510095
16.887063967,1.0629613650006104
16.88908495,1.062765888124387
16.890954877000002,1.0627240002223393
16.892949731,1.0627240002223393
16.894919103,1.0627449441733634
16.896945026,1.062765888124387
16.898963239,1.062786832075411
16.901094519,1.0628357012944671
16.90307395,1.0628357012944671
16.905058254,1.062856645245491
16.907138715000002,1.063149860559826
16.909015022000002,1.063149860559826
16.910978621,1.0632336363639219
16.912946585,1.0635687395803046
16.915097838,1.0637362911884962
16.916985878000002,1.0638200669925917
16.919087977,1.0638410109436156
16.921205184,1.0639108241136954
16.923306647,1.0639108241136954
16.925001144,1.0638968614796795
16.927038498,1.0639596933327513
16.92942497,1.064071394404879
16.930981026,1.064071394404879
16.932965597000003,1.064036487819839
16.934983706,1.0639806372837752
16.936979375,1.0639527120157433
16.939106504,1.0638200669925917
16.941073237,1.0638410109436156
16.943335384,1.0638410109436156
16.945092690000003,1.0638759175286556
16.946984641,1.0639736559667674
16.949053160000002,1.064022525185823
16.950973801,1.0640015812347992
16.953042492,1.0639596933327513
16.955049921,1.0639178054307035
16.956959677,1.0638340296266076
16.958965646,1.063771197773536
16.961201088000003,1.0637991230415678
16.963096439,1.0637991230415678
16.964984421,1.0637921417245597
16.966964926,1.0638340296266076
16.968987685000002,1.0638130856755836
16.970982834,1.063750253822512
16.973126575000002,1.0636525153844003
16.974996808,1.0636525153844003
16.976987317000003,1.0635757208973124
16.978970197000002,1.0635966648483366
16.981045431000002,1.0636106274823525
16.983031255,1.0636106274823525
16.985001602,1.0635687395803046
16.987006064000003,1.0635757208973124
16.988975933000003,1.0635687395803046
16.991058111,1.0636315714333764
16.992987107,1.0636176087993605
16.994927578000002,1.0636106274823525
16.996935625000003,1.0636525153844003
16.99903549,1.0636664780184164
17.00121266,1.063771197773536
17.003154006000003,1.063771197773536
17.005076096,1.0638130856755836
17.007068076,1.0638410109436156
17.00897163,1.0639596933327513
17.010964746000003,1.0640574317708629
17.012967998,1.0641621515259827
17.014935089,1.0642249833790545
17.016979474,1.0642947965491343
17.019015988,1.0643157405001582
17.021190532000002,1.0643227218171663
17.023079607,1.0643227218171663
17.025085164,1.0643366844511821
17.026973181000002,1.0641970581110225
17.028983469,1.0642459273300784
17.030962491,1.064113282306927
17.033230723000003,1.0640574317708629
17.034985236,1.0640574317708629
17.036991203,1.064043469136847
17.038942547,1.0639736559667674
17.04119598,1.0639945999177913
17.043087406,1.0639945999177913
17.0450747,1.0640155438688153
17.047015279,1.0640155438688153
17.048989687000002,1.0641551702089747
17.050981061,1.064043469136847
17.052954592000003,1.0639806372837752
17.055119912000002,1.0639806372837752
17.057078172,1.0639806372837752
17.058964630000002,1.0639806372837752
17.061158604000003,1.0639736559667674
17.063090012,1.0639736559667674
17.065018303000002,1.064022525185823
17.066991028,1.0638898801626715
17.068994279,1.0639178054307035
17.070981115000002,1.0638968614796795
17.072984393000002,1.0639596933327513
17.075075045000002,1.0639317680647193
17.076970509000002,1.0639108241136954
17.078971659,1.0639108241136954
17.081124081000002,1.0637572351395201
17.083290794,1.0637572351395201
17.085098707,1.0636315714333764
17.087075849,1.063149860559826
17.089013646,1.063149860559826
17.091002816,1.0629055144645467
17.092957794,1.0623749343719406
17.094975276,1.0620537937895735
17.097099796000002,1.0616907653051586
17.099147025,1.0614603818438955
17.101191336,1.0614603818438955
17.103166307000002,1.061278867601688
17.105444232,1.061278867601688
17.106986623,1.0612649049676721
17.109012989,1.061299811552712
17.111180562,1.0613975499908237
17.113215807,1.0613975499908237
17.114989678,1.0614394378928715
17.117177387,1.0616488774031108
17.119021662,1.0617117092561825
17.121375316,1.06189322349839
17.123019081000002,1.06189322349839
17.125042263,1.0620956816916214
17.127039686,1.0621166256426453
17.128999630000003,1.0621166256426453
17.131000665000002,1.062214364080757
17.133092431,1.0622981398848526
17.135274149,1.062214364080757
17.13710942,1.0622004014467412
17.139074219,1.0621585135446932
17.141241336,1.0620887003746133
17.143128968000003,1.0620887003746133
17.145127717,1.0619979432535098
17.147081854,1.061914167449414
17.14898549,1.0617535971582306
17.151112100000002,1.061620952135079
17.153010219000002,1.0614813257949194
17.155116878,1.0614394378928715
17.156916331,1.0613277368207439
17.159042003,1.0611950917975923
17.16109348,1.0610764094084566
17.163243321,1.0609158391172733
17.16517666,1.0609158391172733
17.167165448000002,1.0609158391172733
17.169189346,1.0608390446301854
17.170996057,1.0608181006791615
17.173261301,1.0608809325322335
17.174992944,1.0608809325322335
17.176999548,1.0609367830682972
17.179013137000002,1.0611811291635764
17.181256663000003,1.061362643405784
17.18314493,1.061362643405784
17.185099411,1.0616628400371266
17.187128413,1.0618303916453182
17.189112652000002,1.0617675597922465
17.191201386,1.0617256718901986
17.193012918,1.0616698213541347
17.195026822000003,1.0615232136969672
17.19700371,1.0613975499908237
17.199019706,1.0612439610166482
17.201200235,1.0610554654574327
17.203202225000002,1.0610554654574327
17.205297482000002,1.0608948951662494
17.207096477,1.0605179040478185
17.20898639,1.0604550721947468
17.211082968,1.0605737545838823
17.213129535,1.0605318666818344
17.215022797,1.0605877172178984
17.217088036,1.06061564248593
17.219052969,1.0608111193621534
17.221088669,1.0610135775553848
17.223375110000003,1.0610135775553848
17.225238117,1.0611950917975923
17.227120555000003,1.0616488774031108
17.22938431,1.061872279547366
17.231262469,1.061872279547366
17.233195563000002,1.062228326714773
17.235355574,1.0627030562713153
17.237239669,1.063128916608802
17.239232992,1.0635338329952646
17.241294003,1.0639178054307035
17.243288873,1.0639178054307035
17.245289545000002,1.0641761141599986
17.247251825,1.0642180020620464
17.249221151,1.0641412075749588
17.251136877,1.0640923383559031
17.253124313,1.064043469136847
17.255171771,1.0640574317708629
17.25721173,1.0640574317708629
17.259226286,1.0639596933327513
17.261352241,1.0639596933327513
17.263301171000002,1.0638898801626715
17.265182568,1.0638898801626715
17.267337202,1.063715347237472
17.269125887,1.063512889044241
17.271165772,1.063491945093217
17.273167659000002,1.063512889044241
17.275145076,1.063491945093217
17.277066305,1.0635687395803046
17.279259667,1.0635757208973124
17.28116129,1.0635757208973124
17.283085385,1.0635757208973124
17.285011782,1.0635338329952646
17.287013321,1.0635477956292807
17.288972029,1.0635547769462885
17.290971201,1.0636176087993605
17.292971174,1.0636106274823525
17.294962748,1.0635896835313285
17.296921241,1.063484963776209
17.298965506000002,1.0633942066551052
17.301060488,1.0633453374360493
17.303127893000003,1.0633453374360493
17.304983532,1.0633243934850254
17.307097232,1.0633942066551052
17.308973260000002,1.063484963776209
17.310968555000002,1.0633872253380972
17.313150256,1.0633313748020334
17.315075869,1.0632825055829775
17.316928373,1.0631917484618738
17.319346590000002,1.0631638231938418
17.321284406,1.0631638231938418
17.323240991000002,1.0631638231938418
17.32514005,1.0632057110958897
17.327173765,1.0632057110958897
17.329215987,1.0632266550469138
17.330969433,1.0633662813870732
17.333113885,1.063436094557153
17.334934979,1.0634500571911691
17.337002202,1.0635338329952646
17.339013292,1.0635757208973124
17.341197749000003,1.0636525153844003
17.343103101,1.0636525153844003
17.345109383,1.0637991230415678
17.347059923,1.0638759175286556
17.349246396,1.0638968614796795
17.351056176,1.0638759175286556
17.353016272,1.0637921417245597
17.355065305,1.0637572351395201
17.357112933,1.0637293098714882
17.359054736,1.0637572351395201
17.361230126000002,1.0637572351395201
17.363083779,1.0637572351395201
17.365020609000002,1.0637362911884962
17.367207478,1.0636176087993605
17.369045933000002,1.063512889044241
17.37123295,1.0635547769462885
17.373063998000003,1.0635547769462885
17.375088743000003,1.0636176087993605
17.377049091,1.0635896835313285
17.380426632000002,1.063715347237472
17.381388907,1.063715347237472
17.383215521,1.063750253822512
17.385056787,1.063750253822512
17.387106586,1.0637991230415678
17.389298460000003,1.063771197773536
17.391141086,1.0638130856755836
17.393031792000002,1.0639387493817274
17.394951383000002,1.0640574317708629
17.397107929,1.064113282306927
17.399121735,1.064113282306927
17.401326028,1.0641412075749588
17.403284227,1.0641412075749588
17.40511413,1.0641412075749588
17.407194205,1.0638968614796795
17.409289302,1.063750253822512
17.411105188,1.0636106274823525
17.413431266,1.0634500571911691
17.415062227,1.0634500571911691
17.417093158,1.0632825055829775
17.419217475,1.0632266550469138
17.421225487,1.0633104308510095
17.423328101000003,1.0633104308510095
17.425173286,1.0632475989979377
17.427113013,1.0633034495340015
17.429048365,1.0633453374360493
17.431157153,1.0633872253380972
17.432977078,1.0634500571911691
17.435034821000002,1.0635896835313285
17.437061497000002,1.0635966648483366
17.439115382,1.0636315714333764
17.441235793,1.0636944032864482
17.443110530000002,1.0636944032864482
17.44511577,1.0636734593354242
17.447079257000002,1.0637362911884962
17.449071729,1.0637083659204642
17.450937461000002,1.0636944032864482
17.453169602000003,1.0636385527503844
17.455395569,1.0636106274823525
17.457189619,1.0635477956292807
17.459059464000003,1.0635477956292807
17.461161020000002,1.0635687395803046
17.463025883,1.0635687395803046
17.465030725000002,1.0635477956292807
17.467021674,1.0635477956292807
17.468972734,1.063464019825185
17.47099679,1.063464019825185
17.472937159,1.063408169289121
17.474925801,1.063429113240145
17.476921108000003,1.0634500571911691
17.478990882,1.063471001142193
17.481119969,1.063471001142193
17.483128648,1.0635338329952646
17.484996774000003,1.0635338329952646
17.486966297000002,1.0636106274823525
17.488990283,1.0637921417245597
17.490981564000002,1.0637921417245597
17.492972705,1.0638200669925917
17.494970524000003,1.0638759175286556
17.496970186000002,1.0639387493817274
17.498942759000002,1.0639108241136954
17.501472514,1.0638759175286556
17.503155922,1.0638759175286556
17.505012025000003,1.0638200669925917
17.506996905,1.0635477956292807
17.509132325,1.063408169289121
17.511359571,1.0633104308510095
17.513098034000002,1.0633104308510095
17.514995631,1.0631708045108499
17.516994732,1.062765888124387
17.518974191,1.0624796541270602
17.521264275,1.0622004014467412
17.523088041,1.0622004014467412
17.525074378,1.061914167449414
17.527020736,1.0616628400371266
17.528970612000002,1.0615720829160231
17.531009880000003,1.0615092510629514
17.533084963,1.0614045313078315
17.535005604000002,1.0614813257949194
17.537012432,1.0615232136969672
17.538992704,1.061620952135079
17.541240352000003,1.0617117092561825
17.543052274,1.0617117092561825
17.544999265,1.0617535971582306
17.546948329000003,1.0619281300834298
17.548947845,1.0620956816916214
17.55102816,1.0622771959338286
17.553260316,1.0624028596399724
17.554966925000002,1.0624028596399724
17.556972211,1.0625843738821799
17.558958033,1.062821738660451
17.561177082,1.0629055144645467
17.563144870000002,1.0629055144645467
17.565108243,1.0629823089516344
17.567098032,1.0629823089516344
17.569107138,1.0630102342196663
17.571316435,1.0630451408047064
17.573066372,1.0630800473897462
17.575041667,1.0630451408047064
17.576951812,1.063142879242818
17.578940901000003,1.06310099134077
17.58121718,1.0631638231938418
17.583003011000002,1.0631638231938418
17.585168305,1.0631847671448658
17.587156649,1.0630451408047064
17.589035942000002,1.0630241968536824
17.590968648,1.0629404210495865
17.592929700000003,1.0629404210495865
17.595011047,1.0629194770985626
17.596992396,1.062877589196515
17.598968001,1.0629055144645467
17.601156561,1.0629055144645467
17.603110764,1.062856645245491
17.605064331,1.0625355046631237
17.606975346000002,1.0623958783229643
17.608970912,1.0622702146168208
17.610988575,1.0621934201297332
17.612973745,1.0620887003746133
17.615389909,1.061872279547366
17.617109642000003,1.061872279547366
17.618978544,1.0617117092561825
17.621237122,1.0615092510629514
17.623210461,1.0615092510629514
17.62513405,1.0614673631609033
17.627122582000002,1.0613835873568078
17.62931795,1.061320755503736
17.631066904,1.061320755503736
17.633015315,1.0614045313078315
17.635065058000002,1.0615022697459433
17.637006766000003,1.0614673631609033
17.639031084000003,1.0615301950139753
17.64134765,1.0615301950139753
17.643174495,1.061593026867047
17.645315568,1.0617256718901986
17.647090252,1.0617256718901986
17.649156855,1.06189322349839
17.650998533000003,1.0620887003746133
17.652948916,1.062228326714773
17.655095385000003,1.0622911585678447
17.656993205000003,1.0622702146168208
17.659079974,1.0623190838358767
17.6611148,1.0623190838358767
17.663060968,1.0623190838358767
17.664992347000002,1.0622981398848526
17.667006244,1.062179457495717
17.66899279,1.062214364080757
17.670969887000002,1.0622004014467412
17.672973296000002,1.062214364080757
17.675068124000003,1.062228326714773
17.677001960000002,1.062179457495717
17.678977528,1.062214364080757
17.681178642000003,1.062256251982805
17.683042772,1.062256251982805
17.685038759,1.062235308031781
17.687052821,1.0622981398848526
17.689016425000002,1.0623609717379245
17.691012393,1.0623749343719406
17.693098193,1.0622981398848526
17.69607819,1.0623190838358767
17.697176525,1.0623190838358767
17.699031359000003,1.0622702146168208
17.701472048,1.0622911585678447
17.703333686,1.0622911585678447
17.705017991000002,1.0622981398848526
17.707077058,1.0625005980780842
17.708982967,1.0626960749543075
17.710987967,1.062786832075411
17.712980272,1.062765888124387
17.714939898,1.0627170189053314
17.716960154000002,1.062598336516196
17.71898595,1.0626332431012357
17.721234036000002,1.0625005980780842
17.723119594,1.0625005980780842
17.725224265,1.0623958783229643
17.727079863,1.0621585135446932
17.728962226,1.0620258685215416
17.730942374,1.0618862421813822
17.732979898,1.0616698213541347
17.735010277,1.061586045550039
17.737024397000003,1.061586045550039
17.738959238,1.0615022697459433
17.741174929,1.0614603818438955
17.74345604,1.0614603818438955
17.745016501000002,1.061369624722792
17.746972503000002,1.0615441576479911
17.748986638,1.061620952135079
17.751001663,1.061620952135079
17.752938134,1.0618652982303582
17.754949586000002,1.0620258685215416
17.75695143,1.0621375695936692
17.758924217,1.0622771959338286
17.761148185,1.0624168222739883
17.763078809,1.0624168222739883
17.765023432,1.0626192804672199
17.766958189,1.062786832075411
17.769043569,1.0627589068073793
17.770961502000002,1.0627589068073793
17.772919296,1.0627170189053314
17.774992369,1.062598336516196
17.776982716000003,1.0626751310032834
17.778980242,1.0626960749543075
17.781135189,1.0626960749543075
17.783124117,1.0626960749543075
17.784997051,1.0626960749543075
17.787054119,1.0626402244182436
17.789015893000002,1.0626402244182436
17.791004009,1.0627589068073793
17.793081398,1.0628636265624989
17.795108774000003,1.0629613650006104
17.797040524,1.0630591034387222
17.798959967000002,1.0631079726577781
17.801160898000003,1.0630870287067542
17.803062814,1.0630870287067542
17.805001442000002,1.063128916608802
17.807062696000003,1.0632057110958897
17.809044973000002,1.0632615616319536
17.811019813,1.0633942066551052
17.813001436,1.0633942066551052
17.814961192000002,1.063512889044241
17.816958395,1.0639178054307035
17.818972601000002,1.0639736559667674
17.821230398,1.0639178054307035
17.823008010000002,1.0639178054307035
17.82500758,1.0638968614796795
17.826971054,1.0637991230415678
17.828944049,1.0636734593354242
17.830950415,1.0635966648483366
17.832990183,1.063464019825185
17.834989823,1.0632475989979377
17.836985381,1.0630660847557303
17.838964843,1.062877589196515
17.841309161,1.062598336516196
17.843029848,1.062598336516196
17.845025113000002,1.0622981398848526
17.846987043000002,1.0618303916453182
17.848998327,1.0617466158412225
17.850980905,1.0616488774031108
17.852975812,1.0615720829160231
17.854957591,1.0615720829160231
17.856975365,1.0616069895010631
17.858958561,1.0615511389649992
17.86119168,1.0615720829160231
17.863202521,1.0615720829160231
17.865074355,1.0616488774031108
17.867096398,1.0617745411092545
17.869098251,1.0618234103283102
17.87096902,1.061872279547366
17.872992366000002,1.0620328498385496
17.875115433,1.0621375695936692
17.877046367000002,1.0621934201297332
17.879055002,1.062214364080757
17.881044019,1.0623749343719406
17.883101741,1.0623749343719406
17.885127341,1.0624936167610761
17.887227942000003,1.0624726728100522
17.88929851,1.0624726728100522
17.891052655000003,1.0623958783229643
17.893064696,1.0621934201297332
17.895166391,1.0621585135446932
17.897067932000002,1.062179457495717
17.899103146,1.061976999302486
17.901216223000002,1.0618652982303582
17.90317663,1.0618652982303582
17.905090558,1.0617885037432704
17.907098448000003,1.0616628400371266
17.909046255,1.0616628400371266
17.910978513,1.0616698213541347
17.912977531000003,1.0616628400371266
17.914973002,1.0616698213541347
17.916981402,1.0616907653051586
17.919165971,1.0617885037432704
17.921072492,1.0618862421813822
17.923099446000002,1.0618862421813822
17.925025949000002,1.0620258685215416
17.927039308,1.0621096443256373
17.929195925000002,1.0621096443256373
17.931016111,1.0621096443256373
17.933005215,1.0620537937895735
17.935131463,1.0619351114004378
17.937045208,1.0619071861324059
17.939051586,1.0618303916453182
17.941196718,1.0618303916453182
17.943153607000003,1.0616628400371266
17.945116641000002,1.0616628400371266
17.947178196,1.0612858489186958
17.948964907,1.0612020731146004
17.950965985,1.0612020731146004
17.953073714000002,1.0611601852125523
17.955038128,1.0611182973105047
17.956947979000002,1.0611671665295603
17.959155866,1.0612020731146004
17.961269369,1.0611811291635764
17.963278851000002,1.0611811291635764
17.965025202,1.0611811291635764
17.966968089,1.0614464192098794
17.968976243,1.0616837839881506
17.970985646000003,1.061976999302486
17.972969991,1.0623539904209165
17.974976186000003,1.0626402244182436
17.97712271,1.062821738660451
17.979089008000003,1.063149860559826
17.981067254000003,1.063415150606129
17.983082987,1.063415150606129
17.985107399,1.0637083659204642
17.987082505,1.0638759175286556
17.989081005000003,1.0638759175286556
17.991137581,1.0638898801626715
17.993070668,1.0638968614796795
17.995146696000003,1.0639317680647193
17.997020138,1.0639387493817274
17.998986957,1.0639387493817274
18.001083397000002,1.0639527120157433
18.003107349,1.0639527120157433
18.005018693,1.0639527120157433
18.007018364,1.0639387493817274
18.009038102,1.0639317680647193
18.011051559000002,1.0638200669925917
18.013053769000003,1.063771197773536
18.014944356,1.0638410109436156
18.016939271000002,1.0638759175286556
18.018958910000002,1.0639596933327513
18.021140413,1.0639736559667674
18.023048431,1.0639736559667674
18.025013795,1.0640923383559031
18.027022582,1.0641761141599986
18.028968916,1.0642180020620464
18.0309464,1.0641412075749588
18.032977824,1.0641621515259827
18.034938455000002,1.0642668712811023
18.03698422,1.0642598899640943
18.038987117,1.0642389460130703
18.041175607,1.0642459273300784
18.043101199000002,1.0642459273300784
18.045007262000002,1.0641970581110225
18.046968543000002,1.0641761141599986
18.048992569000003,1.0641621515259827
18.051056537,1.0641202636239349
18.053050374,1.0641551702089747
18.054981259,1.0641412075749588
18.056948099,1.0642249833790545
18.058954248000003,1.0643017778661423
18.061171186000003,1.0643436657681902
18.063127651000002,1.0643436657681902
18.065036486,1.064357628402206
18.067042368000003,1.0642808339151182
18.069147161,1.0643017778661423
18.070979490000003,1.0643017778661423
18.072942377,1.0643366844511821
18.075007838,1.0642668712811023
18.076977701,1.064357628402206
18.078998374,1.0643436657681902
18.081045367,1.0643157405001582
18.083071568,1.0643157405001582
18.084995371,1.0642249833790545
18.087000500000002,1.0641970581110225
18.089078059000002,1.0640155438688153
18.090995714,1.0640155438688153
18.092983451000002,1.0639178054307035
18.094986470000002,1.064036487819839
18.096961623000002,1.0640155438688153
18.098958786,1.064043469136847
18.101116719,1.064078375721887
18.103079774,1.064078375721887
18.105006073000002,1.064078375721887
18.106989883,1.064022525185823
18.108993068,1.0639108241136954
18.11097908,1.0638200669925917
18.112959614,1.0636874219694403
18.115054782,1.0635477956292807
18.116993044,1.0633942066551052
18.119099157,1.0632336363639219
18.121111437,1.063128916608802
18.12304208,1.063128916608802
18.125276105,1.0630241968536824
18.127182211,1.0630591034387222
18.129314215,1.0631638231938418
18.131122142000002,1.0631638231938418
18.133120758,1.063464019825185
18.135094510000002,1.0641551702089747
18.137031023000002,1.0643157405001582
18.139031256000003,1.064385553670238
18.141186961000002,1.0643366844511821
18.143311605,1.0643366844511821
18.14501293,1.0644693294743337
18.147264658,1.0645251800103974
18.149197611,1.0645251800103974
18.151051722000002,1.064385553670238
18.153040884000003,1.0642808339151182
18.155201581,1.064071394404879
18.157232677,1.0639317680647193
18.159151167,1.0638200669925917
18.161255312,1.0638200669925917
18.163259962,1.0636734593354242
18.165270160000002,1.0636734593354242
18.167134556,1.0633872253380972
18.168987347,1.0632685429489614
18.171132907,1.0632475989979377
18.173185702,1.0633104308510095
18.175060165,1.063471001142193
18.177284824,1.0635477956292807
18.17910805,1.0635477956292807
18.181215324,1.0636315714333764
18.183192769,1.0636315714333764
18.185118301000003,1.0639317680647193
18.187088503000002,1.0642598899640943
18.189078835,1.0644274415722856
18.191158685,1.0644274415722856
18.193033142,1.0644064976212617
18.195029192,1.0645181986933896
18.196985693000002,1.0646089558144933
18.199046543,1.0646648063505568
18.201217489,1.0647625447886688
18.203203197,1.0647625447886688
18.205095203000003,1.0647834887396925
18.207090243,1.0646857503015807
18.20911397,1.0646089558144933
18.211180677,1.0646857503015807
18.213168834,1.0646229184485092
18.215175446,1.0644623481573257
18.217177821,1.0642947965491343
18.219262562,1.0642389460130703
18.221079632000002,1.0642389460130703
18.223329843000002,1.064043469136847
18.225181238,1.064043469136847
18.227127438,1.0636734593354242
18.229085725,1.0633662813870732
18.231238416,1.0632126924128977
18.233095565000003,1.0631847671448658
18.235175595,1.0632057110958897
18.237011281,1.0632825055829775
18.239101407,1.0633523187530574
18.241424717,1.0636874219694403
18.243107158,1.0636874219694403
18.245035705,1.0638549735776317
18.247071806,1.0640923383559031
18.249143953,1.0641412075749588
18.251263705,1.0641621515259827
18.253198002,1.0642249833790545
18.255203823000002,1.0642040394280305
18.25717959,1.0641621515259827
18.259115791000003,1.0641621515259827
18.261179533,1.0641621515259827
18.263138767,1.0641551702089747
18.265112673,1.0641551702089747
18.267087834,1.0639178054307035
18.269085084,1.063771197773536
18.271076575000002,1.0635966648483366
18.273071076,1.0635757208973124
18.275112962,1.0635757208973124
18.27713203,1.0635547769462885
18.279073997,1.0635966648483366
18.281201113,1.0636385527503844
18.283475406,1.0636385527503844
18.285194405000002,1.0637293098714882
18.287200091000003,1.0638689362116478
18.289149643000002,1.0639387493817274
18.291136690000002,1.0639387493817274
18.292984636,1.0639178054307035
18.295161698,1.064113282306927
18.29699042,1.0642180020620464
18.299015294,1.0642668712811023
18.301148533000003,1.0642668712811023
18.303142456,1.0642808339151182
18.305193824,1.0642180020620464
18.307231914000003,1.0641621515259827
18.309013862,1.0642249833790545
18.311235593000003,1.0641830954770066
18.313110404,1.0642040394280305
18.315048171,1.0642598899640943
18.317056261,1.0643227218171663
18.319106253,1.0643366844511821
18.321385506000002,1.064357628402206
18.323111131,1.064357628402206
18.325186395000003,1.0644204602552778
18.327226198,1.0644064976212617
18.329096188,1.0643227218171663
18.331107640000003,1.0643227218171663
18.332991961,1.064385553670238
18.335166183000002,1.064364609719214
18.337269203,1.064364609719214
18.339056059,1.064357628402206
18.341172634,1.064357628402206
18.343153706000003,1.0644274415722856
18.345052304000003,1.0642947965491343
18.34697671,1.0643227218171663
18.349106701,1.06437857235323
18.351126447000002,1.0644064976212617
18.35346109,1.064364609719214
18.355104674,1.064364609719214
18.357069145,1.0642668712811023
18.359088002,1.0640574317708629
18.361199821,1.0639736559667674
18.363266025,1.0639736559667674
18.365088369000002,1.0639178054307035
18.36712139,1.0638340296266076
18.369073453000002,1.0639178054307035
18.371016526000002,1.0639178054307035
18.373113352,1.0638689362116478
18.374974145,1.0636664780184164
18.376997369,1.0636874219694403
18.379667432,1.0636874219694403
18.381156712000003,1.0636874219694403
18.383255666,1.0636315714333764
18.385067983000003,1.0636315714333764
18.387056308000002,1.0636385527503844
18.389010322,1.0636874219694403
18.391026844000002,1.0636874219694403
18.393016891000002,1.0637083659204642
18.395073598,1.063715347237472
18.397246640000002,1.0636734593354242
18.399097281,1.0636734593354242
18.401235493,1.0636734593354242
18.403168464,1.0636734593354242
18.405133485,1.0637362911884962
18.407010645,1.0638759175286556
18.409001966,1.0639178054307035
18.411102701,1.0639178054307035
18.413115433,1.0639317680647193
18.415188521,1.0639945999177913
18.417118394000003,1.0640015812347992
18.419100103,1.0640155438688153
18.421200187,1.0641551702089747
18.423189251,1.0641551702089747
18.425146207,1.0642668712811023
18.427202632,1.0642947965491343
18.429067778,1.0642668712811023
18.431051355,1.0642668712811023
18.433146132,1.0642947965491343
18.435031923,1.0642668712811023
18.436967888,1.0642598899640943
18.439001010000002,1.064099319672911
18.441484732000003,1.064043469136847
18.443145407,1.064043469136847
18.445350462,1.0638410109436156
18.44723957,1.0638410109436156
18.449200394000002,1.0636315714333764
18.451200023000002,1.0635338329952646
18.453352587,1.063484963776209
18.455040092,1.063484963776209
18.457020853,1.0635896835313285
18.459122926000003,1.0636525153844003
18.461206441,1.0636525153844003
18.463365259,1.0636874219694403
18.465123533,1.0636874219694403
18.467089917000003,1.0639387493817274
18.469089977,1.064043469136847
18.470992924,1.0640015812347992
18.473061431,1.064043469136847
18.47519464,1.064043469136847
18.477072803000002,1.064113282306927
18.479165571000003,1.0642249833790545
18.481239658,1.0641621515259827
18.483155261,1.0641621515259827
18.485115286000003,1.0641412075749588
18.487140717000003,1.0641412075749588
18.488986672000003,1.0641830954770066
18.491003236,1.0642249833790545
18.492999184000002,1.0642389460130703
18.49499416,1.0642598899640943
18.497104477,1.0641761141599986
18.499045074,1.0642040394280305
18.5009862,1.0641412075749588
18.503103374000002,1.0641412075749588
18.505029633,1.0641761141599986
18.507036649,1.0641761141599986
18.508987366,1.0641830954770066
18.510983758000002,1.0642249833790545
18.512977222,1.0642249833790545
18.515034,1.0641551702089747
18.516991162,1.064099319672911
18.518969843,1.0641551702089747
18.521159543,1.0641970581110225
18.523399782000002,1.0641970581110225
18.525036574,1.0642180020620464
18.526982085,1.0641830954770066
18.529017914,1.0642040394280305
18.530999528000002,1.0642598899640943
18.532948952,1.0642808339151182
18.535019112,1.0642389460130703
18.536995517,1.0643017778661423
18.538950574,1.0642947965491343
18.5413143,1.0642389460130703
18.54320559,1.0642389460130703
18.545158142000002,1.0643366844511821
18.547026689000003,1.064364609719214
18.549090734,1.0644064976212617
18.551021122,1.0644832921083496
18.55304607,1.0644414042063017
18.555001545,1.0645042360593737
18.557103804,1.0644483855233098
18.559099981000003,1.0644483855233098
18.561184967000003,1.0644623481573257
18.563444857,1.0644693294743337
18.565182957,1.0644693294743337
18.567151134,1.064357628402206
18.569098989,1.0643436657681902
18.571195809000002,1.0642389460130703
18.573164315,1.0642598899640943
18.575394846000002,1.0642947965491343
18.577211324,1.0643017778661423
18.578984477000002,1.0642598899640943
18.581282617,1.0642249833790545
18.583080031,1.0642249833790545
18.58524693,1.0642459273300784
18.587193168000002,1.0642249833790545
18.589092490000002,1.0642389460130703
18.591051540000002,1.0642598899640943
18.593151544,1.0642040394280305
18.59532007,1.0642180020620464
18.597077352,1.0641970581110225
18.599144917,1.0641830954770066
18.601201116000002,1.0642180020620464
18.603130246000003,1.0642180020620464
18.605230905000003,1.064099319672911
18.607087532,1.0640015812347992
18.609056827,1.0639596933327513
18.61094469,1.0639178054307035
18.613008944,1.0638689362116478
18.614968236000003,1.0638410109436156
18.616979367000003,1.063771197773536
18.618956698,1.0637572351395201
18.621045801,1.0638130856755836
18.623117229,1.0638130856755836
18.625090864,1.0638410109436156
18.627183952000003,1.0641202636239349
18.629099443,1.0643436657681902
18.630966088,1.0645461239614213
18.633077382,1.064748582154653
18.635095463000003,1.0648323579587484
18.636987604,1.064909152445836
18.639026457,1.0649510403478841
18.641240124,1.0649021711288282
18.643138330000003,1.0649021711288282
18.645097904,1.0647904700567006
18.647055393000002,1.0646298997655173
18.649024215,1.0645600865954374
18.651051708,1.0644483855233098
18.653129743,1.0643436657681902
18.655137219,1.0644064976212617
18.657099194,1.064399516304254
18.658983252000002,1.0642808339151182
18.661046806,1.0641412075749588
18.663244188,1.0641412075749588
18.665075472,1.0639945999177913
18.667102807000003,1.0638549735776317
18.669224586000002,1.0637362911884962
18.670998266,1.0636525153844003
18.673027141000002,1.0636315714333764
18.6750529,1.063512889044241
18.676988113,1.063429113240145
18.679148722,1.0633872253380972
18.681206871,1.063408169289121
18.683155528,1.063408169289121
18.685183921,1.0634500571911691
18.687054393,1.0634500571911691
18.688992743,1.0633243934850254
18.691128563,1.063408169289121
18.693125010000003,1.0635757208973124
18.695180697,1.0636734593354242
18.697028944,1.0636734593354242
18.699105073000002,1.0637572351395201
18.701149342,1.0636874219694403
18.703243098,1.0636874219694403
18.705102037,1.0636944032864482
18.707196417000002,1.0636734593354242
18.709239478,1.0635966648483366
18.711011640000002,1.0635966648483366
18.713089355,1.0636106274823525
18.715161987000002,1.0635896835313285
18.716989163,1.0635338329952646
18.718926744,1.0635757208973124
18.721224604,1.0635966648483366
18.723091944,1.0635966648483366
18.725290752000003,1.0636874219694403
18.727040051,1.0636874219694403
18.728982755,1.0637083659204642
18.731014912000003,1.0639527120157433
18.732985735,1.0639806372837752
18.735029077,1.064071394404879
18.736945108,1.0640155438688153
18.739267307000002,1.064078375721887
18.740992719,1.0641342262579507
18.743181795,1.0641551702089747
18.745133394,1.0641551702089747
18.747198592,1.064113282306927
18.749092488000002,1.064043469136847
18.751018771000002,1.064022525185823
18.752986413000002,1.0639178054307035
18.755003612,1.0637991230415678
18.757120516,1.0636944032864482
18.758957917,1.0636176087993605
18.761293937,1.063512889044241
18.763119001,1.063512889044241
18.765232589,1.0635687395803046
18.767133027,1.0635687395803046
18.769113108000003,1.0637362911884962
18.771087556,1.0637572351395201
18.773174635,1.0638898801626715
18.77509003,1.0640015812347992
18.776968528,1.064036487819839
18.779019472,1.0641830954770066
18.781509864,1.0642459273300784
18.783262579000002,1.0642459273300784
18.7853694,1.0642459273300784
18.787136124,1.0643366844511821
18.789305979,1.0643366844511821
18.791092923,1.0642808339151182
18.793129143,1.0642040394280305
18.795313344,1.0641412075749588
18.797183554,1.064071394404879
18.799186282,1.064036487819839
18.801359835,1.0639736559667674
18.803157279,1.0639736559667674
18.805205803,1.0638549735776317
18.807100396000003,1.0638549735776317
18.809080323,1.0636106274823525
18.811013142,1.0635059077272329
18.813073433,1.063491945093217
18.815259337,1.063408169289121
18.817155078000003,1.0633453374360493
18.819183375,1.0632685429489614
18.821346583,1.0632126924128977
18.823217998,1.0632126924128977
18.825134587,1.0631917484618738
18.827173323,1.0631079726577781
18.829082012,1.0631917484618738
18.831059442,1.0632057110958897
18.832992711000003,1.0632057110958897
18.835112697,1.0633243934850254
18.83708169,1.0633732627040813
18.839012124,1.063491945093217
18.841058732,1.0635059077272329
18.843055564,1.0635059077272329
18.845185886,1.0635547769462885
18.847020637,1.0635547769462885
18.849030695,1.0635477956292807
18.850955292000002,1.0635338329952646
18.853019209000003,1.063491945093217
18.85500765,1.063512889044241
18.857110333,1.0634500571911691
18.859071744,1.0633034495340015
18.861290287000003,1.0632126924128977
18.863375215,1.0632126924128977
18.865222648,1.0631219352917942
18.867173102000002,1.0629683463176185
18.869198342,1.0629823089516344
18.871244894,1.06310099134077
18.873250917,1.0633034495340015
18.875201189000002,1.063464019825185
18.877161841,1.0635059077272329
18.879111062,1.0635687395803046
18.881268648000002,1.0635547769462885
18.88320184,1.0635547769462885
18.885096895,1.0636734593354242
18.887109371,1.0637362911884962
18.889365819000002,1.063715347237472
18.890999049,1.063715347237472
18.893167260000002,1.0636385527503844
18.895197925,1.0635059077272329
18.897038368,1.0635268516782566
18.899042908000002,1.0635059077272329
18.901061124,1.0635477956292807
18.903131029,1.0635477956292807
18.905045043,1.063464019825185
18.907014432,1.0635966648483366
18.909013546,1.0636525153844003
18.911007838,1.0636315714333764
18.912985886,1.0636874219694403
18.914979208000002,1.0636874219694403
18.916932858000003,1.0636944032864482
18.918990817,1.0636385527503844
18.921295851,1.0636874219694403
18.923193978,1.0636874219694403
18.925112809,1.0638200669925917
18.927075122,1.0638759175286556
18.928967492,1.0638689362116478
18.93099608,1.0639806372837752
18.932941427000003,1.064036487819839
18.934950409000002,1.0639945999177913
18.936975756000002,1.064078375721887
18.938964031,1.0640923383559031
18.941145950000003,1.0640923383559031
18.943133128,1.064043469136847
18.945057742,1.064043469136847
18.947006052000003,1.064071394404879
18.948963691,1.064071394404879
18.950955649,1.0640923383559031
18.952996009,1.064036487819839
18.955250874,1.0640015812347992
18.957008108,1.0640155438688153
18.959076011,1.0639387493817274
18.9611077,1.0637781790905438
18.963128449000003,1.0637781790905438
18.965101609,1.0636385527503844
18.967233308,1.063415150606129
18.969135217,1.0633453374360493
18.971307198,1.0632825055829775
18.973137449000003,1.0632825055829775
18.975075241000003,1.0631847671448658
18.977447719,1.0629683463176185
18.979218024,1.0629264584155707
18.981541913,1.0629264584155707
18.983373372000003,1.0629264584155707
18.985220986,1.0629823089516344
18.987251568,1.0629823089516344
18.9891486,1.0630032529026585
18.991241876,1.0630451408047064
18.993072858,1.06310099134077
18.995124576000002,1.0633104308510095
18.997249599,1.063415150606129
18.999067069000002,1.063484963776209
19.001057888000002,1.063512889044241
19.003173825,1.063512889044241
19.005152346000003,1.0636315714333764
19.007233197,1.0635477956292807
19.008992130000003,1.0635477956292807
19.011152445,1.063512889044241
19.012988059,1.063464019825185
19.015019938000002,1.063436094557153
19.017075564000002,1.063408169289121
19.01898265,1.063464019825185
19.021194365,1.063429113240145
19.023180446,1.063429113240145
19.025135993000003,1.0633872253380972
19.027109566,1.0633104308510095
19.02918237,1.0632894868999854
19.031084980000003,1.0633104308510095
19.032973515000002,1.0633104308510095
19.035128581000002,1.0632336363639219
19.037107859000002,1.0632615616319536
19.039300098000002,1.0632894868999854
19.041308378,1.0632894868999854
19.04321497,1.0633453374360493
19.045030528,1.0633453374360493
19.047000728,1.0635477956292807
19.048995829000003,1.0637083659204642
19.050949662,1.063750253822512
19.052986379,1.063750253822512
19.055059441,1.0637921417245597
19.056947006,1.0638759175286556
19.059066349000002,1.0638410109436156
19.061032936,1.0639108241136954
19.063089472,1.0639108241136954
19.065032478000003,1.0639806372837752
19.067000024000002,1.0639806372837752
19.068942082,1.064036487819839
19.070968727,1.0639596933327513
19.073045303,1.0639178054307035
19.075061403,1.0638340296266076
19.077050777,1.0638200669925917
19.079004417,1.063715347237472
19.081561068000003,1.0636176087993605
19.083151387,1.0636176087993605
19.085028073,1.063429113240145
19.087056863,1.063484963776209
19.089043111000002,1.063484963776209
19.091073001,1.063415150606129
19.093060798,1.063484963776209
19.094987187,1.0634500571911691
19.097159876000003,1.0633872253380972
19.098987902,1.0633523187530574
19.101123949,1.0633662813870732
19.103093585,1.0633662813870732
19.105012196,1.063436094557153
19.107002788000003,1.063436094557153
19.108975968000003,1.063429113240145
19.111018950000002,1.063484963776209
19.112956045,1.063471001142193
19.115092916000002,1.0634500571911691
19.117077384,1.0633942066551052
19.118986412,1.063415150606129
19.121038123,1.063436094557153
19.123163012000003,1.063408169289121
19.12517867,1.063436094557153
19.127036036,1.063415150606129
19.129114317000003,1.063429113240145
19.13107931,1.063429113240145
19.13297025,1.0633662813870732
19.135025455,1.0635268516782566
19.137121854,1.0635268516782566
19.138992929,1.0635338329952646
19.141291005000003,1.0636315714333764
19.14318168,1.0636315714333764
19.14510611,1.0637083659204642
19.147182349,1.0637921417245597
19.149090571000002,1.0638130856755836
19.151096185,1.0638898801626715
19.153008856,1.0640015812347992
19.15502266,1.0639806372837752
19.157048908,1.0639806372837752
19.159057280000003,1.0640015812347992
19.161115114,1.064043469136847
19.163105983,1.064043469136847
19.165170784,1.064022525185823
19.167197701000003,1.064022525185823
19.169113443,1.0639108241136954
19.171130665,1.0639108241136954
19.173170291,1.0639108241136954
19.175102273,1.0638130856755836
19.177071702000003,1.0637921417245597
19.178999432,1.0638410109436156
19.181289769000003,1.0638130856755836
19.183134158,1.0638130856755836
19.185200441000003,1.0638410109436156
19.187212115,1.0638410109436156
19.189166553,1.0637781790905438
19.191002914000002,1.0636944032864482
19.192941292,1.0636664780184164
19.195040046000003,1.0636944032864482
19.196961854,1.063715347237472
19.19913495,1.0636734593354242
19.201240144,1.0636664780184164
19.20330467,1.0636664780184164
19.205194955,1.063715347237472
19.207254952,1.0636874219694403
19.209131516000003,1.0636874219694403
19.211242795,1.0637293098714882
19.213127867,1.0637362911884962
19.215218092,1.0638340296266076
19.217157376000003,1.0637781790905438
19.219073825000002,1.0638549735776317
19.221205889,1.0638689362116478
19.223084623000002,1.0638689362116478
19.225203406000002,1.0639178054307035
19.227189847000002,1.0639178054307035
19.22902299,1.0638689362116478
19.231057244000002,1.0638340296266076
19.233104419,1.0637781790905438
19.235038558000003,1.063750253822512
19.237091460000002,1.0636944032864482
19.238983322000003,1.0635687395803046
19.241347428,1.063415150606129
19.243103168,1.063415150606129
19.245232117,1.0633313748020334
19.247090671000002,1.0633313748020334
19.249093304000002,1.0633104308510095
19.25103049,1.0633732627040813
19.253030632,1.063415150606129
19.255233607,1.063429113240145
19.257047978000003,1.063464019825185
19.258999889000002,1.063512889044241
19.261157011,1.0635477956292807
19.263229584,1.0635477956292807
19.265105102,1.0635477956292807
19.267252208000002,1.0635896835313285
19.26909596,1.0635687395803046
19.270998657,1.0636944032864482
19.272982154,1.0638689362116478
19.275062695000003,1.0638340296266076
19.277131867,1.0638340296266076
19.27915634,1.0639596933327513
19.281299474,1.064036487819839
19.283304773,1.064043469136847
19.285152373000003,1.064043469136847
19.287373541,1.0642040394280305
19.289207744000002,1.0643157405001582
19.29116579,1.0643017778661423
19.293120941,1.0644204602552778
19.29513525,1.0645461239614213
19.297375103,1.0646229184485092
19.299296159,1.064741600837645
19.301113391,1.0648463205927645
19.303126401,1.0648463205927645
19.30500997,1.0648463205927645
19.306991604,1.0649231150798522
19.309001649000002,1.064971984298908
19.310950262000002,1.0649300963968602
19.312980094,1.0649510403478841
19.314996326000003,1.064971984298908
19.317006725000002,1.0649440590308763
19.318993856000002,1.0649231150798522
19.321057284000002,1.0648742458607965
19.32315153,1.0648742458607965
19.325092498,1.0648672645437884
19.327091761000002,1.064741600837645
19.329159828,1.064748582154653
19.331042406,1.064748582154653
19.332979101000003,1.0647695261056767
19.334932456,1.0646298997655173
19.336969095,1.0645251800103974
19.338965492,1.064385553670238
19.341096721,1.064357628402206
19.343116786,1.064357628402206
19.345042152,1.0642808339151182
19.346987051000003,1.0641970581110225
19.348992064,1.064099319672911
19.350982789,1.064022525185823
19.352974939000003,1.0639945999177913
19.354969573,1.0639596933327513
19.35698378,1.0639178054307035
19.359078829,1.0639527120157433
19.361442043,1.0639945999177913
19.363155919,1.0639945999177913
19.365093906000002,1.0639317680647193
19.367185658,1.0638968614796795
19.369026035,1.0639387493817274
19.370986007000003,1.0638759175286556
19.373028606000002,1.0638968614796795
19.375201068000003,1.0638898801626715
19.377006598,1.0638898801626715
19.380349357,1.0638200669925917
19.381172646,1.0638200669925917
19.383118633000002,1.0638759175286556
19.385005028000002,1.0638759175286556
19.387015532,1.0638340296266076
19.389012740000002,1.0636525153844003
19.391034865,1.0636106274823525
19.393003256,1.0636106274823525
19.394932739,1.0635059077272329
19.396988734,1.063484963776209
19.398992733,1.063471001142193
19.4011032,1.063471001142193
19.403115589000002,1.0635687395803046
19.405006563,1.0635687395803046
19.407026958,1.0636874219694403
19.409012741,1.0639527120157433
19.411048743000002,1.0640155438688153
19.413010521,1.0639736559667674
19.415143503,1.0639945999177913
19.417007131000002,1.0639945999177913
19.418982858,1.0639527120157433
19.421248306000003,1.0639317680647193
19.423132390000003,1.0639317680647193
19.425060502,1.0639387493817274
19.427075609000003,1.0639178054307035
19.429064937,1.0639387493817274
19.431033302,1.0639108241136954
19.433073219,1.0639387493817274
19.434970537,1.0640574317708629
19.436955137,1.0641621515259827
19.439004919000002,1.064113282306927
19.441079831,1.0641551702089747
19.443068121,1.0641551702089747
19.44502895,1.0641761141599986
19.447003990000002,1.0641342262579507
19.448955587,1.064113282306927
19.450969985,1.064113282306927
19.452994948,1.064078375721887
19.455008443,1.0640015812347992
19.457029013,1.0638759175286556
19.459002154,1.0636664780184164
19.461070798,1.0635757208973124
19.46316685,1.0635757208973124
19.465086512000003,1.063491945093217
19.467097309,1.063491945093217
19.469051838000002,1.0635966648483366
19.471155883,1.0637362911884962
19.472997409,1.0637362911884962
19.474986261,1.0638549735776317
19.47698664,1.0638200669925917
19.478920697,1.0639108241136954
19.481133503000002,1.0640155438688153
19.483048107000002,1.0640155438688153
19.48505376,1.064099319672911
19.487071944,1.0640574317708629
19.488965938,1.0640155438688153
19.490981239,1.0639108241136954
19.492995129,1.0638759175286556
19.494977284,1.0638340296266076
19.496930067,1.0637362911884962
19.498992541,1.0636385527503844
19.501585602000002,1.0635687395803046
19.503064874,1.0635687395803046
19.505130589,1.0633942066551052
19.507061534,1.0631219352917942
19.509073953,1.0629404210495865
19.511064811,1.062765888124387
19.513072541,1.0626541870522594
19.515106115000002,1.0627240002223393
19.517012481000002,1.062779850758403
19.519008272,1.0628845705135228
19.521555274,1.0629055144645467
19.5233734,1.0629055144645467
19.525191463000002,1.0630591034387222
19.527178864,1.0630660847557303
19.529127138,1.063149860559826
19.531163837,1.0633243934850254
19.533277962,1.0635268516782566
19.535115219,1.0636176087993605
19.537143415000003,1.0636106274823525
19.539296841000002,1.0635547769462885
19.541533898,1.0636525153844003
19.54346443,1.0636525153844003
19.545071294,1.0636944032864482
19.547243822000002,1.0635966648483366
19.549148393000003,1.0635687395803046
19.551311341,1.0635757208973124
19.553201475,1.0635757208973124
19.555098054000002,1.0635687395803046
19.557056682000002,1.0633243934850254
19.559075113000002,1.0632615616319536
19.561440503,1.0631708045108499
19.563137243,1.0631708045108499
19.565255931000003,1.0630591034387222
19.567185153,1.0630032529026585
19.569122861,1.0629474023665946
19.571069574000003,1.0629055144645467
19.57305776,1.0629474023665946
19.575048816000002,1.0629474023665946
19.577099919000002,1.0629823089516344
19.578996918,1.0629683463176185
19.581321956,1.0630660847557303
19.583234881000003,1.0630660847557303
19.585227745,1.0633034495340015
19.586982031,1.0636315714333764
19.589058517,1.0637572351395201
19.591189179,1.0639736559667674
19.593081367,1.0641621515259827
19.595087691,1.0641761141599986
19.597047249000003,1.0641202636239349
19.598982639000003,1.0640574317708629
19.601255914000003,1.064036487819839
19.603184481,1.064036487819839
19.605142638,1.0639806372837752
19.607094618,1.0639806372837752
19.609049628,1.0636874219694403
19.611103536,1.0635757208973124
19.613192658000003,1.0635059077272329
19.615016491000002,1.0635059077272329
19.617070729,1.0634500571911691
19.61899936,1.063415150606129
19.621246982000002,1.0633662813870732
19.623109169000003,1.0633662813870732
19.625045567,1.0633313748020334
19.62700645,1.063464019825185
19.628979725,1.0635059077272329
19.631031233,1.0635477956292807
19.632973557,1.063429113240145
19.634962139000002,1.0633662813870732
19.636990541000003,1.0635059077272329
19.63897022,1.0635757208973124
19.641100194,1.0635477956292807
19.643125965000003,1.0635477956292807
19.645057973,1.0635757208973124
19.646992948,1.0636525153844003
19.648964041000003,1.0635966648483366
19.650996339000002,1.0635896835313285
19.653054692,1.0636106274823525
19.655153056,1.0635268516782566
19.65699905,1.063512889044241
19.659165658000003,1.063471001142193
19.661052103000003,1.0633872253380972
19.663229136,1.0633872253380972
19.665240899,1.063415150606129
19.667002971000002,1.0633313748020334
19.669089958,1.0632126924128977
19.671113237,1.0631708045108499
19.672998633000002,1.0631847671448658
19.674968793,1.063149860559826
19.677162305,1.063142879242818
19.679297714,1.0631219352917942
19.681124271,1.0630451408047064
19.683225023000002,1.0630451408047064
19.685025031000002,1.06310099134077
19.687161935000002,1.0632336363639219
19.689129472,1.0632336363639219
19.691006947,1.0632825055829775
19.692993270000002,1.0633523187530574
19.695006223,1.063436094557153
19.697054654000002,1.0635547769462885
19.698965044,1.0636315714333764
19.701083988,1.0637991230415678
19.703132330000003,1.0637991230415678
19.70502926,1.0638549735776317
19.707038764,1.0638549735776317
19.70900791,1.0638410109436156
19.711000751,1.0638689362116478
19.71298892,1.0637572351395201
19.714994917000002,1.063750253822512
19.716980501000002,1.0637083659204642
19.718974436,1.0636315714333764
19.721232773,1.0635896835313285
19.723069232,1.0635896835313285
19.725050212000003,1.0635896835313285
19.726971202,1.0635966648483366
19.728995384,1.0636525153844003
19.730976692000002,1.0637083659204642
19.732997693,1.063715347237472
19.735018688,1.0636734593354242
19.736973926,1.0635059077272329
19.738992796,1.063471001142193
19.741094859,1.0633872253380972
19.743201121000002,1.063471001142193
19.745055684,1.063471001142193
19.747008191000003,1.063436094557153
19.749070966,1.0636874219694403
19.750993783000002,1.0637362911884962
19.752996084000003,1.0637083659204642
19.754979126000002,1.0638130856755836
19.756978516,1.0639178054307035
19.758990683,1.064043469136847
19.76114467,1.064036487819839
19.763177407,1.064036487819839
19.765077369,1.0640923383559031
19.767081312000002,1.0643366844511821
19.769041943,1.0642249833790545
19.771052907,1.0640923383559031
19.773048364,1.0639945999177913
19.774959773000003,1.0639736559667674
19.777006035000003,1.0638130856755836
19.778995815000002,1.0636874219694403
19.781052542,1.0636525153844003
19.783206912,1.0636525153844003
19.785030181,1.0635477956292807
19.787065742000003,1.0633313748020334
19.789204566000002,1.0633662813870732
19.791028971000003,1.0633662813870732
19.793020803,1.0633872253380972
19.795199146,1.0635059077272329
19.79704135,1.0635059077272329
19.799129661000002,1.063512889044241
19.801120750000003,1.0638410109436156
19.803334143,1.0638410109436156
19.805093444,1.0639596933327513
19.807020641,1.0639178054307035
19.809119484,1.0639108241136954
19.811284801000003,1.0638410109436156
19.813146233,1.0638410109436156
19.815070203,1.0638130856755836
19.817300617,1.0638549735776317
19.819016682,1.0638549735776317
19.821260990000003,1.0638759175286556
19.823139989,1.0638759175286556
19.82511483,1.0636874219694403
19.827160352,1.0636664780184164
19.829120810000003,1.0635966648483366
19.831100335000002,1.063512889044241
19.833077937000002,1.0634500571911691
19.835051613,1.0635338329952646
19.837085098000003,1.0635268516782566
19.839061614000002,1.0635059077272329
19.841143564000003,1.0635338329952646
19.843191179,1.0635338329952646
19.845076505,1.0636106274823525
19.84705183,1.0636106274823525
19.849021304,1.0636944032864482
19.851048994000003,1.0638200669925917
19.853301765,1.0638759175286556
19.855125425,1.0638759175286556
19.857100047000003,1.0639736559667674
19.85900071,1.064043469136847
19.861049078,1.064113282306927
19.86331433,1.0643366844511821
19.865080519000003,1.0643366844511821
19.867110632000003,1.0646019744974853
19.869163121,1.0646019744974853
19.871076676,1.064727638203629
19.873126942000003,1.0645670679124455
19.874994205,1.0645181986933896
19.877060699,1.0644483855233098
19.879125191,1.0643227218171663
19.881273182,1.0641761141599986
19.883125178,1.0641761141599986
19.885067510000002,1.0639317680647193
19.887053819000002,1.0636106274823525
19.889062262,1.0635477956292807
19.891127754000003,1.0633732627040813
19.893093232000002,1.0631708045108499
19.895014467000003,1.063149860559826
19.89710547,1.063149860559826
19.899099086,1.0631847671448658
19.901162353,1.0633313748020334
19.903203564000002,1.0633732627040813
19.905121561,1.0633732627040813
19.907066458000003,1.0633872253380972
19.909064695,1.0633872253380972
19.911266785000002,1.0636315714333764
19.913230259000002,1.063771197773536
19.915099252,1.0637572351395201
19.917220825,1.063750253822512
19.919157333,1.063750253822512
19.921391333000003,1.0637781790905438
19.923312980000002,1.0637781790905438
19.925262103,1.0641551702089747
19.927006232,1.0642598899640943
19.929231583,1.0642249833790545
19.931183774,1.0642040394280305
19.933300217000003,1.0642598899640943
19.935126294,1.0642459273300784
19.937358609,1.0641412075749588
19.939143888,1.0641412075749588
19.941363031,1.064043469136847
19.943057324,1.064043469136847
19.945222251,1.063771197773536
19.947131001000002,1.063491945093217
19.949224999000002,1.063491945093217
19.95108969,1.0633313748020334
19.953329607,1.0633662813870732
19.955247110000002,1.0633243934850254
19.957190311,1.0633872253380972
19.959220868000003,1.0633243934850254
19.961167250000003,1.063415150606129
19.963419609000002,1.0635547769462885
19.965022476,1.0635547769462885
19.967080408,1.0636664780184164
19.969191433000002,1.0638759175286556
19.971089728000003,1.0641551702089747
19.973083169000002,1.0642598899640943
19.97497973,1.06437857235323
19.977081473000002,1.064364609719214
19.97935884,1.0644623481573257
19.981155872000002,1.06437857235323
19.983219507,1.06437857235323
19.985090014,1.0643366844511821
19.987134077,1.0641621515259827
19.989153535,1.0641621515259827
19.991100445,1.0641202636239349
19.99305238,1.0639178054307035
19.995114198,1.0638968614796795
19.997091214,1.0639108241136954
19.999002143000002,1.0638410109436156
20.001455879,1.0636664780184164
20.003239097,1.0636664780184164
20.005109843,1.0635268516782566
20.007349957000002,1.0634500571911691
20.009107339,1.0634500571911691
20.011037803,1.0635547769462885
20.013070575,1.0637572351395201
20.015024674000003,1.0637293098714882
20.017076313,1.0636874219694403
20.019016834000002,1.0637293098714882
20.021173869000002,1.0637293098714882
20.023240732,1.0637293098714882
20.025202377000003,1.0638130856755836
20.027209532,1.0638130856755836
20.029113356,1.063771197773536
20.031106051000002,1.063750253822512
20.033170815000002,1.0637293098714882
20.03500607,1.0637362911884962
20.037116929,1.0638200669925917
20.039227173,1.0637991230415678
20.041160828000002,1.0638200669925917
20.043113257,1.0638200669925917
20.045161005,1.0638340296266076
20.047095998,1.0638340296266076
20.049115696,1.063715347237472
20.051015542000002,1.0636385527503844
20.053147633000002,1.0636315714333764
20.055069839,1.063491945093217
20.057015496,1.0633313748020334
20.05910746,1.0632615616319536
20.061272291,1.0632615616319536
20.063087835,1.0632057110958897
20.065300353,1.063408169289121
20.067004225,1.063408169289121
20.069036330000003,1.0634500571911691
20.071010660000002,1.063471001142193
20.073009848,1.063464019825185
20.074999021,1.0635757208973124
20.076986844,1.0636664780184164
20.07905789,1.0638549735776317
20.081094281000002,1.064043469136847
20.083146538,1.064043469136847
20.085093409000002,1.0642180020620464
20.086976133,1.0645461239614213
20.089211086000002,1.0645391426444135
20.091032754,1.0645391426444135
20.093031096,1.0644832921083496
20.095019406000002,1.0644274415722856
20.097014312000002,1.064357628402206
20.099060028,1.0642598899640943
20.101357884000002,1.0641621515259827
20.103105005,1.0641621515259827
20.105061143,1.0641621515259827
20.106986021,1.064043469136847
20.109108036000002,1.064078375721887
20.111076297,1.0641412075749588
20.112964795,1.0641551702089747
20.115001548000002,1.0641761141599986
20.116987458,1.0642249833790545
20.119073970000002,1.0642668712811023
20.121161453000003,1.0642459273300784
20.123152493000003,1.0642459273300784
20.125055383000003,1.0642947965491343
20.12702723,1.0643017778661423
20.129061652,1.0643017778661423
20.130993496000002,1.0643157405001582
20.133009799,1.0643017778661423
20.134978906,1.0642040394280305
20.136979199000002,1.0641202636239349
20.1390509,1.0640015812347992
20.141072742000002,1.0640015812347992
20.143129463,1.0640015812347992
20.145029553,1.0639317680647193
20.147012532,1.0638968614796795
20.149017905,1.0639108241136954
20.151029506,1.0638968614796795
20.153067296,1.0637991230415678
20.155026396,1.0638200669925917
20.156979273,1.0638689362116478
20.159055679,1.0638968614796795
20.161124716,1.0638410109436156
20.163380162000003,1.0638410109436156
20.165078715,1.0638968614796795
20.167023933000003,1.0640155438688153
20.169392006000002,1.0639945999177913
20.171001393,1.0639945999177913
20.172995937,1.064078375721887
20.174998721,1.0642808339151182
20.176967354000002,1.0642947965491343
20.179084469000003,1.0641970581110225
20.181122226000003,1.0641970581110225
20.183150615000002,1.0643436657681902
20.185234386,1.0643436657681902
20.187187102000003,1.0643436657681902
20.189258081000002,1.0644064976212617
20.191049859,1.0642598899640943
20.193227904,1.0642180020620464
20.195087974,1.0641412075749588
20.197329686,1.0640155438688153
20.199087662,1.0640155438688153
20.201169355,1.0637781790905438
20.203246233,1.0635547769462885
20.205063559000003,1.0635547769462885
20.207162889000003,1.063415150606129
20.209035896,1.0632894868999854
20.211298312,1.0632685429489614
20.213158728,1.0632685429489614
20.215102314000003,1.0633243934850254
20.217133932000003,1.063408169289121
20.219115227,1.0633732627040813
20.221261975,1.0633243934850254
20.223135838,1.0633243934850254
20.225143730000003,1.0633313748020334
20.227205623,1.063436094557153
20.229070059,1.063464019825185
20.231258573,1.063464019825185
20.233130155,1.063429113240145
20.235105602,1.063415150606129
20.237090566000003,1.0633243934850254
20.239020106,1.0632336363639219
20.241051023,1.0631708045108499
20.243284355,1.063149860559826
20.245143934,1.063149860559826
20.247098181000002,1.06310099134077
20.249025001,1.063149860559826
20.251030993,1.0630660847557303
20.253028177,1.0630870287067542
20.255061657000002,1.063149860559826
20.257106631000003,1.0632336363639219
20.259104673,1.0632894868999854
20.261180873,1.063464019825185
20.263195009,1.0635687395803046
20.265025273000003,1.0635687395803046
20.267062402,1.0637083659204642
20.268973281,1.0637572351395201
20.270999372000002,1.0638549735776317
20.272991678,1.0638898801626715
20.274993749,1.0640015812347992
20.276966953000002,1.064078375721887
20.279057467,1.0641621515259827
20.281409945,1.0641830954770066
20.283134938,1.0641830954770066
20.285045581000002,1.0642040394280305
20.287245735000003,1.0641761141599986
20.289101805,1.0641761141599986
20.291047733000003,1.0641621515259827
20.293103594,1.0640574317708629
20.295057317,1.0640155438688153
20.297049344,1.064036487819839
20.298987633000003,1.0640155438688153
20.301222484,1.064036487819839
20.303094163,1.064036487819839
20.305018578000002,1.064078375721887
20.306993769,1.064078375721887
20.309015255000002,1.0640015812347992
20.310975018,1.0637991230415678
20.313002634,1.0637781790905438
20.315010733,1.0637572351395201
20.316972088,1.0637293098714882
20.318999282,1.0636734593354242
20.321102102,1.063750253822512
20.323138685,1.063750253822512
20.325124719,1.0636874219694403
20.327156679,1.0636874219694403
20.329198581,1.063715347237472
20.331023694000002,1.0637362911884962
20.333101924,1.0637083659204642
20.335093972000003,1.0637991230415678
20.337016985,1.0638759175286556
20.339176753,1.0639527120157433
20.341131162,1.0639527120157433
20.343149025000002,1.0639806372837752
20.345034535,1.0639806372837752
20.347022526,1.0639806372837752
20.349014381,1.0639317680647193
20.351025014,1.0638340296266076
20.352982426,1.063771197773536
20.355020887000002,1.0636874219694403
20.356983565,1.0635757208973124
20.359006021000003,1.063491945093217
20.361084408,1.0633732627040813
20.363329179,1.0633732627040813
20.365074840000002,1.0632685429489614
20.367123561,1.0632685429489614
20.369028243000002,1.0633942066551052
20.371063686000003,1.063471001142193
20.373002776,1.0635687395803046
20.37498497,1.0636385527503844
20.376964599,1.0636525153844003
20.379740311000003,1.0635547769462885
20.38263066,1.0635547769462885
20.383466440000003,1.0635477956292807
20.385000010000002,1.0635477956292807
20.387030606,1.063491945093217
20.389112155000003,1.0635338329952646
20.39110144,1.0636315714333764
20.392973152,1.0635268516782566
20.394959075000003,1.063512889044241
20.397004236,1.063464019825185
20.399006958,1.063471001142193
20.401215788000002,1.063471001142193
20.403056853000002,1.063471001142193
20.405083626,1.0635547769462885
20.406989908,1.063771197773536
20.409040452000003,1.0639178054307035
20.410959249,1.0640015812347992
20.412980254,1.064099319672911
20.4150278,1.0641551702089747
20.417116787,1.064099319672911
20.419098815,1.0640574317708629
20.421256387,1.0640015812347992
20.423245686,1.0639806372837752
20.425083073,1.0639806372837752
20.427217918,1.0639806372837752
20.429119287000002,1.0638410109436156
20.431103898,1.0638340296266076
20.433088595,1.0638689362116478
20.435017268000003,1.0638968614796795
20.436992438,1.0638340296266076
20.439089677000002,1.0638130856755836
20.441123858,1.0638340296266076
20.443225975,1.0638340296266076
20.445190003,1.0638340296266076
20.447215109000002,1.0639806372837752
20.449093183000002,1.0639527120157433
20.451173534000002,1.0639806372837752
20.453216439000002,1.0639806372837752
20.455002555,1.0639527120157433
20.457072273,1.0639945999177913
20.459262877,1.0639596933327513
20.461198214000003,1.0639596933327513
20.463222387000002,1.0639736559667674
20.465094751000002,1.0639736559667674
20.467083927,1.0638968614796795
20.469122553000002,1.0638759175286556
20.471071560000002,1.0638898801626715
20.473121901000003,1.0639108241136954
20.47506238,1.0639806372837752
20.476971539,1.0640923383559031
20.479056018,1.0641412075749588
20.481122748,1.0641202636239349
20.48314741,1.0641202636239349
20.485050561,1.0640574317708629
20.487069152,1.0640574317708629
20.489014229000002,1.0640923383559031
20.491001709000003,1.064043469136847
20.492951745000003,1.064113282306927
20.494959449,1.0641202636239349
20.496995694000002,1.0641202636239349
20.498997917,1.0641412075749588
20.501072669000003,1.0641830954770066
20.503106933,1.0641830954770066
20.505292033,1.0641412075749588
20.5073702,1.0641970581110225
20.509096543000002,1.0641970581110225
20.511203842,1.0642040394280305
20.513069524000002,1.0642249833790545
20.515094485000002,1.0641551702089747
20.517016668,1.0642040394280305
20.519103633,1.0642040394280305
20.521031122,1.0641551702089747
20.523214468000003,1.064036487819839
20.52501848,1.064036487819839
20.527033718000002,1.0639108241136954
20.529051772000003,1.0637991230415678
20.530981299,1.0637293098714882
20.53299382,1.0636176087993605
20.535021505,1.0635896835313285
20.536975302000002,1.0635896835313285
20.539025141,1.0635268516782566
20.541305791000003,1.063484963776209
20.543216880000003,1.063484963776209
20.545354168000003,1.063484963776209
20.54724463,1.0635966648483366
20.549204502000002,1.063715347237472
20.551255739000002,1.0639108241136954
20.553098514000002,1.0640155438688153
20.555278448000003,1.064043469136847
20.557191491,1.064043469136847
20.559140127000003,1.0641412075749588
20.560997496000002,1.0642180020620464
20.563146698,1.0642180020620464
20.565424462000003,1.0642180020620464
20.567029139000002,1.0642947965491343
20.569113249,1.0644414042063017
20.571235402000003,1.0644832921083496
20.573204185,1.0645670679124455
20.57499114,1.064650843716541
20.577025701,1.0646717876675649
20.579132338,1.0646717876675649
20.581212192000002,1.0645880118634694
20.583152169,1.0645880118634694
20.585050915,1.0645810305464614
20.587078382,1.0645042360593737
20.589020570000002,1.064399516304254
20.591005925,1.0643366844511821
20.593004995,1.0643157405001582
20.595017457,1.0643017778661423
20.597203699,1.0641412075749588
20.599035386,1.0641412075749588
20.601328858000002,1.064036487819839
20.60328221,1.064113282306927
20.605148238,1.064113282306927
20.607136965000002,1.0640155438688153
20.609125547,1.0640923383559031
20.611131146,1.0640574317708629
20.613135849000003,1.0640923383559031
20.615079801,1.0641970581110225
20.617006477,1.0642389460130703
20.619070688,1.0643017778661423
20.621187828,1.0643227218171663
20.623157151,1.0643227218171663
20.625063877000002,1.0642459273300784
20.627016789000002,1.0642249833790545
20.628991735,1.0642040394280305
20.631142601,1.064113282306927
20.633088222,1.0640155438688153
20.635015472000003,1.0639527120157433
20.637039643,1.0637991230415678
20.638992107,1.0636525153844003
20.641315247,1.063512889044241
20.643112629,1.063512889044241
20.645036141000002,1.0633104308510095
20.646989067,1.0633662813870732
20.649005344000003,1.0633313748020334
20.65101243,1.0633523187530574
20.653008747,1.063408169289121
20.655111877000003,1.0635896835313285
20.657120515000003,1.0635687395803046
20.659013553,1.0636385527503844
20.661189888000003,1.0637083659204642
20.663173388,1.0637083659204642
20.665027748,1.0637362911884962
20.667068308,1.0638549735776317
20.669051364,1.0639806372837752
20.671005713,1.0639945999177913
20.673049585,1.0640155438688153
20.675000344,1.0640923383559031
20.676997876,1.0641202636239349
20.67895902,1.0642180020620464
20.681093336,1.0643157405001582
20.683567276,1.0644623481573257
20.685125562,1.0644623481573257
20.687052075,1.0644064976212617
20.689100413000002,1.064357628402206
20.690999449,1.0642808339151182
20.693016638,1.0642249833790545
20.695088743000003,1.0642180020620464
20.697174824,1.0643017778661423
20.699508227000003,1.0643366844511821
20.701272649,1.0643366844511821
20.703234572000003,1.0643017778661423
20.705098856000003,1.0643017778661423
20.707087261,1.0642947965491343
20.709257644,1.0642249833790545
20.711134618000003,1.0642598899640943
20.713078165000002,1.0642947965491343
20.715041751,1.0643157405001582
20.717025469000003,1.0643227218171663
20.719100271000002,1.0643017778661423
20.721293571,1.0642947965491343
20.723121323,1.0642947965491343
20.725154282000002,1.0643227218171663
20.727132771,1.0643227218171663
20.729251377,1.0643017778661423
20.731163057,1.0642808339151182
20.733019875,1.0641830954770066
20.735044012000003,1.0641970581110225
20.736968840000003,1.0642249833790545
20.7390797,1.0642808339151182
20.741213769,1.0642249833790545
20.743111751,1.0642249833790545
20.745107879000003,1.064099319672911
20.747071632,1.064099319672911
20.749081324000002,1.0641202636239349
20.751039565000003,1.0642249833790545
20.753041614,1.0643366844511821
20.755113673,1.0642668712811023
20.757150736,1.0641202636239349
20.759034093,1.064113282306927
20.7611396,1.064071394404879
20.763148133,1.064071394404879
20.765166152000003,1.064022525185823
20.767134556000002,1.0639178054307035
20.769122634000002,1.0639806372837752
20.771044869,1.0639527120157433
20.773144593,1.0638689362116478
20.775232704,1.0639387493817274
20.777110573,1.0639108241136954
20.779005060000003,1.0638968614796795
20.781285907,1.0638689362116478
20.783100518,1.0638689362116478
20.78510177,1.0639317680647193
20.787190493,1.064036487819839
20.789350923,1.064113282306927
20.791013916,1.064113282306927
20.793233805,1.0642180020620464
20.795082035,1.0643157405001582
20.797094306,1.0643366844511821
20.799048785,1.0643227218171663
20.801175229000002,1.0642598899640943
20.803342443000002,1.0642598899640943
20.805108903,1.0642040394280305
20.807063145,1.0641830954770066
20.809081056,1.0641761141599986
20.811005389,1.0640574317708629
20.813013944,1.0639736559667674
20.815122021,1.0638898801626715
20.817091485000002,1.0638410109436156
20.81899087,1.0637572351395201
20.821103853,1.0636944032864482
20.823180774,1.0636944032864482
20.825220067,1.0636874219694403
20.827239281,1.0637083659204642
20.829543291,1.0636874219694403
20.831146896,1.0636874219694403
20.833302482,1.0638130856755836
20.835189346,1.0637921417245597
20.837163813,1.0637781790905438
20.83928226,1.0638410109436156
20.841267291,1.0638410109436156
20.843335573,1.0638410109436156
20.845304245,1.0638200669925917
20.847301728,1.0638549735776317
20.849230793,1.0638689362116478
20.851149578,1.0638130856755836
20.853130272,1.0638759175286556
20.855167861,1.0637991230415678
20.857233096,1.0637293098714882
20.85925311,1.0636315714333764
20.861218606,1.0636525153844003
20.863229324000002,1.0636525153844003
20.865190988000002,1.0636874219694403
20.867110356,1.0637083659204642
20.869377970000002,1.0637293098714882
20.871255863000002,1.0637362911884962
20.873226604000003,1.063771197773536
20.875236107000003,1.0638898801626715
20.877376367,1.0639387493817274
20.879158389,1.0640015812347992
20.88138306,1.064071394404879
20.883372196,1.064071394404879
20.885275048,1.064099319672911
20.88721539,1.064113282306927
20.889574728000003,1.0641412075749588
20.891332063,1.0641412075749588
20.893238429,1.064078375721887
20.895343471,1.0638759175286556
20.897214602000002,1.0637572351395201
20.899143785,1.0637362911884962
20.901206481000003,1.063715347237472
20.903214268000003,1.063715347237472
20.905144866,1.0636525153844003
20.907214157000002,1.063491945093217
20.909073911,1.063491945093217
20.911200147000002,1.0633942066551052
20.913150552,1.0633732627040813
20.915300952000003,1.0634500571911691
20.917190221000002,1.0634500571911691
20.919165453,1.0636385527503844
20.921291044,1.0638410109436156
20.92333461,1.0638410109436156
20.925124889000003,1.0638689362116478
20.927073606,1.0638689362116478
20.929050866,1.0640155438688153
20.93098372,1.0641830954770066
20.932965037000002,1.0642180020620464
20.935035476000003,1.0642180020620464
20.937144194000002,1.0642389460130703
20.939080906,1.0642249833790545
20.941356418,1.0642389460130703
20.943158027000003,1.0642389460130703
20.945068717,1.0642249833790545
20.947014657,1.0641551702089747
20.949058320000002,1.064036487819839
20.951085239,1.0639596933327513
20.953099372,1.0638410109436156
20.955277775000003,1.0637362911884962
20.957246574000003,1.063750253822512
20.959162452,1.0637083659204642
20.961229675000002,1.0636315714333764
20.96336861,1.0636315714333764
20.965336953,1.0635477956292807
20.967237861,1.0635338329952646
20.969076151000003,1.0635338329952646
20.971080195000003,1.0635687395803046
20.973219855,1.0636176087993605
20.975113641,1.063512889044241
20.977087568,1.063464019825185
20.978948133000003,1.063429113240145
20.981100683,1.0633942066551052
20.983190267,1.0633942066551052
20.985061526000003,1.0633872253380972
20.987125117,1.0633732627040813
20.989128772,1.063415150606129
20.991036012000002,1.063512889044241
20.992992048,1.0635477956292807
20.995016498000002,1.0636315714333764
20.997032976,1.0637572351395201
20.999068472,1.0638759175286556
21.001078890000002,1.0639736559667674
21.003165976000002,1.0639736559667674
21.005045479,1.0638898801626715
21.007041440000002,1.0639736559667674
21.009240599,1.0640015812347992
21.011131349000003,1.0640015812347992
21.013034242,1.0640015812347992
21.015026937000002,1.0639806372837752
21.017000528,1.0639317680647193
21.018977832,1.0637921417245597
21.021363163,1.0636664780184164
21.023117989000003,1.0636664780184164
21.025049393,1.063464019825185
21.027073914000002,1.0635059077272329
21.029130145,1.0635338329952646
21.031001199000002,1.0635059077272329
21.033014735000002,1.063484963776209
21.035156929000003,1.0635059077272329
21.037090199,1.063484963776209
21.039116059,1.0635059077272329
21.041292882,1.0635687395803046
21.043125459000002,1.0635687395803046
21.045162209,1.0636734593354242
21.047062484,1.0636734593354242
21.049081267000002,1.0639736559667674
21.050991887000002,1.0642598899640943
21.053044231,1.0644064976212617
21.055223554,1.0645461239614213
21.057097761,1.0645810305464614
21.059110548,1.0646019744974853
21.061170459000003,1.064650843716541
21.063161506,1.064650843716541
21.065072211,1.0646717876675649
21.067118108000003,1.0645670679124455
21.06906945,1.0644972547423657
21.070979416,1.0643227218171663
21.073088945000002,1.0642180020620464
21.074969814000003,1.064099319672911
21.077000128,1.0639806372837752
21.079028925000003,1.0638759175286556
21.081364907,1.0638340296266076
21.083251862,1.0638340296266076
21.085069267,1.063771197773536
21.087024769000003,1.0637362911884962
21.08902123,1.0636874219694403
21.091016087,1.063715347237472
21.093067827000002,1.0638410109436156
21.095157481,1.0638410109436156
21.097005719000002,1.0638759175286556
21.099155802000002,1.0639387493817274
21.10113698,1.0639806372837752
21.103458697,1.0639806372837752
21.105063341,1.0639806372837752
21.107095726,1.0639387493817274
21.109227868,1.0639527120157433
21.111025913000002,1.0639527120157433
21.11305806,1.0639178054307035
21.115029198000002,1.0639945999177913
21.117024655,1.0639736559667674
21.119181249,1.0639527120157433
21.121240831,1.0638898801626715
21.123539195000003,1.0638898801626715
21.125099309000003,1.0638340296266076
21.127041812,1.0638130856755836
21.129050505000002,1.0638130856755836
21.131036115,1.0638759175286556
21.133214145,1.0639178054307035
21.135126132,1.0639527120157433
21.137034011,1.0639945999177913
21.139131906000003,1.0640574317708629
21.14117306,1.0641970581110225
21.143173177,1.0641970581110225
21.145168457,1.0642947965491343
21.147142487,1.06437857235323
21.149088234,1.064385553670238
21.151100371000002,1.064399516304254
21.153006472,1.0644064976212617
21.155029102,1.064364609719214
21.156955775,1.0643227218171663
21.159023193000003,1.0642598899640943
21.161156748,1.0642180020620464
21.163382893,1.0641202636239349
21.165026892,1.0641202636239349
21.167124422,1.0640155438688153
21.16899198,1.0638130856755836
21.171032472,1.0637083659204642
21.173031923,1.0636106274823525
21.174986475,1.0635687395803046
21.176984202,1.063464019825185
21.179331923000003,1.063408169289121
21.181115300000002,1.0633313748020334
21.183130829,1.0633313748020334
21.185224191,1.0631638231938418
21.187240654,1.0631638231938418
21.189164634,1.0629194770985626
21.191160216,1.062786832075411
21.193166592,1.0627240002223393
21.195046303,1.0626611683692675
21.197161311000002,1.062765888124387
21.199017232000003,1.062786832075411
21.201260610000002,1.0628357012944671
21.203135632000002,1.0628357012944671
21.205134392,1.062779850758403
21.207049037,1.0630311781706903
21.209055554000003,1.0632057110958897
21.211043365000002,1.0634500571911691
21.213103351,1.0637921417245597
21.215253639,1.0639527120157433
21.217208925,1.0639596933327513
21.21913074,1.0639596933327513
21.221330553,1.0640574317708629
21.223132954,1.0640574317708629
21.225053967,1.0641551702089747
21.22719365,1.064113282306927
21.229176894000002,1.064113282306927
21.231039972,1.0641621515259827
21.233159837000002,1.0640155438688153
21.235034899000002,1.0640155438688153
21.236966001000003,1.064022525185823
21.239137398,1.0640015812347992
21.241212298,1.0639387493817274
21.243106752000003,1.0639387493817274
21.245214028000003,1.0639108241136954
21.247105782000002,1.0639736559667674
21.249207558000002,1.0639596933327513
21.251332533000003,1.0639596933327513
21.253135425,1.064043469136847
21.255181253,1.0640155438688153
21.257231575000002,1.064043469136847
21.259218958,1.0640923383559031
21.261422109,1.064071394404879
21.263342043,1.064071394404879
21.265187522,1.0640574317708629
21.267095281,1.0639806372837752
21.269414837000003,1.064036487819839
21.271200761000003,1.064043469136847
21.273202320000003,1.064113282306927
21.275213467,1.0640574317708629
21.27713053,1.064036487819839
21.279080513,1.0640574317708629
21.281225768000002,1.064043469136847
21.283242654000002,1.064043469136847
21.285223275,1.0639596933327513
21.287147085,1.0636664780184164
21.289282079000003,1.0635338329952646
21.291120653,1.0635338329952646
21.293108172,1.0633453374360493
21.295154178,1.062877589196515
21.297127422000003,1.0627170189053314
21.299169176000003,1.0624796541270602
21.301175956,1.062256251982805
21.303314814,1.061949074034454
21.30517014,1.061949074034454
21.307179637,1.061593026867047
21.309102921,1.0611182973105047
21.31100165,1.0610415028234166
21.313037989,1.0609437643853052
21.315163457,1.0609577270193211
21.317022907000002,1.0609437643853052
21.319300971,1.0610135775553848
21.321178114000002,1.0610135775553848
21.323048053,1.0610554654574327
21.324990336000003,1.0612230170656243
21.327027219,1.0612160357486162
21.329096615,1.061348680771768
21.331003079000002,1.0613975499908237
21.33309478,1.0615441576479911
21.335032667,1.061620952135079
21.337180783,1.0617326532072067
21.339067482,1.0617256718901986
21.341057549000002,1.0616837839881506
21.343237206,1.0617256718901986
21.345342442,1.0617256718901986
21.347180908000002,1.0617466158412225
21.349100182,1.0617047279391745
21.351078896,1.0616628400371266
21.353124565,1.0615511389649992
21.355111465,1.0615301950139753
21.357056239000002,1.0614464192098794
21.359078572,1.0614254752588554
21.361441772000003,1.0614464192098794
21.363086359,1.0614464192098794
21.36520097,1.0615022697459433
21.366981813000002,1.0615232136969672
21.368990451000002,1.0615232136969672
21.371017985,1.0616069895010631
21.373236087000002,1.0616488774031108
21.375202635,1.0617256718901986
21.377106729,1.0616628400371266
21.378977909,1.0616698213541347
21.381403686000002,1.0616069895010631
21.383138768000002,1.0616069895010631
21.385060675000002,1.061641896086103
21.387030901000003,1.0614464192098794
21.389088836000003,1.0614254752588554
21.390980615,1.0614883071119274
21.392978244000002,1.0615092510629514
21.395017503000002,1.0615022697459433
21.397006252,1.0614254752588554
21.399027033000003,1.0613975499908237
21.401085155,1.06130679286972
21.403215566,1.061299811552712
21.405061619,1.061299811552712
21.407141944000003,1.0611950917975923
21.409034177000002,1.0612230170656243
21.411098271,1.061299811552712
21.413011771,1.061348680771768
21.415094193,1.0614254752588554
21.417037240000003,1.0614603818438955
21.419123744,1.0616069895010631
21.421396342,1.0616837839881506
21.423299148,1.0616837839881506
21.425149884,1.061872279547366
21.427156759000002,1.061872279547366
21.429117371,1.0619281300834298
21.431060492,1.0618862421813822
21.433215370000003,1.0618234103283102
21.435107511000002,1.0618652982303582
21.437364936,1.0618234103283102
21.439087372000003,1.0618234103283102
21.441209597,1.0617675597922465
21.443241478,1.0617675597922465
21.445159192000002,1.0617117092561825
21.447045581,1.0616069895010631
21.449299211,1.0616488774031108
21.451180328000003,1.0616488774031108
21.45307336,1.061627933452087
21.455290476000002,1.0617256718901986
21.457158335000003,1.0617256718901986
21.459110592000002,1.0618234103283102
21.461396301,1.0620468124725655
21.463288081,1.0620468124725655
21.46506428,1.062214364080757
21.467180441,1.062214364080757
21.469114270000002,1.0625145607121
21.471054515000002,1.0628077760264352
21.473081443,1.0629823089516344
21.475047024000002,1.0632825055829775
21.477180177,1.0635547769462885
21.479087635000003,1.0636525153844003
21.481103693,1.0636385527503844
21.483238119000003,1.0635966648483366
21.485228573,1.0635966648483366
21.48719015,1.0635547769462885
21.489063728,1.063464019825185
21.491098665000003,1.0633942066551052
21.493244796000003,1.0633034495340015
21.495195565000003,1.06310099134077
21.497377104,1.06310099134077
21.499147861,1.0629474023665946
21.501102425000003,1.0626053178332038
21.50348036,1.0626053178332038
21.505155985000002,1.0623190838358767
21.507256661000003,1.0623190838358767
21.509095854,1.0618303916453182
21.511106125,1.0614813257949194
21.513075398,1.061320755503736
21.515112874,1.0611811291635764
21.517152104,1.0611601852125523
21.519214432000002,1.0611462225785364
21.521134654,1.0610554654574327
21.523201777,1.0610554654574327
21.525253560000003,1.0609018764832572
21.527234224,1.0609018764832572
21.529102068,1.0607901754111295
21.531051452,1.0614813257949194
21.533089945,1.0620258685215416
21.535133846,1.062151532227685
21.537206115,1.062151532227685
21.539205377000002,1.0620747377405975
21.54129843,1.0620747377405975
21.543118074000002,1.0623539904209165
21.545118117,1.0626960749543075
21.547075623,1.0626960749543075
21.549346242000002,1.0627449441733634
21.551292223,1.0620677564235894
21.553131682,1.062179457495717
21.555370552000003,1.0624796541270602
21.557347176,1.0624796541270602
21.559226028,1.0627030562713153
21.561463139,1.0627030562713153
21.563270707,1.0629613650006104
21.565231892,1.0629613650006104
21.567307162000002,1.0632126924128977
21.569476977,1.063464019825185
21.571311528000003,1.063464019825185
21.573303288,1.063512889044241
21.575273249000002,1.0635547769462885
21.577522122,1.0635547769462885
21.579244434,1.0635547769462885
21.581493803,1.0636106274823525
21.583569023000003,1.0635268516782566
21.585228846,1.0635268516782566
21.587154832000003,1.063484963776209
21.589176415,1.0633453374360493
21.591226128000002,1.0633034495340015
21.593141223,1.0632126924128977
21.595111426000003,1.0631917484618738
21.597263678,1.0632336363639219
21.599232609,1.0632615616319536
21.601154225000002,1.0631917484618738
21.603330906,1.063142879242818
21.605225981,1.063142879242818
21.607159168000003,1.0630800473897462
21.609207848,1.0629474023665946
21.61112176,1.062821738660451
21.613148227,1.0626611683692675
21.615171169,1.0625215420291079
21.617139867000002,1.0624307849080044
21.619294311,1.062235308031781
21.621055899,1.0620537937895735
21.623445934000003,1.0617954850602784
21.625070262,1.0617954850602784
21.627035556000003,1.061620952135079
21.629117800000003,1.0618513355963421
21.631035648,1.0618513355963421
21.633049367,1.0623330464698926
21.635043602,1.0624028596399724
21.637045745,1.0624028596399724
21.638991110000003,1.0622981398848526
21.641134171,1.0629055144645467
21.643148997,1.0629055144645467
21.645076916,1.0631708045108499
21.647065731,1.0631708045108499
21.649058646,1.063408169289121
21.651013188,1.06310099134077
21.653030139000002,1.0627379628563554
21.654997435000002,1.0626611683692675
21.657160802,1.0627379628563554
21.659034426,1.0627379628563554
21.661151855,1.0626821123202914
21.663223907000003,1.0626821123202914
21.665047371,1.0625355046631237
21.667063605000003,1.0625355046631237
21.669033416,1.0625424859801318
21.671003601000002,1.0624168222739883
21.673029644,1.0623121025188687
21.674986318000002,1.0623121025188687
21.677045828,1.0623121025188687
21.678989406000003,1.0624168222739883
21.681105861000002,1.062821738660451
21.683107483,1.062821738660451
21.685047548,1.0629404210495865
21.687120766,1.0630660847557303
21.689362208000002,1.0629892902686424
21.691004062,1.0629892902686424
21.693014024,1.0630032529026585
21.695199274,1.0630660847557303
21.697033289,1.0630660847557303
21.698981613,1.0630451408047064
21.701134308,1.0629892902686424
21.703068792,1.0629892902686424
21.705236107,1.062842682611475
21.707626700000002,1.0625005980780842
21.709176337000002,1.0625005980780842
21.711066764,1.0621934201297332
21.713202196,1.0617117092561825
21.715128089,1.0615301950139753
21.717064244000003,1.06130679286972
21.719106963,1.0611811291635764
21.721236192000003,1.0610554654574327
21.723279310000002,1.0610554654574327
21.725307797000003,1.0609577270193211
21.727203082000003,1.0609577270193211
21.729024103,1.0606296051199462
21.731078511,1.0605318666818344
21.733123119000002,1.0605597919498664
21.735051699000003,1.0605597919498664
21.737203524,1.0605597919498664
21.739045159,1.0605597919498664
21.741279748,1.06072036224105
21.743193526000002,1.06072036224105
21.745227108,1.0608530072642013
21.747181657000002,1.0608530072642013
21.749102333,1.0610415028234166
21.751072959000002,1.0612858489186958
21.753103803000002,1.061348680771768
21.755062053,1.0615720829160231
21.757056861000002,1.0618443542793343
21.758992348,1.0620468124725655
21.761159915,1.0620468124725655
21.763146862000003,1.062179457495717
21.765025595,1.062179457495717
21.766988856,1.0622771959338286
21.769013738,1.0624726728100522
21.77110374,1.0625634299311557
21.773278514,1.0626751310032834
21.775125777000003,1.0627240002223393
21.777137455000002,1.062786832075411
21.779103424000002,1.0628985331475387
21.781111260000003,1.0629404210495865
21.783125671,1.0629404210495865
21.785117068,1.0630102342196663
21.787097062,1.0633243934850254
21.789073656000003,1.0633243934850254
21.791075585,1.063512889044241
21.793038489,1.0637572351395201
21.794996188000002,1.0638200669925917
21.796975391,1.0638549735776317
21.798996029,1.0638968614796795
21.801329869,1.0638968614796795
21.803288348000002,1.0638968614796795
21.805148805,1.0639317680647193
21.8071446,1.0638340296266076
21.809011059000003,1.0636176087993605
21.811015692,1.063484963776209
21.813027462,1.063415150606129
21.814991756,1.0631847671448658
21.816973751000003,1.0629474023665946
21.818964229000002,1.0627170189053314
21.821181008,1.0624796541270602
21.82312812,1.0624796541270602
21.825070918,1.0623400277869006
21.827047377000003,1.062214364080757
21.829050964,1.0622702146168208
21.831066515,1.0621375695936692
21.832965124,1.0620258685215416
21.834960057,1.0619700179854779
21.837014418000003,1.0621166256426453
21.839003511,1.0621724761787092
21.841140759,1.062214364080757
21.843250096000002,1.062214364080757
21.845041291,1.0623400277869006
21.847033607,1.0626402244182436
21.849065461000002,1.0628007947094271
21.851043855,1.0630032529026585
21.852963356,1.0632266550469138
21.855073573000002,1.063415150606129
21.85699895,1.0636525153844003
21.858982168,1.063715347237472
21.861346023000003,1.0636874219694403
21.863355211000002,1.0636874219694403
21.865230371000003,1.0636944032864482
21.867136877,1.0638410109436156
21.869187309,1.0637572351395201
21.871247262,1.063715347237472
21.873219877,1.0637293098714882
21.875097995,1.0636944032864482
21.877297867000003,1.0636734593354242
21.87920327,1.0635966648483366
21.881371194,1.0635966648483366
21.883210446,1.063464019825185
21.885362234000002,1.063464019825185
21.887175604000003,1.0633872253380972
21.889221535,1.0633523187530574
21.89141575,1.063415150606129
21.893231281000002,1.0635338329952646
21.895192524000002,1.0636385527503844
21.897219290000002,1.0636385527503844
21.899155884000002,1.0635966648483366
21.901269482,1.0635966648483366
21.903160919,1.0636385527503844
21.90520349,1.0636385527503844
21.907044510000002,1.0636525153844003
21.909037451,1.0636176087993605
21.911342442000002,1.0636664780184164
21.913058653,1.0636176087993605
21.915106301,1.063512889044241
21.917176225000002,1.0634500571911691
21.919215915000002,1.0633732627040813
21.921316426,1.0630870287067542
21.923173568000003,1.0630870287067542
21.925186161000003,1.0628077760264352
21.92718353,1.0622492706657969
21.929166479000003,1.061949074034454
21.931162206,1.0618234103283102
21.933069714000002,1.0617954850602784
21.935153478,1.0618303916453182
21.937135815,1.0619071861324059
21.939073512,1.061956055351462
21.941202273000002,1.061956055351462
21.943082941,1.0620537937895735
21.94506334,1.062256251982805
21.947129263,1.0623609717379245
21.949133012,1.0624796541270602
21.951328153000002,1.0625773925651718
21.953200851000002,1.0626751310032834
21.955324893,1.0627379628563554
21.957160939,1.0628636265624989
21.959266439,1.0631219352917942
21.961329971,1.0633243934850254
21.963435587000003,1.063436094557153
21.965301096,1.063436094557153
21.967283758,1.063484963776209
21.969128574000003,1.0635338329952646
21.971301837000002,1.0635059077272329
21.973141382,1.0635059077272329
21.975139186,1.063491945093217
21.977338516,1.0635966648483366
21.979181561,1.0635547769462885
21.98119055,1.0635547769462885
21.983103492,1.0635757208973124
21.98502699,1.0636734593354242
21.987054629000003,1.0636664780184164
21.989034462000003,1.0636874219694403
21.991096616,1.0636944032864482
21.993027709,1.0636385527503844
21.994999723000003,1.0636315714333764
21.997003379000002,1.0636525153844003
21.999175439000002,1.0637362911884962
22.001140224,1.0637362911884962
22.003261391000002,1.0637362911884962
22.005140026000003,1.0638968614796795
22.007125328,1.0639945999177913
22.009175273,1.0640574317708629
22.011179312000003,1.0641342262579507
22.013017817,1.0641830954770066
22.015063528000002,1.0641412075749588
22.01722174,1.0641342262579507
22.019124377,1.064099319672911
22.021056436000002,1.064043469136847
22.023190647,1.0638898801626715
22.025227301,1.0638898801626715
22.027067567000003,1.0638130856755836
22.029122566,1.0635547769462885
22.031052502,1.0635547769462885
22.033052684,1.0632894868999854
22.035023583,1.0627170189053314
22.036994451,1.0624168222739883
22.039001939000002,1.062214364080757
22.041100403,1.0620328498385496
22.043138197,1.0620328498385496
22.045055552,1.0618303916453182
22.04703723,1.061586045550039
22.049030931,1.0615092510629514
22.050994128000003,1.0615301950139753
22.053012363,1.061620952135079
22.054991053000002,1.0615720829160231
22.057009344,1.0615301950139753
22.059066614000002,1.0615511389649992
22.06121909,1.0615511389649992
22.063134083,1.0615441576479911
22.06505908,1.0615441576479911
22.067020825,1.061369624722792
22.068993950000003,1.0611950917975923
22.07101888,1.0611043346764888
22.073027497,1.060999614921369
22.075017788,1.0609926336043611
22.077019011,1.0611043346764888
22.0790198,1.0610554654574327
22.081331489,1.0610554654574327
22.083164774,1.0610554654574327
22.085200116000003,1.0610833907254646
22.087163885000002,1.0610833907254646
22.089101447,1.0611601852125523
22.09120627,1.0612369796996401
22.093068649000003,1.061299811552712
22.095213002,1.0614045313078315
22.097043735,1.0614673631609033
22.099025109000003,1.0615232136969672
22.10132987,1.0617047279391745
22.103391111,1.0617047279391745
22.105079191,1.061872279547366
22.107177466000003,1.0622004014467412
22.109086042,1.0623819156889485
22.111101976,1.062598336516196
22.113262785,1.062821738660451
22.115192962000002,1.0630241968536824
22.117027198000002,1.06310099134077
22.119075158,1.0632475989979377
22.121202638,1.0633732627040813
22.123226518000003,1.0633732627040813
22.125049785,1.0635268516782566
22.127176784000003,1.0636176087993605
22.129021284,1.0635757208973124
22.131054707,1.0635338329952646
22.132995371,1.0635059077272329
22.135120336,1.0633313748020334
22.137139602,1.0632615616319536
22.139189402000003,1.0631917484618738
22.141279075,1.0631079726577781
22.143720239,1.0630241968536824
22.145147377,1.0630241968536824
22.14706992,1.062856645245491
22.14900391,1.0625843738821799
22.151017442,1.0624377662250122
22.153011207000002,1.0623749343719406
22.155014866000002,1.0622911585678447
22.157014595,1.0622492706657969
22.159276799,1.0622004014467412
22.161210802000003,1.0622004014467412
22.163173516,1.062235308031781
22.165211195,1.062235308031781
22.167073518000002,1.0625005980780842
22.169163935,1.0628007947094271
22.171020167000002,1.0629404210495865
22.173198927,1.0629055144645467
22.175083735,1.0628636265624989
22.177132076000003,1.0628845705135228
22.179009724,1.0629613650006104
22.181221106000002,1.0629892902686424
22.183080890000003,1.0629892902686424
22.185060385,1.0630241968536824
22.187147964,1.062842682611475
22.189092775000002,1.062786832075411
22.191084590000003,1.062765888124387
22.193053887,1.0626960749543075
22.194997573000002,1.0626541870522594
22.196984365000002,1.0627240002223393
22.19902755,1.0627240002223393
22.201288265000002,1.0627240002223393
22.203363302,1.062779850758403
22.205159686000002,1.062779850758403
22.207055574,1.0628007947094271
22.20907671,1.0629823089516344
22.211103475,1.0630800473897462
22.213140260000003,1.0632685429489614
22.215067155,1.063408169289121
22.217101713,1.0635757208973124
22.219137540000002,1.0637991230415678
22.221338135,1.0638968614796795
22.223220241,1.0638968614796795
22.22515775,1.0640015812347992
22.227220889,1.0641551702089747
22.229184783,1.0641551702089747
22.231176397000002,1.0641830954770066
22.233211233000002,1.064071394404879
22.235182158,1.064036487819839
22.237007218000002,1.0639178054307035
22.239068517,1.063715347237472
22.241191793000002,1.0635966648483366
22.243082534000003,1.0635966648483366
22.245086152000002,1.063408169289121
22.247074414,1.0629683463176185
22.249044515,1.062598336516196
22.251002051,1.062235308031781
22.253008289,1.0619071861324059
22.254984538000002,1.061641896086103
22.256998827,1.0614045313078315
22.259037346000003,1.0612439610166482
22.261215577,1.0612439610166482
22.263088118000002,1.0612439610166482
22.265056562,1.0612858489186958
22.26703953,1.0612858489186958
22.26909882,1.0612649049676721
22.271104721,1.0613277368207439
22.273014813,1.061362643405784
22.275243164000003,1.0614883071119274
22.277023256,1.0614883071119274
22.279023126000002,1.0616837839881506
22.281417988,1.061872279547366
22.283179725,1.061872279547366
22.285105492000003,1.0620328498385496
22.287196140000002,1.062235308031781
22.289093737,1.0624028596399724
22.291084001,1.0625005980780842
22.293013402,1.0625145607121
22.295112639000003,1.0625005980780842
22.297081874,1.0625564486141477
22.299147835000003,1.0626611683692675
22.301238516,1.0627449441733634
22.303240098,1.0627449441733634
22.305156993,1.062821738660451
22.307055187000003,1.0629613650006104
22.309152152000003,1.0629055144645467
22.311183728000003,1.0629055144645467
22.31311286,1.0629613650006104
22.315057962,1.0631079726577781
22.317061512000002,1.063142879242818
22.319098914,1.0632336363639219
22.32140688,1.0632126924128977
22.323298042,1.0632126924128977
22.325225296000003,1.0632475989979377
22.327147716000002,1.0633942066551052
22.329319917000003,1.0635059077272329
22.331090513000003,1.0637293098714882
22.333022824,1.0637781790905438
22.335179279000002,1.0638130856755836
22.337233793000003,1.0637781790905438
22.339210928,1.0638130856755836
22.341328949,1.0639387493817274
22.343358449,1.0639387493817274
22.345412502000002,1.0640015812347992
22.347232424,1.0640015812347992
22.349243601,1.0639945999177913
22.351434490000003,1.0639108241136954
22.353193886,1.0638898801626715
22.355264989000002,1.0637921417245597
22.357160139,1.063750253822512
22.35922772,1.0637921417245597
22.36128319,1.0638340296266076
22.363249748,1.0638340296266076
22.365125502,1.0638340296266076
22.367237468000003,1.0638689362116478
22.369125844000003,1.063771197773536
22.371111638000002,1.0636385527503844
22.372972595,1.0635896835313285
22.374995066,1.0635757208973124
22.376971698000002,1.0636176087993605
22.37902602,1.0636176087993605
22.38118554,1.0636734593354242
22.383204640000002,1.0636734593354242
22.385127171,1.063715347237472
22.387120793,1.063715347237472
22.389128086000003,1.0637293098714882
22.391104724,1.063715347237472
22.393083721,1.0636944032864482
22.395060354,1.0637083659204642
22.397133358,1.0637991230415678
22.399261958,1.0638549735776317
22.401388848,1.0638689362116478
22.403299792000002,1.0637921417245597
22.405139552,1.0637921417245597
22.407238143,1.0639387493817274
22.409233165,1.0639387493817274
22.411196107000002,1.0639317680647193
22.413101861,1.0639806372837752
22.415171359000002,1.0639736559667674
22.417236068,1.064022525185823
22.419150389000002,1.0640574317708629
22.421382197,1.064071394404879
22.423416306,1.064071394404879
22.4250626,1.064099319672911
22.427142229,1.0639945999177913
22.429130254,1.0639596933327513
22.431346953000002,1.0638898801626715
22.433106516000002,1.0638898801626715
22.435065018000003,1.0638549735776317
22.437090555,1.063750253822512
22.439096308,1.0636734593354242
22.441440943,1.063715347237472
22.443095043000003,1.063715347237472
22.445099433000003,1.063771197773536
22.447048936,1.0636874219694403
22.449449795000003,1.0636176087993605
22.451056951,1.0636176087993605
22.453273173000003,1.0636874219694403
22.455295176,1.0635477956292807
22.457246249,1.063512889044241
22.459236702000002,1.063471001142193
22.461271967000002,1.0633523187530574
22.463310339000003,1.0633523187530574
22.465335448,1.0631638231938418
22.467185311,1.0628845705135228
22.469461457,1.0627589068073793
22.471055227,1.0627589068073793
22.473067687,1.0626402244182436
22.475079779,1.0623190838358767
22.477206568,1.0623330464698926
22.479132019,1.0623121025188687
22.481203795000003,1.0623121025188687
22.483102709,1.0623609717379245
22.4850934,1.0626053178332038
22.487292105,1.062779850758403
22.489052847,1.062779850758403
22.491067382,1.0630032529026585
22.493211375,1.0632825055829775
22.495180255,1.063415150606129
22.497107722000003,1.0635757208973124
22.49910625,1.0636664780184164
22.501083751000003,1.063750253822512
22.503092581,1.063750253822512
22.505151206,1.0638549735776317
22.507193683,1.0638549735776317
22.509068295000002,1.0641412075749588
22.511138899000002,1.0641621515259827
22.513247720000003,1.0641412075749588
22.515098214,1.0641412075749588
22.517233897,1.0641830954770066
22.519340895000003,1.0641761141599986
22.521136218000002,1.0641761141599986
22.523201583000002,1.0641412075749588
22.525186905,1.0641412075749588
22.527389422000002,1.0641342262579507
22.529165366,1.0641412075749588
22.531104515000003,1.0641621515259827
22.533145262,1.0641412075749588
22.535227244,1.0641621515259827
22.537058722,1.0641621515259827
22.539128909000002,1.0641551702089747
22.541193837,1.0641412075749588
22.543098385,1.0641412075749588
22.545068106000002,1.064022525185823
22.547155499000002,1.0640155438688153
22.549056423,1.0640155438688153
22.551013326,1.0639527120157433
22.552998962,1.0639527120157433
22.555015982,1.0640155438688153
22.557137983,1.0639945999177913
22.5592624,1.0639736559667674
22.561494185,1.0638898801626715
22.563309635000003,1.0638898801626715
22.565236505,1.0635966648483366
22.567182742,1.0633104308510095
22.569222160000002,1.0632615616319536
22.571351874,1.0633732627040813
22.573196668,1.0633732627040813
22.575140746000002,1.0633942066551052
22.577093079,1.0631708045108499
22.579070612000002,1.0629055144645467
22.581201506000003,1.0627170189053314
22.583118896000002,1.0627170189053314
22.585103030000003,1.0625145607121
22.587458385,1.0623749343719406
22.589143462000003,1.0623749343719406
22.591213201000002,1.062214364080757
22.593225582000002,1.0617745411092545
22.595109178,1.061565101599015
22.597177758,1.0614254752588554
22.599103819,1.0613975499908237
22.60125335,1.0614045313078315
22.603145075,1.0614045313078315
22.605168666,1.0613975499908237
22.607193458,1.0613975499908237
22.609085833,1.0614184939418476
22.611188347000002,1.0615441576479911
22.613227259000002,1.061620952135079
22.615112748,1.0616069895010631
22.617111828000002,1.0617745411092545
22.619056108000002,1.061872279547366
22.621381519,1.0620677564235894
22.623082765000003,1.0620677564235894
22.625063286000003,1.062235308031781
22.627016996000002,1.0625773925651718
22.629021236,1.0627449441733634
22.630990588000003,1.062821738660451
22.633005726,1.0629055144645467
22.635002664,1.0629613650006104
22.637039555,1.0631847671448658
22.639019848,1.0633313748020334
22.641140253,1.063464019825185
22.643144819,1.063464019825185
22.645076985000003,1.063512889044241
22.647062566000002,1.0636106274823525
22.649034264,1.0635477956292807
22.650966271,1.063512889044241
22.653007481000003,1.0635477956292807
22.654984302000003,1.0635757208973124
22.657034402,1.0635547769462885
22.658995453000003,1.0635338329952646
22.661172438,1.0635059077272329
22.663081705,1.0635059077272329
22.665047495000003,1.0635059077272329
22.667023113000003,1.0633523187530574
22.669079448,1.0632825055829775
22.671118216,1.0631079726577781
22.672984548000002,1.0628636265624989
22.675001742000003,1.0625355046631237
22.676985977,1.0620956816916214
22.678982965000003,1.0617745411092545
22.681194274000003,1.0614603818438955
22.683060514,1.0614603818438955
22.685042216000003,1.0611182973105047
22.687081194,1.0609018764832572
22.689008045,1.0609367830682972
22.690999775,1.0609367830682972
22.69298101,1.0609158391172733
22.694993314,1.0608948951662494
22.697002969,1.0608809325322335
22.699119075000002,1.0609647083363292
22.70119876,1.0609647083363292
22.703084797000002,1.0610135775553848
22.705043762000003,1.0613975499908237
22.707057876,1.061593026867047
22.708995445000003,1.0616069895010631
22.711051342,1.0616698213541347
22.713037039000003,1.0617535971582306
22.715029929,1.0618443542793343
22.717024125000002,1.0619351114004378
22.719000874000002,1.061956055351462
22.721186302000003,1.061956055351462
22.723083625,1.061956055351462
22.725029701,1.0619281300834298
22.727054657,1.0619281300834298
22.729023106,1.061872279547366
22.731044626000003,1.0617326532072067
22.733026152,1.0616837839881506
22.735004118000003,1.0615511389649992
22.737047771,1.0614673631609033
22.738990101000002,1.0614394378928715
22.741168245,1.0614394378928715
22.74314596,1.0615092510629514
22.745134637000003,1.0615092510629514
22.747110733000003,1.0615092510629514
22.749194415,1.0617117092561825
22.751071097,1.0617675597922465
22.753071128000002,1.0618652982303582
22.755194203000002,1.0620258685215416
22.757017139000002,1.0621585135446932
22.759006783,1.0623190838358767
22.761256292000002,1.0624796541270602
22.763078816,1.0624796541270602
22.765110235,1.0626611683692675
22.767087150000002,1.0630451408047064
22.769170764000002,1.0631917484618738
22.771159484000002,1.0631917484618738
22.773069758000002,1.0632615616319536
22.775025478,1.063142879242818
22.777005128000003,1.0631079726577781
22.779262802,1.0629892902686424
22.781202372000003,1.0628077760264352
22.783506246,1.0626053178332038
22.785266410000002,1.0626053178332038
22.787297684000002,1.0624587101760363
22.789312283,1.0624587101760363
22.791272896000002,1.0619700179854779
22.793245383000002,1.0615720829160231
22.795275984,1.0614464192098794
22.79729017,1.0612649049676721
22.799231589,1.0611043346764888
22.801237647,1.0610554654574327
22.803265338000003,1.0610554654574327
22.805104759000002,1.0611462225785364
22.807068845,1.061299811552712
22.809085728000003,1.06130679286972
22.811078965,1.0614813257949194
22.81315296,1.0616488774031108
22.81528085,1.0617047279391745
22.817173760000003,1.0617466158412225
22.819102681,1.0617885037432704
22.821566794000002,1.0617885037432704
22.823153882,1.0617885037432704
22.825125481,1.0617675597922465
22.827099565,1.0618443542793343
22.829171848,1.0617954850602784
22.83123849,1.0618234103283102
22.833310012000002,1.0618443542793343
22.835204651,1.0620258685215416
22.837084556,1.0621166256426453
22.839122253000003,1.062228326714773
22.841451973,1.0624028596399724
22.843175621,1.0624028596399724
22.845141063,1.0625564486141477
22.847214856,1.0625773925651718
22.849211577000002,1.0625215420291079
22.851013522000002,1.0625634299311557
22.853036101,1.0625005980780842
22.855030336000002,1.0625564486141477
22.857167274000002,1.0626751310032834
22.859122106,1.0627170189053314
22.861085471000003,1.0627170189053314
22.863168633,1.062842682611475
22.865048635,1.062842682611475
22.867060013,1.0630870287067542
22.869025897,1.063128916608802
22.871188836,1.0631847671448658
22.873044634000003,1.0631847671448658
22.875013666,1.0631917484618738
22.877061817,1.0631219352917942
22.879016017,1.0630660847557303
22.881252437,1.0630311781706903
22.883222836,1.0630311781706903
22.885198637000002,1.0629055144645467
22.887180506,1.0626541870522594
22.889155276,1.0625005980780842
22.890991732,1.0623190838358767
22.893183776,1.0620119058875257
22.894998325000003,1.0617466158412225
22.897091330000002,1.0614813257949194
22.899120336000003,1.0612858489186958
22.901154481000003,1.061257923650664
22.903247515,1.061257923650664
22.905127342,1.0612369796996401
22.90722221,1.0614045313078315
22.909185182,1.0615720829160231
22.911058114000003,1.0617954850602784
22.913098439000002,1.061976999302486
22.915117417,1.0619979432535098
22.917170445,1.0620537937895735
22.919096574,1.0621166256426453
22.921230009000002,1.062151532227685
22.923148749000003,1.062151532227685
22.925204052,1.0622004014467412
22.927253006,1.0622004014467412
22.929077828,1.0622981398848526
22.931163959000003,1.0625005980780842
22.933070908,1.062598336516196
22.935153500000002,1.0626960749543075
22.937165264,1.0627170189053314
22.939305768,1.062786832075411
22.941370563000003,1.062786832075411
22.943279541000003,1.0629474023665946
22.945238973000002,1.0633942066551052
22.94727496,1.063464019825185
22.949149520000002,1.0635338329952646
22.951152855,1.0635477956292807
22.95306218,1.0636176087993605
22.955179085,1.0635896835313285
22.957119513000002,1.0636106274823525
22.959431997000003,1.063750253822512
22.961260583,1.063750253822512
22.96336819,1.0637921417245597
22.965109603000002,1.0637921417245597
22.967192754000003,1.0639736559667674
22.969243071,1.0639596933327513
22.971784699,1.0639178054307035
22.973177330000002,1.0639178054307035
22.975108436000003,1.0638549735776317
22.97726158,1.0637572351395201
22.979013562000002,1.0636664780184164
22.981148291,1.0635268516782566
22.983158183,1.0635268516782566
22.985109137000002,1.063484963776209
22.98723813,1.0633523187530574
22.989103840000002,1.0632266550469138
22.991296645000002,1.0632057110958897
22.993237489000002,1.0631708045108499
22.995112156,1.063149860559826
22.997245017,1.063128916608802
22.999216002,1.0630870287067542
23.001222336,1.0630800473897462
23.003138412000002,1.0630800473897462
23.005048122,1.0630311781706903
23.007276852,1.0631638231938418
23.009114814,1.0632266550469138
23.011301719000002,1.0632825055829775
23.013158939,1.0632825055829775
23.015032688,1.063149860559826
23.017129369000003,1.0630451408047064
23.019143985000003,1.0630660847557303
23.021227025,1.0630241968536824
23.023335336000002,1.0630241968536824
23.025123459000003,1.0629264584155707
23.027088068,1.0628007947094271
23.029095944,1.0627589068073793
23.031087177,1.0627030562713153
23.03339111,1.0627030562713153
23.035127076000002,1.0627030562713153
23.037075428,1.0626751310032834
23.039107303,1.062786832075411
23.041268918,1.0628636265624989
23.043237994000002,1.0628636265624989
23.045207856,1.0629613650006104
23.047263066000003,1.0632475989979377
23.04924236,1.0633942066551052
23.051131773,1.0635059077272329
23.05324501,1.0636106274823525
23.055376261000003,1.0637362911884962
23.05713673,1.0637921417245597
23.059262684,1.0639317680647193
23.061337618000003,1.0639317680647193
23.063457448,1.0641202636239349
23.06528866,1.0641202636239349
23.067209633,1.0643017778661423
23.069192141000002,1.0642459273300784
23.071381219000003,1.0643436657681902
23.073308568,1.0643436657681902
23.075117291,1.0643436657681902
23.077182536000002,1.0643227218171663
23.079211942,1.0642808339151182
23.081345923,1.0641830954770066
23.083242939,1.0641830954770066
23.085187788000002,1.0641202636239349
23.087335284,1.0640015812347992
23.089301861000003,1.064022525185823
23.091462182,1.0639736559667674
23.093247097000003,1.0639736559667674
23.095255706,1.0639387493817274
23.097198049000003,1.0638200669925917
23.099190771,1.0638340296266076
23.101509114000002,1.063771197773536
23.103351082000003,1.063771197773536
23.105248719000002,1.0637293098714882
23.107275768,1.0636176087993605
23.109358418000003,1.0636176087993605
23.111183132,1.0635687395803046
23.113186876,1.0636315714333764
23.114989606,1.0636385527503844
23.117116398,1.0637572351395201
23.119071263000002,1.0638340296266076
23.121212838,1.0639527120157433
23.123524255000003,1.0639527120157433
23.125125727,1.0639736559667674
23.127219207000003,1.0638689362116478
23.129200872000002,1.063750253822512
23.131278074,1.0637362911884962
23.133172130000002,1.0636944032864482
23.135297612000002,1.0636315714333764
23.1372313,1.0635338329952646
23.139154051000002,1.0635477956292807
23.141535003,1.063429113240145
23.143365398,1.063429113240145
23.145169529,1.0633313748020334
23.147170709,1.0629892902686424
23.149481604,1.062842682611475
23.151207453,1.062842682611475
23.153069730000002,1.0626821123202914
23.155312682,1.0624726728100522
23.157111848000003,1.0624307849080044
23.15917827,1.0624796541270602
23.16137468,1.0625215420291079
23.163229868000002,1.0625215420291079
23.165058846,1.0625424859801318
23.167081318,1.0625215420291079
23.169164775000002,1.0625215420291079
23.171086519000003,1.0625005980780842
23.173094728000002,1.0625215420291079
23.175065542000002,1.0625215420291079
23.177024251000002,1.0625145607121
23.179026803000003,1.0624936167610761
23.181580398,1.0625215420291079
23.183162032000002,1.0625215420291079
23.185092304,1.0625634299311557
23.187132398000003,1.0626053178332038
23.189271814,1.0626821123202914
23.191087185,1.0626821123202914
23.193047501000002,1.0626751310032834
23.195166241000003,1.0626541870522594
23.197073302,1.062598336516196
23.199189073000003,1.0624796541270602
23.201119672,1.0623539904209165
23.203279041000002,1.0623539904209165
23.205312876,1.0621585135446932
23.207178816000003,1.0617326532072067
23.209088899,1.0615022697459433
23.211172396000002,1.0613835873568078
23.213297221,1.061299811552712
23.215237978,1.0612439610166482
23.217408130000003,1.061299811552712
23.219226549000002,1.0614045313078315
23.221321913,1.0614883071119274
23.223288599,1.0614883071119274
23.225262765,1.0615511389649992
23.227198425,1.0616069895010631
23.229171989,1.0615441576479911
23.23122378,1.0615092510629514
23.23317502,1.0615232136969672
23.235219871,1.0615232136969672
23.237180622,1.0615720829160231
23.239184848,1.0617745411092545
23.241410791,1.0617675597922465
23.243351571,1.0617675597922465
23.245343845,1.061914167449414
23.247191255,1.0621305882766612
23.249216001,1.0621934201297332
23.251214247,1.0623958783229643
23.253201478,1.0625773925651718
23.255250114000003,1.0627379628563554
23.257248633000003,1.062779850758403
23.259226737000002,1.062765888124387
23.261261806,1.062765888124387
23.263325988000002,1.062877589196515
23.265233811,1.062877589196515
23.267208425,1.0632685429489614
23.269221032,1.0633104308510095
23.271202966,1.0633104308510095
23.273239358,1.0632126924128977
23.275269063000003,1.0633453374360493
23.277178361,1.0633872253380972
23.279148584,1.0633872253380972
23.281607805,1.063415150606129
23.283308098000003,1.063415150606129
23.285388023000003,1.063484963776209
23.287225008,1.0634500571911691
23.289198656,1.063484963776209
23.29123938,1.0635477956292807
23.293186997000003,1.0635896835313285
23.295111234,1.0635896835313285
23.297186519,1.0636385527503844
23.299245354,1.063464019825185
23.301210418,1.063415150606129
23.303159643,1.063415150606129
23.305390042000003,1.0632685429489614
23.307127661000003,1.062842682611475
23.309129074,1.0626332431012357
23.311225963000002,1.0623958783229643
23.313306192000002,1.0623958783229643
23.315298853,1.0620887003746133
23.317237225000003,1.0614045313078315
23.319269805,1.0610624467744407
23.321439227000003,1.0607622501430978
23.323395597,1.0607622501430978
23.325228626,1.0605877172178984
23.327297105000003,1.0605877172178984
23.329213533,1.060671493021994
23.331161561000002,1.0607413061920739
23.333070751,1.0607901754111295
23.335070267000003,1.0608530072642013
23.337074105000003,1.0607901754111295
23.339172867000002,1.0607971567281376
23.341310604,1.0607971567281376
23.343199201,1.0608181006791615
23.345135324,1.0607413061920739
23.347131632,1.0608111193621534
23.349262378000002,1.0607971567281376
23.351147139000002,1.0608181006791615
23.353329591,1.0607343248750658
23.355162443,1.0607343248750658
23.357167957,1.0607552688260897
23.359094801,1.0607901754111295
23.361046443000003,1.0607622501430978
23.363272295,1.0608530072642013
23.365151408000003,1.0608530072642013
23.367112588,1.0609437643853052
23.369136386,1.0610205588723929
23.371257112000002,1.0609437643853052
23.373311295,1.0609367830682972
23.375179901000003,1.0609367830682972
23.377086719,1.0609926336043611
23.379034202,1.0609647083363292
23.381153952000002,1.0609647083363292
23.383241378,1.060978670970345
23.385326988000003,1.060978670970345
23.387221914,1.0611182973105047
23.389134867000003,1.0611182973105047
23.391126949,1.0610415028234166
23.393124965000002,1.061257923650664
23.395317387000002,1.061320755503736
23.397204243,1.061320755503736
23.399033485,1.0614045313078315
23.401098704000002,1.061627933452087
23.403149242,1.061627933452087
23.405094152,1.0617466158412225
23.407142856,1.0621934201297332
23.409151119,1.0621934201297332
23.411139749,1.0623400277869006
23.413056708000003,1.0623190838358767
23.415004506000002,1.0623400277869006
23.417021242,1.0623609717379245
23.419004616000002,1.0622911585678447
23.421194293000003,1.0622911585678447
23.423103240000003,1.0622911585678447
23.425084082,1.0621096443256373
23.427170311,1.0617954850602784
23.429051310000002,1.0617954850602784
23.431068406,1.0614045313078315
23.433030294,1.0611043346764888
23.434981845000003,1.0610833907254646
23.436994147,1.0612160357486162
23.438986210000003,1.0611671665295603
23.441186064,1.0610205588723929
23.443286919000002,1.0610205588723929
23.445145803000003,1.0608739512152254
23.447432472000003,1.060699418290026
23.449222761,1.060699418290026
23.451195747,1.0607971567281376
23.453158764,1.0609228204342813
23.455129298000003,1.060999614921369
23.457090424,1.0611392412615286
23.459131947000003,1.0612160357486162
23.461245773,1.0612649049676721
23.46316831,1.0612649049676721
23.46513406,1.061348680771768
23.467139653,1.0615511389649992
23.469107413,1.061620952135079
23.471120966,1.0616698213541347
23.473106931,1.0618094476942943
23.475208571000003,1.0618513355963421
23.477108372,1.061914167449414
23.479124781000003,1.061976999302486
23.481270097000003,1.0619351114004378
23.483228471,1.0619351114004378
23.485218499000002,1.06189322349839
23.487245578000003,1.0618303916453182
23.489107619000002,1.0618303916453182
23.491063231000002,1.0618094476942943
23.493045143,1.0617675597922465
23.495049866000002,1.0617675597922465
23.497207916,1.0617535971582306
23.499127483000002,1.0617326532072067
23.501350591,1.0616837839881506
23.503260280000003,1.0616837839881506
23.505129985,1.0616907653051586
23.507098213000003,1.0616698213541347
23.509056683,1.0616837839881506
23.511195567,1.0617117092561825
23.513099766,1.0616488774031108
23.515194792000003,1.0615301950139753
23.517111678000003,1.061320755503736
23.519082416,1.0612858489186958
23.521195557000002,1.061257923650664
23.523197433,1.061257923650664
23.525198512000003,1.0612020731146004
23.527187912000002,1.0609158391172733
23.529175910000003,1.0608181006791615
23.531087658,1.0608320633131774
23.53314095,1.0608739512152254
23.535236702000002,1.060978670970345
23.537042293000003,1.0609647083363292
23.539447983000002,1.0610345215064088
23.541165322,1.0610345215064088
23.543152877,1.0610345215064088
23.545192249000003,1.060978670970345
23.547115836000003,1.0608948951662494
23.549214827,1.0609367830682972
23.551099124,1.0609158391172733
23.553206158000002,1.0609018764832572
23.555179428000002,1.0608320633131774
23.557095501000003,1.0608320633131774
23.559095718000002,1.0608739512152254
23.561209768,1.0608948951662494
23.563084662,1.0608948951662494
23.565060614,1.0609926336043611
23.566984865000002,1.0614464192098794
23.569091675000003,1.061627933452087
23.571268322,1.0617885037432704
23.57321842,1.0619281300834298
23.57502432,1.0620747377405975
23.577202233,1.0622771959338286
23.57908163,1.0624936167610761
23.581185117,1.0627379628563554
23.583363803,1.0627379628563554
23.585204924000003,1.0629264584155707
23.587267077,1.063149860559826
23.589214684,1.063142879242818
23.591365159000002,1.06310099134077
23.593038318,1.0630032529026585
23.595233788,1.0629892902686424
23.597056449,1.0629474023665946
23.599036499,1.0630032529026585
23.601181442,1.0630241968536824
23.603097299,1.0630241968536824
23.605248218,1.0630311781706903
23.607262132000002,1.0630032529026585
23.609359870000002,1.0630032529026585
23.611381477000002,1.0629055144645467
23.613129848,1.0628357012944671
23.6151847,1.0628845705135228
23.617403206000002,1.0629194770985626
23.619108298,1.0629264584155707
23.621324803,1.0630660847557303
23.623298387000002,1.0630660847557303
23.625310819000003,1.0630591034387222
23.627213004,1.0630311781706903
23.629200605,1.0629823089516344
23.631361149,1.063128916608802
23.633102494000003,1.0633034495340015
23.635220448000002,1.063408169289121
23.637144946000003,1.063484963776209
23.639410625,1.063429113240145
23.641301598000002,1.0633872253380972
23.643498859,1.0633872253380972
23.645450193000002,1.0633104308510095
23.647216749000002,1.06310099134077
23.649351846000002,1.0630451408047064
23.651290984000003,1.0628845705135228
23.653380830000003,1.0628007947094271
23.655292939000002,1.0627449441733634
23.657137234,1.0627449441733634
23.659124888,1.0627449441733634
23.661477689,1.0626611683692675
23.663339590000003,1.0626611683692675
23.665157553,1.0626192804672199
23.667202466000003,1.062598336516196
23.669402767,1.0625773925651718
23.671125789,1.0625773925651718
23.673333116000002,1.062598336516196
23.675273075,1.0627589068073793
23.677319871,1.0629823089516344
23.679173091000003,1.0631638231938418
23.681340911000003,1.0633662813870732
23.683409,1.0633662813870732
23.685352576000003,1.0633453374360493
23.687412029,1.0635059077272329
23.689207748,1.0635896835313285
23.691259448,1.0636385527503844
23.693232161,1.0636874219694403
23.695312373,1.063715347237472
23.697354517,1.0636944032864482
23.699381138000003,1.0636944032864482
23.701251282,1.0637362911884962
23.703139792,1.0637362911884962
23.705080355,1.0637293098714882
23.707098297,1.0637781790905438
23.709061090000002,1.0638759175286556
23.711101521,1.0638340296266076
23.713099622,1.0637991230415678
23.715165869,1.0638130856755836
23.717034871000003,1.0637781790905438
23.719026308,1.0638898801626715
23.721319035,1.0638689362116478
23.723188743,1.0638689362116478
23.725133665,1.0638130856755836
23.727099489,1.0639387493817274
23.729147731,1.0638340296266076
23.731167076000002,1.0637991230415678
23.733225240000003,1.0636525153844003
23.735082584,1.0635059077272329
23.73710342,1.0633942066551052
23.739060205,1.0632615616319536
23.74124387,1.0630800473897462
23.743206247,1.0630800473897462
23.745195603000003,1.0630241968536824
23.747143408000003,1.063128916608802
23.749021268,1.063149860559826
23.751037188,1.0631638231938418
23.753128352,1.0631079726577781
23.755264249000003,1.0630660847557303
23.757294082,1.0630102342196663
23.759182764000002,1.0628357012944671
23.761382317000002,1.0627030562713153
23.763384919,1.0627030562713153
23.765305792000003,1.062598336516196
23.76714836,1.0626541870522594
23.76914859,1.0626332431012357
23.771200451000002,1.0626611683692675
23.773278584,1.062779850758403
23.775214402000003,1.062856645245491
23.777326677,1.0629613650006104
23.779326393,1.063149860559826
23.781607146000002,1.0633104308510095
23.783234139,1.0633104308510095
23.785230133000002,1.063484963776209
23.78745799,1.063750253822512
23.789356632,1.0638968614796795
23.791150362,1.064036487819839
23.79334318,1.0642249833790545
23.795271434,1.0642249833790545
23.797306475000003,1.0642389460130703
23.799251593,1.0642040394280305
23.801333147,1.0641830954770066
23.803436230000003,1.0641830954770066
23.805303633,1.0641761141599986
23.807321223000002,1.0639736559667674
23.809223339000003,1.0637781790905438
23.811324195,1.0635896835313285
23.813211791,1.063464019825185
23.815287349000002,1.0633034495340015
23.817201502000003,1.0630591034387222
23.819210424,1.062842682611475
23.821357701,1.0627030562713153
23.823448414,1.0627030562713153
23.825273121000002,1.0626402244182436
23.827223762000003,1.0629055144645467
23.829261647000003,1.0630660847557303
23.831235392,1.0630660847557303
23.833109995,1.0632475989979377
23.835189875,1.0632126924128977
23.837276002000003,1.063142879242818
23.839423589000003,1.0632615616319536
23.841530079,1.0632126924128977
23.843651694000002,1.0632126924128977
23.845219369000002,1.0630660847557303
23.847290103000002,1.0629055144645467
23.84959938,1.0627449441733634
23.851304986000002,1.0627449441733634
23.853242931,1.0626332431012357
23.855207911,1.0625564486141477
23.857132358,1.0625634299311557
23.859320293000003,1.0624517288590283
23.861483031000002,1.0624517288590283
23.863400056000003,1.0623539904209165
23.865216058,1.0619700179854779
23.867380862,1.0617256718901986
23.86922931,1.0617256718901986
23.871339151,1.0615441576479911
23.873206709,1.0611392412615286
23.875258480000003,1.0610624467744407
23.877200574,1.0611392412615286
23.879210353,1.0610973533594807
23.881286962,1.0610554654574327
23.883327411,1.0610554654574327
23.885275531,1.0610624467744407
23.887331141,1.0611252786275127
23.889324224000003,1.0611392412615286
23.891441689,1.0612020731146004
23.893170565000002,1.0612020731146004
23.895200141,1.061320755503736
23.897138408,1.0614394378928715
23.899339483000002,1.0615092510629514
23.901086122000002,1.0615022697459433
23.903218738000003,1.0615720829160231
23.905106741,1.0615720829160231
23.907038865,1.061593026867047
23.909054599,1.0617466158412225
23.911049176000002,1.0618443542793343
23.913053676,1.0619281300834298
23.915025070000002,1.0619979432535098
23.91703404,1.0620328498385496
23.919018830000002,1.0620119058875257
23.921342243,1.0619351114004378
23.923362787000002,1.061872279547366
23.925271297000002,1.061872279547366
23.927208281000002,1.0618862421813822
23.929157099,1.0616628400371266
23.931125489000003,1.0616628400371266
23.933087008,1.0615092510629514
23.935092944,1.061278867601688
23.937172339,1.0611252786275127
23.939118516,1.060999614921369
23.941167578,1.0610205588723929
23.943235121,1.0610135775553848
23.945216893,1.0610135775553848
23.947067053,1.0610345215064088
23.949039923,1.0609367830682972
23.951122649000002,1.0609228204342813
23.953199989,1.0609228204342813
23.95521819,1.060978670970345
23.957190279000002,1.0609647083363292
23.959384868,1.0610345215064088
23.961285435,1.0610345215064088
23.963186273,1.0611811291635764
23.965112908000002,1.0611811291635764
23.967162066,1.0609437643853052
23.969219611,1.0608390446301854
23.971152606,1.0607133809240419
23.973156707,1.0605597919498664
23.975261756000002,1.0604899787797868
23.977204669000002,1.0604760161457707
23.979202672000003,1.0605179040478185
23.981521397,1.0604760161457707
23.983086118000003,1.0604760161457707
23.985131408,1.0605528106328583
23.987334469,1.06072036224105
23.989139374,1.0607133809240419
23.991200309,1.0608599885812093
23.993133155000002,1.0610624467744407
23.995163041,1.0612439610166482
23.997187385,1.0614184939418476
23.999246232,1.061593026867047
24.001076519,1.0617885037432704
24.003168882,1.0617885037432704
24.00507616,1.0619909619365018
24.007073794,1.0619909619365018
24.009083457000003,1.0623958783229643
24.011012264,1.0625843738821799
24.013154189,1.0626751310032834
24.015147565000003,1.0626402244182436
24.017016697000003,1.062598336516196
24.019067408,1.0625005980780842
24.021078346000003,1.0624028596399724
24.023191095,1.0622911585678447
24.025060290000003,1.0622911585678447
24.027046773000002,1.0621305882766612
24.029024043,1.061956055351462
24.031048140000003,1.0618094476942943
24.033048277000002,1.0617256718901986
24.035081135000002,1.0616837839881506
24.037028903000003,1.0617256718901986
24.03901566,1.0616698213541347
24.041276410000002,1.0616907653051586
24.04311879,1.0616907653051586
24.04509638,1.0617047279391745
24.047046454,1.0617047279391745
24.049066213000003,1.0616488774031108
24.051050949,1.0615720829160231
24.053020131,1.0615301950139753
24.055007656,1.0614603818438955
24.05704027,1.0614603818438955
24.059031534000002,1.0614673631609033
24.061264889,1.0614184939418476
24.063117309000003,1.0614184939418476
24.065059056000003,1.0612369796996401
24.067037201,1.0610415028234166
24.069141376,1.0610554654574327
24.071079764,1.0610624467744407
24.073007478,1.0609647083363292
24.075031694,1.060999614921369
24.077032184,1.0608390446301854
24.079021709000003,1.06061564248593
24.081136195000003,1.0603922403416748
24.083144555,1.0603922403416748
24.085049474,1.0602246887334834
24.087053495000003,1.0603922403416748
24.089000681,1.0604760161457707
24.091030454000002,1.0604690348287629
24.093019697000003,1.0604480908777387
24.095028646000003,1.0605528106328583
24.097113705,1.0606086611689223
24.099079398,1.06065054907097
24.101270196,1.06065054907097
24.103196607,1.060671493021994
24.105272821,1.0610135775553848
24.107340042,1.0610415028234166
24.109115131000003,1.0610415028234166
24.111204344,1.0610554654574327
24.113210158,1.0611950917975923
24.115063372,1.0612369796996401
24.117103635000003,1.06130679286972
24.119170425,1.061320755503736
24.121238480000002,1.0614394378928715
24.123168319,1.0614394378928715
24.125295311000002,1.0614464192098794
24.127134352000002,1.0614254752588554
24.129287282,1.0614394378928715
24.13127134,1.0614464192098794
24.133326213,1.0613975499908237
24.13514292,1.0612858489186958
24.137127598000003,1.0613277368207439
24.139248971,1.06130679286972
24.141475969000002,1.0612160357486162
24.143185977,1.0612160357486162
24.1452786,1.0612649049676721
24.147195071000002,1.061348680771768
24.149265688,1.0614603818438955
24.151153625000003,1.0616069895010631
24.153049236,1.0617885037432704
24.155179063000002,1.0619071861324059
24.15718456,1.0618234103283102
24.159009334,1.0618234103283102
24.161333264000003,1.0618094476942943
24.163234384000003,1.0618094476942943
24.165160567,1.0616837839881506
24.167466563,1.0615022697459433
24.169088939,1.0615022697459433
24.171093428000002,1.0614184939418476
24.173257985000003,1.061257923650664
24.175225739000002,1.0612649049676721
24.177041252000002,1.0612160357486162
24.179088141,1.0612230170656243
24.181203469000003,1.0612649049676721
24.183126605,1.0612649049676721
24.185153179,1.0612369796996401
24.187215466,1.0611252786275127
24.189112787000003,1.0611252786275127
24.191031347000003,1.060978670970345
24.193064132,1.06072036224105
24.195052882000002,1.0605946985349062
24.197100843,1.0606086611689223
24.199162216,1.06061564248593
24.201268856000002,1.0605737545838823
24.203216922000003,1.0605737545838823
24.205100661000003,1.0604969600967946
24.207196818,1.060371296390651
24.209065323,1.0603154458545871
24.211096009000002,1.0601897821484434
24.213095257000003,1.0601828008314356
24.215099792,1.0603294084886032
24.217197390000003,1.0604271469267146
24.219133657,1.0604131842926987
24.221437141000003,1.0605179040478185
24.223242759,1.0605179040478185
24.225172371000003,1.0606086611689223
24.227134369,1.0607413061920739
24.22923923,1.0608530072642013
24.231140475,1.0609228204342813
24.233243667,1.060999614921369
24.235398818,1.0610973533594807
24.237149598000002,1.061257923650664
24.239260231000003,1.061348680771768
24.241431932,1.0614184939418476
24.243386799000003,1.0614184939418476
24.245271876,1.0615511389649992
24.247216477000002,1.0616069895010631
24.249216092,1.0615720829160231
24.251127222,1.0615441576479911
24.253170259,1.0614394378928715
24.255172321,1.061320755503736
24.257231295,1.0611392412615286
24.259421987000003,1.0609228204342813
24.261332729000003,1.06072036224105
24.263650248,1.06072036224105
24.265298363000003,1.0605388479988425
24.267198174,1.0602945019035632
24.26924898,1.0602945019035632
24.271264229,1.0602246887334834
24.273266109,1.0602246887334834
24.275245689000002,1.0601269502953719
24.277265339000003,1.0601618568804116
24.279294152000002,1.0600710997593081
24.281360506000002,1.06002921185726
24.283360461,1.06002921185726
24.285153502,1.060106006344348
24.287276532,1.0601688381974195
24.289228531000003,1.0601269502953719
24.291316605000002,1.0601269502953719
24.29333162,1.0601269502953719
24.295042037,1.0602037447824595
24.297112128000002,1.0601688381974195
24.299100989000003,1.0602665766355313
24.301271512000003,1.0602107260994675
24.303159105000002,1.0602107260994675
24.305162549000002,1.0602037447824595
24.307088613,1.060092043710332
24.309126852000002,1.060092043710332
24.311099910000003,1.060085062393324
24.313237373,1.0601269502953719
24.315167708,1.0601339316123797
24.317093146,1.0601828008314356
24.319109178,1.0601828008314356
24.321414552,1.0602456326845076
24.323196845000002,1.0602456326845076
24.325137183000002,1.0603294084886032
24.327216626000002,1.06061564248593
24.329197551,1.0608181006791615
24.331185893,1.0609926336043611
24.333453215000002,1.0611601852125523
24.335213624,1.0611601852125523
24.337104315,1.061320755503736
24.339155717,1.0614464192098794
24.341191601000002,1.0615022697459433
24.343204324000002,1.061593026867047
24.345071827,1.061593026867047
24.347207854,1.0616837839881506
24.349166616,1.0616907653051586
24.351056883000002,1.061565101599015
24.353076152,1.0614254752588554
24.355006111,1.0614254752588554
24.357140007,1.061278867601688
24.359139416,1.0611182973105047
24.361145038,1.0610833907254646
24.363167549,1.0610833907254646
24.365146475000003,1.0611043346764888
24.367286556,1.0612020731146004
24.369043859,1.0612020731146004
24.371040931000003,1.06130679286972
24.373099135,1.061257923650664
24.375227612,1.06134169945476
24.377115115000002,1.0614603818438955
24.379083339,1.0614673631609033
24.382045886,1.0613975499908237
24.384831681,1.0613975499908237
24.385734234,1.0614045313078315
24.387117929000002,1.0614045313078315
24.389119781,1.0614254752588554
24.391200102000003,1.0615022697459433
24.393094241,1.061565101599015
24.395143018000002,1.0616069895010631
24.397075137,1.0614883071119274
24.399071487,1.0613835873568078
24.401309674,1.0613975499908237
24.403494844,1.0613975499908237
24.405255566,1.0612230170656243
24.407449113000002,1.0609647083363292
24.409263975000002,1.0609647083363292
24.411240689000003,1.0609577270193211
24.413446832,1.0607901754111295
24.415405865,1.0606296051199462
24.417249547,1.0605946985349062
24.419334656,1.0605109227308105
24.421224553000002,1.0604062029756907
24.423109805000003,1.0604062029756907
24.425158178,1.0602665766355313
24.427118368000002,1.0602665766355313
24.429106607,1.0603154458545871
24.431116535,1.060357333756635
24.433135408000002,1.0604062029756907
24.43502274,1.0604062029756907
24.437044557,1.0604760161457707
24.439137278,1.0605318666818344
24.441320276000003,1.0605737545838823
24.443162176,1.0605737545838823
24.445103963,1.060671493021994
24.447003406,1.0606296051199462
24.449082142,1.0606086611689223
24.451029211,1.06065054907097
24.453057875000002,1.0606365864369542
24.455021709,1.060692436973018
24.457059626000003,1.0607552688260897
24.459030318,1.060699418290026
24.461189922000003,1.060692436973018
24.463230049,1.060692436973018
24.465213825000003,1.060671493021994
24.467440272,1.0605877172178984
24.469244207000003,1.0605877172178984
24.471176375000002,1.0606086611689223
24.473110293,1.0605318666818344
24.475184564000003,1.0605528106328583
24.477075151,1.0605318666818344
24.479109653000002,1.0604550721947468
24.481124351000002,1.0604760161457707
24.483332762,1.0604760161457707
24.485187817,1.0605179040478185
24.48718562,1.0603154458545871
24.489211524,1.060336389805611
24.4911774,1.060385259024667
24.493288713000002,1.0603154458545871
24.495256221,1.0603294084886032
24.497342599000003,1.0603503524396272
24.499205454000002,1.060357333756635
24.501237934000002,1.0603503524396272
24.503222716,1.0603503524396272
24.505209150000002,1.0602735579525393
24.507330162000002,1.0603154458545871
24.509152768,1.0603154458545871
24.511236317,1.060371296390651
24.513110112000003,1.060385259024667
24.514999382000003,1.0604760161457707
24.517169164000002,1.0604760161457707
24.519113367000003,1.0605179040478185
24.521191658000003,1.0605877172178984
24.523296577,1.0605877172178984
24.525189615000002,1.0605946985349062
24.527058646,1.0608111193621534
24.529146676,1.0609367830682972
24.531252045000002,1.0609926336043611
24.533236277,1.0610624467744407
24.535184144000002,1.0611950917975923
24.537005979,1.061320755503736
24.539115781000003,1.0614673631609033
24.541449970000002,1.0615441576479911
24.543137539,1.0615441576479911
24.545155236000003,1.0615511389649992
24.547168087000003,1.0615511389649992
24.549015663000002,1.0614883071119274
24.551138272000003,1.0614603818438955
24.553147607000003,1.0614464192098794
24.555086533,1.0614394378928715
24.557098358,1.0613975499908237
24.559202168000002,1.0614045313078315
24.561462667,1.0613835873568078
24.563448802,1.0613835873568078
24.565192978000002,1.061278867601688
24.567402837000003,1.0610415028234166
24.569192573000002,1.0610205588723929
24.571332347000002,1.0610833907254646
24.573314006,1.0610624467744407
24.575317855,1.0610135775553848
24.57711733,1.0609577270193211
24.579258172000003,1.0608390446301854
24.581489887,1.060692436973018
24.583361465000003,1.060692436973018
24.585158992,1.0605109227308105
24.587200125000003,1.0603503524396272
24.589033481,1.0603154458545871
24.591056314000003,1.0602875205865552
24.593210287,1.0601897821484434
24.595095158000003,1.0601478942463956
24.597094551,1.060106006344348
24.599253942,1.0600710997593081
24.60160737,1.060085062393324
24.603660937,1.060085062393324
24.605190264,1.060112987661356
24.607228571,1.060092043710332
24.609280560000002,1.060050155808284
24.611169381,1.0601269502953719
24.613253370000002,1.0601688381974195
24.615139798,1.060112987661356
24.617297881000002,1.0601478942463956
24.619162092,1.0601339316123797
24.621293278000003,1.060085062393324
24.623326016,1.060085062393324
24.625312037,1.0600710997593081
24.627256563000003,1.0599593986871803
24.629316998,1.0597988283959967
24.631188045000002,1.0596801460068612
24.633180837,1.0595265570326857
24.635196621000002,1.059456743862606
24.637179403,1.0594008933265422
24.639327520000002,1.0593380614734702
24.641402137,1.059219379084335
24.643212151,1.059219379084335
24.645282241,1.0593380614734702
24.647276697000002,1.059498631764654
24.649055970000003,1.0596801460068612
24.651219524000002,1.0598686415660767
24.653274301000003,1.0598686415660767
24.655271004000003,1.060050155808284
24.657083106,1.0602526140015154
24.659152553000002,1.0604550721947468
24.661391622,1.0605597919498664
24.663117789,1.0605597919498664
24.665190547,1.060678474339002
24.667124076,1.0609367830682972
24.66923673,1.0608948951662494
24.671310505,1.0608809325322335
24.673269555,1.0608809325322335
24.675223427000002,1.0609228204342813
24.67755575,1.0608809325322335
24.679090755,1.0608809325322335
24.681220726000003,1.0608599885812093
24.683238367,1.0608599885812093
24.685147831000002,1.0608948951662494
24.687292766000002,1.0609158391172733
24.689220955000003,1.0609367830682972
24.691214006000003,1.0608809325322335
24.693236180000003,1.0608809325322335
24.695110048,1.0608530072642013
24.697208931000002,1.0608111193621534
24.69923757,1.0607762127771136
24.701235213,1.0607901754111295
24.703135474000003,1.0607901754111295
24.705172119,1.0607901754111295
24.70727459,1.0606365864369542
24.709364388,1.0605388479988425
24.711295196000002,1.0604760161457707
24.713367897,1.0604271469267146
24.715310756,1.0604271469267146
24.717237401000002,1.060336389805611
24.719276808,1.0602665766355313
24.721404290000002,1.0601897821484434
24.723308112,1.0601897821484434
24.725197088,1.060022230540252
24.727281955000002,1.0599454360531644
24.729226775,1.0599454360531644
24.731249989000002,1.0599314734191483
24.733165117000002,1.0598407162980448
24.735308733,1.0598616602490687
24.737126200000002,1.0599244921021405
24.739227442,1.0599454360531644
24.741237682,1.0599454360531644
24.743321093000002,1.060001286589228
24.745194603,1.060001286589228
24.747169899000003,1.0601618568804116
24.749343484,1.060371296390651
24.751154839,1.060371296390651
24.753065778,1.0604550721947468
24.755049541,1.06065054907097
24.757026454000002,1.060671493021994
24.759048239000002,1.0606365864369542
24.761165548,1.060671493021994
24.763269748000003,1.060671493021994
24.765095012000003,1.060678474339002
24.76725044,1.06065054907097
24.769147396,1.06065054907097
24.771105236,1.0605179040478185
24.773334487000003,1.060371296390651
24.775098014,1.060385259024667
24.777086473,1.060385259024667
24.779431918,1.0603503524396272
24.781135111,1.0603503524396272
24.783240011,1.0603294084886032
24.785112937,1.0603294084886032
24.787165691000002,1.0604271469267146
24.789340448,1.0604271469267146
24.791312471,1.0605528106328583
24.793177513,1.0605528106328583
24.795217795000003,1.0605109227308105
24.797097494000003,1.0602526140015154
24.799189509,1.0602037447824595
24.801278092,1.0602037447824595
24.803212885,1.0601478942463956
24.805114675000002,1.0601339316123797
24.807174762000002,1.060106006344348
24.809115964,1.060085062393324
24.811347444000003,1.060112987661356
24.813102421,1.060112987661356
24.815102479,1.060001286589228
24.817173197000002,1.0599663800041883
24.819125934000002,1.0599663800041883
24.821269129,1.0598895855171004
24.823254839,1.0598895855171004
24.825235578,1.0599314734191483
24.827193099000002,1.0600641184423
24.829161006000003,1.060106006344348
24.831049126,1.0601688381974195
24.833151096,1.0601618568804116
24.835111791000003,1.0601688381974195
24.837118364000002,1.0600710997593081
24.839036538000002,1.060112987661356
24.841170678,1.060112987661356
24.843240041,1.060112987661356
24.845092273000002,1.060092043710332
24.847083827000002,1.060106006344348
24.849067958000003,1.0601688381974195
24.851113919000003,1.060336389805611
24.853082736,1.060385259024667
24.855160337,1.060357333756635
24.857104944000003,1.0604271469267146
24.859205886,1.0605109227308105
24.861244476000003,1.0606365864369542
24.863480745,1.0606365864369542
24.865090849,1.0608320633131774
24.867052458,1.0610554654574327
24.869238028,1.0610833907254646
24.871057824,1.0610833907254646
24.873073478000002,1.0610833907254646
24.875131072000002,1.0611252786275127
24.877041782000003,1.0611950917975923
24.879034502000003,1.0611182973105047
24.881281659000003,1.0610345215064088
24.883088452000003,1.0610345215064088
24.885185474,1.0610833907254646
24.887259074000003,1.060978670970345
24.889127602000002,1.0609367830682972
24.891139507000002,1.0607971567281376
24.893147480000003,1.0607413061920739
24.895202093,1.0606365864369542
24.897101664,1.06061564248593
24.899117256,1.0604550721947468
24.901340166,1.0604131842926987
24.903223421,1.0604131842926987
24.905206065,1.0603294084886032
24.907237465,1.060106006344348
24.909145934,1.0601618568804116
24.911273517,1.0602526140015154
24.913428895000003,1.0604969600967946
24.915237743000002,1.0605388479988425
24.917277831,1.0605179040478185
24.91922096,1.0605737545838823
24.921488512,1.0605946985349062
24.923269758,1.0605946985349062
24.925229304000002,1.0605877172178984
24.927233697000002,1.0605109227308105
24.929195631000002,1.0604550721947468
24.931248561,1.0605109227308105
24.933214973000002,1.0605318666818344
24.935197745,1.0604690348287629
24.937196086,1.0604899787797868
24.939259047,1.0604550721947468
24.941282647,1.0604062029756907
24.943332032,1.060371296390651
24.945183956,1.060371296390651
24.947112923000002,1.060357333756635
24.949187556000002,1.060357333756635
24.951080007,1.0602875205865552
24.953130592,1.060336389805611
24.955137028000003,1.060371296390651
24.957247935,1.0604480908777387
24.959025153000002,1.0604690348287629
24.961238711,1.0605179040478185
24.963192962,1.0605179040478185
24.965191286000003,1.0606296051199462
24.967125964,1.0608390446301854
24.969022812000002,1.0608599885812093
24.971054151,1.0608111193621534
24.97304428,1.06072036224105
24.975029979000002,1.0607622501430978
24.977055944,1.0607901754111295
24.979054026,1.0607413061920739
24.981141465,1.06065054907097
24.983266743,1.06065054907097
24.985226648,1.060678474339002
24.987145597,1.0606086611689223
24.98911873,1.0606296051199462
24.991149047,1.0606086611689223
24.993190913000003,1.06065054907097
24.995140854000002,1.060678474339002
24.997299667,1.0607901754111295
24.999120206,1.0607762127771136
25.001292409,1.0608739512152254
25.003210956,1.0608739512152254
25.00518349,1.0608320633131774
25.007391891,1.0607901754111295
25.009194331000003,1.0607901754111295
25.011202862,1.0612439610166482
25.013032627,1.0669686409631896
25.015330295000002,1.0680228198313941
25.017053438,1.0682741472436812
25.019104867000003,1.0685813251920324
25.021580437,1.0694260645499976
25.023166296000003,1.0694260645499976
25.025190406,1.070194009420875
25.027147654,1.070180046786859
25.029225491000002,1.0705779818563137
25.031253795,1.0716321607245185
25.033119904000003,1.0716321607245185
25.035134265,1.0731540878322574
25.037403655000002,1.0746690336229885
25.039108508,1.0746690336229885
25.041269104,1.0756394366870974
25.043189034,1.0756394366870974
25.045312339000002,1.0777338317894907
25.047473657,1.0782783745161129
25.049186247,1.0782783745161129
25.051213472,1.0782713931991048
25.053157666,1.0787251788046233
25.055093076000002,1.078850842510767
25.057051113,1.0789485809488786
25.059085581,1.0789625435828945
25.061388876000002,1.0790114128019506
25.063379674,1.0790114128019506
25.065114154000003,1.0789485809488786
25.067114075000003,1.078829898559743
25.069247107000002,1.0787461227556472
25.071198056,1.0787461227556472
25.073140489,1.0785436645624158
25.075118521,1.0780130844698097
25.077311220000002,1.0776849625704346
25.079155831,1.0773708033050757
25.081199552,1.0772451395989322
25.083318803,1.0772451395989322
25.085138875000002,1.0771892890628683
25.087353015,1.077259102232948
25.089222030000002,1.077259102232948
25.091125213,1.0772102330138922
25.093134282,1.0772241956479083
25.095136308,1.0771683451118443
25.097168204000003,1.0771474011608206
25.099200223,1.0771683451118443
25.101211966,1.0771683451118443
25.103263206,1.0771683451118443
25.105103367,1.0771683451118443
25.107057185000002,1.0771823077458602
25.109094353000003,1.0771055132587728
25.111115245,1.0770985319417647
25.113148779000003,1.0770566440397167
25.115298515000003,1.0770426814057008
25.117244096,1.0770636253567247
25.119222921000002,1.0770985319417647
25.12125482,1.0771194758927887
25.123459215,1.0771194758927887
25.125204668000002,1.0771055132587728
25.127276856,1.0770566440397167
25.129149143000003,1.077000793503653
25.131341184,1.0769379616505812
25.133186858000002,1.0767634287253818
25.135186516,1.0767424847743579
25.137158984000003,1.0765400265811265
25.139411248000002,1.0765819144831743
25.141279664000002,1.0765749331661663
25.143246995000002,1.0765749331661663
25.145537521,1.076616821068214
25.147214788000003,1.0765190826301025
25.149215714,1.0765958771171902
25.151266799000002,1.0766517276532541
25.153171489,1.0767355034573498
25.155163870000003,1.0768192792614455
25.157186169000003,1.0768751297975094
25.159459432000002,1.0769658869186132
25.161397504,1.0771194758927887
25.163345233,1.0771194758927887
25.165325961,1.077231176964916
25.167210275000002,1.077231176964916
25.169244656,1.077307971452004
25.171279322,1.0774685417431873
25.173212623,1.0775243922792512
25.175231837000002,1.0774475977921634
25.177220632,1.0774475977921634
25.179192561,1.0775313735962593
25.181295418,1.0775104296452354
25.183434564000002,1.0775104296452354
25.185335275,1.0774336351581475
25.187215519000002,1.0774336351581475
25.18929108,1.0774894856942114
25.191242142,1.0774894856942114
25.193195437,1.0774825043772034
25.195283084000003,1.0775523175472832
25.197130494000003,1.077566280181299
25.199240846000002,1.0776640186194109
25.20138914,1.0777268504724826
25.20345146,1.0777268504724826
25.205183505,1.0778315702276022
25.207195365,1.0778315702276022
25.209298008,1.0779921405187858
25.211269121,1.078173654760993
25.213193857,1.0783202624181605
25.215172409,1.0783202624181605
25.217349109,1.0784249821732803
25.219279254,1.078515739294384
25.221107948,1.0786064964154878
25.223419062,1.0787391414386394
25.225203204000003,1.0787391414386394
25.227171481000003,1.0787810293406872
25.229318926,1.0789625435828945
25.231186703000002,1.0790114128019506
25.233134865,1.0790672633380143
25.235292568000002,1.0790882072890382
25.237277566000003,1.0791650017761258
25.239295728000002,1.0793674599693572
25.241176434000003,1.079437273139437
25.243334072000003,1.079437273139437
25.245135964000003,1.079472179724477
25.247093560000003,1.0796536939666843
25.249424213,1.0796606752836924
25.251258421000003,1.0796606752836924
25.253400696,1.0796536939666843
25.255175656000002,1.0796536939666843
25.257364952000003,1.0796816192347163
25.259135677000003,1.079716525819756
25.261418199,1.0797025631857402
25.263440331,1.0797025631857402
25.265197044,1.07973746977078
25.267291189,1.0797025631857402
25.269214728,1.0797025631857402
25.271297216,1.0796955818687322
25.273280743,1.0796397313326684
25.275258190000002,1.0796397313326684
25.277186246000003,1.0796327500156606
25.279233708000003,1.0796606752836924
25.281580496,1.0795978434306204
25.283224589000003,1.0795978434306204
25.285328562,1.0796187873816445
25.287193268000003,1.0796187873816445
25.289511985,1.0796187873816445
25.291189009,1.0795978434306204
25.293195748000002,1.0795978434306204
25.295192059,1.0795768994795965
25.297226090000002,1.0795699181625884
25.299248457,1.0795559555285725
25.301328266000002,1.0795908621136125
25.303308725,1.0795908621136125
25.305115648,1.0795280302605408
25.307088878000002,1.079430291822429
25.309081225,1.079437273139437
25.311047227000003,1.0793953852373892
25.313044005000002,1.0792697215312457
25.315222278,1.0793465160183333
25.317090698,1.0792906654822694
25.319102673000003,1.0792278336291978
25.321253463,1.07915103914211
25.323299157,1.07915103914211
25.325208761000003,1.079144057825102
25.327275338000003,1.0791091512400621
25.329268928,1.0790463193869904
25.331171268000002,1.0790672633380143
25.333253711,1.079102169923054
25.335159472,1.0790323567529743
25.337283311,1.0790253754359664
25.339143798000002,1.0789206556808466
25.341218483000002,1.0789415996318705
25.343095985,1.0789415996318705
25.345126807000003,1.0789625435828945
25.34714827,1.078871786461791
25.349291177,1.0788857490958068
25.351252347000003,1.0789415996318705
25.353309583,1.0789415996318705
25.355172295000003,1.0789206556808466
25.357330347,1.0789276369978547
25.359123409000002,1.0789276369978547
25.361298255,1.0789904688509266
25.363124468000002,1.0789904688509266
25.365183404000003,1.0789834875339186
25.367148817,1.0790114128019506
25.369087599,1.0790323567529743
25.371172384,1.0790533007039982
25.373196472,1.079123113874078
25.37517944,1.079144057825102
25.377223737,1.079144057825102
25.379207791000002,1.0791859457271498
25.381365300000002,1.0791859457271498
25.383185668000003,1.0793255720673094
25.385210215,1.0793255720673094
25.387294038,1.0793465160183333
25.389359705,1.079458217090461
25.391218394000003,1.0795559555285725
25.393105532,1.0795489742115645
25.395156744,1.0795699181625884
25.397242694000003,1.0796118060646365
25.399099359,1.0797304884537722
25.401182195,1.0798003016238518
25.403195088,1.0798003016238518
25.405143867000003,1.0798980400619635
25.407139737,1.0800376664021232
25.409106158,1.080100498255195
25.411100549,1.0801982366933065
25.413207232,1.0802261619613385
25.415190629,1.0801563487912587
25.417141757000003,1.0802052180103145
25.419139190000003,1.0802052180103145
25.421480184,1.0801982366933065
25.423419097,1.0801982366933065
25.425212338,1.080135404840235
25.427278794000003,1.0801633301082667
25.429239587,1.080086535621179
25.431219278,1.080044647719131
25.433247999000002,1.0799748345490512
25.435159545,1.0799329466470033
25.437176476,1.0798421895258998
25.439200707,1.07973746977078
25.44133794,1.0796606752836924
25.44335054,1.0796606752836924
25.445131093,1.0795350115775488
25.447212482,1.0793325533843174
25.449167689000003,1.0792487775802218
25.451195866000003,1.0791929270441578
25.453154408000003,1.079102169923054
25.455121096000003,1.0789415996318705
25.457161834,1.078899711729823
25.4590968,1.078829898559743
25.461175818,1.0788089546087192
25.463498996000002,1.0788089546087192
25.465264435,1.0786972535365913
25.467241436000002,1.078536683245408
25.469216059,1.078536683245408
25.471201115000003,1.0784947953433601
25.473128562000003,1.0784040382222564
25.475189257,1.0783551690032007
25.477188905000002,1.078243467931073
25.479066801000002,1.078173654760993
25.481452899,1.078173654760993
25.483126600000002,1.0781317668589454
25.485030469,1.077936289982722
25.487428466,1.077894402080674
25.489181866000003,1.077894402080674
25.49113403,1.077866476812642
25.493117989,1.0777128878384667
25.495098770000002,1.0776919438874426
25.497104935000003,1.0775732614983071
25.499074783,1.0775453362302752
25.501374325,1.0775243922792512
25.503218850000003,1.0775243922792512
25.505315635000002,1.0774475977921634
25.507285003000003,1.0774475977921634
25.509172185,1.077363821988068
25.511132983000003,1.077280046183972
25.513089688,1.0772102330138922
25.515115635,1.0771823077458602
25.517169088000003,1.0771055132587728
25.519103712000003,1.0771194758927887
25.521337431000003,1.0770985319417647
25.52315901,1.0770985319417647
25.525165942,1.0770426814057008
25.527116132000003,1.0770217374546769
25.529166634000003,1.077028718771685
25.531079232000003,1.077028718771685
25.533060586,1.0770636253567247
25.535171905000002,1.0770636253567247
25.537096307000002,1.077028718771685
25.539082724,1.0771194758927887
25.541224394,1.0771264572097967
25.543259349000003,1.0771264572097967
25.545129603000003,1.0771823077458602
25.547161780000003,1.077280046183972
25.54908138,1.0773219340860198
25.551159083,1.077342878037044
25.553072064000002,1.0773917472560999
25.555121222,1.0774126912071236
25.557174543000002,1.0774266538411394
25.559148112000003,1.0774336351581475
25.561258565000003,1.0774336351581475
25.563413954,1.0774336351581475
25.565129325,1.0775104296452354
25.567115644,1.0774266538411394
25.569175281000003,1.0774685417431873
25.571048106000003,1.0774475977921634
25.573145016,1.0774266538411394
25.575176839,1.0774894856942114
25.577200409000003,1.0774336351581475
25.579216579,1.0773847659390918
25.581209653000002,1.0773917472560999
25.583298327,1.0773917472560999
25.585091197,1.0774126912071236
25.587130573000003,1.0774126912071236
25.589074466000003,1.0774685417431873
25.591037488,1.0774825043772034
25.593313365,1.0775104296452354
25.595062604000002,1.0775104296452354
25.597086803,1.0775453362302752
25.599050819000002,1.077608168083347
25.601168947,1.0776291120343708
25.603281284,1.0776291120343708
25.605157265000003,1.0777059065214587
25.607282185000003,1.0777757196915385
25.609078565,1.0777757196915385
25.611066783000002,1.0777757196915385
25.613056296,1.0778874207636662
25.615202001,1.077894402080674
25.617083418,1.07787345812965
25.619027372,1.077936289982722
25.621269871000003,1.0779711965677619
25.623315624,1.0779711965677619
25.625291449000002,1.077915346031698
25.627180526,1.07797817788477
25.629094577,1.077957233933746
25.631225158000003,1.0780340284208336
25.63306615,1.0780549723718573
25.635077064,1.07797817788477
25.637146719,1.07797817788477
25.639072069,1.0779711965677619
25.641260820000003,1.0779921405187858
25.643303682000003,1.0779921405187858
25.645142550000003,1.077950252616738
25.647147988,1.077957233933746
25.649231513,1.077894402080674
25.651091187000002,1.0777757196915385
25.653113627000003,1.0777477944235065
25.655052489000003,1.0777547757405146
25.657179997,1.0777268504724826
25.65910753,1.077650055985395
25.661184986000002,1.0775453362302752
25.663439613,1.0775453362302752
25.665186501,1.0775732614983071
25.667221247,1.0775732614983071
25.669248395,1.0775243922792512
25.67118942,1.0774475977921634
25.673205784,1.0774126912071236
25.675121728,1.0774336351581475
25.677193311,1.0774266538411394
25.679085844000003,1.077363821988068
25.681189655,1.0773917472560999
25.683207921,1.0773917472560999
25.685168490000002,1.0774475977921634
25.68719854,1.0773498593540518
25.689343492000003,1.0774126912071236
25.691091255,1.0774126912071236
25.693173442000003,1.0774057098901157
25.695076592000003,1.0774057098901157
25.697178596,1.0774336351581475
25.699188665,1.0774126912071236
25.701246678,1.0774126912071236
25.70320875,1.0774126912071236
25.705175386,1.0774126912071236
25.707170989,1.0773498593540518
25.709307759,1.0773498593540518
25.711261113000003,1.0773498593540518
25.713080341,1.0774126912071236
25.715150952000002,1.0773708033050757
25.717222829,1.077307971452004
25.719120481,1.0773289154030279
25.721352104,1.0773498593540518
25.7231384,1.0773498593540518
25.725083729,1.077342878037044
25.727050677,1.077363821988068
25.72928582,1.0774057098901157
25.731051568,1.0774057098901157
25.733065174,1.0773498593540518
25.735045519000003,1.0775034483282275
25.737044081,1.0774475977921634
25.739044427000003,1.0774336351581475
25.741418126000003,1.0774894856942114
25.743223792000002,1.0774894856942114
25.745234467000003,1.0774685417431873
25.747221543000002,1.0775453362302752
25.749189108000003,1.0775732614983071
25.751049485000003,1.077587224132323
25.753089813000003,1.0775732614983071
25.755076076,1.077615149400355
25.757232304000002,1.077587224132323
25.759013758000002,1.0776291120343708
25.76119539,1.077608168083347
25.76324525,1.077608168083347
25.765113845000002,1.077615149400355
25.767201290000003,1.077594205449331
25.769109112000002,1.077594205449331
25.771071080000002,1.077615149400355
25.773059455000002,1.077608168083347
25.775050756000002,1.077587224132323
25.777040833,1.0775732614983071
25.779017918,1.077587224132323
25.781318968,1.077566280181299
25.783137202000002,1.077566280181299
25.785092814000002,1.077566280181299
25.787129456000002,1.0775313735962593
25.789127375000003,1.0775313735962593
25.791166631000003,1.077587224132323
25.793139803000003,1.077608168083347
25.795188852000003,1.077566280181299
25.797134057,1.0775313735962593
25.799006768,1.077608168083347
25.801184831,1.0775732614983071
25.803189622,1.0775732614983071
25.805102412,1.077587224132323
25.807037973,1.077615149400355
25.8091723,1.0775313735962593
25.811127018,1.0775243922792512
25.813085874000002,1.077566280181299
25.815096051,1.077594205449331
25.817220162,1.0775453362302752
25.819095859,1.0775104296452354
25.821181807000002,1.0775732614983071
25.823183327000002,1.0775732614983071
25.825184285000002,1.0775732614983071
25.827384769000002,1.0775732614983071
25.829156954000002,1.0774825043772034
25.831126920000003,1.0774894856942114
25.833224171,1.0775243922792512
25.835107244000003,1.0774894856942114
25.837092836,1.0775243922792512
25.839026075000003,1.077566280181299
25.841293626000002,1.0774685417431873
25.843282388000002,1.0774685417431873
25.845142976,1.0774825043772034
25.847140486,1.0775313735962593
25.849130025,1.0775313735962593
25.851209834000002,1.0774685417431873
25.853322936,1.0775243922792512
25.855141430000003,1.0774825043772034
25.857102111000003,1.0775243922792512
25.859121205,1.0775243922792512
25.861250869000003,1.0775034483282275
25.863294216,1.0775034483282275
25.865133259,1.0775313735962593
25.867152849,1.0775523175472832
25.869335939000003,1.0775523175472832
25.871171345,1.0775243922792512
25.873084742000003,1.0774825043772034
25.87510078,1.0775243922792512
25.877072773000002,1.0775523175472832
25.879048607,1.0775243922792512
25.881253002,1.0775243922792512
25.883243041,1.0775243922792512
25.885126514000003,1.0775313735962593
25.887094899,1.0775034483282275
25.889104107,1.0775523175472832
25.891390158,1.077566280181299
25.893262236,1.0775104296452354
25.895340344,1.0775453362302752
25.897215601000003,1.0775453362302752
25.899103107000002,1.077566280181299
25.901255420000002,1.077566280181299
25.903269396000002,1.0775313735962593
25.905236687000002,1.0775313735962593
25.907183998,1.0775243922792512
25.909111478000003,1.0775034483282275
25.911178366,1.0775034483282275
25.913096767000003,1.0774475977921634
25.915061463,1.0775313735962593
25.917074577,1.0775453362302752
25.919076388,1.0775732614983071
25.921188426,1.0775523175472832
25.923208181000003,1.0775523175472832
25.925110669000002,1.0775453362302752
25.927072221000003,1.0775453362302752
25.929032308,1.077594205449331
25.931032388000002,1.0775523175472832
25.933035708000002,1.0775453362302752
25.935069954000003,1.0775313735962593
25.937063596,1.0775732614983071
25.939214398,1.0775523175472832
25.941306993,1.0775523175472832
25.943293295,1.0775523175472832
25.945173691,1.0775732614983071
25.947086706,1.0775104296452354
25.949163449,1.0775453362302752
25.951147072,1.0775104296452354
25.953120473000002,1.0774685417431873
25.955378916,1.0775313735962593
25.957145786,1.0775313735962593
25.959064561,1.0775453362302752
25.961316627000002,1.0775313735962593
25.963183295,1.0775313735962593
25.965193746,1.0775104296452354
25.967178576000002,1.0775104296452354
25.969254245000002,1.0775453362302752
25.971174925000003,1.0775104296452354
25.973169505,1.0775313735962593
25.975240775000003,1.0774894856942114
25.977247777000002,1.0775453362302752
25.979201856000003,1.0775104296452354
25.981143722000002,1.0774825043772034
25.983191345,1.0774825043772034
25.985160147000002,1.0775243922792512
25.987107849,1.0775453362302752
25.989216219000003,1.0774615604261795
25.991092193,1.0774615604261795
25.993077102,1.0775313735962593
25.995164179000003,1.0774615604261795
25.997164729,1.0774685417431873
25.99910407,1.0775034483282275
26.001268075000002,1.0774894856942114
26.003184508,1.0774894856942114
26.005159123000002,1.0775034483282275
26.007356421,1.0775034483282275
26.009152073000003,1.0774615604261795
26.011105566,1.0774894856942114
26.013342255,1.0774825043772034
26.015179829,1.0774475977921634
26.017215148000002,1.0774615604261795
26.019270453,1.0775034483282275
26.021493764000002,1.0774685417431873
26.023330927,1.0774685417431873
26.025216004,1.0774825043772034
26.027427923,1.0774894856942114
26.029086066,1.0774894856942114
26.031145675,1.0774685417431873
26.033115673,1.0775313735962593
26.035124513000003,1.0774475977921634
26.037156762000002,1.0775104296452354
26.039174663,1.0775453362302752
26.041233719,1.0775523175472832
26.043251761,1.0775523175472832
26.045123843000002,1.0775104296452354
26.047183784,1.0775104296452354
26.049174317000002,1.0775104296452354
26.051145957000003,1.0775313735962593
26.053118837000003,1.0775104296452354
26.055151278,1.0775453362302752
26.057025415000002,1.0775453362302752
26.059194154,1.0775523175472832
26.061212189000003,1.0775313735962593
26.063157826,1.0775313735962593
26.065079912,1.0775523175472832
26.067090878000002,1.0775523175472832
26.069097873,1.0775243922792512
26.071039735000003,1.077566280181299
26.073094962000003,1.077566280181299
26.075043721,1.0774894856942114
26.077062751000003,1.077566280181299
26.079033972,1.0775523175472832
26.081249669,1.077566280181299
26.083202918,1.077566280181299
26.085140828,1.0775732614983071
26.087152653,1.0775313735962593
26.089037157,1.077587224132323
26.091076352,1.077587224132323
26.093043966000003,1.0775732614983071
26.095026776,1.0775732614983071
26.097049399000003,1.077587224132323
26.099042367000003,1.077594205449331
26.101175299,1.0775732614983071
26.103143675000002,1.0775732614983071
26.105113498,1.0775732614983071
26.107092009000002,1.0775523175472832
26.109060264,1.0775453362302752
26.111041143,1.0775732614983071
26.113068827000003,1.077608168083347
26.115049582,1.0775523175472832
26.117050142,1.077566280181299
26.119246678000003,1.077615149400355
26.121077194,1.077615149400355
26.123214177,1.0775104296452354
26.125081488000003,1.0775104296452354
26.127053606,1.0775732614983071
26.129069008000002,1.077594205449331
26.131044142,1.0775453362302752
26.133077367000002,1.077594205449331
26.135068968000002,1.0775523175472832
26.137047692000003,1.077608168083347
26.139059125000003,1.077566280181299
26.141130265,1.0775523175472832
26.143260293,1.077587224132323
26.145088222000002,1.077587224132323
26.147137190000002,1.0775732614983071
26.149081202,1.0774894856942114
26.151155393000003,1.077608168083347
26.153017295,1.0775313735962593
26.155074318,1.0775243922792512
26.157052814,1.0775104296452354
26.159065885,1.0775523175472832
26.161297592,1.0775243922792512
26.163099860000003,1.0775243922792512
26.165095316000002,1.0775523175472832
26.167157939000003,1.0775034483282275
26.169143235,1.0775313735962593
26.171065555000002,1.0775313735962593
26.173121287,1.0775243922792512
26.175212272000003,1.0775243922792512
26.17705329,1.077594205449331
26.17900798,1.0775104296452354
26.181139371,1.0775453362302752
26.183184266,1.0775453362302752
26.185111082000002,1.0775034483282275
26.187155206,1.0775523175472832
26.189094512,1.0775523175472832
26.191055179000003,1.0775453362302752
26.193034275000002,1.0775243922792512
26.195072827,1.0775104296452354
26.197037717,1.0775243922792512
26.199156327,1.0775034483282275
26.201085130000003,1.0775034483282275
26.203199104000003,1.0775104296452354
26.205116150000002,1.0775104296452354
26.207110288000003,1.0775104296452354
26.209089518000003,1.0775453362302752
26.211189706000003,1.0775453362302752
26.213142582000003,1.0775243922792512
26.215204939000003,1.0775104296452354
26.217120088,1.0775453362302752
26.219181323,1.0775523175472832
26.221260713000003,1.0775523175472832
26.223364641,1.0775523175472832
26.225219167000002,1.0775523175472832
26.227197123000003,1.0775313735962593
26.229271885000003,1.0775243922792512
26.231346179000003,1.0775104296452354
26.233152764000003,1.0775453362302752
26.235270305,1.0774825043772034
26.237474476000003,1.0775453362302752
26.23950928,1.0775453362302752
26.241276452,1.0775453362302752
26.243555177,1.0775453362302752
26.245107955,1.0775034483282275
26.247206007000003,1.0775313735962593
26.249292094,1.0775313735962593
26.251195390000003,1.0775313735962593
26.253197324000002,1.0775034483282275
26.255155031,1.077566280181299
26.257163593,1.0775313735962593
26.259101048,1.0775732614983071
26.261176346000003,1.077587224132323
26.263295113,1.077587224132323
26.265160602,1.077566280181299
26.267204722000002,1.077587224132323
26.269223134,1.0776360933513789
26.271278102,1.0775523175472832
26.273209191000003,1.0775453362302752
26.275175525,1.0775313735962593
26.277200753000002,1.077566280181299
26.279273576,1.077566280181299
26.281077271,1.077566280181299
26.283324753000002,1.0775243922792512
26.285091563,1.0775243922792512
26.287395863,1.0775732614983071
26.28927004,1.0775453362302752
26.291322419,1.0775453362302752
26.293081766,1.0775523175472832
26.295224947,1.0775732614983071
26.297039511,1.0775453362302752
26.299074267,1.077587224132323
26.301116398,1.077587224132323
26.303240549,1.0775523175472832
26.305157124,1.0775523175472832
26.307122566,1.077587224132323
26.309108493,1.0775523175472832
26.311129867000002,1.0775523175472832
26.313085225000002,1.077566280181299
26.315127242000003,1.0775313735962593
26.317056269000002,1.0775034483282275
26.319358530000002,1.077594205449331
26.321121377,1.077594205449331
26.323343197000003,1.077587224132323
26.325219012,1.077587224132323
26.327443001000002,1.0775453362302752
26.329213764000002,1.0775732614983071
26.331241014000003,1.077587224132323
26.333338787000002,1.0775104296452354
26.335259147000002,1.077608168083347
26.337213362,1.0776360933513789
26.339258887000003,1.077587224132323
26.341558629,1.077587224132323
26.343188133,1.077587224132323
26.345322527,1.0775732614983071
26.347123862,1.0775732614983071
26.349118179,1.0775523175472832
26.351283296000002,1.0775453362302752
26.353088671000002,1.0775453362302752
26.355086416000002,1.077587224132323
26.357106921000003,1.077594205449331
26.359103218,1.077566280181299
26.361340481000003,1.077566280181299
26.363336583000002,1.077566280181299
26.36521125,1.0775523175472832
26.367127278,1.077566280181299
26.369253524,1.0775453362302752
26.371196555,1.0775523175472832
26.373174868000003,1.0775523175472832
26.375219516,1.0775313735962593
26.377119236000002,1.077594205449331
26.379204512,1.077566280181299
26.381430650000002,1.077566280181299
26.383290599000002,1.0775313735962593
26.385217105000002,1.0775313735962593
26.387147709,1.0775453362302752
26.389449114,1.0776291120343708
26.391373795000003,1.0775453362302752
26.393461234,1.0775104296452354
26.395259165000002,1.0775313735962593
26.397427302,1.0775523175472832
26.399276307,1.0775523175472832
26.401265401000003,1.0775453362302752
26.403220317000002,1.0775453362302752
26.405187456,1.077566280181299
26.407210891000002,1.0775243922792512
26.409156494,1.0775243922792512
26.41120864,1.077566280181299
26.413081563000002,1.0775313735962593
26.415142872,1.0775453362302752
26.417134824,1.0775732614983071
26.419098878000003,1.077587224132323
26.421117017,1.0775453362302752
26.423335906000002,1.0775453362302752
26.425125951000002,1.077566280181299
26.427194964,1.077566280181299
26.429093646000002,1.077566280181299
26.431097480000002,1.0775313735962593
26.433063752000002,1.0775453362302752
26.435028781000003,1.0775523175472832
26.437081470000003,1.0775523175472832
26.439107507000003,1.0775523175472832
26.441147247,1.0775313735962593
26.443141692,1.0775313735962593
26.445168374,1.0775732614983071
26.447163308,1.0775523175472832
26.449154809000003,1.0775453362302752
26.451093876,1.0775453362302752
26.45305643,1.0775243922792512
26.455073843,1.0775243922792512
26.457024247000003,1.077566280181299
26.459072561000003,1.0775453362302752
26.461406752000002,1.0775523175472832
26.463211673,1.0775523175472832
26.465161363,1.0775243922792512
26.467126069000003,1.0775243922792512
26.469108221000003,1.077608168083347
26.471028228,1.0775453362302752
26.473257699,1.077608168083347
26.475181850000002,1.077608168083347
26.477223504,1.077594205449331
26.479093285,1.0775732614983071
26.481479693,1.077566280181299
26.483142305,1.077566280181299
26.485218187,1.0775732614983071
26.487227082,1.0775732614983071
26.489224068000002,1.077587224132323
26.491107600000003,1.0775453362302752
26.493163029,1.0775732614983071
26.495201303,1.077594205449331
26.49711285,1.0775313735962593
26.499104776000003,1.077566280181299
26.501273437000002,1.077587224132323
26.503271686,1.077587224132323
26.505212977000003,1.0775732614983071
26.507230741,1.077594205449331
26.509027851000003,1.0775732614983071
26.511239206000003,1.077587224132323
26.513069112,1.0775313735962593
26.515141133,1.0775732614983071
26.517110847,1.077650055985395
26.519192525,1.077594205449331
26.521296974000002,1.077594205449331
26.523220387000002,1.0775313735962593
26.525160073000002,1.0775523175472832
26.527168243000002,1.077566280181299
26.529165250000002,1.0775732614983071
26.531223821,1.077587224132323
26.533137838000002,1.0775523175472832
26.535236617000002,1.0775313735962593
26.537198107000002,1.077566280181299
26.539352868,1.077615149400355
26.541140899000002,1.077566280181299
26.543324157,1.0775732614983071
26.545352693,1.0775732614983071
26.547187861,1.0775453362302752
26.549079212000002,1.077587224132323
26.551081652,1.077566280181299
26.553080537000003,1.077587224132323
26.555186980000002,1.0775313735962593
26.557169538,1.0775523175472832
26.559246906000002,1.077615149400355
26.561256386,1.077594205449331
26.563192051,1.077594205449331
26.565185234,1.0775453362302752
26.567203711,1.077566280181299
26.569113677,1.077587224132323
26.571262041,1.0775453362302752
26.573217223,1.077566280181299
26.575249507000002,1.0775732614983071
26.577241825,1.0775523175472832
26.579074084000002,1.077566280181299
26.581208049,1.077594205449331
26.583309143,1.077594205449331
26.585287620000003,1.0775313735962593
26.587206675,1.0775313735962593
26.589285309,1.0775243922792512
26.591107493000003,1.0775732614983071
26.593132274000002,1.0775034483282275
26.595114895000002,1.0775523175472832
26.597121362000003,1.077615149400355
26.599467655,1.0775523175472832
26.601552650000002,1.0775523175472832
26.603427536,1.0775523175472832
26.605470714000003,1.0775523175472832
26.607495393,1.0775313735962593
26.609233691,1.0775453362302752
26.611175326,1.0775453362302752
26.613362891,1.0775523175472832
26.615271816,1.077587224132323
26.617321611,1.0775313735962593
26.619324603000003,1.0774894856942114
26.621406395,1.077566280181299
26.623416278,1.077566280181299
26.625435051,1.077566280181299
26.627454593000003,1.0775243922792512
26.629302768000002,1.0775243922792512
26.63163464,1.077566280181299
26.633187236,1.077566280181299
26.635243544,1.077587224132323
26.637378563000002,1.0775523175472832
26.639315011,1.0775732614983071
26.641685932,1.0775313735962593
26.643322939,1.0775313735962593
26.645375997000002,1.0775313735962593
26.647229021,1.077566280181299
26.649296593000003,1.0775453362302752
26.651245845000002,1.077566280181299
26.653300054000002,1.0775243922792512
26.655344809000002,1.077566280181299
26.657276948000003,1.0775453362302752
26.659312673000002,1.077566280181299
26.661311904,1.077566280181299
26.663284842000003,1.077608168083347
26.665186708,1.077608168083347
26.66728157,1.0775034483282275
26.669349326000003,1.077587224132323
26.671313518,1.077587224132323
26.673315087000002,1.0775104296452354
26.675210769000003,1.077566280181299
26.677270283000002,1.0776291120343708
26.679290103000003,1.0775453362302752
26.681440768,1.0775453362302752
26.683476597000002,1.0775453362302752
26.685408051000003,1.0775523175472832
26.687237191,1.0775243922792512
26.689592763,1.077587224132323
26.691177286000002,1.077587224132323
26.693187123,1.0775523175472832
26.695253006,1.077566280181299
26.697234016000003,1.0775732614983071
26.699445521,1.0775243922792512
26.701400209000003,1.0775243922792512
26.703364239000003,1.0775313735962593
26.705449293,1.0775313735962593
26.707156628,1.0775243922792512
26.709220258000002,1.077594205449331
26.711544847000003,1.0775313735962593
26.713250394000003,1.0775313735962593
26.715207422000002,1.0774894856942114
26.717261378,1.077566280181299
26.719234677000003,1.077594205449331
26.721408792000002,1.077587224132323
26.723230868,1.077587224132323
26.725295077000002,1.0775732614983071
26.727356981000003,1.0775523175472832
26.729579828000002,1.0775243922792512
26.731230676000003,1.0775243922792512
26.733281915000003,1.077566280181299
26.735326779,1.0775523175472832
26.737185051,1.077566280181299
26.739240789,1.0775732614983071
26.741413932,1.0775523175472832
26.743477367,1.0775523175472832
26.745348692,1.0775313735962593
26.747146371000003,1.077594205449331
26.749165955000002,1.0775523175472832
26.751208716,1.0775243922792512
26.753164042,1.077594205449331
26.755309027000003,1.077587224132323
26.757221555,1.0775453362302752
26.75928309,1.077566280181299
26.761398723000003,1.077608168083347
26.763293757000003,1.077608168083347
26.765233304000002,1.077566280181299
26.767190378000002,1.077566280181299
26.769341357000002,1.077587224132323
26.771229368,1.077587224132323
26.773223255,1.0775313735962593
26.775425173000002,1.0776291120343708
26.777165959,1.0776291120343708
26.779436792000002,1.0775523175472832
26.781554655,1.077615149400355
26.783123373000002,1.077615149400355
26.785261512,1.0775732614983071
26.787110484000003,1.077587224132323
26.789132390000002,1.0775453362302752
26.791200894000003,1.077587224132323
26.793171087,1.077566280181299
26.79518296,1.077587224132323
26.797103053,1.077594205449331
26.799210735000003,1.0775523175472832
26.801365590000003,1.0775732614983071
26.803198047000002,1.0775732614983071
26.805216176000002,1.0775732614983071
26.807251986,1.0775732614983071
26.809276204000003,1.0775732614983071
26.811240145000003,1.0775732614983071
26.813108034000003,1.0775732614983071
26.815223148,1.077587224132323
26.817206808,1.0775732614983071
26.819151100000003,1.077587224132323
26.821393991,1.0775732614983071
26.823547666000003,1.0775732614983071
26.825391884000002,1.077594205449331
26.827225642000002,1.0775523175472832
26.829210496,1.077587224132323
26.831094914,1.077566280181299
26.833188254000003,1.0775523175472832
26.835200624000002,1.0775732614983071
26.837096447,1.077608168083347
26.839142226000003,1.0775732614983071
26.841355208000003,1.0776291120343708
26.843212494000003,1.0776291120343708
26.84529921,1.077594205449331
26.847208427,1.0775313735962593
26.849265388000003,1.0775523175472832
26.851148717,1.0775453362302752
26.853208329,1.0775732614983071
26.855117506000003,1.0775453362302752
26.857110068,1.077566280181299
26.859161599,1.0775313735962593
26.861560729,1.077594205449331
26.863301392,1.077594205449331
26.865127782000002,1.0775313735962593
26.867068861,1.077566280181299
26.869152753,1.077566280181299
26.871167726000003,1.0776360933513789
26.873171266,1.0775453362302752
26.875167397000002,1.0775732614983071
26.877270766000002,1.0775453362302752
26.879178911,1.0775453362302752
26.881335845000002,1.077566280181299
26.883354337,1.077566280181299
26.885233276,1.0775523175472832
26.887115651000002,1.0775732614983071
26.889250932000003,1.0775732614983071
26.891220323000002,1.0775453362302752
26.893188273000003,1.0775523175472832
26.895174979,1.0775313735962593
26.897082093,1.077566280181299
26.899162951,1.077608168083347
26.901301422000003,1.0775313735962593
26.903348320000003,1.0775313735962593
26.905194346000002,1.0775313735962593
26.907214027000002,1.077608168083347
26.909102043,1.077587224132323
26.911219050000003,1.0775313735962593
26.913099781000003,1.0775104296452354
26.915170989,1.077594205449331
26.917218264000002,1.077594205449331
26.919209127000002,1.0775523175472832
26.921256226,1.077587224132323
26.923275596000003,1.077587224132323
26.925191298,1.077608168083347
26.927196327,1.077566280181299
26.929239215000003,1.0775732614983071
26.931126314,1.077587224132323
26.933391613,1.077594205449331
26.935124902000002,1.077594205449331
26.937178307,1.0775453362302752
26.93910161,1.077587224132323
26.941239489,1.0775732614983071
26.943347699,1.0775732614983071
26.945238143,1.0775523175472832
26.947162668,1.077587224132323
26.949220847000003,1.077587224132323
26.951066750000003,1.077566280181299
26.953228899000003,1.077608168083347
26.955190506,1.077594205449331
26.95720439,1.077594205449331
26.959100858000003,1.0775523175472832
26.961231735000002,1.077587224132323
26.963167683,1.077587224132323
26.965235913,1.077608168083347
26.967204575,1.077608168083347
26.969123081000003,1.077587224132323
26.971296805,1.0775732614983071
26.973222172000003,1.077594205449331
26.975206347,1.0775313735962593
26.977161604000003,1.077594205449331
26.979168229000003,1.0775243922792512
26.981332237,1.0776360933513789
26.983230117,1.0776360933513789
26.985247911000002,1.0775732614983071
26.987142021,1.0776291120343708
26.989108376,1.077566280181299
26.991108877000002,1.077594205449331
26.993147645,1.077566280181299
26.995180287,1.077594205449331
26.997139229000002,1.0775453362302752
26.999072556,1.0775523175472832
27.001221177,1.0775243922792512
27.003207682000003,1.0775243922792512
27.00512501,1.077566280181299
27.007087333,1.0775523175472832
27.009267816,1.0775523175472832
27.011173202000002,1.0775453362302752
27.013087168000002,1.0775453362302752
27.015242455000003,1.077566280181299
27.017140664000003,1.0775523175472832
27.01905822,1.0775732614983071
27.021214551,1.077608168083347
27.023294442,1.077608168083347
27.025184341000003,1.077587224132323
27.027156291,1.0775732614983071
27.029242496000002,1.0775732614983071
27.031253762000002,1.0775732614983071
27.033202415,1.0775732614983071
27.035186958,1.077594205449331
27.037065716,1.077566280181299
27.039036971,1.077594205449331
27.041388467,1.077566280181299
27.043199382,1.077566280181299
27.045255132,1.0775453362302752
27.047135799000003,1.0775243922792512
27.049148251000002,1.0775732614983071
27.051117283,1.0775523175472832
27.053143555000002,1.0775243922792512
27.055077441,1.0775313735962593
27.057099256,1.0775243922792512
27.059129337,1.077566280181299
27.061482487000003,1.0775313735962593
27.063271621000002,1.0775313735962593
27.06539047,1.0775453362302752
27.067172235,1.0775523175472832
27.069227856,1.0775453362302752
27.071413319,1.0775453362302752
27.073321784,1.077566280181299
27.075185498000003,1.0775523175472832
27.077279387,1.0775453362302752
27.079483494,1.077587224132323
27.081587347000003,1.077587224132323
27.083163480000003,1.077566280181299
27.085115205,1.077566280181299
27.087072275,1.077587224132323
27.089082239000003,1.0775243922792512
27.091050878,1.0776291120343708
27.093061973,1.0775453362302752
27.095064802000003,1.0775453362302752
27.097036089000003,1.077615149400355
27.099065965,1.0775453362302752
27.101162795,1.0775453362302752
27.1033475,1.077587224132323
27.105142849,1.077587224132323
27.107115773,1.0775453362302752
27.109047332000003,1.077566280181299
27.111145258,1.0775453362302752
27.113271718,1.077587224132323
27.115454803000002,1.077608168083347
27.117197181,1.077608168083347
27.119086691000003,1.0775243922792512
27.121154582000003,1.077587224132323
27.123203583000002,1.077587224132323
27.125121286000002,1.0775313735962593
27.127127426,1.0775453362302752
27.129061455000002,1.0775732614983071
27.131051532,1.077587224132323
27.133151459,1.0775104296452354
27.135152073,1.077587224132323
27.137085836,1.077594205449331
27.139308412000002,1.077608168083347
27.141108993000003,1.077608168083347
27.143231954,1.0775453362302752
27.145123802,1.0775453362302752
27.147089347,1.0775732614983071
27.149079168,1.077566280181299
27.151056635000003,1.077566280181299
27.153052259000003,1.0775523175472832
27.155299106,1.0775523175472832
27.157086073000002,1.0775523175472832
27.159088197000003,1.077587224132323
27.161319352000003,1.077587224132323
27.16310181,1.077587224132323
27.165059325,1.077566280181299
27.167328490000003,1.077594205449331
27.169113238,1.077594205449331
27.171051757,1.077566280181299
27.173102817,1.077587224132323
27.175117282000002,1.0776291120343708
27.17710475,1.077615149400355
27.179066472000002,1.077587224132323
27.181343344000002,1.077566280181299
27.183175921,1.077566280181299
27.185106233000003,1.077594205449331
27.187174044000002,1.0775732614983071
27.189114437,1.0775732614983071
27.191090976,1.0775732614983071
27.193035525000003,1.077566280181299
27.195061007000003,1.077587224132323
27.197071123,1.077566280181299
27.199073372,1.077594205449331
27.201312792000003,1.0775313735962593
27.203267487,1.0775313735962593
27.205165219,1.0775732614983071
27.207320888,1.0775732614983071
27.209160451000002,1.0775523175472832
27.211064268,1.0775523175472832
27.213130066,1.077615149400355
27.215067819,1.0775732614983071
27.217225080000002,1.077594205449331
27.219239365,1.077608168083347
27.221369501,1.0775104296452354
27.223356663,1.0775104296452354
27.225121151000003,1.077594205449331
27.227187303,1.0775034483282275
27.229216939,1.077566280181299
27.231149996000003,1.077594205449331
27.233101215,1.077566280181299
27.235175090000002,1.0775523175472832
27.237067501000002,1.077587224132323
27.239124030000003,1.077594205449331
27.241352241,1.0775453362302752
27.243214610000003,1.0775453362302752
27.245216046000003,1.0775732614983071
27.247207048,1.077594205449331
27.249193058000003,1.077608168083347
27.251208520000002,1.0775104296452354
27.253105386,1.0775523175472832
27.255091728,1.0775523175472832
27.257207570000002,1.077566280181299
27.259109877,1.077615149400355
27.261253160000003,1.077594205449331
27.263340245000002,1.077594205449331
27.265261354000003,1.0775453362302752
27.267268619000003,1.0775732614983071
27.269079092000002,1.077594205449331
27.271051914,1.077608168083347
27.273109914000003,1.077566280181299
27.275172208,1.077594205449331
27.277089005,1.077587224132323
27.279095104000003,1.077566280181299
27.281175007,1.0775732614983071
27.283180645,1.0775732614983071
27.285131678000003,1.077594205449331
27.287289159,1.077566280181299
27.289131017000003,1.0775453362302752
27.291109359,1.0775732614983071
27.293089972,1.077587224132323
27.295229029,1.0775732614983071
27.2970939,1.0775732614983071
27.299094488,1.0775453362302752
27.301356162,1.0775732614983071
27.303472964,1.0775732614983071
27.305222252,1.077594205449331
27.307204899000002,1.0775453362302752
27.309535281000002,1.0775523175472832
27.311085718,1.0775523175472832
27.31310214,1.0775523175472832
27.315118639,1.0775732614983071
27.317101044,1.077594205449331
27.319096282,1.077594205449331
27.321168,1.077587224132323
27.323442534,1.077587224132323
27.325171264,1.0775104296452354
27.327071822,1.0775523175472832
27.329177910000002,1.077566280181299
27.331084190000002,1.077594205449331
27.333286032,1.077566280181299
27.335234266,1.077566280181299
27.337119856,1.0775243922792512
27.339177120000002,1.0775732614983071
27.341268627,1.077594205449331
27.343396098000003,1.077594205449331
27.3451416,1.0775243922792512
27.347142064000003,1.0776709999364187
27.349298163,1.0775243922792512
27.351232875,1.0775104296452354
27.353176578000003,1.077566280181299
27.35518785,1.0776849625704346
27.357375189000003,1.077594205449331
27.359180862000002,1.0775453362302752
27.361399471000002,1.0775243922792512
27.363117609000003,1.0775243922792512
27.36514181,1.077615149400355
27.367142633,1.0775732614983071
27.36921143,1.077587224132323
27.371083489,1.077608168083347
27.373146343000002,1.077594205449331
27.375201756000003,1.077587224132323
27.377193613000003,1.0775732614983071
27.379176806,1.077566280181299
27.382049306000003,1.077566280181299
27.383189738000002,1.077566280181299
27.385190489000003,1.077594205449331
27.387113929,1.077594205449331
27.389088207,1.077615149400355
27.391062984,1.077587224132323
27.393227206000002,1.0776291120343708
27.395144183000003,1.077594205449331
27.39715993,1.077615149400355
27.399279961,1.0775523175472832
27.401513159,1.0775732614983071
27.403212160000002,1.0775732614983071
27.405175137,1.077608168083347
27.407193535,1.0775313735962593
27.40920342,1.0776291120343708
27.411093264,1.077608168083347
27.413060620000003,1.0775732614983071
27.415052735000003,1.0775104296452354
27.417136673,1.0775732614983071
27.419056708000003,1.077615149400355
27.421198646,1.077594205449331
27.423403439,1.077594205449331
27.425260729,1.0775453362302752
27.427174341,1.077587224132323
27.429305367,1.0775453362302752
27.431081109,1.077566280181299
27.433092474000002,1.0775732614983071
27.435087089000003,1.0775523175472832
27.437116851000003,1.0775034483282275
27.439162588000002,1.0775732614983071
27.441134342,1.077566280181299
27.443192772000003,1.077566280181299
27.445101295,1.077594205449331
27.447055487,1.077587224132323
27.449090309000002,1.0775523175472832
27.451051505000002,1.077587224132323
27.453151424,1.077587224132323
27.455023081,1.077608168083347
27.45703092,1.0775732614983071
27.459034696000003,1.077566280181299
27.461149426000002,1.077594205449331
27.463456529000002,1.077594205449331
27.465137900000002,1.077566280181299
27.467210574000003,1.077587224132323
27.469226167000002,1.077587224132323
27.471104235000002,1.077594205449331
27.473045243,1.0775523175472832
27.475071589000002,1.077587224132323
27.477070281000003,1.077594205449331
27.479128785,1.077566280181299
27.481184282,1.0775313735962593
27.483203573,1.0775313735962593
27.485098213,1.0775523175472832
27.487091080000003,1.077566280181299
27.489074788000003,1.077566280181299
27.491107545000002,1.0775313735962593
27.49312218,1.077608168083347
27.495137951,1.077608168083347
27.497241923,1.077566280181299
27.499196808,1.0775732614983071
27.501213216,1.077608168083347
27.503176986000003,1.077608168083347
27.505222604,1.0775523175472832
27.507127144000002,1.0775523175472832
27.509189037000002,1.077608168083347
27.511202526,1.077608168083347
27.513057574,1.0775732614983071
27.515035937,1.077587224132323
27.517038997,1.077566280181299
27.519119891000003,1.077566280181299
27.521284648,1.077608168083347
27.523190933000002,1.077608168083347
27.525143484,1.0775732614983071
27.527151929000002,1.077594205449331
27.529114069000002,1.077615149400355
27.531134351000002,1.077587224132323
27.533031604,1.0775313735962593
27.535166322000002,1.0775453362302752
27.537053966000002,1.077566280181299
27.539122197,1.0775523175472832
27.541200889000002,1.077608168083347
27.543309742,1.077608168083347
27.545304904,1.077566280181299
27.547126205,1.077650055985395
27.549162049000003,1.077608168083347
27.551124987,1.077566280181299
27.553100800000003,1.077594205449331
27.555216452000003,1.077594205449331
27.557221711,1.0776291120343708
27.559115824000003,1.077594205449331
27.561270669000002,1.0775243922792512
27.563172051000002,1.0775243922792512
27.565158732,1.077608168083347
27.567202005000002,1.0775453362302752
27.569193304000002,1.0775732614983071
27.571093417,1.077608168083347
27.573128363000002,1.0775732614983071
27.575219881000002,1.077566280181299
27.577098806000002,1.077608168083347
27.579126522000003,1.077594205449331
27.58147208,1.077594205449331
27.583229871,1.077594205449331
27.585175470000003,1.0775523175472832
27.587238895000002,1.077566280181299
27.589244975000003,1.077615149400355
27.591092305,1.077566280181299
27.593224782,1.0775243922792512
27.595208387000003,1.077594205449331
27.597208813,1.077566280181299
27.599142709000002,1.0775732614983071
27.601279652000002,1.077587224132323
27.603379634000003,1.077587224132323
27.60513862,1.077566280181299
27.607107511000002,1.0775523175472832
27.609088489,1.077587224132323
27.611094059000003,1.0776360933513789
27.613057287,1.077587224132323
27.615142857000002,1.077608168083347
27.617335005,1.0775732614983071
27.619068878,1.0775732614983071
27.621236064,1.0775732614983071
27.623218849,1.0775732614983071
27.625142529,1.0776291120343708
27.627236705,1.077650055985395
27.629127659,1.077650055985395
27.63112104,1.077587224132323
27.633103246,1.077594205449331
27.635063671,1.0775523175472832
27.637110001000003,1.077608168083347
27.639059006,1.077594205449331
27.641161396,1.0775453362302752
27.643190075000003,1.0775453362302752
27.645170593000003,1.077594205449331
27.647159296,1.077587224132323
27.649222905000002,1.077587224132323
27.65109757,1.0775732614983071
27.653113836000003,1.077608168083347
27.655094477000002,1.077594205449331
27.657078128000002,1.0776360933513789
27.659092319000003,1.0775243922792512
27.661183665000003,1.0775732614983071
27.663328861,1.0775732614983071
27.665211086000003,1.077608168083347
27.667140673000002,1.077608168083347
27.669126889,1.077587224132323
27.671238486,1.077594205449331
27.673045766,1.077566280181299
27.675235466,1.0776360933513789
27.677256702,1.0776291120343708
27.67920827,1.0776291120343708
27.681399052000003,1.0775453362302752
27.683349491,1.0775453362302752
27.685169819000002,1.0776291120343708
27.687134071000003,1.077566280181299
27.689074616000003,1.077566280181299
27.691070875,1.077608168083347
27.693037812,1.077615149400355
27.695015854,1.077587224132323
27.697075706000003,1.077587224132323
27.699068643,1.0775523175472832
27.701283582000002,1.077608168083347
27.703150305,1.077608168083347
27.705103093,1.0775732614983071
27.70704208,1.077587224132323
27.709098294,1.0775732614983071
27.711053661,1.077587224132323
27.713056875000003,1.077594205449331
27.715083365,1.077615149400355
27.717088297,1.0776360933513789
27.719056794,1.077587224132323
27.721253126,1.077566280181299
27.723179437000002,1.077566280181299
27.725119333000002,1.077566280181299
27.727091448000003,1.077587224132323
27.729111136,1.0775523175472832
27.731128775000002,1.0776360933513789
27.733060274000003,1.077566280181299
27.735115484,1.0776360933513789
27.737127482000002,1.077587224132323
27.739090953,1.0775313735962593
27.741225247000003,1.077594205449331
27.743267220000003,1.077594205449331
27.745272664,1.077566280181299
27.74717537,1.077566280181299
27.749284371,1.077587224132323
27.751069146000003,1.077608168083347
27.753211710000002,1.0775313735962593
27.755201380000003,1.0776291120343708
27.757197026,1.077566280181299
27.759153033,1.0775313735962593
27.761395635000003,1.077587224132323
27.763269219,1.077587224132323
27.765180653,1.077566280181299
27.767126606,1.0775732614983071
27.769099135,1.0775732614983071
27.771072810000003,1.077608168083347
27.773070257,1.0775453362302752
27.775070782,1.0775732614983071
27.777055598,1.077608168083347
27.779132718000003,1.077608168083347
27.781149346000003,1.0775243922792512
27.783180424,1.0775243922792512
27.785093787,1.0775732614983071
27.787090223000003,1.0775732614983071
27.789103033000004,1.0775732614983071
27.791059899,1.077615149400355
27.793094825,1.0776360933513789
27.795074675000002,1.077566280181299
27.797068599000003,1.0776360933513789
27.799088180000002,1.077587224132323
27.801205417000002,1.077587224132323
27.803147129000003,1.0775732614983071
27.80515722,1.0775523175472832
27.807206965000002,1.077615149400355
27.809137576,1.077615149400355
27.811091771,1.0775732614983071
27.813075495000003,1.077615149400355
27.815251714000002,1.077594205449331
27.817075562000003,1.077594205449331
27.819042619,1.077587224132323
27.821180521000002,1.077587224132323
27.823206456,1.077587224132323
27.825173948000003,1.077587224132323
27.827125162,1.0775732614983071
27.829476815000003,1.077587224132323
27.831188133,1.077587224132323
27.833217686,1.077566280181299
27.835233837,1.077587224132323
27.837072389000003,1.077608168083347
27.839109584000003,1.077594205449331
27.841088182,1.077608168083347
27.843326631,1.077594205449331
27.845362451000003,1.077594205449331
27.847234202000003,1.077587224132323
27.849243389,1.077587224132323
27.851316374000003,1.077608168083347
27.853237221,1.077587224132323
27.855078153,1.077608168083347
27.857191941000004,1.0775732614983071
27.859114484000003,1.0775732614983071
27.861114505000003,1.0775732614983071
27.863353761000003,1.0775732614983071
27.865207721,1.0775732614983071
27.867109809000002,1.077608168083347
27.869299948000002,1.077608168083347
27.87117217,1.077587224132323
27.873204123,1.077608168083347
27.875250727,1.0776360933513789
27.877106455000003,1.0775523175472832
27.879299431000003,1.077587224132323
27.881349205000003,1.077587224132323
27.883208855000003,1.077587224132323
27.88523688,1.077608168083347
27.887437108,1.077587224132323
27.889222023000002,1.077587224132323
27.89119562,1.077594205449331
27.893170957000002,1.077615149400355
27.895147773,1.077587224132323
27.897057748,1.0775732614983071
27.899305534000003,1.0775732614983071
27.901284591000003,1.0775523175472832
27.903197318,1.0775523175472832
27.905186251000003,1.0775523175472832
27.907128431,1.0776291120343708
27.909483809,1.0775523175472832
27.911396729000003,1.0775523175472832
27.913160009000002,1.077608168083347
27.915098975000003,1.077608168083347
27.917184033,1.0775313735962593
27.919229972,1.0775523175472832
27.921284315,1.077566280181299
27.923140123000003,1.077566280181299
27.925135145000002,1.077594205449331
27.927127073,1.077650055985395
27.929205775000003,1.077608168083347
27.931163685,1.077587224132323
27.933117650000003,1.077587224132323
27.935055351000003,1.0775732614983071
27.937172317,1.0775732614983071
27.939202163,1.0775523175472832
27.941238353000003,1.077566280181299
27.94328347,1.077566280181299
27.945216219000002,1.077566280181299
27.94722054,1.0775732614983071
27.949416898000003,1.0775313735962593
27.951126225000003,1.0775313735962593
27.953155783000003,1.077608168083347
27.955154729,1.077594205449331
27.957219604000002,1.0775243922792512
27.959221621,1.0775243922792512
27.961343120000002,1.0775523175472832
27.96315381,1.0775523175472832
27.965152767000003,1.077566280181299
27.967208042000003,1.077608168083347
27.969337641000003,1.0775732614983071
27.971332416000003,1.077594205449331
27.973179067,1.077566280181299
27.97531534,1.077615149400355
27.977288780000002,1.077615149400355
27.979313576000003,1.077594205449331
27.981448401,1.077587224132323
27.983344864000003,1.077587224132323
27.985166914,1.077587224132323
27.987221154,1.077566280181299
27.989343851,1.077566280181299
27.991325524,1.077608168083347
27.99325589,1.077615149400355
27.99514388,1.0775732614983071
27.99724484,1.0776291120343708
27.999237508,1.077608168083347
28.001571457,1.077594205449331
28.003440799000003,1.077594205449331
28.005361022000002,1.0775732614983071
28.007229327,1.077615149400355
28.009241451,1.077615149400355
28.011236275,1.0775523175472832
28.013230603,1.077587224132323
28.015174798,1.077608168083347
28.017264096,1.077594205449331
28.019263001000002,1.077594205449331
28.021340507,1.077615149400355
28.023595879000002,1.077615149400355
28.025169620000003,1.0776291120343708
28.027152341,1.0775732614983071
28.029274418000004,1.077608168083347
28.031198517,1.077608168083347
28.0331994,1.077566280181299
28.035229582000003,1.077650055985395
28.0371643,1.0775732614983071
28.039031674,1.077594205449331
28.041216161,1.0776849625704346
28.043431397000003,1.0775453362302752
28.045666292000003,1.0775453362302752
28.047242908,1.0775732614983071
28.049246770000003,1.0776360933513789
28.051142875,1.077587224132323
28.053262482,1.0776360933513789
28.055226662000003,1.0775732614983071
28.057239686000003,1.077594205449331
28.059208230000003,1.0776360933513789
28.061552463,1.0776291120343708
28.063272954000002,1.0776291120343708
28.065381340000002,1.077594205449331
28.067311043,1.077615149400355
28.069290927,1.077615149400355
28.071211973,1.077566280181299
28.073306064,1.077594205449331
28.075365138000002,1.077587224132323
28.077271132000003,1.0776291120343708
28.079252813,1.077615149400355
28.081314562000003,1.077594205449331
28.083258482,1.077594205449331
28.085245935000003,1.077594205449331
28.087120714,1.077608168083347
28.089141162,1.077615149400355
28.091219203,1.077615149400355
28.093239935000003,1.077608168083347
28.095229407,1.0776360933513789
28.097243000000002,1.077594205449331
28.099370803000003,1.0776360933513789
28.101225336000002,1.0776360933513789
28.103165548000003,1.0776360933513789
28.105111530000002,1.0776360933513789
28.107132318,1.0776640186194109
28.109108516000003,1.0776640186194109
28.111091467,1.077587224132323
28.113080446,1.077587224132323
28.115120838000003,1.0776291120343708
28.117074122000002,1.077615149400355
28.119071446000003,1.077587224132323
28.121204100000003,1.077608168083347
28.123309997000003,1.077608168083347
28.12517305,1.0775243922792512
28.127164978000003,1.077594205449331
28.129184713,1.077594205449331
28.131223001000002,1.077566280181299
28.133310029,1.077587224132323
28.135286976000003,1.077608168083347
28.137279969,1.077608168083347
28.139183473000003,1.077608168083347
28.141251902,1.077594205449331
28.143210179,1.077594205449331
28.145166965,1.077615149400355
28.147238105000003,1.077587224132323
28.149169497000003,1.077587224132323
28.151261523000002,1.077587224132323
28.153108861000003,1.077615149400355
28.155307188000002,1.0775732614983071
28.157432357,1.0775732614983071
28.159091403,1.077608168083347
28.161150198,1.077608168083347
28.163311290000003,1.0775523175472832
28.165130511,1.0775523175472832
28.167145819,1.077608168083347
28.169217982000003,1.077608168083347
28.171247357000002,1.077566280181299
28.173268789,1.077615149400355
28.175250052000003,1.077608168083347
28.177225738,1.077615149400355
28.179344699,1.077615149400355
28.181315131,1.077594205449331
28.183248886,1.077594205449331
28.185164450000002,1.077615149400355
28.187465630000002,1.077566280181299
28.189423409000003,1.077566280181299
28.191098234000002,1.0775732614983071
28.193164991000003,1.0776291120343708
28.195304473,1.077615149400355
28.197280118000002,1.077615149400355
28.199129449,1.077566280181299
28.201291957000002,1.077587224132323
28.203196602000002,1.077587224132323
28.205152247,1.077615149400355
28.207525327000003,1.0775732614983071
28.209269741000004,1.0776291120343708
28.211313296,1.077594205449331
28.213034936000003,1.077587224132323
28.215247055000003,1.077615149400355
28.217229182,1.0776360933513789
28.219135653000002,1.077608168083347
28.221215139,1.0775453362302752
28.223287936000002,1.0775453362302752
28.225219583,1.0776291120343708
28.227190922000002,1.077608168083347
28.229211712,1.0776360933513789
28.231180451,1.0776291120343708
28.233245551000003,1.077608168083347
28.235144023,1.077587224132323
28.237197563000002,1.0776291120343708
28.239233291,1.077587224132323
28.241170805000003,1.0775453362302752
28.243460062,1.0775453362302752
28.245240074,1.077650055985395
28.247350776,1.077650055985395
28.249204781000003,1.0775732614983071
28.251252802000003,1.077594205449331
28.253181012000002,1.0776291120343708
28.255048646000002,1.077615149400355
28.257210263,1.077594205449331
28.259053985,1.077608168083347
28.261305791,1.077566280181299
28.263156576,1.077566280181299
28.265204190000002,1.0775523175472832
28.267120202,1.077594205449331
28.269246695000003,1.0775453362302752
28.271094936,1.077594205449331
28.273117847,1.0776360933513789
28.275181431,1.0775523175472832
28.27728331,1.077608168083347
28.279103964,1.077615149400355
28.281453871,1.0776360933513789
28.283287465,1.0776360933513789
28.285149805000003,1.0776291120343708
28.287303701000003,1.0776919438874426
28.289491599,1.0776919438874426
28.291113258000003,1.077566280181299
28.293337494000003,1.077650055985395
28.295123147,1.077650055985395
28.297115824000002,1.077587224132323
28.299212895,1.077594205449331
28.301179038,1.077608168083347
28.303151787,1.077608168083347
28.305228209000003,1.077615149400355
28.307202978000003,1.077615149400355
28.309089580000002,1.0776360933513789
28.31107592,1.0776360933513789
28.313101908,1.077608168083347
28.315081378000002,1.0776291120343708
28.317079589000002,1.077594205449331
28.319347647,1.0776291120343708
28.321202443,1.0776291120343708
28.323206514000002,1.077594205449331
28.325129275000002,1.077594205449331
28.327154174,1.077594205449331
28.329123295000002,1.077594205449331
28.331055724000002,1.077587224132323
28.333094236,1.077615149400355
28.335091548,1.077566280181299
28.337056718000003,1.077615149400355
28.339084356,1.077587224132323
28.341332386,1.077587224132323
28.343241363,1.077566280181299
28.345163998,1.077566280181299
28.347229499,1.077587224132323
28.349214452000002,1.0776291120343708
28.351153287000002,1.077587224132323
28.353182058,1.077594205449331
28.355092819000003,1.077608168083347
28.357165716,1.077566280181299
28.359122881,1.077615149400355
28.361202440000003,1.0775523175472832
28.363279682,1.0775523175472832
28.365165218,1.077587224132323
28.367248980000003,1.077615149400355
28.369205086,1.077615149400355
28.371201172000003,1.077608168083347
28.373271535,1.0776291120343708
28.375179606000003,1.077608168083347
28.377199313000002,1.0776360933513789
28.379267301000002,1.077594205449331
28.381211166000003,1.0776709999364187
28.383365411000003,1.0776709999364187
28.385219899000003,1.0776291120343708
28.387253992,1.0776291120343708
28.389193079,1.077608168083347
28.391154825,1.077587224132323
28.393207452000002,1.077587224132323
28.395080238000002,1.077608168083347
28.397121082,1.0776291120343708
28.399180056000002,1.077587224132323
28.401147141000003,1.077650055985395
28.403332569000003,1.077650055985395
28.405235286000003,1.077587224132323
28.407250952000002,1.077615149400355
28.409291706,1.077587224132323
28.411087372,1.077566280181299
28.413438032000002,1.0776360933513789
28.415126500000003,1.077594205449331
28.417079162,1.077608168083347
28.419087938,1.0776291120343708
28.421205986,1.077594205449331
28.423186528000002,1.077594205449331
28.425144709,1.077594205449331
28.427069602000003,1.0776640186194109
28.429055198,1.077587224132323
28.431297737,1.0775732614983071
28.433350101000002,1.077615149400355
28.435338634,1.077650055985395
28.437075988,1.0776291120343708
28.439092688000002,1.0775523175472832
28.441317598,1.077594205449331
28.443229957000003,1.077594205449331
28.445194563,1.0776291120343708
28.447223970000003,1.0775732614983071
28.449135177000002,1.077587224132323
28.451213449,1.077615149400355
28.453162491,1.077594205449331
28.455188704,1.0775523175472832
28.457270927000003,1.0776360933513789
28.459237314000003,1.077566280181299
28.461501789000003,1.077587224132323
28.463286898000003,1.077587224132323
28.465150794000003,1.0776360933513789
28.467281073000002,1.0775732614983071
28.469228326000003,1.077608168083347
28.471203219000003,1.0776640186194109
28.473191295000003,1.0775453362302752
28.475213855000003,1.077566280181299
28.477182936000002,1.0776849625704346
28.479136200000003,1.077615149400355
28.481169209,1.077608168083347
28.483185495,1.077608168083347
28.485124905000003,1.077608168083347
28.487214209,1.0776360933513789
28.489207003,1.077615149400355
28.491136643,1.077615149400355
28.493064347,1.0776291120343708
28.495089537000002,1.077587224132323
28.497037239,1.0775732614983071
28.499068239000003,1.077594205449331
28.501380564,1.0776709999364187
28.503203332000002,1.0776709999364187
28.505135112,1.0775732614983071
28.507078551000003,1.077594205449331
28.50917408,1.0775453362302752
28.511126227000002,1.0776291120343708
28.513160680000002,1.0776291120343708
28.515288741000003,1.0775732614983071
28.517190086000003,1.0776291120343708
28.519602171000002,1.077594205449331
28.521389669,1.077594205449331
28.523283390000003,1.077594205449331
28.525215827,1.077594205449331
28.527162808000003,1.077594205449331
28.52925606,1.0775732614983071
28.531200655000003,1.077587224132323
28.533099656,1.0776640186194109
28.535191197000003,1.077615149400355
28.537187647000003,1.077608168083347
28.539182277000002,1.077587224132323
28.541558796,1.077566280181299
28.543434199,1.077566280181299
28.545343207000002,1.077608168083347
28.547326181000003,1.077650055985395
28.549486570000003,1.077615149400355
28.551237767000003,1.0776360933513789
28.553278084000002,1.077587224132323
28.555268034,1.077587224132323
28.557268002,1.077615149400355
28.559509289,1.077615149400355
28.561548283,1.077587224132323
28.563478515000003,1.077587224132323
28.565303634000003,1.0775732614983071
28.567283365,1.077615149400355
28.569481272,1.0775732614983071
28.571529114,1.0775732614983071
28.573362928,1.077615149400355
28.575258588,1.077594205449331
28.577872281,1.077594205449331
28.579135318000002,1.0775732614983071
28.581463091000003,1.077566280181299
28.583563795000003,1.077566280181299
28.585350104000003,1.077594205449331
28.587246943,1.077587224132323
28.589262782000002,1.077608168083347
28.591236351000003,1.0776360933513789
28.593107171000003,1.077594205449331
28.595190040000002,1.0775523175472832
28.597211180000002,1.0775523175472832
28.59911603,1.077587224132323
28.601570197,1.0776291120343708
28.603308693000002,1.0776291120343708
28.605336416,1.077594205449331
28.607235012,1.0776360933513789
28.609431667000003,1.077608168083347
28.611340699000003,1.0775732614983071
28.613246941000003,1.077594205449331
28.615251935000003,1.077615149400355
28.617209145,1.0776919438874426
28.619306607000002,1.077566280181299
28.621355559,1.0775732614983071
28.623369071000003,1.0775732614983071
28.625539306,1.0776291120343708
28.627363273,1.077566280181299
28.629405885,1.077615149400355
28.631488494000003,1.0776640186194109
28.633122676000003,1.077615149400355
28.635349780000002,1.077594205449331
28.637296925,1.077608168083347
28.639271839000003,1.077608168083347
28.641469716000003,1.077615149400355
28.64350516,1.077615149400355
28.645234811,1.077587224132323
28.647443169000002,1.0776640186194109
28.64924136,1.077587224132323
28.651195096000002,1.0775453362302752
28.653385563,1.077566280181299
28.655440775000002,1.077594205449331
28.657391774,1.0776360933513789
28.659146724000003,1.077608168083347
28.661452569,1.0776360933513789
28.663403884,1.0776360933513789
28.665342571,1.0775732614983071
28.667742935000003,1.077615149400355
28.669282335000002,1.077615149400355
28.671277318,1.077615149400355
28.673253696000003,1.0776291120343708
28.675259726,1.077608168083347
28.677287029000002,1.077615149400355
28.679203186000002,1.0775453362302752
28.681365544000002,1.077615149400355
28.683281938,1.077615149400355
28.685198841000002,1.0776291120343708
28.687188586,1.077615149400355
28.689179833,1.077608168083347
28.691185206,1.077594205449331
28.693208316000003,1.0776360933513789
28.695083628000003,1.077608168083347
28.697069611000003,1.0775732614983071
28.699087443000003,1.0776709999364187
28.701281738000002,1.077594205449331
28.703352246,1.077650055985395
28.705273708000004,1.077650055985395
28.707325858,1.077608168083347
28.709313402000003,1.0776291120343708
28.711256826000003,1.077566280181299
28.713258138,1.077566280181299
28.715251807,1.0776849625704346
28.717206783,1.077615149400355
28.719150439000003,1.077608168083347
28.72130801,1.077608168083347
28.723341821,1.077594205449331
28.725140997,1.077594205449331
28.727217657,1.077587224132323
28.729205250000003,1.0776360933513789
28.731093644,1.077587224132323
28.733267223000002,1.077587224132323
28.735231447,1.077594205449331
28.737127001,1.077650055985395
28.739161033000002,1.077615149400355
28.741194094,1.077594205449331
28.7432401,1.077594205449331
28.745252789000002,1.0775732614983071
28.747364887000003,1.077594205449331
28.749157213,1.077594205449331
28.751119257000003,1.0776291120343708
28.753221415000002,1.077594205449331
28.755115042000003,1.0775523175472832
28.75723267,1.0776291120343708
28.759311481,1.077615149400355
28.761302436,1.077594205449331
28.763321221,1.077594205449331
28.765249917000002,1.0776360933513789
28.767326022000002,1.077587224132323
28.769204943000002,1.077587224132323
28.771193852000003,1.0776291120343708
28.773201880000002,1.077608168083347
28.775199865,1.077608168083347
28.777174788000004,1.0775732614983071
28.779149637000003,1.0776291120343708
28.781296152000003,1.0775732614983071
28.783349808,1.0775732614983071
28.785184233000003,1.0776360933513789
28.787219976000003,1.077608168083347
28.789295445,1.077587224132323
28.791233325,1.077587224132323
28.79315112,1.077594205449331
28.795109305,1.077608168083347
28.797190968000002,1.077587224132323
28.799202603,1.0776291120343708
28.801479124,1.0776360933513789
28.803259417000003,1.0776360933513789
28.805159198000002,1.0775523175472832
28.807134370000004,1.0775732614983071
28.809185218000003,1.077608168083347
28.811194534000002,1.0775732614983071
28.813094105,1.077594205449331
28.815078431000003,1.0775523175472832
28.817263252,1.077615149400355
28.819104501,1.0776360933513789
28.821210423,1.077594205449331
28.823308459000003,1.077594205449331
28.825209995,1.0775732614983071
28.827261901000004,1.077615149400355
28.829452638000003,1.077650055985395
28.831387029000002,1.077615149400355
28.833227342,1.077566280181299
28.835305036,1.077615149400355
28.837303959000003,1.077615149400355
28.839223718000003,1.077608168083347
28.841330765000002,1.077566280181299
28.843392388,1.077566280181299
28.845230612,1.077587224132323
28.847266133,1.077608168083347
28.849256365000002,1.0775453362302752
28.851317353000002,1.077587224132323
28.853313224,1.0776640186194109
28.855715043000004,1.077594205449331
28.857303043,1.077594205449331
28.859233804000002,1.0775453362302752
28.861512935,1.077608168083347
28.863491374000002,1.077608168083347
28.865401392000003,1.0775732614983071
28.867258187,1.0776640186194109
28.869272333,1.077566280181299
28.871330053,1.077566280181299
28.87317785,1.077594205449331
28.875155715000002,1.077615149400355
28.877260494,1.077608168083347
28.879222353000003,1.077615149400355
28.881479544,1.077608168083347
28.883368813,1.077608168083347
28.885291130000002,1.0776291120343708
28.887571855,1.077650055985395
28.889307177000003,1.077650055985395
28.891207996000002,1.077650055985395
28.893260447000003,1.077608168083347
28.895311737,1.077650055985395
28.897281207000002,1.077608168083347
28.899293545000003,1.0775732614983071
28.901357192000003,1.077608168083347
28.903604483000002,1.077608168083347
28.905376268,1.0776360933513789
28.907378013000002,1.077594205449331
28.909548888000003,1.077650055985395
28.91135076,1.077566280181299
28.913153828000002,1.0776291120343708
28.915287076000002,1.0776291120343708
28.917316382000003,1.077566280181299
28.919230915000004,1.0775453362302752
28.921342797,1.0775523175472832
28.923523487,1.0775523175472832
28.925359343,1.0776709999364187
28.927277192000002,1.077587224132323
28.929270858000002,1.077587224132323
28.931276620000002,1.0776360933513789
28.933283339000003,1.077594205449331
28.935307837000003,1.077594205449331
28.937221752000003,1.077615149400355
28.939443855,1.077594205449331
28.941579526,1.077615149400355
28.94334771,1.077615149400355
28.945287979000003,1.0776360933513789
28.947286203,1.077587224132323
28.949417467000004,1.0776640186194109
28.951566732000003,1.0775732614983071
28.953285928000003,1.0775732614983071
28.955208403,1.0775732614983071
28.957221313,1.0776291120343708
28.959200380000002,1.077587224132323
28.961515118,1.0776291120343708
28.963241003,1.0776291120343708
28.965313846,1.077587224132323
28.967263138000003,1.077594205449331
28.96930983,1.0776360933513789
28.971327596000002,1.077608168083347
28.973501853000002,1.0776360933513789
28.97543779,1.0776291120343708
28.977342032000003,1.077566280181299
28.979166749,1.077615149400355
28.981152787000003,1.077594205449331
28.983507146,1.077594205449331
28.985436329000002,1.077594205449331
28.987349083,1.0776291120343708
28.989455228,1.0776291120343708
28.991242419000002,1.0775523175472832
28.993253944000003,1.077594205449331
28.995192622,1.077608168083347
28.997257307,1.077608168083347
28.999193737000002,1.077587224132323
29.001687478,1.0775523175472832
29.003500136000003,1.0775523175472832
29.005321579,1.0775732614983071
29.007210547000003,1.0775523175472832
29.009305913000002,1.077587224132323
29.011090814000003,1.0775732614983071
29.013087407,1.0775523175472832
29.015038957,1.0775453362302752
29.017118794,1.077587224132323
29.019381702,1.077608168083347
29.021238683000004,1.077608168083347
29.023152301000003,1.077608168083347
29.025181087000004,1.077650055985395
29.027230457,1.077594205449331
29.02923046,1.077608168083347
29.031125298000003,1.077594205449331
29.033185792,1.077615149400355
29.035144082000002,1.0775732614983071
29.037230895,1.077587224132323
29.039072346,1.0776291120343708
29.041394874,1.0775523175472832
29.043152298000003,1.0775523175472832
29.04520377,1.077594205449331
29.047230354000003,1.077608168083347
29.049218505000002,1.077566280181299
29.051166598000002,1.0775453362302752
29.053173195000003,1.0775523175472832
29.055185910000002,1.0776291120343708
29.057043262,1.077594205449331
29.059220082000003,1.0775523175472832
29.061170092,1.077594205449331
29.063230892000004,1.077594205449331
29.065155798000003,1.077650055985395
29.067451804,1.0775523175472832
29.069107829000004,1.0775523175472832
29.071081203000002,1.077608168083347
29.073079770000003,1.077615149400355
29.075085134000002,1.0775453362302752
29.077081453,1.077615149400355
29.079065343000003,1.077608168083347
29.081537479,1.077608168083347
29.083130605,1.077608168083347
29.085154228,1.077587224132323
29.087232434,1.0776291120343708
29.089271068000002,1.077594205449331
29.091155757000003,1.0775453362302752
29.093121087,1.077587224132323
29.0954546,1.0776291120343708
29.097097651000002,1.0776291120343708
29.099222834000003,1.077615149400355
29.101281936000003,1.077608168083347
29.103621994,1.077608168083347
29.105270146000002,1.077587224132323
29.107253391,1.0776291120343708
29.109376646,1.077608168083347
29.111261182000003,1.077566280181299
29.113221428000003,1.077587224132323
29.115293701000002,1.077608168083347
29.117253703000003,1.077615149400355
29.119255624,1.077587224132323
29.121491994000003,1.077608168083347
29.123417009,1.077608168083347
29.125296032,1.077650055985395
29.127597530000003,1.077650055985395
29.129323330000002,1.077587224132323
29.131237727000002,1.077587224132323
29.133475330000003,1.077615149400355
29.135181764000002,1.077615149400355
29.13722658,1.0775732614983071
29.139333425,1.0776360933513789
29.141695132000002,1.077566280181299
29.143325623000003,1.077566280181299
29.145379490000003,1.077608168083347
29.147389432,1.077608168083347
29.149350020000004,1.0777059065214587
29.151251306000002,1.077594205449331
29.153239619,1.077594205449331
29.15518438,1.0776640186194109
29.1572372,1.077587224132323
29.159337833000002,1.0776709999364187
29.161422324,1.0776291120343708
29.163252722000003,1.0776291120343708
29.165349125000002,1.077594205449331
29.167299996,1.077587224132323
29.169325441,1.077594205449331
29.171309431,1.0776360933513789
29.173225493,1.077608168083347
29.175208174,1.077650055985395
29.177296073,1.077594205449331
29.179246534,1.0776291120343708
29.181546685,1.0776640186194109
29.183480323,1.0776640186194109
29.185425052000003,1.077608168083347
29.187329301000002,1.077608168083347
29.189238281,1.077587224132323
29.191300932,1.077650055985395
29.193320668000002,1.0776291120343708
29.195273961,1.0775523175472832
29.197478922000002,1.077608168083347
29.19930867,1.0776360933513789
29.201383259000004,1.0776640186194109
29.203665736,1.0775243922792512
29.205313706000002,1.0775243922792512
29.207314620000002,1.077594205449331
29.209242340000003,1.0776849625704346
29.21135633,1.077566280181299
29.213259122,1.077587224132323
29.215257226000002,1.0776709999364187
29.217308506000002,1.0775732614983071
29.219291270000003,1.077587224132323
29.221373817000003,1.0776291120343708
29.223494667,1.0776291120343708
29.225436106,1.0776291120343708
29.227447069,1.0776291120343708
29.229144354000002,1.077615149400355
29.231255476,1.077608168083347
29.233166963000002,1.077587224132323
29.235271591,1.077650055985395
29.237274073000002,1.077650055985395
29.239322198000004,1.0776291120343708
29.241367512,1.0776291120343708
29.243434853,1.0776291120343708
29.245377157,1.077615149400355
29.247346046,1.077615149400355
29.24924262,1.077650055985395
29.251246015000003,1.077608168083347
29.253247008000002,1.077650055985395
29.255241390000002,1.0776291120343708
29.257380312000002,1.077608168083347
29.259289055000004,1.0776640186194109
29.261324366,1.077587224132323
29.263292109,1.077587224132323
29.265160556,1.077650055985395
29.26721522,1.077650055985395
29.269266104000003,1.077615149400355
29.271244063,1.077615149400355
29.273096594000002,1.077594205449331
29.275368072000003,1.077566280181299
29.277177491000003,1.077566280181299
29.279190506000003,1.0776291120343708
29.28148535,1.0776360933513789
29.283433326,1.0776360933513789
29.285346583000003,1.0775453362302752
29.287473832000003,1.0775453362302752
29.289283701000002,1.077650055985395
29.291093341000003,1.077594205449331
29.293261807,1.0776360933513789
29.295072757000003,1.0775732614983071
29.297085258000003,1.077594205449331
29.299741188000002,1.0776360933513789
29.301230601,1.077608168083347
29.303247932,1.077608168083347
29.305165395000003,1.077608168083347
29.307208511000002,1.077608168083347
29.309249847,1.077615149400355
29.311263191000002,1.0775732614983071
29.313269258000002,1.077594205449331
29.315269915000002,1.0775732614983071
29.317336870000002,1.077615149400355
29.319298478,1.077615149400355
29.321197180000002,1.077594205449331
29.323285926,1.077594205449331
29.325256574,1.0776291120343708
29.327224539000003,1.0776291120343708
29.32923032,1.077566280181299
29.331158417,1.077615149400355
29.333284732000003,1.0775732614983071
29.335166284000003,1.0775523175472832
29.337491329000002,1.077650055985395
29.339149351000003,1.077650055985395
29.341354321,1.0776640186194109
29.34321547,1.0776640186194109
29.345152172000002,1.077566280181299
29.347396456000002,1.0776640186194109
29.349200794,1.0776640186194109
29.351291656,1.077615149400355
29.353234202000003,1.0775523175472832
29.355166699,1.077594205449331
29.357281736,1.077608168083347
29.359113360000002,1.077608168083347
29.361228443,1.0776291120343708
29.363242323,1.0776291120343708
29.365164962,1.0776291120343708
29.36727678,1.077615149400355
29.369365985,1.077594205449331
29.371212865,1.077615149400355
29.373292419000002,1.077615149400355
29.375133008000002,1.0775732614983071
29.377243794,1.077615149400355
29.379231303,1.0776709999364187
29.38143721,1.077608168083347
29.383471429,1.077608168083347
29.385165057000002,1.077566280181299
29.387185828000003,1.0776709999364187
29.389326725,1.0776291120343708
29.391160449,1.077608168083347
29.393077648000002,1.0776360933513789
29.395174461000003,1.077587224132323
29.397199185,1.077594205449331
29.399041506000003,1.0776360933513789
29.401343527,1.077594205449331
29.403349255000002,1.077594205449331
29.405269232000002,1.0776291120343708
29.407268776000002,1.0776360933513789
29.409164284000003,1.077587224132323
29.411114764,1.077608168083347
29.413083219,1.0776291120343708
29.415122387,1.077615149400355
29.417148361000002,1.0776291120343708
29.419081941,1.077608168083347
29.421435302000003,1.077594205449331
29.423205839,1.077594205449331
29.425187642,1.077615149400355
29.427159909,1.077650055985395
29.429107738000003,1.0775732614983071
29.431090964000003,1.077608168083347
29.433085573000003,1.077615149400355
29.435184357,1.077608168083347
29.437081453,1.077594205449331
29.439244466,1.077650055985395
29.441236984000003,1.077566280181299
29.443230923,1.077566280181299
29.445133878000004,1.0775732614983071
29.447087351,1.0775732614983071
29.449151622000002,1.077587224132323
29.451097489000002,1.0775732614983071
29.453081469,1.0775732614983071
29.455089166,1.077608168083347
29.457098505,1.077608168083347
29.459115543000003,1.0775523175472832
29.461192521,1.077587224132323
29.463237813000003,1.077587224132323
29.465149268,1.077594205449331
29.467115212000003,1.077608168083347
29.469170781000003,1.0776360933513789
29.471121463000003,1.0775732614983071
29.473226408000002,1.077587224132323
29.475223013,1.077615149400355
29.477053236000003,1.077566280181299
29.479209067000003,1.0775732614983071
29.481222143,1.077566280181299
29.483239198000003,1.077566280181299
29.485176763000002,1.077594205449331
29.487211751,1.0775732614983071
29.489171612000003,1.077608168083347
29.491132124000004,1.0776360933513789
29.493177163000002,1.077650055985395
29.495163580000003,1.077594205449331
29.497075035,1.0775523175472832
29.499080822000003,1.077608168083347
29.501277818000002,1.077650055985395
29.503146044,1.077650055985395
29.505133946,1.077587224132323
29.507085498000002,1.077615149400355
29.509085388000003,1.0776291120343708
29.511062010000003,1.077594205449331
29.513123967000002,1.0775732614983071
29.515053413,1.0775732614983071
29.517124317,1.077608168083347
29.519057552000003,1.077608168083347
29.521492196,1.077608168083347
29.523329645,1.077608168083347
29.525129629000002,1.077587224132323
29.527073411000003,1.077615149400355
29.529089007000003,1.0775523175472832
29.531155747000003,1.077594205449331
29.533148016000002,1.077615149400355
29.535099746,1.077587224132323
29.537352202,1.0775732614983071
29.539073805,1.077587224132323
29.541201801000003,1.077615149400355
29.543227077,1.077615149400355
29.545165287000003,1.0776360933513789
29.547156472,1.077608168083347
29.549093849000002,1.077650055985395
29.551059994000003,1.077594205449331
29.553057325,1.077615149400355
29.555083893000003,1.0776291120343708
29.557120094000002,1.077650055985395
29.559189797000002,1.077566280181299
29.561227659000004,1.077608168083347
29.563173567000003,1.077608168083347
29.565144221,1.0776709999364187
29.567113513000002,1.0775732614983071
29.569109201000003,1.077615149400355
29.571168928000002,1.077566280181299
29.573163808,1.077566280181299
29.575132858000003,1.077615149400355
29.577074686000003,1.077608168083347
29.579055671000003,1.077615149400355
29.581167974000003,1.0775523175472832
29.583334065000003,1.0776640186194109
29.585135195000003,1.0776640186194109
29.587140007000002,1.0776709999364187
29.589088994,1.077594205449331
29.591041343,1.0776919438874426
29.593098712000003,1.0776291120343708
29.595058386,1.0776360933513789
29.597073906000002,1.077587224132323
29.599048418000002,1.077650055985395
29.601125042000003,1.077615149400355
29.603244094,1.077587224132323
29.605372927,1.077587224132323
29.60707714,1.077566280181299
29.609205309000004,1.077650055985395
29.611340929,1.077608168083347
29.613097963,1.077608168083347
29.615110128,1.077594205449331
29.617329475000002,1.0776360933513789
29.619115832000002,1.0776360933513789
29.621185095,1.077587224132323
29.623291467,1.077587224132323
29.625114626000002,1.077587224132323
29.627114193,1.0775732614983071
29.629153996000003,1.0775732614983071
29.631102896,1.077594205449331
29.633097385000003,1.077587224132323
29.635230240000002,1.0776291120343708
29.637245382000003,1.0776291120343708
29.639223186000002,1.0776291120343708
29.641088945000003,1.077608168083347
29.643245295000003,1.077608168083347
29.645144303000002,1.0775313735962593
29.647072877000003,1.077615149400355
29.649228636,1.0775732614983071
29.651126338,1.077594205449331
29.653115847000002,1.0776709999364187
29.655087272000003,1.077615149400355
29.657097683000003,1.077608168083347
29.659085715000003,1.077566280181299
29.661201060000003,1.077615149400355
29.663185435000003,1.077615149400355
29.665127261000002,1.0776291120343708
29.667111476000002,1.077594205449331
29.669167747000003,1.0775732614983071
29.671166131000003,1.0776640186194109
29.673162714000004,1.0776919438874426
29.675149668000003,1.077566280181299
29.677087682000003,1.077587224132323
29.679113740000002,1.077615149400355
29.681212814000002,1.077594205449331
29.683305069000003,1.077594205449331
29.685175645,1.0776291120343708
29.687276249000004,1.077615149400355
29.689368068,1.0776291120343708
29.691132023,1.0776291120343708
29.693091147,1.077587224132323
29.695134868,1.077650055985395
29.697433653,1.0776640186194109
29.699151131,1.0776640186194109
29.701274008000002,1.077608168083347
29.703440341,1.077608168083347
29.705144786,1.0775523175472832
29.707110666000002,1.0776919438874426
29.709167036,1.0776709999364187
29.711097921,1.0775732614983071
29.713083728,1.0776709999364187
29.715098852,1.0776640186194109
29.71709681,1.0776291120343708
29.719131949,1.077608168083347
29.721436685,1.0775523175472832
29.723175768,1.0775523175472832
29.725113164000003,1.0776709999364187
29.727180229000002,1.077587224132323
29.729156534,1.077650055985395
29.731082923000002,1.0776640186194109
29.733111092,1.0776291120343708
29.735070681000003,1.077608168083347
29.737065297,1.077615149400355
29.739089043000003,1.0776849625704346
29.741347318000003,1.0776291120343708
29.743131874000003,1.0776291120343708
29.745152786000002,1.077615149400355
29.747115822,1.077615149400355
29.749095248000003,1.0776360933513789
29.751215008000003,1.0776360933513789
29.75309163,1.0776709999364187
29.755050738,1.077650055985395
29.757159378,1.077615149400355
29.759240371,1.077615149400355
29.761169038000002,1.0776291120343708
29.763261170000003,1.0776291120343708
29.765147573,1.077650055985395
29.76717616,1.077608168083347
29.769075758000003,1.0775732614983071
29.771095112,1.077615149400355
29.773196838,1.077650055985395
29.77529076,1.0776291120343708
29.777154018,1.077566280181299
29.779297803000002,1.077587224132323
29.781160435,1.0776849625704346
29.783230355,1.0776849625704346
29.785226261000002,1.077594205449331
29.787365540000003,1.077615149400355
29.789238005,1.077615149400355
29.791222740000002,1.077587224132323
29.793279344000002,1.077615149400355
29.795356603000002,1.0776640186194109
29.797250790000003,1.0776291120343708
29.799215998,1.0776360933513789
29.801454884,1.0776291120343708
29.803329784000002,1.0776291120343708
29.805226472,1.077608168083347
29.80717677,1.0776291120343708
29.809197070000003,1.0776640186194109
29.811076704,1.077615149400355
29.813135835,1.0776360933513789
29.815264726000002,1.077608168083347
29.817198780000002,1.0776709999364187
29.819206576000003,1.0776291120343708
29.821224343,1.0775453362302752
29.823210434000003,1.0775453362302752
29.825218832,1.077587224132323
29.827210887000003,1.077608168083347
29.829172031000002,1.0775523175472832
29.831175373,1.0775732614983071
29.833207835000003,1.0776709999364187
29.835160480000003,1.0776360933513789
29.83718151,1.077615149400355
29.839115055,1.077615149400355
29.841206266,1.077594205449331
29.843231966,1.077594205449331
29.845180491,1.077566280181299
29.847061795000002,1.0776291120343708
29.849080023000003,1.077615149400355
29.851058169,1.0775732614983071
29.85310434,1.0776291120343708
29.855051151,1.077587224132323
29.857119663000002,1.0776640186194109
29.859098681000003,1.077615149400355
29.861177414,1.077615149400355
29.863416005,1.077615149400355
29.865201546,1.0775732614983071
29.867247961,1.077608168083347
29.869251003000002,1.077566280181299
29.871293138000002,1.077650055985395
29.873156706000003,1.0776709999364187
29.875132890000003,1.0776291120343708
29.877115452,1.0775732614983071
29.87908197,1.077615149400355
29.881036503,1.0776849625704346
29.883327016000003,1.0776640186194109
29.885105568,1.0776640186194109
29.887150769,1.077650055985395
29.889343931000003,1.0776360933513789
29.891158442000002,1.0776360933513789
29.89316008,1.077615149400355
29.895099703000003,1.0776360933513789
29.897132590000002,1.077650055985395
29.899057383000002,1.077608168083347
29.901174005,1.077608168083347
29.903217651000002,1.077608168083347
29.905111971,1.077615149400355
29.907189560000003,1.0776640186194109
29.909122394,1.0776640186194109
29.911123687000003,1.077608168083347
29.913105919000003,1.077615149400355
29.915131665,1.077587224132323
29.917068411000002,1.0776360933513789
29.919068108,1.077615149400355
29.921189486000003,1.0776291120343708
29.923316392,1.0776291120343708
29.925133018,1.077587224132323
29.927230112,1.077650055985395
29.929170025,1.077608168083347
29.931158567,1.0776291120343708
29.933113499,1.0776640186194109
29.935227896,1.0776360933513789
29.937150825000003,1.0776640186194109
29.939085468000002,1.077615149400355
29.941109722,1.077594205449331
29.943196563,1.077594205449331
29.945214701,1.077650055985395
29.947115343,1.077650055985395
29.949144295000004,1.077587224132323
29.951052235000002,1.077608168083347
29.95306791,1.077608168083347
29.955101796,1.0776640186194109
29.957157434000003,1.077566280181299
29.959074913000002,1.0776360933513789
29.961264070000002,1.077615149400355
29.963153301000002,1.077615149400355
29.965119195000003,1.077650055985395
29.96716048,1.0775732614983071
29.969110802000003,1.077608168083347
29.971219905,1.077650055985395
29.97315619,1.077587224132323
29.975127958,1.0776640186194109
29.977066982,1.0776360933513789
29.979056832,1.077608168083347
29.981281958,1.077615149400355
29.983147342000002,1.077615149400355
29.985135080000003,1.077587224132323
29.987114490000003,1.077650055985395
29.989305817,1.077650055985395
29.991129209,1.077650055985395
29.993092713000003,1.077587224132323
29.995115679,1.077608168083347
29.997079305000003,1.0776849625704346
29.999100487000003,1.077650055985395
30.001171050000004,1.0775453362302752
30.003205110000003,1.0775453362302752
30.005119602,1.0775313735962593
30.007103397,1.0776640186194109
30.009199085000002,1.077615149400355
30.011101019,1.077608168083347
30.013103555,1.0776360933513789
30.015084291,1.077594205449331
30.017082486000003,1.0776360933513789
30.019433555000003,1.0776291120343708
30.021442095,1.0776291120343708
30.023364596,1.0776291120343708
30.025266951000003,1.077566280181299
30.027473366000002,1.0776291120343708
30.029314808000002,1.0776291120343708
30.031120140000002,1.077615149400355
30.033095879,1.0776291120343708
30.035127777000003,1.0776360933513789
30.037141857,1.0776291120343708
30.039341597000004,1.0775732614983071
30.041450176,1.077650055985395
30.043347745000002,1.077650055985395
30.04536247,1.0776291120343708
30.047225733,1.0776291120343708
30.049133303,1.0775732614983071
30.051323309,1.0776709999364187
30.053171331,1.077587224132323
30.05515352,1.077608168083347
30.057277312000004,1.0776360933513789
30.059337833,1.0776360933513789
30.06165129,1.0776640186194109
30.063320503000003,1.0776640186194109
30.065170583,1.077650055985395
30.067112192000003,1.077615149400355
30.069195219,1.077608168083347
30.071214226000002,1.077587224132323
30.073201705000002,1.0775732614983071
30.075284462000003,1.0776360933513789
30.077231139000002,1.077594205449331
30.079224899000003,1.077587224132323
30.081422439,1.077594205449331
30.083428724,1.077594205449331
30.085237009000004,1.077594205449331
30.087298115000003,1.077608168083347
30.089276368,1.077566280181299
30.091267002000002,1.0776360933513789
30.093056235000002,1.077615149400355
30.095170793,1.077615149400355
30.097101444000003,1.077608168083347
30.099434168000002,1.077608168083347
30.101398141,1.077608168083347
30.103213947,1.0776291120343708
30.105205092000002,1.077594205449331
30.107108578000002,1.077587224132323
30.109322287,1.0775732614983071
30.111191524000002,1.077650055985395
30.113304037000002,1.077650055985395
30.115100010000003,1.0775523175472832
30.117275215000003,1.077615149400355
30.119238389000003,1.0776291120343708
30.121290006000002,1.077566280181299
30.123390067000003,1.077566280181299
30.1253074,1.077608168083347
30.127298414000002,1.077650055985395
30.129314246000003,1.0775732614983071
30.131080614000002,1.0775732614983071
30.133081318000002,1.077615149400355
30.135100818,1.0776291120343708
30.137108408000003,1.077608168083347
30.139125038000003,1.0776291120343708
30.14122778,1.077615149400355
30.143208263000002,1.077615149400355
30.145131824000003,1.0776640186194109
30.147126204000003,1.077608168083347
30.149092277,1.077615149400355
30.151102465,1.077594205449331
30.153071231000002,1.0776640186194109
30.155076246,1.077650055985395
30.157076118000003,1.0776360933513789
30.159134296,1.0776291120343708
30.161340612000004,1.077650055985395
30.163224515000003,1.077650055985395
30.165235048000003,1.0776360933513789
30.167243889,1.077615149400355
30.169111024000003,1.077608168083347
30.171228623,1.0776360933513789
30.173218323,1.0776360933513789
30.175186868,1.0776291120343708
30.177260097,1.077650055985395
30.179178764000003,1.0775732614983071
30.181628032000003,1.077615149400355
30.183335166000003,1.077615149400355
30.185254595000004,1.0776291120343708
30.18715169,1.0776291120343708
30.18920899,1.077650055985395
30.191129933000003,1.077615149400355
30.193154509000003,1.077650055985395
30.195149477,1.0776291120343708
30.197234315000003,1.077608168083347
30.19918995,1.0776360933513789
30.201418037000003,1.0776360933513789
30.203421602000002,1.0776360933513789
30.205244554000004,1.0776360933513789
30.207229260000002,1.0776360933513789
30.209310019,1.0776291120343708
30.211323092,1.077608168083347
30.213194490000003,1.0776849625704346
30.215137155,1.0776640186194109
30.217318626,1.0776640186194109
30.21931554,1.0776360933513789
30.221437743000003,1.0776360933513789
30.223385688,1.0776360933513789
30.225173339,1.0776360933513789
30.227359600000003,1.0776291120343708
30.229188256,1.0776291120343708
30.231242938,1.077615149400355
30.233467253,1.0776919438874426
30.235263415000002,1.077615149400355
30.237277143000004,1.077594205449331
30.239287111000003,1.0776291120343708
30.241322380000003,1.077650055985395
30.243319145,1.077650055985395
30.245281853,1.0776640186194109
30.247206329,1.077615149400355
30.249424754000003,1.0776640186194109
30.251323154,1.0776640186194109
30.253341367,1.0776291120343708
30.255192203000004,1.0776640186194109
30.257112399,1.0776360933513789
30.259324197,1.077650055985395
30.261585129,1.0776291120343708
30.263567416,1.0776291120343708
30.265477790000002,1.077650055985395
30.267472733,1.077615149400355
30.269453220000003,1.077615149400355
30.271150546,1.0776291120343708
30.273259589000002,1.0775732614983071
30.275343130000003,1.0776291120343708
30.277227881,1.0776709999364187
30.279234036000002,1.0776291120343708
30.281242523000003,1.077566280181299
30.283472524,1.077566280181299
30.285484108000002,1.0776291120343708
30.287270054,1.0776291120343708
30.289207625000003,1.077615149400355
30.291074481000003,1.0775732614983071
30.293106351000002,1.077608168083347
30.295130549000003,1.077615149400355
30.297110725000003,1.077615149400355
30.299218305,1.0776360933513789
30.301416498000002,1.077608168083347
30.303129792000004,1.077608168083347
30.305115379000004,1.0776291120343708
30.307097253000002,1.077587224132323
30.309105340000002,1.0776291120343708
30.311118681000004,1.077587224132323
30.313126434,1.0776360933513789
30.315095748,1.077594205449331
30.317121367000002,1.077615149400355
30.319072658000003,1.077615149400355
30.321277304000002,1.077650055985395
30.323309382,1.077650055985395
30.325304589,1.077615149400355
30.327419529,1.077615149400355
30.329195812000002,1.077608168083347
30.331263034000003,1.0776291120343708
30.333153386000003,1.077608168083347
30.335190123,1.077608168083347
30.337248801,1.077608168083347
30.339165622000003,1.077615149400355
30.341199173000003,1.077594205449331
30.343354533000003,1.077594205449331
30.345221307000003,1.077608168083347
30.347183428,1.077594205449331
30.349171828000003,1.077608168083347
30.351179985,1.0776360933513789
30.353165367000003,1.077608168083347
30.355104071000003,1.077650055985395
30.357141169000002,1.077608168083347
30.359131797000003,1.077594205449331
30.361324034000003,1.0776360933513789
30.363254230000003,1.0776360933513789
30.365224943,1.077587224132323
30.367174648000002,1.077615149400355
30.369242734,1.077615149400355
30.371252772000002,1.077615149400355
30.373209942000003,1.077615149400355
30.375251558000002,1.077594205449331
30.377107133000003,1.077594205449331
30.379107314000002,1.077615149400355
30.381604692000003,1.077615149400355
30.383189327,1.077615149400355
30.385319206000002,1.077587224132323
30.387245917,1.077608168083347
30.389280454,1.077594205449331
30.39147595,1.0776709999364187
30.393132661000003,1.0776709999364187
30.395234922,1.077587224132323
30.397235690000002,1.077608168083347
30.399149341,1.0775732614983071
30.401317969,1.077650055985395
30.403323786,1.077650055985395
30.405252420000004,1.077587224132323
30.407264046,1.077615149400355
30.409351337,1.077615149400355
30.411159541000004,1.077615149400355
30.413267156000003,1.077587224132323
30.415230173,1.0776360933513789
30.417253452,1.077587224132323
30.419120242,1.077615149400355
30.421304544,1.077594205449331
30.423418641,1.0776709999364187
30.425120773000003,1.0776709999364187
30.427187664,1.077608168083347
30.42911634,1.077608168083347
30.431109358,1.0776291120343708
30.433114930000002,1.077594205449331
30.435111422000002,1.0776640186194109
30.437112159,1.0776640186194109
30.439087878000002,1.077608168083347
30.441221598000002,1.077615149400355
30.443177589,1.077615149400355
30.445265226000004,1.077615149400355
30.447315609,1.077615149400355
30.449236844,1.077608168083347
30.451383560000004,1.077594205449331
30.453254947,1.077594205449331
30.45518884,1.0776849625704346
30.457143953000003,1.077594205449331
30.459099581,1.077615149400355
30.46152202,1.0776360933513789
30.463471561000002,1.0776360933513789
30.465204706,1.077608168083347
30.467255722,1.0776360933513789
30.469258165000003,1.077615149400355
30.471263181,1.0775523175472832
30.473477412,1.0776360933513789
30.475270573000003,1.0776849625704346
30.477275635,1.077608168083347
30.479146816000004,1.077587224132323
30.481188203000002,1.0776849625704346
30.483236744000003,1.0776849625704346
30.485182206,1.0776291120343708
30.487211838,1.0776849625704346
30.489256242000003,1.0776360933513789
30.491115618000002,1.0776360933513789
30.493116704000002,1.0775732614983071
30.495114413000003,1.0776360933513789
30.497091838000003,1.0776360933513789
30.499094053,1.077587224132323
30.501266538000003,1.077608168083347
30.503223309000003,1.077608168083347
30.505128825000003,1.077650055985395
30.507342126,1.077587224132323
30.50911984,1.077587224132323
30.511104810000003,1.077650055985395
30.513103044,1.077615149400355
30.515111607,1.077594205449331
30.517114818000003,1.077594205449331
30.519078567,1.077608168083347
30.521205819000002,1.077650055985395
30.523175705000003,1.077650055985395
30.525149506,1.077650055985395
30.527090862,1.0776291120343708
30.529115693,1.0776360933513789
30.531167806000003,1.0776849625704346
30.533106082000003,1.077608168083347
30.535098540000003,1.0776849625704346
30.537105262,1.0776291120343708
30.539094836,1.0776360933513789
30.541153422,1.0776360933513789
30.543294362,1.077615149400355
30.545110913000002,1.077615149400355
30.547107849000003,1.077608168083347
30.549155941000002,1.0776360933513789
30.551090718,1.0775523175472832
30.553051643000003,1.0776709999364187
30.555092408,1.0776849625704346
30.557123135,1.077615149400355
30.559091368,1.077594205449331
30.561128473,1.0776919438874426
