t,value
0.11648472600000001,-0.00629156288758916
0.11650859400000001,-0.00629156288758916
0.116543503,-0.02294619274181985
0.118417662,-0.02294619274181985
0.12035912000000001,-0.0009927432785343747
0.122268151,-0.010078229232716058
0.124221621,0.0012733922222550628
0.12711562,0.0012733922222550628
0.131355833,0.005311385979669144
0.131416016,0.005311385979669144
0.133223598,-0.013609379375350986
0.134313974,-0.013609379375350986
0.135632612,-0.00023876104167282433
0.13820294800000002,-0.012348553523710282
0.139750707,0.00026389378290154266
0.14238627,-0.0017509143056007115
0.14415085500000002,-0.006798406502368313
0.145717421,-0.006798406502368313
0.147851554,0.005562713391956328
0.149667024,-0.010580884057290425
0.152653899,0.0007665486074759096
0.154120891,0.006320884419022665
0.155581921,-0.0045280822113740885
0.157663946,-0.0012440706908215583
0.15984255,0.009093863534591254
0.16327393,0.005311385979669144
0.16399835100000001,-0.012851208348284647
0.16637823200000001,-0.012851208348284647
0.167736297,-0.006798406502368313
0.16977639900000002,0.007330382858376184
0.171851584,0.0022828906616085835
0.174567089,-0.008817403381075353
0.175899107,0.004301887540315624
0.17782899000000002,0.017672505873993785
0.18216652700000002,0.026757991828175464
0.182719197,0.026757991828175464
0.184519745,-0.015125721429483657
0.186132592,-0.015125721429483657
0.188531354,0.0037950439255364705
0.19060174900000001,0.0037950439255364705
0.19499136900000003,-0.004779409623661273
0.19501342600000002,-0.004779409623661273
0.197337022,0.0022828906616085835
0.19815958800000003,0.0022828906616085835
0.201210145,-0.0004900884539600077
0.20652746100000002,-0.006040235475301975
0.20719578100000002,0.007074866655884214
0.207219019,0.007074866655884214
0.208096425,-0.0050307370359484556
0.210168664,-0.0050307370359484556
0.211960483,-0.019666370011472107
0.214335606,0.01666719622484505
0.21624720900000002,0.01666719622484505
0.219327347,0.003543716513249287
0.223723361,-0.008561887178583385
0.223742973,-0.011590382496643946
0.22489593000000002,-0.0078079049417218325
0.226615792,-0.0078079049417218325
0.227992575,-0.012348553523710282
0.230382155,-0.0017509143056007115
0.23196102400000002,-0.0017509143056007115
0.23386684800000002,0.006320884419022665
0.236895672,0.006572211831309849
0.238074839,-0.014367550402417321
0.24033084100000002,-0.0012440706908215583
0.244135066,0.0025342180738957666
0.245009828,-0.0025090853326670483
0.246040486,0.008339881297729704
0.24853645500000002,0.008591208710016889
0.250542678,0.008591208710016889
0.252772975,0.005311385979669144
0.25390687900000003,0.005311385979669144
0.25704645400000004,-0.0050307370359484556
0.258111429,-0.019666370011472107
0.259867724,0.021710499631407865
0.262181794,-0.011339055084356762
0.26429251600000003,0.012880529879718152
0.266539643,0.012880529879718152
0.268527978,-0.0035185837720205686
0.27102021800000003,0.017672505873993785
0.27347634600000004,0.007074866655884214
0.27427559500000004,-0.012097226111423099
0.27609527700000003,-0.018405544159831404
0.277910975,-0.024965189620526892
0.28006999600000004,0.01061020558872393
0.28312181000000003,0.0012733922222550628
0.28408688800000004,-0.005282064448235639
0.28686556500000004,-0.002002241717887895
0.28783337800000003,-0.002002241717887895
0.290650597,-0.0007414158662471912
0.294105614,0.0015247196345422463
0.294730531,0.0022828906616085835
0.295679216,0.007581710270663369
0.298027741,0.02019834636747998
0.301068155,0.02019834636747998
0.302007097,-0.012599880935997464
0.303782926,-0.012599880935997464
0.305707328,-0.00932005820564972
0.308269022,-0.00932005820564972
0.310255769,0.006823539243597031
0.31188317400000004,0.006823539243597031
0.31382961400000003,0.0007665486074759096
0.315604312,0.011871031440364633
0.317647461,-0.0022535691301750786
0.32098833000000004,0.00405056012802844
0.322448089,0.024487667537181245
0.32392273000000005,-0.001499586893313528
0.32569944500000003,-0.001499586893313528
0.328599227,0.005311385979669144
0.329681805,0.005311385979669144
0.33186431800000005,-0.009826901820428873
0.33399989300000005,-0.009826901820428873
0.33627892400000003,0.006065368216530694
0.33782169500000003,0.013131857292005337
0.34009167900000004,0.013131857292005337
0.342674121,0.003543716513249287
0.343911051,-0.020169024836046472
0.34617332,-0.020169024836046472
0.34792522800000003,-0.010836400259782393
0.350978605,-0.010836400259782393
0.352172778,0.013131857292005337
0.355544482,0.0020315632493213996
0.356541504,0.0020315632493213996
0.358526608,-0.008817403381075353
0.360906013,0.006065368216530694
0.36197645300000003,0.0212078448068335
0.364314904,0.004301887540315624
0.36652188900000005,0.004301887540315624
0.36919276700000003,-0.018908198984405773
0.373090959,-0.018908198984405773
0.375056583,0.014392683143646041
0.377736571,-0.010078229232716058
0.37774977000000004,-0.010078229232716058
0.38189899800000005,0.015402181582999561
0.381955722,-0.008310559766296199
0.38721571200000005,-0.008310559766296199
0.38723082600000003,0.007330382858376184
0.388221912,0.007330382858376184
0.391182491,0.02019834636747998
0.39126373000000003,-0.00932005820564972
0.39464816500000005,-0.00932005820564972
0.40119546,1.2566370614359175e-05
0.40172576000000004,1.2566370614359175e-05
0.402352767,-0.006040235475301975
0.40271289800000004,-0.006040235475301975
0.40362908900000005,1.2566370614359175e-05
0.40400979800000003,1.2566370614359175e-05
0.407462317,-0.014618877814704504
0.412640316,-0.008059232354009016
0.413342672,-0.008059232354009016
0.41338859600000005,-0.019666370011472107
0.421084985,-0.019666370011472107
0.42112136800000005,-0.0022535691301750786
0.421130325,-0.0022535691301750786
0.42431611700000005,0.009093863534591254
0.424666227,0.009093863534591254
0.426548022,0.018937520515839277
0.42763604600000005,0.018937520515839277
0.428432305,0.018430676901060122
0.429798422,0.018430676901060122
0.431774288,-0.011590382496643946
0.43899383700000005,0.009349379737083226
0.441208928,-0.0009927432785343747
0.44125525400000004,-0.00629156288758916
0.44224778000000003,-0.0045280822113740885
0.44494673500000004,0.021710499631407865
0.44566739600000005,0.021710499631407865
0.44629984500000003,-0.010836400259782393
0.447798038,-0.010836400259782393
0.449649988,-0.008817403381075353
0.45293032600000005,-0.026477342884454774
0.454088472,-0.008561887178583385
0.45619235,0.00405056012802844
0.457994895,0.00405056012802844
0.460017967,-0.005282064448235639
0.46284153000000006,0.009852034561657593
0.464204755,-0.0022535691301750786
0.466392888,-0.0022535691301750786
0.46774305600000005,-0.007049733914655497
0.470490238,0.012373686264939001
0.471892295,-0.020424541038538444
0.473688949,0.005311385979669144
0.47645437500000004,-0.0012440706908215583
0.478386232,-0.012348553523710282
0.47982057600000005,0.009349379737083226
0.48316629000000005,-0.0025090853326670483
0.484634194,-0.0025090853326670483
0.486124781,-0.01613521986883718
0.487810338,-0.01613521986883718
0.48980376700000006,-0.009571385617936905
0.491790689,0.010861533001011113
0.493782321,0.007833037682950551
0.49567291900000005,-0.012348553523710282
0.49817225200000004,0.013638700906784491
0.503850072,-0.003769911184307752
0.5042841330000001,0.0005152211951887261
0.504821014,1.2566370614359175e-05
0.505899928,1.2566370614359175e-05
0.5078629100000001,-0.006798406502368313
0.510150412,-0.006798406502368313
0.511874126,0.006823539243597031
0.5138325770000001,-0.009826901820428873
0.515656876,-0.00654707909008113
0.5176864290000001,-0.01032955664500324
0.520237634,0.012880529879718152
0.522283562,0.008084365095237734
0.5243040720000001,0.008084365095237734
0.527055293,0.009093863534591254
0.52813181,0.009093863534591254
0.5299132360000001,0.00405056012802844
0.532378488,-0.003769911184307752
0.533808607,-0.0012440706908215583
0.535839187,0.0022828906616085835
0.541694558,0.0058140408042435116
0.541900346,0.009349379737083226
0.542437559,0.009349379737083226
0.543901017,0.012122358852651817
0.5457584950000001,0.012122358852651817
0.548964884,0.011364187825585478
0.549679306,0.006065368216530694
0.551729036,-0.00023876104167282433
0.553744864,-0.003769911184307752
0.556020772,-0.0017509143056007115
0.5577485080000001,-0.006040235475301975
0.5596106000000001,-0.00023876104167282433
0.563355578,0.00278554548618295
0.5643507520000001,0.013131857292005337
0.565668413,0.013131857292005337
0.56903451,-0.014618877814704504
0.571281879,0.022719998070761385
0.5722703680000001,0.00278554548618295
0.5736762280000001,-0.01789870054505225
0.576637038,-0.0012440706908215583
0.581934986,-0.0007414158662471912
0.582594756,-0.0007414158662471912
0.584088994,0.0017760470468294299
0.586574444,0.0017760470468294299
0.5874435100000001,-0.00629156288758916
0.59059114,-0.00629156288758916
0.59281128,-0.011845898699135915
0.5955184530000001,-0.011845898699135915
0.595863608,0.005055869777177174
0.596849862,0.005055869777177174
0.5998729460000001,0.0017760470468294299
0.600850842,0.0017760470468294299
0.602723203,-0.008059232354009016
0.6037621950000001,-0.008059232354009016
0.605629811,0.006065368216530694
0.608037316,-0.005537580650727609
0.609907512,-0.005537580650727609
0.6119367640000001,0.005055869777177174
0.6139646400000001,0.005055869777177174
0.61924769,0.007074866655884214
0.6199725620000001,-0.009826901820428873
0.622498632,-0.009826901820428873
0.6236046160000001,0.0022828906616085835
0.624411846,0.0022828906616085835
0.6268219850000001,-0.005282064448235639
0.628288823,-0.005282064448235639
0.6299788000000001,0.010103361973944777
0.631666568,0.010103361973944777
0.633669967,-0.0004900884539600077
0.6358926650000001,-0.01991769742375929
0.637738808,0.0010220648099678795
0.6396935020000001,0.01565769778549153
0.6433753120000001,-0.002760412744954232
0.6447426350000001,0.0037950439255364705
0.645686559,0.0037950439255364705
0.6476402600000001,-0.01487020522699169
0.6503317540000001,-0.0009927432785343747
0.651644097,-0.0009927432785343747
0.653602647,-0.01487020522699169
0.656663681,-0.003011740157241415
0.6584647560000001,0.0007665486074759096
0.66166053,0.009093863534591254
0.662374405,0.007833037682950551
0.6640507720000001,0.019440175340413642
0.666472303,0.019440175340413642
0.6676336700000001,0.014899526758425196
0.67045478,-0.00629156288758916
0.67195833,0.008339881297729704
0.674053513,0.004301887540315624
0.67591243,0.01061020558872393
0.6783769780000001,0.012880529879718152
0.681169156,-0.012097226111423099
0.682429665,-0.012097226111423099
0.684720004,-0.01587970366634521
0.685853047,-0.01587970366634521
0.687702625,-0.0045280822113740885
0.690532959,0.005055869777177174
0.692175677,0.011871031440364633
0.6937944370000001,0.00026389378290154266
0.6957715640000001,0.015150854170712377
0.69790467,-0.0017509143056007115
0.700065656,-0.004272566008882119
0.702655098,-0.010580884057290425
0.7059366960000001,-0.005282064448235639
0.7064793970000001,-0.005282064448235639
0.7081300700000001,0.00026389378290154266
0.709763341,-0.019415042599184924
0.7117214700000001,-0.019415042599184924
0.714318801,-0.0009927432785343747
0.7156224520000001,-0.0012482594810263447
0.718320776,-0.005537580650727609
0.7210925410000001,-0.009826901820428873
0.7218569690000001,-0.009826901820428873
0.724132259,0.012122358852651817
0.7267142830000001,0.012122358852651817
0.727923129,0.004301887540315624
0.729696566,-0.0171447183081907
0.7317822270000001,-0.0171447183081907
0.734044063,0.0005152211951887261
0.735639236,-0.007552388739229863
0.73768243,0.019947018955192793
0.7406993300000001,0.0005152211951887261
0.7418338680000001,-0.0004900884539600077
0.744491239,0.0032923891009621034
0.7458992470000001,0.007833037682950551
0.748447253,0.007833037682950551
0.74979638,-0.007049733914655497
0.7523073990000001,-0.007049733914655497
0.755465083,0.007833037682950551
0.75643432,0.0007665486074759096
0.759686819,0.00026389378290154266
0.7606921360000001,1.2566370614359175e-05
0.7629782300000001,0.012122358852651817
0.764223855,0.012122358852651817
0.7656933220000001,0.014392683143646041
0.767861903,0.00278554548618295
0.772163465,0.00278554548618295
0.772708104,0.013638700906784491
0.773640635,-0.005537580650727609
0.775682737,-0.0050307370359484556
0.777562077,0.008591208710016889
0.7802352490000001,-0.00023876104167282433
0.7820765080000001,-0.0012482594810263447
0.7845037890000001,-0.0012482594810263447
0.785730421,-0.008310559766296199
0.787614739,-0.008310559766296199
0.790442921,0.005562713391956328
0.792281667,0.015909025197778714
0.7944500910000001,0.015909025197778714
0.797191508,-0.00932005820564972
0.7979372130000001,-0.00932005820564972
0.800769044,-0.0007414158662471912
0.802777124,0.005311385979669144
0.805762756,-0.001499586893313528
0.80627632,-0.001499586893313528
0.808696211,-0.01815421674754422
0.810112487,-0.01815421674754422
0.81164707,0.012629202467430968
0.8136286810000001,-0.005537580650727609
0.816089932,0.014648199346138008
0.8175959740000001,0.014648199346138008
0.8197508720000001,-0.0050307370359484556
0.8225912910000001,0.0022828906616085835
0.825052187,0.016663007434640265
0.825938342,0.016663007434640265
0.8277650820000001,-0.0012482594810263447
0.8296581230000001,0.00026389378290154266
0.8319824050000001,0.023478169097827722
0.834450468,0.007074866655884214
0.8356587670000001,-0.0050307370359484556
0.8382938990000001,1.2566370614359175e-05
0.8399179050000001,-0.010580884057290425
0.842523153,-0.0012440706908215583
0.845202907,0.0010220648099678795
0.8464848730000001,0.0010220648099678795
0.8476929670000001,-0.004779409623661273
0.849618949,-0.004779409623661273
0.8519089240000001,-0.0050307370359484556
0.853599478,-0.012348553523710282
0.8555635810000001,0.020956517394546317
0.8575658030000001,-0.004272566008882119
0.86169704,-0.016637874693411544
0.862954996,-0.016637874693411544
0.8652170020000001,-0.024965189620526892
0.8662357380000001,-0.024965189620526892
0.8699039700000001,-0.0022535691301750786
0.8706257580000001,-0.014116222990130137
0.872008026,-0.014116222990130137
0.8737427400000001,0.013638700906784491
0.8757081290000001,0.00278554548618295
0.8779644710000001,-0.006798406502368313
0.8797689200000001,0.014141355731358857
0.8841418900000001,0.006065368216530694
0.884868812,-0.013106724550776617
0.885685732,-0.013106724550776617
0.8876520870000001,0.018430676901060122
0.889945572,-0.021434039477891964
0.8924719680000001,-0.010580884057290425
0.893670195,0.003543716513249287
0.896067197,0.011871031440364633
0.8979432890000001,0.00960070714937041
0.9003170730000001,0.0010220648099678795
0.902638771,0.0010220648099678795
0.9039254360000001,0.005562713391956328
0.9062408630000001,0.005562713391956328
0.9081470730000001,1.2566370614359175e-05
0.9098532050000001,1.2566370614359175e-05
0.9120528630000001,-0.005788908063014792
0.915244147,-0.003769911184307752
0.9170162510000001,-0.002760412744954232
0.918236936,-0.007049733914655497
0.921228554,-0.004272566008882119
0.9221328950000001,-0.009068730793362538
0.9246223990000001,-0.0004900884539600077
0.926205762,-0.0004900884539600077
0.9280468940000001,-0.003011740157241415
0.929872239,-0.003011740157241415
0.933353089,-0.007049733914655497
0.9342763780000001,-0.013358051963063802
0.9372471040000001,-0.013358051963063802
0.9379901370000001,0.015909025197778714
0.939846076,0.007581710270663369
0.9431334680000001,0.0020315632493213996
0.944596791,-0.018908198984405773
0.946417665,-0.018908198984405773
0.948097285,-0.010580884057290425
0.950044941,-0.010580884057290425
0.952160192,0.018682004313347305
0.954582586,0.018682004313347305
0.9566038630000001,-0.0007414158662471912
0.957643883,-0.0007414158662471912
0.9595978420000001,-0.0045280822113740885
0.963136474,-0.006040235475301975
0.96461825,-0.006040235475301975
0.9656728800000001,0.009093863534591254
0.967674439,0.012880529879718152
0.9702522870000001,0.012880529879718152
0.9717029150000001,-0.01587970366634521
0.973702335,0.025497165976534765
0.9758064230000001,-0.0012482594810263447
0.9776243480000001,0.004301887540315624
0.97968129,-0.003769911184307752
0.984697942,-0.004272566008882119
0.984733587,-0.001499586893313528
0.987235693,-0.002760412744954232
0.9880858140000001,-0.002760412744954232
0.989780313,0.0010220648099678795
0.992513905,0.011619704028077448
0.9939237110000001,0.011619704028077448
0.9965899180000001,-0.004779409623661273
0.9986869020000001,0.0005152211951887261
1.000004833,0.0005152211951887261
1.003238235,0.010358878176436746
1.0043389440000001,0.013383184704292518
1.005847042,0.013383184704292518
1.007823049,-0.005282064448235639
1.01091608,0.0025342180738957666
1.011937251,0.0025342180738957666
1.014343723,-0.003011740157241415
1.015814373,0.013383184704292518
1.017929423,-0.006040235475301975
1.0198436180000001,-0.013106724550776617
1.022891496,-0.013106724550776617
1.024402878,-0.007552388739229863
1.026545056,-0.007552388739229863
1.0277636220000002,0.0037950439255364705
1.029862775,0.0037950439255364705
1.0321821180000001,0.0037950439255364705
1.034113794,-0.0032630675695285985
1.036165918,-0.0032630675695285985
1.037804227,-0.0032630675695285985
1.042514661,-0.01613521986883718
1.0425440430000001,0.016160352610065896
1.04405897,0.0005152211951887261
1.045678009,0.0005152211951887261
1.048199702,-0.0050307370359484556
1.049662298,-0.0050307370359484556
1.051722634,-0.010078229232716058
1.054095629,-0.008310559766296199
1.05768152,0.006572211831309849
1.058403127,-0.0007414158662471912
1.06075783,-0.013860706787638167
1.062003509,-0.014116222990130137
1.06432514,0.005311385979669144
1.0657624490000002,0.005311385979669144
1.0680702830000002,0.006572211831309849
1.070518735,0.006572211831309849
1.071662614,-0.0007414158662471912
1.073790907,-0.00629156288758916
1.0757259190000001,-0.02925451079022815
1.078956521,1.2566370614359175e-05
1.079940268,-0.003769911184307752
1.085779874,-0.013358051963063802
1.085813991,-0.006040235475301975
1.086287527,-0.006040235475301975
1.0877840840000002,-0.0045280822113740885
1.08980897,-0.011087727672069577
1.09261811,0.00304106168867492
1.09363286,0.00304106168867492
1.0956231090000002,0.008084365095237734
1.097558331,0.018430676901060122
1.100455975,-0.010580884057290425
1.1024810520000001,0.006823539243597031
1.1046659620000001,0.011112860413298295
1.1058319170000002,0.011112860413298295
1.1079913030000001,-0.01032955664500324
1.1100898750000001,-0.01032955664500324
1.1121701640000001,0.013638700906784491
1.1144857300000002,0.006823539243597031
1.115894946,0.014899526758425196
1.1181303150000002,-0.004021238596594936
1.119761529,-0.004021238596594936
1.1274653540000001,0.02297132548304857
1.1275461880000002,0.0025342180738957666
1.127938051,-0.002002241717887895
1.128759748,-0.002002241717887895
1.1299159,-0.010836400259782393
1.1326146240000001,-0.010836400259782393
1.134488631,-0.004272566008882119
1.1357990470000001,-0.017647373132765064
1.13783916,-0.017647373132765064
1.1397766710000001,-0.0017509143056007115
1.142640222,0.00304106168867492
1.14384211,0.014392683143646041
1.146529273,0.014392683143646041
1.147955396,-0.00730106132694268
1.1498744650000001,-0.00730106132694268
1.1524845730000002,-0.0004900884539600077
1.153857806,0.0015247196345422463
1.155762745,0.0015247196345422463
1.15802116,0.0058140408042435116
1.159764723,0.0058140408042435116
1.1628895910000001,-0.0171447183081907
1.163850556,-0.0171447183081907
1.168146909,0.019947018955192793
1.168682065,0.019947018955192793
1.169882507,-0.0032630675695285985
1.171842902,1.8768419055272048
1.173863731,4.122071154404554
1.175969027,5.214658436260216
1.177720247,5.214658436260216
1.180207237,5.303728871174794
1.182874448,3.8500594960861343
1.183912965,3.2114114087231727
1.186143465,3.2114114087231727
1.1879900760000002,3.041597853821133
1.1900800390000001,3.041597853821133
1.1931880510000001,3.626746712688562
1.194178787,4.768284196877359
1.1957701760000001,5.431407385406888
1.1977378550000002,5.533856816235554
1.2011620980000002,5.447308033024258
1.2029300630000002,5.324924149611014
1.2042164180000001,5.069311604944334
1.2057331930000001,5.069311604944334
1.2081690920000001,4.731443787026263
1.2101580250000001,4.4392421599207745
1.211946647,4.4392421599207745
1.213592601,4.4392421599207745
1.216337323,4.9340639468121905
1.2175552550000002,5.174538203678773
1.2206213000000001,5.16999336630658
1.223186102,5.067799451680406
1.224524486,5.040295855195778
1.225861722,5.040295855195778
1.227686051,4.9645960386148795
1.229882484,4.844742184485325
1.2317780310000002,4.851301829946021
1.2336308070000002,4.851301829946021
1.236321113,4.863415811218264
1.237655069,4.992359340092203
1.239710694,5.020868246225979
1.244043084,5.040048716573696
1.2448829410000002,4.998918985552899
1.245898264,4.998918985552899
1.2477295670000002,4.965861053256725
1.250711871,4.852311328385375
1.2517396680000001,4.851804484770596
1.25372562,4.86366713863055
1.255677117,4.863415811218264
1.2584624990000002,4.869217285651893
1.2611295530000002,4.932049138723689
1.262315182,4.96661922428379
1.2654012940000001,4.954006776977179
1.266367013,4.954006776977179
1.2693886300000001,4.952490434923046
1.270408047,4.907578226347327
1.272553043,4.912370202341602
1.273653342,4.912370202341602
1.275608498,4.921707015708071
1.277815396,4.896226604892355
1.280767363,4.930796690452458
1.2833782470000001,4.908843240989172
1.284353539,4.908843240989172
1.2870988700000001,4.783937705872646
1.2881726470000001,4.783937705872646
1.289849355,4.745836470169909
1.291774492,4.81043180391792
1.294599947,4.917170555916287
1.2965348780000001,4.963599106546139
1.29771652,4.928522177371258
1.3022583250000002,4.878306960396278
1.303236502,4.858623835223988
1.3054356260000002,4.855850856108419
1.306322822,4.855850856108419
1.3078067050000002,4.795796170942396
1.310243971,4.930285658047473
1.312321403,4.930285658047473
1.3137344530000001,4.917162178335878
1.31644991,4.857614336784634
1.317770074,4.910099878050608
1.3201222320000001,4.861903657954336
1.322317046,4.849538349269806
1.323807895,4.915147370247376
1.3266077710000002,4.915147370247376
1.327767559,4.916659523511304
1.330385535,4.877544600579008
1.3319745600000001,4.877544600579008
1.333768258,4.920190673653939
1.336327169,4.80916260048587
1.337724758,4.902271029157862
1.340399018,4.90505238585384
1.342833269,4.90505238585384
1.346076226,4.905555040678415
1.3470676300000002,4.905555040678415
1.347864564,4.949461939604985
1.3502458240000001,4.949461939604985
1.351751653,4.866695633948611
1.3538798790000002,4.887895101175035
1.3558131310000001,4.887895101175035
1.359140269,4.86720247756339
1.361356663,4.850296520296872
1.363287251,4.823802422251599
1.3659882490000002,4.823802422251599
1.367944859,4.822286080197466
1.370700325,4.822286080197466
1.370727963,5.060992667597628
1.371836485,5.060992667597628
1.374899209,5.063258803098417
1.375946675,5.063258803098417
1.3777513970000002,4.788721304286512
1.3797113570000001,4.662299427115854
1.383388877,4.7581850236936205
1.3845416320000001,4.7581850236936205
1.387173856,4.795532277159495
1.388225226,4.795532277159495
1.3904090660000001,4.951221231490996
1.39192197,4.951221231490996
1.393871251,4.920433623485816
1.396002022,4.944657397240095
1.3979374980000001,4.938851734016262
1.400417131,4.953236039579498
1.40266643,4.979478810212485
1.405568262,5.028181873923536
1.406845699,5.028181873923536
1.408860008,5.014807066799653
1.410285872,5.014807066799653
1.4139773,5.016574736266073
1.4146563200000002,4.9968916110937815
1.4162528760000002,4.9968916110937815
1.419215786,4.984023647584678
1.4199568500000002,4.920182296073529
1.42447477,4.892171855974123
1.424544167,4.9214431219251695
1.426066764,4.9214431219251695
1.427964562,4.907314332564424
1.430048945,4.907314332564424
1.433257993,4.9380977517794
1.4352250000000002,4.981753323293684
1.4361685480000002,4.980492497442042
1.4378091670000002,5.0180910783202055
1.440942068,5.005474442223389
1.4423567290000001,4.998156625735627
1.444152936,4.966866362905873
1.4457989450000002,4.966866362905873
1.448718235,4.98427916378717
1.451274404,4.9514725589032835
1.4521714510000001,4.956771378512337
1.453623861,4.966363708081298
1.455770046,4.9514725589032835
1.457684707,4.965350020851741
1.461324462,4.9764545036846295
1.462523604,4.951975213727858
1.4639504010000002,4.921191794512882
1.4658414350000002,4.921191794512882
1.469428946,4.927244596358798
1.470508431,4.927244596358798
1.471782176,4.892678699588901
1.473776033,4.978720639185418
1.4772622940000002,4.93859621781377
1.478134894,4.926993268946511
1.4802643210000002,4.926993268946511
1.4844681210000001,4.938349079191687
1.4850352930000001,4.848767611872125
1.486236726,4.848767611872125
1.489488688,4.8411984679720765
1.489840977,4.8411984679720765
1.4939110420000001,4.781906142623324
1.4944673540000002,4.943647898800743
1.49618855,4.979730137624772
1.4977207410000002,4.979730137624772
1.5012632650000002,4.975943471279645
1.502838923,4.975185300252579
1.5038584890000002,4.975943471279645
1.506777698,4.975943471279645
1.508006165,4.925221410689887
1.5098211140000002,4.925221410689887
1.5117486070000001,4.971398633907452
1.5140141550000001,4.934306896644068
1.518196579,4.951715508735161
1.519095043,4.925221410689887
1.520139477,4.917652266789838
1.5224812440000002,4.978465122982927
1.5239167980000001,5.011267539076608
1.526487648,5.011267539076608
1.527798309,4.997896920742931
1.5301920370000002,4.997896920742931
1.5321951,5.014300223184874
1.5339839400000002,5.015561049036515
1.53660386,5.015561049036515
1.537785583,5.031457507863679
1.541017458,5.031457507863679
1.5432261760000001,5.002693085527411
1.5439224070000002,5.002693085527411
1.5458528370000002,4.986796626700246
1.547784429,4.936330082312979
1.5510097230000002,4.936330082312979
1.5517763980000001,4.940874919685174
1.554066774,4.901759996752878
1.5558459880000002,4.895196162501978
1.557937998,4.940363887280189
1.560078203,4.95575769128278
1.5626059220000001,4.949449373234371
1.566494139,4.973166303373872
1.5667813560000001,4.973166303373872
1.567807884,4.990327776842881
1.5697327540000001,4.990327776842881
1.571748372,4.959288841425414
1.5738099,4.962572852945967
1.5761264700000002,4.934059758021986
1.5811059250000001,4.952226541140144
1.5816314630000001,4.952226541140144
1.582646581,4.9618146819189
1.583838526,4.9618146819189
1.5859672310000001,4.933050259582632
1.588385347,4.939362766421246
1.5900191170000002,4.939362766421246
1.593273409,4.884858228276565
1.59436609,4.9219541543301535
1.595826742,4.878554099018362
1.5979187830000001,4.873255279409306
1.600277167,4.873255279409306
1.6029322860000002,4.937854801947522
1.604436036,4.961069077262449
1.6061347860000001,4.961069077262449
1.6095614260000002,4.985544178429015
1.610518063,4.985544178429015
1.614007132,4.989833499598717
1.614924465,5.003710961547174
1.615957037,5.000179811404539
1.617965619,4.953248605950113
1.621351988,5.001947480870959
1.623558292,5.0186021107251895
1.6244272560000002,5.0186021107251895
1.626025325,5.060485823982849
1.6278927220000001,5.060485823982849
1.631409034,5.067300985646036
1.632360008,5.03878370193185
1.634575356,5.05114901061638
1.635860322,5.003459634134887
1.6379894590000001,5.00850293754145
1.63999712,5.00850293754145
1.6438993780000002,4.994374148180706
1.644587515,5.022887243104686
1.6458183180000001,5.022887243104686
1.649901445,5.030456387004735
1.6505647490000002,5.030456387004735
1.6516687060000002,5.020365591401404
1.653982964,5.025408894807968
1.655736502,5.039793200371204
1.6582213920000002,5.044333848953192
1.6602544760000002,5.044333848953192
1.662799775,5.069822637349318
1.6644105,5.069822637349318
1.665822407,5.0564478302254345
1.6679040980000002,5.0564478302254345
1.66982333,4.871738937355174
1.6717649680000002,4.775602013365122
1.674071442,4.749610570144422
1.676061304,4.773834343898702
1.677843994,4.773834343898702
1.681382366,4.801090801761247
1.68233239,4.933565480777821
1.684314952,5.067049658233748
1.685775838,5.067049658233748
1.688082013,5.074111958519019
1.6901671820000002,5.074111958519019
1.691770253,5.053168007495087
1.694950371,5.0607413401853405
1.696367481,5.093041101454449
1.7012731090000002,5.117516202621015
1.702667069,5.126853015987484
1.7033186690000002,5.103383224470066
1.7042932020000001,5.1149903621275286
1.7062458520000001,5.1149903621275286
1.7102423640000002,5.087235438230615
1.710902501,5.087235438230615
1.7123151410000002,4.986298160665878
1.7151204210000002,4.9840278363748824
1.7159439660000002,4.95476075921404
1.7182742420000001,4.943400760178659
1.7202508820000002,4.895208728872592
1.7226145880000001,4.8714876099428865
1.724284305,4.8714876099428865
1.7261492500000002,4.863914277252633
1.727697727,4.863914277252633
1.729974882,4.9469360991114995
1.731995065,5.0188534381374765
1.733725017,5.0188534381374765
1.736547016,5.0688173277001685
1.7377192030000002,5.121302868966143
1.7396290730000001,5.121302868966143
1.7448841540000002,5.168992245447636
1.7451982330000002,5.107923873052055
1.747374116,5.046608362034391
1.748163335,5.046608362034391
1.749636685,4.977719518326474
1.751869541,4.873762123024086
1.753629568,4.8518086735608
1.7558025970000002,4.828087554631095
1.7580175130000002,4.848528850830452
1.7603574160000002,4.8841084348299075
1.762047874,4.8841084348299075
1.7641587120000002,4.874520294051153
1.7662370770000002,4.874520294051153
1.768123259,4.932053327513893
1.7697867040000002,4.932053327513893
1.7744766010000002,4.94290229414429
1.7752985110000001,4.965613914634642
1.775834268,4.9396224714139425
1.7777259500000002,4.948201113753345
1.7804789090000002,4.948201113753345
1.782222422,4.898492740393144
1.7845676480000001,4.9678842389256355
1.7862252140000001,4.9678842389256355
1.7879176040000002,4.963339401553443
1.7901413320000001,4.963339401553443
1.791632332,5.011028778034936
1.7950483080000001,4.967377395310857
1.7962180390000002,4.98781450272001
1.7977521840000001,4.956779756092747
1.802710781,4.907825364969408
1.802736697,4.93987379882623
1.804387157,4.907071382732547
1.8060903510000001,4.907071382732547
1.807771024,4.9262476642900594
1.8118475580000002,4.937096630920456
1.812420621,4.937096630920456
1.8153285160000001,4.981003529847027
1.816966491,5.0322282452613605
1.8183915480000001,5.106667235990619
1.8228507500000002,5.1581432788172386
1.822882555,5.237374245540773
1.8243865250000002,5.237374245540773
1.8262051090000002,5.299950582410077
1.828056128,5.299950582410077
1.830348327,5.217188465543908
1.8317713420000001,5.217188465543908
1.83403461,4.927005835317125
1.8360111870000002,4.927005835317125
1.840228162,4.7463349362042795
1.8414134770000001,4.772581895627471
1.843081433,4.807654636012147
1.845315532,4.8969805871292165
1.846577429,4.8969805871292165
1.8487759000000001,4.962836746728868
1.8501968800000002,4.962836746728868
1.85180939,4.963594917755935
1.8538540730000002,4.972173560095338
1.8559861210000002,4.940631969853296
1.8584323210000002,4.932304654926181
1.8608656540000001,4.920697517268717
1.863440632,4.918427192977723
1.864511051,4.918427192977723
1.8660079100000002,4.906313211705481
1.868165593,4.906313211705481
1.870266323,4.938864300386876
1.8726591160000001,5.000179811404539
1.873859552,5.000179811404539
1.876684285,4.940129315028722
1.879961809,4.9176690219506565
1.8812300560000002,4.912370202341602
1.8829301880000002,4.885620588093836
1.8842076950000002,4.885620588093836
1.88682883,4.836670385760702
1.8883418930000002,4.836670385760702
1.8902867230000002,4.888653272202102
1.8936538360000001,4.8843639510324
1.894228575,4.8843639510324
1.8974365260000001,4.939877987616434
1.898283645,4.939877987616434
1.9003473300000002,4.948963473570616
1.9021084560000001,4.994889369375894
1.9040126910000001,4.994889369375894
1.906026827,4.979244237961017
1.9079909110000002,4.979244237961017
1.9102097290000002,4.974452261966741
1.912112921,4.976219931433161
1.9144702470000001,4.976219931433161
1.9167843400000002,4.974452261966741
1.9184223720000002,4.974452261966741
1.921674574,4.992116390260326
1.924424882,4.993377216111966
1.924453991,5.004230371532567
1.9267835770000001,5.004230371532567
1.92975617,4.9277723839246015
1.93056804,4.9277723839246015
1.9324030110000001,4.916165246267138
1.9338959500000001,4.923985717579474
1.936977568,4.9623382806945
1.939889948,4.988832378739773
1.9435799950000001,4.96839527133062
1.9436058600000001,4.991609546645546
1.944654337,5.016088836602318
1.9464865180000002,5.016088836602318
1.9479307330000002,4.998927363133308
1.950432009,4.999178690545595
1.952484805,4.999178690545595
1.9538602470000002,5.021383467421168
1.9557553930000002,5.035516445572117
1.959200743,5.036777271423758
1.9603068870000002,5.027947301672068
1.962804197,4.999685534160374
1.9641681940000002,4.990097393381618
1.9660651210000002,4.990097393381618
1.9677648200000002,4.940891674845992
1.9699012630000001,4.857115870750265
1.971727656,4.879576163828329
1.9737590740000002,4.869732506847082
1.976193491,4.87604082489549
1.9779403260000001,4.957294977287936
1.9795991650000002,4.98378907533321
1.982518505,4.954266481969875
1.9841331210000002,4.934587545587789
1.986238329,4.934587545587789
1.987682254,4.965119637390477
1.9899546620000002,4.930796690452458
1.991946932,4.942148311907428
1.993688914,4.9610732660526535
1.9965027640000002,4.932560171128673
1.997710212,4.892439938547228
2.000683693,4.895971088689864
2.002242814,4.858628024014193
2.0040682320000003,4.858628024014193
2.0061266310000003,4.8513102075264305
2.008010484,4.8513102075264305
2.009789221,4.972940108702813
2.0122083230000003,4.905312090846537
2.013743165,4.905312090846537
2.015703359,4.98504990118485
2.0180875080000003,4.959561112788726
2.021534764,4.959561112788726
2.022448045,4.969907424594548
2.024275608,4.969907424594548
2.026065965,4.9618356258699245
2.0277753460000003,4.9618356258699245
2.0296629090000002,4.941896984495141
2.032045236,4.950731143037036
2.0342920870000003,4.958300286937084
2.035622628,5.002965356890722
2.037602391,5.0201268303597315
2.0397195420000003,4.992874561287391
2.042536176,5.035269306950034
2.043792949,4.998428897098939
2.045937431,4.998428897098939
2.047697261,5.00877520890476
2.049710107,5.01457668333839
2.0517599150000003,4.983537747920923
2.0539173710000003,4.9487121461583286
2.0556291,4.9267586966950425
2.057575671,4.917677399531066
2.060855279,4.90909456840146
2.062846705,4.932308843716386
2.064747487,4.932308843716386
2.065743809,4.952247485091168
2.067765863,4.952247485091168
2.070016699,4.935592855236938
2.072112786,4.972177748885542
2.073745266,4.979495565373305
2.075625869,4.985045712394646
2.0777884230000003,4.972684592500321
2.079792482,4.946186305664843
2.084822048,4.914142060598226
2.084831827,4.957793443322306
2.085849801,4.957793443322306
2.088260908,4.974699400588824
2.0898119040000003,4.974699400588824
2.092258697,4.951489314064102
2.095025434,4.8808369896799695
2.0966496,4.820019944696677
2.098046843,4.87427315542907
2.101408735,4.87906932021355
2.1026045030000002,4.848788555823149
2.104062195,4.875785308692998
2.106188163,4.875785308692998
2.1084666590000003,4.946944476691908
2.110272123,4.946944476691908
2.111881892,4.905563418258824
2.1137648860000002,4.873016518367633
2.1157192190000003,4.900268787439974
2.1178345970000003,4.856361888513403
2.119678634,4.930042708215595
2.122425485,4.908340586164597
2.123977397,4.919947723822061
2.1257627070000003,4.919947723822061
2.1293119330000003,5.004984353769429
2.130276844,5.004984353769429
2.132121879,5.026183820995853
2.13565833,5.014321167135898
2.13648512,4.96839527133062
2.139407493,4.926256041870469
2.140126883,4.926256041870469
2.143463263,4.902283595528476
2.1451618000000003,4.883107313970964
2.146283286,4.883107313970964
2.1484641780000002,4.919947723822061
2.149901806,4.919947723822061
2.152361757,5.011292671817837
2.153712745,5.011292671817837
2.156696493,5.029459454935996
2.157752452,5.047881754256646
2.1598059810000003,5.063526885671524
2.163321786,5.076897504005202
2.165291061,5.064285056698591
2.167012905,5.064285056698591
2.1678027070000003,5.059744408116602
2.169935368,5.0367814602139624
2.1724195820000003,5.008519692702269
2.1739496700000003,4.983286420508635
2.175711354,4.951744830266594
2.179125115,4.947204181684605
2.180993853,4.878315337976689
2.1820234800000002,4.878315337976689
2.1838847660000003,4.858129557979823
2.1861974610000003,4.858129557979823
2.1894084830000002,4.761234462962705
2.1900893100000003,4.761234462962705
2.19185271,4.880334334855395
2.1938283110000003,4.93887686675749
2.1957517330000003,5.023917685495064
2.197765826,5.014329544716308
2.201418116,5.00700753943834
2.202959803,4.967142823059389
2.205670511,4.974711966959438
2.206363551,4.974711966959438
2.2081236040000003,4.935094389202567
2.2101253190000003,4.935094389202567
2.2123887460000002,4.948720523738738
2.214109675,4.890433508039135
2.216037273,4.836687140921521
2.2177799830000002,4.836687140921521
2.220051455,4.9035527989605265
2.2223308470000003,4.837947966773163
2.2243510140000002,4.923994095159884
2.2261859360000003,4.923994095159884
2.227668844,4.913647783354062
2.229779,4.907088137893367
2.2322388610000004,4.907088137893367
2.234054897,4.955284357989639
2.2359205060000003,4.979508131743918
2.237842188,4.966635979444609
2.240568114,4.985816449792327
2.2425269930000002,4.985816449792327
2.2440595230000002,4.951749019056798
2.2462170240000003,4.951749019056798
2.248285542,4.993385593692375
2.24976032,4.993385593692375
2.252308142,4.978247305892277
2.2554420410000002,5.001968424821983
2.256307037,5.010044412336811
2.2579364980000003,5.010044412336811
2.260567124,4.97673515262835
2.262365254,4.9759811703914885
2.264751209,4.929045776146857
2.2672553850000003,4.929045776146857
2.2691102020000002,4.923495629125514
2.271678919,4.893466192147401
2.27237728,4.873531739562822
2.2739896600000002,4.942923238095314
2.275873267,4.978754149507057
2.278065744,4.982033972237405
2.281312383,4.990616803367011
2.282278238,5.011560754390944
2.285418839,4.9976832924424865
2.286363113,4.9976832924424865
2.289820959,4.957814387273329
2.2905001140000003,4.957814387273329
2.292682264,4.963113206882384
2.2937923390000003,4.9520129128397
2.297107054,4.975734031769406
2.2979482410000003,4.975734031769406
2.3000866650000003,4.959582056739749
2.302636323,4.979516509324328
2.303771862,4.979516509324328
2.307802058,4.955799579184828
2.3089613200000003,4.955799579184828
2.309758415,4.920722650009946
2.311992751,4.920722650009946
2.314151524,4.860663776053719
2.316100097,4.874541238002176
2.3217296330000003,4.885143066010491
2.322534892,4.903058521716362
2.322568765,4.892963537322827
2.325630342,4.965634858585665
2.326443203,4.965634858585665
2.328452887,4.971436333019295
2.3313870750000003,4.9204671338074535
2.331910895,4.9204671338074535
2.3350816290000003,4.947719402879795
2.3362346250000003,4.902551678101583
2.337762934,4.970179695957859
2.3400233360000002,4.957563059861043
2.3430713780000003,4.994152142299851
2.345256737,4.997431965030199
2.345996298,4.997431965030199
2.347616,5.011816270593435
2.350166193,4.955292735570048
2.351700392,4.951003414400347
2.35543051,4.925518814794426
2.356566754,4.865970973243184
2.358268824,4.865970973243184
2.3608824210000003,4.91946601294851
2.361883204,4.928802826314979
2.364076039,4.928802826314979
2.3704247620000003,4.944699285142144
2.370457289,4.944699285142144
2.371557969,5.009545946302441
2.37269026,5.009545946302441
2.373789816,4.978511199675179
2.375766495,4.978511199675179
2.377971911,5.002483646017171
2.379761251,4.983810019284234
2.384257267,4.998696979672045
2.384936847,5.001474147577818
2.385886827,5.001474147577818
2.387904835,5.018380104844336
2.389989227,5.018380104844336
2.391789263,4.988354856656427
2.3937795630000003,4.979776214317025
2.3959590470000003,4.956813266414386
2.398542618,4.92602984719941
2.399882667,4.9116497304263795
2.402421221,4.945712972371702
2.405255587,4.913161883690307
2.4064332740000003,4.913161883690307
2.4093915960000003,4.887430145462304
2.41031575,4.946722470811054
2.412261711,4.918967546914141
2.4138096940000002,4.946219815986481
2.41856025,4.993151021440907
2.418604739,4.993406537643399
2.421458749,4.971201760767827
2.422382754,5.009805651295138
2.424808037,5.009805651295138
2.425929897,4.992648366616333
2.427836288,4.992648366616333
2.429994459,4.89348294730822
2.4324341,4.83594991384548
2.433861227,4.838220238136473
2.4358816990000003,4.887174629259811
2.437775107,4.891212623017227
2.440317351,4.874055338338421
2.441920011,4.8977722684779215
2.4443561480000002,4.8977722684779215
2.4472954820000004,4.935622176768371
2.447985766,4.935622176768371
2.449643048,4.896515631416485
2.4516472090000003,4.978775093458081
2.453661758,4.999216389657438
2.4566019100000003,4.995178395900023
2.458208905,5.007799220787046
2.4607384260000003,5.001235386536146
2.462110957,4.975750786930225
2.464468065,4.975750786930225
2.4660797910000003,5.018141343802664
2.467632817,5.018141343802664
2.4698875630000003,5.01133037092968
2.4716570680000003,4.990641936108241
2.473571407,4.994173086250875
2.475741515,4.946986364593957
2.4778807200000004,4.95985432810306
2.479674065,4.922762590839676
2.483656147,4.940426719133261
2.4844297980000003,4.936644241578339
2.4862199570000003,4.936644241578339
2.4877028620000003,4.988627128019738
2.4905407160000004,4.988627128019738
2.4916603,4.981309311531977
2.4935929850000003,5.0262257088979005
2.495564179,5.012096919537156
2.498083915,5.0176470665584985
2.5004640510000002,5.0045235868469025
2.5027411390000003,4.996196271919787
2.5050500700000002,4.996196271919787
2.506408435,4.977522645186849
2.508132035,4.977522645186849
2.510195083,4.979038987240982
2.5126222030000003,4.927311617002075
2.5145913280000003,4.952038045580929
2.515645768,4.952038045580929
2.5176737190000003,4.932861764023417
2.520184182,4.9255439475356555
2.5227941680000003,4.934126778665262
2.524442318,4.936145775543969
2.526104626,4.936145775543969
2.527923051,4.938667427247251
2.530125049,4.9914001071353065
2.532565924,4.9507772197292885
2.533887182,4.9575881926022705
2.5358928030000003,4.930084596117644
2.537803384,4.90359049807237
2.5404464570000003,4.913434155053618
2.541969136,4.9507772197292885
2.545228305,4.991906950750086
2.546376094,4.991906950750086
2.5477663710000003,4.961626186359685
2.549841073,4.97878347103849
2.553559586,4.97878347103849
2.5545574060000003,4.99240960557466
2.55616004,4.99240960557466
2.558250424,4.990135092493461
2.561600868,4.933104713855294
2.562712291,4.933104713855294
2.564517913,4.947740346830819
2.565925155,4.947740346830819
2.569933336,4.912667606446141
2.570632078,4.912667606446141
2.5717318710000003,4.965148958921911
2.574065199,4.977007423991661
2.575730907,4.977007423991661
2.57774202,5.001993557563211
2.579891679,4.9959365669270905
2.5854367010000003,4.974489961078585
2.585454374,5.010823527314901
2.586521772,5.001742230150924
2.5877129300000004,5.001742230150924
2.589759422,4.989628248878682
2.592856831,5.008050548199332
2.593753233,4.99821108000829
2.595660993,5.0042638818542065
2.5995883760000003,4.989883765081174
2.6002043820000003,4.989883765081174
2.604792016,4.9618733249817675
2.605110019,4.908122769073948
2.606780838,4.907871441661661
2.607663301,4.907871441661661
2.609771695,4.908374096486236
2.6118106770000002,4.952025479210315
2.61369322,4.982306243600716
2.615643807,4.982306243600716
2.618065709,4.9411765125799185
2.6200163560000003,4.999463528279521
2.623628452,4.983060225837577
2.624565772,4.983060225837577
2.625958222,4.962116274813646
2.627831285,4.962116274813646
2.631602051,4.976249252964594
2.632670171,4.97271810282196
2.634289449,4.97271810282196
2.636280813,5.004511020476288
2.638002288,4.9717044155924
2.640846788,4.951518635595535
2.6418992290000003,4.953030788859463
2.644592792,4.953030788859463
2.645783346,4.90231291705991
2.64779234,4.9136645385148805
2.649824843,4.85789917451856
2.6517336740000004,4.880355278806419
2.653819865,4.923759522908417
2.6559164130000004,4.920228372765781
2.658060597,4.922754213259268
2.6607476350000003,4.927043534428969
2.6641013150000004,4.98104122895887
2.6653227260000003,4.971955743004688
2.666361703,4.971955743004688
2.668597977,4.9315841830109575
2.6697866510000003,4.991638868176979
2.672316009,4.987852201831853
2.673756944,4.987852201831853
2.6776239370000003,4.999966183104095
2.6782523780000003,4.9939091924679735
2.681569471,4.985079222716284
2.6822695270000003,4.963628428077573
2.684595426,4.983818396864644
2.6859546410000004,4.983818396864644
2.687787269,4.9063509108173236
2.6905246480000002,4.961106776374291
2.6922176710000003,4.961106776374291
2.69525558,4.914929553156727
2.696407916,4.967921938037479
2.6981346210000003,4.991132024562201
2.699926858,4.9638797554898595
2.70314576,4.9855818775408585
2.7055969770000003,5.003246005834442
2.7063651760000003,5.003246005834442
2.707976989,4.999459339489316
2.710410794,4.980785712756378
2.712291823,5.0098014625049325
2.7142159830000003,5.0098014625049325
2.7169938740000004,4.956813266414386
2.7183136130000003,4.956813266414386
2.720491055,5.012075975586132
2.722251908,4.962367602225932
2.7247016680000002,4.962367602225932
2.7273652050000003,4.979277748282655
2.7283606000000002,4.979277748282655
2.730036122,4.942181822229067
2.732293597,4.942181822229067
2.733812519,4.918971735704345
2.736628638,4.8609318586268255
2.738280799,4.909379406135384
2.73989963,4.909379406135384
2.7421227740000003,4.945717161161906
2.7448149330000002,4.945717161161906
2.746438092,4.9616136199890715
2.7483571980000003,4.9616136199890715
2.7503759750000003,4.964394976685049
2.7528468270000004,4.959096157075994
2.754284718,4.959096157075994
2.757212311,4.979784591897434
2.759307765,4.933104713855294
2.761086599,4.981803588776141
2.7627833920000002,4.966665300976044
2.764564141,4.968680109064545
2.766488675,4.968680109064545
2.767815514,4.957072971407083
2.7698150970000004,4.956063472967728
2.772019379,4.93310052506509
2.774002986,4.940669668965139
2.7756550260000004,4.940669668965139
2.777700659,4.931588371801162
2.7797810650000003,4.9177067210625
2.782695474,4.966912439598125
2.785909955,4.937385657444586
2.786922112,4.937385657444586
2.789633144,4.953537632474243
2.790296596,4.953537632474243
2.793349624,4.997695858813101
2.7945227800000003,5.009298807680359
2.7978571160000003,5.03074960231907
2.798668897,5.03074960231907
2.801273353,5.028227950615789
2.8039659400000003,5.036806592955191
2.8046851040000003,5.036806592955191
2.806039363,5.029237449055142
2.8085108400000003,5.032261755582998
2.8101568290000003,5.032261755582998
2.811975366,5.050428538701158
2.813889992,4.999961994313891
2.817050703,4.98330736445966
2.8183330040000003,4.9305704957813985
2.82093535,4.877578110900646
2.823515797,4.8586531567554205
2.8245360780000004,4.8586531567554205
2.825955227,4.863193805337409
2.8279285830000003,4.863193805337409
2.83031368,4.863700648952189
2.831656709,4.966652734605429
2.833879307,4.9800233529391065
2.836237611,4.949998104751198
2.83820743,4.949998104751198
2.841130761,4.99213733421135
2.842211997,4.953026600069259
2.844064572,4.953026600069259
2.8456538040000003,4.996430844171255
2.8478815720000004,4.948988606311844
2.8500044150000003,4.919968667773084
2.851682533,4.95251975645448
2.85377875,4.913157694900102
2.855960474,4.891706900261391
2.857789454,4.891706900261391
2.861919839,4.900796575005776
2.863255682,4.885909614617966
2.8645382660000003,4.899284421741849
2.866350712,4.935869315390454
2.8681023310000002,4.935869315390454
2.870739351,4.94368978670279
2.872024671,4.94368978670279
2.8740131210000004,4.960344416557021
2.8756251130000003,4.937381468654381
2.877975031,4.958828074502888
2.8824055960000003,4.998445652259758
2.883309081,5.017370606404983
2.8843327760000004,5.017370606404983
2.885950873,4.991379163184282
2.887846004,4.991379163184282
2.8911666470000004,5.011564943181148
2.8921970700000004,5.008787775275375
2.89404816,4.998190136057266
2.896124501,4.966648545815224
2.898022033,4.911134509231189
2.900396299,4.960340227766816
2.9022753750000003,4.919461824158305
2.9042286610000003,4.919461824158305
2.905988155,4.92476064376736
2.9078717910000003,4.92476064376736
2.910478095,5.0345237022935825
2.9117450540000003,5.022661048433627
2.914196284,5.037045353996864
2.915797979,5.035026357118157
2.918332361,4.999698100530988
2.920936402,5.00095892638263
2.923409485,4.988849133900592
2.92421934,4.988849133900592
2.9258488500000004,4.987336980636664
2.927716671,4.987336980636664
2.92996821,4.943430081710094
2.932071424,4.972450020248853
2.9342102530000003,4.972450020248853
2.935745031,4.977748839857909
2.9380320070000003,5.024181579277965
2.941417645,4.983047659466962
2.9426014300000003,4.98329898687925
2.944295954,4.938131262101038
2.9457783290000004,4.938131262101038
2.948641246,4.931068961815768
2.950405834,4.931068961815768
2.9517697430000003,4.9303107907887025
2.954062854,4.9684162152816445
2.9557243950000003,4.989867009920355
2.9577324430000003,5.018128777432048
2.9596523990000003,5.0151002821139885
2.962169007,5.019640930695976
2.9644200300000003,5.019640930695976
2.966246377,5.0408362091321965
2.968005448,5.0408362091321965
2.969867219,5.023934440655883
2.9718764230000003,4.994914502117123
2.974652771,4.965894563578362
2.975978989,4.965136392551297
2.97777591,4.943438459290502
2.979989958,4.949495449926624
2.9824483880000003,4.909877872169755
2.9846710630000004,4.943187131878216
2.9861061770000004,4.943187131878216
2.987761844,4.953026600069259
2.9897984290000004,4.926783829436272
2.993543013,5.007782465626227
2.9959623790000003,4.995924000556475
2.996618166,4.961860758611153
2.997945098,4.961860758611153
3.001043825,5.007535327004144
3.0019978750000003,4.981543883783444
3.0038466500000003,4.981543883783444
3.005913321,5.008289309241006
3.0100586910000002,5.03074960231907
3.011690465,5.033019926610065
3.0129196840000003,5.033019926610065
3.0149261060000003,5.110487412657384
3.0166629620000003,5.07212647196195
3.0177556030000003,5.058500337425779
3.024004707,5.07086564611031
3.0244454540000003,5.016361107965628
3.024689935,5.016361107965628
3.0260082340000003,4.946462765818358
3.027765194,4.946462765818358
3.030102255,4.884891738598204
3.0321282390000004,4.884891738598204
3.035028082,4.820045077437905
3.0365890660000003,4.8843890837736295
3.038234455,4.92526748738214
3.0407678320000002,4.972701347661141
3.0428619930000003,4.996422466590846
3.0443685940000003,4.98986282113015
3.045822831,4.98986282113015
3.047990077,5.018124588641844
3.0497649,4.990620992157217
3.051992883,4.95024524337328
3.053765267,4.989858632339946
3.0557092800000003,4.968663353903726
3.0578996650000003,4.954534564542983
3.059885851,4.940908430006811
3.0621311380000003,4.942165067068247
3.06386304,4.933335097316558
3.0657440150000004,4.933335097316558
3.0691256630000003,4.9174386384893936
3.0701681200000004,4.9174386384893936
3.0722026970000003,4.956800700043771
3.073770425,4.956800700043771
3.07712177,4.940648725014115
3.0785453670000003,4.956796511253566
3.0810474620000003,4.906329966866299
3.081964064,4.906329966866299
3.0854680230000002,4.9585641807199865
3.086471527,4.9585641807199865
3.0880396450000003,4.975721465398792
3.0897577800000002,4.975721465398792
3.0943364690000004,4.997168071247298
3.094715303,4.962091142072416
3.0957518540000004,5.003727716707992
3.0977126480000003,4.981271612420134
3.1011811280000003,4.984300107738194
3.101980257,4.968654976323317
3.103767597,4.968654976323317
3.1056598970000002,4.9742051233446585
3.1083553690000003,4.939890553987049
3.109650606,4.939890553987049
3.1117763500000004,4.9489718511510254
3.113563849,4.967389961681472
3.115568799,4.945692028420678
3.1179477120000003,5.0057467135867
3.122325904,5.0057467135867
3.122955278,5.022903998265505
3.124057478,5.022903998265505
3.12731136,5.021894499826152
3.1282872680000002,5.021894499826152
3.1304271920000004,5.045360102553365
3.1317503650000003,5.045360102553365
3.135202011,5.012302170257191
3.137754744,4.954015154557588
3.1398789000000003,4.920203240024552
3.1416608430000004,4.920203240024552
3.142933889,4.921464065876194
3.146718485,4.922222236903259
3.1469571010000004,4.922222236903259
3.1479836050000003,4.966631790654405
3.149936616,4.947451320306688
3.1523115720000003,4.947451320306688
3.153912833,4.961584298457637
3.1559240770000003,4.934076513182806
3.1580489930000004,4.899761943825195
3.1596749870000003,4.935592855236938
3.1628792000000003,4.930796690452458
3.1656780710000003,4.910359583043305
3.1664368130000002,4.910359583043305
3.1676911260000002,4.950232677002666
3.169678389,4.917178933496697
3.1717615290000003,4.869234040812712
3.173843741,4.918691086760624
3.175670047,4.942156689487838
3.178172419,4.889671148221864
3.180360278,4.930800879242662
3.1822354240000004,5.015330665575251
3.1848106890000003,5.015330665575251
3.185777608,4.988333912705403
3.188014159,4.988333912705403
3.189777353,5.019879691737649
3.192165762,4.952251673881372
3.193956399,4.955787012814213
3.195732673,4.934838873000076
3.1977031460000003,4.903297282758035
3.201852353,4.875542358861121
3.20254757,4.904055453785101
3.204090077,4.904055453785101
3.207125136,4.930800879242662
3.207892945,4.930800879242662
3.2097536680000003,4.966380463242118
3.21167178,5.007769899255612
3.2139315190000004,4.994139575929237
3.215588674,5.020131019149937
3.2177025980000002,5.02416901290735
3.220243065,4.9618440034503335
3.2217510820000004,4.954274859550285
3.2239904150000003,4.967645477883964
3.225737976,4.967645477883964
3.2280091840000003,4.976730963838145
3.229715514,4.976730963838145
3.2316184430000003,4.981020285007846
3.2343289320000004,4.96310064051177
3.2373179370000003,4.966887306856897
3.238155282,4.975465949196299
3.24056639,4.969915802174957
3.242678263,4.916923417294205
3.2443102620000004,4.916923417294205
3.245820702,4.924492561194254
3.247903232,4.9300468970058
3.250098335,4.932824064911574
3.2516608120000003,4.977740462277498
3.253895012,4.958815508132274
3.255867791,4.95780600969292
3.257620182,5.0044858877350595
3.26033506,4.981522939832421
3.2621337030000004,4.9709253006143115
3.2639870120000003,4.9709253006143115
3.26763415,4.985565122380039
3.2683200340000003,4.985565122380039
3.2703880570000003,4.993892437307155
3.271828132,4.944938046183816
3.2742363610000003,4.944938046183816
3.2764335140000003,4.932824064911574
3.277791342,4.9285347437418725
3.279719366,4.965375153592969
3.282492709,4.939379521582064
3.2853245720000004,4.918439759348337
3.2862774860000004,4.918439759348337
3.288490828,4.959318162956848
3.2903768660000003,4.959318162956848
3.29175946,4.919197930375404
3.295816979,4.980010786568492
3.29751466,4.959569490369135
3.297904758,4.943673031541971
3.301013171,4.965626481005256
3.302599116,4.973195624905305
3.3038351410000004,4.973195624905305
3.30575908,4.955782824024008
3.3081495060000004,5.002466890856352
3.3101331070000004,4.994897746956303
3.311801517,4.98026211398078
3.31391083,4.975465949196299
3.3158818610000003,4.977233618662718
3.3188934150000002,4.9494745059756
3.3203483950000003,4.938114506940219
3.3227124150000003,4.975968604020873
3.3254409220000003,4.987068898063558
3.32591945,4.987068898063558
3.3279779620000003,4.952498812503456
3.329906126,5.017600989866246
3.3337399280000004,5.033241932490918
3.334376067,5.025672788590869
3.3376707010000004,5.035260929369626
3.3385328270000003,5.002454324485738
3.3411917410000003,5.002454324485738
3.3422935330000003,5.0231469480973825
3.344063766,4.987064709273353
3.3465326450000004,4.987064709273353
3.350147949,4.933067014743451
3.3515001370000004,4.946944476691908
3.352169341,4.902283595528476
3.353735862,4.929029020986038
3.3560647520000004,4.908843240989172
3.357713764,4.908843240989172
3.360918653,4.967888427715841
3.3625449150000004,4.945436512218186
3.364107579,4.945436512218186
3.3679001420000003,4.97899291054873
3.3697033690000002,4.97899291054873
3.3716211630000004,4.900515926062056
3.374369428,4.870490677874148
3.374722395,4.870490677874148
3.3756991600000004,4.819014635047528
3.378008979,4.819014635047528
3.3821489160000002,4.9096014120162375
3.3827404600000004,4.8901696142562345
3.383939326,4.8901696142562345
3.387174581,4.911871736307233
3.3879879390000003,4.911871736307233
3.3898046350000004,4.925497870843402
3.391817837,4.992870372497187
3.394044633,5.011041344405551
3.396763646,5.026937803232714
3.397905982,5.026937803232714
3.4005312630000004,5.00221137465386
3.4027441090000003,4.964110138951124
3.4040804010000003,4.964110138951124
3.4061546700000003,4.908089258752311
3.4076364110000004,4.908089258752311
3.4107271960000003,4.930042708215595
3.4120247580000003,4.914904420415498
3.414510099,4.969915802174957
3.4157959750000004,4.969915802174957
3.4176436490000004,4.9830350930963485
3.4214431060000003,5.027700163049985
3.4227710800000004,5.069085410273275
3.4241879780000004,5.069085410273275
3.4257402420000003,5.095076853493975
3.4282570050000003,5.095076853493975
3.429675574,5.1185424562211885
3.431765136,5.046629305985415
3.434373656,5.070853079739695
3.4357072960000004,5.008272554080187
3.437866027,5.008272554080187
3.4407875970000004,4.978243117102073
3.4426257710000003,4.909609789596647
3.446545813,4.872518052333264
3.446568517,4.872518052333264
3.448036205,4.8412277895035105
3.45000709,4.8412277895035105
3.4516528450000004,4.85485392403968
3.4541882310000003,4.867973214961071
3.455640004,4.957550493490428
3.457582474,4.954015154557588
3.461203749,4.9497258333878875
3.462623014,4.9497258333878875
3.4641336480000002,4.997922053484159
3.4656322410000002,4.997922053484159
3.467632618,4.970921111824106
3.470066457,4.9696602859724655
3.4717466310000002,4.9696602859724655
3.4739613030000003,4.958308664517494
3.476022996,4.913647783354062
3.4782927630000002,4.913647783354062
3.480498932,4.892448316127638
3.48193098,4.892448316127638
3.4852488220000004,4.940389020021418
3.4859350640000004,4.940389020021418
3.4878203770000002,4.915407075240073
3.4896356030000004,4.915407075240073
3.4922866040000002,4.9227248917278335
3.4940356770000003,4.941649845873059
3.4965263540000002,4.93231303250659
3.4976763930000003,4.93231303250659
3.499999099,4.972684592500321
3.502192006,4.953508310942809
3.5066984860000003,4.976219931433161
3.5069786840000003,4.976219931433161
3.508003125,5.002462702066147
3.5098456700000003,5.002462702066147
3.511772865,4.949218989773108
3.5140579580000004,4.985301228597137
3.515986052,4.9623382806945
3.517791035,4.9623382806945
3.5227048680000004,4.994633853173402
3.5227417830000003,5.02036978019161
3.524845489,4.962836746728868
3.5261286590000003,4.962836746728868
3.5277453220000003,4.966874740486282
3.5302561870000004,4.966878929276487
3.531749463,4.966878929276487
3.5338534320000003,4.974703589379028
3.5357586530000003,5.000439516397236
3.538131807,5.000439516397236
3.542291053,5.004226182742363
3.542859613,5.001955858451368
3.543840206,4.98328223171843
3.545808204,4.98328223171843
3.5477267940000003,5.010534500790771
3.550336723,4.997411021079175
3.551712305,4.997411021079175
3.553662901,4.959561112788726
3.556338901,4.986310727036491
3.5578484090000004,5.0024585132759425
3.559765719,5.0024585132759425
3.562226828,4.9941311983488275
3.5642224170000003,4.982017217076585
3.56627748,4.982017217076585
3.567768962,4.938361645562302
3.570315576,4.90858772478668
3.572414773,4.909597223226033
3.57378536,4.909597223226033
3.575966202,4.960566422437874
3.578385028,4.943656276381152
3.5816489270000003,4.943656276381152
3.5822052290000004,4.952490434923046
3.5851272510000003,4.952490434923046
3.5860776220000004,4.943656276381152
3.5880495050000003,4.943656276381152
3.5912217670000004,4.949461939604985
3.592361169,4.967628722723145
3.5937172250000002,4.929020643405628
3.595663656,4.981506184671602
3.5990350820000003,5.011786949062003
3.6000877480000004,5.00446913257424
3.602007677,5.000937982431606
3.603987157,4.997909487113544
3.6064800110000004,4.997909487113544
3.607728294,4.975956037650259
3.609633993,4.975956037650259
3.611601932,4.9721693713051325
3.614450493,4.909588845645624
3.6156334130000003,4.909588845645624
3.618411924,4.9386087841843835
3.6205299020000004,4.910853860287469
3.6221951490000004,4.9047968696513475
3.624380882,4.935835805068815
3.62713469,4.935835805068815
3.6279532800000003,4.954253915599261
3.6296646640000003,4.954253915599261
3.6319023410000004,4.988065830132298
3.6347680340000004,4.972927542332198
3.635716921,4.971159872865778
3.638073298,4.971159872865778
3.640488994,4.994625475592992
3.6423044900000003,4.978226361941254
3.643731153,4.978226361941254
3.647961405,5.00446913257424
3.648557749,5.00446913257424
3.649658477,5.040048716573696
3.6530919710000003,5.0440867103311104
3.6543564460000004,5.025413083598172
3.6556414320000004,4.986549488078164
3.657619625,4.986549488078164
3.6596924220000004,4.942646777941798
3.6632227630000003,4.9005033596914425
3.665772204,4.897479053163586
3.6666218410000004,4.897479053163586
3.6677538980000004,4.9391114390089585
3.670110084,4.9335612919876155
3.672139076,4.9335612919876155
3.674368239,4.94642925549672
3.6771936380000003,4.968131377547718
3.6782617460000004,4.968131377547718
3.6806202690000003,4.970657218041205
3.6825820460000003,4.987060520483148
3.6839688980000003,4.987060520483148
3.6859783760000004,4.962074386911597
3.6881785060000003,4.962074386911597
3.690366495,4.954002588186974
3.6924140430000003,4.92574082067528
3.694236961,4.937347958332743
3.6958654190000004,4.937347958332743
3.697755846,4.944917102232792
3.7016182860000004,4.882843420188062
3.702631182,4.897730380575873
3.7040304010000002,4.900507548481647
3.7058006060000004,4.900507548481647
3.7091695990000004,4.868965958239605
3.7100743780000003,4.950220110632052
3.713160078,4.904042887414487
3.71427568,4.91867852039001
3.716896717,4.91867852039001
3.7182290350000002,4.935835805068815
3.7201660600000004,4.935835805068815
3.7220447990000003,4.904294214826773
3.7241181130000003,4.904294214826773
3.725939872,4.948955095990207
3.7297486,4.948955095990207
3.730168807,4.979487187792894
3.732362176,5.035256740579421
3.7339130910000002,5.043328539304043
3.736061889,5.043328539304043
3.740175851,5.024910428773597
3.740766867,4.947442942726278
3.742552571,4.936087132481103
3.744154169,4.945423945847572
3.746341697,4.945423945847572
3.7481017210000003,4.900507548481647
3.750096703,4.92574082067528
3.752016863,4.9683868937502105
3.7557074580000003,4.97192223268305
3.75661972,4.990595859415988
3.7579599320000003,5.031474263024498
3.760076515,5.020876623806389
3.762859653,5.046109896000022
3.765974034,5.033995914727779
3.7664735840000003,5.033995914727779
3.7679566990000004,5.027938924091658
3.7699851140000002,4.995392024200468
3.7721228530000004,4.995392024200468
3.7753429130000002,4.999677156579964
3.7773712870000002,4.935835805068815
3.778635312,4.924735511026131
3.780586022,4.928019522546685
3.78201086,4.915398697659662
3.7842168880000004,4.915398697659662
3.785851162,4.872756813374937
3.7877387930000004,4.872756813374937
3.791171824,4.9222138593228495
3.7936046300000004,4.947447131516483
3.795602967,4.987818691510214
3.7982221290000004,4.996904177464396
3.798707974,4.951485125273897
3.800735254,4.995136507997976
3.801990829,4.931299345277031
3.803991631,4.931546483899114
3.806286945,4.931546483899114
3.808111272,4.940380642441008
3.8105985610000004,4.940380642441008
3.8123153550000004,4.936091321271307
3.8141491220000003,4.998420519518529
3.815864218,5.025421461178582
3.818151368,4.999178690545595
3.8203903790000004,4.999178690545595
3.8221499550000004,4.998169192106242
3.8241292560000004,4.998169192106242
3.826671006,4.949218989773108
3.8283382290000003,4.949218989773108
3.8296535730000003,4.934587545587789
3.832117482,4.8974916195342
3.833965565,4.921715393288481
3.8356897620000003,4.983537747920923
3.8376609430000004,4.981267423629929
3.842675117,4.968399460120825
3.8436925740000003,4.996916743835011
3.8444988190000005,5.015334854365456
3.8465203530000003,5.015334854365456
3.849231537,4.978745771926647
3.850268546,4.997163882457094
3.8520229930000003,4.986566243238983
3.8557209390000002,4.962342469484704
3.856464787,4.995400401780878
3.8576392150000003,4.98909208373247
3.860690774,4.983286420508635
3.863264764,4.976978102460227
3.864044181,4.976978102460227
3.865851982,4.97369827972988
3.8680736700000002,4.97369827972988
3.8699972980000004,4.917174744706492
3.871647573,4.917174744706492
3.8746482980000003,4.921715393288481
3.8757533320000004,4.916919228504001
3.877799351,4.9471999928944
3.8823039660000003,4.9234788739646955
3.8827214640000003,4.9532569835305225
3.885719072,4.979499754163509
3.8863703710000004,4.979499754163509
3.8882725760000003,4.9565368062608695
3.890418216,4.9565368062608695
3.892087124,4.974196745764249
3.8939582660000003,4.974196745764249
3.896051087,4.990604236996398
3.8977073750000004,4.990604236996398
3.901374601,5.0488912526959995
3.9022445030000004,4.988585240117691
3.90436225,4.988585240117691
3.9076526750000005,4.967389961681472
3.908327728,4.967389961681472
3.9112221710000004,4.912629907334299
3.912255918,4.913388078361365
3.9138888130000002,4.9146489042130055
3.917553657,4.912634096124504
3.9181967400000004,4.9396308489943515
3.9204088840000004,4.981518751042216
3.92218041,4.974200934554454
3.923828787,4.9623382806945
3.9256560690000004,4.9623382806945
3.927706413,5.034758274545051
3.9306086660000004,5.005993852208783
3.932701541,4.983030904306143
3.9355732160000003,4.983030904306143
3.93655596,5.040057094154105
3.9384290980000003,5.040057094154105
3.940600958,5.008264176499777
3.9436294710000004,4.988832378739773
3.944561724,4.988832378739773
3.9473396180000004,4.981765889664298
3.948513927,4.981765889664298
3.9496957320000003,4.9943825257611145
3.951890194,4.949218989773108
3.954099267,4.949218989773108
3.956412477,4.971926421473254
3.957561677,4.946944476691908
3.960980972,4.958048959524797
3.962296342,4.97899291054873
3.966006568,5.002965356890722
3.9669357780000003,5.002965356890722
3.968324205,4.997411021079175
3.9697971510000003,5.052920868873004
3.972449113,5.052920868873004
3.9737645790000005,5.070836324578876
3.9759633790000004,5.040811076390967
3.979193436,4.974950728001111
3.981229443,4.90909456840146
3.9829226760000003,4.892942593371803
3.984019174,4.840712568308321
3.986606345,4.840712568308321
3.9879920620000004,4.851058880114143
3.9900222270000003,4.851058880114143
3.9916541050000003,4.927768195134397
3.9944648880000004,4.924995216018828
3.9957101670000004,5.00144901483659
3.997771589,5.00144901483659
4.001002848000001,4.972935919912609
4.003251056,4.945934978252555
4.00436453,4.976215742642957
4.005874017,4.976215742642957
4.009648269,4.942152500697634
4.010272404,4.961328782255145
4.011760983,4.946190494455047
4.013645896,4.944422824988627
4.017186341,4.977480757284802
4.018569588,4.990855564408685
4.019898638,5.017098335041672
4.024256235,4.9699116133847525
4.024746724,5.017852317278533
4.025702055,5.017852317278533
4.027645977000001,5.03046895337535
4.029860511,5.002718218268639
4.031755572000001,5.039303111917245
4.034038612000001,4.999434206748087
4.035682307,4.966631790654405
4.039254487,4.976219931433161
4.04009509,4.993377216111966
4.04267572,4.987068898063558
4.043778453,4.966883118066693
4.045827963000001,4.966883118066693
4.047758444,5.009026536317048
4.049711552000001,4.997666537281667
4.0526099360000005,4.996405711430026
4.053640012000001,4.9769739136700215
4.055629441000001,4.969153442357686
4.057589967,4.937360524703358
4.059741020000001,4.958555803139577
4.062371303,4.971675094060968
4.063882976,4.935090200412363
4.0661492500000005,4.935090200412363
4.0686894140000005,5.016088836602318
4.069802436000001,5.016088836602318
4.0720130160000005,5.027189130645002
4.073833874,5.0244119627392285
4.075812927,5.025421461178582
4.077778401000001,4.9517406414763885
4.079728812,4.963343590343648
4.085005517,4.905559229468619
4.0850384790000005,4.857367198162551
4.086077597,4.857367198162551
4.0882349940000005,4.857874041777332
4.090280988,4.914146249388431
4.092400079,4.914146249388431
4.094255298,4.8732636569897165
4.0958475430000005,4.8732636569897165
4.0983096240000005,5.014316978345693
4.100865228,4.998420519518529
4.10209843,5.014316978345693
4.103975059000001,5.014316978345693
4.10711946,4.968646598742907
4.108270658,4.959058457964152
4.111318475,4.93003851942539
4.112206348,4.93003851942539
4.11388469,4.928275038749176
4.1157219210000004,4.95476913679445
4.118464028,4.921464065876194
4.1203473630000005,4.908089258752311
4.122202287,4.943161999136986
4.124556733,4.943161999136986
4.127101681,4.912378579922011
4.1278346710000005,4.912378579922011
4.1300376110000006,4.900013271237482
4.131848104,4.93054536304017
4.133893405,4.93054536304017
4.136488027,4.895217106453002
4.138108956,4.961575920877228
4.139957498,4.983026715515939
4.142091089,4.940129315028722
4.143821155,4.959305596586233
4.146098801,4.959305596586233
4.1493210000000005,4.949717455807477
4.152593339,4.971670905270763
4.15262442,4.9610732660526535
4.155838647,4.963594917755935
4.156673588,4.969907424594548
4.158027187,4.955774446443598
4.160077416,4.958044770734593
4.163772303,4.903033388975133
4.164353692000001,4.957286599707527
4.165745736,4.957286599707527
4.167772165000001,4.94593078946235
4.170468796000001,4.930034330635186
4.171955262,4.930034330635186
4.173715116,4.9686382211624975
4.176930481,4.939115627799163
4.178597089,4.96056223364767
4.181449387000001,4.995136507997976
4.182451118,4.9852928510167285
4.184014542,4.955770257653393
4.186101097,4.955770257653393
4.188105617000001,4.985799694631507
4.190276023,4.985799694631507
4.192059146,4.962585419316581
4.193747854000001,4.962585419316581
4.195774593,5.0183507833129015
4.197696775,4.982519871901159
4.202592297000001,5.002454324485738
4.202952302,4.991856685267628
4.203915772,4.96661922428379
4.205779148,4.96661922428379
4.2092582510000005,4.959054269173946
4.210294783,4.878558287808566
4.21193413,4.878558287808566
4.215383762,4.854837168878861
4.216151518,4.947191615313991
4.217936575,4.928517988581054
4.221945383,4.993624354734048
4.222679971000001,5.049892373554943
4.223953128000001,5.0233982755096696
4.226358288,5.0233982755096696
4.227810332000001,5.02289143189489
4.2306110630000004,5.02289143189489
4.232460694,5.053423523697579
4.235519651000001,5.053423523697579
4.236357678,5.040806887600763
4.237765214,5.040806887600763
4.239746802,5.027683407889166
4.241784234,4.9971513160864784
4.243814859,4.986553676868369
4.246974915,4.9133755119907505
4.248006293,4.898237224190653
4.250371511,4.898237224190653
4.252197885,4.84878017824274
4.254058179,4.84878017824274
4.25715391,4.823546906049106
4.258206909,4.969145064777277
4.260744073000001,4.9277640063441925
4.262015722,4.9812590460495185
4.263920446,4.9812590460495185
4.266104551000001,5.047873376676238
4.2679833590000005,5.047873376676238
4.269748975000001,4.990340343213496
4.2719283930000005,4.969651908392056
4.2738885810000005,4.944414447408218
4.276919915000001,4.9275084901417
4.278037919,4.937854801947522
4.281426426,4.903536043799708
4.282040404,4.9227165141474245
4.2839492240000006,4.952490434923046
4.286023070000001,4.952490434923046
4.2878826530000005,4.984032025165087
4.289776531,4.984032025165087
4.2926228040000005,4.97141538906827
4.294218711,4.964604416195288
4.295710474,4.94113462467787
4.297705123,4.961069077262449
4.300853874,4.975704710237972
4.302220179,4.9600595788230954
4.304735245000001,4.9600595788230954
4.306170435,4.961827248289515
4.308018782,4.961827248289515
4.311398703,4.974946539210906
4.3122740440000005,4.974946539210906
4.314071396,4.976207365062546
4.317541439,5.0057299584258805
4.318654427,5.00396228895946
4.3205807080000005,5.013801757150504
4.323417496,5.039793200371204
4.324491715000001,5.039793200371204
4.325706028,4.983525181550308
4.327859157000001,4.952230729930348
4.329989609,4.952230729930348
4.331633726000001,4.91387397802512
4.335432617,4.8873798799798465
4.336471364,4.883341886222432
4.337630612,4.8659290853411346
4.340561719,4.940368076070395
4.3431874950000005,4.984274974996965
4.344533022,4.984274974996965
4.345908414,4.968881170994376
4.347711026000001,4.980488308651838
4.350532628,4.980488308651838
4.352034588,4.931789433730991
4.353639913,4.931789433730991
4.356620469,4.909580468065213
4.357904662,4.914627960261981
4.361136806,4.936581409725267
4.362220347,5.004460754993831
4.3643751680000005,5.004460754993831
4.368793453,5.0054702534331845
4.370736760000001,5.0054702534331845
4.371349134,5.002441758115124
4.372312620000001,5.002441758115124
4.373958965,4.954999520255713
4.375658853,4.953487366991785
4.3780970450000005,4.91387397802512
4.380879185,4.91387397802512
4.381945845000001,4.877787550410886
4.3844831840000005,4.877787550410886
4.3857579310000006,4.966862174115668
4.3878043380000005,4.977208485921491
4.389761085,5.028181873923536
4.391763489000001,5.026665531869404
4.393748433,5.021115384848062
4.395804105,5.022124883287415
4.3985078490000005,5.0259073608423375
4.400269373,5.048870308744976
4.4019760020000005,5.023637036551342
4.404416484,5.023637036551342
4.405895481,5.039030840553933
4.407893984,5.039030840553933
4.410639762000001,5.031708835275966
4.411796775,5.031708835275966
4.4137703770000005,4.96408081741969
4.415770732,4.870465545132919
4.418883350000001,4.8616355753812295
4.420035449,4.8447296181147115
4.423769436000001,4.858607080063169
4.424637113,4.907812798598794
4.426036890000001,4.907812798598794
4.428096841,4.9620660093311875
4.429897273,4.9620660093311875
4.431769251,4.973421819576364
4.433667716,4.991839930106809
4.435862056,4.956009018695067
4.4385341480000005,4.939609905043327
4.440590738,4.975943471279645
4.44287032,4.9658484868861095
4.4456838450000005,4.962317336743475
4.447143484000001,4.962317336743475
4.449673688,5.001176743473279
4.450276384,5.001176743473279
4.451744243,4.993356272160942
4.454008374000001,4.947430376355664
4.456435612,4.96004701245248
4.457917918000001,4.9214431219251695
4.460476712,4.921694449337457
4.462897235000001,4.911854981146413
4.4639669500000005,4.921694449337457
4.465830528000001,4.921694449337457
4.467765558,4.932040761143279
4.469800514,4.998655091769996
4.471866333,5.020101697618503
4.4742507830000005,5.020101697618503
4.475769589,5.074103580938609
4.479931272,5.111702161816772
4.481131486000001,5.108171011674137
4.4824914300000005,5.072340100262394
4.4842836880000005,5.063003286895925
4.486125586,5.063003286895925
4.4884678970000005,5.007493439102096
4.489724666,5.007493439102096
4.492257573,4.968634032372293
4.494241298,4.894701885257813
4.495666322,4.894701885257813
4.499631375,4.911356515112043
4.500603917,4.930025953054777
4.5019280230000005,4.99790529832334
4.504312261,4.99790529832334
4.507936829,5.0178397509079185
4.508631973,5.0178397509079185
4.509753165,5.101862693625728
4.511759149,5.029694027187464
4.513835155000001,4.998663469350407
4.515733826,4.969647719601851
4.518938127,4.914636337842391
4.521797158,4.8800662522822895
4.5228302860000005,4.8333821854499455
4.524438772,4.831870032186018
4.526752168000001,4.831870032186018
4.528175396,4.86290477881328
4.529737098,4.86290477881328
4.531710918,5.019603231584134
4.534546375000001,5.02868452874811
4.536079977,5.002944412939698
4.537795549,5.021115384848062
4.541143612,4.964340522412387
4.542212675,4.896461177143824
4.5442556000000005,4.896461177143824
4.545797891,4.906304834125072
4.547833471000001,4.834894338713872
4.550260225000001,4.88485403948636
4.551728699,4.88485403948636
4.55396183,4.931789433730991
4.556650336000001,4.949453562024575
4.558985458,5.003706772756969
4.560140716,5.001436448465975
4.563360905000001,4.98957379460602
4.5639360600000005,4.990331965633086
4.565752869000001,4.990331965633086
4.567663589,5.031210369241597
4.569935612,4.977719518326474
4.5717039360000005,5.000175622614335
4.5737165200000005,5.019100576759559
4.576504169000001,5.05821131090165
4.577661549,5.117507825040605
4.5808559980000005,5.193965812648572
4.582738795,5.2086056344143
4.584384612,5.2086056344143
4.587215560000001,5.186145341336236
4.588041657000001,5.186145341336236
4.590002522000001,5.0650264725648375
4.592047367,4.88360159121513
4.594305403,4.88360159121513
4.595726406000001,4.888644894621692
4.597674497,4.7753506859528345
4.600579891000001,4.798816288680048
4.603843326000001,4.804873279316169
4.604584669,4.804873279316169
4.606318495,4.839187848673779
4.607860109000001,4.839187848673779
4.610678701,4.995383646620059
4.611697503,5.016323408853786
4.613712281000001,5.0733537874919525
4.615683751000001,5.066287298416477
4.618170033,4.998156625735627
4.6213800890000005,4.966363708081298
4.62377103,4.950974092868913
4.624571318,4.950974092868913
4.626017662000001,4.885616399303632
4.627697045000001,4.874260589058455
4.630572949,4.8328795306253705
4.6316928530000006,4.844486668282833
4.633649177000001,4.875776931112588
4.635571542,4.975193677832989
4.639527224,4.9714070114878615
4.643247894,4.952984712167211
4.643572608,4.930021764264572
4.644628472,4.890659702710194
4.646378673,4.890659702710194
4.648136454,4.896465365934028
4.649975595,4.896465365934028
4.652132310000001,4.943647898800743
4.655075378,4.973677335778856
4.656596106,4.973677335778856
4.659183671,5.049883995974534
4.659952427,5.056946296259804
4.6625138260000005,5.000929604851195
4.664553092,5.000929604851195
4.668228211000001,4.983516803969899
4.668306759,4.983516803969899
4.669651365,4.882076871580587
4.671679213,4.898731501434817
4.674398643,4.901504480550386
4.675912791,4.901504480550386
4.6776846910000005,4.918159110404617
4.68285297,4.993104944748654
4.682873938,4.995375269039649
4.684697678,4.995375269039649
4.685798507,5.02262753811199
4.687769261000001,5.02868452874811
4.690219889000001,5.049377152359756
4.6921892210000005,5.077890247283737
4.694124879,5.077890247283737
4.69610789,5.072340100262394
4.6976928110000005,5.158130712446624
4.700866579,5.186141152546031
4.703030925,5.182861329815683
4.703872942,5.182861329815683
4.7056458150000005,5.126593310994788
4.707740954,5.012536742508659
4.710222123,4.911603653734126
4.7116857020000005,4.851042124953325
4.713634369,4.761464846423967
4.716557862,4.717310808875314
4.717788442000001,4.697120840088243
4.7226835860000005,4.731690925648346
4.7227153,4.819504723501487
4.7246831700000005,4.852562655797662
4.725971316,4.852562655797662
4.727749983000001,5.025915738422746
4.729756669,5.083193255682996
4.731980651000001,5.043575677926126
4.7338456650000005,5.055689659198368
4.735761278,5.036509188850651
4.7379713390000004,4.974184179393634
4.7407669640000005,4.961060699682039
4.7435576930000005,4.890408375297907
4.7447519510000005,4.890408375297907
4.745843948,4.881578405546217
4.747825219,4.894450557845526
4.7504129420000005,4.908328019793983
4.7533741240000005,4.902777872772641
4.754358659,4.902777872772641
4.755926655000001,4.965102882229657
4.760483665000001,4.988065830132298
4.761265495,4.949206423402493
4.76340546,4.9709043566632864
4.764380004,4.9391114390089585
4.765990805,4.9391114390089585
4.769872151,4.930784124081843
4.7706912710000005,4.930784124081843
4.772176681,4.962581230526377
4.773781597,4.947694270138566
4.775966904000001,4.998663469350407
4.777879659,5.007242111689808
4.781298203,4.982013028286381
4.781902954,4.982013028286381
4.783848653000001,5.011028778034936
4.785847285,5.011028778034936
4.788086157,5.042570368276977
4.789730564,5.044082521540905
4.7921107570000006,5.044082521540905
4.793686553000001,5.035001224376929
4.79596645,4.986302349456082
4.797659579,4.9683868937502105
4.800826428000001,4.932304654926181
4.8019048070000006,4.947442942726278
4.806323322,4.954509431801753
4.806684576,4.954509431801753
4.808350679,4.974946539210906
4.809920863,5.016587302636688
4.811939733,5.016587302636688
4.814144962,5.0281944402941505
4.815740062000001,5.0281944402941505
4.818071010000001,5.02870128390893
4.819750739000001,5.012804825081766
4.822768556000001,4.959054269173946
4.8242130450000005,4.973187247324896
4.826434775,4.973187247324896
4.828216763,4.959561112788726
4.829987955,4.923223357762204
4.8322613080000005,4.923223357762204
4.83376467,4.94164146829265
4.835692692,4.846262715329663
4.837706152,4.886131620498819
4.840030792,4.90909456840146
4.84263575,4.919943535031856
4.84389389,4.913635216983448
4.846120212000001,4.913635216983448
4.848025263,4.970912734243696
4.8496329970000005,4.970912734243696
4.852172784,4.918427192977723
4.853644831,4.918427192977723
4.857088017000001,4.922465186735137
4.859529467000001,4.936598164886086
4.860360498,4.95476913679445
4.862368229,4.969149253567481
4.864271493,4.93281149854096
4.865812255000001,4.93281149854096
4.867736747,4.963599106546139
4.869758640000001,4.981011907427437
4.872608926000001,4.92827084995897
4.8741161680000005,4.956783944882952
4.876205552,4.956783944882952
4.8792121,4.96713444547898
4.883862452000001,4.909350084603951
4.88389682,4.952247485091168
4.884614137000001,4.945185184805899
4.886346717,4.945185184805899
4.8878025,4.929033209776242
4.889805441,4.929033209776242
4.891753305,4.968148132708538
4.893709466000001,4.947962352711672
4.897307855,4.9948935581660985
4.898244566000001,4.980764768805354
4.900208143,4.945687839630472
4.902565483,4.989087894942265
4.904527943000001,4.993884059726746
4.905759169,4.993884059726746
4.907644738,5.012302170257191
4.909873134000001,5.0228998094753
4.911706882000001,5.023909307914654
4.9136873560000005,5.031478451814703
4.915772082,5.025924116003156
4.917629314,4.9986760357210205
4.919766646,4.9731914361151
4.923045841,4.98378907533321
4.924154811,4.965873619627339
4.926380824000001,4.965873619627339
4.927646385,4.933573858358231
4.930837186000001,4.942659344312412
4.931880232,4.963854622748632
4.9336730300000005,4.946190494455047
4.935792518,4.956783944882952
4.938445103,5.02036978019161
4.94050176,5.003463822925092
4.944864734,4.988576862537281
4.946100272000001,4.988576862537281
4.947558745,5.001951669661164
4.94846502,5.001951669661164
4.9511461070000005,4.967888427715841
4.9535928920000005,4.988325535124994
4.954965062,4.9623382806945
4.956415673,4.954262293179671
4.960095451,4.9610732660526535
4.961274767,4.971670905270763
4.962436681000001,4.938361645562302
4.964572905000001,4.92347468517449
4.967436316000001,4.92347468517449
4.968094248,4.918175865565436
4.969729776,4.918175865565436
4.971876777,4.878055632983991
4.974204992000001,4.943157810346782
4.9760264560000005,4.949210612192698
4.978039229,4.94340913775907
4.9801169540000005,5.008766831324351
4.983251796,4.982017217076585
4.984033596000001,4.991856685267628
4.986103657,4.991856685267628
4.987954800000001,4.9981650033160365
4.989646587,4.9981650033160365
4.992420725000001,4.969903235804344
4.993831747000001,4.969903235804344
4.997071324,5.008255798919367
4.998654491,5.000435327607032
5.001096939,5.009269486148925
5.002334693,5.008259987709573
5.004068448,4.985045712394646
5.005943863000001,4.985045712394646
5.007744999000001,4.964105950160919
5.011346646000001,4.973187247324896
5.011915204,4.962086953282212
5.01380589,4.952750139915743
5.015799211,4.971670905270763
5.020091399,4.979746892785591
5.020885047,4.955523119031311
5.022002101,4.972680403710116
5.024510254,4.972680403710116
5.026443088000001,4.97899291054873
5.028874578,4.97899291054873
5.030165974,4.983533559130717
5.033146806,4.983533559130717
5.034475126,5.017094146251467
5.0358886190000005,5.067058035814159
5.0379497120000005,5.053683228690276
5.041323216,5.042076091032813
5.042081747,5.020373968981814
5.043751981000001,5.020373968981814
5.045913259000001,4.981514562252011
5.048456383,4.981514562252011
5.051486723,4.888154806167732
5.052084847000001,4.820782304513948
5.053719309,4.834911093874692
5.055907634,4.891438817688284
5.058325996000001,4.959569490369135
5.0611021570000005,4.970669784411819
5.062026628,4.978741583136442
5.063938007,4.978741583136442
5.065842349,5.037786769863111
5.067956404,5.037786769863111
5.070410715,5.001704531039082
5.0719664600000005,5.001704531039082
5.075989964000001,4.951237986651815
5.0770553970000005,4.928275038749176
5.077869927,4.946190494455047
5.080894686000001,4.954015154557588
5.08344338,4.9709253006143115
5.084502114,4.9709253006143115
5.0858495050000005,4.992371906462818
5.087788207,4.955782824024008
5.0911184270000005,4.955782824024008
5.092252633,4.97369827972988
5.09393561,4.971934799053665
5.095791428,4.958308664517494
5.099565304,4.979755270366001
5.1004040680000005,5.01054287837118
5.103323957000001,4.990859753198889
5.103879297000001,4.994897746956303
5.106187956,4.994897746956303
5.107708458,5.023913496704859
5.109667236,5.023913496704859
5.111642293,5.014325355926103
5.113940584000001,5.037795147443521
5.11593105,5.045871134958349
5.118230153000001,5.025689543751688
5.120673384000001,5.025689543751688
5.122962127,5.046377978573128
5.1237771080000005,5.046377978573128
5.1279378630000005,4.992380284043227
5.1287356740000005,4.992380284043227
5.131460773000001,4.970171318377449
5.132360472,4.970171318377449
5.135373015000001,4.860659587263513
5.136737162,4.873527550772618
5.138118782,4.8702435392520655
5.1417264320000005,4.902543300521173
5.142757830000001,4.995400401780878
5.144801665,4.997168071247298
5.145865000000001,4.997168071247298
5.147817699,5.001457392416999
5.149766538000001,5.007769899255612
5.151930503,4.950995036819937
5.153878071,4.957052027456059
5.1561390650000005,4.955028841787146
5.158131877000001,4.936103887641922
5.160246735,4.936103887641922
5.1625301850000005,4.951749019056798
5.164040042,4.997926242274364
5.166364383,4.997926242274364
5.167781054000001,4.97369827972988
5.170216583,4.97369827972988
5.171778203000001,4.986821759441475
5.173904272000001,4.9272697291000265
5.1759266550000005,4.927776572714807
5.178268063,4.894215985594058
5.18153103,4.894215985594058
5.182237837000001,4.880589851057888
5.184494376,4.880589851057888
5.185849923,4.9489718511510254
5.188469363,4.9489718511510254
5.189651616,4.922733269308244
5.192047632,4.9943909033415235
5.194133622000001,4.997419398659585
5.195660323,4.996916743835011
5.198471700000001,5.018363349683517
5.201505662000001,5.020633673974512
5.203117671,5.000192377775154
5.2040303020000005,5.000192377775154
5.205865832000001,5.042331607235305
5.208266536,5.042331607235305
5.210628938,5.023155325677792
5.212277434000001,5.023155325677792
5.214003514000001,5.041070781383664
5.216084927000001,5.013818512311324
5.218037435,4.975465949196299
5.220817301,4.916169435057343
5.223120162000001,4.854598407837188
5.224379723,4.854598407837188
5.225723213,4.787732749798183
5.227677934,4.787732749798183
5.230210159,4.790761245116244
5.231793833,4.9875799304685415
5.233630732,5.037795147443521
5.235957415000001,5.059999924319094
5.238373923,5.059999924319094
5.239931229000001,5.050411783540338
5.242912437,5.044103465491929
5.245505413,5.021898688616357
5.246242189,5.021898688616357
5.247736935000001,4.993130077489884
5.250373587,4.951497691644512
5.252359359000001,4.954019343347793
5.2538872130000005,4.946450199447744
5.256291882,4.946450199447744
5.258168006,4.936108076432126
5.259746089,4.987077275643967
5.262344229,4.986319104616901
5.264155007,4.9499855383805835
5.266023104,4.9499855383805835
5.267661842000001,4.935098577992773
5.270741571,4.90986530579914
5.272201037,4.90986530579914
5.2736514670000005,4.910874804238492
5.275658889000001,4.956796511253566
5.277867019,4.953768015935506
5.279960794,4.947459697887098
5.28284218,4.977489134865211
5.28476203,4.969919990965162
5.285751899,4.969919990965162
5.287738962000001,4.963863000329041
5.291280888,4.99742358744979
5.292419596,4.993636921104663
5.294165271000001,4.9754701379865045
5.2962765670000005,4.9754701379865045
5.298356179000001,4.968407837701234
5.300178039,4.917183122286901
5.3025650230000005,4.917183122286901
5.304073408000001,4.951753207847004
5.306251164000001,4.951753207847004
5.308158904,4.925254921011525
5.309717374000001,4.925254921011525
5.3116948960000006,4.947208370474811
5.313753821000001,4.929041587356652
5.316230476,4.986570432029188
5.318334231000001,4.976982291250432
5.321565099000001,4.961588487247842
5.324499976,4.948720523738738
5.325308569000001,4.990859753198889
5.327362433,4.990859753198889
5.328587061,4.965630669795461
5.329925882,4.965630669795461
5.332133641,4.987584119258747
5.334352036,4.981522939832421
5.336338303000001,4.981522939832421
5.338192998,4.972190315256157
5.340265914000001,4.959820817781423
5.342851751,4.890684835451423
5.344765745,4.890684835451423
5.345964912,4.915666780232769
5.349359133,4.897751324526898
5.350244451,4.897751324526898
5.353111946,4.918946602963117
5.3542920810000005,4.968403648911029
5.356192729,4.92701840168774
5.357849091,4.968148132708538
5.3600446690000005,4.942156689487838
5.366401158,4.976982291250432
5.366432108000001,4.961081643633063
5.369288425000001,4.961081643633063
5.3707662670000005,4.9948935581660985
5.370918726,4.9948935581660985
5.371851487000001,4.979503942953714
5.373851902,4.979503942953714
5.375891296000001,5.004481698944855
5.377827767,4.977229429872514
5.381329502000001,4.942156689487838
5.382064173000001,4.954266481969875
5.384010098,4.954266481969875
5.387558048000001,4.869736695637285
5.388648623,4.869736695637285
5.389854286,4.887903478755445
5.391912453000001,4.9096014120162375
5.394265516,4.951489314064102
5.396287031,4.951489314064102
5.398021789,4.941649845873059
5.400917627,4.926511558072961
5.40222171,4.926511558072961
5.404015525,4.940640347433706
5.405960938000001,4.940640347433706
5.408278603,4.937611852115645
5.411390923,4.9918650628480385
5.41270992,4.9918650628480385
5.414779670000001,4.992367717672613
5.415932118000001,4.992367717672613
5.419300434,5.014069839723611
5.420094816000001,4.984543057570072
5.422878436,4.98504990118485
5.423998438,4.97899291054873
5.42597589,4.97899291054873
5.4281525550000005,4.931299345277031
5.4301029860000005,4.931299345277031
5.431853427,4.931048017864745
5.434674763,4.935086011622158
5.436305074000001,4.935086011622158
5.437826259,4.962589608106786
5.440128819000001,4.977732084697089
5.443185967000001,5.0075060054727105
5.444896517,5.027691785469576
5.4468790480000004,5.027691785469576
5.448279812,5.044342226533602
5.450171953,5.044342226533602
5.452004260000001,5.028445767706438
5.453905494000001,4.9994300179578826
5.456018576,5.003719339127584
5.458120350000001,5.003719339127584
5.460565423,4.977221052292105
5.461946398,4.977221052292105
5.463913489,4.940887486055788
5.466868414,4.940887486055788
5.468339005000001,4.9141378718080215
5.4708087480000005,4.896473743514438
5.472147725,4.896473743514438
5.4737743100000005,4.940883297265582
5.476193258,4.940883297265582
5.4777713420000005,4.979240049170812
5.480041075,5.096572251597084
5.482194216,5.100614434144703
5.484400266000001,5.1190325446751475
5.486092898000001,5.1190325446751475
5.488588184,5.113482397653806
5.489989154000001,5.113482397653806
5.491973333000001,5.067305174436241
5.493847566,5.045100397560668
5.49595282,5.045100397560668
5.498179734000001,4.997411021079175
5.501222172,4.966874740486282
5.501854227,4.986302349456082
5.505904755,4.94416311999593
5.506638819,4.94416311999593
5.508564446,4.973183058534691
5.509759711,4.973183058534691
5.5117290940000006,4.965609725844437
5.513701778000001,4.9888240011593625
5.51636726,4.949457750814781
5.517875621,4.960055390032889
5.5210332520000005,4.953747071984482
5.5222504290000005,4.953747071984482
5.524205521000001,4.960809372269752
5.525805981,4.960809372269752
5.5277343740000005,4.975445005245275
5.530079244,4.96585686446652
5.532093398000001,4.969388014609153
5.534898833000001,4.969388014609153
5.535737784,4.94289391656388
5.5379257090000005,4.913119995788258
5.541053957,4.979231671590402
5.5420059450000005,4.967875861345226
5.544703417,4.967875861345226
5.545804178,5.020616918813692
5.5490837840000005,5.020616918813692
5.5497923700000005,4.994374148180706
5.552908758,4.930784124081843
5.553755172000001,4.9343152742244785
5.555955781000001,4.903531855009502
5.557876974,4.903531855009502
5.560956217,4.890663891500399
5.561977263,4.915645836281746
5.564414463,4.915645836281746
5.565850266,4.943149432766372
5.567756950000001,4.943149432766372
5.5701726030000005,4.968131377547718
5.572619878,4.992861994916778
5.5743272,4.973937040771553
5.576769372,4.9961376288569195
5.579703922,4.997653970911053
5.580603791000001,4.969392203399359
5.584156306000001,4.948448252375427
5.5847469400000005,4.982767010523242
5.586475308000001,4.982767010523242
5.589083063,4.9539983993967684
5.5905081590000005,4.9539983993967684
5.5921560040000005,4.948444063585223
5.594427189,4.896465365934028
5.5957890290000005,4.884858228276565
5.598295401000001,4.917911971782534
5.6003854230000005,4.8793038924650185
5.60311359,4.8543219476836725
5.604433183,4.8543219476836725
5.607345618,4.889147549446266
5.607738813,4.889147549446266
5.610045268,4.868961769449401
5.61199944,4.968382704960005
5.613838849,4.942139934327019
5.615829773000001,4.942139934327019
5.617734939,4.961312027094326
5.619659569,5.038276858317071
5.623792267000001,5.025408894807968
5.624396154,5.025408894807968
5.626195771000001,5.025408894807968
5.627833002,5.034490191971945
5.630095320000001,5.034490191971945
5.631717562,4.975445005245275
5.63389755,4.9426425891515935
5.636116079000001,4.917157989545673
5.638306475,4.914883476464474
5.641389924,4.923717635006368
5.642322409,4.922959463979302
5.644041961,4.922959463979302
5.647528306000001,4.908328019793983
5.648158919,4.908328019793983
5.649912319,4.971662527690353
5.6516455940000005,4.9968916110937815
5.653792027000001,5.0054702534331845
5.655690393,5.005721580845472
5.65760076,4.99966459020935
5.659627697,4.968881170994376
5.6627966050000005,4.997901109533135
5.663862814000001,4.961312027094326
5.666610305000001,4.961312027094326
5.667707319000001,4.966359519291093
5.669784191000001,4.99134146407244
5.671857816,4.9719096663124365
5.673677241,4.982004650705971
5.6763094810000005,4.973421819576364
5.677625221,4.93279474338014
5.679654946,4.9285054222104385
5.682089997,4.933804241819494
5.683761986,4.919926779871036
5.685842869,4.891920528561835
5.68768371,4.891920528561835
5.691093671,4.913622650612833
5.693101372,4.949202234612288
5.694099899,4.949202234612288
5.6958080110000004,4.949704889436863
5.698237479,4.991085947869948
5.700814599,4.947179048943377
5.702436501,4.966104003088602
5.704032701,4.966104003088602
5.706472018,5.00143225967577
5.708187420000001,5.00143225967577
5.710828628000001,4.9537386944040716
5.7119619340000005,4.9537386944040716
5.713673498,4.966355330500889
5.717416543000001,4.947430376355664
5.719088882,4.973924474400938
5.722942244,4.963578162595115
5.723259238000001,4.930520230298941
5.7241528850000005,4.930520230298941
5.726125551,4.952980523377007
5.727678672000001,4.952980523377007
5.729901062000001,4.91437244405949
5.731935666,4.995873735074019
5.733639407,4.995873735074019
5.73763436,5.004201050001135
5.7384804560000005,5.048614792542484
5.740031465,5.063753080342582
5.742313549,5.063753080342582
5.746311512,5.066023404633576
5.746633722,5.066023404633576
5.749020203000001,5.066023404633576
5.750039844000001,5.0248936736127785
5.752517318000001,5.041799630879297
5.754907708,5.021358334679939
5.755923877000001,4.971394445117246
5.757615835,4.967863294974612
5.760496956000001,4.939098872638344
5.762285814,4.939098872638344
5.764320224,4.920676573317694
5.7678145270000005,4.920676573317694
5.768390628000001,4.854816224927837
5.769806236,4.834379117518684
5.771656435000001,4.851536402197489
5.774230736000001,4.927487546190676
5.775635774,4.943132677605552
5.778183706,4.96054547848685
5.779762143,4.96054547848685
5.786248714,5.012779692340536
5.786370925,5.026908481701281
5.788284354,5.030695148046409
5.7886143080000005,5.030695148046409
5.7898760650000005,5.026405826876706
5.7923737950000005,4.96231314795327
5.794102721000001,4.96231314795327
5.796234919000001,5.001172554683073
5.799157937,4.909320763072517
5.801874778,4.930771557711229
5.803456574,4.91209793097829
5.804500063000001,4.91209793097829
5.807743095,4.882319821412464
5.808243981,4.9486828246268955
5.8116164040000005,4.941365008139133
5.81411571,4.940611025902272
5.816030409000001,4.9226955701964
5.817964627,4.970133619265606
5.818767202,4.936070377320283
5.819751019000001,4.933544536826797
5.8234861680000005,4.967356451359833
5.824337541,4.952469490972022
5.826377762000001,4.952469490972022
5.827830473000001,4.9317768673603775
5.829779586000001,4.9317768673603775
5.831785246,4.9401041822874925
5.833782699,4.898974451266695
5.83621599,4.969119932036048
5.838339252,4.975935093699235
5.841113023,4.991324708911621
5.842152560000001,5.0198378038356015
5.844246957,5.037749070751268
5.8458452560000005,4.999899162460818
5.849522521000001,4.9433756274374305
5.85015645,4.9564991071490265
5.852375876,4.9564991071490265
5.853669508,4.936057810949669
5.856705146,4.921677694176638
5.857766528,4.95800707162275
5.864405535,4.958262587825241
5.864969098,4.931512973577476
5.865029662,4.9857661843098695
5.865823619,4.9857661843098695
5.867670898,5.030179926851219
5.870083371000001,4.997373321967332
5.872159011,4.997373321967332
5.873653838,5.01604694870027
5.876360653000001,5.035985590075053
5.8775880890000005,5.0705556756351555
5.8803904760000005,5.049104880996444
5.882488185000001,5.067522991526889
5.883966571,5.1078987403108265
5.885766814,5.1078987403108265
5.88774584,5.100836440025556
5.890141320000001,5.100836440025556
5.892544583,4.942625833990775
5.893805915000001,4.790216702389621
5.896318786,4.745053166401614
5.897731898,4.738242193528632
5.900870374,4.810410859966896
5.9029977680000005,4.9163872521479925
5.903993161000001,4.997641404540439
5.90667513,4.997641404540439
5.909071336,5.087725526684574
5.910989939,5.087725526684574
5.913323287000001,5.047353966690843
5.914411046000001,4.9666108467033805
5.915704296,4.931785244940786
5.918205288,4.897219348170889
5.920019961,4.9040345098340765
5.922497378,4.922452620364522
5.924228452,4.922452620364522
5.926346098000001,4.939609905043327
5.927850065,4.939609905043327
5.9296453940000005,5.016574736266073
5.931641493000001,4.960051201242685
5.933685529000001,4.990331965633086
5.935579059,4.955255036458205
5.938241612000001,4.969388014609153
5.941275547,4.921191794512882
5.942929545,4.953491555781991
5.9457669420000006,4.965350020851741
5.946488745000001,4.959293030215619
5.9481476870000005,4.959293030215619
5.949841865000001,5.034741519384231
5.9519455390000005,5.034741519384231
5.954420508,5.145769592552299
5.956082454000001,5.1783206812336955
5.957861692000001,5.183368173430463
5.961144477,5.1482912442555815
5.96255671,5.098080216070807
5.963963560000001,5.007237922899604
5.966102954,5.007237922899604
5.969086987000001,4.874767432673234
5.969806575000001,4.874767432673234
5.9717405580000005,4.73875741472382
5.973690769,4.682740723315212
5.976015935,4.784431983116812
5.977753579000001,4.858364130231291
5.981000701,4.9560173962754765
5.983242126,4.995383646620059
5.9841681190000005,5.055187004373794
5.986116348,5.055187004373794
5.989501874,5.058969481928716
5.990894345,5.0322282452613605
5.991799394,5.0322282452613605
5.99379619,4.97141538906827
5.996333724,4.918427192977723
5.998025203,4.919939346241651
5.999874207,4.911863358726823
6.002329826,4.968135566337923
6.004418441,5.016076270231704
6.005781956000001,5.016076270231704
6.007769152000001,5.07537278437066
6.012188375,5.172272068177984
6.013166086,5.169997555096784
6.014113422,5.14173578758509
6.016140994000001,5.03398753714737
6.017875723,4.965605537054232
6.020779461,4.834894338713872
6.022277794000001,4.736738417845113
6.0251207430000004,4.736738417845113
6.026438824,4.650696478248596
6.028004757000001,4.650696478248596
6.0298329630000005,4.729676117559844
6.032026648,5.060226118990152
6.034090224000001,5.145262748937521
6.035854163000001,5.145262748937521
6.038084342,5.151575255776134
6.040948222000001,5.099592369334735
6.042949539,5.025153378605475
6.0438003060000005,5.025153378605475
6.046507486,4.937595096954826
6.048377525,4.8374159904171545
6.049753631000001,4.827576522226111
6.051893071,4.8290886754900395
6.054061386000001,4.8712279049501905
6.056895907,4.923462118803877
6.057933906000001,4.938604595394179
6.060352239,4.979231671590402
6.06222509,5.00799609392667
6.0642162840000005,4.987056331692943
6.06575643,4.987056331692943
6.067751605000001,4.987810313929805
6.069802571,4.9759518488600545
6.072277565,4.904038698624282
6.074237181,4.9391114390089585
6.076044681,4.942139934327019
6.077849523,4.961567543296818
6.081435718000001,4.960055390032889
6.083381006000001,5.013550429738217
6.084904388,5.013550429738217
6.085834386,5.014811255589858
6.087813462000001,5.016327597643992
6.090192149,4.983269665347817
6.092213609000001,4.9759518488600545
6.093876262,4.974439695596126
6.095796952000001,4.954249726809056
6.097695895,4.9514725589032835
6.100677862,4.91614849110632
6.1040965730000005,4.9340639468121905
6.104684801,4.9340639468121905
6.105831216,4.939362766421246
6.107809371,4.901261530718509
6.1098606460000005,4.948699579787715
6.1119332680000005,4.973677335778856
6.113947246,4.961060699682039
6.1171653610000005,4.967875861345226
6.118146102000001,4.966866362905873
6.1213175380000004,4.9764545036846295
6.122263736000001,4.9764545036846295
6.12442517,4.943145243976168
6.126071157,4.943145243976168
6.129103656000001,4.963582351385321
6.130306065,4.963582351385321
6.131758692,4.972919164751789
6.133759565,4.984274974996965
6.138263134000001,4.966359519291093
6.138693348,4.9759518488600545
6.1415439140000005,4.955259225248409
6.1427733280000005,4.903531855009502
6.143878328,4.903531855009502
6.145844405,4.913115806998054
6.147771673,4.913115806998054
6.150149284,4.915386131289049
6.152218321,4.914632149052186
6.155162902000001,4.950211733051643
6.156185701,4.937092442130251
6.157862266,4.9509699040787085
6.159960474,4.988312968754379
6.162878786,4.98427916378717
6.1644991010000005,4.968382704960005
6.166491089,4.968382704960005
6.167818868,4.98427916378717
6.169755651,4.964340522412387
6.172360605000001,4.991844118897014
6.1737320350000005,5.0135462409480125
6.175736784000001,5.000929604851195
6.1781439,5.041552492257215
6.18038676,5.041552492257215
6.18246548,5.0342346757694525
6.184997264000001,4.9756921438673585
6.185912603,4.9756921438673585
6.188753575000001,4.9502075442614375
6.189970479,4.892930027001188
6.192431681,4.892930027001188
6.193753088,4.865170914314069
6.195747434,4.865170914314069
6.197737148000001,4.917907782992329
6.200757038000001,4.950965715288504
6.204084612,4.994872614215074
6.204640402000001,4.994872614215074
6.205916640000001,5.006982406697112
6.207713125000001,5.006982406697112
6.209753023,4.98603845567318
6.213435663,4.961312027094326
6.214043423000001,4.955506363870492
6.215825365000001,4.99966459020935
6.219177490000001,4.979478810212485
6.221117972,4.980990963476413
6.221825281,4.966104003088602
6.224299762,4.966104003088602
6.226153264000001,4.977459813333778
6.227845844,4.977459813333778
6.229721567,4.954748192843426
6.232495028000001,4.926989080156306
6.2337560100000005,4.902262651577452
6.235752844,4.935065067671134
6.237703969,4.92976624806208
6.2399848140000005,4.926490614121938
6.243009075000001,4.947179048943377
6.244078647,4.993104944748654
6.2460702580000005,4.993104944748654
6.2477995790000005,4.984526302409253
6.249858983,5.000171433824129
6.25207888,5.01733290729314
6.255174543000001,5.022883054314482
6.256654996,5.011527244069305
6.258656380000001,5.048367653920402
6.25985558,5.047106828068761
6.262274393,5.100853195186375
6.264342146000001,5.064766767572141
6.266311986000001,5.064766767572141
6.269420211000001,5.047358155481048
6.270307685000001,4.999417451587267
6.273353772,4.961312027094326
6.274248094000001,4.961312027094326
6.276217025,4.917907782992329
6.277755396000001,4.919675452458749
6.284407149000001,4.92623928670965
6.284431189,4.942391261739306
6.285095229,4.9764545036846295
6.28650525,5.0438270053384135
6.287745502000001,5.0438270053384135
6.291243008,5.052154320265529
6.292142793,5.086979922028123
6.293876083000001,5.08420275412235
6.296746034000001,5.0771362650468745
6.2983190040000006,5.027172375484183
6.301410746,5.0269210480718955
6.303058316,5.002445946905328
6.304700985,5.002445946905328
6.306225565,4.963837867587812
6.308128711,4.963837867587812
6.309891394,4.920693328478513
6.313563913,4.85004100409438
6.314065805,4.85004100409438
6.3164709960000005,4.836921713172989
6.317735665000001,4.816735933176124
6.322214952,4.910602532875182
6.322922632,4.910602532875182
6.32383965,5.0271807530645924
6.325685337,5.0271807530645924
6.32766212,5.043328539304043
6.330411208,5.098084404861011
6.3320230550000005,5.098084404861011
6.334161620000001,5.072092961640312
6.336139092000001,5.058471015894347
6.337882626000001,5.016080459021908
6.340902687000001,5.039294734336834
6.342613042,5.014312789555488
6.344541669000001,4.995132319207771
6.345938241000001,4.995132319207771
6.347696040000001,4.984790196192154
6.350770486,4.992861994916778
6.351646991,4.992610667504491
6.354868582000001,5.005985474628373
6.355741141,4.998918985552899
6.3594361930000005,4.979235860380607
6.360488372000001,5.000184000194744
6.362328145,4.9933688385315556
6.3655294200000005,5.034749896964641
6.368545644,5.034749896964641
6.3704823390000005,5.04105821501305
6.37076637,5.04105821501305
6.372272779,5.063258803098417
6.374276462,5.063258803098417
6.376160389000001,4.9759518488600545
6.380642108,4.83994183091064
6.381870276000001,4.782157470035612
6.382537629000001,4.782157470035612
6.385445526000001,4.8253061979351175
6.38591026,4.894190852852828
6.389243936000001,4.935576100076118
6.3934706640000005,5.015816565239007
6.3935101450000005,5.083189066892791
6.39536411,5.051144821826175
6.396273788,5.051144821826175
6.398850652,5.023389897929261
6.400104968000001,4.995379457829854
6.402151871,4.938604595394179
6.406314938,4.930277280467063
6.407014704000001,4.935324772663831
6.4083364640000005,4.935324772663831
6.410851641000001,4.939362766421246
6.412218585000001,4.939362766421246
6.414579138000001,4.927252973939209
6.415900097000001,4.91867852039001
6.418534976,4.94290229414429
6.422487762,4.94290229414429
6.423134714000001,4.960566422437874
6.424965426,4.960566422437874
6.425900242,4.998416330728324
6.427895014000001,4.998416330728324
6.429863977,5.015824942819417
6.431978066,4.96535839843215
6.434432291,4.9686382211624975
6.436687087,4.910602532875182
6.4410679260000006,4.930285658047473
6.446459966000001,4.927005835317125
6.446496381,4.895966899899658
6.447188494000001,4.899753566244786
6.448000542000001,4.914891854044884
6.448801673,4.914891854044884
6.449879030000001,4.956779756092747
6.451919926,4.949713267017272
6.454671827,4.980500875022453
6.455878696,4.980500875022453
6.457823778000001,4.978230550731459
6.459869187000001,4.995643351612755
6.462699024,5.039801577951613
6.464083788000001,5.004221993952158
6.4668736650000005,5.004221993952158
6.468745666,5.0183507833129015
6.469970334,5.084965113939621
6.473183968000001,5.084965113939621
6.474258263,5.110449713545541
6.475893558,5.1662192663320665
6.478007855,5.135687174529378
6.480760053,5.141995492577787
6.482285663000001,5.082694789648626
6.484514672,5.082694789648626
6.486544204,4.983273854138021
6.4887786620000005,4.983273854138021
6.491431829000001,4.827333572394234
6.4924698450000005,4.827333572394234
6.495831837000001,4.718831339719651
6.496841951,4.7501174137592015
6.499654678000001,4.8172385880006985
6.500461422000001,4.907322710144835
6.505532422000001,5.034243053349861
6.505565283,5.130635493542406
6.506624395,5.146276436167079
6.507903913000001,5.146276436167079
6.509911153,5.143247940849018
6.5124160060000005,5.120791836561159
6.5138586290000005,5.094297738515885
6.515817617000001,5.036257861438364
6.517859543,4.987558986517518
6.520038224,4.936841114717963
6.522493546000001,4.868207787212539
6.524851139000001,4.855339823703436
6.5266925350000005,4.855339823703436
6.5282166880000005,4.8258172303401015
6.530052475000001,4.8258172303401015
6.533060335,4.81269793941871
6.534916756,4.849035694445232
6.535829605,4.849035694445232
6.538141994,4.928011144966274
6.540188527000001,4.928011144966274
6.543313321,5.05821131090165
6.54436377,5.05821131090165
6.546242314000001,5.025660222220255
6.5483991900000005,5.025660222220255
6.550267854,5.013801757150504
6.5523481210000005,4.992606478714285
6.555323743000001,4.948452441165632
6.557876789000001,4.910602532875182
6.558603626,4.932807309750755
6.560975078,4.937854801947522
6.563646501,4.935580288866324
6.564898307,4.917162178335878
6.566240112,4.917162178335878
6.568890018,4.964348899992797
6.570231072,4.964348899992797
6.57195851,4.956021585065681
6.574296521000001,4.990089015801209
6.576244303,4.990089015801209
6.5778444,4.957035272295239
6.5802087380000005,4.9986676581406115
6.586483456000001,4.990089015801209
6.5865331750000005,5.02465910136131
6.587598181000001,5.053172196285291
6.588401399,5.053172196285291
6.589859599,5.079163639505992
6.594802025000001,5.08850045287246
6.595414256000001,5.10263343102341
6.597197202,5.10263343102341
6.598236195,5.077400158829777
6.6000605320000005,5.017089957461262
6.604295953,4.98731603668564
6.605018257,4.9310438290745395
6.606155848,4.9310438290745395
6.6083163570000005,4.879567786247919
6.61012377,4.845504544302597
6.611878432,4.845504544302597
6.615219092,4.841215223132895
6.617154383000001,4.892946782162007
6.618497071,4.920701706058922
6.620596804000001,4.937105008500866
6.623936637000001,5.038544940890177
6.624542579000001,5.042076091032813
6.625964424,5.042076091032813
6.628015736,5.017848128488328
6.631042755,5.015075149372759
6.632657895,5.015075149372759
6.633940068,4.935844182649226
6.63609501,4.967385772891267
6.637891582000001,4.9189424141729114
6.639771535,4.921715393288481
6.642576743,4.914397576800718
6.644844748000001,4.9618356258699245
6.646225517,4.9618356258699245
6.647921871,4.957043649875649
6.650377961,4.960574800018284
6.6531253360000004,4.938370023142711
6.654066763,4.918435570558133
6.659034841,4.915407075240073
6.659767649000001,4.9471999928944
6.660540633,4.933573858358231
6.6621544,4.936095510061511
6.6641073980000005,4.995392024200468
6.666383148,4.995392024200468
6.667901938,4.99968134537017
6.670051357,4.979495565373305
6.671862774,5.000435327607032
6.6741195410000005,4.99437833697091
6.675779312,4.972173560095338
6.677804178000001,4.990089015801209
6.680837878,4.988321346334788
6.683051651,4.988321346334788
6.6847652140000005,4.955518930241107
6.6863265080000005,4.955518930241107
6.6882854940000005,4.972173560095338
6.68987449,4.972173560095338
6.691778931,4.930034330635186
6.6944203390000006,4.9345749792171745
6.695840919,4.923977339999065
6.697848191,4.920697517268717
6.700423128000001,4.984287541367579
6.703314186,4.984287541367579
6.704257139,4.971164061655983
6.706238809,4.971164061655983
6.710134863,5.029957920970365
6.710708181,5.029957920970365
6.711830695000001,4.992861994916778
6.7138982590000005,5.02465910136131
6.716024098,5.0016961534586715
6.717875272000001,4.993117511119269
6.720001639,5.01103296682514
6.724671007,4.997909487113544
6.725006682,4.988576862537281
6.72587779,4.988576862537281
6.729118366000001,4.96712606789857
6.730321126000001,4.931546483899114
6.732212382,4.889909909263538
6.733883838000001,4.905810556880907
6.737003779,4.910853860287469
6.7382540980000005,4.910853860287469
6.740706526,4.881838110538914
6.742269141,4.95299308974762
6.744288136000001,4.957789254532101
6.745870089,4.957789254532101
6.747745734,4.942646777941798
6.750666376000001,5.008000282716876
6.75197564,4.971662527690353
6.754139376,4.971662527690353
6.7558752580000005,4.990591670625783
6.758059257,5.000175622614335
6.760358194,5.00270146310782
6.762259502,5.037522876080209
6.7644451320000005,5.037522876080209
6.765927707,5.059476325543495
6.769191245,5.052920868873004
6.770348222000001,5.052920868873004
6.7720445830000005,5.090770777163454
6.774490489000001,5.06124818380012
6.775897049,5.084211131702758
6.778083989000001,5.028441578916233
6.780056984000001,4.9852928510167285
6.783054113,4.948456629955837
6.784347803,4.923726012586777
6.786354145000001,4.923726012586777
6.789716724000001,4.868211976002744
6.790621852,4.862661828981402
6.792112167000001,4.8301107403000065
6.794035878000001,4.853073688202645
6.796367806,4.853073688202645
6.798613927000001,4.896976398339012
6.803327766000001,5.010027657175992
6.803355144,5.016080459021908
6.804641599,5.089258623899526
6.80642645,5.089258623899526
6.807918557000001,5.065541693760025
6.810841580000001,4.992870372497187
6.812255154000001,4.992870372497187
6.815571041,4.985808072211917
6.816288646,4.895472622655494
6.818763378000001,4.908344774954803
6.822801088,4.86014855485853
6.822829628,4.886391325491517
6.826189680000001,4.9033014715482395
6.826973635000001,4.9033014715482395
6.828542078000001,4.968906303735604
6.831089665,4.946701526860031
6.833219788,4.946701526860031
6.834147262,4.994143764719442
6.8359656520000005,4.976479636425858
6.838071366,4.965123826180681
6.841072239000001,4.974209312134864
6.8424324080000005,4.965123826180681
6.844179267,4.965123826180681
6.846099495000001,4.934340406965706
6.8483385850000005,4.950492381995363
6.850143030000001,4.950492381995363
6.852176416000001,4.965881997207748
6.854722957000001,4.976986480040637
6.85600242,4.959322351747053
6.857906949,4.939639226574761
6.861140730000001,4.9489718511510254
6.8630603820000005,4.916672089881918
6.8646156640000005,4.916672089881918
6.866366328000001,4.906325778076095
6.868024984000001,4.906325778076095
6.870033943,4.939886365196844
6.872321752,4.9300468970058
6.874354123000001,4.9572991660781405
6.876736008000001,4.988840756320182
6.878013576000001,4.99212057905053
6.880862576,4.946952854272318
6.882254747,4.96966447476267
6.884198423000001,4.96966447476267
6.8859826900000005,4.9742051233446585
6.888198239,4.9742051233446585
6.891148724000001,4.980010786568492
6.892538579,5.020131019149937
6.894145416000001,5.020131019149937
6.8962249060000005,4.9754701379865045
6.899139951,4.977991789689786
6.901786647000001,4.9287860711541605
6.905199915000001,4.934084890763215
6.905228515,4.9133964559417755
6.90747329,4.906832621690874
6.908250855,4.906832621690874
6.9104205080000005,4.88613999807923
6.912356638,4.968654976323317
6.914528408000001,4.968654976323317
6.91675575,4.9489718511510254
6.918068708000001,4.9489718511510254
6.921078899,4.993381404902171
6.925056059,4.965115448600272
6.925080792,4.98504990118485
6.926042141000001,4.98504990118485
6.927849453,4.989339222354552
6.9302662260000005,4.989339222354552
6.934337378,4.990604236996398
6.935163022,4.990604236996398
6.9359725480000005,4.997163882457094
6.937912365000001,4.997670726071871
6.940090267,5.000443705187441
6.942934978,4.938370023142711
6.944074127,4.938370023142711
6.947492468,4.951237986651815
6.948553676,4.951237986651815
6.950091336000001,4.905567607049029
6.951903674,4.955275980409229
6.954552224,4.955275980409229
6.956073545000001,4.956285478848583
6.958075600000001,4.956285478848583
6.961706039,4.979499754163509
6.962455705,4.979499754163509
6.963861497000001,5.001708719829287
6.965884961,5.001708719829287
6.9680977330000005,4.978243117102073
6.969895439,4.975717276608586
6.971713908000001,5.002969545680927
6.974487713,4.981522939832421
6.97584596,5.001206065004712
6.978652366,4.959066835544561
6.979758822000001,4.959066835544561
6.982443663000001,4.961085832423268
6.98400306,4.930805068032867
6.98659415,4.930805068032867
6.988487356,4.952255862671578
6.989913888,4.952255862671578
6.99362654,4.9166762786721225
6.994694062000001,4.9166762786721225
6.995920856000001,4.934340406965706
6.997713074000001,4.946450199447744
6.999861661000001,4.972186126465951
7.003008744000001,5.017605178656451
7.00403293,5.017605178656451
7.006738222,5.028960988901626
7.0081554100000005,5.028960988901626
7.010515467,5.030217625963062
7.011805600000001,5.020633673974512
7.014350373,5.020633673974512
7.017207022,5.0874993320135165
7.018098933,5.089267001479937
7.019919834,5.046625117195211
7.0218151,5.044099276701725
7.0245782640000005,5.044099276701725
7.027428212,4.997168071247298
7.0282741390000005,4.997168071247298
7.029772976,4.896993153499831
7.033452255,4.896741826087544
7.034521886,4.896741826087544
7.036867353000001,4.873778878184905
7.038068303,4.959066835544561
7.041607839,4.9875799304685415
7.043868356000001,5.0125618752498875
7.044815815000001,5.0125618752498875
7.0459863380000005,5.030477330955758
7.047727072000001,5.030477330955758
7.051272567000001,4.9467057156502365
7.0522403680000005,4.935354094195265
7.054596146000001,4.935354094195265
7.0561279820000005,4.880346901226011
7.058881832000001,4.927529434092724
7.060831576,4.927529434092724
7.0623409630000005,4.93005527458621
7.064458218,4.93005527458621
7.066365381000001,4.989104650103084
7.067941817,4.967909371666865
7.070442688000001,4.967909371666865
7.071825256,4.95327373869134
7.0740248470000004,4.95327373869134
7.0757863190000005,4.844268851192184
7.081755726000001,4.819789561235413
7.08179429,4.861932979485768
7.083287534,4.839472686407704
7.084534473000001,4.839472686407704
7.086039315000001,4.862184306898056
7.088443756,4.862184306898056
7.089949823,4.903565365331141
7.091910773,4.963871377909451
7.094075666,4.99036966474493
7.09600498,5.011564943181148
7.098637952000001,5.027465590798517
7.099976247000001,5.039324055868269
7.103605446,5.0256937325418924
7.104128448000001,5.0256937325418924
7.105886470000001,5.005001108930248
7.109064396000001,5.005001108930248
7.110170335,4.973966362302986
7.112257540000001,4.906342533236915
7.114170446,4.906342533236915
7.116447261,4.911390025433682
7.118106511000001,4.916940172455024
7.121331379000001,4.9520129128397
7.123448537000001,4.993900814887564
7.124597388000001,4.993900814887564
7.128091251000001,4.975222999364421
7.129185952,5.002223941024475
7.130392368000001,5.002223941024475
7.132639574000001,4.993645298685072
7.134212446,4.993645298685072
7.13634899,4.943681409122379
7.138880042,4.966141702200445
7.142811308000001,4.982796332054676
7.143538296,4.999702289321194
7.144334038,4.999702289321194
7.146102374000001,5.02594505995418
7.1480286930000005,5.02594505995418
7.15086959,4.980521818973477
7.152589743,4.954530375752777
7.154497879,4.954530375752777
7.1558453150000005,4.936614920046906
7.160726028,4.881356399665363
7.160747284,4.871261415271828
7.162455659000001,4.903305660338444
7.164043434000001,4.903305660338444
7.166518804000001,4.927529434092724
7.168868768,4.927529434092724
7.170726062000001,4.93359061351905
7.172045175,4.991877629218653
7.174043244000001,4.991877629218653
7.176091486000001,4.958819696922479
7.178029329,4.919206307955814
7.181036305,4.879588730198943
7.183428591,4.868739763568547
7.184293828,4.868739763568547
7.18617653,4.916177812637753
7.18864149,4.916177812637753
7.190673702000001,4.928794448734569
7.192136399000001,4.928794448734569
7.194039330000001,4.965379342383174
7.196086226,4.873029084738248
7.197850742000001,4.890186369417053
7.199859144,4.888674216153126
7.2030799860000005,4.85612312747173
7.204661581000001,4.893214864735113
7.206247896000001,4.893214864735113
7.209195178000001,4.970175507167654
7.21126421,4.960587366388898
7.213079961,5.005503763754823
7.214283824000001,4.990616803367011
7.216057362000001,4.999195445706414
7.220833814000001,5.000963115172834
7.221801879,4.971943176634073
7.223906294000001,4.986834325812089
7.224772676000001,4.986834325812089
7.2260653370000005,4.960084711564324
7.228052931000001,4.960084711564324
7.230005906000001,5.006764589606463
7.232004172000001,5.0007117877605465
7.2338849650000006,4.994654797124426
7.2375999140000005,4.977497512445621
7.238535679000001,4.919461824158305
7.240172396,4.953525066103628
7.241892499,4.9509992256101425
7.244438168,4.923746956537801
7.248670258000001,4.931567427850138
7.2487072910000006,4.931567427850138
7.250007035,4.983047659466962
7.252110127000001,5.028713850279544
7.254133761,5.073881575057756
7.256785741000001,5.0839765594512905
7.257792191,5.0839765594512905
7.260099079000001,5.095583697108754
7.26322358,5.023666358082776
7.264548132000001,4.961592676038047
7.265795516000001,4.961592676038047
7.2679278730000005,4.881854865699734
7.270218619,4.851322773897045
7.272015663,4.851322773897045
7.275000572000001,4.848545605991272
7.276149194,4.937368902283767
7.2780422830000004,4.934089079553419
7.280487201000001,4.93534990540506
7.283776554,4.989603116137453
7.286064226000001,4.989603116137453
7.286870099000001,4.974213500925068
7.28801459,4.974213500925068
7.289794511,4.932325598877205
7.291878406,4.918950791753321
7.294252559,4.87555073644153
7.295736882000001,4.87555073644153
7.297981592,4.929548430971431
7.303857672,4.9123911462926255
7.304506323,4.8758020638538175
7.305342171,4.928538932532077
7.3065542390000005,4.928538932532077
7.308564039,4.903054332926157
7.310769748,4.903054332926157
7.3121058020000005,4.942416394480534
7.313998909,4.925003593599238
7.317226483000001,4.927780761505011
7.321789446,4.997674914862077
7.321880389,5.032245000422178
7.322848851000001,5.007263055640832
7.3239444670000005,4.984551435150482
7.325944361,4.984551435150482
7.328933991,4.98505827876526
7.3301493330000005,4.98505827876526
7.333266056,4.900025837608096
7.334385568,4.9209697886320285
7.336129813,4.907850497710637
7.337819337000001,4.938633916925613
7.340107305,4.984304296528399
7.342469204,5.012063409215519
7.344409624000001,5.012063409215519
7.345790079,4.97193898784387
7.347986422000001,5.024424529109843
7.3504223170000005,5.0007034101801375
7.351733017000001,5.0007034101801375
7.355135809,5.009286241309745
7.356270200000001,4.982536627061979
7.358077356000001,4.976986480040637
7.360936587,4.984052969116111
7.3627602240000005,4.9749674831619295
7.3644505,4.9749674831619295
7.371442401,4.951497691644512
7.371470113000001,4.951497691644512
7.372167727000001,4.993641109894868
7.374682115000001,4.972190315256157
7.3754603350000005,4.963863000329041
7.376646212000001,4.963863000329041
7.380116336,4.948473385116656
7.381345391000001,4.912386957502421
7.382414572,4.9454407010083905
7.38453228,4.959066835544561
7.385886041000001,4.959066835544561
7.388500482,4.98026211398078
7.391280615,4.98026211398078
7.392392232000001,5.012055031635108
7.394713189000001,5.012055031635108
7.39584779,4.981267423629929
7.398253374,4.981267423629929
7.400404367,4.955787012814213
7.402179388,4.886144186869434
7.404684724000001,4.874788376624259
7.406266423000001,4.874788376624259
7.409108428000001,4.816497172134451
7.410351892,4.929795569593513
7.4130986430000005,4.900021648817892
7.414182082000001,4.901533802081819
7.416478426,4.929288725978735
7.417782275,4.9300468970058
7.421203202,4.906074450663808
7.422335510000001,4.930805068032867
7.424003761000001,4.930805068032867
7.426161017,4.959573679159339
7.428016264,4.953265361110931
7.43001175,4.969668663552875
7.4321596350000005,4.9835461255013325
7.4345545930000005,4.9835461255013325
7.436296117,4.971180816816803
7.4382123810000005,4.993385593692375
7.440692429,4.971934799053665
7.441952297,4.975976981601284
7.443948874,4.975976981601284
7.44606555,4.97622830901357
7.447853161,4.97622830901357
7.450020069000001,4.953014033698644
7.451987463,4.953014033698644
7.453732465000001,4.951246364232224
7.456348289,4.932321410087
7.457909428000001,4.952251673881372
7.460074069,4.9913624080234635
7.463612973,5.009529191141623
7.464399971000001,5.009529191141623
7.46585077,5.031733968017195
7.468150282000001,5.031733968017195
7.4697335,5.033752964895902
7.471818088,5.0057467135867
7.474152583,5.014828010750676
7.476894029,5.014828010750676
7.477735174,4.972181937675746
7.4798502010000005,4.978997099338934
7.482579208000001,4.9578018209027155
7.484028859,4.951237986651815
7.486170561000001,4.893457814566991
7.488392284000001,4.893457814566991
7.491646073,4.917178933496697
7.4925528130000005,4.917178933496697
7.49397462,4.884874983437384
7.496094053,4.9191937415851985
7.499693721000001,4.913643594563857
7.5018874680000005,4.9277723839246015
7.502470326,4.9277723839246015
7.504272930000001,4.9731914361151
7.505967516,4.9731914361151
7.507895043,4.922720702937629
7.510343512,4.938365834352506
7.511850577000001,4.938365834352506
7.514713676,4.924991027228622
7.516144519000001,4.938365834352506
7.518530822000001,4.900264598649769
7.5207380520000005,4.916919228504001
7.523660081,4.982779576893857
7.525036962000001,4.982779576893857
7.526036222,5.0117995154326165
7.528724987,5.0117995154326165
7.530036972,4.991613735435751
7.5320586160000005,4.962086953282212
7.535204888000001,4.909350084603951
7.536018490000001,4.9532569835305225
7.538350741,4.937863179527931
7.539924022,4.922469375525342
7.545142512000001,4.928526366161463
7.545170959000001,5.000946360012015
7.548619545,4.993628543524253
7.549385055,4.993628543524253
7.550974386,4.996150195227535
7.552211348,4.996150195227535
7.554108393000001,5.034506947132763
7.556668752,5.047374910641867
7.558010969000001,5.047374910641867
7.561608825,5.044342226533602
7.563248768,5.041066592593459
7.564138093,5.073366353862567
7.565910594000001,5.073366353862567
7.568441848000001,5.12761956459496
7.570326198,5.1586543112222225
7.572083732,5.1586543112222225
7.575518586,5.170768292494464
7.577811782,4.999434206748087
7.57840143,4.9146489042130055
7.580914707000001,4.817753809195886
7.582365482,4.7347361761272255
7.585064141,4.7347361761272255
7.585840417000001,4.662316182276673
7.587897795000001,4.662316182276673
7.589777276,4.677454470076772
7.592644223000001,5.010530312000566
7.593663437000001,5.0917844643930135
7.595735085,5.094054788684007
7.597896938000001,5.041824763620525
7.6005143440000005,5.026682287030222
7.603849988,4.974196745764249
7.604548978,4.974196745764249
7.606809452,4.935341527824651
7.608149379,4.875286842658628
7.610194381,4.875286842658628
7.611751057,4.870490677874148
7.615193814,4.940137692609131
7.616150861,4.929284537188529
7.617825964000001,4.927521056512314
7.621466616,4.958555803139577
7.622281165,4.958555803139577
7.624325693,4.936346837473799
7.626182062000001,4.919189552794994
7.628274471,4.919189552794994
7.629699168,4.961077454842858
7.6318610080000004,4.924237044991762
7.633685222,4.983537747920923
7.635669372000001,4.976978102460227
7.638019841,4.98378907533321
7.639914514000001,4.98378907533321
7.642771789,4.9731914361151
7.643839559000001,4.9731914361151
7.645725304000001,4.998424708308734
7.648559114,4.998424708308734
7.651521079,5.036777271423758
7.653159396,4.999178690545595
7.655375815,5.008264176499777
7.656154101,5.000192377775154
7.6577155900000005,4.994135387139032
7.660389713000001,4.951996157678881
7.663434458,4.967892616506045
7.664387546,4.967892616506045
7.66639125,4.937611852115645
7.6682730260000005,4.937611852115645
7.670232897000001,4.964110138951124
7.672093232000001,4.964110138951124
7.674071181,4.9613329710453495
7.675757159000001,4.9613329710453495
7.678180565000001,5.042838450850084
7.680956374000001,5.072863699037993
7.682360151,5.072863699037993
7.684429775000001,5.061256561380529
7.685822010000001,5.061256561380529
7.687731647000001,5.001955858451368
7.6911855430000005,4.924237044991762
7.6920623820000005,4.924237044991762
7.695783481,4.875789497483202
7.696410286000001,4.850556225289569
7.699591312000001,4.917421883328574
7.703126014,4.95300146732803
7.70317288,4.987571552888132
7.705480302000001,5.057972549859977
7.706545188000001,5.057972549859977
7.708198749,5.035260929369626
7.710236045,4.971675094060968
7.711858278,4.97142376664868
7.714005372000001,4.924232856201557
7.715708947,4.883358641383252
7.7176558260000006,4.9138865443957345
7.720203671,4.911364892692453
7.721997247000001,4.912629907334299
7.724233666000001,4.912629907334299
7.726180028000001,4.964608604985493
7.727837685000001,4.964608604985493
7.845049759,5.050654733372215
7.846594725,5.067564879428938
7.8466112500000005,5.067564879428938
7.846630861,5.058228066062469
7.846648523000001,4.99741520986938
7.847994118000001,5.00144901483659
7.848009757000001,4.973187247324896
7.84802358,4.944422824988627
7.848034346,4.947702647718975
7.850752732,4.9524946237132506
7.850768352,4.9524946237132506
7.8519611110000005,5.002961168100517
7.851976696,5.045858568587735
7.851986340000001,5.067058035814159
7.8519955150000005,4.998671846930816
7.8531180570000005,5.032990605078631
7.853134189,4.969651908392056
7.853148432,4.924991027228622
7.8549356900000005,4.888653272202102
7.854953803000001,4.865945840501954
7.854963899,4.873514984402003
7.854973878000001,4.880581473477478
7.854982122000001,4.955774446443598
7.856940357000001,4.982775388103652
7.856957652,5.040811076390967
7.856969382000001,5.064783522732959
7.856993881,5.101879448786548
7.857040185000001,5.097338800204559
7.858795756,5.05898204829933
7.8588594910000005,5.046616739614801
7.8588864350000005,4.9623382806945
7.858912021,4.893704953189074
7.8589328400000005,4.840963895720608
7.858947552,4.844243718450956
7.8613520160000006,4.797815167821104
7.862909243000001,4.807905963424434
7.862923604000001,4.807905963424434
7.862933979,4.807905963424434
7.862946963000001,4.994633853173402
7.863327630000001,4.994633853173402
7.864769371,4.994633853173402
7.866006103,5.034251430930271
7.866020546000001,5.034251430930271
7.866031047000001,5.034251430930271
7.866039501,5.034251430930271
7.867150443000001,5.008008660297285
7.867178354000001,5.008008660297285
7.867193478000001,5.008008660297285
7.868276484000001,4.971926421473254
7.868293142000001,4.971926421473254
7.868304886000001,4.971926421473254
7.868891158,4.971926421473254
7.8689055230000005,5.014316978345693
7.869656627,5.014316978345693
7.869672732000001,5.014316978345693
7.870310684000001,4.976215742642957
7.871850877000001,4.976215742642957
7.872231069000001,4.976215742642957
7.872249637,4.947702647718975
7.875925445000001,4.947702647718975
7.876654982000001,4.947702647718975
7.876675877,4.94340913775907
7.8776479550000005,4.94340913775907
7.878414298000001,4.94340913775907
7.879895436000001,4.90329309396783
7.879929053000001,4.90329309396783
7.879958889,4.90329309396783
7.879982099,4.90329309396783
7.880436990000001,4.907833742549818
7.880943295000001,4.907833742549818
7.880953341000001,4.907833742549818
7.881704271,4.93003851942539
7.883074973,4.93003851942539
7.883505627000001,4.93003851942539
7.883532137,4.938872677967286
7.884687042,4.938872677967286
7.8850603050000005,4.938872677967286
7.885500285000001,4.921459877085989
7.886433251000001,4.921459877085989
7.8884449210000005,5.01810364469082
7.890169474,5.01810364469082
7.891652738,5.023905119124449
7.893989840000001,5.0024585132759425
7.895791788,4.993377216111966
7.897620099,4.969153442357686
7.8998988290000005,4.973442763527388
7.905142894000001,4.970665595621614
7.905372634000001,4.959309785376439
7.906085976000001,4.959309785376439
7.907773738,4.92877769357375
7.910292471000001,4.959812440201012
7.912441554000001,4.924991027228622
7.913740000000001,4.924991027228622
7.915611623,4.916161057476933
7.918029580000001,4.9315548614795235
7.921741037,4.90152542450141
7.925213151,4.922469375525342
7.9255679400000005,4.92574919825569
7.926174267,4.92574919825569
7.928079701000001,4.878813804011059
8.045546683000001,4.957542115910019
8.045561313,4.9487121461583286
8.045576294,4.9487121461583286
8.047698046,4.935588666446733
8.047716771000001,4.960315095025587
8.047726164,4.931299345277031
8.047735465,4.936598164886086
8.047744751,4.954764948004245
8.047756099,4.919692207619569
8.052607294000001,4.8851221220594665
8.052622158,4.924232856201557
8.052632888,4.9141378718080215
8.052643118,4.870989143908518
8.05265311,4.8719986423478705
8.052671777,4.976969724879818
8.052679987000001,4.991354030443054
8.053238374000001,4.951987780098471
8.053258119,4.978481878143746
8.054469764,4.98075220243474
8.054497893,4.9694005809797686
8.054521525,4.9600637676133
8.054974757,4.971670905270763
8.055700782,5.001951669661164
8.057222451000001,4.953504122152604
8.058335816000001,4.966372085661708
8.058402383,4.997411021079175
8.05842135,4.98731603668564
8.059416439000001,4.986562054448778
8.059457369,4.994889369375894
8.059492399,5.001951669661164
8.061591448,4.972177748885542
8.061619663,4.984036213955292
8.061635047000001,4.993624354734048
8.061649892,4.988325535124994
8.061664674000001,4.945176807225489
8.063650948000001,4.962082764492007
8.063676226,4.962082764492007
8.063690994,4.962082764492007
8.063705722,4.951233797861611
8.06371988,4.951233797861611
8.063734222,4.951233797861611
8.063753794,4.991605357855342
8.064631269000001,4.991605357855342
8.064659308000001,4.991605357855342
8.064679008,4.991605357855342
8.064691125000001,4.993875682146336
8.066678246,4.993875682146336
8.066692190000001,5.048887063905795
8.066705101,5.048887063905795
8.067162533000001,5.048887063905795
8.068192503,5.046616739614801
8.068247957,5.046616739614801
8.068949024,5.046616739614801
8.068960769,5.046616739614801
8.123347506,5.059736030536192
8.123391958000001,5.059736030536192
8.123430487,5.059736030536192
8.123454595,5.062764525854252
8.123477314,5.062764525854252
8.123498906,5.062764525854252
8.123528610000001,5.062764525854252
8.124449015,5.035260929369626
8.124480392,5.035260929369626
8.124502491000001,5.029203938733504
8.125303868000001,5.029203938733504
8.125321736,5.029203938733504
8.127102569,4.988832378739773
8.127118236000001,4.988832378739773
8.127128876,4.988832378739773
8.127137274,4.988832378739773
8.127145626,4.909597223226033
8.127153833000001,4.909597223226033
8.128745352000001,4.909597223226033
8.128767683000001,4.909597223226033
8.128777612,4.893449436986582
8.128786675,4.893449436986582
8.129832364,4.893449436986582
8.129846626,4.893449436986582
8.129856831,4.855850856108419
8.129866462,4.825574280508223
8.1314715,4.871495987523296
8.131489168,4.926000525667977
8.131501199,4.952498812503456
8.131518311,4.963096451721565
8.131527419000001,5.0125534976694786
8.133780555000001,5.046114084790227
8.133796159000001,5.015330665575251
8.133807244,5.017349662453959
8.133817939,5.014069839723611
8.133828192000001,4.995144885578386
8.133840787,4.973442763527388
8.136095238000001,4.987073086853762
8.136113735,4.973949607142166
8.136124865000001,4.973949607142166
8.136135942000001,4.973949607142166
8.137982222,4.916923417294205
8.138001458,4.916923417294205
8.138014553,4.916923417294205
8.138025525,4.944175686366545
8.138039216000001,4.944175686366545
8.138049344,4.944175686366545
8.139079356,4.944175686366545
8.139102629,4.922980407930326
8.139126051,4.922980407930326
8.140389136000001,4.922980407930326
8.141356052,4.942659344312412
8.142880026,4.942659344312412
8.146901527,4.966124947039625
8.146965807,4.966124947039625
8.187560102,4.967138634269184
8.187597019,4.967138634269184
8.187610135,4.9489718511510254
8.187622747,4.9875799304685415
8.187635238,4.941654034663263
8.187649875,4.969915802174957
8.188300679000001,4.959825006571627
8.188318605000001,5.022401343440931
8.188329196,4.994646419544016
8.18963338,4.947966541501876
8.189651586,4.963356156714261
8.190933272,4.926515746863165
8.190949395,4.934591734377993
8.190961267,4.909107134772073
8.190972733,4.949482883556009
8.191765313000001,4.957810198483124
8.191780233000001,4.961341348625759
8.192890844,4.985569311170244
8.192921697000001,4.988597806488305
8.19294597,4.995157451949
8.193913011000001,4.989858632339946
8.193938594,5.0012144425851215
8.193961565,5.0012144425851215
8.195401097000001,4.997176448827707
8.196544974,4.997176448827707
8.197964303000001,5.036538510382085
8.202192775,5.036538510382085
8.202768471,4.995915622976066
8.2039668,4.995915622976066
8.205863645,5.004745592727756
8.208354104,4.92651993565337
8.210107739,4.92651993565337
8.231322076,4.933837752141133
8.23136143,4.89749999711461
8.231385974,4.908855807359787
8.233515208,4.949231556143722
8.233546779000001,4.94897603994123
8.233571682000001,4.944942234974022
8.233595487,4.988844945110387
8.233621340000001,5.017864883649147
8.233650817000001,5.017864883649147
8.235062781,5.010547067161385
8.235091558,5.004490076525264
8.236156914,4.972948486283222
8.301840562,4.934089079553419
8.301872466,4.93181456647222
8.301885186,4.946454388237949
8.304131713,4.940648725014115
8.304148978,4.9033014715482395
8.304164188,4.967645477883964
8.304175124,4.970167129587245
8.304185833,4.933075392323861
8.3041965,4.960076333983914
8.308299359000001,4.926008903248387
8.308323686000001,4.903804126372814
8.308343182,4.9083489637450075
8.308374745,4.967142823059389
8.308410266000001,4.970171318377449
8.308960003000001,4.956796511253566
8.309050982,4.980010786568492
8.310281657,4.988338101495607
8.310309769,4.976479636425858
8.310333548000001,4.957052027456059
8.311866821,4.994901935746508
8.311973351,4.994399280921934
8.311993856,4.9797636479464105
8.312005971000001,4.994143764719442
8.312018279,5.009286241309745
8.313800928000001,5.028969366482036
8.313831921,5.017864883649147
8.313855933000001,5.05192812559447
8.313879419000001,5.0854929015054235
8.313899305000001,5.050415972330542
8.315406092,5.053193140236315
8.315438461000001,5.021400222581987
8.315463784,5.011305238188452
8.315488172,4.948728901319147
8.315512124000001,4.9340932683436245
8.317121532,4.913149317319692
8.317151726,4.896494687465461
8.317174697,4.896494687465461
8.317196936,4.896494687465461
8.317215027000001,4.952264240251988
8.318488422,4.952264240251988
8.319087457,5.0060106073696025
8.319115369,5.067585823379962
8.320190949,5.107199212346627
8.322533588,5.117801040354941
8.324257410000001,5.140010006020718
8.325837209000001,5.140010006020718
8.329362453,5.096354434506434
8.330299256,5.096354434506434
8.331817505,4.967666421834987
8.334259942000001,4.814750446619056
8.336250128,4.769075878226064
8.360032821,4.693124734232877
8.360075321,4.7082672108231804
8.360120886,4.7082672108231804
8.360192121,4.793555168182836
8.361894871,4.983311553249864
8.361924169,5.013340990227978
8.361961192,5.005771846327929
8.36200799,5.00172966378031
8.362038976000001,4.994918690907327
8.362068990000001,4.949248311304542
8.363331552,4.953793148676735
8.36396112,4.940167014140564
8.364643867,4.88162448223847
8.370972639,4.883643479117177
8.371549609,4.881373154826183
8.371606622,4.854120885753843
8.372279999,4.854120885753843
8.375605420000001,4.880870500001609
8.375961398000001,4.880870500001609
8.377660709,4.97751426760644
8.378299787000001,4.97751426760644
8.381823287000001,5.001486713948432
8.382746659,4.9762534417548
8.383915865,4.9762534417548
8.430608239,4.942190199809477
8.430647258,4.942190199809477
8.430678691,4.947991674243105
8.430703832,4.984832084094202
8.432746447000001,4.9656558025366895
8.432795225000001,4.984073913067136
8.432822626,4.991898573169677
8.432848903,5.033279631602761
8.432875216000001,5.070124230244063
8.432901237000001,5.072645881947343
8.434380539000001,5.109234964386153
8.435759461,5.107215967507446
8.436031407,5.120088119806755
8.436062695,5.10545248683123
8.437396920000001,5.07517172244083
8.437430367000001,5.0464031113143575
8.438993731,4.9621246523940545
8.439031165000001,4.901563123613252
8.43906314,4.879613862940173
8.439095297,4.862201062058876
8.439145176,4.851603422840767
8.439948237000001,4.877594866061465
8.440000476,4.883651856697586
8.440042518,4.87406371591883
8.442178859,4.930080407327439
8.442230861,4.944464712890675
8.442254522,4.944464712890675
8.442276711,4.97348046263923
8.442692133000001,4.97348046263923
8.467928545000001,4.990135092493461
8.46794422,4.974489961078585
8.467959026,4.989376921466395
8.467969514,4.9959365669270905
8.470235030000001,4.969949312496595
8.470251512,4.928061410448732
8.470268087000001,4.900809141376391
8.47034281,4.8627079056736555
8.470354569000001,4.800127380014146
8.47036613,4.839493630358728
8.473295332000001,4.924027605481522
8.473316938,4.908633801478932
8.47332832,4.867248554255643
8.473338812,4.889708847333707
8.476972566,4.912923122648634
8.477709481,4.860182065180168
8.477726743,4.860182065180168
8.47880171,4.909387783715794
8.481013539000001,4.909387783715794
8.483769629000001,4.971461465760524
8.484631593000001,4.971461465760524
8.486115001,5.011581698341968
8.488092174,5.011581698341968
8.490109868000001,5.016130724504366
8.541918049000001,5.005784412698543
8.541947677000001,4.995186773480434
8.541960083000001,4.995186773480434
8.541971877,4.989129782844312
8.54198332,4.980299813092623
8.542006618,4.955573384513768
8.542019826,4.9419472499775985
8.54398666,4.964654681677746
8.544001249,4.981811966356551
8.544010968,5.015628069679791
8.546297957,5.034548835034811
8.546319394000001,5.066090425276852
8.546333273,5.044136975813567
8.546346212000001,5.064322755810433
8.546358693,5.06634175268914
8.546399714,5.024453850641276
8.548766818,5.019661874647
8.548786614,5.016130724504366
8.548799613,5.007799220787046
8.548814171,4.967678988205601
8.548824556000001,4.94093356274804
8.548834874,4.920747782751175
8.548844183,4.8957658379698294
8.550545146000001,4.857161947442517
8.550570455,4.842526314466993
8.550582292000001,4.8629676106663515
8.550593806,4.869527256127047
8.550605257,4.925795274947942
8.550911818000001,4.925795274947942
8.551725527,4.97828500500412
8.553785595,4.97828500500412
8.555343623,4.991404295925512
8.556554158,4.991404295925512
8.55808567,5.012344058159239
8.560249788,4.959607189480979
8.563399819,4.959607189480979
8.564372361,4.9474973969989415
8.600622671,4.9474973969989415
8.600642141,4.944464712890675
8.600657979000001,5.0040125544419185
8.600670325000001,5.0040125544419185
8.600682472,4.994931257277942
8.60069436,5.024453850641276
8.601902885000001,5.000984059123859
8.601920587,4.97045196732117
8.601932285,4.96036117171784
8.601966641,4.951778340588232
8.602552764,4.915696101764203
8.604105731,4.926293740982312
8.604122603,4.927810083036444
8.604134969,4.959603000690773
8.604149712,4.95027037611451
8.604159243,4.956578694162918
8.605561407,4.996954442946853
8.605577803000001,4.974494149868789
8.605588964,4.988120284404959
8.607908182000001,5.019661874647
8.608832328,5.019661874647
8.609356731,5.018907892410139
8.611623717,5.039093672407005
8.612654263000001,5.039093672407005
8.614303037,5.054231960207103
8.617024854,5.080478919630294
8.617953076000001,5.080478919630294
8.620308843,5.102176852891087
8.622570946,5.117319329481391
8.746290131,5.060795794458003
8.746313169,5.060795794458003
8.746326558,4.98055114050491
8.746338964000001,4.98055114050491
8.746350566,4.85867828949665
8.746361959,4.85867828949665
8.748602805,4.775660656427989
8.748623198,4.806444075642964
8.748635894000001,4.902836515835508
8.748648422,4.944724417883371
8.748660231,5.015125414855217
8.748674561000001,5.121608650651091
8.748686381,5.09612405104517
8.750421937,5.0935982105516855
8.750441406,5.074928772608953
8.750454703,5.067359628708903
8.75286398,5.0436426985694025
8.752900219,5.040614203251342
8.752914285000001,5.029513909208657
8.752926308000001,4.997972318966617
8.752938382,4.951292440924477
8.752950237,4.920504832919297
8.752960552000001,4.873066783850092
8.754988845,4.834714220735067
8.755005757000001,4.7998886189724725
8.755019243000001,4.804684783756953
8.755038627000001,4.810741774393074
8.755051714,4.853383658677799
8.755064840000001,4.9616387527303
8.755898585,5.059543346186771
8.756553112,5.029011254384084
8.757947996,5.0280017559447305
8.757968275000001,5.0517186860842305
8.75798091,5.012859279354427
8.758231480000001,5.006550961306019
8.758267178,5.0017547965215385
8.760803852,5.0017547965215385
8.760825372000001,4.931613504542391
8.760840869,4.931613504542391
8.760856875,4.931613504542391
8.762545153000001,4.931613504542391
8.762565157000001,4.950282942485123
8.762579006000001,4.950282942485123
8.762592791000001,4.950282942485123
8.762606661000001,4.982327187551739
8.7639417,4.982327187551739
8.763963362,4.982327187551739
8.763975981,4.982327187551739
8.763986520000001,4.964918575460647
8.764689353000001,4.964918575460647
8.764705107000001,4.964918575460647
8.765445587,4.964918575460647
8.76546529,4.94624494872771
8.765476873,4.94624494872771
8.765968355,4.94624494872771
8.765982987000001,4.94624494872771
8.885739036,4.936149964334175
8.885753191000001,4.936149964334175
8.885762456,4.936149964334175
8.888058181,4.936149964334175
8.888072565,4.950282942485123
8.888082922,4.950282942485123
8.88809269,4.950282942485123
8.888100785,4.950282942485123
8.888109054000001,4.909149022674121
8.888118646,4.909149022674121
8.888131482,4.909149022674121
8.888139979,4.909149022674121
8.888447253,4.979805535848458
8.889638218,4.979805535848458
8.8896519,4.979805535848458
8.889661544,4.979805535848458
8.891508199,4.94624494872771
8.891525346,4.94624494872771
8.891537461,4.94624494872771
8.89154757,4.94624494872771
8.891557423,4.919499523270148
8.891569571,4.919499523270148
8.893845865000001,4.947761290781842
8.893860916000001,4.97829338258453
8.893870777,4.966179401312288
8.893880404,5.008067303360152
8.89388959,5.001758985311743
8.893899135,4.979051553611596
8.894889394,4.973245890387763
8.894905246,4.970221583859907
8.894914246,4.9227835347907005
8.898877549,4.940443474294081
8.898896401,4.950538458687616
8.898911660000001,4.919499523270148
8.898923766000001,4.963913265811499
8.898935622,4.963155094784432
8.898948663,4.997218336729755
8.898958985,4.963657749609006
8.898976081,5.006555150096224
8.898985968,5.0242192783898085
8.899004404000001,5.0242192783898085
8.901809798,5.0242192783898085
8.901844733,5.0242192783898085
8.901856389,4.905127784077526
8.901865970000001,4.905127784077526
8.908954587,4.905127784077526
8.908967419000001,4.905127784077526
8.910293976,4.885193331492948
8.910308281,4.885193331492948
8.910318794,4.9414655391040485
8.910629541,4.9414655391040485
8.911792397000001,4.9414655391040485
8.911816025,4.944745361834396
8.912391086000001,4.944745361834396
8.912413676,4.944745361834396
8.913663752,4.895288315886482
8.91368137,4.895288315886482
8.914768284,4.895288315886482
8.914793127000001,4.996221404661016
8.914827189,4.996221404661016
8.914870572,4.996221404661016
8.918684983,5.023222346321068
8.918710274,5.023222346321068
8.918725967,5.023222346321068
8.918739083,5.023222346321068
8.918751867000001,4.9833534411519125
8.918764424,4.9833534411519125
8.918776817000001,4.9833534411519125
8.918790669,4.9833534411519125
8.919057155,5.012624707102959
8.919078289,5.012624707102959
8.919093662,5.012624707102959
8.919104862000001,5.012624707102959
8.919128189,5.00379473735127
8.919138902,5.00379473735127
8.920062043,5.00379473735127
8.923415345,4.984614267003553
8.924436765000001,4.984614267003553
8.924457129,4.984614267003553
8.924470772000001,4.956101172079571
8.924483535,4.956101172079571
8.925384107000001,4.956101172079571
8.925408801,4.93338955158922
8.926245249,4.93338955158922
8.926258805,4.93338955158922
8.926996681,4.941972382718827
8.928003572,4.941972382718827
8.928017048000001,4.941972382718827
8.928853346,4.947773857152456
8.929644042000001,4.947773857152456
8.930008394,4.947773857152456
8.931564429,4.947773857152456
8.931585059000001,4.9293557466220115
8.931598956,4.9293557466220115
8.932790324,4.9293557466220115
8.933504827,4.921782413931757
8.934713886,4.921782413931757
8.935339761,4.9747747988125095
8.936895124000001,4.9747747988125095
8.939402620000001,5.002785238911916
8.940878649,5.002785238911916
8.941550929,4.984618455793758
8.943160968,4.984618455793758
8.945368206000001,5.034326829153957
8.946236578,5.034326829153957
8.948977258000001,5.101954847010234
8.950370256000001,5.101954847010234
8.952795795,5.185981978518249
9.074225983,5.185981978518249
9.074241645,5.17664516515178
9.074252253000001,4.96014335462719
9.074262354,4.838773158443505
9.074272052000001,4.737333226054194
9.074282093,4.659107568979807
9.075509747,4.57306562938329
9.075525492,4.628579665967324
9.075536118,4.76408284030196
9.075545026,4.890249201270126
9.076808437,4.989414620578238
9.076824684,5.10321986165208
9.076835903000001,5.1153296541341176
9.077943392,5.05477231414352
9.077959174,5.014647892771872
9.077970089,4.948284889557441
9.078443201,4.908164656975996
9.078486665,4.852650620391962
9.079635287,4.87309191659132
9.079680692,4.899334687224306
9.079694305,4.872585072976541
9.080787572,4.959138044978042
9.080803730000001,5.033824174329384
9.080817555000001,5.0224725528744125
9.083235213,5.011120931419441
9.083249427,5.031809366240881
9.083259344,5.015406063798937
9.083269071,4.949545715409081
9.083278655,4.913714803997339
9.083288176,4.930876277466348
9.083296512,4.910690497469483
9.084366489,4.912202650733411
9.084382807,4.974783176392919
9.085766619000001,5.003798926141474
9.085804545,5.010614087804662
9.085815281,5.072432253646899
9.085824167,5.072432253646899
9.08743388,5.072432253646899
9.087451387,4.963418988567334
9.087463586,4.963418988567334
9.087475504,4.963418988567334
9.087490644,4.978054621542857
9.089279042000001,4.978054621542857
9.08929675,4.978054621542857
9.089308433000001,5.021454676854648
9.089320346000001,5.021454676854648
9.089330668,5.021454676854648
9.089883123,5.017165355684948
9.089895999000001,5.017165355684948
9.090573482,5.017165355684948
9.092746417,5.006819043879126
9.094028638000001,5.006819043879126
9.094042025,5.006819043879126
9.096026108,4.966698811297681
9.096042421,4.966698811297681
9.096932812,4.967959637149322
9.097743112,4.967959637149322
9.098280683,4.967959637149322
9.099811648000001,4.874599881065044
9.100450837,4.874599881065044
9.101691977,4.874599881065044
9.10256187,4.881159526525738
9.102576200000001,4.881159526525738
9.103678586000001,4.881159526525738
9.103941849,4.881159526525738
9.104933632,4.926075923891664
9.105744403000001,4.926075923891664
9.106610797,4.926075923891664
9.107174901,4.917245954139973
9.108291374,4.917245954139973
9.108586389000001,4.917245954139973
9.108954555,4.963171849945251
9.109563232000001,4.963171849945251
9.110713766,4.963171849945251
9.111213289,5.009851727987391
9.112360714000001,5.009851727987391
9.112597397,5.009851727987391
9.113147276000001,5.005562406817689
9.113813506000001,5.005562406817689
9.114763337000001,5.005562406817689
9.114786138000001,5.005562406817689
9.117506367,5.0174250606776445
9.118091426000001,4.994968956389785
9.121434478000001,4.982352320292968
9.122152304,4.977807482920775
9.125680712000001,4.974778987602715
9.126245862000001,4.974778987602715
9.1290309,4.965949017851025
9.130063423000001,4.965949017851025
9.132034786,4.949545715409081
9.133732216,4.949545715409081
9.13652076,4.94525639423938
9.137691996000001,4.94525639423938
9.14081486,4.974025005365853
9.143263232,4.96115704185675
9.144719783000001,4.96115704185675
9.147331037,4.96241786770839
9.148397268,4.96241786770839
9.151346423000001,4.959640699802616
9.152428206,4.9752858312174935
9.155370125000001,4.978565653947841
9.156775597000001,4.973011318136295
9.275798173,4.97250866331172
9.275828369000001,4.982854975117542
9.275851849,4.953835036578782
9.278172215000001,4.970238339020726
9.278218896,5.012126241068589
9.278252421000001,4.986888780084752
9.278289747,4.966200345263312
9.278323909000001,4.9672098437026655
9.278361274,4.9707409938453
9.283657067,4.932639758142564
9.283700660000001,4.935664064670419
9.283730339,4.933138224176933
9.283760577,4.921786602721962
9.283788573,4.896297814325837
9.283809231000001,4.915976750707923
9.284901527,4.927583888365386
9.286564830000001,4.908407606807874
9.286598960000001,4.92682571733832
9.286622247,4.975780108461659
9.286648029,4.966698811297681
9.286678896,4.962158162715693
9.288342503,4.945252205449175
9.288385908,4.971997630906737
9.288429075,4.962158162715693
9.288447425000001,4.925569080276884
9.288460332000001,4.9495415266188765
9.289383841000001,4.944494034422108
9.290775427,4.964428487006687
9.290788912,4.936170908285198
9.290798699,4.953328192964004
9.291951905000001,4.930616572473651
9.291979662000001,4.887970499398722
9.292002479,4.934403238818779
9.292020863000001,4.926834094918729
9.296987617000001,4.914217458821912
9.29701355,4.931123416088431
9.2980847,4.931123416088431
9.298112409,4.931123416088431
9.298135955000001,5.029773614201355
9.298945135,5.029773614201355
9.299648022000001,5.029773614201355
9.299688127000001,5.029773614201355
9.300239738,5.08301313770419
9.300262292000001,5.08301313770419
9.301837037,5.08301313770419
9.301865947000001,5.109762751951955
9.301889579000001,5.109762751951955
9.301908167,5.109762751951955
9.303477827,5.123640213900413
9.30351748,5.123640213900413
9.303541615,5.123640213900413
9.303567318,5.123640213900413
9.304991251,5.084026824933749
9.305032344,5.084026824933749
9.305055005,5.084026824933749
9.305081111,5.084026824933749
9.305104662,5.013877155374191
9.306187042000001,5.013877155374191
9.30621951,5.013877155374191
9.306244802,5.013877155374191
9.30797551,4.907896574402891
9.308006225,4.907896574402891
9.308025005000001,4.907896574402891
9.308593544,4.806205314601291
9.308630227,4.806205314601291
9.308936359,4.806205314601291
9.312893092000001,4.806205314601291
9.312917095000001,4.721675528268702
9.312936426,4.721675528268702
9.312955423,4.721675528268702
9.314198032,4.721675528268702
9.314230976000001,4.698963907778349
9.314253106,4.698963907778349
9.314275045,4.698963907778349
9.315712936,4.698963907778349
9.315744024,4.77415688074447
9.315766031,4.77415688074447
9.316210092,4.77415688074447
9.318183803,4.845064721331094
9.318210792,4.845064721331094
9.318629187,4.941457161523639
9.320151299,4.941457161523639
9.322462153,5.074187356742705
9.325521389,5.083017326494395
9.32671926,5.083017326494395
9.327887609000001,5.046679571467873
9.329771565,5.046679571467873
9.331822889000001,5.014128482786478
9.333850837,4.958618634992648
9.336063433000001,4.908910261632449
9.338879507000001,4.908910261632449
9.340259884,4.901341117732399
9.343008965000001,4.943229019780263
9.345375079,4.948783355591811
9.346910543,4.948783355591811
9.347825732,4.935659875880214
9.350528522000001,4.935659875880214
9.352113977,5.006065061642263
9.354058923,5.006065061642263
9.356713606000001,4.994202407782309
9.358734249000001,4.994202407782309
9.360861208000001,5.040886474614653
9.362050023,5.052238096069624
9.483052742,5.052238096069624
9.483069703,5.039122993938438
9.483081402,5.029781991781764
9.483094923000001,5.029781991781764
9.483105667,5.026753496463704
9.483116325000001,4.966191967682903
9.484069934,4.969220463000963
9.484086205,4.9283420593924525
9.484096645000001,4.910677931098868
9.485540778,4.861979056178021
9.485556159,4.85466123969026
9.486689615000001,4.8647520352935905
9.486706389,4.854405723487767
9.486718496,4.9114361021259345
9.4872618,4.958622823782854
9.487276452000001,4.966950138709969
9.489035787,4.968210964561609
9.489051177,4.979818102219072
9.489061366000001,4.959628133432003
9.489071617,4.936413858117076
9.489965250000001,4.973761111582951
9.489980937,4.92859338680474
9.489991755,4.93036105627116
9.492072845000001,4.916986249147277
9.492091999000001,4.971235271089465
9.492105061,4.9709839436771786
9.492117907,4.943229019780263
9.492131281,5.001516035479866
9.492365606,5.009592022994695
9.49391224,4.980823411868221
9.49392662,4.967452793534544
9.494127179000001,4.979562586016581
9.49414142,4.956096983289367
9.498833124,4.9063886099291665
9.498858299,4.92682571733832
9.498872924,4.92682571733832
9.498886733,4.92682571733832
9.498900382,4.979064119982211
9.498914595,4.979064119982211
9.498930545,4.979064119982211
9.499861865,4.979064119982211
9.499884645,4.945000878036888
9.499897335,4.945000878036888
9.502258201,4.945000878036888
9.505709458,4.945000878036888
9.505722605,4.988656449551172
9.506973432,4.988656449551172
9.506987742,4.943740052185247
9.506998202,4.943740052185247
9.507990591,4.943740052185247
9.509042287,4.984869783206045
9.510006054,4.984869783206045
9.510761780000001,4.984869783206045
9.510778871000001,5.003539221148778
9.512091681000001,5.003539221148778
9.512109525000001,5.003539221148778
9.512118967000001,4.997737746715148
9.512127879000001,4.997737746715148
9.512136763,4.997737746715148
9.512724058,5.008084058520971
9.512744322000001,5.008084058520971
9.514287144,5.008084058520971
9.514301586,4.980831789448631
9.516247539,4.980831789448631
9.51626315,4.980831789448631
9.516861139000001,4.931877398325292
9.517304661,4.931877398325292
9.518248709,4.931877398325292
9.518308168,4.9079049519833
9.518823691000001,4.9079049519833
9.518868151000001,4.9079049519833
9.519789011,4.9079049519833
9.521636611,4.883936694431513
9.521660625,4.883936694431513
9.521672418000001,4.883936694431513
9.522707424,4.883936694431513
9.523298558,4.867282064577281
9.523943702,4.867282064577281
9.523974670000001,4.867282064577281
9.524643396,4.912952444180067
9.524666345,4.912952444180067
9.528716869,4.928346248182657
9.52872696,4.928346248182657
9.531989833,4.961148664276339
9.532591352,4.961148664276339
9.535977979,4.994457923984801
9.536895536000001,4.972001819696941
9.537951746000001,4.972001819696941
9.540082881,4.975281642427289
9.542367317,4.933393740379425
9.544529386,4.933393740379425
9.545832809,4.982348131502763
9.548656155,4.982348131502763
9.5506715,4.97957096359699
9.551763179,4.97957096359699
9.553712209,4.982096804090476
9.555755560000001,4.932639758142564
9.557734337000001,4.945005066827093
9.560952516,4.916743299315399
9.563453018,4.9202744494580335
9.564210899,4.9202744494580335
9.688139060000001,4.9389480761909725
9.688157141000001,4.9389480761909725
9.688169483000001,4.989414620578238
9.688180956,5.072683581059187
9.688192296,5.0731904246739665
9.688203924,5.124415140088299
9.688213909,5.155198559303273
9.689380702000001,5.153937733451633
9.689406857,5.149899739694219
9.689422921,5.1100308345250625
9.691122374,5.0853002171560036
9.691137317,5.054516797941028
9.691147235,4.999258277559486
9.691156918,4.955606894835407
9.691166559000001,4.935923769663116
9.691927599000001,4.864764601664205
9.691941339000001,4.795377291921918
9.692993776,4.7580300384560426
9.693008181,4.702009158257229
9.693018167,4.711345971623698
9.694799909,4.774429152107781
9.694820108,4.949801231611573
9.694853411,5.023482051313766
9.694865228000001,4.9768021732716266
9.694875246,5.029032198335108
9.696440024000001,4.999258277559486
9.696456741,4.9886606383413765
9.696466508,4.928857280587641
9.696476137000001,4.916244833281029
9.698314398,4.87309191659132
9.698346546,4.85895893844037
9.698363341,4.859717109467437
9.69841997,4.922548962539232
9.698461981000001,4.890500528682412
9.700420296,4.935672442250829
9.700440779000001,4.97427633277814
9.700454226,4.97427633277814
9.700466904,4.97427633277814
9.700477620000001,5.023473673733356
9.700490582,5.023473673733356
9.701880476000001,5.023473673733356
9.701899339,4.981585771685492
9.701909081,4.981585771685492
9.701918719,4.981585771685492
9.701927042000001,4.999249899979077
9.703080563,4.999249899979077
9.703099544,4.999249899979077
9.703112698,4.981585771685492
9.703498585,4.981585771685492
9.70351634,4.981585771685492
9.706617241,4.981585771685492
9.707357053,4.9495415266188765
9.710008084,4.9495415266188765
9.710022513,4.922037930134248
9.710366158000001,4.922037930134248
9.71105348,4.926829906128524
9.711067259,4.926829906128524
9.712064189000001,4.926829906128524
9.712971224,4.951309196085296
9.713932022,4.951309196085296
9.715094906000001,4.951309196085296
9.715113454,4.981083116860917
9.715340739,4.981083116860917
9.715353933000001,4.981083116860917
9.716247111000001,4.9997567435938555
9.716961819,4.9997567435938555
9.717571669,4.9997567435938555
9.719696579,4.96720565491246
9.72056893,4.96720565491246
9.721667672,4.96720565491246
9.721726278,4.969727306615742
9.722043647000001,4.969727306615742
9.722591871,4.969727306615742
9.722948917,4.969727306615742
9.723413063,4.955343001052506
9.724009513,4.955343001052506
9.724822868,4.955343001052506
9.725459526,4.955343001052506
9.72624347,4.90916577783494
9.72716662,4.90916577783494
9.727218693000001,4.90916577783494
9.728457364,4.939953385840121
9.730320869,4.939953385840121
9.73234901,4.904122474428378
9.733866981,4.904122474428378
9.735694883,4.906392798719371
9.740248900000001,4.879140529647032
9.740542333,4.879140529647032
9.743154428,4.858447906035387
9.744095635,4.889235514040567
9.747070729,4.889235514040567
9.747780692000001,4.901349495312809
9.749793802000001,4.9798222910092775
9.751896966,4.9798222910092775
9.755235945,4.976797984481421
9.755999223,5.032312021065455
9.757875549000001,5.055777623792669
9.760313766000001,5.0431609876958525
9.762956238000001,5.020193851003008
9.764591396,5.006567716466838
9.765933574,5.006567716466838
9.768071706,4.956352499491859
9.770138915,4.956352499491859
9.853944939,4.921782413931757
9.853964313,4.932384241940071
9.853977169,4.989917275402812
9.853988958,5.05400995432625
9.854004323,5.084793373541224
9.854015308000001,5.078233728080528
9.855519637,5.1592323642704825
9.855534357,5.1471225717884455
9.855544174,5.151918736572926
9.855553737000001,5.145103574909739
9.857285097,5.1345017469014245
9.857304312,5.071422755207546
9.857316677,5.027009012666196
9.857330321000001,5.018179042914506
9.857340028000001,4.947271202327882
9.857765859,4.925824596479376
9.859193718,4.854665428480464
9.859217962,4.8185790008662295
9.859241356,4.742883373075535
9.859266416,4.678283850537319
9.86090706,4.7269869142483705
9.860922271,4.744902369954242
9.860933284000001,4.824133336677777
9.86094381,4.991433617456945
9.863263704000001,5.1304679419342145
9.863279017,5.084793373541224
9.863289114,5.054512609150823
9.863299683000001,5.007832731108683
9.863309085000001,4.949043060584507
9.863318568,4.901605011515301
9.863326674000001,4.8448259602894215
9.865498236,4.860977935319078
9.865509441,4.851641121952609
9.865520441000001,4.875110913470027
9.865532964,4.992698632098791
9.865543993000001,5.035089188971229
9.865553656000001,5.035089188971229
9.865564672000001,5.035089188971229
9.867292455000001,4.904880645455443
9.867364797,4.904880645455443
9.867422297000001,4.904880645455443
9.867433008,4.9626650063304725
9.86744376,4.9626650063304725
9.868458789,4.9626650063304725
9.868517884000001,4.9336492565819166
9.868537304,4.9336492565819166
9.870898575,4.9336492565819166
9.870973732000001,4.9336492565819166
9.870996415,5.010609899014457
9.871705247000001,5.010609899014457
9.872555954000001,4.998500106532419
9.874080514000001,4.998500106532419
9.898099496,4.97604400224456
9.898129886000001,4.955351378632915
9.900224522,4.955351378632915
9.900244496000001,4.971499164872367
9.900261644,5.018438747907203
9.900273812,5.018438747907203
9.900297328,5.017680576880137
9.90033418,5.070920100382971
9.900344114000001,5.083536736479788
9.900422714000001,5.103475377854572
9.90144192,5.146372778341789
9.902195811,5.113570362248106
9.902250142,5.0984320744480085
9.904409866,5.062852490448553
9.907755079000001,5.029291903327804
9.908067597,4.971256215040489
9.90875887,4.910187842644908
9.910026511,4.910187842644908
9.912212176,4.90211185513008
9.913959542,4.90211185513008
9.917298099,4.797898943625199
9.918847398,4.750460894555994
9.921038134,4.752982546259275
9.924414111,4.877129910348734
9.925421718,4.877129910348734
9.939062377,5.0789960878978
9.939099140000001,5.0789960878978
9.939140886,5.106751011794715
9.939536630000001,5.046189483013913
9.939565453,5.014647892771872
9.94251785,4.913966131409627
9.942553033000001,4.91851096878182
9.942575557000001,4.82211433979907
9.943244352,4.795620241753796
9.944244109000001,4.795620241753796
9.946890096,4.825645489941705
9.948589219,4.825645489941705
9.951079506000001,4.944494034422108
9.952015521,5.019946712380926
9.954193409,5.019946712380926
9.956190373,5.024738688375201
9.958077374,4.95585403345749
9.961593378,4.984869783206045
9.963627949000001,4.961148664276339
9.964385334000001,4.961148664276339
9.966460601000001,4.910682119889073
9.96880262,4.949290199206589
9.970499991,4.949290199206589
9.972121562,4.951309196085296
9.973861866,4.992941581930669
9.976901669,5.027260340078484
10.045477119000001,4.994457923984801
10.045496792,4.976793795691217
10.045531107,4.994457923984801
10.045550362,4.9952119062216624
10.045565103000001,4.999505416181568
10.045579195,5.0381134954990845
10.047059914,5.073441752086253
10.047075790000001,5.101954847010234
10.047087193000001,5.146871244376158
10.047096276000001,5.192043157944575
10.048912657,5.1854793236936745
10.048928868,5.200873127696265
10.048939974000001,5.2074327731569605
10.048950759,5.128708650048204
10.049354749,4.991437806247149
10.04937615,4.910439170057195
10.051010285,4.851900826945306
10.052285422,4.887983065769336
10.052303878,4.856944130351868
10.052321446,4.866280943718337
10.052332957,4.834236698651721
10.053448097,4.796135462948984
10.053467531,4.837516521382069
10.053481923000001,4.824648557872965
10.055777018,4.887229083532474
10.055795968,4.954852912598546
10.055813351000001,5.042411194249196
10.055827407,5.0361070649909925
10.055837877,5.013902288115419
10.055855582000001,5.007845297479299
10.057446104,4.975549725000395
10.057474410000001,4.951325951246115
10.057490071,4.920287015828648
10.058606665000001,4.941226778062376
10.058650429,4.945013444407502
10.058668823000001,4.915235334841676
10.060414385000001,4.961915212883815
10.06043371,4.961915212883815
10.060449063,4.9765508458593395
10.060463884,4.9765508458593395
10.060478153,4.96595320664123
10.061643125,4.96595320664123
10.064707985,4.958886717565755
10.065250934,4.964441053377302
10.066413717000001,4.964441053377302
10.068536684000001,4.965195035614163
10.070274749000001,4.965195035614163
10.073744580000001,4.954848723808341
10.07561034,5.003044943904613
10.077627473000002,5.039131371518848
10.078775105,5.09565071775203
10.07994908,5.120632662533376
10.110245498000001,5.185734839896167
10.110284767000001,5.170341035893577
10.110308715,5.2195425656389975
10.112492818,5.189010473836309
10.112523248,5.096656027401179
10.112553466000001,5.100949537361085
10.112580593,5.020202228583418
10.112610999000001,4.954090552781274
10.112638776,4.918762296194107
10.112876356000001,4.92280028995152
10.115742099,4.849370797661615
10.115772367,4.829180828874544
10.115802157000001,4.851892449364896
10.115823565000001,4.839527140680366
10.116357266000001,4.8612292627313645
10.116387099,4.882173213755297
10.117097665000001,4.915478284673553
10.117124943,4.915478284673553
10.118411526000001,4.926582767506442
10.121403279,4.926582767506442
10.122478222,4.9962255934512205
10.124768464,4.9962255934512205
10.126561907000001,4.9901686028151
10.128385562,4.9901686028151
10.129934411,5.00379473735127
10.131810058000001,5.00379473735127
10.134703111,4.9641771595944
10.135758975,4.962158162715693
10.137785298,4.952063178322158
10.141948892,4.928848903007232
10.144304419000001,4.933645067791712
10.144707473,4.908160468185791
10.145911089,4.908160468185791
10.148481721000001,4.885955691310218
10.14989967,4.885955691310218
10.153181518,4.945000878036888
10.154143063000001,4.928346248182657
10.157733596,4.982603647705256
10.158347949000001,4.9470240637058
10.159696608,4.9210326204851
10.162980735000001,4.9760398134543555
10.163776746,4.965442174236246
10.165781857,4.965442174236246
10.167736818,4.954840346227932
10.170341084,4.954840346227932
10.171670411000001,4.984618455793758
10.173651775000002,4.984618455793758
10.176146192000001,5.025496859402268
10.178316892,4.995216095011867
10.181400723000001,4.999254088769281
10.212058330000001,4.9629163337427595
10.212094496,4.963925832182112
10.212120891000001,4.973513972960869
10.212146149,4.9293557466220115
10.212180332,4.935412737258132
10.212211317000001,4.930365245061364
10.213143405,4.91749728155226
10.213185959,4.945000878036888
10.213217171,5.005055563202911
10.213249933,5.015908718623512
10.215666030000001,4.996983764478287
10.215725990000001,5.0512369752106805
10.215753614,5.05400995432625
10.215781039000001,5.07546074896496
10.215804901,5.138041274624468
10.216157791,5.132491127603127
10.217212700000001,5.138041274624468
10.217260085000001,5.103471189064367
10.218341397000001,5.103471189064367
10.221957616000001,5.066626590423066
10.222785293000001,5.066626590423066
10.225132319,4.9339005839942045
10.226243315000001,4.9339005839942045
10.228361998,4.781235936190559
10.230100248000001,4.781235936190559
10.232102617,4.682573171707021
10.233944984,4.682573171707021
10.266797717000001,4.8248915077048435
10.266826080000001,4.92329875598589
10.266856849,5.042402816668786
10.266869561,5.062085941841078
10.266887055,4.9964769208635085
10.266937686,4.99142942866674
10.266948658,4.937180406724552
10.266962419,4.938441232576192
10.268175823,4.881666370140517
10.268231865,4.9288530917974365
10.268241753,4.922544773749028
10.268253349,4.930113917649077
10.269206221000001,5.005055563202911
10.269274742,5.023729189935848
10.269304456,5.039881164965505
10.269983179,5.009604589365308
10.270583865,5.01338706692023
10.271084803,5.01338706692023
10.272516781,4.994210785362719
10.274072392,4.994210785362719
10.275890217,4.90514035044814
10.278291653,4.888737048006197
10.281159997000001,4.882177402545501
10.282365027,4.930373622641773
10.284150163000001,4.930373622641773
10.288155429000001,4.960905714444462
10.288650683,4.984371317171676
10.289961691,4.984371317171676
10.29220706,4.990930962632371
10.29408248,4.989921464193017
10.296242625000001,4.979575152387195
10.298201142,4.992694443308586
10.304293857000001,4.948284889557441
10.304971179,4.978058810333062
10.305000475,4.997741935505353
10.306038029,4.997741935505353
10.307929626,5.008088247311176
10.309910812,5.008088247311176
10.313074545000001,5.001779929262767
10.314295779,4.978310137745349
10.316710673000001,4.982096804090476
10.318038378,5.0045529083783356
10.322487237,5.055526296380382
10.323075003000001,5.088835556088844
10.324328573,5.145861745936805
10.326380142000001,5.145861745936805
10.327845191,5.173114015009145
10.330028559,5.173114015009145
10.333238104000001,5.1824508283756145
10.33519922,5.010861226426744
10.337308851000001,4.891505838331561
10.339072478,4.797639238632502
10.343735734000001,4.739854877757474
10.343806520000001,4.676013526246326
10.346720224,4.692416828688268
10.346744021000001,4.692416828688268
10.350523472,4.801170388775137
10.351075651,4.801170388775137
10.352017823,5.001017569445496
10.353905568,5.1347530743137115
10.356355932000001,5.074949716559976
10.358536482,5.023473673733356
10.360743718,5.023473673733356
10.363183229,4.956356688282064
10.364131148,4.956356688282064
10.369434708,4.814293868486733
10.369688868,4.814293868486733
10.372747330000001,4.824640180292556
10.372773623,4.824640180292556
10.375912679,4.952570021936937
10.376740084000001,4.952570021936937
10.377795385,5.053251783299182
10.381689603,5.053251783299182
10.382481420000001,5.031302522626102
10.38579086,5.031302522626102
10.417151657,4.930365245061364
10.417183664000001,4.930365245061364
10.417209304,4.959636511012412
10.417233947000001,4.969475979203454
10.417258366,4.9641771595944
10.4172781,4.990671257639674
10.417298403,4.985623765442906
10.417855133,4.985623765442906
10.41788904,4.979319636184703
10.419634368,4.9376830615491265
10.419663587,4.9243082544252434
10.419692673,4.976286952076437
10.420995144,4.966698811297681
10.421030908,4.981083116860917
10.42105905,4.981083116860917
10.421635647,5.047697447487637
10.421662205,5.027009012666196
10.42302313,5.05173544124505
10.423641432,5.05173544124505
10.424252179,5.062337269253364
10.42676028,5.062337269253364
10.428079079000002,5.0550194527656025
10.430575016,5.0550194527656025
10.43340384,5.074698389147689
10.434365942000001,5.008590902135751
10.436143312,4.9707409938453
10.439893757,4.885453036485645
10.469161665000001,4.885453036485645
10.469193954000001,4.800923250153055
10.469221062,4.738853756898531
10.471095651,4.74945139611664
10.471127701,4.8420571699640576
10.471150202,4.8420571699640576
10.471178723000001,4.977309016886405
10.471200819,5.002542289080038
10.471222547,5.0146562703522815
10.472639811,5.008347952303873
10.474032997,4.958132735328893
10.474057407,4.928610141965559
10.475361074,4.9053958666506325
10.475400871000002,4.917761175335162
10.475448737,4.89681722431123
10.476325252,4.907670379731831
10.476889896000001,4.959146422558452
10.476946932,4.9553597562133245
10.477689329,4.9553597562133245
10.478975017,4.948800110752629
10.481503047,4.948800110752629
10.484147143000001,4.977815860501185
10.484854304,4.977815860501185
10.486033755000001,4.910946013671975
10.489055357,4.910946013671975
10.490190858,4.904130852008787
10.491981492,4.935421114838541
10.493950741,4.96418553717481
10.496106557000001,4.943999757177944
10.49937579,4.954597396396054
10.500027055,4.954597396396054
10.504271379,4.990935151422576
10.506076601,4.968474858344511
10.506503567000001,4.968474858344511
10.507943734000001,4.97831851532576
10.509902321,4.97831851532576
10.512046739,4.982859163907747
10.513881016000001,4.990428307807797
10.515956406,4.973773677953566
10.518903516,4.970493855223219
10.520071772000001,4.970493855223219
10.522282544000001,4.970996510047792
10.524042694,4.970996510047792
10.526010277000001,4.948033562145153
10.528341320000001,4.948033562145153
10.531907310000001,4.950048370233656
10.533446303,4.930369433851569
10.534162448,4.921283947897388
10.536257253,4.921283947897388
10.538069437,4.949797042821369
10.543963884,4.968721996966593
10.544903038000001,4.984869783206045
10.544923623,5.020198039793213
10.547385777,5.020198039793213
10.548189089000001,5.006316389054551
10.550623551000001,5.006316389054551
10.552179833,5.05224228485983
10.553921413000001,5.047701636277841
10.556100755000001,5.033070192092522
10.558059807000001,5.033070192092522
10.561777434000001,5.054018331906659
10.562753772,5.045184173364764
10.564023987,5.034586534146655
10.56608269,5.034586534146655
10.567766214,4.956109549659982
10.570036999000001,4.920278638248239
10.572119141,4.910439170057195
10.573863488,4.910439170057195
10.575635954000001,4.885708552688136
10.578025137000001,4.927345127323713
10.580968314000001,4.923558460978587
10.582321916000001,4.946270081468938
10.584377175,4.946270081468938
10.587570509,5.007082937662027
10.588421910000001,5.007082937662027
10.5904805,5.014652081562076
10.621622661,4.9967366258562045
10.621650675000001,5.007841108689093
10.621681884000001,4.972010197277351
10.621693508,4.987152673867653
10.621728873,4.978569842738046
10.621765797,4.975038692595412
10.622750423000001,4.949047249374711
10.622786138,4.949051438164917
10.622804039,4.889750735235755
10.622821529000001,4.889754924025961
10.626882933000001,4.920287015828648
10.626895427000001,4.9099407040228265
10.626906625,4.926092679052482
10.626917724,4.943505479933779
10.626929376000001,4.966468427836419
10.627125541,4.936945834473084
10.627435927,4.928869846958256
10.627469741,4.985137865779151
10.628346488,4.985393381981643
10.635463053,4.982616214075869
10.636307556,5.00153697943089
10.636325721,5.017437627048259
10.636789199,5.017437627048259
10.637975272,5.036613908605772
10.640935205,5.036613908605772
10.642488360000002,5.063870366468316
10.644409936,5.063870366468316
10.675060499,5.0785059994438395
10.675081139000001,5.0785059994438395
10.675092084000001,5.091880806567723
10.675102579,5.002550666660448
10.675112977000001,4.9561221160305955
10.675126149,4.889252269201386
10.676268871000001,4.7931153452113335
10.676297329,4.76485357769964
10.676308534,4.799423663259742
10.676323579,4.8180972899926795
10.677050353,4.846107730092085
10.678228337,5.0333382746656286
10.678297404,5.085823815931601
10.678317638000001,5.067150189198664
10.678330775000001,5.018195798075325
10.679054622,4.9899340305636315
10.680555797,4.915495039834372
10.680943541000001,4.880170972037409
10.682206862000001,4.880170972037409
10.685948900000001,4.882441296328404
10.686382103000001,4.882441296328404
10.689924381,4.84661038491666
10.690412918,4.84661038491666
10.693572102000001,4.932907840715669
10.694201109000002,4.932907840715669
10.696137629,4.907925895934324
10.697965396,4.911712562279451
10.701196331,4.84837805438308
10.701976859,4.855947198283129
10.704670626,4.855947198283129
10.706786568,4.915495039834372
10.707976126,4.915495039834372
10.709754062,4.855695870870842
10.713166333,4.970003766769258
10.714948801,4.931399876241946
10.717371389,4.917266898090997
10.718296119000001,4.917266898090997
10.720583212000001,4.9773215832570195
10.722178340000001,4.965215979565187
10.724202601,4.99927922151051
10.726232892,4.99927922151051
10.728079589,5.032839808631259
10.730240627,4.975817807573502
10.731723927,4.975817807573502
10.734904101000001,5.017450193418874
10.736101265,4.946039698007675
10.737753793000001,4.927114743862449
10.743179770000001,4.932413563471505
10.743210727000001,4.913739936738567
10.744152551,4.903900468547524
10.745915416,4.903900468547524
10.747801734000001,4.975562291371009
10.750249796,5.018204175655735
10.751787122000001,5.08154287234231
10.754127993,5.078769893226742
10.755818315,5.085580866099724
10.760445749,5.065143758690571
10.762123591,5.045716149720772
10.762669181000001,4.981367954594843
10.763886811,4.91828477411076
10.767231752,4.91828477411076
10.768320414000002,4.891036693828625
10.770144801,4.891036693828625
10.772109033000001,4.862016755289864
10.775592704000001,4.91879161772554
10.776233332,4.96269851665211
10.777789791,4.956138871191414
10.780851881,4.973802999484999
10.78323151,5.0055959171393285
10.784226884,5.0055959171393285
10.785748633,4.962949844064398
10.787666517,4.892046192267978
10.79002704,4.885235219394995
10.791722789000001,4.886747372658924
10.794447003,4.925858106801015
10.796296454,4.940493739776538
10.798212241,4.925858106801015
10.800308413000002,4.904914155777083
10.804603184000001,4.920810614604247
10.804951304000001,4.920810614604247
10.806024347000001,4.928635274706788
10.807663891,4.928635274706788
10.809641082,5.006354088166394
10.812120486000001,5.035872492739524
10.814239369000001,5.008620223667183
10.816510332,4.998022584449074
10.818155986,4.975059636546435
10.819665674000001,4.9253512631862355
10.822391230000001,4.932162236059217
10.823810085,4.938470554107626
10.825870006,4.938470554107626
10.827774627,4.916261588441849
10.833823196,4.948305833508465
10.834211817,4.992212732435036
10.834626229000001,4.977070255844732
10.836168747,5.013156683458967
10.837716111,5.04898759487071
10.839891858000001,5.056808066183047
10.842230258,5.080026530288177
10.844137857000002,5.090121514681712
10.846047945,5.090121514681712
10.847727966,5.09340133741206
10.849671930000001,5.09340133741206
10.8516486,5.07977520287589
10.853643836,5.003572731470416
10.855615043,4.965722823179966
10.858637302,4.953106187083149
10.860585041,4.953106187083149
10.862241841000001,4.940238223574046
10.863770939,4.940238223574046
10.865788302,4.889520351774492
10.869489932,4.889520351774492
10.870442076000002,4.795146908460655
10.871646160000001,4.835267141042099
10.873861217,4.910208786595932
10.87626973,4.905161294399165
10.877708523,4.905161294399165
10.87991792,4.9793489577161365
10.882711979000002,5.009881049518825
10.883880375,4.9500818805552935
10.885715346000001,4.9500818805552935
10.887821677,4.93544624757977
10.889685206000001,4.93544624757977
10.891670170000001,4.841830975292999
10.893880129000001,4.874888907589173
10.895663056,4.861007256850511
10.897702653000001,4.861262773053004
10.900916496,4.9500818805552935
10.902658119,4.972542173633359
10.904614384,4.972542173633359
10.905827408,4.900880350809873
10.907758885,4.900880350809873
10.9102697,4.927625776267433
10.912035652,4.886240529044144
10.913948646000001,4.936962589633904
10.915700019,4.953868546900421
10.917893804,4.945796748175797
10.921135179,4.949583414520925
10.922451256,4.986168308169528
10.924189829000001,4.985414325932667
10.925782732,4.985414325932667
10.927716901,4.971788191396496
10.930469877,4.99702146359013
10.931945211,4.99702146359013
10.934207168,4.9674988702267955
10.935678502,4.985916980757241
10.937800638,5.005600105929533
10.939837852,5.0053445897270405
10.943142210000001,4.9881873050482355
10.943991985,4.9965146199753505
10.945814697000001,4.9965146199753505
10.948215211,4.939739757539677
10.950317801,4.939739757539677
10.951855482000001,4.964214858706243
10.953799779,4.938981586512609
10.955738112,4.981376332175253
10.958062254000001,5.0182167420263495
10.961219619000001,5.040421518901922
10.962834558,5.058081458405302
10.964643178000001,5.058081458405302
10.965709454,5.087859567971128
10.967703214,5.050767830707744
10.969681349,5.04975833226839
10.971842967,5.04496216748391
10.973639023,4.946299403000372
10.975771487000001,4.911226662615695
10.977636298,4.873125426912958
10.979774103,4.838304013940569
10.982253892000001,4.787330625938523
10.983905624,4.787330625938523
10.987251806000002,4.839313512379922
10.988317559,4.922833800273159
10.989731495000001,4.9089563383247015
10.992152755000001,4.9089563383247015
10.995140916,4.9977796346171965
10.996792571,4.86378861354649
10.997813796,4.86378861354649
11.000092723,4.819885903410124
11.002769716000001,4.805501597846887
11.004240218000001,4.813326257949428
11.005796082,4.813326257949428
11.007862776000001,4.94605226437829
11.009853163,4.913249848284607
11.011823184,4.8708592914121684
11.015200566,4.890538227794256
11.016341277,4.844109677164402
11.021256109000001,4.776737175510618
11.021323463,4.855461298619374
11.023372719000001,4.853697817943159
11.024236457,4.853697817943159
11.025824700000001,4.792126790723003
11.028773683,4.908453683500127
11.030472178,4.908453683500127
11.031831519,4.945042765938936
11.033712307,4.962702705442315
11.036522456,5.031084705535453
11.038016199000001,5.0040837638754
11.040832592000001,4.9682528524636576
11.043187626,4.936459934809329
11.044411552000001,4.936459934809329
11.046280443,4.974816686714558
11.04828367,4.974816686714558
11.050049892,4.950844240372565
11.051770136,4.950844240372565
11.055765765,4.986926479196596
11.057969979000001,4.998533616854058
11.058637899,5.038402522023215
11.059850569,5.0515260017348105
11.063052964,5.114357854806606
11.063854051,5.114357854806606
11.067170978,5.1188985033885945
11.068241371000001,5.1188985033885945
11.070476376,5.1022438735343645
11.073758541,5.044459512659336
11.074902679000001,4.9293934457338535
11.075940262000001,4.914255157933756
11.077830753,4.88876636953763
11.080108759,4.840318822029071
11.0820203,4.81886802739036
11.08425759,4.81886802739036
11.085863137,4.839057996177431
11.087783398000001,4.839057996177431
11.090893657,4.901127489431955
11.091891538,5.055555617911814
11.095115837,5.01946919029758
11.096121375000001,5.014170370688526
11.097923219,5.015431196540167
11.101276539,5.015431196540167
11.103028489000001,4.964206481125833
11.105032329,4.899606958587618
11.106129395,4.899606958587618
11.108306249,4.893302829329414
11.110721549,4.846874278699562
11.111971109,4.846874278699562
11.113899952,4.88800400972036
11.116168948,4.841575459090507
11.11777137,4.842329441327369
11.120643371,4.903142297520458
11.122086337,4.876644010684979
11.124653741000001,4.876644010684979
11.1262614,4.814319001227963
11.128020945000001,4.814319001227963
11.130216524000001,4.899858285999905
11.132835035000001,4.8476240721462185
11.133740944000001,4.8476240721462185
11.137077462,4.8948107938031375
11.138096053,4.833997937610048
11.139659645,4.896071619654778
11.142711001,4.951334328826525
11.144905992,4.952595154678166
11.145985088000002,4.952595154678166
11.147823036,4.970255094181545
11.149924017,5.06487986490767
11.152269091,5.023750133886872
11.154114751,5.010375326762989
11.15580379,5.010375326762989
11.158310058000001,4.999019516517813
11.164398416000001,4.9102004090155225
11.164422776,4.912722060718804
11.165219254,4.91221940589423
11.166221367,4.91221940589423
11.169235779000001,4.9276090211066155
11.170262153000001,4.9276090211066155
11.172174297000002,5.061600042177322
11.173999123000002,5.096170127737424
11.177350765,5.085065644904535
11.178086138000001,5.0787573268561275
11.180514143,5.003811492512089
11.182069309000001,5.000787185984233
11.183797698000001,4.9848865383668635
11.186644975,4.981606715636516
11.187703211,4.981606715636516
11.190313482,4.946282647839553
11.191752254,4.946282647839553
11.194596669000001,4.938462176527216
11.195659955,4.95789397428722
11.197625013000001,4.989938219353836
11.201447675,5.000791374774438
11.202535118,4.970255094181545
11.203832319,4.970255094181545
11.206094407,4.933414684330449
11.20823112,4.933414684330449
11.211287296,4.860240708243035
11.212243215,4.867554335940592
11.213769195000001,4.888498286964525
11.216312965,4.880422299449696
11.217742563,4.94602713163706
11.220088696000001,4.974037571736467
11.222308052,4.965458929397065
11.225302845,4.965458929397065
11.225963797,4.995739693787465
11.227714804000001,4.995739693787465
11.231328808,4.926348195254973
11.232102019000001,4.926348195254973
11.234907503,4.912973388131091
11.235911765,4.909697754190948
11.237839398,4.909949081603235
11.240220971000001,4.939974329791145
11.242028967000001,4.932149669688604
11.244232449,4.932149669688604
11.247391503000001,4.90742324110975
11.248206975,4.90742324110975
11.249826931000001,4.948548783340342
11.25277686,4.953847602949397
11.253823423,4.953847602949397
11.255819734000001,4.985137865779151
11.258622092000001,4.953093620712536
11.260363778,4.974791553973328
11.262234332,4.997000519639106
11.264156147000001,4.997000519639106
11.266330155,4.971763058655268
11.267937261,4.971763058655268
11.271426443000001,5.00330464889731
11.272848681000001,4.9899340305636315
11.273725674000001,5.034594911727064
11.275696348,5.036613908605772
11.279708207,5.058563169278852
11.281197014,5.063610661475619
11.282726186000001,5.059828183920698
11.283903479000001,5.059828183920698
11.286575657,5.025006770948308
11.288274224,5.025006770948308
11.289819896000001,4.993465180706266
11.291783822000001,4.960407248410092
11.294149781000002,4.908428550758898
11.295776475,4.908428550758898
11.297756053,4.917765364125367
11.300081415000001,4.8425682023690415
11.302427592,4.8425682023690415
11.304111327000001,4.878905957395564
11.307440019000001,4.878905957395564
11.308071464000001,4.93240099710089
11.309842467000001,5.040903229775473
11.311829162,5.014161993108116
11.313889495000002,5.014161993108116
11.315720625,5.017437627048259
11.317833346,4.985142054569356
11.321404119,4.950571969009253
11.324206571000001,4.9641981035454235
11.325854823,4.939220347554282
11.326543065000001,4.939220347554282
11.327934703,4.905404244231042
11.331278685000001,4.901873094088407
11.332337126,4.901873094088407
11.335042018000001,4.931395687451741
11.335940296,4.931395687451741
11.339924209000001,4.961169608227363
11.341314030000001,4.971260403830694
11.342359633000001,4.968487424715125
11.345521075,4.985142054569356
11.346035799000001,4.976563412229954
11.348107977000002,4.976563412229954
11.349817833000001,4.959657454963435
11.351848564,4.968998457120109
11.354003283,5.01113768658026
11.356016099000001,4.990193735556328
11.357811271000001,5.05958523408882
11.360010413000001,5.069424702279863
11.364988525000001,5.129730714858172
11.365018492,5.1135829286187215
11.368259510000001,5.159006169599425
11.370809033,5.159006169599425
11.373018850000001,5.156476140315733
11.373571637000001,5.156476140315733
11.377322355,5.112317913976875
11.377345422000001,5.112317913976875
11.378713142,4.974544415351247
11.382137627,4.974544415351247
11.385248070000001,4.920039877206566
11.385271034,4.920039877206566
11.386515275,4.851151033498649
11.388342644000002,4.851151033498649
11.390423405,4.853421357789643
11.391949784000001,4.820112098081181
11.394193925000001,4.820112098081181
11.396270794000001,4.881176281686558
11.399400075,4.931391498661537
11.400235515,5.037627595835329
11.403447467000001,5.060083700123189
11.404437987000001,5.034599100517269
11.406291676,5.034599100517269
11.409653965,4.988170549887417
11.411261925000002,4.917011381888504
11.411907265,4.917011381888504
11.414740985,4.862000000129045
11.415939435,4.862000000129045
11.419709858000001,4.863767669595465
11.420750408,4.868815161792233
11.422353496000001,4.9609182808150765
11.424223101,4.9609182808150765
11.426888043,4.9894313757390565
11.427805983,4.9894313757390565
11.430682371000001,4.946785302664127
11.431795678,4.9561221160305955
11.433801561000001,4.932652324513178
11.435751624,4.984128367339798
11.438149951000002,4.973028073297114
11.441268647000001,4.973028073297114
11.443373477000002,4.9692455957421915
11.444601739000001,4.994223351733333
11.445876827000001,4.994223351733333
11.447844181,5.004820990951442
11.450532383,4.978326892906169
11.452013093000001,4.974288899148754
11.454343021000001,4.913224715543379
11.455773310000001,4.923315511146709
11.458090140000001,4.944008134758353
11.46129464,4.944762116995215
11.462589156,4.903125542359638
11.464023637,4.963435743728152
11.465822762,4.963435743728152
11.468677947000002,4.976052379824969
11.470040576,4.976052379824969
11.471972055,5.061847180799405
11.473907188,5.106005407138262
11.476238052000001,5.133253487420398
11.478281155000001,5.133253487420398
11.48077181,5.1622734259591585
11.484056299,5.187255370740504
11.484360193,5.187255370740504
11.485714275000001,5.226118966260512
11.487712045,5.069923168314232
11.491032747,5.0106224653850715
11.492719092000002,4.980090373582383
11.493686253,4.859227021013477
11.495832360000001,4.732302489018245
11.497944326,4.664423143749681
11.500765755000002,4.601339963265598
11.501913965,4.638938544143761
11.505544599,4.765356232524214
11.506775823,4.765356232524214
11.508477675,4.974791553973328
11.50984382,5.075217799133083
11.512320048000001,5.037623407045125
11.514033915,4.998257156700542
11.515858966000001,4.965203413194573
11.517761105,4.90691639749497
11.521305695,4.9147368688073065
11.521940851,4.92231020149756
11.524165478,4.92231020149756
11.525879002,4.912466544516311
11.528322485,4.912466544516311
11.530056282,5.011129308999851
11.53182246,4.98387703992751
11.533719175,4.9992708439301
11.535781465000001,5.012390134851492
11.538797154000001,4.978326892906169
11.541321432,4.978326892906169
11.542925037,4.93593633603373
11.544094635,4.93593633603373
11.546256065000001,4.91221940589423
11.548184949000001,4.91221940589423
11.550443515000001,4.931647014864029
11.552563293,4.931647014864029
11.555194543,4.968236097302838
11.556745009,5.005830489390796
11.558398601,4.99977768754488
11.563042835000001,4.990692201590698
11.563066669000001,5.006081816803083
11.564585082,4.992455682266913
11.566708972,4.992455682266913
11.568302352,5.01995927875154
11.570519543000001,5.01995927875154
11.571908458000001,5.040907418565677
11.574559277,5.05831603065677
11.577386518,5.089350777284031
11.58005346,5.0996970890898545
11.580571994000001,5.063363522853537
11.582873277000001,5.089602104696319
11.584442959,5.027025767827015
11.586783578,5.027025767827015
11.589412724,4.966464239046213
11.590359471000001,4.8847074318291925
11.591835822,4.85241185935029
11.593816673000001,4.8307097372992915
11.5965313,4.849634691444516
11.597902936,4.849634691444516
11.600373775000001,4.889759112816165
11.602427049000001,4.944770494575625
11.604650899000001,4.944770494575625
11.605945704000002,4.9894313757390565
11.608310591,5.042427949410015
11.610838970000001,5.016185178777027
11.612376478,5.028797626083639
11.615880528,5.028797626083639
11.616925379000001,5.007853675059708
11.617891497,5.007853675059708
11.621863688000001,4.91348023174587
11.626345970000001,4.872099173312785
11.626379672,4.859989380830748
11.627167465000001,4.88925645799159
11.628024571000001,4.88925645799159
11.629865456000001,4.89808642774328
11.632325702000001,4.89808642774328
11.634340341000001,4.9563734434428826
11.635770701,4.9563734434428826
11.637789477,4.984383883542289
11.642680551000002,4.983625712515224
11.642715829,4.971009076418406
11.644681021,4.966468427836419
11.6459729,4.966468427836419
11.648160038,4.954609962766668
11.649989733,4.962179106666717
11.6519268,4.988421877299704
11.654147208000001,5.019707951339253
11.656865743000001,5.010877981587563
11.65795508,5.010119810560497
11.660870828,5.0022951504579565
11.662281216,4.999773498754674
11.664670630000002,4.999773498754674
11.666045720000001,4.969995389188848
11.668564362000001,4.936438990858305
11.669959374000001,4.937951144122232
11.672042710000001,4.945520288022281
11.673918056000002,4.983621523725018
11.676632851,5.034088068112284
11.678391920000001,5.0492305447025885
11.681235125,5.0696676521117405
11.682555963,5.086066765763479
11.684321577,5.057051016014924
11.685835929000001,5.057051016014924
11.689307771000001,5.016930783433479
11.690235648000002,4.97554553621019
11.691791832000002,4.911201529874466
11.695108608,4.913974508990035
11.696569817,4.9220504965048635
11.698209776,4.89555639845959
11.700738701,4.8920210595267495
11.701735729000001,4.931638637283619
11.704429083,4.999015327727609
11.707340957000001,5.020210606163827
11.708254504000001,5.020210606163827
11.711302706000001,5.076478624984723
11.712016448,5.076478624984723
11.714572199000001,5.027524233861384
11.715830471,5.027524233861384
11.717731736000001,4.895049554844809
11.721740682,4.829951566272225
11.723651533,4.859725487047847
11.724874169000001,4.88621958509312
11.725769603000002,4.910443358847401
11.727817007,4.925330319235211
11.731014915000001,5.003049132694818
11.732433873000002,5.05427384810915
11.734085102,5.05427384810915
11.735831558000001,5.03055691796965
11.741073342,5.017940281872833
11.741109377,5.017940281872833
11.743568562,4.980844355819245
11.744244243,4.980844355819245
11.746028585000001,4.942240465291933
11.748497824000001,4.942240465291933
11.749937483,4.889248080411181
11.752565975000001,4.911201529874466
11.755502881,4.911201529874466
11.757285781,4.932149669688604
11.758118877000001,4.932149669688604
11.760481352000001,4.955615272415817
11.762536365,4.987659517482433
11.763864804,4.987659517482433
11.766113191,5.005830489390796
11.767774786,5.005830489390796
11.769687464,5.036362581193484
11.771666686000001,5.066643345583885
11.774734864000001,5.127452012986769
11.775784448000001,5.121399211140853
11.778021704,5.14233897337458
11.781968085,5.14233897337458
11.782598793,5.169842569859207
11.783903629000001,5.169842569859207
11.785963211,5.104237737671842
11.789070194,5.040903229775473
11.789812067000002,5.040903229775473
11.793022251,4.962933088903578
11.794436071000002,4.881176281686558
11.796233678,4.837269382759986
11.797650075,4.815822776911481
11.800974742000001,4.811784783154066
11.80245962,4.834240887441926
11.804133066,4.834240887441926
11.805751047000001,4.820363425493469
11.808834066000001,4.820363425493469
11.809816557000001,4.9480461285157675
11.811670884000002,5.017437627048259
11.813642619000001,5.0610890097723376
11.816338748000002,5.034846239139352
11.818067305000001,5.063359334063332
11.820260483,5.063359334063332
11.823045956000001,5.071942165192939
11.823802126,5.071942165192939
11.825730817,5.090360275723385
11.827669819,5.1211478837285656
11.82999854,5.133513192413095
11.831670699,5.154963987051805
11.833633756000001,5.149162512618177
11.836574831,5.104497442664539
11.837665537000001,5.045954910762445
11.840772503,4.93593633603373
11.843041521,4.907678757312241
11.844534065000001,4.907678757312241
11.845718879000001,4.872606016927565
11.847714014000001,4.7754554057079535
11.850125821,4.772678237802181
11.85170156,4.772678237802181
11.853686107000001,4.7421461459994925
11.856758259000001,4.911963889691738
11.858658096000001,4.995484177584974
11.860261925000001,5.024252788711446
11.863435637,5.050746886756721
11.864354796,5.086577798168463
11.865870842000001,5.086577798168463
11.867725323,5.067401516610951
11.870028132000002,4.9864028804209966
11.871936194,4.928111675931189
11.873692503000001,4.928111675931189
11.876874693000001,4.857962006371632
11.878033304,4.852914514174864
11.880367719,4.87436112002337
11.882433405,4.8799112670447125
11.885372556,4.950312264016557
11.885965815,4.950312264016557
11.887724965,5.00810081368179
11.890023684,4.9601559209978054
11.893454387,4.986398691630792
11.894179393,4.9667155664585
11.896531881000001,4.945017633197707
11.897661815000001,4.976559223439748
11.900251480000001,4.96016010978801
11.902418819000001,4.958141112909303
11.903803762,4.958141112909303
11.906202156,4.9992708439301
11.907721843000001,4.9992708439301
11.910126073,5.031323466577127
11.912257617,4.9773215832570195
11.913711954,4.969752439356971
11.916181875000001,4.9117167510696556
11.918225571,4.913233093123788
11.921752915,4.906920586285175
11.922510042,4.914489730185224
11.924663614,4.914489730185224
11.925865997,4.893545779161292
11.928476342000002,4.893545779161292
11.929942499000001,4.97908925272344
11.931782336000001,4.951581467448607
11.934235820000001,5.002554855450653
11.936536718000001,5.002554855450653
11.937763341,4.99220854364483
11.941091448,4.968236097302838
11.944811990000002,4.956880287057662
11.945044988000001,4.945021821987912
11.946104385,4.945021821987912
11.948039517000002,4.933666011742736
11.949914207,4.933666011742736
11.952445011,5.005583350768713
11.953955116000001,4.972269902270047
11.956766224,4.983881228717715
11.958165394,4.962430434079004
11.960024081,4.915750556036865
11.962654259,4.906413742670395
11.964428174,4.910703063840097
11.965918285,4.910703063840097
11.967757725,4.877146665509553
11.970080106000001,4.934675510182089
11.972056566000001,4.954103119151889
11.973728091,4.949306954367408
11.977731121000001,4.997503174463681
11.978702171,4.991194856415272
11.980191774000001,4.987915033684924
11.982221801000001,4.966468427836419
11.985588678000001,5.005579161978509
11.986453444,5.005579161978509
11.989194973,4.972780934675031
11.990812544,4.972780934675031
11.993446212,5.009621344526128
11.994331613,4.9821177480415
11.996597547,4.9821177480415
11.998849712,4.9768189284324444
12.004368304000002,4.96445780853812
12.004419446,4.931399876241946
12.007214374,4.955120995171652
12.00723634,4.955120995171652
12.008501625000001,4.929883534187813
12.010080367,4.929883534187813
12.013368490000001,4.930641705214881
12.014640169000002,4.98035007857508
12.015896007,4.979591907548014
12.018353986000001,4.979591907548014
12.021779204000001,5.024252788711446
12.022285509000001,5.024252788711446
12.024653258,5.033086947253341
12.026375677,5.033086947253341
12.028715109,5.063870366468316
12.029990956,5.063870366468316
12.032803118,5.06134452597483
12.033805616,5.06134452597483
12.035871059000002,5.1004594489071255
12.038067712,5.06841520384051
12.040057101,5.044442757498517
12.042598759,4.983881228717715
12.044883853,4.946538164042045
12.046220392,4.946538164042045
12.048167716,4.926101056632892
12.049849279,4.926101056632892
12.052148188,4.877146665509553
12.054573914,4.904905778196673
12.055821127000002,4.872099173312785
12.058308392,4.872099173312785
12.061061136000001,4.843338939766722
12.06287816,4.923579404929611
12.0644921,4.923579404929611
12.065866015000001,4.925091558193539
12.068316137,4.925091558193539
12.070578437,5.001549545801504
12.071781941000001,5.001549545801504
12.075291832000001,5.004829368531852
12.076274814000001,4.9864112580014055
12.079645759,4.971268781411103
12.080856554,4.982373264243992
12.082290277,4.961936156834839
12.083929585,4.926352384045178
12.085954856,4.8945594663908505
12.08791858,4.8945594663908505
12.089919145000001,4.9498221755625975
12.092075627000002,4.9498221755625975
12.093846596,4.962690139071701
12.095782561,5.001294029599013
12.098425608000001,5.001294029599013
12.100726636000001,5.015175680337674
12.102262969,5.031578982779618
12.104220226,5.031578982779618
12.106058168,5.077002223760322
12.108465302,5.077002223760322
12.111300711,5.096174316527629
12.112144546000001,5.137304047548427
12.114712351000001,5.141090713893553
12.115782695,5.141090713893553
12.118119528000001,5.151688353111663
12.120784562,5.0472283029847
12.12311477,4.973547483282507
12.124031557,4.973547483282507
12.126967602,4.926863416450163
12.128719507000001,4.926863416450163
12.130140374000002,4.813820535193592
12.13192145,4.813820535193592
12.133889373,4.855959764653743
12.137297474,4.903146486310662
12.138359083000001,4.903146486310662
12.142352484,4.985657275764545
12.142533466000001,4.985657275764545
12.144638113000001,5.072210247766046
12.145716909,5.072210247766046
12.147934172000001,5.119141453220473
12.149725492,5.010132376931111
12.151851799000001,4.955627838786431
12.154031337000001,4.924593092159168
12.156580904,4.8652923892300075
12.157664734,4.8652923892300075
12.161256464000001,4.893554156741701
12.164589567,4.8738710315694105
12.164639257000001,4.891028316248215
12.167652617,4.953604653117519
12.168495525,4.953604653117519
12.171373654,4.9737904331143845
12.173764396000001,5.002810371653145
12.174374611000001,5.006090194383493
12.175955121000001,5.006090194383493
12.178806818,4.9737904331143845
12.180897665000002,4.939220347554282
12.181857146,4.939220347554282
12.185452653,4.92938087936324
12.186335027,4.9447746833658295
12.187781596,4.9447746833658295
12.189717715,4.962438811659414
12.192435033,4.990700579171108
12.194018328,5.009625533316333
12.195871714,5.01770152083116
12.198706444,4.980102939952998
12.20166899,5.023000340440215
12.20238466,4.988430254880113
12.204794936,4.98565308697434
12.206763256,4.98565308697434
12.208272126,4.971017453998816
12.210421643,4.971017453998816
12.212004391,4.9417461880477696
12.21395528,4.958400817902
12.215837205000001,4.901877282878612
12.219039068,4.925849729220604
12.220650862000001,4.932912029505874
12.221810757,4.969501111944683
12.225134342,4.969501111944683
12.226261348000001,4.956126304820801
12.22886828,4.956126304820801
12.230173192,4.990951906583394
12.232617167,4.994487245516234
12.234102054000001,5.0038198700924985
12.235764689000002,5.0038198700924985
12.238831029,5.000540047362151
12.241160878,4.9818664206292125
12.242307409,5.010128188140906
12.243846633,5.010128188140906
12.245867594,5.004071197504786
12.247786728000001,5.004071197504786
12.249738915,5.075481692915984
12.251887832000001,5.1092977962392245
12.253889817000001,5.054793258094544
12.255983440000001,5.0121471850196135
12.258155141000001,5.0121471850196135
12.261474786,4.934935215174786
12.263011249000002,4.928626897126378
12.264178941,4.928626897126378
12.265941882,4.925602590598523
12.26854439,4.925602590598523
12.271694869000001,4.863277581141506
12.272291412000001,4.881193036847376
12.274715955000001,4.858988259971804
12.276505912000001,4.896335513437679
12.277837465000001,4.896335513437679
12.280807091000002,5.0040795750851945
12.282008512,5.010643409336096
12.284181412,5.053033966208534
12.286388610000001,5.053033966208534
12.288462682,5.036881991178877
12.29130312,5.009122878491758
12.292421763,5.009122878491758
12.294715754,5.023255856642708
12.296107164,4.932162236059217
12.298170476000001,4.930139050390306
12.301297171000002,4.89986247479011
12.302982887,4.89986247479011
12.304149625,4.988178927467826
12.305690009000001,4.988178927467826
12.308329957000002,5.123430774390174
12.310115996,5.152195196726442
12.311925588000001,5.138066407365697
12.31366994,5.063878744048726
12.317438948000001,4.993724885698963
12.320488713000001,4.883710499760453
12.321037143000002,4.836523778103534
12.321891119,4.799687557042644
12.325111091,4.759818651873487
12.326101967000001,4.815835343282095
12.328566610000001,4.815835343282095
12.330276135,4.880183538408024
12.332964875,4.880183538408024
12.334077373000001,5.0553001017093235
12.335749931,5.171626994486446
12.338053142000001,5.180456964238135
12.34407296,5.189035606577539
12.344770352000001,5.1259524260934555
12.34479016,5.075234554293902
12.346769133,5.075234554293902
12.348370413000001,4.959163177719271
12.350899229000001,4.959163177719271
12.351889641000001,4.826432982500204
12.353822653,4.820631508066575
12.355995961000001,4.808517526794333
12.358259013000001,4.834504781224828
12.361685934,4.927366071274737
12.362682517000001,4.927366071274737
12.367267133,4.999027894098222
12.368385737,4.999027894098222
12.371277608000002,5.011900046397531
12.371304324,5.011900046397531
12.374837731000001,5.052774261215837
12.375166218,5.009625533316333
12.376089801000001,4.967486303856181
12.377821544000001,4.967486303856181
12.381011872,4.917773741705776
12.382461628000001,4.844344249415871
12.384445413,4.843841594591297
12.386689463000002,4.843841594591297
12.388373132,4.863776047175875
12.390014034,4.987169429028473
12.391923927,4.987169429028473
12.394890642,5.009122878491758
12.396991977,5.032341342596888
12.399089371,5.032341342596888
12.400421321000001,4.9838937950883295
12.402518368,4.9838937950883295
12.405606974000001,4.933175923288776
12.4061579,4.933175923288776
12.408905397000002,4.943266718892106
12.412349584000001,4.967741820058674
12.413048865,4.967741820058674
12.415414822,4.990202113136738
12.418119087000001,4.974054326897287
12.418655371000002,4.972537984843154
12.421456529,4.964717513530818
12.422465158000001,4.91828477411076
12.424942419,4.91828477411076
12.426189603000001,4.95790235186763
12.428066662,4.95790235186763
12.431283697000001,4.9412477220134
12.432898485,4.947049196447028
12.434251233000001,4.967741820058674
12.435705948,4.922067251665682
12.437791517,4.963201171476685
12.440953036000002,4.984651966115396
12.4436022,4.984145122500617
12.444378823000001,4.984145122500617
12.445867573000001,4.971277158991513
12.449688039000002,5.0219992195812715
12.450307176,5.0219992195812715
12.452180361,5.007363586605748
12.453811239,5.007363586605748
12.456151909,5.042943170605203
12.459669764000001,5.007619102808239
12.461329307000002,5.007619102808239
12.46419822,4.981376332175253
12.465063008000001,4.981376332175253
12.467292244000001,4.923344832678143
12.468383044000001,4.923344832678143
12.470075247,4.901894038039432
12.472718859,4.885737874219569
12.474541169,4.885737874219569
12.476230684,4.957906540657834
12.478130002,4.939739757539677
12.480482613000001,4.9801113175334075
12.482386942000002,4.9801113175334075
12.484152655,4.945796748175797
12.486347622,4.945796748175797
12.489360668000002,4.94377775129709
12.490371727000001,4.94377775129709
12.492458993000001,4.983144001641673
12.494024114,4.983144001641673
12.495831253,4.994248484474562
12.497737654000002,5.005348778517245
12.500403665,4.993486124657291
12.503998517000001,4.973300344660424
12.504740115,4.973300344660424
12.506136284,4.955887543779128
12.508506473,4.955887543779128
12.510440159000002,4.930654271585495
12.512547583,4.9283839472945
12.513771249000001,4.9283839472945
12.517251098000001,4.9374694332486815
12.518628393,5.0048419349024655
12.521231993,5.005600105929533
12.523187770000002,5.012662406214803
12.524858375,5.0015621121721185
12.525893686000002,5.0015621121721185
12.527848623,4.978347836857192
12.532494454,4.989699458312163
12.532525392,5.0005484249425605
12.533974255,4.979101819094055
12.536238576,5.0265440569534645
12.539100491000001,5.053289482411026
12.541176983000001,5.036634852556795
12.543637938000002,5.014178748268935
12.544298588,5.014178748268935
12.546779945,5.019222051675498
12.548587618,5.019222051675498
12.550072268000001,4.949834741933211
12.551773142,4.9099700255542595
12.553954519000001,4.903913034918138
12.558140862,4.884481237158134
12.560104465,4.964725891111227
12.560910776,5.010647598126301
12.562914260000001,4.992736331210633
12.563862019,4.992736331210633
12.566326810000001,5.048748833829038
12.568200463,4.972797689835851
12.570241018,4.945294093351222
12.571831625000002,4.935450436369975
12.573905961000001,4.947815745054505
12.575748233,4.898107371694304
12.577889069000001,4.953365892075846
12.581206117,4.965479873348088
12.582595768000001,4.965479873348088
12.584289169000002,4.956394387393907
12.586385247,4.956394387393907
12.588001607,4.997524118414704
12.589946307,4.956901231008686
12.591836097000002,4.957659402035753
12.593879368000001,4.92006082115759
12.595758766000001,4.897604716869729
12.597737127,4.915268845163314
12.599887001,4.942521114235654
12.602539563,4.971034209159636
12.603888390000002,4.971034209159636
12.608861225,4.94680624661515
12.608909409,4.94680624661515
12.610737178,5.008377273835306
12.611765660000001,4.9803668337359
12.613712504,4.983144001641673
12.617536305000002,4.9924808150081414
12.618204915000002,4.973555860862916
12.620693085000001,4.987181995399087
12.622182318,4.99702146359013
12.625448281,4.961697395793166
12.626163313000001,4.961697395793166
12.629626426000002,4.959929726326747
12.630740990000001,4.9609392247661
12.63226788,4.932174802429833
12.633785032,4.932170613639627
12.636250053000001,4.9604365699415265
12.638540138000002,4.953876924480831
12.640453441,4.920567664772369
12.643070518,4.958417573062818
12.644846617,4.958417573062818
12.647266158,4.968009902631779
12.648252368000001,4.968009902631779
12.649672569000002,4.965484062138294
12.651876203,5.010404648294423
12.655729976,5.0146939694641235
12.658215203000001,5.057084526336562
12.659603896,5.0656631686759654
12.660450287000002,5.0603643490669095
12.663117013,5.079037975799848
12.664027546000002,5.0697053512235835
12.665813051,5.0697053512235835
12.667705802,5.026049779709299
12.671504053000001,4.968516746246558
12.67334855,4.927387015225761
12.67516731,4.8635456637146115
12.676918785000002,4.821155106842173
12.678203946,4.815604959820831
12.679897957000001,4.841340886839038
12.682247128,4.845634396798945
12.684485550000002,4.845634396798945
12.685944872,5.0189874794240295
12.68788355,5.025044470060151
12.689765409000001,5.01015750967234
12.692080520000001,4.990981228114828
12.69365759,4.990981228114828
12.695878286000001,4.969027778651543
12.697798335000002,4.91780306323721
12.700807965000001,4.936476689970148
12.703665105,4.887522298846809
12.704924956000001,4.887522298846809
12.706539536000001,4.925627723339751
12.70821113,4.925627723339751
12.710297399000002,4.990725711912336
12.712989518,4.990725711912336
12.714054404,5.031604115520847
12.715919744,4.974829253085171
12.717961143,4.945306659721838
12.720378255,4.930164183131535
12.724955456,4.905689081964967
12.724987447,4.905689081964967
12.725824993000002,4.882474806650041
12.728697294000002,4.9821470695729335
12.730188021,4.977606420990945
12.732505117,4.977606420990945
12.734391673000001,4.984924237478707
12.736053076000001,5.021513319917516
12.739108441,5.021764647329803
12.741109131,5.018484824599455
12.742321636000002,5.000062525278805
12.744116779,5.000062525278805
12.745998611000001,4.993247363615618
12.748403428000001,4.993247363615618
12.750319551,5.034377094636415
12.751944646,5.034377094636415
12.754058857,5.028826947615073
12.755876943,5.026053968499505
12.758413157000001,5.009399338645274
12.760945110000002,4.969530433476118
12.762805287,4.954894800500593
12.764070558,4.954894800500593
12.766298814,4.921836868204419
12.767927211,4.921836868204419
12.769876499,4.927387015225761
12.772689303,4.864052507329391
12.775164661000002,4.87288247708108
12.776156086,4.9392454802955115
12.77817018,4.960440758731731
12.779987829000001,4.992233676386059
12.783585654000001,5.025794263506808
12.784738560000001,5.025794263506808
12.786946467,5.0573358537488495
12.787831991000001,5.0573358537488495
12.79084639,5.0477435241798885
12.791844032,5.0477435241798885
12.793804552000001,5.005855622132025
12.795831796000002,4.926875982820777
12.799839518,4.913249848284607
12.801766119000002,4.853446490530871
12.802516696000001,4.853446490530871
12.805500728,4.885494924387692
12.806691454000001,4.885494924387692
12.809368955,4.944540111114361
12.810340458,4.944540111114361
12.812754680000001,5.014689780673919
12.813784321,5.014689780673919
12.816160572000001,5.046985353152822
12.817753297000001,5.043705530422474
12.821429284,5.062379157155412
12.822259895,5.0633844668045604
12.824614598,5.0633844668045604
12.826504922000002,5.07574977548909
12.828089336000001,5.07574977548909
12.830568309,5.092153077931034
12.831776209000001,5.105779212467204
12.835526545,5.078778270807152
12.836088446000002,5.040672846314209
12.837798933,4.9967659473876385
12.842067026,4.964214858706243
12.844477596,4.9044115009525076
12.845075657,4.9044115009525076
12.847092360000001,4.867826607303903
12.848074221000001,4.818369561355991
12.850254900000001,4.818369561355991
12.853637539000001,4.7984309199812065
12.856660848,4.855712626031662
12.856687954000002,4.887002888861415
12.85783819,4.971788191396496
12.860909114,5.055057151877445
12.863055161,5.089627237437548
12.864132116,5.089627237437548
12.865836734,5.059095145634859
12.868188100000001,5.082564937152278
12.870165638000001,5.082564937152278
12.871884453000002,5.068687475203821
12.874174946,5.022003408371476
12.875698543,4.978096509444905
12.877781294,4.914762001548535
12.881141065000001,4.860764307018634
12.882263719000001,4.871868789851523
12.885141349000001,4.795917645858335
12.886016547,4.795917645858335
12.888515829000001,4.81484260000356
12.88992902,4.93672382859223
12.892209383,4.93672382859223
12.895116182,4.933691144483965
12.897986081,5.022765768188747
12.898684021000001,5.00182600595502
12.901423670000002,5.003840814043522
12.905330216000001,4.970535743125266
12.905709761,4.946814624195561
12.906742569,4.920320526150286
12.908120684,4.920320526150286
12.909919838,4.942525303025859
12.91233283,4.96397609766457
12.913928613000001,4.96397609766457
12.915977749000001,5.018225119606758
12.918142857000001,5.062634673357905
12.92112239,5.07701897892114
12.921935034,5.0452260612668125
12.924245579,5.0452260612668125
12.927528743000002,5.0399272416577565
12.928520714000001,5.0399272416577565
12.929774341000002,5.032609425169995
12.932029775,5.026049779709299
12.935194260000001,5.004100519036219
12.937752547,5.0076316691788545
12.939314739,5.01721980995761
12.940357395000001,5.024030782830592
12.942509549,5.0151966242886985
12.944054641000001,5.0151966242886985
12.945926354000001,5.0270550893584485
12.94806971,5.0270550893584485
12.950202779000001,4.968261230044067
12.951817445000001,4.968261230044067
12.954362077,4.9516066001898364
12.957169088,4.925866484381424
12.959749872000002,4.914514862926453
12.961051952,4.942776630438146
12.962767548,4.942776630438146
12.964155813000001,4.962962410435011
12.966721959000001,4.962962410435011
12.968155099,4.996774324968048
12.969962516,4.996774324968048
12.971975317,4.989200992277794
12.974193936,4.966238044375155
12.976723148000001,4.90946318193948
12.977916979000002,4.918799995305949
12.981035623,4.9299044781388375
12.985569293000001,4.897856044282017
12.985598719,4.897856044282017
12.986212637000001,4.911989022432966
12.988348887,4.911989022432966
12.990286005000002,4.9372222946266
12.992309858,4.9372222946266
12.993896566,4.998035150819689
12.995932525,4.979361524086751
12.997955930000002,4.982138691992525
13.000344533000002,4.961952911995659
13.002131347,5.000054147698395
13.004765938,5.000054147698395
13.006192194,4.9687638848686415
13.008936281,4.9687638848686415
13.011613751,4.932174802429833
13.013153231,4.9172836532518165
13.014282804,4.93671545101182
13.015808347,4.90769551247306
13.018003771,4.933938283106047
13.020997575,4.936464123599533
13.022134625000001,4.987181995399087
13.024157142,4.94857391608157
13.026196505000001,4.94857391608157
13.027972678000001,4.965228545935802
13.030230764,4.965228545935802
13.03186378,4.963209549057095
13.034651229000001,4.939743946329881
13.03580724,5.005855622132025
13.038132959,4.9720437075989885
13.040043469,4.961697395793166
13.041996141,4.961697395793166
13.044509583,4.99702146359013
13.045887684,4.99702146359013
13.048408383,4.979357335296546
13.050376568,4.979357335296546
13.051843201,4.962958221644807
13.053893476,4.920312148569876
13.056020999000001,4.94554542076351
13.057784052,4.905927843006641
13.061601906,4.883216222516289
13.062902629000002,4.935701763782261
13.063793263,4.935701763782261
13.06584973,4.963460876469382
13.068969580000001,4.963460876469382
13.069702239000001,4.957655213245547
13.071967505,5.037393023583861
13.073690084,5.013424766032074
13.076109664,5.009135444862373
13.078201198,5.028563053832172
13.080260987,4.988945476075302
13.084166007,4.97103002036943
13.084809008,4.97103002036943
13.085814117,4.993486124657291
13.087675554,4.993486124657291
13.089910039000001,4.998784944266345
13.092061314,4.987935977635948
13.093758576,4.959925537536542
13.096529153,4.9041601735402205
13.097667905000002,4.928890790909279
13.100736147000001,4.877921591697439
13.102099712000001,4.922833800273159
13.103818906,4.922833800273159
13.105794651,4.926875982820777
13.107850754000001,5.0684319590013285
13.110969603000001,5.067171133149688
13.111816537000001,5.067171133149688
13.113742707,5.110068533636905
13.115685609000002,5.104267059203276
13.117629469,5.092408594133525
13.120701986,5.107546881933624
13.123389586,5.079536441834217
13.124002853,5.079536441834217
13.126360713,5.0358850591101385
13.128388887000002,5.0358850591101385
13.130123413000002,4.982390019404812
13.131917142,4.982390019404812
13.133738088000001,4.910979523993613
13.135849184000001,4.888016576090974
13.138211081000001,4.854711505172718
13.139898164000002,4.854711505172718
13.142682677000002,4.860010324781772
13.145718274,4.840075872197193
13.146758907,4.840075872197193
13.148100197000002,4.873887786730228
13.151009379000001,4.873887786730228
13.153003238,4.916533859805159
13.154000283,5.016708777552626
13.155980799,5.015703467903477
13.159302845000001,5.015447951700986
13.16075844,4.9770911997957565
13.162125412,4.995010844291833
13.165789576000002,4.975579046531829
13.166167979,4.975579046531829
13.168064897,4.9692749172736255
13.169857400000001,4.9692749172736255
13.172388894000001,4.957160936001383
13.174312553,4.974318220680188
13.175973369000001,4.963469254049791
13.177789923,4.941511615796301
13.181036008000001,4.913505364487099
13.183298081,4.9478241226349144
13.184096494,4.9478241226349144
13.186189551,4.899372386336149
13.187891185000002,4.899372386336149
13.191340510000002,4.8930640682877415
13.192384325,4.946307780580781
13.194121188,4.936719639802026
13.195683814,4.9854185147228725
13.199644425,4.96927072848342
13.201238375,4.950345774338195
13.203131192,4.93015999434133
13.204871241000001,4.915017517751027
13.206309853,4.900633212187791
13.207893121000001,4.900633212187791
13.209780932000001,4.848147670921818
13.212047862,4.927885481260131
13.214279579000001,4.925108313354357
13.215909823,4.925108313354357
13.217842031,4.92132164700923
13.220268193,4.91829315169117
13.222762437,4.869087433155545
13.22545118,4.893818050524603
13.226563992,4.893818050524603
13.229414888,4.885490735597488
13.23014841,4.885490735597488
13.231767445000001,4.852935458125888
13.234003441,4.916269966022258
13.235767452000001,4.867319763689125
13.237891202,4.932166424849423
13.239976445000002,4.917028137049324
13.242379412,4.938977397722405
13.245453877000001,4.916776809637037
13.246334502000002,4.916776809637037
13.248310055000001,4.994495623096644
13.249804133000001,4.994495623096644
13.253068773,4.989196803487589
13.255240693000001,5.0055959171393285
13.256244270000002,5.03310370241416
13.257764492000002,5.027553555392818
13.261004767000001,4.985665653344954
13.262487431,4.985665653344954
13.263925774,4.969262350903011
13.265775004,4.969262350903011
13.268558405,4.89583704740331
13.269931527,4.909965836764055
13.271708768000002,4.909965836764055
13.273689418,4.907192857648486
13.277661132,5.018472258228842
13.279160690000001,4.991978160183568
13.280180563,4.988949664865507
13.283720169,5.014689780673919
13.284372789,4.984153500081027
13.285956036,4.984153500081027
13.289395381,4.979864178911325
13.291145570000001,4.97153686398421
13.293968131000002,4.9801196951138165
13.294593397000002,4.970024710720282
13.296469635000001,5.021500753546902
13.297892409000001,5.051278863112729
13.30142816,5.021500753546902
13.303073734000002,5.0106517869165055
13.305045669,4.995257982913916
13.305961447000001,4.933691144483965
13.30821661,4.933691144483965
13.310082962000001,4.924861174732275
13.311794679,4.924861174732275
13.313668473000002,4.924609847319988
13.316014104,4.966749076780139
13.318200727,4.99526217170412
13.319857367000001,4.99526217170412
13.322230889,4.963971908874365
13.325616268000001,5.016457450140339
13.326558064,5.016457450140339
13.328414716000001,4.995764826528694
13.330556248,4.995764826528694
13.332546887000001,4.942521114235654
13.33400735,4.922339523028994
13.335776381,4.922339523028994
13.337779344000001,4.951103945365261
13.340419047000001,5.0502735534635805
13.343472818,5.078279804772782
13.344504854,5.078279804772782
13.346242948,5.053804703606214
13.347886677,5.0149452968764106
13.350522996,5.0149452968764106
13.352130684,5.061122520093977
13.353773928,5.061122520093977
13.357198556,4.996275858933678
13.35983809,4.96700459298263
13.361042669000001,4.958174623230941
13.362033140000001,4.916789376007651
13.364268607000001,4.916789376007651
13.369384491000002,4.892565602253373
13.369409427,4.943538990255417
13.371424697,4.943538990255417
13.372420024,4.956406953764521
13.373667666000001,4.956406953764521
13.376505048,5.034125767224128
13.377746769000002,5.122442219901845
13.380923036,5.109574256392741
13.38260342,5.109574256392741
13.385180193,5.111593253271448
13.386053526000001,5.111593253271448
13.387658979000001,5.092668299126223
13.389631781,4.981891553370441
13.392275251000001,4.966501938158056
13.393761236000001,4.914267724304371
13.395685873000001,4.909722886932178
13.398137068,4.898873920301781
13.401054054000001,4.911993211223171
13.401955081,4.911993211223171
13.404377376000001,4.921585540792131
13.405827985,4.921585540792131
13.407956542,4.877423125663069
13.411607771000002,4.877423125663069
13.413232828000002,4.866574159032672
13.414370120000001,4.9730573948285475
13.417499013,5.013181816200196
13.418441239000002,4.991731021561485
13.420423439,5.004347657658302
13.422834014000001,5.004347657658302
13.424778060000001,5.0353824042855635
13.426391797,5.0353824042855635
13.428348405000001,4.973811377065409
13.430070176000001,4.973811377065409
13.433305194,4.948326777459489
13.434073467000001,4.88625309541476
13.435957921,4.889026074530328
13.437889602,4.889026074530328
13.443071001000002,4.913756691899386
13.443610795000001,4.975072202917049
13.444558725,4.975072202917049
13.446174836,5.001570489752528
13.449538431,4.978607541849889
13.450282858000001,4.978607541849889
13.453658038,4.9982906670221805
13.454672947,4.94025078994466
13.456233693000001,4.979617040289242
13.45827704,5.002831315604169
13.462060513,4.975076391707254
13.463374082000001,5.018225119606758
13.46410048,5.018225119606758
13.467224352,5.032609425169995
13.468705109,5.029580929851935
13.469780689,5.086858447112183
13.471879507,5.121679860084573
13.476308444,5.095185762039299
13.477093058000001,5.074999982042434
13.478143151000001,5.027561932973228
13.480058883000002,4.9564027649743165
13.48226795,4.935969846355368
13.484248555,4.9102297305469556
13.485664628,4.9102297305469556
13.487819871000001,4.904679583525614
13.491737566000001,4.909224420897807
13.492335054000002,4.939002530463633
13.493976283,4.987194561769701
13.495915539,5.0235323167962225
13.498392128,5.077278683913837
13.500656922000001,5.116896261670707
13.501791396000002,5.158025992691504
13.504205639,5.199411239914794
13.506312182,5.199411239914794
13.507910103,5.193856904103248
13.509804536,5.0134415211928935
13.512876267000001,4.9024134480248245
13.513930419000001,4.9024134480248245
13.515720819,4.7770010692935205
13.51773142,4.644526390276946
13.521408346000001,4.688684616615804
13.522146135000002,4.789110861775558
13.524106055,4.789110861775558
13.525708272000001,4.894081944307505
13.529497823000002,5.121688237664983
13.530124268000002,5.102763283519757
13.531866469,5.0845965004016
13.533800057,5.055325234450552
13.535980767000002,4.982653913187712
13.538682852,4.926637221779104
13.539874841000001,4.891057637779649
13.542146021,4.8693555157286506
13.545965878,4.854975398955618
13.546441352,4.854975398955618
13.548127116000002,4.9311778703610925
13.55043172,5.002337038360005
13.552070471,5.034129956014333
13.554190093,5.10478646918867
13.555752688,5.191842096014745
13.558400714000001,5.211521032396832
13.56028736,5.236754304590465
13.563042114000002,5.2140426841001135
13.565261919000001,5.128000744503596
13.566294913,5.128000744503596
13.568364636,5.039935619238167
13.570145463000001,5.039935619238167
13.572131392000001,4.867336518849943
13.573928814,4.867336518849943
13.57697345,4.754293637593373
13.577960751,4.735871338272722
13.580108278,4.761862781493422
13.582369985000001,4.904176928701039
13.584406456,4.904176928701039
13.585966083,4.9829094293902045
13.58816595,5.066429717283441
13.589919564,5.098478151140261
13.592469668000001,5.118915258549414
13.593743100000001,5.0535617537743365
13.59756649,5.030091962256918
13.600062459,5.052045411720204
13.602586800000001,5.060624054059606
13.602854391000001,5.0623917235260265
13.604293913000001,5.054567063423486
13.606387615000001,5.054567063423486
13.608044922000001,5.001574678542733
13.610081749,4.934960347916015
13.61184328,4.8943374605099965
13.613990846,4.850430561583425
13.616028012000001,4.846141240413725
13.617965811000001,4.817125490665169
13.621455992000001,4.80904950315034
13.622680801000001,4.856738879631834
13.624372608000002,4.960193620109648
13.626627050000002,4.960193620109648
13.628744752000001,5.0328649413724875
13.630784854000002,5.077777149948207
13.633021468,5.0785353209752735
13.634329118,5.084336795408903
13.636468977000002,5.021253614924819
13.637845752,4.994256862054971
13.640380119000001,4.951610788980041
13.642606478000001,4.894584599132078
13.644198173000001,4.852189853469436
13.646018614,4.852189853469436
13.647994721000002,4.8145954613814785
13.650204419000001,4.8145954613814785
13.651923218,4.85446017776043
13.654336091000001,5.012679161375622
13.655766859000002,5.045230250057017
13.659630765000001,5.114370421177221
13.661079634,5.1751832773703095
13.662766194000001,5.228929644487923
13.663955668000002,5.228929644487923
13.666108134000002,5.251641264978276
13.667842519,5.251641264978276
13.66992985,5.164078794537421
13.672391782,4.9821470695729335
13.674295444,4.927898047630745
13.676282122000002,4.91603539377079
13.678427409000001,4.880958464595909
13.679919984000001,4.891053448989444
13.682585703,4.89710625083536
13.683980452,4.85799551669327
13.686672660000001,4.85799551669327
13.688408152000001,4.888778935908245
13.692454873,4.840582715811973
13.693661989,4.840582715811973
13.694538886,4.827212097478295
13.696066382000001,4.827212097478295
13.697979893000001,4.932183180010241
13.700179174,4.976341406349099
13.703376613000001,5.025551313674931
13.704252925,5.025551313674931
13.706060753000001,5.055576561862838
13.707976448,5.055576561862838
13.710207712,5.012679161375622
13.71229899,4.986185063330348
13.714005378000001,4.974075270848311
13.716195489,4.974075270848311
13.717917799,4.9788672468425865
13.720920274000001,4.945306659721838
13.721890861,4.930419699334027
13.726691607000001,4.963226304217914
13.72671528,4.963226304217914
13.72834195,4.89055079416487
13.730113333,4.89055079416487
13.733823252,4.963226304217914
13.73474766,4.963226304217914
13.737966608,5.040186946650453
13.738763482000001,5.1224505974822545
13.741277031000001,5.098729478552548
13.743457196000001,5.036404469095531
13.744626114,5.036404469095531
13.745976133000001,4.969283294854034
13.748390891000001,4.840343954770301
13.749914207000002,4.817632334279948
13.752092198000001,4.821167673212788
13.753890308,4.842362951649006
13.756417013,4.91907226666926
13.759067178,5.033128835155388
13.76138437,5.056598626672806
13.763374070000001,5.090913196030417
13.765611186000001,5.105548829005941
13.766501454,5.105548829005941
13.767836725,5.117407294075691
13.770522814000001,5.114123282555139
13.772023667000001,5.092923815328715
13.773886883000001,5.028072965378212
13.777182506,5.028072965378212
13.777830465000001,4.981393087336072
13.780118716,4.93142919777338
13.785198315,4.874905662749993
13.785440634,4.858502360308049
13.786430943000001,4.858502360308049
13.787983384,4.854213039138347
13.791651077000001,4.8524495584621326
13.793348342000002,4.900394451146118
13.79620347,4.987952732796768
13.796914372000002,4.987952732796768
13.799426204000001,4.9914880717296075
13.800976085,5.092923815328715
13.803554432,5.074250188595777
13.804637572,5.074250188595777
13.806361465,5.092416971713936
13.808365362,5.092416971713936
13.810205934,5.074250188595777
13.812003203000002,5.044476267820155
13.814341107,5.005114206265778
13.816042773000001,5.005114206265778
13.817965094000002,5.007887185381346
13.820067963000001,4.959695154075279
13.823185595,4.941021527342341
13.824102845,4.941021527342341
13.827844760000001,4.943798695248114
13.829624809,4.943798695248114
13.830496581,4.918565423054481
13.832031158000001,4.853714573103978
13.833927132000001,4.862041888031094
13.837174119,4.870871857782783
13.837954173000002,4.894341649300201
13.840665131000002,4.986696095735332
13.843526188,5.052807771537475
13.845618213000002,5.110847648614996
13.846336935,5.110847648614996
13.849325921,5.1050419853911615
13.850428073000002,5.1050419853911615
13.854998827000001,5.052305116712901
13.8550886,5.052305116712901
13.857485637000002,4.913526308438123
13.858504907,4.913526308438123
13.861007011000002,4.865581415754138
13.862021788000002,4.923868431453741
13.864618143000001,5.015720223064297
13.866272684,5.015720223064297
13.868083821,5.0548351459965915
13.869757665000002,5.139620448531674
13.872229697000002,5.193869470473862
13.874221584,5.149962571547291
13.876272811000002,5.168636198280229
13.877807957000002,5.111605819642062
13.880623487000001,5.05634729926052
13.881861120000002,5.05634729926052
13.884576133000001,5.047261813306338
13.886072268000001,5.047261813306338
13.887830495000001,4.921095452338172
13.889801652000001,4.915038461702051
13.892115851000002,4.9079719726265765
13.895351801,4.878700706675529
13.896467409000001,4.878700706675529
13.898810217000001,4.907720645214289
13.901298408,4.907720645214289
13.903630063000001,4.916550614965979
13.9046693,4.916550614965979
13.905886659,4.943547367835827
13.908133764,4.90544613213309
13.910107219,4.90544613213309
13.911893008000002,4.960453325102345
13.913898942000001,4.980136450274636
13.916546744000001,4.980136450274636
13.91787794,5.003099398177275
13.920468904000002,5.021521697497926
13.92216973,5.045242816427631
13.924432920000001,5.045242816427631
13.926077836000001,5.0641677705728565
13.927802206,5.0641677705728565
13.930112601000001,5.087382045887782
13.931818771000001,5.087382045887782
13.933762163,4.993515446188724
13.935969578000002,4.860789439759863
13.937956467000001,4.807294400054535
13.942208783000002,4.778529977718268
13.943166487000001,4.778529977718268
13.945350124,4.75632101205249
13.946208073000001,4.75632101205249
13.948490397,4.963992852825389
13.949914858000001,4.963992852825389
13.951907358000001,5.028592375363606
13.954831334000001,5.040199513021069
13.956188387000001,5.008151079164248
13.95897601,4.957684534776981
13.960176013000002,4.957684534776981
13.962834856,4.97358518239435
13.963909364000001,4.915800821519323
13.965903520000001,4.915800821519323
13.967855185000001,4.931693091556282
13.969950158000001,4.971059341900864
13.972033832000001,4.962480699561461
13.974475182,5.014714913415148
13.975764377,5.041460338872709
13.977977737000002,5.029099218978384
13.981210097000002,4.998311610973205
13.982105974000001,4.966774209521367
13.985239545,4.948603237613004
13.986213059,4.948603237613004
13.988387411000001,4.8867808829805615
13.989879101000001,4.907976161416782
13.991777874,4.916806131168471
13.994712519,4.95339521360728
13.996325971000001,5.04574966004241
13.997820141,5.127506467259431
14.001034225000001,5.1277577946717185
14.002520667,5.140118914566043
14.004402689,5.140118914566043
14.006037844000002,5.110093666378133
14.008450096,5.110093666378133
14.011312219,5.057101281497381
14.012350631,5.023540694376633
14.014076357,5.003099398177275
14.016175007000001,4.9584385170138425
14.018241622000001,4.946073208329313
14.021096178,4.890563360535484
14.022601731000002,4.8956108527322515
14.024014690000001,4.8956108527322515
14.025944778000001,4.846656461608913
14.027857370000001,4.846656461608913
14.029922398,4.829499176930108
14.032215975000002,4.829499176930108
14.035156178000001,4.931441764143995
14.036301727000001,4.945826069707231
14.038056347000001,5.0015914337035525
14.04157617,4.99427361721579
14.042617923000002,4.99427361721579
14.043955535,4.9796379842402665
14.045840444000001,4.9796379842402665
14.047823194000001,4.9788798132132
14.050009126,4.9667658319409576
14.052180503,4.9667658319409576
14.054366016000001,4.967524002968024
14.055953466,4.925887428332447
14.057998056,4.943300229213745
14.06047037,4.959196688040909
14.062655664000001,4.920085953898819
14.064134091000001,4.928915923650508
14.066601630000001,4.928915923650508
14.070078046,4.948603237613004
14.070644915,4.934218932049768
14.072655354,4.95036671828922
14.074201542,4.955158694283495
14.076833446,4.955665537898274
14.078141297,4.955665537898274
14.081516839,4.940271733895684
14.082708899,4.9834204617951885
14.084439566,4.973078338779571
14.086150958000001,4.973078338779571
14.088610540000001,4.993264118776437
14.090142606,4.9884679539919565
14.091810149,4.9884679539919565
14.093740077000001,5.012947243948728
14.097837543,5.060892136632713
14.098646589000001,5.069466590181911
14.10010366,5.097477030281317
14.102459602000001,5.089656558968981
14.104517447000001,5.089656558968981
14.10794514,5.087888889502561
14.108654151000001,5.087888889502561
14.111361164000002,5.066944938478629
14.112914749000002,4.984936803849322
14.114013023,4.940523061307972
14.116048674000002,4.930683593116928
14.11920064,4.903682651456874
14.121229979,4.883496871460009
14.122793279000001,4.86053392355737
14.124096958,4.837826491857223
14.126369763000001,4.837826491857223
14.128392158,4.846652272818709
14.129890831,4.983164945592697
14.132055645000001,4.985942113498471
14.134407599000001,5.02682051710698
14.136087850000001,5.0762775630548935
14.138107359000001,5.088387355536931
14.140096940000001,5.08056269543439
14.144711862000001,5.054826768416182
14.144754447,5.054826768416182
14.147231804,5.019498511829014
14.148135903,5.019498511829014
14.150342293000001,4.885507490758307
14.1524757,4.80072637701343
14.153977921000001,4.79946555116179
14.155800609000002,4.79946555116179
14.158542645,4.883492682669805
14.160224332,4.930176749502149
14.163192007000001,4.972311790172095
14.165865474,5.0210148538831465
14.166547744,5.0210148538831465
14.168160334000001,4.974837630665582
14.172242183000002,4.973828132226227
14.172947445,4.96878064002946
14.175681588000002,4.945566364714534
14.176361793000002,4.945566364714534
14.178050217000001,4.9917435879321
14.180352110000001,4.971050964320455
14.182540789,4.93496453670622
14.184668971,4.97584294031473
14.186316688000002,4.97584294031473
14.188489859,4.961965478366273
14.189938271,4.961965478366273
14.194044517,4.9160395825609955
14.19544063,4.950865184323589
14.196511251,4.950865184323589
14.198373786000001,4.933452383442292
14.202110615,4.984928426268912
14.202808349000001,4.984928426268912
14.20403306,4.9528799924120905
14.205926387000002,4.9528799924120905
14.210329530000001,5.0091563888133965
14.211040208,5.003099398177275
14.212218246,4.974334975841007
14.214098548,4.992501758959166
14.216576985000001,4.9955302542772255
14.218096316,5.006127893495336
14.219980043000001,5.024047537991412
14.222640813000002,5.026317862282407
14.224341473,5.024805709018478
14.226349636,5.024805709018478
14.228160909000001,5.044233317988277
14.230430506000001,5.043730663163703
14.231786891,5.043730663163703
14.235408978,5.0303558560398205
14.237149738000001,5.025563880045544
14.238273361000001,4.9930127913641495
14.239829876000002,4.978125830976339
14.243409662000001,4.994022289803503
14.245545700000001,4.935228430489121
14.246653053000001,4.935228430489121
14.248970855000001,4.908227488829068
14.250100558000002,4.908227488829068
14.252380264000001,4.8451443083449846
14.253837410000001,4.853220295859813
14.256329807,4.9089856598561346
14.257799989,4.972571495164792
14.260417351000001,5.0099187486306676
14.262139041000001,5.042721164724349
14.264703071000001,5.042721164724349
14.265839450000001,5.016985237706142
14.267732643,5.016985237706142
14.269866971,4.994524944628077
14.272206859,4.925133446095587
14.273874599,4.925133446095587
14.276624137,4.881477874581302
14.278186943000001,4.865074572139359
14.280576986000002,4.863306902672939
14.283047468000001,4.863306902672939
14.284387164000002,4.894597165502693
14.286194553000001,4.894597165502693
14.288350453000001,4.986193440910757
14.290164145,4.986193440910757
14.291903484,4.989724591053393
14.295105024000001,4.9581871896015555
14.295989127,4.95868984442613
14.298267567000002,4.990989605695238
14.300251178000002,4.989728779843597
14.303049813000001,4.947086895558872
14.304493922,5.016985237706142
14.306251572,5.016985237706142
14.30953814,5.017236565118429
14.310700591000002,4.988472142782161
14.313681870000002,4.994022289803503
14.314363498,4.994022289803503
14.315938976000002,4.955669726688479
14.317963009000001,4.934977103076834
14.322092655,4.919331971661957
14.323426199,4.914535806877476
14.324619727000002,4.943551556626032
14.327598661000001,4.999316920622353
14.328731354,4.999316920622353
14.330697428,5.010928247070021
14.332243968,5.011937745509375
14.334208847000001,4.995785770479718
14.336331986000001,4.9965439415067845
14.338148848000001,4.9965439415067845
14.341003153,4.977870314773846
14.343541603,4.976605300132001
14.344336281,4.976605300132001
14.345844015,4.976353972719714
14.348267842,4.976353972719714
14.349855705000001,4.985946302288675
14.351850619,4.9745904920434985
14.354967327,4.989477452431309
14.355865617000001,4.989477452431309
14.357750297,4.967524002968024
14.359785678000001,4.934968725496425
14.362682509,4.920333092520901
14.363935278000001,4.896867489793688
14.368549188000001,4.896867489793688
14.370714951,4.898124126855123
14.371589346,4.898124126855123
14.373521283,4.933448194652088
14.374240080000002,4.933448194652088
14.378174370000002,5.004858690063285
14.380011443,5.010660164496914
14.383353395,4.986185063330348
14.383377996,4.986185063330348
14.385005179,4.984170255241845
14.386121519000001,4.984170255241845
14.389387325000001,5.009143822442782
14.391467442000001,5.026049779709299
14.392905898,5.026049779709299
14.393951778000002,5.048757211409447
14.39610835,5.0691943188185995
14.398729192000001,5.0691943188185995
14.402201158,5.017466948579693
14.403323277,5.017466948579693
14.404642706,4.94555379834392
14.406220494000001,4.94555379834392
14.408624075,4.907448373850978
14.410938393,4.931420820192971
14.413997335000001,4.931420820192971
14.414738537000002,4.967251731604714
14.418118946000002,5.013931609646853
14.418899865,5.008130135213223
14.42051936,5.0225102519862554
14.423997576000001,4.979361524086751
14.424838299000001,4.981887364580237
14.427054666,4.981887364580237
14.428501631000001,4.952109255014411
14.430576061000002,4.962958221644807
14.43210191,4.962958221644807
14.434124955000001,4.969015212280928
14.436328518000002,4.978858869262177
14.438123704,4.995764826528694
14.441818107000001,4.979110196674464
14.442696306,4.9478241226349144
14.44470746,4.965739578340785
14.445942196,4.965739578340785
14.447891164000001,4.937481999619297
14.451388519000002,4.898367076687001
14.453391402000001,4.946563296783273
14.454798274000002,4.953881113271035
14.455854275,4.953881113271035
14.458357623000001,4.940003651322577
14.461206838,4.940003651322577
14.462407942,4.975331907909746
14.464030163,4.975331907909746
14.465978764,4.956406953764521
14.468429003,4.956406953764521
14.469909588,4.9503499631284
14.471871088,4.9856782197155685
14.47493318,4.963473442839996
14.476472726,4.941017338552136
14.478088277000001,4.89055079416487
14.480886018000001,4.92259922802169
14.483476201,4.855226726367906
14.484213350000001,4.855226726367906
14.486042044000001,4.833524604316908
14.488729585000002,4.833524604316908
14.490942286000001,4.888029142461588
14.492127360000001,4.888029142461588
14.494230567,4.850179234171138
14.496604712000002,4.8988822978821895
14.498171511,4.871881356222136
14.500130992,4.909228609688012
14.502434943,4.942286541984186
14.506382698000001,4.9157882551487075
14.507070595,4.9157882551487075
14.509982787,4.92310607163647
14.510677147,4.92310607163647
14.512069663,5.006877686941992
14.514870363000002,5.033371784987266
14.516511057,5.022778334559362
14.518424210000001,5.022020163532295
14.521302804000001,4.993507068608314
14.524279446000001,4.978368780808216
14.524984053,4.978368780808216
14.525976178,4.929414389684878
14.528724592000001,4.929414389684878
14.530310625,4.880459998561539
14.532557342,4.880459998561539
14.534923539000001,4.880715514764032
14.536096995000001,4.950865184323589
14.538935485000001,4.950865184323589
14.540299427,5.016725532713446
14.544029462000001,5.029589307432344
14.544859751,5.029589307432344
14.547785332,5.032617802750405
14.548647195000001,5.032617802750405
14.551700629,4.9902230570877615
14.556705461000002,4.987445889181988
14.556762256,4.962719460603134
14.557358943,4.966757454360548
14.558457773,4.966757454360548
14.56025578,4.974833441875377
14.562478179000001,4.987198750559905
14.564892247000001,4.987198750559905
14.566289415000002,4.992497570168961
14.568334561,4.992497570168961
14.570575794000002,4.9864405795328395
14.572177116,4.912759759830648
14.574033971,4.912759759830648
14.575871729000001,4.899133625294477
14.578247064000001,4.893076634658356
14.580972625000001,4.928153563833237
14.582112288000001,4.914020585682287
14.584614638000001,4.926888549191392
14.586978477,4.926888549191392
14.588535818,4.994767894459955
14.58989779,4.994767894459955
14.591897966000001,4.975336096699951
14.593978742000001,4.988958042445916
14.595962961000001,4.951614977770245
14.597844038000002,4.949344653479252
14.600003328000001,4.944041645079992
14.603073816,4.9183057180617835
14.604054266,4.89181162001651
14.605926425000002,4.89181162001651
14.609027563000001,4.913258225865016
14.610717142,4.927391204015966
14.611904824000002,4.927391204015966
14.614558382,4.9609476023465096
14.617588567,4.982142880782729
14.618443671000001,4.959690965285074
14.620776583000001,4.9687722624490505
14.622070466,4.997285357373031
14.624943227000001,4.9387428254709365
14.626187162,4.9387428254709365
14.627957258,4.941013149761932
14.629855994000001,4.983910550249149
14.632813115000001,4.985674030925364
14.633776649000001,5.038415088393829
14.635824765,5.095189950829504
14.637793981000002,5.143381982135571
14.640853598000001,5.164078794537421
14.643203428000001,5.164078794537421
14.644425848000001,5.148689179325036
14.647783211,5.148689179325036
14.648207213000001,5.06163355249896
14.649832342000002,5.06163355249896
14.651854763000001,4.937733327031584
14.653774898000002,4.809300830562628
14.655851063,4.802234341487154
14.658208442000001,4.7969355218780985
14.660825474000001,4.7969355218780985
14.661910465,4.81182248226591
14.664908238,5.035390781865973
14.665873853,5.035390781865973
14.668027318,5.0838425181647375
14.669985845000001,5.187045931230265
14.672380202000001,5.194112420305739
14.675672279,5.114881453582204
14.676274132000001,5.067443404512998
14.678451619,4.961462823541699
14.680782641,4.961462823541699
14.683438484000002,4.801987202865071
14.684787238,4.801987202865071
14.686963732,4.703324438381532
14.687911364000001,4.703324438381532
14.69133058,4.756568150674572
14.692355632000002,5.036408657885736
14.695050962000002,5.027830015546335
14.696489450000001,5.015716034274091
14.698857322,5.035650486858671
14.700152489,5.035650486858671
14.70311741,5.021521697497926
14.705480626000002,4.908725954863438
14.706504668000001,4.908725954863438
14.707850059,4.877687019445971
14.710200584,4.877687019445971
14.714131707000002,4.853207729489198
14.714871063,4.955908487730151
14.71709764,4.965747955921195
14.718218773,5.0083940289961255
14.719948766000002,5.042461459731652
14.724501902,5.022020163532295
14.726272895000001,5.018995857004439
14.727300403000001,5.018995857004439
14.727989314,5.0212661812954344
14.730073113000001,5.008146890374043
14.731740680000001,5.04750895192842
14.733806102,5.107819153296935
14.735729046000001,5.168883336902311
14.738379525000001,5.202950767637838
14.740649085000001,5.228686694656046
14.743417589000002,5.161816847826837
14.744584557000001,5.070220572418773
14.74692667,5.070220572418773
14.748418568000002,5.01016588725275
14.749814762000002,5.01016588725275
14.753412562000001,4.897876988233041
14.754722242000001,4.897876988233041
14.755807661,4.887530676427219
14.757846301,4.839338645121152
14.761878721,4.835551978776024
14.764461906000001,4.842367140439212
14.765079566,4.83378849809981
14.765938208000001,4.83378849809981
14.768300372,4.846405134196626
14.769999169,5.006634737110114
14.771871626000001,5.006634737110114
14.775206659,5.023540694376633
14.778080431000001,5.084609066772214
14.778919169000002,5.057863641314652
14.781719269000002,5.028592375363606
14.782548821,5.022786712139771
14.785049823000001,4.9175643021955375
14.785996334000002,4.9175643021955375
14.787809721,4.862557109226282
14.790075528000001,4.836314338593295
14.792390911000002,4.836314338593295
14.793756080000001,4.910502001910267
14.796445833000002,5.012947243948728
14.801748635000001,5.046763347271968
14.801820095,5.036668362878433
14.803385194,5.044744350393262
14.804596290000001,5.044744350393262
14.806266009000002,5.030611372242312
14.808549824000002,5.030611372242312
14.810086207000001,4.940531438888381
14.81192088,4.913781824640615
14.813892772,4.919084833039874
14.816276206000001,4.919587487864449
14.817859413,4.956427897715545
14.821918149,4.966271554696794
14.822730584,4.966271554696794
14.826231998,4.967783707960722
14.827008112000001,4.967783707960722
14.829216665,5.025568068835749
14.830517677000001,5.025568068835749
14.83258451,5.0694749677623205
14.834363297000001,5.2206232735118325
14.836159342,5.269828992047458
14.837939545000001,5.237780558190638
14.842721215000001,5.135837970976751
14.843692678000002,5.001348483871674
14.844547947,4.934729964454752
14.846076833000001,4.934729964454752
14.849662504000001,4.868869616064895
14.851978893,4.850707021736942
14.852783766000002,4.850707021736942
14.854036735000001,4.85398684446729
14.856616242000001,4.8683711500305265
14.858493315,4.9354923242720234
14.860320430000002,4.993021168944559
14.864640017000001,4.995547009438045
14.866563412000001,4.986712850896152
14.866940395,4.986712850896152
14.868051445,5.030619749822722
14.870110294000002,5.0664548500246696
14.872744235,5.081086294209988
14.874314125000001,5.0990017499158595
14.876050977,5.0616586852401895
14.877834949,5.013713792556204
14.88110166,4.993021168944559
14.882314614,4.961735094905009
14.884561833000001,4.911771205342317
14.886262034000001,4.911771205342317
14.888647322,4.844901358513108
14.89070983,4.814117939298132
14.891827209,4.851209676561517
14.893970834000001,4.93044064328505
14.896015341000002,4.989992673626499
14.898234930000001,5.036169896844064
14.899967115,5.020273438016899
14.902644876,5.054843523577001
14.905449033000002,4.983433028165804
14.906576770000001,4.983433028165804
14.90835034,4.925899994703062
14.910254841,4.8688738048551
14.912349278,4.8688738048551
14.914552663,4.82925622709823
14.916561972,4.82925622709823
14.919923587000001,4.9100077246661025
14.921576911,4.915310733065362
14.923382245,4.974355919792031
14.924598294,4.982427718516655
14.926021975000001,4.982427718516655
14.927976168,4.946852323307404
14.930462651000001,4.946852323307404
14.931885907000002,4.942056158522924
14.934291329,4.961990611107502
14.936155516000001,5.022045296273523
14.938084300000002,5.038448598715468
14.942131556000001,5.002362171101233
14.942731107,4.9652704338378495
14.944002912,4.989242880179842
14.946083381000001,4.989242880179842
14.947896900000002,4.961232440080435
14.950887304,4.947354978131977
14.952004025,4.947354978131977
14.953876373000002,4.91556206047765
14.956264618,4.929946366040886
14.958048241,4.929946366040886
14.961215395000002,5.027850959497358
14.962532807,5.092953136860148
14.964246533,5.092953136860148
14.967696399000001,5.085639509162592
14.968587965000001,5.085639509162592
14.971063459000002,5.124247588480107
14.971963325,5.1290395644743825
14.973909605000001,5.1290395644743825
14.975801936000002,5.05535874477219
14.977771553,4.998081227511941
14.980246896,4.961994799897706
14.982456593,4.8850341574651654
14.985948179000001,4.8731756923954155
14.986639960000002,4.8731756923954155
14.987956649000001,4.827756640204917
14.989988634000001,4.758867796496999
14.992828826,4.7846037235152075
14.995127149000002,4.818419826838448
14.996360682,4.818419826838448
14.998292998,4.894370970831635
15.003251800000001,5.034159277545766
15.003269128000001,5.034414793748258
15.004379572000001,5.034414793748258
15.005902168,4.9947972159913885
15.007925306,4.943572500577056
15.010495835,4.923889375404764
15.013259308,4.902945424380833
15.01487778,4.925405717458897
15.016122341,4.921870378526058
15.018690040000001,4.911528255510439
15.021248015000001,4.9728437665281024
15.023740584,4.980668426630643
15.024731908000001,4.980668426630643
15.026505811000002,4.954681172200149
15.028413021,4.950894505855022
15.030563186,4.916073092882633
15.032856837,4.916073092882633
15.034352976000001,4.8842759864381
15.036145471000001,4.8842759864381
15.038104382,4.910774273273579
15.040684938,4.884020470235608
15.042989041,4.970573442237109
15.044405149000001,4.997570195106958
15.046027863,4.997570195106958
15.04817382,4.958710788377154
15.050277672000002,4.992271375497903
15.052017864000002,4.977384415110091
15.054241443,4.977887069934666
15.05644376,4.990507894821687
15.058518455000002,4.95467279461974
15.061094242000001,4.959720286816507
15.063757046000001,4.997063351492177
15.064975728,4.997063351492177
15.066634768,5.029363112761286
15.0683261,5.029363112761286
15.070413196,4.9988310209585975
15.072179914000001,5.048288066906511
15.074066191000002,4.983944060570787
15.076452249,5.007912318122575
15.078502063,4.951141644477105
15.080499622000001,4.951141644477105
15.082427191,4.936757338913869
15.084918188000001,4.936757338913869
15.086059792,4.927169198135112
15.088327254000001,4.956189136673872
15.090062007,4.956189136673872
15.092442774,4.9897497237946205
15.094589156000001,5.036178274424474
15.096743493000002,5.053335559103278
15.097923491000001,5.050813907399997
15.099838086,5.027092788470291
15.102642312,4.939790023022133
15.105505702,4.94887132018611
15.106558712000002,4.94887132018611
15.11071959,4.911528255510439
15.111045309000001,4.911528255510439
15.112552115000002,4.850970915519842
15.114867613000001,4.888313980195513
15.116061098000001,4.876958169950338
15.119776862,4.95114583326731
15.121105120000001,4.9877349157061195
15.122561151000001,4.984203765563484
15.124568150000002,4.984203765563484
15.126877226000001,4.935249374440145
15.128535024000001,4.920865068876909
15.130287313,4.920865068876909
15.131997122000001,4.880996163707752
15.136221598,4.949126836388602
15.136703691000001,4.949126836388602
15.140037342000001,4.926415215898251
15.141722816000001,4.975625123224082
15.142476967,4.983952438151197
15.144038884,5.014229013751393
15.146563901,5.014229013751393
15.150175256,5.010949191021045
15.150912414,5.010949191021045
15.152172008,5.030883643605623
15.154969089000002,4.998332554924228
15.156065347,4.960482646633778
15.158786384,4.878478700794675
15.160017326,4.879484010443823
15.166398686,4.887308670546364
15.166419573,4.90269828575875
15.167201312000001,4.910271618449005
15.168259302000001,4.972345300493734
15.170641848,4.972345300493734
15.172882940000001,5.002626064884134
15.174409224000001,5.045523465371351
15.176130239,5.045523465371351
15.177963901000002,5.058642756292743
15.180868405000002,5.03164181463269
15.183471926000001,5.027603820875275
15.184330821000001,5.037196150444236
15.186538067,5.037196150444236
15.188077233000001,5.020034676975226
15.189930997000001,5.020034676975226
15.192376113000002,4.981933441272489
15.195117484,4.992786596693091
15.196974383,4.999848896978361
15.199001209,4.982947128502048
15.202196622,4.975629312014286
15.202922837000001,4.967804651911745
15.203951406000002,4.900934805082535
15.206219452000001,4.900934805082535
15.208008099,4.857538938560948
15.209969634,4.857538938560948
15.211791946000002,4.847192626755126
15.21430645,4.894634864614536
15.216472446000001,4.957969372510906
15.218008006000002,4.998340932504638
15.220741488000002,5.023825532110559
15.221998534,4.973107660311005
15.224893825,4.973107660311005
15.226059744,5.009441226547322
15.227823976000002,5.009441226547322
15.231286793,4.953424535138713
15.233638451000001,4.92819126294508
15.234486123000002,4.930210259823787
15.237139583000001,4.896649672703038
15.238494218000001,4.973358987723292
15.240374883000001,4.974619813574932
15.24303665,4.939798400602544
15.244176118,4.967301997087171
15.246552252,4.967301997087171
15.248640428000002,4.990013617577523
15.249950351,4.990013617577523
15.252129729000002,4.9509028834354325
15.254471071000001,4.948883886556724
15.255897075000002,4.940053916805035
15.257855485,4.946110907441156
15.260204198,4.977652497683198
15.263106042,4.9927949742735
15.264536404000001,4.969832026370862
15.265968669000001,4.969832026370862
15.268102331000001,4.994813971152207
15.269956074000001,4.994813971152207
15.273055087000001,5.056632136994446
15.274626970000002,5.112644639612848
15.276275084000002,5.112644639612848
15.277819993000001,5.127535788790865
15.281114926,5.1227396240063845
15.28264487,5.10987166049728
15.284002728,5.081861220397874
15.285820179000002,5.081861220397874
15.288491906,5.057637446643594
15.289966686000001,4.969320993965877
15.291966846000001,4.897407843730105
15.293873471000001,4.943333739535383
15.296002240000002,4.906489140894082
15.297934374,4.857287611148661
15.300889792000001,4.8532496173912465
15.30238723,4.841642479733784
15.304944366,4.841642479733784
15.306010129,4.809091391052389
15.308335953,4.809091391052389
15.310708916000001,4.8532496173912465
15.312102824,4.8532496173912465
15.31388053,4.970330492405231
15.316174477,5.10154015677996
15.319494898,5.112644639612848
15.3200769,5.078074554052747
15.323270842000001,5.043253141080357
15.324082038,4.967046480884679
15.325849790000001,4.967046480884679
15.327982109,4.89563598547348
15.331836370000001,4.822713336798354
15.332531639,4.765687146950392
15.334254358,4.812873868607311
15.335755255,4.900683477670248
15.338566301,4.968814150351099
15.340564025,4.951908193084581
15.342560624,4.951908193084581
15.344311812,4.997582761477571
15.346847913000001,4.997582761477571
15.347933504,5.016256388210509
15.350214749000001,4.99732724527508
15.352089661,4.99732724527508
15.354121073000002,4.993796095132445
15.356033202,4.981430786447915
15.358150697000001,5.023063172293287
15.361880704,5.035679808390103
15.363185138,5.083620512283884
15.370439639,5.106327943984032
15.370464469000002,5.131565404967869
15.371411394,5.131565404967869
15.373854358,5.133831540468658
15.373879304,5.133831540468658
15.375273558000002,5.119698562317709
15.376255147,5.119698562317709
15.37839063,5.005901698824277
15.382812084000001,4.919097399410489
15.383622933000002,4.919097399410489
15.384504627,4.802519179221078
15.386183486,4.802519179221078
15.388148011,4.724553227139389
15.390159729,4.724553227139389
15.394257853000001,4.734392695330433
15.395095459,4.734392695330433
15.397889710000001,5.011707362048111
15.40112363,5.089677502920004
15.402095072000002,5.089677502920004
15.403993047,5.099768298523336
15.404390066000001,5.099768298523336
15.406114794,5.064440041936167
15.408710763,4.993280873937255
15.411391062000002,4.993280873937255
15.413221479,4.908495571402175
15.414673873000002,4.908495571402175
15.416156731000001,4.8820014733569
15.41970655,4.899158758035705
15.420788895000001,4.95946895940422
15.422114398000002,5.001101345249592
15.424741018,5.001101345249592
15.426152093,5.004129840567653
15.429230290000001,5.004129840567653
15.430764424000001,4.996816212870096
15.431974041,4.996816212870096
15.433954857000002,4.976881760285518
15.435993080000001,4.963251436959142
15.438260541000002,4.947099461929486
15.440198244000001,4.975109902028892
15.443713887000001,5.005139339007006
15.445364571,5.005139339007006
15.446301279000002,5.006902819683221
15.448067233000002,5.006902819683221
15.452193780000002,5.018258629928397
15.452684736,5.011950311879988
15.453811725000001,5.011950311879988
15.456036762,5.002362171101233
15.45815357,4.965773088662424
15.461170806,4.963754091783716
15.462440431000001,4.996812024079891
15.464417361,4.996812024079891
15.466147708000001,5.035420103397407
15.467985672000001,5.035420103397407
15.469870344,5.092697620657656
15.471898672000002,5.131557027387459
15.475048376,5.136353192171939
15.476122085,5.137865345435868
15.478119066000001,5.1166700669996485
15.481445341,5.053080042900786
15.483727041000002,5.034661932370341
15.484952839000002,5.034661932370341
15.487397477000002,4.945587308665558
15.489103693,4.824212923691668
15.490518371,4.824212923691668
15.492874776,4.784595345934798
15.495221144,4.784595345934798
15.496093444000001,4.7464899214418566
15.501831519000001,4.885779762121618
15.502712578,4.94583444728764
15.503265714000001,4.94583444728764
15.505723770000001,5.008917627771724
15.506465295000002,5.008917627771724
15.508042741,5.092944759279739
15.510465663000002,5.092944759279739
15.511793632000002,5.080076795770634
15.514453488000001,5.080076795770634
15.51614256,5.01270429411685
15.51785794,4.984949370219936
15.520065538,5.0026134985135196
15.522436076000002,5.009675798798789
15.523908372000001,5.009675798798789
15.526086917,5.039705235776903
15.528628513000001,5.039705235776903
15.530540056000001,5.01447196358327
15.531985628000001,4.9715703743058475
15.534210705000001,4.9715703743058475
15.536829776000001,4.914292857045599
15.538626248000002,4.8756847777280825
15.540343526000001,4.895367902900373
15.542064948,4.892083891379822
15.544902992,4.892083891379822
15.546365635,4.931198814312117
15.5483597,4.931198814312117
15.550533398,4.978888190793611
15.553148195,4.94860742640321
15.55426472,4.94860742640321
15.557141047000002,4.995287304445348
15.558004797,4.985703352456797
15.560278206000001,4.960470080263164
15.564049937000002,4.979143706996102
15.564656453000001,4.979143706996102
15.565892152000002,4.94936978622048
15.567715665000001,4.94936978622048
15.571225278000002,4.997314678904465
15.57377435,4.956687602708242
15.574470434,4.956687602708242
15.575707623000001,4.994788838410979
15.57811434,4.938516630799879
15.581187942000001,4.938516630799879
15.582208414,4.938516630799879
15.585886330000001,4.962744593344363
15.586438231,4.962744593344363
15.588023309,4.943564122996646
15.589753001000002,4.995798336850332
15.591932863,4.974603058414114
15.594138488,4.974603058414114
15.596331616,4.9854562138347145
15.597771533000001,5.068729363105868
15.600468021000001,5.069738861545222
15.602838502,5.098251956469203
15.604277706000001,5.098251956469203
15.60612026,5.0964842870027836
15.608341693000002,5.0964842870027836
15.610177187000001,5.092953136860148
15.613224286000001,5.092953136860148
15.614320519000001,5.019523644570243
15.615673666000001,4.929188195013819
15.617642883,4.927424714337604
15.62252151,4.832544427408988
15.622855929000002,4.838856934247601
15.623823614,4.838856934247601
15.625938114,4.825482127123719
15.628693115,4.825482127123719
15.631025486,4.7896512157119755
15.632482777000002,4.978649429751938
15.634973358000002,4.949629491213177
15.635978093,4.949629491213177
15.638169548,4.9829387509216385
15.640672576000002,5.0286091305244245
15.643504957000001,4.989247068970047
15.644726431,4.989247068970047
15.647033316000002,4.976626244083025
15.647718711000001,4.976626244083025
15.651689847,4.9602229416410815
15.652298891000001,5.021789780071032
15.653658736,5.021789780071032
15.655647316000001,4.982930373341229
15.658219455000001,4.994788838410979
15.660231002000002,4.969304238805059
15.662568986,4.968043412953418
15.664139823000001,4.968043412953418
15.666263649000001,4.953914623592673
15.668103645,4.953914623592673
15.670886105000001,4.989996862416703
15.672074555000002,5.043743229534317
15.673820032000002,5.043743229534317
15.675751417,5.083360807291187
15.678177441,5.135092366320299
15.682624559,5.127020567595675
15.682659325000001,5.113645760471793
15.684708786000002,5.113645760471793
15.6858854,5.0702457051600005
15.688219811000002,5.0702457051600005
15.689995739,4.95644046408616
15.692440903000001,4.867621356583869
15.694381113,4.867621356583869
15.695807014000001,4.812861302236696
15.697743477000001,4.858280354427195
15.700653056,4.911775394132523
15.703793428,4.957449962525513
15.704376434,4.957449962525513
15.706676518000002,4.945084653840984
15.707826533,4.945084653840984
15.710679926000001,5.003878513155366
15.71181965,4.939283179407355
15.713811479,4.939283179407355
15.715741627000002,4.954425655997658
15.718154473,4.90093061629233
15.720737161,4.90093061629233
15.722447813,4.9572028239034305
15.724240725000001,4.9572028239034305
15.725837988,5.102541277638904
15.727816722000002,5.093715496677419
15.730063879000001,5.121721747986621
15.731840899000002,5.080340689553536
15.733745392000001,5.080340689553536
15.736272824,5.034666121160546
15.738425670000002,4.899418463028402
15.741577527,4.83279994361148
15.742558061,4.788139062448047
15.744541443000001,4.788139062448047
15.745915866,4.781328089575065
15.748528866000001,4.781328089575065
15.749849855,4.846932921762429
15.751846101000002,4.946349668482829
15.756472276,4.95770966751821
15.75704698,4.95770966751821
15.758241729000002,4.974866952197015
15.759934807,4.944837515218901
15.762713755000002,4.922381410931042
15.763977474,4.927428903127809
15.765721923000001,4.927428903127809
15.767734038,4.921116396289196
15.771031122,4.879479821653619
15.772176535000002,4.91859055579571
15.773880633000001,4.911779582922727
15.776338361,4.97309509394039
15.778085294,4.97309509394039
15.781304223000001,5.051827594629556
15.784227003000002,5.039462285945026
15.785153481000002,5.030883643605623
15.785894171,5.030883643605623
15.788307279000001,5.003124530918504
15.789736023000001,5.003124530918504
15.792169186,4.956189136673872
15.794165539000002,4.956189136673872
15.795655897000001,4.8842759864381
15.798312845000002,4.9153149218555665
15.804518449000001,4.946349668482829
15.804551701000001,4.979910255603579
15.805310173,5.008423350527559
15.80603879,5.008423350527559
15.807719960000002,5.083117857459309
15.809711721000001,5.135096555110503
15.812818417,5.1421630441859785
15.813964303,5.1421630441859785
15.815935787,5.108346940862738
15.818869064000001,5.037945943890893
15.819671338000001,5.032144469457264
15.824672406000001,4.948624181564028
15.824689320000001,4.907490261753026
15.826098248000001,4.850715399317351
15.827934242000001,4.850715399317351
15.831504221000001,4.812362836202327
15.832589803000001,4.761393636990486
15.833822417,4.855260236689545
15.836120857000001,4.901186132494822
15.838584335,4.922130083518754
15.840676002,4.985468780205329
15.842410749,4.985468780205329
15.845477607000001,5.03517715356553
15.846369651000002,5.03517715356553
15.847870653000001,4.981937630062694
15.849817734,4.942826895920604
15.851992569000002,4.920115275430252
15.853947331,4.913555629969557
15.855802314000002,4.9360117342574155
15.857856472000002,4.935756218054925
15.863882171,4.9450930314213934
15.864210468000001,4.99858807112672
15.865543662,4.996824590450505
15.866004245000001,4.996824590450505
15.867932715,4.981937630062694
15.869818010000001,4.981937630062694
15.872579342000002,4.971335802054379
15.874333037000001,4.913551441179352
15.875767857000001,4.913551441179352
15.877737331,4.92162742869418
15.880575166000002,4.884280175228304
15.882123851000001,4.884280175228304
15.883949312,4.933490082554135
15.88759459,4.933490082554135
15.888353089,4.944594565387024
15.889770211000002,4.944594565387024
15.891769836000002,4.977145654068418
15.895729011,4.977145654068418
15.896138372000001,4.977145654068418
15.899067015000002,4.980174149386479
15.900325786000002,4.986733794847175
15.90267659,5.01045491377688
15.904895144000001,5.034176032706585
15.906574154000001,5.06369862606992
15.909418082,5.06369862606992
15.911531564,5.121231659532661
15.912607425000001,5.121231659532661
15.913951727,5.174978026650275
15.916064261,5.0922117209939
15.919056869,5.071774613584748
15.920348844000001,5.071774613584748
15.92634372,4.95191657066499
15.926898821000002,4.868140766569262
15.927651471,4.868140766569262
15.92856167,4.858049970965933
15.929985192,4.858049970965933
15.931853402000002,4.8620879647233455
15.934355224,4.923658991943501
15.935947225000001,4.923658991943501
15.937908927,4.932237634282904
15.940672840000001,5.007434796039229
15.942294351000001,4.997846655260473
15.944004161,4.9943155051178385
15.946711563000001,4.9943155051178385
15.948325652000001,4.972864710479127
15.950350501,4.972864710479127
15.952306431,5.001130666781026
15.953958554000002,4.963276569700371
15.956100922000001,4.959494092145449
15.957904383,4.861840826101263
15.960249606000001,4.890609437227736
15.963820040000002,4.855532508052855
15.965916572000001,4.920886012827933
15.966221192,4.920886012827933
15.968442277000001,4.908018049318829
15.970806647000002,4.969589076538984
15.971941496000001,4.969589076538984
15.973965241,4.941829963851864
15.975819937,4.963284947280781
15.979019556,4.924170024348485
15.980102639000002,4.880518641624406
15.982610202000002,4.879509143185053
15.984540682,4.870679173433363
15.986490174000002,4.870679173433363
15.987886875000001,4.880015986799832
15.989777081000002,4.974896273728449
15.992172896000001,4.972621760647249
15.993835507000002,4.980442231959586
15.996122042000001,5.031666947373918
15.998208538000002,5.029903466697704
16.000242796000002,4.994575210110535
16.002418353,4.9864992225957065
16.004735858,4.917359051475502
16.005945819,4.917359051475502
16.007843142000002,4.89818276991799
16.010178626000002,4.89818276991799
16.012373006,4.91887120473943
16.013852641,4.951170966008538
16.015712624000003,5.014254146492622
16.017888998,5.135121687851733
16.020733245000002,5.141174489697649
16.022773508,5.141174489697649
16.023910677,5.211068643054715
16.025766086,5.211068643054715
16.029250691,5.2241921227663095
16.031472486000002,5.144454312427996
16.033210526,5.050085057904364
16.036112184,4.956972440442168
16.036846320000002,4.874457462198079
16.037884017,4.874457462198079
16.042928232,4.846953865713453
16.043638924,4.846953865713453
16.045430045,4.7755433703022545
16.046463047,4.7755433703022545
16.048250596000003,4.756869743569317
16.050710128000002,4.756869743569317
16.053590506000003,4.820962422492753
16.054123044,4.974887896148039
16.056591489000002,4.96378341331515
16.057893576,5.002140165220379
16.059778654000002,5.013747302877842
16.062857855,4.973878397708686
16.064255938000002,4.94889645292734
16.065945901000003,4.94889645292734
16.067845004000002,4.945867957609279
16.071249336,4.918108844922159
16.07229042,4.954195272536394
16.074697745,4.954195272536394
16.076140729000002,4.9806893705816675
16.077945535,4.8966622390736525
16.079923773,4.893131088931018
16.082352857,4.891112092052311
16.084423360000002,4.837868379759271
16.086821679,4.837868379759271
16.088141751000002,4.905245070203261
16.089888390000002,4.905245070203261
16.093298082,4.868400471561959
16.094192314,4.945612441406787
16.095908214,4.9554560983880345
16.097871133,4.924417162970568
16.10117684,4.971603884627487
16.102362698,4.9993588085244
16.104030546,4.980685181791463
16.106144609,4.980685181791463
16.108447147,4.955703237010117
16.110567531,4.955703237010117
16.113008713,5.007179279836737
16.113963311000003,5.004908955545743
16.115817503000002,4.967813029492154
16.118116378,4.999861463348975
16.120549128,4.9680685456946465
16.12296887,4.998851964909621
16.123777540000003,5.008946949303157
16.126208648000002,5.008946949303157
16.128673676000002,4.977401170270911
16.131270530000002,4.977401170270911
16.132652922000002,5.025094735542609
16.134120869,5.054621517696148
16.135768539,5.054621517696148
16.138057918,5.079096618862715
16.142528987000002,5.077831604220869
16.142898684000002,5.083381751242211
16.144460035,5.035943702173006
16.146417037000003,5.035943702173006
16.147804723,5.014241580122007
16.150829623,4.983458160907031
16.15171115,4.9501489011985695
16.153807406000002,4.90523669262285
16.155750239,4.93526194081076
16.159584209000002,4.876719408908665
16.160282559000002,4.853505133593739
16.163419141000002,4.807076582963886
16.165949097000002,4.838618173205928
16.166520823000003,4.838618173205928
16.169329318000003,4.866121769690555
16.170380325,4.866121769690555
16.172369008,4.984216331934099
16.174180367,5.006421108809671
16.176353581,5.006421108809671
16.178792951000002,4.953935567543697
16.180295136,4.953935567543697
16.183178788,4.941067604034593
16.184366790000002,4.902715040919569
16.186374971,4.902715040919569
16.187979562000002,4.919620998186087
16.191655437,4.933247132722258
16.192841264000002,4.931730790668125
16.193910348,4.922393977301655
16.195773661,4.907251500711353
16.198283717000002,4.934503769783693
16.200839483,4.934503769783693
16.201779684,4.954693738570764
16.204711326,4.967813029492154
16.205704027,4.967813029492154
16.207703544,4.9887569805160865
16.209633200000003,4.9584762161256855
16.212317598000002,4.962765537295386
16.21368182,4.97790801388569
16.215744395,4.923152148328723
16.21907411,4.921133151450015
16.222513868,4.921133151450015
16.223223504,4.936020111837826
16.224269548000002,4.925673800032003
16.226389100000002,4.925673800032003
16.227922132,4.967561702079867
16.229870067,5.011464412216234
16.232407934,5.028119042070464
16.233938235,5.028119042070464
16.235890986,5.0359395133828
16.238598865,5.0384611650860816
16.241436213,5.088931898263553
16.243426175,5.111894846166193
16.244357314000002,5.111894846166193
16.246090977,5.117193665775246
16.248007507,5.082874907627431
16.249969273,5.082874907627431
16.252474289000002,5.037204528024646
16.253851194000003,4.941314742656676
16.255816572,4.850221122073187
16.257991070000003,4.76241151301025
16.260708362000003,4.6718205472513334
16.261839701,4.677626210475168
16.264181096,4.677626210475168
16.267442636000002,4.736926913404329
16.268129993000002,4.736926913404329
16.270451279,5.018778039913791
16.272349761,5.103814669861159
16.273684824,5.088927709473348
16.275644447,5.012725238067874
16.277953737,4.990013617577523
16.280366333,4.9339969261689145
16.282230858000002,4.916584125287617
16.28394284,4.916584125287617
16.285843469,4.887819702951349
16.288161671,4.887819702951349
16.29059929,4.876463892706172
16.292074513,4.956453030456774
16.293745157,4.91986813680817
16.296813997,4.917597812517175
16.299020817000002,4.942831084710808
16.300359007,4.904223005393293
16.302117958,4.869908436035682
16.304448535000002,4.9044785215957845
16.306482096,4.9044785215957845
16.309665987000002,4.917597812517175
16.310732752,4.915076160813894
16.311796887,4.995065298564495
16.314077004,4.998851964909621
16.315887767,4.978917512325043
16.317661784000002,5.007434796039229
16.321158395,4.9975953278481855
16.322274408000002,4.99860482628754
16.323938415,4.99860482628754
16.327527098,4.969078044134
16.328654884000002,4.969078044134
16.329794080000003,4.987751670866938
16.333100778000002,4.9630210534978785
16.33491557,4.961508900233951
16.336554906,4.938294624919025
16.338161206000002,4.9259293162344955
16.340054428000002,4.9259293162344955
16.343369762000002,4.940309433007528
16.344419939,4.940309433007528
16.345829885,4.925925127444291
16.348445209,4.925925127444291
16.349725135,4.9837094883193185
16.351718673,4.995316625976782
16.354147318000003,5.038465353876287
16.355817204,5.038465353876287
16.357686216,5.059916148514998
16.362077844,5.029132729300023
16.363768110000002,5.020302759548333
16.364817485,5.020302759548333
16.369559395,5.0233312548663935
16.369592557,4.990021995157932
16.372088676,4.990021995157932
16.372835087000002,4.9895193403333575
16.373846418,4.9895193403333575
16.376077859000002,4.9723620556545525
16.379297602,4.919373859564005
16.380867183,4.919373859564005
16.381835408,4.9193696707738
16.384011769,4.9193696707738
16.385744821,4.867139645710319
16.387833693,4.886311738477626
16.389954134,4.886311738477626
16.391984388,4.9731160378914145
16.394224713,4.9731160378914145
16.396293484,4.977656686473403
16.399042607000002,5.01298494306057
16.399782950000002,4.97614034441927
16.402783117000002,4.962769726085591
16.404115299,4.948892264137135
16.405722761,4.948892264137135
16.40776825,4.9006960440408625
16.412478023000002,4.967821407072565
16.413172549000002,4.967821407072565
16.413860194,4.990026183948137
16.415803979,4.993812850293264
16.418129673,5.009457981708141
16.420253456,5.009457981708141
16.42199295,4.979935388344806
16.424024403,4.979935388344806
16.426217761,4.949147780339627
16.428678892,4.949147780339627
16.430504419000002,4.901961058682708
16.43171119,4.901961058682708
16.434723186,4.949147780339627
16.435919518000002,4.949147780339627
16.437796187,4.9693335603364925
16.44053776,5.03948322989605
16.442031158000002,5.071527474962665
16.44377121,5.071527474962665
16.445773343000003,5.078593964038141
16.448160572000003,5.094993077689879
16.450090517,5.094993077689879
16.451964822,5.081618270565996
16.455379934,5.060929835744556
16.456128455,5.038469542666491
16.457685009000002,5.018028246467134
16.461208859000003,4.997339811645693
16.46249784,4.965798221403652
16.465418629000002,4.931730790668125
16.46602983,4.931730790668125
16.468233423,4.907255689501558
16.470045805,4.9044785215957845
16.471811437,4.877226252523444
16.473750024,4.843916992814983
16.475728165,4.798246613212197
16.478159009000002,4.781089328533392
16.480857168,4.891610558086681
16.481756072,4.920626307835236
16.484518100000003,4.920626307835236
16.485728347000002,4.971348368424994
16.487883648,5.037966887841917
16.490379166,5.037966887841917
16.49246385,5.007183468626941
16.493692167000003,5.007183468626941
16.496054388,5.0016333216056
16.49764175,4.958735921118382
16.4999143,4.925426661409921
16.502084188,4.943342117115793
16.503971457000002,4.943342117115793
16.506169211,4.914322178577033
16.507885816,4.928957811552556
16.510365762,4.928957811552556
16.51171593,4.905994863649917
16.513722354000002,4.9022165748852
16.516180636,4.959494092145449
16.518263944,4.968324061897139
16.523196179,4.959494092145449
16.523241791,4.959494092145449
16.523907104000003,4.964541584342217
16.526108692,4.964541584342217
16.527898911,4.969082232924205
16.529919561,5.002391492632666
16.532226233,5.002391492632666
16.534008662,4.981950196433308
16.536195751,4.981950196433308
16.538287872,5.017785296635256
16.540484741,5.024596269508239
16.543204030000002,4.99987402971959
16.544345519,4.99987402971959
16.546331889,5.006433675180285
16.547986071,4.929473032747744
16.550183902,4.9443599931355555
16.551906715,4.912818402893514
16.554081596,4.910041234987741
16.55598115,4.9309851860116725
16.557956849,4.9612659504020735
16.559935301,4.99230488581954
16.563934666,4.997352378016308
16.565414632,5.057658390594618
16.566388065,5.057658390594618
16.568365814,5.039491607476459
16.569751985,5.039491607476459
16.572113619,5.021324824358301
16.574031693000002,5.021324824358301
16.575847481,4.998110549043375
16.577867326,4.960511968165212
16.579963069,4.917618756468199
16.58406419,4.89465580856556
16.584584061,4.890617814808147
16.586649174,4.890617814808147
16.588166621000003,4.895665307004914
16.590327839,4.895665307004914
16.592438534,4.896921944066349
16.593801431,4.896921944066349
16.596571663000002,4.953445479089737
16.598205636,4.948649314305257
16.600834802,4.9562184582053055
16.602773937000002,4.941080170405208
16.60434263,4.941080170405208
16.605866043000002,4.90751958328446
16.607969942,4.90751958328446
16.610133598,4.939065362316706
16.611865895,4.923416042111623
16.613854297,4.963033619868494
16.616202219,4.970351436356255
16.617947386,4.964043118307846
16.619686968,4.991802230994967
16.622535819,4.98044642074979
16.623862779,4.98801556464984
16.626133372,4.98801556464984
16.628164138000002,4.965555271571774
16.632715922000003,5.0157746773369585
16.632750700000003,4.9362923832011365
16.635701833000002,4.970100108943969
16.636410519000002,4.922155216259982
16.637724674,4.9272027084567505
16.640887438,4.8984382861204825
16.642095029,4.93780034767486
16.644344638,4.93780034767486
16.645842576,4.965052616747201
16.647811864,4.965052616747201
16.649676129,4.99230488581954
16.651668302,4.982209901426006
16.653657069,4.975394739762818
16.655631227,4.990285888940834
16.658005729000003,5.019552966101676
16.659783046,5.004414678301578
16.66245719,5.01299332064098
16.6647542,5.0155149723442625
16.666276337,5.0155149723442625
16.667932339,5.016021815959041
16.669710321,5.016021815959041
16.672697444,4.977669252844017
16.674105037,4.977669252844017
16.675754258,4.9105480786025195
16.678050874,4.8979356312959075
16.680937366000002,4.902476279877896
16.682049718000002,4.902476279877896
16.684153624,4.897680115093417
16.686135977,4.897680115093417
16.688596781,5.003660696064716
16.689734952000002,5.003660696064716
16.692086166,5.025362818115714
16.69391473,5.025362818115714
16.696700519,5.002152731590993
16.697761884000002,5.002152731590993
16.699900231,4.9567294906102894
16.702437716000002,4.9567294906102894
16.705417894,4.917614567677995
16.706618481,4.917614567677995
16.708344541000002,4.964298634510339
16.710077446,4.9693419379169015
16.712155422000002,4.95899562611108
16.714890743,4.95899562611108
16.716568137,4.96025645196272
16.717708422,4.96025645196272
16.72031341,4.933259699092871
16.722661443,4.889855454990876
16.72378964,4.8689115039669435
16.729206559,4.93780034767486
16.729228786,4.930231203774811
16.730360083,4.930231203774811
16.731828329000002,4.93780034767486
16.73490571,4.980697748162078
16.736311271,4.963033619868494
16.737782679000002,4.933762353917446
16.740975037000002,4.954706304941378
16.743464176,4.987257393622773
16.744579733000002,4.987257393622773
16.745809429,4.970854091180829
16.748478665,4.970854091180829
16.749884643,4.98977485653585
16.751818748,4.978167718878387
16.753716031,5.007945828444213
16.756004589,5.0056713153630135
16.757683135,4.957223767854455
16.760739129,4.954446599948682
16.763671009,4.922653682294353
16.765183086,4.922653682294353
16.766073566,4.916600880448437
16.768510767000002,4.916600880448437
16.770456583,4.944607131757638
16.771838433000003,4.944607131757638
16.774400063,4.952683119272466
16.775760975,5.007690312241722
16.777824267,5.033933082874707
16.780134873,5.005926831565506
16.782496314,5.019804293513963
16.784171219,5.019050311277102
16.785848685,5.019050311277102
16.787828841,4.993058868056402
16.789914844000002,5.009457981708141
16.792557268,5.023088305034516
16.793862223,5.032927773225559
16.797079864,5.012486477026202
16.798092386,4.972617571857045
16.801092582000003,4.918113033712364
16.803637744,4.91887120473943
16.804528136000002,4.91887120473943
16.806311275000002,4.873954807373506
16.809134333,4.8689115039669435
16.810248679,4.8689115039669435
16.813122885000002,4.935023179769087
16.815622228000002,4.993054679266197
16.816286362,4.983466538487441
16.818613717,5.002395681422871
16.820008552,5.00290252503765
16.823093076000003,4.990788543765407
16.824385152,4.967071613625906
16.825868123,4.966820286213621
16.827772059,4.966820286213621
16.831471592,4.935278695971579
16.832690373000002,4.972621760647249
16.833762697,4.97388258649889
16.835646569,4.957734800259438
16.837738084,4.958237455084013
16.839809995,5.0018888378080915
16.84181045,4.957475095266742
16.845564837,4.943346305905997
16.846464897,4.943346305905997
16.847880949,4.967570079660277
16.849874305,4.928710672930474
16.853521412000003,4.937289315269876
16.855469569,4.982457040048088
16.856011142,5.006680813802367
16.859032045,5.000628011956451
16.86122967,5.036961578192768
16.863055778,5.050587712728939
16.863919626,5.050587712728939
16.86618456,5.062194850386401
16.868465683,5.062194850386401
16.87115272,5.124017205018844
16.873010601,5.121998208140137
16.873987588000002,5.104329891056349
16.875880744,5.062693316420772
16.878191768,5.014245768912212
16.880248459,4.99027332257022
16.882244708,4.93702961027718
16.884356203,4.93702961027718
16.886280115,4.864865132629119
16.887815664,4.864865132629119
16.890338579,4.829034221217376
16.891775909,4.8287787050148845
16.893943589000003,4.87672359769887
16.895749184,4.930469964816484
16.89806789,4.942579757298521
16.89987955,4.9736186927159896
16.904827858,5.036957389402564
16.904855188000003,5.00692795242445
16.906274661,5.00692795242445
16.907852107,4.990775977394795
16.910448109,4.976395860621762
16.911969267,4.977149842858623
16.913844787000002,4.981187836616038
16.916114710000002,4.9922881306587215
16.918456583,4.9922881306587215
16.9206541,5.013483409094941
16.922313547,5.1096245218751974
16.924866675,5.1096245218751974
16.927188204,5.169427879628933
16.928204832000002,5.169427879628933
16.929700402,5.131075316513909
16.931857253,5.015003939939278
16.933711918,5.015003939939278
16.935700363000002,4.919620998186087
16.940289278,4.7742783556604085
16.940835662,4.722048330596928
16.942077174,4.692274409821306
16.943932895,4.692274409821306
16.945846042,4.732143314990463
16.947909033000002,4.926184832436988
16.950268498,4.926184832436988
16.952876452,5.058659511453562
16.954181891,5.11165608512452
16.955838531,5.111400568922027
16.957848275,5.0957596262973555
16.960878627,5.0452930819100885
16.962004781,4.997603705428595
16.965000403,4.942843651081423
16.966402077,4.934009492539529
16.968238451,4.934009492539529
16.969858957,4.861845014891468
16.972338482,4.836356226495344
16.973850323,4.868655987764451
16.975733633,4.881775278685843
16.978216409,4.967570079660277
16.98141764,5.031155914968934
16.982947124000003,5.026866593799234
16.984464250000002,5.026866593799234
16.985764215,5.002391492632666
16.987951621,4.976655565614458
16.989730887,4.976655565614458
16.991995309,4.952431791860179
16.993672844000002,4.967570079660277
16.995692105,4.945113975372417
16.998381988000002,4.94486264796013
17.002845703000002,4.948900641717544
17.003120868,4.975143412350531
17.004201026,4.975143412350531
17.005810504,4.976408426992377
17.008328133000003,4.976408426992377
17.010368938000003,4.993817039083469
17.012225043,4.928966189132966
17.013849643,4.928966189132966
17.016645319000002,4.943853149520776
17.01789919,4.889855454990876
17.019965215000003,4.895154274599929
17.02294044,4.949663001534816
17.024228614000002,4.910552267392725
17.025836918,4.910552267392725
17.029294673000003,4.916860585441133
17.030435058000002,4.875475338217844
17.031689163,4.850744720848785
17.033738665,4.87572666563013
17.035893441000002,4.974644946316162
17.037952103000002,4.932254389443723
17.041575469,4.924178401928895
17.042243089,4.966317631389046
17.043927358,4.966317631389046
17.045741076000002,4.952691496852876
17.048284346000003,4.952691496852876
17.050460214,4.909798285155863
17.052155818000003,4.890115159983572
17.05368872,4.890115159983572
17.056768985,4.855293747011182
17.058044340000002,4.924685245543674
17.059737007000003,4.925187900368248
17.06190623,4.93906955110691
17.064411452,5.003158041240142
17.065701181,5.003158041240142
17.068551366,4.989280579291684
17.070452826,4.989280579291684
17.072448797,5.006442052760694
17.073713341,5.006442052760694
17.075664617,4.960771673157908
17.079008589,4.984991258121983
17.080721765,4.990038750318751
17.082083896,4.9713693123760185
17.083812366,4.9713693123760185
17.086066857000002,5.006944707585268
17.087920901,4.995337569927806
17.090172326,4.995337569927806
17.092053832,4.970611141348952
17.093859816000002,4.95975798592835
17.096029838,4.9367950380257115
17.097878084,4.951937514616014
17.100237777,4.937553209052778
17.102627281,4.938562707492132
17.10588325,4.935789728376562
17.106617205000003,4.935789728376562
17.108234630000002,4.954207838907009
17.110279090000002,4.954207838907009
17.113057228000002,4.940585893161043
17.114285554000002,4.940585893161043
17.115771820000003,5.006697568963187
17.117749123,5.013504353045965
17.120654863000002,5.060691074702883
17.123363047,5.048832609633133
17.124336825,5.048832609633133
17.126724551000002,5.036974144563382
17.128777029000002,5.036974144563382
17.129874406000003,5.023092493824721
17.132259418,5.023092493824721
17.133806495,4.994830726313027
17.136384043,4.937042176647794
17.1379342,4.937042176647794
17.140132908000002,4.859574690600474
17.143245464,4.843426904361023
17.144605690000002,4.843426904361023
17.145904827000003,4.843426904361023
17.148187303,4.90171810885083
17.149930287,4.90171810885083
17.152225824000002,5.002395681422871
17.153931548000003,5.020566653331235
17.155926678,5.029903466697704
17.157910493000003,5.007443173619639
17.162094361,4.967825595862769
17.162607544,4.980697748162078
17.164315905000002,4.976404238202171
17.165877979,4.976404238202171
17.168495299,4.958241643874217
17.169936342,5.018551845242732
17.172090856,5.007698689822131
17.174591922,5.016277332161533
17.175891033000003,5.070027888069352
17.178179004,5.081379509524323
17.179798167,5.081379509524323
17.18269211,5.053117742012629
17.185090225,5.035704941131332
17.185922246,5.035704941131332
17.187846474,4.973128604262029
17.190253851,4.93250571685601
17.19229739,4.912064420656653
17.194237541,4.912064420656653
17.196307849,4.887840646902373
17.197895408,4.899447784559836
17.199887518,4.941842530222479
17.202784521,4.992309074609746
17.204741788,5.0241019922640735
17.205918142,5.0241019922640735
17.207719125,5.0627100715815905
17.210269488,5.09576381508756
17.212029086,5.077094377144827
17.214605621,5.063464053818452
17.215992364,5.031419808751836
17.218322126,4.970858279971035
17.220558710000002,4.924681056753469
17.223211024,4.828041477938843
17.224661374,4.787414401742619
17.226192060000002,4.787414401742619
17.227804212000002,4.767228621745754
17.231200408,4.845701417442221
17.232071813,4.973132793052233
17.233984328000002,5.010731373930397
17.236270331,5.012997509431185
17.238555983,5.012997509431185
17.242348431,5.006693380172981
17.243480997000002,4.974649135106366
17.244147678,4.963544652273478
17.247055705,4.963544652273478
17.247990829000003,4.976161288370294
17.252439038000002,4.92064725178626
17.252988907000002,4.935538400964275
17.254230892000002,4.935538400964275
17.255801134000002,4.97212329461288
17.257783056,4.944619698128252
17.260115329,4.977422114221935
17.263757149,4.981711435391635
17.265127289000002,4.936036866998645
17.266041646,4.936036866998645
17.267908426,4.957738989049643
17.270732671,4.921656750225614
17.272328627,4.922917576077253
17.273869366,4.935031557349497
17.275726390000003,4.964302823300544
17.278183627,4.956226835785715
17.281392185,4.984739930709696
17.282176759000002,4.984739930709696
17.286066506,4.989029251879399
17.286562156000002,4.989029251879399
17.288116569,5.040258156083935
17.291234949,5.045808303105277
17.292120295,5.045808303105277
17.295949651,5.043537978814283
17.296582280000003,5.110654964265575
17.29804017,5.110654964265575
17.300206300000003,5.114944285435277
17.304564107,5.110403636853288
17.304574210000002,5.110403636853288
17.306108058,5.010224530315617
17.308473157,5.010224530315617
17.309782407,4.846208261057001
17.312809554,4.733420896002923
17.313961113,4.715254112884764
17.31637139,4.849999116192333
17.319963593,4.93023958135522
17.320875034,4.9663218201792505
17.3220366,5.0384904866175155
17.324190417,5.0384904866175155
17.325956461,5.086938034126074
17.328005499,5.056657269735674
17.330002643,5.011745061159954
17.331970162,5.010986890132888
17.334714905000002,4.951187721169357
17.336777464,4.947401054824231
17.337838622,4.947401054824231
17.340269617,4.897437165261539
17.344746407000002,4.867914571898203
17.345537221,4.867914571898203
17.346262094,4.942860406242243
17.348117576,4.942860406242243
17.349851511,4.899204834727958
17.352831869000003,4.962036687799754
17.354281519,4.962036687799754
17.35579088,4.944372559506171
17.357946560000002,4.929485599118359
17.360378086,4.899204834727958
17.364189829,4.8199696792142195
17.364826487000002,4.8224913309175
17.370342105000002,4.8224913309175
17.371039398,4.864886076580143
17.371222979000002,4.864886076580143
17.372805453,4.838643305947157
17.373933533000002,4.838643305947157
17.375807119,4.9743978076940785
17.378194975,4.975407306133433
17.382170725,5.025115679493633
17.383027531,5.025115679493633
17.385688363,5.011996388572242
17.386164394,5.011996388572242
17.38788082,4.989791611696669
17.389915879,4.966070492766963
17.391877165,4.966070492766963
17.393949437,4.935793917166767
17.395800419,4.917878461460897
17.397827858,4.924186779509305
17.40125274,4.945888901560303
17.402507727,4.945888901560303
17.404771867,4.994839103893437
17.406616387,4.994839103893437
17.408143493,5.067510425156276
17.411168869,5.067510425156276
17.413549787,5.1686990301333005
17.415298506000003,5.158604045739765
17.416346671,5.15153755666429
17.417829795,5.15153755666429
17.420256049000002,5.0816434033072255
17.425180393,5.0816434033072255
17.426085323000002,4.944628075708662
17.427927187,4.845207140198057
17.428747712,4.838898822149649
17.430348596,4.838898822149649
17.432253934000002,4.793228442546863
17.43492279,4.793228442546863
17.436291978,4.744274051423524
17.438880623000003,4.744274051423524
17.440414635,4.867663244485917
17.442206062,4.867663244485917
17.444815612000003,4.997364944386923
17.446866696,4.978691317653985
17.448248640000003,4.978691317653985
17.449854512,4.968596333260449
17.452510538000002,4.968596333260449
17.454546781,4.936799226815916
17.456228971,4.936799226815916
17.458503129,4.936803415606121
17.460948898,4.936803415606121
17.462084659000002,4.867156400871138
17.464298827,4.956482351988208
17.466274539,4.956482351988208
17.467803986,4.92140961160353
17.469826273000002,4.931504595997066
17.471963164,4.931504595997066
17.473708677,4.915356809757614
17.476533566,4.863625250728503
17.477709159,4.916110791994477
17.479730266,4.951183532379153
17.48252794,4.951183532379153
17.484558505000003,4.947648193446313
17.485807876000003,4.947648193446313
17.487705866000002,4.990545593933531
17.490956462,4.950425361352087
17.491717189000003,4.950425361352087
17.494975966000002,4.974644946316162
17.495926213,4.9451223529528265
17.49845248,4.955217337346362
17.500917719,4.99710942818443
17.501958405,4.99710942818443
17.503747263,5.02436169725677
17.505794272000003,5.0715484189136895
17.507757281,5.0715484189136895
17.50972494,5.060695263493088
17.511685410000002,5.060695263493088
17.513665171,5.0887057035924945
17.516331066,5.085928535686722
17.518376639,5.051609777538907
17.520717072,5.0167883645665174
17.522185428,5.0167883645665174
17.525404608000002,4.951179343588948
17.526296775000002,4.951179343588948
17.527771549,4.853526077544762
17.529743760000002,4.886081355016363
17.532182673,4.886081355016363
17.534063894000003,4.887090853455716
17.535849228,4.940334565748755
17.538991353,4.950174033939799
17.540544624000002,4.972885654430151
17.542089237000003,4.972885654430151
17.544622959,4.992564590812238
17.548157307,4.986000756561337
17.548706984000003,4.986000756561337
17.550557905,5.036722817151095
17.551779923,5.036722817151095
17.553829022000002,5.048585471011051
17.556709992000002,5.065240100865281
17.557969889000002,5.013257214423882
17.560076905000003,4.915859464582189
17.562159027,4.915859464582189
17.564195931,4.893152032882043
17.565717037000002,4.893152032882043
17.569419041,4.824770032788904
17.570420647000002,4.899456162140245
17.57174191,4.899456162140245
17.573699432,4.944875214330744
17.576055064000002,5.00770706740254
17.577897744,5.043286651401996
17.581531048000002,5.014773556478015
17.582628890000002,5.002663763995978
17.584137425,5.002663763995978
17.585827176000002,4.982222467796619
17.588821187,4.982222467796619
17.590041793,4.96153403297518
17.591730387000002,4.96153403297518
17.593659498,4.968349194638367
17.596071812,4.995094620095928
17.59810535,5.011749249950159
17.601493632,5.004431433462397
17.602564463,4.963046186239108
17.604558766,4.963046186239108
17.607229280000002,4.9552257149267716
17.607992164000002,4.9552257149267716
17.610502116000003,4.925954448975723
17.612128986000002,4.925954448975723
17.614315332,4.986763116378608
17.615712677,4.986763116378608
17.618038044000002,5.028902345838759
17.622882871,5.099303342810604
17.623089483,5.099303342810604
17.624500989,5.0967816911073225
17.625857773,5.0967816911073225
17.627954464000002,5.128825936173938
17.631560563,5.07104157529891
17.632404920000003,5.07104157529891
17.63382,5.028399691014185
17.636828482000002,4.959259519893981
17.639071059000003,4.911570143412488
17.641934812000002,4.90172648643124
17.643145620000002,4.90172648643124
17.645418271,4.830818645844616
17.646526804,4.830818645844616
17.647858105,4.753099832385009
17.652234427,4.807348854327198
17.652876720000002,4.807348854327198
17.653829807,4.937050554228203
17.656280402,5.077094377144827
17.657954251,5.055647771296321
17.660832678000002,5.073814554414479
17.662489822,5.004925710706561
17.663892838000002,5.004925710706561
17.665758664000002,4.954961821143869
17.667746486000002,4.933515215295364
17.669728613,4.8815323288539645
17.671704292,4.86083970524232
17.673664569,4.919633564556702
17.675650401000002,4.955464475968444
17.677804792,4.989527717913767
17.680697560000002,5.016779986986108
17.681948554,5.0702750266914345
17.684428462,5.0702750266914345
17.687243389000002,5.0331832894280515
17.688272072,5.0331832894280515
17.68978311,5.022585650209941
17.691920208000003,4.943350494696203
17.694597394000002,4.890110971193367
17.69571908,4.9022207636754045
17.697637213,4.8979356312959075
17.699900486,4.907775099486951
17.702441801000003,5.020822169533726
17.704135698,5.034699631482184
17.706244621,5.034699631482184
17.707750878000002,5.085166175869451
17.710083939,5.085166175869451
17.712502547,5.110152309441001
17.713871543,5.110152309441001
17.716232345,5.066748065339004
17.718136785000002,5.054638272856967
17.720896275,5.0294008118731295
17.723439759,4.9920577471974585
17.724691359,4.9920577471974585
17.725873549000003,4.948150848270887
17.730306523,4.881281001441677
17.731241553,4.881281001441677
17.732209607,4.895158463390135
17.733785433,4.895158463390135
17.73595401,4.914845777352631
17.738509994,4.983479104858056
17.740501246,4.983479104858056
17.742304076,4.9913037649605965
17.743952636,4.9913037649605965
17.747657408000002,5.066748065339004
17.748616629,5.066748065339004
17.749886522,4.950928016176661
17.752864509000002,4.937804536465064
17.755370685000003,4.937804536465064
17.756198594,4.89288813909914
17.758897713,4.9357813507961525
17.759924083,4.9357813507961525
17.762179566,4.997096861813816
17.763833602000002,5.002898336247445
17.765998134,5.002898336247445
17.767831202,5.033179100637847
17.771259436,4.9567211130298805
17.772054284000003,4.9567211130298805
17.773723672000003,4.941075981615003
17.775841472,4.848725723970078
17.777758026,4.83787675733968
17.781497536,4.891874451869582
17.782530031,4.904239760554112
17.783912857,4.904239760554112
17.785773264,4.934013681329734
17.788567449000002,5.038737625239598
17.789801841000003,5.027130487582134
17.791734613000003,5.034448304069897
17.793801215000002,5.052615087188055
17.796417964,5.038988952651885
17.797917502,5.072294023570142
17.800361324,5.110650775475371
17.802744387,5.111404757712232
17.804202072000002,5.136386702493578
17.806531707,5.136386702493578
17.807977783000002,5.099546292642482
17.810350058,5.03898476386168
17.813496473,4.982209901426006
17.815159898,4.923164714699337
17.816038238,4.876229320454705
17.817912896000003,4.856043540457839
17.820078633,4.875977993042418
17.824993147,4.875977993042418
17.82530993,4.926695864841971
17.825948948,4.926695864841971
17.827802463,4.962778103666001
17.829779738000003,4.907012739669681
17.832713561000002,4.945620818987196
17.833826285,4.935777162005948
17.835895922000002,4.982461228838292
17.837777212000002,5.0150123175196875
17.841659579,5.07027083790123
17.842423764,5.145467999657555
17.845719693,5.151776317705963
17.846645903000002,5.151776317705963
17.848324319,5.142690831751782
17.850155596,5.078849480240633
17.852647008,5.078849480240633
17.853848274,4.954199461326599
17.855869662,4.792453516358977
17.858258605,4.792453516358977
17.861186227,4.71119936396653
17.862146446,4.711450691378818
17.86454526,4.836356226495344
17.867444084000002,4.913823712542662
17.868406289000003,4.913823712542662
17.869957078000002,4.987755859657143
17.872083911,5.070773492725804
17.874775371000002,5.070773492725804
17.876021089,5.059673198683121
17.878025894,5.059673198683121
17.881347351000002,4.99457102132033
17.882364856000002,4.99457102132033
17.884757325000002,4.919880703178784
17.885812960000003,4.919880703178784
17.88870281,4.9355216458034565
17.890603107,4.9355216458034565
17.891979502,4.944858459169925
17.893934279,5.01349178667535
17.896365983000003,5.01349178667535
17.897966557,4.9859881901907235
17.900882263,4.962769726085591
17.902194415,4.971352557215199
17.903799656,4.971352557215199
17.905760181,4.925426661409921
17.90856558,4.938294624919025
17.910502491000003,4.938294624919025
17.91213758,4.9390527959460915
17.913884531,5.00995644774251
17.917619556000002,5.06193933418391
17.92015243,5.1285578536008325
17.920948272,5.159089945403521
17.922125255,5.208794129973516
17.925166328,5.208794129973516
17.926273825000003,5.247402209291032
17.927876418,5.247402209291032
17.931462853000003,5.179020209197894
17.933920263,4.947124594670715
17.934680506,4.906501707264696
17.93576521,4.827517879163244
17.938120097000002,4.776544491161199
17.940814191,4.786388148142446
17.943399333000002,4.78436915126374
17.944506804,4.78436915126374
17.946136791,4.835593866678072
17.947714371,4.835593866678072
17.949922559,4.968575389309426
17.95166679,5.027117921211521
17.953695229,5.037966887841917
17.955673036,5.05184853858058
17.958116236000002,5.010463291357289
17.961190811,5.003903645896593
17.962083878,4.9678172182823594
17.963788920000002,4.9678172182823594
17.967747634000002,4.942839462291219
17.96861272,4.942839462291219
17.969824204000002,4.942081291264151
17.97182258,4.946621939846141
17.97475515,4.951920759455195
17.975688796,4.988002998279224
17.979337277000003,5.0016291328153955
17.982748524,4.952172086867482
17.982764587000002,4.970590197397927
17.983942695,4.934759285986185
17.985896871,4.934759285986185
17.987848793,4.914322178577033
17.989834194,4.932233445492699
17.991876480000002,4.931223947053345
17.994053359000002,4.9176020013073805
17.996404974,4.969836215161067
17.998063848,4.969836215161067
18.001627092,4.996078985794052
18.002304177000003,4.9630210534978785
18.00528787,5.0056629377826045
18.006256998,5.0056629377826045
18.011752336,5.011213084803947
18.012406173000002,5.01701874802778
18.012442113000002,5.01701874802778
18.013671754,5.00818877827609
18.015720176000002,4.999107481112113
18.018436599,5.029388245502514
18.020436727,5.007690312241722
18.022273551,4.956214269415101
18.024628007,4.964792911754504
18.027040234,4.9208818240377274
18.027861524000002,4.9208818240377274
18.029795634000003,4.884548257801411
18.031738657000002,4.933498460134544
18.033710851000002,4.934001114959119
18.035663147,4.937536453891958
18.038167818,5.003141286079323
18.041460802,5.00818877827609
18.04309782,5.02761638724589
18.044357365,5.011468601006438
18.046515092,5.011468601006438
18.047902229,5.048309010857535
18.049974262000003,5.040991194369773
18.052145833,5.0599119597247935
18.055196703,5.04124252178206
18.056289266,5.04124252178206
18.060721748000002,5.051840161000169
18.061193113,5.022062051434343
18.06286398,5.015753733385934
18.064081739000002,4.974121347540563
18.065941835,4.974121347540563
18.069949845,4.97614034441927
18.070463779,4.884795396423493
18.071957685,4.884795396423493
18.075174564,4.854263304620805
18.076365015,4.870662418272544
18.077944146,4.868140766569262
18.080556518,4.985225830373452
18.082013094,5.007933262073599
18.084679035,5.007933262073599
18.086178643,5.009705120330224
18.088953978000003,5.009705120330224
18.090035122,5.014505473904908
18.092126612,5.014505473904908
18.094349527000002,4.989020874298988
18.096077582,4.942843651081423
18.097708533000002,4.9355216458034565
18.102310987000003,4.924924006585346
18.103187105,4.9261890212271915
18.105367891,4.957981938881521
18.106416753,4.957981938881521
18.108379000000003,4.898178581127786
18.110173053,4.898178581127786
18.111823667,4.936786660445303
18.113902453,4.952934446684753
18.116146977,4.961261761611869
18.11944134,4.953939756333902
18.120712041,4.928957811552556
18.123121409,4.957475095266742
18.124115718000002,4.980433854379176
18.126589601000003,4.980433854379176
18.129570717,4.974879518567629
18.131892395,5.003648129694102
18.132640175000002,5.0223175676368355
18.134118981,5.0223175676368355
18.136082552,5.002131787639969
18.138226225,5.014497096324499
18.140262952,5.059413493690424
18.143274692000002,5.031403053591017
18.144288396,5.055375499933009
18.146122959,5.055375499933009
18.148570258,5.058906650075644
18.149882667,5.058906650075644
18.153156107,4.995823469591561
18.154240567000002,4.935517457013252
18.155781418,4.881012918868571
18.15783914,4.852751151356877
18.160500408,4.8373573473542875
18.162788923,4.8373573473542875
18.16594934,4.840385842672348
18.166427715,4.840385842672348
18.170528099000002,4.964788722964299
18.170901471,4.964788722964299
18.171998407,4.978163530088183
18.173929478,5.050328007736241
18.176164458000002,5.030900398766442
18.178334925,5.035441047348431
18.180201504000003,5.023833909690968
18.182336494,4.987244827252159
18.185340886000002,5.008440105688377
18.186171335,5.008440105688377
18.187981071,5.01399025270972
18.189940374000003,5.01399025270972
18.193484984,4.972357866864347
18.195656612,5.003137097289118
18.196287932,5.044266828309916
18.198440513,5.0430060024582755
18.200609221,5.0430060024582755
18.203313674,5.022062051434343
18.204412357000002,5.022062051434343
18.205974569000002,5.016511904413001
18.207988648,5.016511904413001
18.210079936,5.030640693773746
18.211715378,4.954186894955985
18.213842499000002,4.941570258859168
18.215657281000002,4.887568375539061
18.217687224000002,4.838111329591149
18.219865491,4.857291799938865
18.222568853000002,4.836096521502647
18.224296001000003,4.859813451642147
18.226166662,4.859813451642147
18.227730180000002,4.954693738570764
18.230228227,4.954693738570764
18.231725037,5.045024999336983
18.233759706,5.00995644774251
18.236073179,4.964784534174094
18.238237624,4.922142649889369
18.240850766,4.88378589798414
18.243384391000003,4.900444716628575
18.244330189,4.900444716628575
18.245748217000003,4.905488020035138
18.248000728,4.936275628040318
18.250817886,4.936275628040318
18.252227159,4.993808661503059
18.253841649,4.993808661503059
18.255825712,4.986993499839872
18.25787176,5.009700931540019
18.259926053,5.009700931540019
18.262794169000003,4.99633031320634
18.264216722,4.99633031320634
18.265912232,5.00339261349161
18.267848125,5.00339261349161
18.272014294,5.012980754270367
18.27277844,5.012980754270367
18.275468771,4.995823469591561
18.276386263000003,4.937536453891958
18.278035984000002,4.884799585213698
18.280793531,4.869912624825886
18.283058866,4.869912624825886
18.286341527,4.875969615462008
18.286620656,4.875969615462008
18.289656451000003,4.916341175455739
18.290153386,4.916341175455739
18.293852833000003,4.97740954785132
18.294660151000002,4.97740954785132
18.29638363,4.992552024441623
18.298305025,4.978925889905454
18.301398941000002,4.978925889905454
18.30230263,4.974636568735751
18.304410464,4.974636568735751
18.305889979,4.9688309055119175
18.308663606,4.9688309055119175
18.309815747000002,4.911549199461464
18.312104954000002,4.939559639560871
18.313845813,4.989523529123562
18.316097914,4.965048427956996
18.317735998,4.974385241323465
18.319790684,4.974385241323465
18.322748188000002,5.0104716689377
18.32426632,4.9277053632813255
18.325788987000003,4.9277053632813255
18.327697358,4.926947192254259
18.329765345000002,4.941582825229783
18.332220525,4.937544831472368
18.333838719000003,4.976152910789885
18.337052226,4.963029431078288
18.338069563,4.9617686052266485
18.339813675000002,4.984224709514508
18.342501851,5.017538158013173
18.344689767000002,4.974640757525957
18.346583745,4.974640757525957
18.349084843,5.022585650209941
18.350131029,5.022585650209941
18.352391925000003,5.034695442691979
18.353723683000002,5.034695442691979
18.3559606,5.001134855571231
18.36021834,4.953696806502024
18.36088159,4.9443599931355555
18.362848669,4.90751958328446
18.364802816,4.90751958328446
18.369396664,4.897931442505703
18.369763888,4.921648372645203
18.371464358,4.921648372645203
18.374839145000003,4.972370433234962
18.375031515,4.972370433234962
18.377373517000002,5.0044188670917835
18.378380283000002,5.0044188670917835
18.382319721000002,4.997352378016308
18.382943243,5.008452672058992
18.384520224000003,5.008452672058992
18.386095608,4.9950778649351095
18.388174136,4.9950778649351095
18.389999363,4.963284947280781
18.394508505,4.984735741919492
18.395453711000002,4.978171907668591
18.396903464,4.987764237237552
18.398833475,4.987764237237552
18.401042486,4.9862478951834195
18.403239873,4.9862478951834195
18.404306163,4.945365302784704
18.405984967000002,4.945365302784704
18.409149254000003,4.891874451869582
18.410115127,4.891874451869582
18.412173893000002,4.925682177612414
18.414332859,4.933506837714955
18.415988665,4.936279816830523
18.417727574,4.97438105253326
18.421229548,4.975139223560325
18.422272648,4.996585829408833
18.424769257,4.996585829408833
18.426144512,5.017278453020477
18.428056319,5.017278453020477
18.431205275,5.017278453020477
18.432360085000003,5.031914085996001
18.43418879,5.05437019028386
18.435877674,5.029643761705007
18.437762845,5.071778802374953
18.440485827,5.085911780525902
18.442277872000002,5.05260252081744
18.445991040000003,5.057398685601921
18.448821085000002,5.057398685601921
18.449614151000002,4.989268012921071
18.450138826,4.892372917903952
18.451698411000002,4.892372917903952
18.454548344000003,4.900193389216288
18.456356904,4.900193389216288
18.457704362,4.881775278685843
18.460736588,4.937033799067384
18.461978741000003,4.937791970094451
18.463791232000002,4.937791970094451
18.466051187,4.956465596827388
18.467928362000002,5.01349178667535
18.469895391,5.0314072423812215
18.471813333,5.0314072423812215
18.475381603000002,5.032165413408287
18.476226389,5.042507536423906
18.478268624000002,5.015255267351566
18.481426436,5.019795915933553
18.482743799,5.054114674081369
18.48445529,4.988761169306292
18.485753748,4.988761169306292
18.487733210000002,4.9723620556545525
18.490090733000002,4.854016165998722
18.491768129,4.810871626889423
18.493800713000002,4.810364783274643
18.495979605000002,4.830299235859222
18.497907964,4.882533449712908
18.500495507,4.928203829315694
18.502089754,5.028378747063162
18.504450463,5.015762110966345
18.505860442,5.015762110966345
18.508071592,5.006932141214655
18.510416683000003,5.006932141214655
18.513866863,4.996078985794052
18.514569707,4.956214269415101
18.516043014,4.956214269415101
18.517795641000003,4.95974960834794
18.519908798,4.885059290206395
18.523010111,4.903477400736841
18.524005075,4.917857517509873
18.526532527,4.917857517509873
18.529153915000002,4.841148202489619
18.529975278000002,4.841148202489619
18.531719195,4.958987248530669
18.533706589,4.949399107751914
18.535862195,4.968826716721713
18.537695245000002,4.987751670866938
18.540989512,4.940313621797732
18.542067646,4.940313621797732
18.54556721,4.942332618676439
18.546422138,4.942332618676439
18.548049506,4.94006648317565
18.54995935,4.94006648317565
18.551832757,4.9905330275629165
18.555196933,4.98094488678416
18.556113984,5.004154973308881
18.558219047,5.022577272629532
18.561163574000002,5.013998630290129
18.562517712000002,4.9809406979939554
18.563904683,4.9809406979939554
18.567134878,4.9688309055119175
18.569336208000003,4.9317391682485345
18.570167511,4.933758165127242
18.571890952,4.939308312148583
18.576548647000003,4.92113734024022
18.576577070000003,4.933502648924749
18.578146240000002,4.928710672930474
18.583443489,4.982461228838292
18.583461436,4.962271260051223
18.584407284,4.947384299663412
18.585852721000002,4.947384299663412
18.589111162000002,4.963280758490576
18.589938799000002,4.946630317426549
18.592608032,4.958740109908588
18.593944759000003,4.98801556464984
18.596823282000003,4.98801556464984
18.597936541000003,4.984228898304712
18.601458721,4.993310195468689
18.602806493000003,4.997348189226103
18.604360934000002,4.997348189226103
18.605892357000002,4.962526776253714
18.608189273,4.94486264796013
18.609786139,4.94486264796013
18.611716591,4.913325246508293
18.615213893,4.901969436263117
18.616255998,4.835606433048687
18.619087718,4.805576996070573
18.621125278,4.844185075388089
18.623084959,4.93300418289038
18.623930022,4.901211265236051
18.625767272,4.889855454990876
18.627724685,4.940317810587937
18.632036667,4.9446113205478435
18.632634413,4.910041234987741
18.633694220000002,4.9261890212271915
18.635779191,4.9817030578112265
18.638917522,4.970854091180829
18.640514834,4.9647971005447085
18.641735857,5.014254146492622
18.645202058000002,5.00996482532292
18.64588019,5.00996482532292
18.647696385,5.021827479182875
18.651949175000002,4.984228898304712
18.652770599,4.965806598984062
18.653714437,4.923918696936198
18.655750415,4.941331497817496
18.657717499,4.928208018105899
18.661688878,4.917610378887789
18.664148969000003,4.918619877327143
18.664659757000003,4.918619877327143
18.666171648000002,4.968076923275056
18.668431758,4.968076923275056
18.671319605,5.007690312241722
18.672119379,5.028889779468145
18.673889390000003,5.045544409322376
18.675894949,5.039487418686255
18.677895307,5.062450366588894
18.680659723,5.055383877513419
18.682901594,5.031160103759139
18.685927420000002,5.058408184041276
18.686750149,5.058408184041276
18.687874702000002,5.059417682480628
18.691820504000003,5.037971076632123
18.692334722000002,5.0357007523411275
18.694439998,5.0192974498991845
18.696182951,4.953437101509328
18.699327816,4.95495344356346
18.701145688,4.95495344356346
18.702104881,4.923411853321419
18.704522221,4.923411853321419
18.706144549,4.799008973029468
18.708460773000002,4.799008973029468
18.710423386000002,4.778819004242397
18.712706970000003,4.778819004242397
18.714028582,4.93829881370923
18.715686791,5.025857095359879
18.717720558,5.05008086911416
18.721130132000003,5.05487703389864
18.723119814,5.065726000529037
18.724168049000003,5.065726000529037
18.726700167,4.986495033805502
18.728074111,4.986495033805502
18.729967503,4.9443599931355555
18.731821328000002,4.905245070203261
18.735866721,4.900197578006493
18.736613529,4.908018049318829
18.738222559,4.908018049318829
18.740471154,4.903728728149128
18.742941562000002,4.973375742884111
18.743932691,4.973375742884111
18.74576575,4.982457040048088
18.748321337,4.979935388344806
18.750139308,4.979935388344806
18.751697959,4.9605035905848025
18.754168544000002,4.948645125515052
18.756980579,4.989020874298988
18.758303936,4.989020874298988
18.764030432000002,4.9867505500079945
18.764049767,5.000632200746656
18.764962533000002,5.022330134007449
18.765932980000002,5.022330134007449
18.769233345,4.991039871177695
18.770399869000002,4.991039871177695
18.772334313,4.993561522880976
18.773924988,4.993561522880976
18.776948667000003,5.004917333126153
18.777898426,4.987253204832569
18.780587688,4.95722795664466
18.783081336000002,4.963536274693068
18.785339491000002,4.979939577135011
18.78656161,4.979939577135011
18.787973565,5.005168660538439
18.790866878000003,5.005168660538439
18.793812738,5.006932141214655
18.794445601,5.021819101602466
18.795875768000002,5.0478105448231645
18.798054784,5.048564527060027
18.800921653,5.0177811078450505
18.803563284000003,4.9933018178882795
18.804470393000003,4.9933018178882795
18.806501009,4.93173497945833
18.808016218000002,4.93173497945833
18.810302532,4.851238998092949
18.811775284,4.850480827065883
18.813801511,4.860827138871706
18.815691356000002,4.923910319355788
18.818207518,5.025601579157387
18.820444033,5.053607830466589
18.822404581,5.036450545787784
18.823806424,5.036450545787784
18.827293431,5.047303701208387
18.829845085000002,4.960750729206885
18.830534294,4.90877203155569
18.832218853,4.865623303656186
18.835744665,4.834835695651006
18.83651489,4.834835695651006
18.838134936,4.840138704050265
18.840272511000002,4.961006245409377
18.842582129,4.954949254773256
18.845569232000003,4.9630210534978785
18.846168260000002,4.9630210534978785
18.848439143,4.990780166184999
18.850046827,4.934001114959119
18.85202614,4.934001114959119
18.854817484,4.919365481983595
18.856268397,4.927441469498423
18.858151113,4.946869078468223
18.861572692000003,4.946869078468223
18.862486415000003,5.023829720900763
18.863791994,5.023829720900763
18.865850308000002,4.972102350661856
18.868254792000002,4.972102350661856
18.869998594000002,4.940309433007528
18.871740788,4.87015976344797
18.87377138,4.915071972023689
18.875695193000002,4.930721292228771
18.878240839,4.908005482948214
18.882423602000003,4.968818339141303
18.882733515,5.024332375725337
18.884795597,5.002634442464544
18.886188866,5.002634442464544
18.888130013,4.954438222368272
18.890052622000002,4.954438222368272
18.892200324,5.012729426858079
18.894013031,5.012729426858079
18.895794322,5.040233023342706
18.897862801000002,5.100287708508729
18.901038497000002,5.094988888899675
18.903411563000002,5.099282398859581
18.904511159000002,5.099282398859581
18.905776374000002,5.103823047441569
18.908013559,5.103823047441569
18.911546903,5.004150784518677
18.912235714,5.004150784518677
18.915038565,4.864358289014341
18.915842519,4.864358289014341
18.918259192,4.756865554779112
18.919917837,4.764183371266873
18.924573297000002,4.900444716628575
18.925061275,5.040488539545199
18.926031054000003,5.040488539545199
18.928669894000002,5.0601716647174895
18.930017906,5.0601716647174895
18.933212604,5.051086178763308
18.934239794,4.947631438285494
18.936678699,4.958987248530669
18.937847785000002,4.929213327755048
18.941046205000003,4.897671737513006
18.943680045,4.868144955359467
18.944528976,4.868144955359467
18.946185815,4.889344422585891
18.948172019,4.889344422585891
18.950415341000003,4.861082655074197
18.952047777,4.861082655074197
18.955464239,4.9271943308763415
18.956272577,4.892121590491664
18.959001251,4.919625186976292
18.960580053,4.937037987857589
18.962926942000003,4.931483652046042
18.964082384,4.946119285021566
18.966347766000002,4.946119285021566
18.96776208,5.008444294478582
18.969879963,5.008444294478582
18.973296592,4.961010434199581
18.974350942,4.961764416436443
18.976139912,4.9554560983880345
18.978368898000003,4.967314563457784
18.981858510000002,4.97387420891848
18.983417591000002,4.970594386188132
18.984128222000002,4.970594386188132
18.98579368,4.971603884627487
18.988825354000003,4.971603884627487
18.989774837000002,4.949905951366692
18.991743575,4.942588134878931
18.993673021000003,4.986495033805502
18.996283022,5.000623823166246
18.997689291,4.978167718878387
18.999761649,4.978167718878387
19.002693269,4.9473801108732065
19.005436486,4.912056043076243
19.006191537,4.912056043076243
19.007746190000002,4.941075981615003
19.0103546,4.979432733520232
19.011786205,4.979432733520232
19.013698787000003,4.993058868056402
19.017341132000002,5.004414678301578
19.020116607000002,4.999115858692523
19.020783941,4.999115858692523
19.023422757000002,4.984982880541574
19.024254447,4.984982880541574
19.025879105,4.961517277814361
19.028150137,4.961517277814361
19.030644103,4.924170024348485
19.03233681,4.924170024348485
19.033944735000002,4.89918807956714
19.036076076,4.891870263079377
19.037795729000003,4.915084538394304
19.040530102,4.921648372645203
19.042162579000003,4.939559639560871
19.044616022,4.939559639560871
19.047375727000002,4.946877456048632
19.048263430000002,4.946877456048632
19.050208752,4.898178581127786
19.052016513,4.898178581127786
19.054180086000002,4.926436159849274
19.056353776,4.9355216458034565
19.057756314000002,4.975390550972613
19.061423265000002,4.952427603069974
19.062464534,4.980186715757093
19.064599491000003,4.975390550972613
19.06596095,4.977660875263608
19.068640608000003,4.977660875263608
19.070331118000002,4.975135034770122
19.071884101000002,5.019544588521266
19.073831014,4.961508900233951
19.075926976,4.9176020013073805
19.080549987,4.963276569700371
19.08156672,4.921639995064794
19.083270067,4.9223981660918605
19.084029245,4.9223981660918605
19.085868743000002,4.900444716628575
19.088078666,4.948134093110069
19.090154033,4.948134093110069
19.092099025,4.957466717686333
19.093742934,5.028374558272956
19.096120544,5.028370369482752
19.09790294,5.025597390367183
19.099883194,5.045527654161557
19.102322823,5.041996504018922
19.104230807,4.98799880948902
19.106291204,4.98799880948902
19.108062031000003,4.99102730480708
19.110149005,4.99102730480708
19.112125087000003,4.953931378753492
19.114090496000003,4.953931378753492
19.115989142,4.963268192119961
19.118189322000003,4.963268192119961
19.120314644,4.904976987630154
19.123149783000002,4.911792149293341
19.124185615000002,4.924408785390158
19.12640683,4.929707604999212
19.128679353000003,4.929707604999212
19.130507658000003,4.983202644704539
19.131742846,4.983202644704539
19.133695854000003,4.9554477208076255
19.136677164,4.957973561301111
19.138138051000002,4.951665243252703
19.140691826,4.951665243252703
19.142279874,4.986486656225092
19.143996047,4.986486656225092
19.145923032000002,4.949650435164201
19.147837351,4.949650435164201
19.150862384,4.990528838772711
19.152130267,4.96378341331515
19.154069822,4.95545190959783
19.155758276,4.972106539452061
19.159139981000003,4.944351615555146
19.159811062000003,4.925175333997634
19.164243120000002,4.9355216458034565
19.164693369000002,4.937791970094451
19.166525163000003,4.937791970094451
19.167975189,4.918867015949226
19.170050058,4.918867015949226
19.173932412000003,4.981447541608734
19.174582580000003,4.944607131757638
19.176873042,4.954446599948682
19.1779288,4.964792911754504
19.180000078000003,4.964792911754504
19.182756679,4.95015727877898
19.184322197,4.983466538487441
19.186245257,4.983466538487441
19.189555919,4.988761169306292
19.19045892,4.988761169306292
19.192251193,5.023335443656598
19.193646097000002,5.017278453020477
19.195987637,5.035193908726348
19.197678961,5.048820043262519
19.200986216,5.048820043262519
19.204246308000002,5.019548777311471
19.204791209,5.019548777311471
19.205942923000002,5.024847596920526
19.207940714000003,5.024847596920526
19.209850777,4.9943155051178385
19.211812734000002,5.016775798195902
19.214691086000002,5.046549718971524
19.216138278000003,5.046549718971524
19.217792561,5.058408184041276
19.221199833,5.058408184041276
19.223403724,5.0947459390677965
19.224254690000002,5.0947459390677965
19.227486688000003,4.993310195468689
19.228241645,4.993310195468689
19.231789898000002,4.862096342303755
19.233576747,4.7800882076744475
19.235071591,4.751575112750467
19.236618788,4.794975168062258
19.238002273000003,4.885817461233461
19.240146319,4.885817461233461
19.244629732,4.99987402971959
19.244663173000003,4.99987402971959
19.245865972,5.0119838222016275
19.247823922000002,5.0119838222016275
19.249719319,4.996841345611324
19.252619494,4.930478342396894
19.253734539,4.910041234987741
19.255989243000002,4.924672679173059
19.260183528000002,4.877490146306346
19.260802684,4.877490146306346
19.262124331000003,4.947635627075699
19.263900089,4.947635627075699
19.266302930000002,4.972873088059537
19.267843635000002,4.972873088059537
19.270194015,4.995836035962175
19.271805085,1.9613214263773364
19.274415215,-1.2664765296269607
19.276024484,-1.2664765296269607
19.279162697,-2.232650311892375
19.280335837000003,-2.232650311892375
19.282209699000003,-0.11560223207169482
19.283925752000002,-0.11560223207169482
19.286509005000003,1.416539938713433
19.287830551000003,0.27928758690413263
19.290039183,0.27928758690413263
19.291685440000002,-0.07523067207796358
19.294521202000002,0.22024240017746366
19.296450311,0.4261423826937387
19.298606554000003,0.5119371836681736
19.301390296,0.5119371836681736
19.302073918,0.2901365535345294
19.304940775000002,0.2901365535345294
19.306458844,-0.11434140622005412
19.307751667,-0.11434140622005412
19.309700978000002,0.02872672322442507
19.311823858,0.07792825296984603
19.313936344000002,0.05875197141233393
19.315681996000002,0.04992200166064421
19.317764485,0.037049849361335624
19.322563281,0.026452210143226063
19.32343221,0.02569822790636451
19.324781264000002,0.024688729467010992
19.325753937,0.024688729467010992
19.327760603,0.022162888973524798
19.330206631000003,0.022162888973524798
19.331737387,0.01989256468253057
19.334538075,0.06480896204845504
19.335931671,0.1200674824299971
19.338102975,0.12587314565383106
19.341253948000002,0.12587314565383106
19.342568276,0.14403992877198962
19.344794752000002,0.14403992877198962
19.345891517000002,0.2290723699291534
19.347973093,0.2290723699291534
19.351302437,0.5290944683469786
19.352556471,0.5053733494172733
19.355304911,0.17734499969024622
19.356375554,-0.00886766886353279
19.358028583000003,-0.05226772417532459
19.360679975,0.012826075607055929
19.362153921,0.059510142439400254
19.364718904,0.059510142439400254
19.370054118000002,0.1205701372545715
19.370118979,0.1205701372545715
19.371358964000002,0.17583284642631833
19.372365766,0.3070425108010473
19.373759396,0.3070425108010473
19.376119764000002,0.41832191138140246
19.379480313000002,0.4945243827868765
19.380680604000002,0.26389378290154264
19.381719136,-0.027792623008757705
19.385168036,-0.11863072738975537
19.385992085,-0.11863072738975537
19.389281686,-0.023754629251343626
19.390068761000002,-0.023754629251343626
19.391865759,0.15892688915980047
19.393922980000003,0.13419627179074162
19.39791465,0.06657244272467013
19.398986085,-0.01770182740542729
19.40088181,-0.01770182740542729
19.402111357000003,0.00323793482829988
19.404677121000002,0.00323793482829988
19.405856907,-0.0007958701389094144
19.408135092000002,-0.0007958701389094144
19.409623422000003,-0.031579289353884606
19.41287281,-0.04394459803841403
19.414156982,-0.04394459803841403
19.415920868,0.0042474332676534
19.417711556,0.033011855603921544
19.420937224000003,0.12309597774805768
19.423201899000002,0.13874110916293483
19.424329271,0.13874110916293483
19.425905593,0.07515108506407264
19.427700318000003,0.07515108506407264
19.431054586000002,0.020143892094817754
19.432217409,0.020143892094817754
19.435432497,-0.026280469744829817
19.436119866000002,-0.026280469744829817
19.438320278000003,-0.018204482230001658
19.440926865,-0.023754629251343626
19.441885322,-0.026783124569404185
19.443901296,-0.026783124569404185
19.446142545,-0.03738076378751376
19.448258804,-0.03738076378751376
19.449840537,-0.00987716730288631
19.451873632,-0.020726133933283063
19.454245308,-0.04469858027527558
19.455819183000003,-0.026783124569404185
19.458153662,0.007275928585713961
19.461103155,0.00323793482829988
19.462038476,-0.01189616418159335
19.464207666,-0.01189616418159335
19.466141094,-0.000289026524130261
19.468027103,-0.000289026524130261
19.470329049,0.01181657716770241
19.471857948,0.04058518829417534
19.473888695000003,0.024181885852231837
19.476746725,-0.006848671984825749
19.478314478,-0.006848671984825749
19.481120563,0.017622240391536346
19.483337397,0.003744778443079033
19.484245936,0.003744778443079033
19.485903552,-0.0030661944299036382
19.488056406000002,0.003996105855366217
19.489920892,0.005508259119294104
19.492196788,0.01510058868825494
19.494125278000002,-0.015427314324228277
19.495853041,-0.016185485351294614
19.49815366,0.00222843638894636
19.500983243,-0.01871132584478081
19.501947992,0.003744778443079033
19.50433303,-0.006848671984825749
19.506733094,-0.006848671984825749
19.508788510000002,-0.0164368127635818
19.509901086000003,0.0060151027340732575
19.511970989,0.003744778443079033
19.513754716,0.015351916100542123
19.515862731000002,-0.027541295596470523
19.517841905,0.0075272559980011445
19.520286916,-0.005336518720897862
19.522419105,-0.026280469744829817
19.524198494,-0.026280469744829817
19.526152662,-0.01845580964228884
19.527713958,-0.01845580964228884
19.529739547000002,-0.021991148575128554
19.531734956,-0.0028106782274116685
19.533667513,0.00046495571273128943
19.535926038,0.0027352800037255135
19.537677259000002,-0.013156990033234053
19.542260177000003,0.007024601173426778
19.543150362000002,-0.029560292475177562
19.543971232,-0.01467333208736673
19.545786204000002,-0.01467333208736673
19.547758773,-0.013412506235726023
19.551264165000003,0.007275928585713961
19.552274293,-0.0007958701389094144
19.553922052,0.004498760679940584
19.556041963000002,-0.010384010917665464
19.560502272,-0.021991148575128554
19.560580605000002,-0.021991148575128554
19.562337695,-0.024261472866122777
19.564316145000003,-0.024261472866122777
19.566070363,-0.0015498523757709647
19.567980851,-0.0015498523757709647
19.569873789000003,0.0130815918095479
19.573681203,0.0130815918095479
19.574623506000002,0.003996105855366217
19.576043779000003,-0.02047480652099588
19.57775068,0.00046495571273128943
19.579957308,-0.023503301839056443
19.582860457000002,-0.03006294729975193
19.583924282,-0.026531797157117003
19.586128153,-0.026531797157117003
19.588535014,-0.02451280027840996
19.589725687,-0.02451280027840996
19.593211241000002,-0.006346017160251382
19.594564464,-0.013663833648013208
19.597571903000002,-0.03107244573910545
19.598071206,0.02191156156123761
19.599693551,0.009546252876708185
19.602037506000002,-0.005587846133185046
19.603988941,-0.02098165013577503
19.607699125,-0.011644836769306166
19.609174953,-0.011644836769306166
19.610767942000003,-0.0023080234028373015
19.611866142,-0.0023080234028373015
19.613777427000002,-0.0164368127635818
19.617280861,-0.03233327159074615
19.617911753,-0.01189616418159335
19.621411801,0.00046495571273128943
19.622253398,0.005508259119294104
19.624338483000002,0.005508259119294104
19.627094549000002,-0.015427314324228277
19.628126473000002,-0.010384010917665464
19.63001697,-0.01896265325706799
19.632203011,-0.009118996275819974
19.63402968,-0.014924659499653912
19.636326005,-0.0043270202815443425
19.638192571,-0.0076068430118920866
19.640570207,-0.0076068430118920866
19.642095526000002,0.01484507248576297
19.646017449000002,-0.026783124569404185
19.646402631,-0.026783124569404185
19.648180217,0.007024601173426778
19.651075484,0.03553769609740774
19.652412987,0.03553769609740774
19.653863634,-0.00811368662667124
19.655923936,-0.005587846133185046
19.659083472000003,-0.009625839890599126
19.660129134,-0.012905662620946872
19.663277726,-0.01972082428413433
19.664405520000003,-0.01972082428413433
19.666805347,-0.007355515599604904
19.667960558,-0.007355515599604904
19.671303187,0.015603243512829306
19.673942648,0.012826075607055929
19.675848565000003,0.0075272559980011445
19.676660541,0.02443321326451902
19.678510649,0.006517757558647625
19.681161095,0.02292106000059113
19.682142383000002,-0.012654335208659688
19.684359325000003,-0.012654335208659688
19.685982964,-0.019972151696421515
19.688657428000003,-0.002559350815124485
19.691947827,0.0075272559980011445
19.692325602,0.038566191415468305
19.693935613,0.02594955531865169
19.696630046000003,0.008285427025067483
19.697817235000002,-0.017194983790648134
19.699949776,-0.026280469744829817
19.702948850000002,-0.015682830526720246
19.704587183,-0.005336518720897862
19.706121435,0.010053096491487338
19.708150088,0.010053096491487338
19.710080113,0.002986607416012697
19.711716338000002,0.002986607416012697
19.714529809000002,-3.7699111843077517e-05
19.715834709000003,-0.011137993154527013
19.718048945,-0.009374512478311944
19.720550496,-0.005336518720897862
19.722913118,-0.005336518720897862
19.725476248,-0.00987716730288631
19.726318214000003,-0.00987716730288631
19.727743965000002,0.016612741952182826
19.730234158000002,-0.023000647014482074
19.732418498,0.0014744541520848096
19.733755649000003,-0.008616341451245606
19.736026509000002,0.012574748194768745
19.738002238,0.012574748194768745
19.741199496,-0.00811368662667124
19.743143843000002,0.011565249755415227
19.745230586,-0.005336518720897862
19.746169589,-0.005336518720897862
19.747989051,-0.0023080234028373015
19.749689025000002,-0.013663833648013208
19.752493103000003,0.0017257815643719934
19.753758879000003,0.0234237148251655
19.756217652,0.01383557404640945
19.757686865,-0.0030661944299036382
19.760876129,0.0130815918095479
19.762839423000003,0.019641237270243386
19.763870946,0.019641237270243386
19.766324159,0.013332919221835084
19.768237999,0.04966648545815224
19.770057422,0.04966648545815224
19.771678254,0.060519640878753785
19.774283694,0.020399408297309726
19.77607421,0.00046495571273128943
19.77823413,0.00046495571273128943
19.78132322,-0.011644836769306166
19.784290742,0.011565249755415227
19.785038488,0.00121893794959284
19.786097424,-0.011137993154527013
19.788253539000003,-0.011137993154527013
19.789836375,-0.026280469744829817
19.791884134,-0.045959406126916284
19.794037227,-0.03813893481458009
19.796197198,-0.009118996275819974
19.798036481,-0.009118996275819974
19.801248637,0.006517757558647625
19.803429027,0.03225787336706
19.804641181,0.03225787336706
19.807267284,-0.015427314324228277
19.809806308000002,0.0060151027340732575
19.810517348,0.0060151027340732575
19.813335175000002,0.007275928585713961
19.815934866000003,0.0007162831250184729
19.817065276,-0.012905662620946872
19.818011338,-0.004578347693831526
19.820134474,-0.0018053685782629344
19.823939045,-0.002559350815124485
19.825671212,0.01030442390377452
19.826347569000003,0.01030442390377452
19.827892542,-0.01467333208736673
19.831129084,-0.0038201766667651893
19.831920085,-0.0071041881873177195
19.834367255,-0.0071041881873177195
19.837261262000002,0.014593745073475786
19.838061721000003,0.005005604294719737
19.840177416,-0.006094689747964199
19.842381046,0.008034099612780298
19.843929914,0.01863173883088987
19.846341829,0.01863173883088987
19.848476304000002,-0.013915161060300388
19.850285940000003,-0.013915161060300388
19.853737372,-0.023503301839056443
19.855333722,0.01080707872834889
19.856150871,0.006266430146360441
19.858080707000003,-0.0043270202815443425
19.861334339000003,0.0034892622405870636
19.863089342000002,-0.022242475987415737
19.86437054,-0.013412506235726023
19.865940384,-0.013412506235726023
19.869935363,0.006517757558647625
19.870810988000002,-0.0058391735454722295
19.87181593,-0.0058391735454722295
19.873857757,-0.015682830526720246
19.8760975,-0.002056695990550118
19.877776111000003,0.005763775321786075
19.881213031,0.0042474332676534
19.882547697,0.020399408297309726
19.885014143000003,0.020399408297309726
19.885965861000003,-0.0005403539364174445
19.88952778,-0.013915161060300388
19.890227522,-0.015427314324228277
19.892042531,-0.03460778467194517
19.894158897,0.00323793482829988
19.897392656,-0.013915161060300388
19.899725097,0.009043598052133818
19.900596125,0.011565249755415227
19.901916366000002,-0.0214843049603494
19.904655732000002,-0.014924659499653912
19.905992491000003,0.004498760679940584
19.908038064000003,0.004498760679940584
19.909701691000002,-0.025270971305476297
19.912276724,0.018124895216110715
19.915094800000002,0.014342417661188604
19.916156481,0.016612741952182826
19.917714138,0.01207209337019438
19.920872159,-0.009625839890599126
19.922563899,0.0014744541520848096
19.92409641,0.0014744541520848096
19.925757953,0.00248395259143833
19.928946030000002,-0.01770182740542729
19.93031298,-0.010635338329952646
19.932190272,-0.010635338329952646
19.935206164,-0.023754629251343626
19.937523273,-0.006848671984825749
19.938017902000002,0.006517757558647625
19.941547638000003,-0.012654335208659688
19.942210349,0.00046495571273128943
19.944328251,0.00046495571273128943
19.946152868000002,-0.01770182740542729
19.948433610000002,-0.01770182740542729
19.949917339000002,0.012323420782481564
19.952123052,-0.00886766886353279
19.953665837000003,-0.00886766886353279
19.955693824,0.033267371806413516
19.957661787000003,0.011313922343128042
19.96118757,0.018883066243177052
19.961969099,-0.0038201766667651893
19.964572202000003,-0.0038201766667651893
19.965792163,0.0075272559980011445
19.968456175,0.0075272559980011445
19.970330466,0.01106259493084086
19.972174957,0.01106259493084086
19.973677763,-0.0010471975511965976
19.975803651,-0.0058391735454722295
19.977769439000003,-0.016185485351294614
19.983508249,-0.02047480652099588
19.984127622000003,-0.0164368127635818
19.984919929,0.012574748194768745
19.986603873,0.012574748194768745
19.987764397000003,0.005005604294719737
19.990544774,0.0034892622405870636
19.992281121,0.0034892622405870636
19.994018847,0.007275928585713961
19.996461401,0.014593745073475786
19.997794776000003,0.005763775321786075
20.000487156000002,0.019389909857956203
20.002576655000002,-0.014924659499653912
20.004125412,-0.014924659499653912
20.006233124,0.01080707872834889
20.008015918,-3.7699111843077517e-05
20.012009295000002,-3.7699111843077517e-05
20.012704324,0.006773273761139594
20.013801086,-0.006094689747964199
20.015977993,-0.007355515599604904
20.017687197,0.015854570925116492
20.020897229000003,-0.010384010917665464
20.023430174,-0.025019643893189114
20.024757918000002,-0.025019643893189114
20.025858158000002,0.017873567803823532
20.027688699000002,0.017873567803823532
20.029874478,-0.011644836769306166
20.031703467,-0.002056695990550118
20.033675239,-0.017953154817714475
20.036409915,-0.005587846133185046
20.038076902,0.00248395259143833
20.041186888000002,0.010053096491487338
20.041979403000003,0.00046495571273128943
20.044286447,0.00046495571273128943
20.045757522000002,-0.024010145453835594
20.047770116000002,-0.006597344572538565
20.049773381,-0.012654335208659688
20.052155584,-0.012654335208659688
20.054373516000002,-0.015682830526720246
20.056162749000002,-0.015682830526720246
20.058098477,0.027210381170292394
20.06265493,-0.005336518720897862
20.062694386,0.0075272559980011445
20.063920842,0.005763775321786075
20.065954488000003,0.005763775321786075
20.067796119,-0.0007958701389094144
20.070231325,-0.0010471975511965976
20.072000782,-0.0010471975511965976
20.073796206,-0.024764127690697146
20.075971442,0.00248395259143833
20.078372033,0.0009676105373056563
20.079879457,-0.01467333208736673
20.082564870000002,0.010555751316061707
20.084308655,0.0075272559980011445
20.086191789,0.0075272559980011445
20.088199629000002,0.00046495571273128943
20.090670125000003,0.00046495571273128943
20.092195568,0.003996105855366217
20.093781238000002,0.003996105855366217
20.096391862,-0.0028148670176164547
20.098227925,-0.014422004675079547
20.100352588,-0.014422004675079547
20.103713262000003,-0.023000647014482074
20.104625952000003,-0.023000647014482074
20.106142932,-0.006346017160251382
20.107826741,-0.006346017160251382
20.110680904000002,0.005005604294719737
20.11198319,0.005005604294719737
20.113908884,0.010555751316061707
20.115838974000003,-0.010384010917665464
20.118148928,-0.012147491593880533
20.120672355,-0.027289968184183337
20.122478086,-0.027289968184183337
20.12605843,-0.019213980669355174
20.126873224,-0.019213980669355174
20.128636713000002,-0.010635338329952646
20.129876111,-0.010635338329952646
20.131823752000003,-0.029560292475177562
20.133720977000003,-0.013915161060300388
20.135694704000002,0.01030442390377452
20.138184312,-0.0076068430118920866
20.140803083,0.008285427025067483
20.141998888,0.012574748194768745
20.144103668,0.012574748194768745
20.146196283000002,0.015096399898050153
20.149135849,0.023930558439944655
20.150087261000003,0.010053096491487338
20.15258065,-0.025019643893189114
20.155200172,0.008034099612780298
20.156679563,0.010555751316061707
20.15825729,-0.0010471975511965976
20.163193277,-0.0028148670176164547
20.163205344,-0.0028148670176164547
20.165255983,-0.004578347693831526
20.166126987000002,-0.004578347693831526
20.169252222,-0.0058391735454722295
20.170445432,0.01863173883088987
20.171834595,0.004754276882432553
20.175668208,0.004498760679940584
20.176622196,0.004498760679940584
20.178597370000002,-0.010128494715173493
20.181243617,-0.013663833648013208
20.183698241000002,-0.008616341451245606
20.184328904,0.008034099612780298
20.186194017000002,0.008034099612780298
20.188208994,-0.012905662620946872
20.189984914,-0.006848671984825749
20.191980953,-0.006848671984825749
20.193705963000003,0.01207209337019438
20.195758816,-0.014422004675079547
20.198345937000003,0.0019771089766591767
20.200297387000003,-0.0035688492544780057
20.203427024,0.02191156156123761
20.206521342000002,0.016864069364470012
20.207178353,0.016864069364470012
20.207983600000002,0.024688729467010992
20.210050287,0.024688729467010992
20.212615457000002,-0.01845580964228884
20.213682496,-0.01669232896607377
20.216588023,0.023172387412878314
20.217710266,-0.01467333208736673
20.220904812,0.008285427025067483
20.222704624000002,0.010053096491487338
20.223821574000002,0.010053096491487338
20.227311149000002,0.020399408297309726
20.228317936,-0.0028148670176164547
20.229837807000003,0.0007162831250184729
20.231748147,0.01207209337019438
20.235286873,0.006773273761139594
20.237836650000002,-0.008365014038958424
20.239690085000003,0.029480705461286623
20.241041729000003,-0.010635338329952646
20.242012266,0.011565249755415227
20.245823933,-0.009374512478311944
20.246531074,-0.009374512478311944
20.248003664000002,0.00222843638894636
20.250530278000003,0.03427687024576704
20.251730443,0.03427687024576704
20.253881463000003,0.0027352800037255135
20.255785378000002,-0.006094689747964199
20.257793904,0.009797580288995368
20.261141523000003,-0.0023080234028373015
20.262311313,0.02746170858257958
20.26412758,0.02746170858257958
20.266228924,0.00121893794959284
20.269056386000003,0.00121893794959284
20.270083758000002,-0.02905344886039841
20.271754597,-0.0010471975511965976
20.274042516,0.015096399898050153
20.276087665000002,-0.015934157939007435
20.28136616,0.00525693170700692
20.281424751000003,0.009043598052133818
20.282961294,-0.0076068430118920866
20.284208841,-0.0076068430118920866
20.285857198000002,-0.0030661944299036382
20.288145534,-0.0030661944299036382
20.291105318,-0.0033175218421908218
20.292424307,0.009546252876708185
20.295136810000002,-0.0033175218421908218
20.296229855,-0.00987716730288631
20.297771567,0.0027352800037255135
20.301070387000003,-0.013663833648013208
20.303183894,0.01383557404640945
20.305663103,0.002986607416012697
20.306783625,0.002986607416012697
20.308643456000002,0.0017257815643719934
20.310591816000002,0.0017257815643719934
20.312051026000002,-0.014924659499653912
20.314729525,-0.002056695990550118
20.316209389,0.009546252876708185
20.318869257000003,-0.000289026524130261
20.320024848000003,0.010053096491487338
20.323202739000003,0.02746170858257958
20.32547067,-0.008365014038958424
20.326551798,-0.008365014038958424
20.327897313,0.005763775321786075
20.329974926000002,0.014593745073475786
20.332442288000003,0.014593745073475786
20.333797597,0.0130815918095479
20.335894618,0.00525693170700692
20.338138964000002,-0.006848671984825749
20.341106849000003,0.009043598052133818
20.341905433,-0.013156990033234053
20.3448524,-0.013156990033234053
20.346139808,0.028722534434220282
20.348048108,0.028722534434220282
20.349935391000002,-0.03006294729975193
20.352423383,0.025191384291585354
20.354502864,0.025191384291585354
20.356089707000002,-0.02249380339970292
20.358930337,-0.0023080234028373015
20.360719033000002,0.008034099612780298
20.362423626,0.014593745073475786
20.364349721,0.014593745073475786
20.369590412,-0.0007958701389094144
20.369608088,0.0042474332676534
20.371343276,0.0042474332676534
20.372388054,0.0027352800037255135
20.374133505,0.0027352800037255135
20.37620014,0.02544271170387254
20.378080212,0.02544271170387254
20.381128231,-0.023000647014482074
20.383645696000002,0.006773273761139594
20.384724208,0.006773273761139594
20.386494787,0.00046495571273128943
20.388112352,0.005763775321786075
20.390337982000002,0.005763775321786075
20.393286874,-0.00811368662667124
20.394016530000002,-0.008616341451245606
20.396590571,-0.0033175218421908218
20.398108116,0.005005604294719737
20.400741850000003,0.004498760679940584
20.401956661,-0.02047480652099588
20.40432085,-0.02047480652099588
20.407608691,0.0017257815643719934
20.408708863,0.0017257815643719934
20.410631476000002,-0.011137993154527013
20.412980444000002,-0.010128494715173493
20.41533759,-0.010128494715173493
20.41627312,-0.004075692869257159
20.418161905,-0.014166488472587576
20.420826249,0.02090206312188409
20.422144051,0.003744778443079033
20.424586085,0.003744778443079033
20.427376153,0.032509200779347186
20.428233451,0.032509200779347186
20.429905117,0.013584246634122265
20.431820383,-0.010635338329952646
20.434523876,-0.024010145453835594
20.435791279,-0.012905662620946872
20.437744006000003,-0.004829675106118709
20.441338063,-0.006346017160251382
20.44360807,0.01207209337019438
20.444767432000003,0.01207209337019438
20.445923601,-0.0043270202815443425
20.448149417,-0.0043270202815443425
20.450999783,-0.0007958701389094144
20.452295499,-0.009625839890599126
20.45413374,-0.0071041881873177195
20.455770781000002,-0.024010145453835594
20.458464669,-0.02047480652099588
20.463160870000003,0.024688729467010992
20.463240928,0.0034892622405870636
20.465691874,-0.0043270202815443425
20.466255983,-0.0043270202815443425
20.467996739,-0.009118996275819974
20.470406819,-0.009118996275819974
20.471890353000003,-0.0071041881873177195
20.473881395000003,-0.008616341451245606
20.475830782000003,-0.009374512478311944
20.478309097,-0.0058391735454722295
20.482750162000002,-0.002056695990550118
20.483550743000002,0.0007162831250184729
20.48549208,0.0019771089766591767
20.486348353,0.0019771089766591767
20.489580332000003,0.01080707872834889
20.490690678,0.01080707872834889
20.493713133,0.008788081849641848
20.494385853,0.008788081849641848
20.496680523000002,0.00222843638894636
20.49819632,0.024181885852231837
20.50014557,0.0007162831250184729
20.502280792,0.007275928585713961
20.504648608,0.007275928585713961
20.506171350000002,-0.015934157939007435
20.508513253,-0.015934157939007435
20.510249185000003,-0.013663833648013208
20.512341528,-0.013663833648013208
20.514080173,-0.013412506235726023
20.516470097000003,-0.013412506235726023
20.517858097,-0.018204482230001658
20.521065176,0.014342417661188604
20.522637483,-0.01088666574223983
20.524304475,-0.01088666574223983
20.525894432,0.00323793482829988
20.528366188,0.00323793482829988
20.530016131,-0.009118996275819974
20.532005697000002,0.00323793482829988
20.533722293,-0.027541295596470523
20.535908881,0.009294925464421
20.537692738,0.0034892622405870636
20.543455048000002,-0.017953154817714475
20.544026773000002,-0.005336518720897862
20.544789879,0.02746170858257958
20.546531329,0.02746170858257958
20.548036925,0.012826075607055929
20.550118335,0.012826075607055929
20.552806084,-0.004578347693831526
20.554359741000003,0.00222843638894636
20.556565723000002,-0.01896265325706799
20.558279641000002,-0.01896265325706799
20.560932241,0.00222843638894636
20.562377779000002,0.01383557404640945
20.564303964,0.01383557404640945
20.565889133000002,-0.015427314324228277
20.567884538,0.0009676105373056563
20.571792173000002,-0.00886766886353279
20.572311226,-0.006094689747964199
20.573770028000002,-0.004075692869257159
20.577255161,0.02140471794645846
20.578365316000003,0.006266430146360441
20.580632775,-0.0033175218421908218
20.582969209,0.010555751316061707
20.584305506,0.010555751316061707
20.586231014000003,0.014091090248901419
20.587858803,0.014091090248901419
20.591563031,0.002986607416012697
20.593969278000003,-0.0030661944299036382
20.59466987,0.010053096491487338
20.596038178,-0.002056695990550118
20.598225172000003,0.005763775321786075
20.601387535,-0.012654335208659688
20.604660216000003,-0.01467333208736673
20.605532539000002,-0.01467333208736673
20.607182291,0.00020943951023931956
20.608566719000002,0.00020943951023931956
20.611719449000002,-0.022745130811990102
20.612296459,0.02544271170387254
20.615185077,-0.0030661944299036382
20.61603298,0.020143892094817754
20.617895054,-0.0018053685782629344
20.62061814,-0.000289026524130261
20.623584154,-0.02804395042104489
20.625028135,-0.02804395042104489
20.626366333,0.0019771089766591767
20.62816617,-0.01694365637836095
20.630332076000002,-0.01694365637836095
20.632075534000002,-0.0043270202815443425
20.635347044,-0.0012985249634837814
20.637894196,0.01863173883088987
20.639920667000002,-0.015934157939007435
20.641619209,0.006517757558647625
20.643439971000003,0.0075272559980011445
20.645554411000003,0.01080707872834889
20.646359842000003,0.01080707872834889
20.648248596000002,-0.018204482230001658
20.650225391000003,-0.018204482230001658
20.653217566000002,-0.0030661944299036382
20.654270964000002,0.019134393655464235
20.656558899,-0.012147491593880533
20.658222759,-0.005587846133185046
20.660972143000002,-0.005587846133185046
20.662084752000002,0.010053096491487338
20.664822111000003,0.010053096491487338
20.666191558,0.02140471794645846
20.668314897000002,0.02140471794645846
20.669708648,-0.01871132584478081
20.671845694,-0.0076068430118920866
20.675125324,0.015603243512829306
20.676024767,0.012826075607055929
20.677904037,-0.015682830526720246
20.679727611,0.018124895216110715
20.682638308,-0.029811619887464745
20.683764825,0.012826075607055929
20.686219081,0.012826075607055929
20.688071230000002,-0.012654335208659688
20.689947729,-0.015934157939007435
20.693253037,0.009294925464421
20.696631335000003,-0.006346017160251382
20.697917821,-0.006597344572538565
20.700573495,-0.010635338329952646
20.701539688,0.01030442390377452
20.702406875,-0.0015498523757709647
20.705042415,0.0027352800037255135
20.705905400000002,0.008034099612780298
20.707870886000002,0.008034099612780298
20.710203091,-0.01845580964228884
20.713183323000003,-0.01845580964228884
20.715011792000002,-0.0076068430118920866
20.716065288000003,0.008285427025067483
20.718257433,-0.0043270202815443425
20.720104509000002,0.0024797638012335438
20.723296563,0.0075272559980011445
20.724368693000002,0.021153390534171274
20.726750096,0.021153390534171274
20.728531361,-3.7699111843077517e-05
20.730945788,-3.7699111843077517e-05
20.732240414,-0.01189616418159335
20.733817063,-0.01189616418159335
20.735843673,-0.019972151696421515
20.737883024000002,0.0007162831250184729
20.739763625000002,0.0014744541520848096
20.742499857000002,0.014091090248901419
20.745894569,-0.007858170424179271
20.746599125000003,-0.007858170424179271
20.74848893,0.00020943951023931956
20.751392833,-0.006597344572538565
20.753720763,0.011313922343128042
20.755172223000002,0.011313922343128042
20.756317976000002,-0.0012985249634837814
20.758642441000003,0.007782772200493115
20.760065709000003,-0.02047480652099588
20.764167359,0.009797580288995368
20.764975244000002,0.004498760679940584
20.766266917000003,0.004498760679940584
20.768264261000002,-0.01694365637836095
20.770729703,-0.01694365637836095
20.774538850000003,-0.013412506235726023
20.775350731,0.008034099612780298
20.776510588,0.008034099612780298
20.77807541,-0.010128494715173493
20.7818936,-0.009374512478311944
20.782785853,-0.009374512478311944
20.784502419000003,0.0034892622405870636
20.786745838,0.0034892622405870636
20.7890719,-0.002559350815124485
20.789924976000002,-0.000289026524130261
20.79194184,0.013584246634122265
20.793799371000002,0.015603243512829306
20.796024266,0.004498760679940584
20.797804137,-0.002056695990550118
20.802592807,0.02594955531865169
20.803333416,0.01080707872834889
20.804153331000002,0.01080707872834889
20.805966185000003,-0.0164368127635818
20.807861768000002,0.0034892622405870636
20.810390443000003,-0.0012985249634837814
20.811876344,-3.7699111843077517e-05
20.814098644,-3.7699111843077517e-05
20.815797229,-0.01972082428413433
20.81776305,-0.007355515599604904
20.820265748,0.005508259119294104
20.821990588000002,-0.005085191308610679
20.825341083,-0.0043270202815443425
20.826614895000002,-0.0043270202815443425
20.828748481,-0.002559350815124485
20.830701631,0.0075272559980011445
20.832274101000003,0.0130815918095479
20.834077714000003,0.0130815918095479
20.836244389,-0.01744631120293532
20.837885562,-0.01744631120293532
20.839877843,0.013332919221835084
20.843328596000003,-0.010128494715173493
20.845471139,0.017370912979249163
20.846770738,0.017370912979249163
20.848354787,-0.010635338329952646
20.850670565,-0.010635338329952646
20.851972290000003,0.004498760679940584
20.854003333,-0.025773626130050666
20.856309471000003,0.007275928585713961
20.858511119000003,-0.005587846133185046
20.861757899,0.010555751316061707
20.862344018,0.004754276882432553
20.865056459,0.025191384291585354
20.866180384,0.025191384291585354
20.868272843,0.012574748194768745
20.870417615,0.005763775321786075
20.873073878,-0.013915161060300388
20.874041793,0.02594955531865169
20.876364517000003,-0.005085191308610679
20.878462987000002,0.022162888973524798
20.881225332,-0.015431503114433066
20.882233914,-0.015431503114433066
20.884359144,-0.0071041881873177195
20.886330325000003,-0.0071041881873177195
20.888120019000002,0.025191384291585354
20.892401266,0.003744778443079033
20.892929369,-0.006094689747964199
20.894021783000003,-0.006094689747964199
20.895919694,0.012323420782481564
20.898313321,0.0017257815643719934
20.900114182000003,-0.01744631120293532
20.905603965,0.0024797638012335438
20.905636149000003,0.0024797638012335438
20.906553781000003,0.009294925464421
20.908234189,0.009294925464421
20.910275269,-0.021232977548062217
20.914008414,0.005763775321786075
20.914691346,0.005763775321786075
20.916733750000002,0.009797580288995368
20.918520316000002,0.009797580288995368
20.920705485000003,-3.7699111843077517e-05
20.923090576,-3.7699111843077517e-05
20.925318515,-0.01189616418159335
20.926565163000003,-0.01189616418159335
20.927919408,0.02620088273093888
20.930021849000003,0.008034099612780298
20.933310396,0.00222843638894636
20.934291904000002,-0.015934157939007435
20.936820707000003,0.00222843638894636
20.937758053,-0.005085191308610679
20.940383776,0.007782772200493115
20.944085534000003,0.02771303599486677
20.944808994000002,0.02771303599486677
20.946001195,-0.00987716730288631
20.947795259000003,-0.00987716730288631
20.949838196,-0.009374512478311944
20.952561063,-0.008365014038958424
20.953951235,-0.008365014038958424
20.955872052,0.017370912979249163
20.958669264,-0.0028148670176164547
20.961130670000003,-3.7699111843077517e-05
20.96350453,-0.011393509357018983
20.964651236,-0.011393509357018983
20.966815320000002,-0.0015498523757709647
20.968792085,-0.0015498523757709647
20.970308259000003,-0.006848671984825749
20.973441817,-0.006848671984825749
20.974193357,0.030490203900640143
20.975883053,-0.01088666574223983
20.977976381,-0.026783124569404185
20.980931157,-0.01946530808164236
20.982525889,0.004498760679940584
20.984734266,0.004498760679940584
20.988131899000003,0.00121893794959284
20.988792967000002,0.00121893794959284
20.990132363,-0.0043270202815443425
20.992368496,0.01106259493084086
20.994137345000002,-0.016185485351294614
20.996616734,-0.02249380339970292
20.997990669,-0.01871132584478081
20.99995102,0.008788081849641848
21.005147192000003,0.0024797638012335438
21.006339318000002,-0.012905662620946872
21.007022621,-0.012905662620946872
21.008281868,-0.025773626130050666
21.009973433000003,-0.025773626130050666
21.012837724,-0.015175986911941096
21.014326616,-0.015175986911941096
21.016099448000002,-0.007858170424179271
21.018031327000003,0.008788081849641848
21.021426887,0.0060151027340732575
21.022323749,0.0060151027340732575
21.026043321000003,-0.022242475987415737
21.026781137,-0.022242475987415737
21.027908091,0.00222843638894636
21.030230476,0.018124895216110715
21.031968435,-0.013663833648013208
21.035681056,0.01181657716770241
21.036591703000003,0.01181657716770241
21.037891101,0.028219879609645913
21.040600014000002,0.003744778443079033
21.043679975,-0.004829675106118709
21.044897048000003,-0.004829675106118709
21.046068801,-0.02451280027840996
21.048250982000003,-0.02451280027840996
21.050520296000002,-0.002056695990550118
21.052050477,0.017622240391536346
21.054233516,0.017622240391536346
21.057770914000002,0.01080707872834889
21.058638942,0.01080707872834889
21.059921756,0.01181657716770241
21.062760439,0.04386501102452309
21.065184355000003,-0.014422004675079547
21.066719131000003,-0.014422004675079547
21.068007687,-0.00811368662667124
21.069902683000002,0.00020943951023931956
21.072534285,0.008285427025067483
21.073886439000002,-0.013412506235726023
21.075905581,-0.002559350815124485
21.077955300000003,-0.013156990033234053
21.081200298000002,-0.006597344572538565
21.082716639,0.032002357164568035
21.084513776,0.032002357164568035
21.086046590000002,0.02494005687929817
21.088327717000002,0.02494005687929817
21.091347316,0.00222843638894636
21.092239625,0.014342417661188604
21.094327928000002,-0.0058391735454722295
21.096085248,-0.0058391735454722295
21.098121991000003,0.015854570925116492
21.101289905,0.015854570925116492
21.102200453000002,-0.0076068430118920866
21.104221278,-0.0076068430118920866
21.105881939,-0.012147491593880533
21.10787805,-0.012147491593880533
21.111190413000003,-0.013915161060300388
21.112558537,-0.008365014038958424
21.113940525,-0.0043270202815443425
21.115800801000002,0.014342417661188604
21.118958762000002,0.014342417661188604
21.120644816000002,-0.012403007796372503
21.122243247,-0.012403007796372503
21.124779267,-0.019213980669355174
21.126803585,-0.019213980669355174
21.128003066,-0.004578347693831526
21.130342430000002,-0.004578347693831526
21.131826175,-0.015934157939007435
21.133932844,0.00020943951023931956
21.136316518,-0.015175986911941096
21.139298066000002,0.015351916100542123
21.140365946000003,0.015351916100542123
21.143271397000003,-0.006094689747964199
21.144521215,-0.004829675106118709
21.146411786,-0.004829675106118709
21.148069901000003,-0.0030661944299036382
21.150146661,-0.011644836769306166
21.152076121,0.003744778443079033
21.154427914000003,0.015096399898050153
21.156057084,-0.002056695990550118
21.159285733,-0.002056695990550118
21.160432825,-0.015427314324228277
21.162117937,0.0007162831250184729
21.164004543,-3.7699111843077517e-05
21.166930796000003,-3.7699111843077517e-05
21.168639436000003,0.0014744541520848096
21.170250673,0.0014744541520848096
21.174457312,0.014342417661188604
21.175295795,-0.018204482230001658
21.176193361000003,-0.0038201766667651893
21.178607541,-0.0038201766667651893
21.181799148,-0.026029142332542634
21.184426905000002,0.00323793482829988
21.185857156,0.005508259119294104
21.186987809,0.005508259119294104
21.189574844000003,-0.00886766886353279
21.190073703000003,-0.00886766886353279
21.192032237000003,-0.025773626130050666
21.193963384,0.007782772200493115
21.197221081000002,-0.021232977548062217
21.198267451000003,-0.015934157939007435
21.201211668000003,-0.011137993154527013
21.203603963000003,-0.009374512478311944
21.204329498,-0.009374512478311944
21.206120415,0.017873567803823532
21.208034505,0.017873567803823532
21.210378178000003,0.008285427025067483
21.212631015000003,0.008285427025067483
21.214123371000003,-0.01770182740542729
21.218000889000002,0.00046495571273128943
21.218765060000003,0.005005604294719737
21.221038878,-0.0007958701389094144
21.223921198000003,-0.013915161060300388
21.224987898000002,-0.013915161060300388
21.227346297,-0.00886766886353279
21.228129655,-0.00886766886353279
21.231551375000002,-0.004578347693831526
21.232789258,0.0007162831250184729
21.234041446000003,0.017622240391536346
21.237510626000002,0.020395219507104937
21.238707635,0.020395219507104937
21.241284756000002,-0.030318463502243896
21.241878970000002,-0.030318463502243896
21.244687665,0.00323793482829988
21.24694096,-0.004075692869257159
21.248472877,-0.004075692869257159
21.249933235,-0.0076068430118920866
21.252527641,-0.004075692869257159
21.254089209,-0.004075692869257159
21.255887738000002,0.0017257815643719934
21.258199383,0.007782772200493115
21.261499499000003,0.009546252876708185
21.262322657000002,0.009546252876708185
21.264098958,0.00222843638894636
21.266446053000003,0.00222843638894636
21.268519782000002,0.0007162831250184729
21.270170124,-0.011137993154527013
21.272034612000002,-0.006346017160251382
21.27528148,0.011313922343128042
21.276496690000002,0.014091090248901419
21.278502558,0.007275928585713961
21.280598598,0.006517757558647625
21.282310866,-3.7699111843077517e-05
21.284211489,-3.7699111843077517e-05
21.286097951000002,0.019134393655464235
21.287826147,0.019134393655464235
21.289928407,-0.005336518720897862
21.293168008000002,0.021660234148950432
21.294524981000002,-0.008365014038958424
21.295880244000003,0.010053096491487338
21.297901931000002,0.015096399898050153
21.303275837,-0.015682830526720246
21.303292543,-0.005587846133185046
21.304514418,-0.005587846133185046
21.305940471000003,-0.009625839890599126
21.307956767,0.014342417661188604
21.310593637,0.0060151027340732575
21.311988987000003,0.02620088273093888
21.314572073,-0.004578347693831526
21.315846182,0.00248395259143833
21.318075,-0.005587846133185046
21.320749859000003,0.02191156156123761
21.323610777000003,0.0007162831250184729
21.324993132000003,0.0007162831250184729
21.32603839,-0.006094689747964199
21.327942764000003,-0.006094689747964199
21.330096562,0.006517757558647625
21.332628549000002,-0.012147491593880533
21.33388841,-0.006597344572538565
21.336078184,-0.006094689747964199
21.338238638,0.007782772200493115
21.341044609,0.006517757558647625
21.343167213,0.009797580288995368
21.344223088,0.009797580288995368
21.346203356,0.006773273761139594
21.348439314,0.006773273761139594
21.350277537,0.0019771089766591767
21.352118034,-0.0012985249634837814
21.353982076,0.02443321326451902
21.356611475,0.017370912979249163
21.35816715,-0.012905662620946872
21.361454682,0.01181657716770241
21.36486736,0.008536754437354665
21.364924622,-0.01845580964228884
21.366409749000002,-0.01845580964228884
21.370572390000003,-0.008616341451245606
21.373199721000002,-0.008616341451245606
21.373517571,-0.010384010917665464
21.374715661,-0.010384010917665464
21.375905204000002,-0.004075692869257159
21.377945435,-0.013663833648013208
21.381080428,0.026452210143226063
21.382602437000003,0.026452210143226063
21.386263442,-0.0015498523757709647
21.387061911,-0.0015498523757709647
21.38813447,0.0027352800037255135
21.389994888,0.02191156156123761
21.39188038,0.018883066243177052
21.395239193000002,0.00020943951023931956
21.396091375,0.00020943951023931956
21.398634576000003,0.008034099612780298
21.400052008000003,-0.0012985249634837814
21.403096663000003,-0.011137993154527013
21.404206349000003,0.004498760679940584
21.406239799,0.012323420782481564
21.407916545000003,0.005005604294719737
21.410504254000003,0.00525693170700692
21.412697987,-0.004829675106118709
21.415049996,-0.004829675106118709
21.416110080000003,0.00248395259143833
21.419036772000002,-0.002056695990550118
21.420662622000002,-0.002056695990550118
21.423580402000002,-0.00811368662667124
21.424625918,-0.00811368662667124
21.426505935,0.002986607416012697
21.428047842,0.002986607416012697
21.429960869000002,0.00046495571273128943
21.432138466,-0.012654335208659688
21.435312291000002,-0.000289026524130261
21.436329666000002,-0.000289026524130261
21.437933584,-3.7699111843077517e-05
21.441483021,-0.012654335208659688
21.442287615,0.008034099612780298
21.445411641,0.008034099612780298
21.447613947,0.0027352800037255135
21.448726372000003,0.0027352800037255135
21.449993089000003,-0.0012985249634837814
21.452281831,-0.0010471975511965976
21.454193378000003,0.02292106000059113
21.456298275,0.008536754437354665
21.457993223000003,-0.01871132584478081
21.460562857000003,-0.0010471975511965976
21.462753819,-0.0010471975511965976
21.465424205,0.021153390534171274
21.466601506,0.021153390534171274
21.470160344,-0.015682830526720246
21.471003944,0.00222843638894636
21.473246327000002,0.003996105855366217
21.474476457,-0.006597344572538565
21.475804509,-0.0164368127635818
21.477966180000003,0.008788081849641848
21.481031143000003,-0.020223479108708697
21.483080378,-0.020223479108708697
21.484513566,0.007275928585713961
21.486131578000002,0.007275928585713961
21.489076887000003,-0.0007958701389094144
21.489926387,-0.0007958701389094144
21.491789750000002,-0.017194983790648134
21.493797604,-0.011137993154527013
21.498025686000002,0.005508259119294104
21.499847433000003,-0.007858170424179271
21.500993327,-0.007858170424179271
21.502453573,-0.0164368127635818
21.505265032,-0.0164368127635818
21.507266299,0.008792270639846635
21.508382642,0.008792270639846635
21.509819939,-0.009374512478311944
21.512748122,0.016864069364470012
21.513806501,0.016864069364470012
21.515821487,0.010555751316061707
21.519298385000003,0.008792270639846635
21.520143742000002,0.009797580288995368
21.523320662,0.01080707872834889
21.524083740000002,0.01106259493084086
21.526314222,0.01106259493084086
21.527998055,0.005508259119294104
21.530388129000002,0.019389909857956203
21.531855286000003,0.01383557404640945
21.533981973000003,0.015854570925116492
21.535988699,-0.014166488472587576
21.537932790000003,0.00046495571273128943
21.540620566,0.00248395259143833
21.542213667000002,-0.016185485351294614
21.545901977,-0.006346017160251382
21.546551518,-0.006346017160251382
21.548517777,-0.0030661944299036382
21.550120386,-3.7699111843077517e-05
21.552618791,-0.0018053685782629344
21.553911049,0.018380411418602683
21.556284954000002,-0.012147491593880533
21.557821054,0.0014744541520848096
21.561021649,0.01989256468253057
21.561933387,-0.005336518720897862
21.563914673000003,-0.005336518720897862
21.565963283000002,0.016361414539895647
21.568604249,0.016361414539895647
21.570275688000002,-0.0033175218421908218
21.573243478000002,0.0234237148251655
21.574607284000002,0.00020943951023931956
21.575777513000002,0.006517757558647625
21.577937767,-0.006848671984825749
21.580648030000003,-0.005085191308610679
21.583271406,0.005005604294719737
21.584432340000003,0.005005604294719737
21.585892454,0.02090206312188409
21.588534061,0.02090206312188409
21.589950322,0.0014744541520848096
21.592191755,0.00323793482829988
21.593952242,0.009294925464421
21.596104973000003,0.005508259119294104
21.597807701,0.005508259119294104
21.600830136000003,-0.013412506235726023
21.603948835,-0.012654335208659688
21.604541128,-0.012654335208659688
21.605899738,0.005005604294719737
21.608955622,0.005005604294719737
21.609904616,0.02771303599486677
21.611823179,0.009546252876708185
21.613741739,-0.017194983790648134
21.615987151000002,0.026452210143226063
21.618717567,0.009546252876708185
21.620354080000002,-0.008365014038958424
21.623589013,-0.008365014038958424
21.625598876,-0.015175986911941096
21.626725521,-0.015175986911941096
21.627877139000002,0.01181657716770241
21.631978807000003,0.023172387412878314
21.632588922,-0.01669232896607377
21.635634585000002,0.016361414539895647
21.636579205,0.003996105855366217
21.637892489000002,-0.0018053685782629344
21.641290972,0.009797580288995368
21.644197663,-0.025522298717763483
21.645073865,-0.025522298717763483
21.646257315,-0.0028106782274116685
21.647900935000003,-0.0028106782274116685
21.651307639000002,-0.0043270202815443425
21.652498821000002,-0.01189616418159335
21.653875936000002,-0.006597344572538565
21.655760516,-0.011393509357018983
21.658749888000003,0.0007162831250184729
21.659749325,0.003996105855366217
21.663204312,0.015351916100542123
21.663935413,0.010555751316061707
21.666293185,0.010555751316061707
21.667898251,0.011313922343128042
21.669919983,-0.011393509357018983
21.672450959000003,0.004498760679940584
21.673813331,0.004498760679940584
21.675764540000003,-0.015682830526720246
21.678844261000002,0.00020943951023931956
21.681214801000003,-0.01744631120293532
21.682181073000002,-0.009625839890599126
21.685804002,-0.0028106782274116685
21.686636126,-0.0028106782274116685
21.690174554000002,0.014091090248901419
21.690958829000003,0.014091090248901419
21.69196238,0.009797580288995368
21.693835726,-0.004578347693831526
21.695891805000002,0.00248395259143833
21.698272213000003,0.0042474332676534
21.701503625,0.003744778443079033
21.702555460000003,0.008792270639846635
21.704131549000003,0.008792270639846635
21.705949682,-0.0023080234028373015
21.708569769,0.012574748194768745
21.709994328,-0.0038201766667651893
21.712364284000003,-0.0012985249634837814
21.713783446,-0.010635338329952646
21.716567248,0.00349345103079185
21.71812126,-0.0038201766667651893
21.721305045,-0.0012985249634837814
21.722061529,0.009043598052133818
21.724598406000002,0.009043598052133818
21.726329368000002,0.014091090248901419
21.727964246000003,0.014091090248901419
21.730160988,-0.009625839890599126
21.732080549000003,-0.002559350815124485
21.733858207,0.00349345103079185
21.735934177,-0.004829675106118709
21.738783871000003,-0.011393509357018983
21.740814803000003,0.0130815918095479
21.743259092000002,0.00349345103079185
21.744452027,0.00349345103079185
21.746045412,-0.005587846133185046
21.748391903,-0.005587846133185046
21.750462872,-0.005085191308610679
21.752645141000002,0.00525693170700692
21.754455379000003,0.021660234148950432
21.756372501,-0.013412506235726023
21.758329210000003,-0.012654335208659688
21.761281035,-0.012654335208659688
21.762524172000003,-0.0043270202815443425
21.764376769000002,-0.0043270202815443425
21.766023844000003,0.009546252876708185
21.768087148000003,0.009546252876708185
21.770265764,-0.000289026524130261
21.772729449,-0.0028106782274116685
21.774669648,-0.006094689747964199
21.776931750000003,-0.0007958701389094144
21.7781907,0.010053096491487338
21.779982921000002,0.0014744541520848096
21.784080469000003,0.0060151027340732575
21.785233603000002,-0.0058391735454722295
21.786576179,-0.0058391735454722295
21.788108205,0.02191156156123761
21.790388336000003,0.02191156156123761
21.792334954,0.009546252876708185
21.793866137000002,0.009546252876708185
21.796316806,-0.012905662620946872
21.798136904,-0.012905662620946872
21.804765492,-0.023000647014482074
21.804796226,-0.008616341451245606
21.805751111000003,0.004754276882432553
21.807108996,0.004754276882432553
21.809327475,0.00349345103079185
21.8104842,0.00349345103079185
21.812401763,-0.021991148575128554
21.814196209000002,-0.033342770030099673
21.817491337,0.0060151027340732575
21.818483706000002,0.00046495571273128943
21.820864367000002,-0.01694365637836095
21.822798707,-0.0018053685782629344
21.824333212000003,-0.0018053685782629344
21.827335359000003,0.0017257815643719934
21.828065117,0.0017257815643719934
21.830007784000003,0.008034099612780298
21.831894035,-0.011393509357018983
21.834233209,-0.023754629251343626
21.835958104000003,0.010555751316061707
21.838306422000002,0.0007162831250184729
21.840286561000003,0.0042474332676534
21.842753991000002,-0.015934157939007435
21.844611856,-0.015934157939007435
21.846274540000003,0.006773273761139594
21.848167101,0.006773273761139594
21.850034623000003,0.005005604294719737
21.851898151,0.020143892094817754
21.854880382,0.014091090248901419
21.857320794,-0.004578347693831526
21.8585578,0.003996105855366217
21.860740863,0.002986607416012697
21.862928034000003,0.009546252876708185
21.865010685,0.009546252876708185
21.866109548,0.011313922343128042
21.867930609000002,0.011313922343128042
21.870704086,-0.005587846133185046
21.872019731,-0.006346017160251382
21.874437678,0.01207209337019438
21.876047318,0.03982701726710901
21.878182338000002,0.032006545954772814
21.881098188000003,0.013332919221835084
21.882780071000003,-0.03006294729975193
21.885226016,-0.03006294729975193
21.88678689,-0.000289026524130261
21.88797638,-0.002559350815124485
21.890611449,-0.0071041881873177195
21.891971974,-0.0071041881873177195
21.895970995000003,-0.004829675106118709
21.897029352,-0.004829675106118709
21.898340331,-0.014924659499653912
21.900626085000003,-0.0012985249634837814
21.902151996,-0.01946530808164236
21.904538717,-0.01946530808164236
21.906063500000002,-0.01896265325706799
21.907955548,-0.01896265325706799
21.910431820000003,0.02191156156123761
21.912615485,-0.009625839890599126
21.914113518,0.014342417661188604
21.916381339,-0.0012985249634837814
21.918249288000002,0.0019771089766591767
21.921079857000002,-0.013915161060300388
21.922716955000002,-0.026531797157117003
21.924903341,-0.026531797157117003
21.926127725,-0.005336518720897862
21.928433995000002,-0.016185485351294614
21.929965181,-0.0043270202815443425
21.933266624,-0.009625839890599126
21.935865115000002,-0.006597344572538565
21.938617209,0.009546252876708185
21.938638518,0.00121893794959284
21.941868684000003,-0.01669232896607377
21.944847595000002,-0.0035688492544780057
21.945229094000002,-0.0038201766667651893
21.946515220000002,0.0014744541520848096
21.948590613,0.0014744541520848096
21.95028074,0.012323420782481564
21.952112421000002,-0.027289968184183337
21.954061276,-0.0015498523757709647
21.957573365000002,-0.011644836769306166
21.958689164000003,-0.028802121448111225
21.960082706,0.00349345103079185
21.962610822000002,-0.009625839890599126
21.964006534000003,-0.0010471975511965976
21.966231792000002,-0.013915161060300388
