t,value
0.11648472600000001,0.191
0.11650859400000001,0.191
0.116543503,-0.185
0.118417662,-0.185
0.12035912000000001,0.28
0.122268151,0.28
0.124221621,-0.23600000000000002
0.12711562,-0.23600000000000002
0.131355833,-0.23500000000000001
0.131416016,-0.23500000000000001
0.133223598,-0.332
0.134313974,-0.332
0.135632612,-0.28200000000000003
0.13820294800000002,-0.195
0.139750707,0.003
0.14238627,-0.185
0.14415085500000002,0.191
0.145717421,0.191
0.147851554,-0.189
0.149667024,0.23900000000000002
0.152653899,0.231
0.154120891,0.23800000000000002
0.155581921,0.191
0.157663946,-0.23500000000000001
0.15984255,-0.23800000000000002
0.16327393,0.096
0.16399835100000001,-0.326
0.16637823200000001,-0.326
0.167736297,0.049
0.16977639900000002,0.05
0.171851584,0.092
0.174567089,0.14
0.175899107,0.191
0.17782899000000002,0.097
0.18216652700000002,-0.23800000000000002
0.182719197,-0.23800000000000002
0.184519745,0.045
0.186132592,0.045
0.188531354,0.327
0.19060174900000001,0.327
0.19499136900000003,0.043000000000000003
0.19501342600000002,0.043000000000000003
0.197337022,0.049
0.19815958800000003,0.049
0.201210145,0.0
0.20652746100000002,0.23500000000000001
0.20719578100000002,0.23600000000000002
0.207219019,0.23600000000000002
0.208096425,-0.28
0.210168664,-0.28
0.211960483,-0.188
0.214335606,0.378
0.21624720900000002,0.378
0.219327347,-0.092
0.223723361,-0.19
0.223742973,-0.192
0.22489593000000002,0.23500000000000001
0.226615792,0.23500000000000001
0.227992575,0.28700000000000003
0.230382155,0.138
0.23196102400000002,0.138
0.23386684800000002,-0.23800000000000002
0.236895672,0.048
0.238074839,-0.23700000000000002
0.24033084100000002,0.051000000000000004
0.244135066,0.14400000000000002
0.245009828,-0.28200000000000003
0.246040486,-0.28300000000000003
0.24853645500000002,0.422
0.250542678,0.422
0.252772975,0.14
0.25390687900000003,0.14
0.25704645400000004,0.14200000000000002
0.258111429,0.233
0.259867724,0.05
0.262181794,-0.098
0.26429251600000003,0.05
0.266539643,0.05
0.268527978,0.23600000000000002
0.27102021800000003,0.097
0.27347634600000004,0.096
0.27427559500000004,-0.276
0.27609527700000003,-0.146
0.277910975,0.138
0.28006999600000004,0.054
0.28312181000000003,0.049
0.28408688800000004,0.146
0.28686556500000004,0.14200000000000002
0.28783337800000003,0.14200000000000002
0.290650597,-0.193
0.294105614,-0.28400000000000003
0.294730531,-0.047
0.295679216,0.189
0.298027741,0.045
0.301068155,0.045
0.302007097,-0.14
0.303782926,-0.14
0.305707328,-0.14200000000000002
0.308269022,-0.14200000000000002
0.310255769,-0.145
0.31188317400000004,-0.145
0.31382961400000003,0.23800000000000002
0.315604312,-0.189
0.317647461,0.23500000000000001
0.32098833000000004,-0.326
0.322448089,-0.373
0.32392273000000005,-0.23700000000000002
0.32569944500000003,-0.23700000000000002
0.328599227,0.24
0.329681805,0.24
0.33186431800000005,0.14
0.33399989300000005,0.14
0.33627892400000003,-0.191
0.33782169500000003,-0.331
0.34009167900000004,-0.331
0.342674121,0.089
0.343911051,0.241
0.34617332,0.241
0.34792522800000003,-0.332
0.350978605,-0.332
0.352172778,0.423
0.355544482,-0.28500000000000003
0.356541504,-0.28500000000000003
0.358526608,-0.003
0.360906013,0.14100000000000001
0.36197645300000003,-0.42
0.364314904,0.189
0.36652188900000005,0.189
0.36919276700000003,-0.33
0.373090959,-0.33
0.375056583,0.094
0.377736571,0.233
0.37774977000000004,0.233
0.38189899800000005,0.19
0.381955722,-0.146
0.38721571200000005,-0.146
0.38723082600000003,0.094
0.388221912,0.094
0.391182491,0.23600000000000002
0.39126373000000003,-0.289
0.39464816500000005,-0.289
0.40119546,0.049
0.40172576000000004,0.049
0.402352767,-0.003
0.40271289800000004,-0.003
0.40362908900000005,-0.23900000000000002
0.40400979800000003,-0.23900000000000002
0.407462317,0.23900000000000002
0.412640316,-0.14200000000000002
0.413342672,-0.14200000000000002
0.41338859600000005,0.047
0.421084985,0.047
0.42112136800000005,0.0
0.421130325,0.0
0.42431611700000005,0.233
0.424666227,0.233
0.426548022,0.19
0.42763604600000005,0.19
0.428432305,0.33
0.429798422,0.33
0.431774288,0.146
0.43899383700000005,-0.043000000000000003
0.441208928,-0.231
0.44125525400000004,0.23500000000000001
0.44224778000000003,0.0
0.44494673500000004,-0.19
0.44566739600000005,-0.19
0.44629984500000003,-0.23700000000000002
0.447798038,-0.23700000000000002
0.449649988,0.045
0.45293032600000005,-0.23700000000000002
0.454088472,0.14
0.45619235,-0.242
0.457994895,-0.242
0.460017967,-0.28600000000000003
0.46284153000000006,0.045
0.464204755,-0.191
0.466392888,-0.191
0.46774305600000005,-0.23700000000000002
0.470490238,0.047
0.471892295,0.043000000000000003
0.473688949,-0.28400000000000003
0.47645437500000004,0.003
0.478386232,0.049
0.47982057600000005,-0.189
0.48316629000000005,0.189
0.484634194,0.189
0.486124781,0.38
0.487810338,0.38
0.48980376700000006,0.192
0.491790689,0.28
0.493782321,-0.234
0.49567291900000005,-0.233
0.49817225200000004,0.28300000000000003
0.503850072,0.332
0.5042841330000001,0.28400000000000003
0.504821014,0.14200000000000002
0.505899928,0.14200000000000002
0.5078629100000001,0.094
0.510150412,0.094
0.511874126,0.14200000000000002
0.5138325770000001,0.33
0.515656876,-0.189
0.5176864290000001,0.097
0.520237634,0.28500000000000003
0.522283562,0.145
0.5243040720000001,0.145
0.527055293,0.005
0.52813181,0.005
0.5299132360000001,-0.23800000000000002
0.532378488,0.28200000000000003
0.533808607,0.14200000000000002
0.535839187,0.145
0.541694558,0.14200000000000002
0.541900346,-0.047
0.542437559,-0.047
0.543901017,-0.28
0.5457584950000001,-0.28
0.548964884,-0.28200000000000003
0.549679306,0.047
0.551729036,-0.045
0.553744864,-0.28
0.556020772,0.14200000000000002
0.5577485080000001,0.14
0.5596106000000001,-0.14
0.563355578,-0.328
0.5643507520000001,-0.189
0.565668413,-0.189
0.56903451,-0.28
0.571281879,0.187
0.5722703680000001,0.0
0.5736762280000001,-0.28300000000000003
0.576637038,-0.146
0.581934986,0.23800000000000002
0.582594756,0.23800000000000002
0.584088994,0.051000000000000004
0.586574444,0.051000000000000004
0.5874435100000001,-0.28
0.59059114,-0.28
0.59281128,0.14200000000000002
0.5955184530000001,0.14200000000000002
0.595863608,0.23500000000000001
0.596849862,0.23500000000000001
0.5998729460000001,0.23800000000000002
0.600850842,0.23800000000000002
0.602723203,0.094
0.6037621950000001,0.094
0.605629811,0.24
0.608037316,0.043000000000000003
0.609907512,0.043000000000000003
0.6119367640000001,0.049
0.6139646400000001,0.049
0.61924769,-0.05
0.6199725620000001,0.233
0.622498632,0.233
0.6236046160000001,-0.28200000000000003
0.624411846,-0.28200000000000003
0.6268219850000001,0.0
0.628288823,0.0
0.6299788000000001,0.23800000000000002
0.631666568,0.23800000000000002
0.633669967,0.23900000000000002
0.6358926650000001,-0.233
0.637738808,-0.14
0.6396935020000001,0.23500000000000001
0.6433753120000001,-0.28400000000000003
0.6447426350000001,0.233
0.645686559,0.233
0.6476402600000001,-0.278
0.6503317540000001,-0.23700000000000002
0.651644097,-0.23700000000000002
0.653602647,0.092
0.656663681,0.23700000000000002
0.6584647560000001,0.195
0.66166053,0.001
0.662374405,-0.24
0.6640507720000001,0.234
0.666472303,0.234
0.6676336700000001,-0.047
0.67045478,0.187
0.67195833,-0.28400000000000003
0.674053513,0.14200000000000002
0.67591243,0.094
0.6783769780000001,-0.327
0.681169156,-0.192
0.682429665,-0.192
0.684720004,0.28500000000000003
0.685853047,0.28500000000000003
0.687702625,-0.047
0.690532959,0.187
0.692175677,-0.147
0.6937944370000001,0.091
0.6957715640000001,-0.28200000000000003
0.69790467,0.185
0.700065656,-0.28700000000000003
0.702655098,0.19
0.7059366960000001,0.23900000000000002
0.7064793970000001,0.23900000000000002
0.7081300700000001,0.098
0.709763341,0.431
0.7117214700000001,0.431
0.714318801,-0.049
0.7156224520000001,-0.28800000000000003
0.718320776,0.187
0.7210925410000001,-0.291
0.7218569690000001,-0.291
0.724132259,-0.234
0.7267142830000001,-0.234
0.727923129,0.28500000000000003
0.729696566,0.188
0.7317822270000001,0.188
0.734044063,-0.23700000000000002
0.735639236,0.192
0.73768243,-0.192
0.7406993300000001,0.28
0.7418338680000001,0.096
0.744491239,-0.193
0.7458992470000001,0.049
0.748447253,0.049
0.74979638,0.14200000000000002
0.7523073990000001,0.14200000000000002
0.755465083,-0.328
0.75643432,0.23700000000000002
0.759686819,-0.14200000000000002
0.7606921360000001,0.191
0.7629782300000001,0.234
0.764223855,0.234
0.7656933220000001,-0.092
0.767861903,-0.14
0.772163465,-0.14
0.772708104,-0.048
0.773640635,-0.096
0.775682737,0.049
0.777562077,-0.042
0.7802352490000001,-0.28400000000000003
0.7820765080000001,-0.28200000000000003
0.7845037890000001,-0.28200000000000003
0.785730421,0.241
0.787614739,0.241
0.790442921,0.191
0.792281667,-0.33
0.7944500910000001,-0.33
0.797191508,-0.23500000000000001
0.7979372130000001,-0.23500000000000001
0.800769044,-0.094
0.802777124,-0.23600000000000002
0.805762756,-0.233
0.80627632,-0.233
0.808696211,0.233
0.810112487,0.233
0.81164707,-0.234
0.8136286810000001,0.328
0.816089932,0.0
0.8175959740000001,0.0
0.8197508720000001,-0.23600000000000002
0.8225912910000001,0.187
0.825052187,0.24
0.825938342,0.24
0.8277650820000001,-0.189
0.8296581230000001,-0.23600000000000002
0.8319824050000001,0.097
0.834450468,0.187
0.8356587670000001,0.191
0.8382938990000001,-0.23600000000000002
0.8399179050000001,0.23500000000000001
0.842523153,-0.145
0.845202907,-0.047
0.8464848730000001,-0.047
0.8476929670000001,-0.28400000000000003
0.849618949,-0.28400000000000003
0.8519089240000001,-0.189
0.853599478,-0.23700000000000002
0.8555635810000001,0.0
0.8575658030000001,-0.23600000000000002
0.86169704,-0.23700000000000002
0.862954996,-0.23700000000000002
0.8652170020000001,0.051000000000000004
0.8662357380000001,0.051000000000000004
0.8699039700000001,-0.14300000000000002
0.8706257580000001,0.14200000000000002
0.872008026,0.14200000000000002
0.8737427400000001,0.28600000000000003
0.8757081290000001,0.422
0.8779644710000001,-0.28400000000000003
0.8797689200000001,-0.28200000000000003
0.8841418900000001,0.138
0.884868812,-0.377
0.885685732,-0.377
0.8876520870000001,-0.185
0.889945572,0.19
0.8924719680000001,0.233
0.893670195,0.28700000000000003
0.896067197,0.14
0.8979432890000001,-0.044
0.9003170730000001,0.001
0.902638771,0.001
0.9039254360000001,-0.28500000000000003
0.9062408630000001,-0.28500000000000003
0.9081470730000001,-0.193
0.9098532050000001,-0.193
0.9120528630000001,0.23600000000000002
0.915244147,0.149
0.9170162510000001,-0.23700000000000002
0.918236936,0.187
0.921228554,0.187
0.9221328950000001,-0.187
0.9246223990000001,0.23700000000000002
0.926205762,0.23700000000000002
0.9280468940000001,0.193
0.929872239,0.193
0.933353089,0.138
0.9342763780000001,-0.043000000000000003
0.9372471040000001,-0.043000000000000003
0.9379901370000001,-0.091
0.939846076,0.14100000000000001
0.9431334680000001,0.187
0.944596791,-0.14
0.946417665,-0.14
0.948097285,-0.377
0.950044941,-0.377
0.952160192,-0.376
0.954582586,-0.376
0.9566038630000001,0.14200000000000002
0.957643883,0.14200000000000002
0.9595978420000001,0.136
0.963136474,-0.189
0.96461825,-0.189
0.9656728800000001,-0.28300000000000003
0.967674439,-0.326
0.9702522870000001,-0.326
0.9717029150000001,0.423
0.973702335,0.191
0.9758064230000001,-0.326
0.9776243480000001,0.189
0.97968129,-0.23700000000000002
0.984697942,0.047
0.984733587,-0.28400000000000003
0.987235693,-0.242
0.9880858140000001,-0.242
0.989780313,0.138
0.992513905,0.002
0.9939237110000001,0.002
0.9965899180000001,0.14
0.9986869020000001,0.145
1.000004833,0.145
1.003238235,0.048
1.0043389440000001,-0.14200000000000002
1.005847042,-0.14200000000000002
1.007823049,0.187
1.01091608,0.097
1.011937251,0.097
1.014343723,-0.278
1.015814373,0.189
1.017929423,0.094
1.0198436180000001,-0.23900000000000002
1.022891496,-0.23900000000000002
1.024402878,0.28400000000000003
1.026545056,0.28400000000000003
1.0277636220000002,0.194
1.029862775,-0.094
1.0321821180000001,-0.094
1.034113794,0.28200000000000003
1.036165918,0.28200000000000003
1.037804227,-0.14200000000000002
1.042514661,0.002
1.0425440430000001,0.23600000000000002
1.04405897,0.145
1.045678009,0.145
1.048199702,-0.049
1.049662298,-0.049
1.051722634,-0.28
1.054095629,-0.047
1.05768152,0.231
1.058403127,0.231
1.06075783,-0.23700000000000002
1.062003509,-0.334
1.06432514,0.049
1.0657624490000002,0.049
1.0680702830000002,-0.14200000000000002
1.070518735,-0.14200000000000002
1.071662614,-0.189
1.073790907,0.233
1.0757259190000001,-0.24
1.078956521,0.185
1.079940268,0.23700000000000002
1.085779874,-0.095
1.085813991,-0.381
1.086287527,-0.381
1.0877840840000002,-0.33
1.08980897,0.185
1.09261811,0.23600000000000002
1.09363286,0.23600000000000002
1.0956231090000002,-0.14300000000000002
1.097558331,-0.332
1.100455975,0.375
1.1024810520000001,-0.329
1.1046659620000001,0.332
1.1058319170000002,0.332
1.1079913030000001,-0.043000000000000003
1.1100898750000001,-0.043000000000000003
1.1121701640000001,-0.23600000000000002
1.1144857300000002,-0.23600000000000002
1.115894946,-0.234
1.1181303150000002,-0.197
1.119761529,-0.197
1.1274653540000001,-0.23700000000000002
1.1275461880000002,0.091
1.127938051,0.233
1.128759748,0.233
1.1299159,-0.233
1.1326146240000001,-0.233
1.134488631,0.003
1.1357990470000001,-0.23500000000000001
1.13783916,-0.23500000000000001
1.1397766710000001,0.049
1.142640222,0.14400000000000002
1.14384211,0.23600000000000002
1.146529273,0.23600000000000002
1.147955396,0.089
1.1498744650000001,0.089
1.1524845730000002,0.189
1.153857806,0.14200000000000002
1.155762745,0.14200000000000002
1.15802116,-0.047
1.159764723,-0.047
1.1628895910000001,0.042
1.163850556,0.042
1.168146909,0.194
1.168682065,0.194
1.169882507,-0.23500000000000001
1.171842902,4.515
1.173863731,1.495
1.175969027,-0.5760000000000001
1.177720247,-0.5760000000000001
1.180207237,-0.755
1.182874448,-0.885
1.183912965,-0.51
1.186143465,-0.51
1.1879900760000002,0.545
1.1900800390000001,0.545
1.1931880510000001,1.024
1.194178787,1.0170000000000001
1.1957701760000001,0.441
1.1977378550000002,0.02
1.2011620980000002,-0.549
1.2029300630000002,0.379
1.2042164180000001,-0.107
1.2057331930000001,-0.107
1.2081690920000001,-0.526
1.2101580250000001,0.5
1.211946647,0.5
1.213592601,0.8180000000000001
1.216337323,0.667
1.2175552550000002,0.613
1.2206213000000001,0.024
1.223186102,-0.325
1.224524486,0.368
1.225861722,0.368
1.227686051,0.272
1.229882484,0.028
1.2317780310000002,0.774
1.2336308070000002,0.774
1.236321113,0.191
1.237655069,0.447
1.239710694,0.458
1.244043084,-0.51
1.2448829410000002,-0.219
1.245898264,-0.219
1.2477295670000002,0.59
1.250711871,-0.382
1.2517396680000001,0.162
1.25372562,0.653
1.255677117,-0.124
1.2584624990000002,-0.09
1.2611295530000002,0.507
1.262315182,0.299
1.2654012940000001,-0.325
1.266367013,-0.325
1.2693886300000001,0.636
1.270408047,-0.06
1.272553043,0.192
1.273653342,0.192
1.275608498,0.65
1.277815396,-0.426
1.280767363,0.217
1.2833782470000001,0.599
1.284353539,0.599
1.2870988700000001,0.187
1.2881726470000001,0.187
1.289849355,0.726
1.291774492,-0.10200000000000001
1.294599947,0.504
1.2965348780000001,0.617
1.29771652,0.091
1.3022583250000002,-0.066
1.303236502,0.272
1.3054356260000002,0.728
1.306322822,0.728
1.3078067050000002,-0.089
1.310243971,0.726
1.312321403,0.726
1.3137344530000001,0.335
1.31644991,0.29
1.317770074,0.715
1.3201222320000001,-0.043000000000000003
1.322317046,0.47900000000000004
1.323807895,0.628
1.3266077710000002,0.628
1.327767559,0.281
1.330385535,0.7000000000000001
1.3319745600000001,0.7000000000000001
1.333768258,0.502
1.336327169,0.367
1.337724758,0.488
1.340399018,0.5640000000000001
1.342833269,0.5640000000000001
1.346076226,-0.28800000000000003
1.3470676300000002,-0.28800000000000003
1.347864564,0.364
1.3502458240000001,0.364
1.351751653,-0.053
1.3538798790000002,0.485
1.3558131310000001,0.485
1.359140269,-0.342
1.361356663,0.593
1.363287251,0.47500000000000003
1.3659882490000002,0.47500000000000003
1.367944859,-0.088
1.370700325,-0.088
1.370727963,0.548
1.371836485,0.548
1.374899209,-0.192
1.375946675,-0.192
1.3777513970000002,0.271
1.3797113570000001,0.9490000000000001
1.383388877,0.86
1.3845416320000001,0.86
1.387173856,0.281
1.388225226,0.281
1.3904090660000001,0.484
1.39192197,0.484
1.393871251,-0.39
1.396002022,0.632
1.3979374980000001,0.073
1.400417131,-0.319
1.40266643,0.47800000000000004
1.405568262,0.40700000000000003
1.406845699,0.40700000000000003
1.408860008,-0.486
1.410285872,-0.486
1.4139773,0.511
1.4146563200000002,-0.47500000000000003
1.4162528760000002,-0.47500000000000003
1.419215786,0.515
1.4199568500000002,-0.274
1.42447477,0.012
1.424544167,0.512
1.426066764,0.512
1.427964562,-0.023
1.430048945,-0.023
1.433257993,0.721
1.4352250000000002,-0.44
1.4361685480000002,-0.116
1.4378091670000002,0.558
1.440942068,0.0
1.4423567290000001,-0.511
1.444152936,0.312
1.4457989450000002,0.312
1.448718235,0.266
1.451274404,-0.105
1.4521714510000001,0.644
1.453623861,-0.426
1.455770046,-0.229
1.457684707,0.8220000000000001
1.461324462,0.052000000000000005
1.462523604,-0.322
1.4639504010000002,0.483
1.4658414350000002,0.483
1.469428946,0.5650000000000001
1.470508431,0.5650000000000001
1.471782176,-0.297
1.473776033,0.20600000000000002
1.4772622940000002,-0.294
1.478134894,0.331
1.4802643210000002,0.331
1.4844681210000001,0.555
1.4850352930000001,-0.167
1.486236726,-0.167
1.489488688,0.85
1.489840977,0.85
1.4939110420000001,0.196
1.4944673540000002,0.615
1.49618855,0.446
1.4977207410000002,0.446
1.5012632650000002,-0.135
1.502838923,0.367
1.5038584890000002,-0.106
1.506777698,-0.106
1.508006165,-0.34400000000000003
1.5098211140000002,-0.34400000000000003
1.5117486070000001,0.394
1.5140141550000001,0.061
1.518196579,0.495
1.519095043,-0.106
1.520139477,-0.124
1.5224812440000002,0.504
1.5239167980000001,0.421
1.526487648,0.421
1.527798309,-0.503
1.5301920370000002,-0.503
1.5321951,0.466
1.5339839400000002,-0.321
1.53660386,-0.321
1.537785583,0.524
1.541017458,0.524
1.5432261760000001,-0.417
1.5439224070000002,-0.417
1.5458528370000002,0.342
1.547784429,-0.212
1.5510097230000002,-0.212
1.5517763980000001,0.41600000000000004
1.554066774,-0.221
1.5558459880000002,0.419
1.557937998,0.438
1.560078203,0.082
1.5626059220000001,-0.263
1.566494139,0.489
1.5667813560000001,0.489
1.567807884,0.314
1.5697327540000001,0.314
1.571748372,-0.11
1.5738099,-0.003
1.5761264700000002,-0.39
1.5811059250000001,0.543
1.5816314630000001,0.543
1.582646581,0.426
1.583838526,0.426
1.5859672310000001,0.05
1.588385347,0.044
1.5900191170000002,0.044
1.593273409,-0.14400000000000002
1.59436609,0.596
1.595826742,-0.4
1.5979187830000001,0.557
1.600277167,0.557
1.6029322860000002,0.586
1.604436036,-0.544
1.6061347860000001,-0.544
1.6095614260000002,0.402
1.610518063,0.402
1.614007132,-0.433
1.614924465,0.6980000000000001
1.615957037,0.09
1.617965619,-0.384
1.621351988,0.08600000000000001
1.623558292,0.315
1.6244272560000002,0.315
1.626025325,-0.579
1.6278927220000001,-0.579
1.631409034,0.509
1.632360008,-0.389
1.634575356,0.296
1.635860322,0.38
1.6379894590000001,-0.501
1.63999712,-0.501
1.6438993780000002,-0.197
1.644587515,-0.098
1.6458183180000001,-0.098
1.649901445,-0.438
1.6505647490000002,-0.438
1.6516687060000002,0.36
1.653982964,-0.23500000000000001
1.655736502,0.562
1.6582213920000002,-0.147
1.6602544760000002,-0.147
1.662799775,-0.2
1.6644105,-0.2
1.665822407,0.098
1.6679040980000002,0.098
1.66982333,0.042
1.6717649680000002,-0.035
1.674071442,-0.161
1.676061304,0.34500000000000003
1.677843994,0.34500000000000003
1.681382366,0.485
1.68233239,0.562
1.684314952,0.712
1.685775838,0.712
1.688082013,0.13
1.6901671820000002,0.13
1.691770253,0.054
1.694950371,-0.5630000000000001
1.696367481,-0.25
1.7012731090000002,0.334
1.702667069,-0.068
1.7033186690000002,-0.232
1.7042932020000001,0.404
1.7062458520000001,0.404
1.7102423640000002,0.007
1.710902501,0.007
1.7123151410000002,0.47200000000000003
1.7151204210000002,-0.241
1.7159439660000002,-0.626
1.7182742420000001,0.48
1.7202508820000002,0.23700000000000002
1.7226145880000001,-0.615
1.724284305,-0.615
1.7261492500000002,-0.252
1.727697727,-0.252
1.729974882,-0.215
1.731995065,0.383
1.733725017,0.383
1.736547016,0.35000000000000003
1.7377192030000002,-0.203
1.7396290730000001,-0.203
1.7448841540000002,0.436
1.7451982330000002,-0.577
1.747374116,0.45
1.748163335,0.45
1.749636685,-0.032
1.751869541,0.025
1.753629568,0.398
1.7558025970000002,-0.159
1.7580175130000002,-0.406
1.7603574160000002,0.276
1.762047874,0.276
1.7641587120000002,0.363
1.7662370770000002,0.363
1.768123259,0.136
1.7697867040000002,0.136
1.7744766010000002,-0.039
1.7752985110000001,0.419
1.775834268,0.357
1.7777259500000002,-0.275
1.7804789090000002,-0.275
1.782222422,0.177
1.7845676480000001,0.155
1.7862252140000001,0.155
1.7879176040000002,-0.37
1.7901413320000001,-0.37
1.791632332,0.418
1.7950483080000001,-0.066
1.7962180390000002,0.609
1.7977521840000001,0.113
1.802710781,-0.095
1.802736697,0.461
1.804387157,0.452
1.8060903510000001,0.452
1.807771024,-0.625
1.8118475580000002,0.657
1.812420621,0.657
1.8153285160000001,0.14400000000000002
1.816966491,0.275
1.8183915480000001,0.47000000000000003
1.8228507500000002,-0.433
1.822882555,-0.263
1.8243865250000002,-0.263
1.8262051090000002,0.403
1.828056128,0.403
1.830348327,-0.627
1.8317713420000001,-0.627
1.83403461,-0.114
1.8360111870000002,-0.114
1.840228162,0.098
1.8414134770000001,0.056
1.843081433,-0.28800000000000003
1.845315532,0.802
1.846577429,0.802
1.8487759000000001,0.47100000000000003
1.8501968800000002,0.47100000000000003
1.85180939,0.03
1.8538540730000002,-0.083
1.8559861210000002,-0.47400000000000003
1.8584323210000002,0.23500000000000001
1.8608656540000001,0.507
1.863440632,-0.34700000000000003
1.864511051,-0.34700000000000003
1.8660079100000002,-0.006
1.868165593,-0.006
1.870266323,0.021
1.8726591160000001,0.382
1.873859552,0.382
1.876684285,0.527
1.879961809,0.14400000000000002
1.8812300560000002,0.601
1.8829301880000002,0.211
1.8842076950000002,0.211
1.88682883,-0.22
1.8883418930000002,-0.22
1.8902867230000002,0.556
1.8936538360000001,0.273
1.894228575,0.273
1.8974365260000001,0.64
1.898283645,0.64
1.9003473300000002,-0.333
1.9021084560000001,0.432
1.9040126910000001,0.432
1.906026827,-0.26
1.9079909110000002,-0.26
1.9102097290000002,0.61
1.912112921,-0.374
1.9144702470000001,-0.374
1.9167843400000002,0.229
1.9184223720000002,0.229
1.921674574,-0.318
1.924424882,0.37
1.924453991,0.342
1.9267835770000001,0.342
1.92975617,-0.233
1.93056804,-0.233
1.9324030110000001,0.221
1.9338959500000001,-0.07200000000000001
1.936977568,0.522
1.939889948,0.379
1.9435799950000001,-0.5720000000000001
1.9436058600000001,0.085
1.944654337,0.41500000000000004
1.9464865180000002,0.41500000000000004
1.9479307330000002,-0.198
1.950432009,0.525
1.952484805,0.525
1.9538602470000002,0.316
1.9557553930000002,0.04
1.959200743,0.374
1.9603068870000002,-0.318
1.962804197,-0.47700000000000004
1.9641681940000002,0.391
1.9660651210000002,0.391
1.9677648200000002,0.155
1.9699012630000001,0.137
1.971727656,0.709
1.9737590740000002,0.016
1.976193491,0.068
1.9779403260000001,0.5650000000000001
1.9795991650000002,0.34600000000000003
1.982518505,-0.445
1.9841331210000002,0.767
1.986238329,0.767
1.987682254,0.776
1.9899546620000002,-0.24
1.991946932,0.44
1.993688914,0.289
1.9965027640000002,-0.274
1.997710212,0.06
2.000683693,0.619
2.002242814,0.16
2.0040682320000003,0.16
2.0061266310000003,0.17500000000000002
2.008010484,0.17500000000000002
2.009789221,0.513
2.0122083230000003,0.338
2.013743165,0.338
2.015703359,0.317
2.0180875080000003,-0.181
2.021534764,-0.181
2.022448045,0.492
2.024275608,0.492
2.026065965,-0.467
2.0277753460000003,-0.467
2.0296629090000002,0.437
2.032045236,-0.34900000000000003
2.0342920870000003,0.23800000000000002
2.035622628,0.449
2.037602391,-0.606
2.0397195420000003,-0.079
2.042536176,0.621
2.043792949,0.074
2.045937431,0.074
2.047697261,-0.35000000000000003
2.049710107,0.499
2.0517599150000003,-0.433
2.0539173710000003,-0.138
2.0556291,0.46
2.057575671,0.232
2.060855279,-0.315
2.062846705,0.214
2.064747487,0.214
2.065743809,0.41600000000000004
2.067765863,0.41600000000000004
2.070016699,-0.10400000000000001
2.072112786,0.093
2.073745266,-0.304
2.075625869,0.197
2.0777884230000003,0.247
2.079792482,-0.179
2.084822048,-0.148
2.084831827,0.65
2.085849801,0.65
2.088260908,0.07200000000000001
2.0898119040000003,0.07200000000000001
2.092258697,0.323
2.095025434,-0.095
2.0966496,0.189
2.098046843,0.641
2.101408735,0.58
2.1026045030000002,-0.229
2.104062195,0.731
2.106188163,0.731
2.1084666590000003,0.41100000000000003
2.110272123,0.41100000000000003
2.111881892,0.215
2.1137648860000002,0.375
2.1157192190000003,-0.263
2.1178345970000003,0.424
2.119678634,0.491
2.122425485,0.059000000000000004
2.123977397,0.084
2.1257627070000003,0.084
2.1293119330000003,0.67
2.130276844,0.67
2.132121879,-0.318
2.13565833,0.525
2.13648512,-0.017
2.139407493,-0.394
2.140126883,-0.394
2.143463263,0.47600000000000003
2.1451618000000003,-0.298
2.146283286,-0.298
2.1484641780000002,0.41500000000000004
2.149901806,0.41500000000000004
2.152361757,-0.198
2.153712745,-0.198
2.156696493,0.632
2.157752452,-0.452
2.1598059810000003,-0.054
2.163321786,0.422
2.165291061,-0.07200000000000001
2.167012905,-0.07200000000000001
2.1678027070000003,-0.585
2.169935368,0.229
2.1724195820000003,-0.604
2.1739496700000003,-0.041
2.175711354,0.425
2.179125115,-0.038
2.180993853,-0.459
2.1820234800000002,-0.459
2.1838847660000003,0.391
2.1861974610000003,0.391
2.1894084830000002,-0.386
2.1900893100000003,-0.386
2.19185271,0.646
2.1938283110000003,-0.275
2.1957517330000003,0.308
2.197765826,0.338
2.201418116,-0.511
2.202959803,-0.215
2.205670511,0.387
2.206363551,0.387
2.2081236040000003,0.025
2.2101253190000003,0.025
2.2123887460000002,0.613
2.214109675,-0.403
2.216037273,0.584
2.2177799830000002,0.584
2.220051455,0.604
2.2223308470000003,-0.193
2.2243510140000002,0.338
2.2261859360000003,0.338
2.227668844,0.603
2.229779,0.23500000000000001
2.2322388610000004,0.23500000000000001
2.234054897,0.665
2.2359205060000003,-0.506
2.237842188,-0.01
2.240568114,0.719
2.2425269930000002,0.719
2.2440595230000002,-0.264
2.2462170240000003,-0.264
2.248285542,0.532
2.24976032,0.532
2.252308142,-0.461
2.2554420410000002,0.68
2.256307037,-0.152
2.2579364980000003,-0.152
2.260567124,-0.159
2.262365254,0.20800000000000002
2.264751209,-0.51
2.2672553850000003,-0.51
2.2691102020000002,0.041
2.271678919,-0.538
2.27237728,0.061
2.2739896600000002,0.585
2.275873267,0.425
2.278065744,-0.441
2.281312383,0.106
2.282278238,0.435
2.285418839,-0.075
2.286363113,-0.075
2.289820959,-0.303
2.2905001140000003,-0.303
2.292682264,0.19
2.2937923390000003,0.485
2.297107054,0.232
2.2979482410000003,0.232
2.3000866650000003,-0.506
2.302636323,0.6
2.303771862,0.6
2.307802058,0.423
2.3089613200000003,0.423
2.309758415,0.065
2.311992751,0.065
2.314151524,0.005
2.316100097,0.47300000000000003
2.3217296330000003,0.45
2.322534892,-0.401
2.322568765,0.517
2.325630342,0.5760000000000001
2.326443203,0.5760000000000001
2.328452887,0.049
2.3313870750000003,0.38
2.331910895,0.38
2.3350816290000003,0.662
2.3362346250000003,-0.009000000000000001
2.337762934,0.749
2.3400233360000002,0.066
2.3430713780000003,-0.353
2.345256737,0.298
2.345996298,0.298
2.347616,0.494
2.350166193,-0.098
2.351700392,0.557
2.35543051,0.111
2.356566754,-0.267
2.358268824,-0.267
2.3608824210000003,0.431
2.361883204,-0.319
2.364076039,-0.319
2.3704247620000003,0.006
2.370457289,0.006
2.371557969,0.163
2.37269026,0.163
2.373789816,0.293
2.375766495,0.293
2.377971911,-0.364
2.379761251,0.511
2.384257267,0.042
2.384936847,-0.512
2.385886827,-0.512
2.387904835,0.327
2.389989227,0.327
2.391789263,-0.355
2.3937795630000003,0.594
2.3959590470000003,0.23
2.398542618,-0.392
2.399882667,0.036000000000000004
2.402421221,0.601
2.405255587,-0.446
2.4064332740000003,-0.446
2.4093915960000003,0.34600000000000003
2.41031575,0.182
2.412261711,-0.21
2.4138096940000002,0.372
2.41856025,0.537
2.418604739,-0.317
2.421458749,-0.162
2.422382754,0.541
2.424808037,0.541
2.425929897,0.294
2.427836288,0.294
2.429994459,0.313
2.4324341,-0.07100000000000001
2.433861227,0.229
2.4358816990000003,0.5650000000000001
2.437775107,0.374
2.440317351,-0.212
2.441920011,0.626
2.4443561480000002,0.626
2.4472954820000004,0.578
2.447985766,0.578
2.449643048,-0.269
2.4516472090000003,0.445
2.453661758,-0.26
2.4566019100000003,0.164
2.458208905,0.457
2.4607384260000003,-0.035
2.462110957,-0.057
2.464468065,-0.057
2.4660797910000003,0.5640000000000001
2.467632817,0.5640000000000001
2.4698875630000003,-0.5710000000000001
2.4716570680000003,0.421
2.473571407,0.049
2.475741515,-0.515
2.4778807200000004,0.504
2.479674065,0.46900000000000003
2.483656147,-0.40800000000000003
2.4844297980000003,-0.132
2.4862199570000003,-0.132
2.4877028620000003,0.481
2.4905407160000004,0.481
2.4916603,-0.365
2.4935929850000003,0.35100000000000003
2.495564179,-0.41300000000000003
2.498083915,-0.096
2.5004640510000002,0.526
2.5027411390000003,-0.063
2.5050500700000002,-0.063
2.506408435,-0.34400000000000003
2.508132035,-0.34400000000000003
2.510195083,0.20500000000000002
2.5126222030000003,-0.021
2.5145913280000003,0.633
2.515645768,0.633
2.5176737190000003,-0.292
2.520184182,0.41500000000000004
2.5227941680000003,0.491
2.524442318,-0.484
2.526104626,-0.484
2.527923051,0.361
2.530125049,0.057
2.532565924,-0.34500000000000003
2.533887182,0.444
2.5358928030000003,0.37
2.537803384,-0.299
2.5404464570000003,0.044
2.541969136,0.5640000000000001
2.545228305,0.001
2.546376094,0.001
2.5477663710000003,0.147
2.549841073,0.359
2.553559586,0.359
2.5545574060000003,-0.41500000000000004
2.55616004,-0.41500000000000004
2.558250424,0.28800000000000003
2.561600868,-0.328
2.562712291,-0.328
2.564517913,0.45
2.565925155,0.45
2.569933336,-0.279
2.570632078,-0.279
2.5717318710000003,0.6970000000000001
2.574065199,-0.441
2.575730907,-0.441
2.57774202,0.36
2.579891679,-0.317
2.5854367010000003,-0.23600000000000002
2.585454374,0.504
2.586521772,0.107
2.5877129300000004,0.107
2.589759422,-0.456
2.592856831,0.373
2.593753233,-0.307
2.595660993,-0.163
2.5995883760000003,0.591
2.6002043820000003,0.591
2.604792016,0.084
2.605110019,0.314
2.606780838,0.278
2.607663301,0.278
2.609771695,-0.372
2.6118106770000002,0.548
2.61369322,0.182
2.615643807,0.182
2.618065709,-0.402
2.6200163560000003,0.168
2.623628452,-0.483
2.624565772,-0.483
2.625958222,0.439
2.627831285,0.439
2.631602051,-0.182
2.632670171,0.20500000000000002
2.634289449,0.20500000000000002
2.636280813,0.07200000000000001
2.638002288,-0.17400000000000002
2.640846788,0.434
2.6418992290000003,0.28300000000000003
2.644592792,0.28300000000000003
2.645783346,-0.246
2.64779234,0.604
2.649824843,0.05
2.6517336740000004,0.34800000000000003
2.653819865,0.58
2.6559164130000004,0.303
2.658060597,-0.273
2.6607476350000003,0.337
2.6641013150000004,0.543
2.6653227260000003,-0.14
2.666361703,-0.14
2.668597977,-0.10200000000000001
2.6697866510000003,0.366
2.672316009,-0.34900000000000003
2.673756944,-0.34900000000000003
2.6776239370000003,0.08600000000000001
2.6782523780000003,-0.233
2.681569471,-0.21
2.6822695270000003,0.552
2.684595426,0.28800000000000003
2.6859546410000004,0.28800000000000003
2.687787269,-0.47600000000000003
2.6905246480000002,0.672
2.6922176710000003,0.672
2.69525558,-0.024
2.696407916,0.622
2.6981346210000003,0.47600000000000003
2.699926858,-0.26
2.70314576,0.005
2.7055969770000003,0.399
2.7063651760000003,0.399
2.707976989,-0.101
2.710410794,0.426
2.712291823,0.176
2.7142159830000003,0.176
2.7169938740000004,-0.419
2.7183136130000003,-0.419
2.720491055,0.28400000000000003
2.722251908,-0.331
2.7247016680000002,-0.331
2.7273652050000003,0.594
2.7283606000000002,0.594
2.730036122,-0.464
2.732293597,-0.464
2.733812519,0.511
2.736628638,0.222
2.738280799,0.446
2.73989963,0.446
2.7421227740000003,0.42
2.7448149330000002,0.42
2.746438092,0.079
2.7483571980000003,0.079
2.7503759750000003,-0.036000000000000004
2.7528468270000004,0.522
2.754284718,0.522
2.757212311,0.39
2.759307765,-0.067
2.761086599,0.5750000000000001
2.7627833920000002,0.035
2.764564141,-0.318
2.766488675,-0.318
2.767815514,0.78
2.7698150970000004,-0.376
2.772019379,0.004
2.774002986,0.614
2.7756550260000004,0.614
2.777700659,0.136
2.7797810650000003,0.316
2.782695474,0.379
2.785909955,-0.129
2.786922112,-0.129
2.789633144,0.105
2.790296596,0.105
2.793349624,0.198
2.7945227800000003,0.23
2.7978571160000003,0.327
2.798668897,0.327
2.801273353,-0.5
2.8039659400000003,0.367
2.8046851040000003,0.367
2.806039363,-0.435
2.8085108400000003,0.333
2.8101568290000003,0.333
2.811975366,0.35000000000000003
2.813889992,-0.233
2.817050703,0.47100000000000003
2.8183330040000003,-0.068
2.82093535,-0.427
2.823515797,0.23900000000000002
2.8245360780000004,0.23900000000000002
2.825955227,0.504
2.8279285830000003,0.504
2.83031368,-0.007
2.831656709,0.26
2.833879307,-0.36
2.836237611,0.166
2.83820743,0.166
2.841130761,0.28
2.842211997,-0.164
2.844064572,-0.164
2.8456538040000003,0.497
2.8478815720000004,-0.41300000000000003
2.8500044150000003,0.23900000000000002
2.851682533,0.551
2.85377875,-0.258
2.855960474,0.218
2.857789454,0.218
2.861919839,0.556
2.863255682,-0.247
2.8645382660000003,0.632
2.866350712,0.595
2.8681023310000002,0.595
2.870739351,-0.146
2.872024671,-0.146
2.8740131210000004,0.541
2.8756251130000003,-0.328
2.877975031,0.215
2.8824055960000003,0.245
2.883309081,-0.109
2.8843327760000004,-0.109
2.885950873,-0.163
2.887846004,-0.163
2.8911666470000004,0.187
2.8921970700000004,0.069
2.89404816,0.534
2.896124501,-0.276
2.898022033,-0.255
2.900396299,0.638
2.9022753750000003,0.20800000000000002
2.9042286610000003,0.20800000000000002
2.905988155,-0.335
2.9078717910000003,-0.335
2.910478095,0.5750000000000001
2.9117450540000003,-0.252
2.914196284,0.488
2.915797979,0.263
2.918332361,-0.375
2.920936402,0.195
2.923409485,0.15
2.92421934,0.15
2.9258488500000004,-0.361
2.927716671,-0.361
2.92996821,0.533
2.932071424,-0.366
2.9342102530000003,-0.366
2.935745031,0.177
2.9380320070000003,-0.13
2.941417645,-0.294
2.9426014300000003,0.396
2.944295954,0.134
2.9457783290000004,0.134
2.948641246,-0.323
2.950405834,-0.323
2.9517697430000003,0.666
2.954062854,-0.34
2.9557243950000003,0.465
2.9577324430000003,0.379
2.9596523990000003,-0.28300000000000003
2.962169007,0.069
2.9644200300000003,0.069
2.966246377,-0.032
2.968005448,-0.032
2.969867219,-0.211
2.9718764230000003,0.17200000000000001
2.974652771,-0.47600000000000003
2.975978989,0.073
2.97777591,0.386
2.979989958,-0.199
2.9824483880000003,-0.23700000000000002
2.9846710630000004,0.578
2.9861061770000004,0.578
2.987761844,0.221
2.9897984290000004,-0.018000000000000002
2.993543013,0.559
2.9959623790000003,0.0
2.996618166,-0.359
2.997945098,-0.359
3.001043825,0.382
3.0019978750000003,-0.326
3.0038466500000003,-0.326
3.005913321,0.138
3.0100586910000002,-0.23700000000000002
3.011690465,-0.439
3.0129196840000003,-0.439
3.0149261060000003,0.5760000000000001
3.0166629620000003,-0.659
3.0177556030000003,0.097
3.024004707,0.41400000000000003
3.0244454540000003,-0.343
3.024689935,-0.343
3.0260082340000003,-0.261
3.027765194,-0.261
3.030102255,0.089
3.0321282390000004,0.089
3.035028082,0.504
3.0365890660000003,-0.049
3.038234455,-0.17500000000000002
3.0407678320000002,0.62
3.0428619930000003,0.295
3.0443685940000003,-0.28300000000000003
3.045822831,-0.28300000000000003
3.047990077,0.353
3.0497649,-0.423
3.051992883,-0.323
3.053765267,0.501
3.0557092800000003,0.297
3.0578996650000003,-0.324
3.059885851,-0.024
3.0621311380000003,0.533
3.06386304,-0.01
3.0657440150000004,-0.01
3.0691256630000003,0.17300000000000001
3.0701681200000004,0.17300000000000001
3.0722026970000003,0.335
3.073770425,0.335
3.07712177,0.022
3.0785453670000003,-0.088
3.0810474620000003,-0.311
3.081964064,-0.311
3.0854680230000002,0.549
3.086471527,0.549
3.0880396450000003,-0.395
3.0897577800000002,-0.395
3.0943364690000004,0.618
3.094715303,-0.321
3.0957518540000004,0.421
3.0977126480000003,0.307
3.1011811280000003,-0.56
3.101980257,-0.081
3.103767597,-0.081
3.1056598970000002,0.40800000000000003
3.1083553690000003,-0.36
3.109650606,-0.36
3.1117763500000004,0.453
3.113563849,-0.275
3.115568799,0.005
3.1179477120000003,0.47200000000000003
3.122325904,0.47200000000000003
3.122955278,-0.167
3.124057478,-0.167
3.12731136,0.497
3.1282872680000002,0.497
3.1304271920000004,-0.634
3.1317503650000003,-0.634
3.135202011,0.508
3.137754744,-0.35000000000000003
3.1398789000000003,0.28800000000000003
3.1416608430000004,0.28800000000000003
3.142933889,0.107
3.146718485,-0.194
3.1469571010000004,-0.194
3.1479836050000003,0.512
3.149936616,-0.383
3.1523115720000003,-0.383
3.153912833,0.547
3.1559240770000003,-0.47800000000000004
3.1580489930000004,-0.011
3.1596749870000003,0.735
3.1628792000000003,0.135
3.1656780710000003,-0.295
3.1664368130000002,-0.295
3.1676911260000002,0.439
3.169678389,-0.558
3.1717615290000003,0.28500000000000003
3.173843741,0.6950000000000001
3.175670047,0.262
3.178172419,-0.23800000000000002
3.180360278,0.258
3.1822354240000004,0.516
3.1848106890000003,0.516
3.185777608,-0.23500000000000001
3.188014159,-0.23500000000000001
3.189777353,0.647
3.192165762,-0.452
3.193956399,0.217
3.195732673,0.648
3.1977031460000003,-0.166
3.201852353,0.28700000000000003
3.20254757,0.618
3.204090077,0.618
3.207125136,0.28600000000000003
3.207892945,0.28600000000000003
3.2097536680000003,0.17
3.21167178,-0.17300000000000001
3.2139315190000004,-0.34600000000000003
3.215588674,0.483
3.2177025980000002,0.14
3.220243065,-0.399
3.2217510820000004,0.225
3.2239904150000003,0.246
3.225737976,0.246
3.2280091840000003,-0.454
3.229715514,-0.454
3.2316184430000003,0.627
3.2343289320000004,-0.425
3.2373179370000003,0.07200000000000001
3.238155282,0.435
3.24056639,-0.064
3.242678263,-0.308
3.2443102620000004,-0.308
3.245820702,0.529
3.247903232,-0.429
3.250098335,0.165
3.2516608120000003,0.651
3.253895012,-0.71
3.255867791,0.23800000000000002
3.257620182,0.38
3.26033506,-0.17500000000000002
3.2621337030000004,-0.37
3.2639870120000003,-0.37
3.26763415,0.669
3.2683200340000003,0.669
3.2703880570000003,-0.241
3.271828132,0.536
3.2742363610000003,0.536
3.2764335140000003,0.223
3.277791342,0.17200000000000001
3.279719366,0.738
3.282492709,0.109
3.2853245720000004,-0.171
3.2862774860000004,-0.171
3.288490828,0.492
3.2903768660000003,0.492
3.29175946,-0.09
3.295816979,0.633
3.29751466,0.0
3.297904758,-0.311
3.301013171,0.436
3.302599116,0.341
3.3038351410000004,0.341
3.30575908,-0.328
3.3081495060000004,0.5640000000000001
3.3101331070000004,0.014
3.311801517,-0.339
3.31391083,0.428
3.3158818610000003,0.062
3.3188934150000002,-0.224
3.3203483950000003,-0.011
3.3227124150000003,0.644
3.3254409220000003,-0.049
3.32591945,-0.049
3.3279779620000003,-0.306
3.329906126,0.334
3.3337399280000004,-0.387
3.334376067,-0.115
3.3376707010000004,0.552
3.3385328270000003,-0.023
3.3411917410000003,-0.361
3.3422935330000003,0.436
3.344063766,0.23
3.3465326450000004,0.23
3.350147949,-0.516
3.3515001370000004,0.483
3.352169341,-0.045
3.353735862,0.11900000000000001
3.3560647520000004,0.333
3.357713764,0.333
3.360918653,0.449
3.3625449150000004,-0.039
3.364107579,-0.039
3.3679001420000003,0.382
3.3697033690000002,0.382
3.3716211630000004,-0.364
3.374369428,0.507
3.374722395,0.507
3.3756991600000004,-0.048
3.378008979,-0.048
3.3821489160000002,0.643
3.3827404600000004,-0.115
3.383939326,-0.115
3.387174581,0.176
3.3879879390000003,0.176
3.3898046350000004,-0.393
3.391817837,0.505
3.394044633,0.274
3.396763646,-0.28700000000000003
3.397905982,-0.28700000000000003
3.4005312630000004,0.23
3.4027441090000003,-0.294
3.4040804010000003,-0.294
3.4061546700000003,-0.17200000000000001
3.4076364110000004,-0.17200000000000001
3.4107271960000003,0.157
3.4120247580000003,0.165
3.414510099,0.328
3.4157959750000004,0.328
3.4176436490000004,-0.202
3.4214431060000003,0.553
3.4227710800000004,0.256
3.4241879780000004,0.256
3.4257402420000003,-0.338
3.4282570050000003,-0.338
3.429675574,0.358
3.431765136,-0.329
3.434373656,0.515
3.4357072960000004,-0.054
3.437866027,-0.054
3.4407875970000004,-0.5720000000000001
3.4426257710000003,0.28500000000000003
3.446545813,-0.393
3.446568517,-0.393
3.448036205,-0.07100000000000001
3.45000709,-0.07100000000000001
3.4516528450000004,0.186
3.4541882310000003,0.715
3.455640004,0.434
3.457582474,-0.084
3.461203749,-0.373
3.462623014,-0.373
3.4641336480000002,0.40900000000000003
3.4656322410000002,0.40900000000000003
3.467632618,-0.47700000000000004
3.470066457,0.554
3.4717466310000002,0.554
3.4739613030000003,-0.386
3.476022996,0.55
3.4782927630000002,0.55
3.480498932,0.34800000000000003
3.48193098,0.649
3.4852488220000004,0.526
3.4859350640000004,0.526
3.4878203770000002,-0.026000000000000002
3.4896356030000004,-0.026000000000000002
3.4922866040000002,0.41200000000000003
3.4940356770000003,-0.355
3.4965263540000002,0.219
3.4976763930000003,0.219
3.499999099,0.488
3.502192006,-0.401
3.5066984860000003,0.29
3.5069786840000003,0.29
3.508003125,0.35100000000000003
3.5098456700000003,0.35100000000000003
3.511772865,-0.037
3.5140579580000004,-0.038
3.515986052,-0.171
3.517791035,-0.171
3.5227048680000004,0.281
3.5227417830000003,-0.438
3.524845489,-0.20700000000000002
3.5261286590000003,-0.20700000000000002
3.5277453220000003,0.398
3.5302561870000004,-0.313
3.531749463,-0.313
3.5338534320000003,0.71
3.5357586530000003,-0.299
3.538131807,-0.299
3.542291053,-0.139
3.542859613,-0.065
3.543840206,-0.4
3.545808204,-0.4
3.5477267940000003,0.547
3.550336723,-0.335
3.551712305,-0.335
3.553662901,-0.036000000000000004
3.556338901,-0.298
3.5578484090000004,-0.47700000000000004
3.559765719,-0.47700000000000004
3.562226828,0.483
3.5642224170000003,-0.49
3.56627748,-0.49
3.567768962,-0.006
3.570315576,-0.107
3.572414773,0.024
3.57378536,0.024
3.575966202,0.422
3.578385028,-0.629
3.5816489270000003,-0.629
3.5822052290000004,0.222
3.5851272510000003,0.222
3.5860776220000004,-0.029
3.5880495050000003,-0.029
3.5912217670000004,0.433
3.592361169,-0.369
3.5937172250000002,0.405
3.595663656,0.7000000000000001
3.5990350820000003,0.176
3.6000877480000004,-0.355
3.602007677,0.396
3.603987157,0.096
3.6064800110000004,0.096
3.607728294,-0.426
3.609633993,-0.426
3.611601932,0.532
3.614450493,-0.23900000000000002
3.6156334130000003,-0.23900000000000002
3.618411924,0.601
3.6205299020000004,-0.266
3.6221951490000004,-0.14400000000000002
3.624380882,0.431
3.62713469,0.431
3.6279532800000003,0.115
3.6296646640000003,0.115
3.6319023410000004,0.317
3.6347680340000004,-0.253
3.635716921,0.378
3.638073298,0.378
3.640488994,0.497
3.6423044900000003,-0.352
3.643731153,-0.352
3.647961405,0.23800000000000002
3.648557749,0.23800000000000002
3.649658477,-0.34
3.6530919710000003,0.458
3.6543564460000004,0.17500000000000002
3.6556414320000004,-0.447
3.657619625,-0.447
3.6596924220000004,0.231
3.6632227630000003,-0.15
3.665772204,-0.165
3.6666218410000004,-0.165
3.6677538980000004,0.511
3.670110084,-0.452
3.672139076,-0.452
3.674368239,0.714
3.6771936380000003,-0.193
3.6782617460000004,-0.193
3.6806202690000003,-0.27
3.6825820460000003,0.17
3.6839688980000003,0.17
3.6859783760000004,-0.291
3.6881785060000003,-0.291
3.690366495,0.494
3.6924140430000003,-0.11
3.694236961,0.65
3.6958654190000004,0.65
3.697755846,0.195
3.7016182860000004,0.148
3.702631182,0.56
3.7040304010000002,-0.021
3.7058006060000004,-0.021
3.7091695990000004,-0.148
3.7100743780000003,0.271
3.713160078,-0.455
3.71427568,0.055
3.716896717,0.055
3.7182290350000002,0.618
3.7201660600000004,0.618
3.7220447990000003,-0.166
3.7241181130000003,-0.166
3.725939872,0.38
3.7297486,0.38
3.730168807,0.627
3.732362176,-0.06
3.7339130910000002,-0.375
3.736061889,-0.375
3.740175851,0.544
3.740766867,-0.43
3.742552571,-0.074
3.744154169,0.47800000000000004
3.746341697,0.47800000000000004
3.7481017210000003,-0.522
3.750096703,0.42
3.752016863,0.405
3.7557074580000003,-0.43
3.75661972,-0.003
3.7579599320000003,0.5630000000000001
3.760076515,-0.09
3.762859653,-0.384
3.765974034,0.28500000000000003
3.7664735840000003,0.28500000000000003
3.7679566990000004,0.159
3.7699851140000002,-0.162
3.7721228530000004,-0.162
3.7753429130000002,0.512
3.7773712870000002,-0.438
3.778635312,0.291
3.780586022,0.424
3.78201086,-0.604
3.7842168880000004,-0.604
3.785851162,0.138
3.7877387930000004,0.138
3.791171824,0.05
3.7936046300000004,0.468
3.795602967,0.604
3.7982221290000004,-0.481
3.798707974,-0.129
3.800735254,0.524
3.801990829,0.158
3.803991631,-0.248
3.806286945,-0.248
3.808111272,0.311
3.8105985610000004,0.311
3.8123153550000004,-0.34600000000000003
3.8141491220000003,0.667
3.815864218,-0.046
3.818151368,-0.357
3.8203903790000004,-0.357
3.8221499550000004,0.431
3.8241292560000004,0.431
3.826671006,-0.34800000000000003
3.8283382290000003,-0.34800000000000003
3.8296535730000003,0.481
3.832117482,-0.388
3.833965565,0.364
3.8356897620000003,0.222
3.8376609430000004,-0.316
3.842675117,-0.179
3.8436925740000003,0.533
3.8444988190000005,0.099
3.8465203530000003,0.099
3.849231537,-0.47700000000000004
3.850268546,0.461
3.8520229930000003,-0.329
3.8557209390000002,-0.263
3.856464787,0.706
3.8576392150000003,0.17
3.860690774,-0.405
3.863264764,0.195
3.864044181,0.195
3.865851982,0.399
3.8680736700000002,0.399
3.8699972980000004,-0.14
3.871647573,-0.14
3.8746482980000003,0.171
3.8757533320000004,0.096
3.877799351,0.432
3.8823039660000003,-0.47600000000000003
3.8827214640000003,-0.054
3.885719072,0.635
3.8863703710000004,0.635
3.8882725760000003,0.114
3.890418216,0.114
3.892087124,0.179
3.8939582660000003,0.179
3.896051087,-0.154
3.8977073750000004,-0.154
3.901374601,0.459
3.9022445030000004,-0.372
3.90436225,-0.372
3.9076526750000005,0.196
3.908327728,0.196
3.9112221710000004,-0.166
3.912255918,0.539
3.9138888130000002,0.34
3.917553657,-0.278
3.9181967400000004,0.10300000000000001
3.9204088840000004,0.67
3.92218041,-0.053
3.923828787,-0.264
3.9256560690000004,-0.264
3.927706413,0.41600000000000004
3.9306086660000004,-0.426
3.932701541,0.081
3.9355732160000003,0.081
3.93655596,0.456
3.9384290980000003,0.456
3.940600958,-0.274
3.9436294710000004,0.222
3.944561724,0.222
3.9473396180000004,-0.525
3.948513927,-0.525
3.9496957320000003,0.493
3.951890194,-0.192
3.954099267,-0.192
3.956412477,0.5640000000000001
3.957561677,-0.47900000000000004
3.960980972,0.08600000000000001
3.962296342,0.356
3.966006568,-0.043000000000000003
3.9669357780000003,-0.043000000000000003
3.968324205,-0.256
3.9697971510000003,0.03
3.972449113,0.03
3.9737645790000005,-0.598
3.9759633790000004,0.373
3.979193436,-0.312
3.981229443,-0.28400000000000003
3.9829226760000003,0.47300000000000003
3.984019174,0.319
3.986606345,0.319
3.9879920620000004,-0.315
3.9900222270000003,-0.315
3.9916541050000003,0.294
3.9944648880000004,-0.217
3.9957101670000004,0.522
3.997771589,0.522
4.001002848000001,0.297
4.003251056,-0.066
4.00436453,0.515
4.005874017,0.515
4.009648269,-0.246
4.010272404,0.532
4.011760983,0.34900000000000003
4.013645896,-0.435
4.017186341,-0.014
4.018569588,0.545
4.019898638,-0.396
4.024256235,-0.325
4.024746724,0.491
4.025702055,0.491
4.027645977000001,0.23700000000000002
4.029860511,0.024
4.031755572000001,0.44
4.034038612000001,-0.11900000000000001
4.035682307,-0.27
4.039254487,0.41600000000000004
4.04009509,0.439
4.04267572,-0.45
4.043778453,0.04
4.045827963000001,0.04
4.047758444,0.31
4.049711552000001,-0.28200000000000003
4.0526099360000005,0.405
4.053640012000001,0.251
4.055629441000001,-0.377
4.057589967,-0.027
4.059741020000001,0.489
4.062371303,-0.196
4.063882976,0.183
4.0661492500000005,0.183
4.0686894140000005,0.454
4.069802436000001,0.454
4.0720130160000005,-0.425
4.073833874,0.199
4.075812927,-0.218
4.077778401000001,-0.406
4.079728812,0.434
4.085005517,0.107
4.0850384790000005,-0.41500000000000004
4.086077597,-0.41500000000000004
4.0882349940000005,0.552
4.090280988,0.073
4.092400079,0.073
4.094255298,-0.149
4.0958475430000005,-0.149
4.0983096240000005,0.46
4.100865228,-0.008
4.10209843,0.616
4.103975059000001,0.616
4.10711946,-0.069
4.108270658,0.431
4.111318475,0.321
4.112206348,0.321
4.11388469,-0.298
4.1157219210000004,0.527
4.118464028,0.033
4.1203473630000005,-0.389
4.122202287,0.443
4.124556733,0.443
4.127101681,0.327
4.1278346710000005,0.327
4.1300376110000006,0.114
4.131848104,0.17200000000000001
4.133893405,0.17200000000000001
4.136488027,-0.23900000000000002
4.138108956,0.176
4.139957498,-0.431
4.142091089,-0.073
4.143821155,0.655
4.146098801,0.655
4.1493210000000005,0.198
4.152593339,0.302
4.15262442,0.34700000000000003
4.155838647,-0.321
4.156673588,-0.088
4.158027187,0.464
4.160077416,0.098
4.163772303,-0.366
4.164353692000001,0.257
4.165745736,0.257
4.167772165000001,0.441
4.170468796000001,-0.007
4.171955262,-0.007
4.173715116,0.596
4.176930481,-0.374
4.178597089,0.186
4.181449387000001,0.683
4.182451118,-0.597
4.184014542,-0.196
4.186101097,-0.196
4.188105617000001,0.56
4.190276023,0.56
4.192059146,-0.23600000000000002
4.193747854000001,-0.23600000000000002
4.195774593,0.437
4.197696775,-0.254
4.202592297000001,0.484
4.202952302,0.28500000000000003
4.203915772,-0.396
4.205779148,-0.396
4.2092582510000005,0.089
4.210294783,-0.146
4.21193413,-0.146
4.215383762,-0.032
4.216151518,0.327
4.217936575,-0.28400000000000003
4.221945383,0.196
4.222679971000001,0.303
4.223953128000001,-0.35000000000000003
4.226358288,-0.35000000000000003
4.227810332000001,-0.124
4.2306110630000004,-0.124
4.232460694,0.105
4.235519651000001,0.105
4.236357678,0.145
4.237765214,0.145
4.239746802,-0.38
4.241784234,0.553
4.243814859,-0.001
4.246974915,-0.426
4.248006293,0.012
4.250371511,0.012
4.252197885,0.47900000000000004
4.254058179,0.47900000000000004
4.25715391,-0.099
4.258206909,0.294
4.260744073000001,-0.47200000000000003
4.262015722,0.048
4.263920446,0.048
4.266104551000001,0.604
4.2679833590000005,0.604
4.269748975000001,-0.335
4.2719283930000005,0.328
4.2738885810000005,-0.272
4.276919915000001,0.139
4.278037919,0.536
4.281426426,-0.097
4.282040404,-0.25
4.2839492240000006,0.743
4.286023070000001,0.743
4.2878826530000005,0.212
4.289776531,0.212
4.2926228040000005,-0.064
4.294218711,0.013000000000000001
4.295710474,-0.341
4.297705123,0.34500000000000003
4.300853874,0.528
4.302220179,-0.358
4.304735245000001,-0.358
4.306170435,0.329
4.308018782,0.329
4.311398703,-0.091
4.3122740440000005,-0.091
4.314071396,0.464
4.317541439,-0.5640000000000001
4.318654427,0.015
4.3205807080000005,0.509
4.323417496,-0.14400000000000002
4.324491715000001,-0.14400000000000002
4.325706028,-0.374
4.327859157000001,-0.127
4.329989609,-0.127
4.331633726000001,-0.375
4.335432617,0.373
4.336471364,0.09
4.337630612,0.139
4.340561719,0.509
4.3431874950000005,0.503
4.344533022,0.503
4.345908414,-0.358
4.347711026000001,0.56
4.350532628,0.56
4.352034588,-0.05
4.353639913,-0.05
4.356620469,0.596
4.357904662,-0.249
4.361136806,-0.001
4.362220347,0.674
4.3643751680000005,0.674
4.368793453,-0.116
4.370736760000001,-0.116
4.371349134,0.501
4.372312620000001,0.501
4.373958965,-0.551
4.375658853,0.582
4.3780970450000005,0.105
4.380879185,0.105
4.381945845000001,0.024
4.3844831840000005,0.024
4.3857579310000006,0.47600000000000003
4.3878043380000005,-0.14400000000000002
4.389761085,0.5670000000000001
4.391763489000001,0.101
4.393748433,-0.374
4.395804105,0.43
4.3985078490000005,0.33
4.400269373,-0.399
4.4019760020000005,-0.182
4.404416484,-0.182
4.405895481,0.396
4.407893984,0.396
4.410639762000001,-0.32
4.411796775,-0.32
4.4137703770000005,0.339
4.415770732,-0.084
4.418883350000001,0.452
4.420035449,0.28700000000000003
4.423769436000001,-0.14400000000000002
4.424637113,0.371
4.426036890000001,0.371
4.428096841,0.524
4.429897273,0.524
4.431769251,-0.28500000000000003
4.433667716,0.14
4.435862056,-0.404
4.4385341480000005,0.23600000000000002
4.440590738,0.255
4.44287032,-0.529
4.4456838450000005,-0.04
4.447143484000001,-0.04
4.449673688,0.452
4.450276384,0.452
4.451744243,-0.246
4.454008374000001,0.329
4.456435612,-0.279
4.457917918000001,-0.075
4.460476712,0.531
4.462897235000001,0.321
4.4639669500000005,-0.241
4.465830528000001,-0.241
4.467765558,0.803
4.469800514,-0.371
4.471866333,-0.185
4.4742507830000005,-0.185
4.475769589,0.636
4.479931272,-0.396
4.481131486000001,0.20700000000000002
4.4824914300000005,0.426
4.4842836880000005,-0.421
4.486125586,-0.421
4.4884678970000005,-0.153
4.489724666,-0.153
4.492257573,0.0
4.494241298,0.093
4.495666322,0.093
4.499631375,0.36
4.500603917,-0.28600000000000003
4.5019280230000005,0.547
4.504312261,0.547
4.507936829,0.148
4.508631973,0.148
4.509753165,0.438
4.511759149,-0.381
4.513835155000001,-0.322
4.515733826,0.47700000000000004
4.518938127,0.12
4.521797158,-0.507
4.5228302860000005,0.23900000000000002
4.524438772,0.272
4.526752168000001,0.272
4.528175396,-0.163
4.529737098,-0.163
4.531710918,0.6
4.534546375000001,-0.423
4.536079977,0.115
4.537795549,0.397
4.541143612,-0.184
4.542212675,-0.203
4.5442556000000005,-0.203
4.545797891,0.666
4.547833471000001,-0.14100000000000001
4.550260225000001,0.6
4.551728699,0.6
4.55396183,0.483
4.556650336000001,-0.148
4.558985458,0.523
4.560140716,0.279
4.563360905000001,-0.373
4.5639360600000005,0.046
4.565752869000001,0.046
4.567663589,0.403
4.569935612,-0.276
4.5717039360000005,0.638
4.5737165200000005,0.243
4.576504169000001,-0.5680000000000001
4.577661549,0.136
4.5808559980000005,0.486
4.582738795,-0.353
4.584384612,-0.353
4.587215560000001,-0.291
4.588041657000001,-0.291
4.590002522000001,-0.097
4.592047367,-0.021
4.594305403,-0.021
4.595726406000001,0.40700000000000003
4.597674497,-0.334
4.600579891000001,0.417
4.603843326000001,0.316
4.604584669,0.316
4.606318495,-0.266
4.607860109000001,-0.266
4.610678701,0.494
4.611697503,-0.354
4.613712281000001,0.525
4.615683751000001,0.197
4.618170033,-0.36
4.6213800890000005,0.20800000000000002
4.62377103,0.704
4.624571318,0.704
4.626017662000001,-0.328
4.627697045000001,0.501
4.630572949,0.369
4.6316928530000006,-0.203
4.633649177000001,0.159
4.635571542,0.5750000000000001
4.639527224,-0.02
4.643247894,0.003
4.643572608,0.44
4.644628472,0.374
4.646378673,0.374
4.648136454,-0.181
4.649975595,-0.181
4.652132310000001,0.527
4.655075378,-0.248
4.656596106,-0.248
4.659183671,0.41300000000000003
4.659952427,-0.553
4.6625138260000005,-0.156
4.664553092,-0.156
4.668228211000001,0.618
4.668306759,0.618
4.669651365,-0.261
4.671679213,0.487
4.674398643,-0.28500000000000003
4.675912791,-0.28500000000000003
4.6776846910000005,0.188
4.68285297,0.04
4.682873938,-0.325
4.684697678,-0.325
4.685798507,0.34400000000000003
4.687769261000001,-0.337
4.690219889000001,0.028
4.6921892210000005,0.275
4.694124879,0.275
4.69610789,-0.233
4.6976928110000005,0.293
4.700866579,0.073
4.703030925,-0.512
4.703872942,-0.512
4.7056458150000005,0.508
4.707740954,-0.47700000000000004
4.710222123,0.04
4.7116857020000005,0.214
4.713634369,0.376
4.716557862,-0.526
4.717788442000001,-0.129
4.7226835860000005,0.708
4.7227153,0.28500000000000003
4.7246831700000005,0.105
4.725971316,0.105
4.727749983000001,0.458
4.729756669,-0.464
4.731980651000001,0.018000000000000002
4.7338456650000005,0.36
4.735761278,-0.176
4.7379713390000004,-0.279
4.7407669640000005,0.442
4.7435576930000005,0.004
4.7447519510000005,0.004
4.745843948,-0.325
4.747825219,0.583
4.7504129420000005,0.154
4.7533741240000005,-0.05
4.754358659,-0.05
4.755926655000001,0.6990000000000001
4.760483665000001,-0.366
4.761265495,0.4
4.76340546,0.64
4.764380004,0.095
4.765990805,0.095
4.769872151,0.122
4.7706912710000005,0.122
4.772176681,0.483
4.773781597,-0.187
4.775966904000001,0.603
4.777879659,0.297
4.781298203,-0.524
4.781902954,-0.524
4.783848653000001,0.633
4.785847285,0.633
4.788086157,-0.58
4.789730564,0.426
4.7921107570000006,0.426
4.793686553000001,0.038
4.79596645,0.293
4.797659579,0.496
4.800826428000001,-0.228
4.8019048070000006,-0.28300000000000003
4.806323322,0.419
4.806684576,0.419
4.808350679,0.043000000000000003
4.809920863,0.297
4.811939733,0.297
4.814144962,0.139
4.815740062000001,0.139
4.818071010000001,-0.161
4.819750739000001,-0.053
4.822768556000001,-0.319
4.8242130450000005,0.326
4.826434775,0.326
4.828216763,0.35000000000000003
4.829987955,-0.232
4.8322613080000005,-0.232
4.83376467,0.551
4.835692692,-0.188
4.837706152,0.352
4.840030792,0.153
4.84263575,-0.14
4.84389389,-0.098
4.846120212000001,-0.098
4.848025263,0.459
4.8496329970000005,0.459
4.852172784,0.08700000000000001
4.853644831,0.08700000000000001
4.857088017000001,0.274
4.859529467000001,0.424
4.860360498,0.624
4.862368229,0.299
4.864271493,-0.384
4.865812255000001,-0.384
4.867736747,0.43
4.869758640000001,-0.216
4.872608926000001,-0.243
4.8741161680000005,0.591
4.876205552,0.591
4.8792121,0.342
4.883862452000001,0.601
4.88389682,0.461
4.884614137000001,-0.17300000000000001
4.886346717,-0.17300000000000001
4.8878025,0.052000000000000005
4.889805441,0.052000000000000005
4.891753305,0.248
4.893709466000001,0.544
4.897307855,0.365
4.898244566000001,0.025
4.900208143,-0.383
4.902565483,0.46900000000000003
4.904527943000001,0.319
4.905759169,0.319
4.907644738,-0.352
4.909873134000001,0.47200000000000003
4.911706882000001,-0.219
4.9136873560000005,-0.046
4.915772082,0.487
4.917629314,0.159
4.919766646,-0.423
4.923045841,-0.049
4.924154811,0.557
4.926380824000001,0.557
4.927646385,-0.127
4.930837186000001,0.456
4.931880232,0.281
4.9336730300000005,-0.299
4.935792518,-0.13
4.938445103,0.65
4.94050176,-0.11900000000000001
4.944864734,-0.281
4.946100272000001,-0.281
4.947558745,0.41200000000000003
4.94846502,0.41200000000000003
4.9511461070000005,-0.383
4.9535928920000005,0.674
4.954965062,-0.359
4.956415673,-0.354
4.960095451,0.34
4.961274767,0.355
4.962436681000001,-0.41000000000000003
4.964572905000001,-0.025
4.967436316000001,-0.025
4.968094248,0.65
4.969729776,0.65
4.971876777,-0.23900000000000002
4.974204992000001,0.394
4.9760264560000005,-0.306
4.978039229,0.323
4.9801169540000005,0.541
4.983251796,-0.011
4.984033596000001,-0.301
4.986103657,-0.301
4.987954800000001,0.445
4.989646587,0.445
4.992420725000001,-0.33
4.993831747000001,-0.33
4.997071324,0.429
4.998654491,-0.401
5.001096939,0.254
5.002334693,0.303
5.004068448,-0.438
5.005943863000001,-0.438
5.007744999000001,0.07
5.011346646000001,-0.106
5.011915204,-0.314
5.01380589,0.322
5.015799211,0.451
5.020091399,-0.28600000000000003
5.020885047,-0.097
5.022002101,0.498
5.024510254,0.498
5.026443088000001,-0.07
5.028874578,-0.07
5.030165974,0.445
5.033146806,0.445
5.034475126,-0.467
5.0358886190000005,0.759
5.0379497120000005,-0.221
5.041323216,-0.445
5.042081747,0.405
5.043751981000001,0.405
5.045913259000001,0.197
5.048456383,0.197
5.051486723,-0.022
5.052084847000001,0.08700000000000001
5.053719309,-0.114
5.055907634,0.41600000000000004
5.058325996000001,0.5680000000000001
5.0611021570000005,-0.427
5.062026628,-0.129
5.063938007,-0.129
5.065842349,0.465
5.067956404,0.465
5.070410715,-0.28500000000000003
5.0719664600000005,-0.28500000000000003
5.075989964000001,0.354
5.0770553970000005,0.433
5.077869927,0.481
5.080894686000001,-0.373
5.08344338,-0.185
5.084502114,-0.185
5.0858495050000005,0.387
5.087788207,-0.442
5.0911184270000005,-0.442
5.092252633,-0.049
5.09393561,0.052000000000000005
5.095791428,-0.162
5.099565304,0.318
5.1004040680000005,0.484
5.103323957000001,-0.486
5.103879297000001,-0.182
5.106187956,-0.182
5.107708458,0.601
5.109667236,0.601
5.111642293,-0.45
5.113940584000001,0.455
5.11593105,-0.38
5.118230153000001,-0.256
5.120673384000001,-0.256
5.122962127,0.506
5.1237771080000005,0.506
5.1279378630000005,0.004
5.1287356740000005,0.004
5.131460773000001,0.178
5.132360472,0.178
5.135373015000001,-0.23600000000000002
5.136737162,0.186
5.138118782,-0.369
5.1417264320000005,0.28
5.142757830000001,0.156
5.144801665,-0.14100000000000001
5.145865000000001,-0.14100000000000001
5.147817699,0.006
5.149766538000001,0.084
5.151930503,-0.025
5.153878071,0.318
5.1561390650000005,0.021
5.158131877000001,-0.387
5.160246735,-0.387
5.1625301850000005,-0.145
5.164040042,-0.01
5.166364383,-0.01
5.167781054000001,-0.113
5.170216583,-0.113
5.171778203000001,0.447
5.173904272000001,-0.096
5.1759266550000005,0.601
5.178268063,0.224
5.18153103,0.224
5.182237837000001,-0.281
5.184494376,-0.281
5.185849923,0.537
5.188469363,0.537
5.189651616,0.544
5.192047632,0.222
5.194133622000001,-0.405
5.195660323,0.221
5.198471700000001,0.493
5.201505662000001,-0.264
5.203117671,-0.28400000000000003
5.2040303020000005,-0.28400000000000003
5.205865832000001,0.64
5.208266536,0.64
5.210628938,-0.482
5.212277434000001,-0.482
5.214003514000001,0.517
5.216084927000001,-0.317
5.218037435,0.464
5.220817301,0.23500000000000001
5.223120162000001,-0.369
5.224379723,-0.369
5.225723213,0.22
5.227677934,0.22
5.230210159,-0.013000000000000001
5.231793833,0.616
5.233630732,0.169
5.235957415000001,-0.363
5.238373923,-0.363
5.239931229000001,0.267
5.242912437,-0.098
5.245505413,-0.281
5.246242189,-0.281
5.247736935000001,0.364
5.250373587,-0.226
5.252359359000001,0.177
5.2538872130000005,0.41000000000000003
5.256291882,0.41000000000000003
5.258168006,-0.28700000000000003
5.259746089,0.551
5.262344229,0.23600000000000002
5.264155007,-0.368
5.266023104,-0.368
5.267661842000001,0.25
5.270741571,-0.089
5.272201037,-0.089
5.2736514670000005,0.62
5.275658889000001,0.28400000000000003
5.277867019,-0.394
5.279960794,0.17300000000000001
5.28284218,0.319
5.28476203,-0.203
5.285751899,-0.203
5.287738962000001,-0.247
5.291280888,0.257
5.292419596,-0.27
5.294165271000001,0.096
5.2962765670000005,0.096
5.298356179000001,0.34900000000000003
5.300178039,-0.10200000000000001
5.3025650230000005,-0.10200000000000001
5.304073408000001,0.647
5.306251164000001,0.647
5.308158904,-0.193
5.309717374000001,-0.193
5.3116948960000006,0.437
5.313753821000001,0.20800000000000002
5.316230476,0.47600000000000003
5.318334231000001,0.308
5.321565099000001,-0.392
5.324499976,0.81
5.325308569000001,0.268
5.327362433,0.268
5.328587061,-0.133
5.329925882,-0.133
5.332133641,0.442
5.334352036,-0.41500000000000004
5.336338303000001,-0.41500000000000004
5.338192998,0.016
5.340265914000001,-0.163
5.342851751,-0.28300000000000003
5.344765745,-0.28300000000000003
5.345964912,0.546
5.349359133,-0.384
5.350244451,-0.384
5.353111946,0.038
5.3542920810000005,-0.009000000000000001
5.356192729,-0.339
5.357849091,0.398
5.3600446690000005,0.493
5.366401158,-0.492
5.366432108000001,-0.069
5.369288425000001,-0.069
5.3707662670000005,0.616
5.370918726,0.616
5.371851487000001,-0.294
5.373851902,-0.294
5.375891296000001,0.404
5.377827767,-0.018000000000000002
5.381329502000001,0.654
5.382064173000001,0.01
5.384010098,0.01
5.387558048000001,-0.168
5.388648623,-0.168
5.389854286,0.585
5.391912453000001,0.47900000000000004
5.394265516,0.604
5.396287031,0.604
5.398021789,0.215
5.400917627,0.371
5.40222171,0.371
5.404015525,0.44
5.405960938000001,0.44
5.408278603,-0.156
5.411390923,0.028
5.41270992,0.028
5.414779670000001,-0.154
5.415932118000001,-0.154
5.419300434,0.398
5.420094816000001,-0.228
5.422878436,0.598
5.423998438,0.18
5.42597589,0.18
5.4281525550000005,-0.295
5.4301029860000005,-0.295
5.431853427,0.342
5.434674763,0.20600000000000002
5.436305074000001,0.20600000000000002
5.437826259,0.552
5.440128819000001,-0.297
5.443185967000001,0.245
5.444896517,0.541
5.4468790480000004,0.541
5.448279812,-0.467
5.450171953,-0.467
5.452004260000001,0.528
5.453905494000001,-0.35100000000000003
5.456018576,0.271
5.458120350000001,0.271
5.460565423,0.353
5.461946398,0.353
5.463913489,-0.191
5.466868414,-0.191
5.468339005000001,0.129
5.4708087480000005,0.218
5.472147725,0.218
5.4737743100000005,0.585
5.476193258,0.585
5.4777713420000005,-0.226
5.480041075,0.117
5.482194216,-0.335
5.484400266000001,0.216
5.486092898000001,0.216
5.488588184,0.217
5.489989154000001,0.217
5.491973333000001,-0.03
5.493847566,-0.109
5.49595282,-0.109
5.498179734000001,-0.47600000000000003
5.501222172,0.298
5.501854227,-0.611
5.505904755,-0.19
5.506638819,-0.19
5.508564446,0.356
5.509759711,0.356
5.5117290940000006,-0.429
5.513701778000001,0.491
5.51636726,-0.444
5.517875621,-0.249
5.5210332520000005,0.551
5.5222504290000005,0.551
5.524205521000001,-0.077
5.525805981,-0.077
5.5277343740000005,0.293
5.530079244,-0.294
5.532093398000001,-0.192
5.534898833000001,-0.192
5.535737784,0.551
5.5379257090000005,-0.40800000000000003
5.541053957,0.28600000000000003
5.5420059450000005,0.641
5.544703417,0.641
5.545804178,-0.316
5.5490837840000005,-0.316
5.5497923700000005,0.667
5.552908758,-0.333
5.553755172000001,0.136
5.555955781000001,0.091
5.557876974,0.091
5.560956217,-0.536
5.561977263,0.533
5.564414463,0.533
5.565850266,0.20400000000000001
5.567756950000001,0.20400000000000001
5.5701726030000005,0.577
5.572619878,-0.226
5.5743272,-0.1
5.576769372,0.47900000000000004
5.579703922,0.195
5.580603791000001,-0.399
5.584156306000001,0.17400000000000002
5.5847469400000005,0.036000000000000004
5.586475308000001,0.036000000000000004
5.589083063,-0.225
5.5905081590000005,-0.225
5.5921560040000005,0.622
5.594427189,-0.423
5.5957890290000005,0.091
5.598295401000001,0.506
5.6003854230000005,0.022
5.60311359,0.404
5.604433183,0.404
5.607345618,0.651
5.607738813,0.651
5.610045268,-0.2
5.61199944,0.444
5.613838849,0.057
5.615829773000001,0.057
5.617734939,-0.321
5.619659569,0.47300000000000003
5.623792267000001,-0.437
5.624396154,-0.111
5.626195771000001,-0.111
5.627833002,0.459
5.630095320000001,0.459
5.631717562,-0.393
5.63389755,0.424
5.636116079000001,-0.384
5.638306475,0.14200000000000002
5.641389924,0.753
5.642322409,0.034
5.644041961,0.034
5.647528306000001,-0.024
5.648158919,-0.024
5.649912319,0.293
5.6516455940000005,0.088
5.653792027000001,0.47700000000000004
5.655690393,0.031
5.65760076,-0.211
5.659627697,0.334
5.6627966050000005,0.494
5.663862814000001,-0.489
5.666610305000001,-0.489
5.667707319000001,-0.014
5.669784191000001,-0.08
5.671857816,-0.302
5.673677241,0.34500000000000003
5.6763094810000005,0.425
5.677625221,-0.264
5.679654946,-0.20400000000000001
5.682089997,0.658
5.683761986,0.134
5.685842869,-0.331
5.68768371,-0.331
5.691093671,0.445
5.693101372,-0.333
5.694099899,-0.333
5.6958080110000004,0.06
5.698237479,0.029
5.700814599,-0.218
5.702436501,0.222
5.704032701,0.222
5.706472018,0.225
5.708187420000001,0.225
5.710828628000001,-0.043000000000000003
5.7119619340000005,-0.043000000000000003
5.713673498,-0.201
5.717416543000001,0.271
5.719088882,0.45
5.722942244,-0.281
5.723259238000001,-0.064
5.7241528850000005,-0.064
5.726125551,0.516
5.727678672000001,0.516
5.729901062000001,-0.191
5.731935666,0.307
5.733639407,0.307
5.73763436,-0.47400000000000003
5.7384804560000005,0.594
5.740031465,-0.01
5.742313549,-0.01
5.746311512,-0.47800000000000004
5.746633722,-0.47800000000000004
5.749020203000001,0.304
5.750039844000001,-0.297
5.752517318000001,0.455
5.754907708,-0.013000000000000001
5.755923877000001,-0.496
5.757615835,0.67
5.760496956000001,0.41200000000000003
5.762285814,0.41200000000000003
5.764320224,-0.461
5.7678145270000005,-0.461
5.768390628000001,0.585
5.769806236,-0.007
5.771656435000001,0.328
5.774230736000001,0.586
5.775635774,-0.392
5.778183706,0.299
5.779762143,0.299
5.786248714,0.616
5.786370925,-0.419
5.788284354,0.371
5.7886143080000005,0.371
5.7898760650000005,0.428
5.7923737950000005,-0.17300000000000001
5.794102721000001,-0.17300000000000001
5.796234919000001,0.514
5.799157937,-0.375
5.801874778,0.17400000000000002
5.803456574,0.537
5.804500063000001,0.537
5.807743095,-0.5640000000000001
5.808243981,0.577
5.8116164040000005,0.251
5.81411571,-0.258
5.816030409000001,0.171
5.817964627,0.56
5.818767202,-0.116
5.819751019000001,-0.278
5.8234861680000005,0.499
5.824337541,0.28600000000000003
5.826377762000001,0.28600000000000003
5.827830473000001,-0.387
5.829779586000001,-0.387
5.831785246,0.664
5.833782699,0.376
5.83621599,0.512
5.838339252,0.338
5.841113023,-0.38
5.842152560000001,0.10400000000000001
5.844246957,0.398
5.8458452560000005,-0.152
5.849522521000001,-0.374
5.85015645,0.559
5.852375876,0.559
5.853669508,0.267
5.856705146,0.125
5.857766528,0.5650000000000001
5.864405535,-0.035
5.864969098,-0.199
5.865029662,0.399
5.865823619,0.399
5.867670898,0.448
5.870083371000001,0.114
5.872159011,0.114
5.873653838,0.587
5.876360653000001,-0.342
5.8775880890000005,0.596
5.8803904760000005,0.336
5.882488185000001,-0.486
5.883966571,-0.013000000000000001
5.885766814,-0.013000000000000001
5.88774584,0.446
5.890141320000001,0.446
5.892544583,-0.376
5.893805915000001,0.31
5.896318786,-0.451
5.897731898,0.095
5.900870374,0.673
5.9029977680000005,0.005
5.903993161000001,-0.319
5.90667513,-0.319
5.909071336,0.456
5.910989939,0.456
5.913323287000001,-0.434
5.914411046000001,0.312
5.915704296,-0.068
5.918205288,-0.34500000000000003
5.920019961,0.504
5.922497378,0.5
5.924228452,0.5
5.926346098000001,-0.275
5.927850065,-0.275
5.9296453940000005,0.589
5.931641493000001,-0.362
5.933685529000001,0.442
5.935579059,0.505
5.938241612000001,-0.352
5.941275547,-0.033
5.942929545,0.442
5.9457669420000006,0.002
5.946488745000001,-0.214
5.9481476870000005,-0.214
5.949841865000001,0.354
5.9519455390000005,0.354
5.954420508,-0.468
5.956082454000001,0.41300000000000003
5.957861692000001,-0.382
5.961144477,-0.499
5.96255671,0.161
5.963963560000001,0.181
5.966102954,0.181
5.969086987000001,-0.533
5.969806575000001,-0.533
5.9717405580000005,0.659
5.973690769,0.264
5.976015935,0.391
5.977753579000001,0.488
5.981000701,-0.366
5.983242126,0.21
5.9841681190000005,0.521
5.986116348,0.521
5.989501874,-0.093
5.990894345,0.4
5.991799394,0.4
5.99379619,0.34
5.996333724,-0.023
5.998025203,0.526
5.999874207,0.028
6.002329826,0.001
6.004418441,0.426
6.005781956000001,0.426
6.007769152000001,0.193
6.012188375,-0.007
6.013166086,0.487
6.014113422,-0.263
6.016140994000001,-0.08
6.017875723,0.498
6.020779461,0.267
6.022277794000001,-0.443
6.0251207430000004,-0.443
6.026438824,-0.003
6.028004757000001,-0.003
6.0298329630000005,0.367
6.032026648,0.434
6.034090224000001,0.65
6.035854163000001,0.65
6.038084342,-0.365
6.040948222000001,0.488
6.042949539,-0.029
6.0438003060000005,-0.029
6.046507486,-0.427
6.048377525,0.367
6.049753631000001,-0.379
6.051893071,-0.049
6.054061386000001,0.6990000000000001
6.056895907,0.101
6.057933906000001,-0.267
6.060352239,0.232
6.06222509,0.584
6.0642162840000005,-0.323
6.06575643,-0.323
6.067751605000001,-0.044
6.069802571,0.268
6.072277565,-0.18
6.074237181,0.231
6.076044681,0.189
6.077849523,-0.456
6.081435718000001,0.537
6.083381006000001,0.596
6.084904388,0.596
6.085834386,-0.03
6.087813462000001,0.272
6.090192149,0.493
6.092213609000001,-0.558
6.093876262,-0.20500000000000002
6.095796952000001,0.537
6.097695895,0.166
6.100677862,-0.188
6.1040965730000005,0.055
6.104684801,0.055
6.105831216,0.554
6.107809371,0.229
6.1098606460000005,0.539
6.1119332680000005,0.224
6.113947246,-0.356
6.1171653610000005,0.121
6.118146102000001,0.606
6.1213175380000004,-0.2
6.122263736000001,-0.2
6.12442517,-0.124
6.126071157,-0.124
6.129103656000001,0.202
6.130306065,0.202
6.131758692,0.253
6.133759565,-0.179
6.138263134000001,-0.214
6.138693348,0.557
6.1415439140000005,0.253
6.1427733280000005,-0.343
6.143878328,-0.343
6.145844405,0.091
6.147771673,0.091
6.150149284,-0.11900000000000001
6.152218321,0.5710000000000001
6.155162902000001,0.501
6.156185701,-0.317
6.157862266,0.153
6.159960474,0.51
6.162878786,-0.33
6.1644991010000005,-0.23500000000000001
6.166491089,-0.23500000000000001
6.167818868,0.443
6.169755651,-0.391
6.172360605000001,0.134
6.1737320350000005,0.483
6.175736784000001,0.058
6.1781439,-0.255
6.18038676,-0.255
6.18246548,0.48
6.184997264000001,-0.47200000000000003
6.185912603,-0.47200000000000003
6.188753575000001,0.113
6.189970479,-0.297
6.192431681,-0.297
6.193753088,-0.292
6.195747434,-0.292
6.197737148000001,0.34
6.200757038000001,0.014
6.204084612,0.614
6.204640402000001,0.614
6.205916640000001,-0.11800000000000001
6.207713125000001,-0.11800000000000001
6.209753023,0.393
6.213435663,-0.419
6.214043423000001,0.115
6.215825365000001,0.491
6.219177490000001,-0.097
6.221117972,-0.361
6.221825281,0.446
6.224299762,0.446
6.226153264000001,0.14
6.227845844,0.14
6.229721567,0.089
6.232495028000001,-0.093
6.2337560100000005,0.024
6.235752844,0.321
6.237703969,0.578
6.2399848140000005,-0.266
6.243009075000001,0.308
6.244078647,0.619
6.2460702580000005,0.619
6.2477995790000005,-0.494
6.249858983,0.28500000000000003
6.25207888,0.596
6.255174543000001,-0.254
6.256654996,0.08600000000000001
6.258656380000001,0.487
6.25985558,-0.20800000000000002
6.262274393,-0.506
6.264342146000001,0.372
6.266311986000001,0.372
6.269420211000001,0.11900000000000001
6.270307685000001,-0.101
6.273353772,0.326
6.274248094000001,0.326
6.276217025,-0.28400000000000003
6.277755396000001,0.342
6.284407149000001,0.419
6.284431189,-0.323
6.285095229,-0.074
6.28650525,0.465
6.287745502000001,0.465
6.291243008,-0.312
6.292142793,0.267
6.293876083000001,0.265
6.296746034000001,-0.52
6.2983190040000006,-0.11
6.301410746,0.421
6.303058316,-0.341
6.304700985,-0.341
6.306225565,-0.47900000000000004
6.308128711,-0.47900000000000004
6.309891394,0.131
6.313563913,-0.023
6.314065805,-0.023
6.3164709960000005,0.31
6.317735665000001,-0.126
6.322214952,0.664
6.322922632,0.664
6.32383965,0.23700000000000002
6.325685337,0.23700000000000002
6.32766212,-0.035
6.330411208,-0.017
6.3320230550000005,-0.017
6.334161620000001,-0.452
6.336139092000001,0.17300000000000001
6.337882626000001,-0.424
6.340902687000001,-0.107
6.342613042,0.159
6.344541669000001,-0.209
6.345938241000001,-0.209
6.347696040000001,-0.29
6.350770486,0.081
6.351646991,-0.56
6.354868582000001,0.029
6.355741141,0.509
6.3594361930000005,-0.089
6.360488372000001,-0.466
6.362328145,0.276
6.3655294200000005,0.146
6.368545644,0.146
6.3704823390000005,-0.403
6.37076637,-0.403
6.372272779,0.559
6.374276462,0.559
6.376160389000001,-0.34
6.380642108,0.17500000000000002
6.381870276000001,-0.5670000000000001
6.382537629000001,-0.5670000000000001
6.385445526000001,0.201
6.38591026,0.03
6.389243936000001,-0.333
6.3934706640000005,0.505
6.3935101450000005,0.325
6.39536411,-0.462
6.396273788,-0.462
6.398850652,0.134
6.400104968000001,-0.182
6.402151871,-0.503
6.406314938,0.34800000000000003
6.407014704000001,0.229
6.4083364640000005,0.229
6.410851641000001,-0.419
6.412218585000001,-0.419
6.414579138000001,0.374
6.415900097000001,-0.281
6.418534976,0.667
6.422487762,0.667
6.423134714000001,0.313
6.424965426,0.313
6.425900242,0.14400000000000002
6.427895014000001,0.14400000000000002
6.429863977,-0.199
6.431978066,0.49
6.434432291,0.20600000000000002
6.436687087,-0.367
6.4410679260000006,0.329
6.446459966000001,0.506
6.446496381,0.093
6.447188494000001,-0.051000000000000004
6.448000542000001,0.5630000000000001
6.448801673,0.5630000000000001
6.449879030000001,0.497
6.451919926,-0.156
6.454671827,0.631
6.455878696,0.631
6.457823778000001,0.006
6.459869187000001,0.436
6.462699024,0.388
6.464083788000001,-0.441
6.4668736650000005,-0.441
6.468745666,0.129
6.469970334,-0.067
6.473183968000001,-0.067
6.474258263,-0.502
6.475893558,0.264
6.478007855,-0.527
6.480760053,-0.157
6.482285663000001,0.233
6.484514672,0.233
6.486544204,-0.422
6.4887786620000005,-0.422
6.491431829000001,0.40900000000000003
6.4924698450000005,0.40900000000000003
6.495831837000001,-0.451
6.496841951,0.632
6.499654678000001,0.153
6.500461422000001,0.079
6.505532422000001,0.363
6.505565283,0.431
6.506624395,-0.495
6.507903913000001,-0.495
6.509911153,-0.041
6.5124160060000005,-0.241
6.5138586290000005,-0.06
6.515817617000001,0.511
6.517859543,0.216
6.520038224,-0.495
6.522493546000001,-0.21
6.524851139000001,0.447
6.5266925350000005,0.447
6.5282166880000005,-0.08700000000000001
6.530052475000001,-0.08700000000000001
6.533060335,0.496
6.534916756,-0.24
6.535829605,-0.24
6.538141994,-0.057
6.540188527000001,-0.057
6.543313321,-0.099
6.54436377,-0.099
6.546242314000001,0.435
6.5483991900000005,0.435
6.550267854,-0.544
6.5523481210000005,0.7020000000000001
6.555323743000001,-0.404
6.557876789000001,-0.326
6.558603626,0.458
6.560975078,0.542
6.563646501,-0.27
6.564898307,-0.137
6.566240112,-0.137
6.568890018,0.583
6.570231072,0.583
6.57195851,-0.209
6.574296521000001,0.485
6.576244303,0.485
6.5778444,-0.227
6.5802087380000005,0.5640000000000001
6.586483456000001,0.188
6.5865331750000005,-0.373
6.587598181000001,0.25
6.588401399,0.25
6.589859599,0.138
6.594802025000001,-0.218
6.595414256000001,0.448
6.597197202,0.448
6.598236195,-0.233
6.6000605320000005,0.621
6.604295953,0.28500000000000003
6.605018257,-0.429
6.606155848,-0.429
6.6083163570000005,-0.047
6.61012377,-0.025
6.611878432,-0.025
6.615219092,-0.41500000000000004
6.617154383000001,0.319
6.618497071,-0.334
6.620596804000001,-0.079
6.623936637000001,0.561
6.624542579000001,0.04
6.625964424,0.04
6.628015736,-0.338
6.631042755,0.372
6.632657895,0.372
6.633940068,-0.401
6.63609501,0.5680000000000001
6.637891582000001,0.066
6.639771535,-0.374
6.642576743,0.41500000000000004
6.644844748000001,0.5680000000000001
6.646225517,0.5680000000000001
6.647921871,-0.23900000000000002
6.650377961,0.659
6.6531253360000004,0.245
6.654066763,-0.335
6.659034841,0.158
6.659767649000001,0.522
6.660540633,-0.214
6.6621544,-0.018000000000000002
6.6641073980000005,0.531
6.666383148,0.531
6.667901938,0.209
6.670051357,0.72
6.671862774,0.289
6.6741195410000005,-0.228
6.675779312,-0.28700000000000003
6.677804178000001,0.539
6.680837878,0.19
6.683051651,0.19
6.6847652140000005,-0.082
6.6863265080000005,-0.082
6.6882854940000005,0.5640000000000001
6.68987449,0.5640000000000001
6.691778931,-0.40700000000000003
6.6944203390000006,0.224
6.695840919,-0.404
6.697848191,0.253
6.700423128000001,0.614
6.703314186,0.614
6.704257139,-0.35000000000000003
6.706238809,-0.35000000000000003
6.710134863,0.51
6.710708181,0.51
6.711830695000001,-0.41300000000000003
6.7138982590000005,0.68
6.716024098,-0.385
6.717875272000001,-0.427
6.720001639,0.591
6.724671007,0.28400000000000003
6.725006682,-0.422
6.72587779,-0.422
6.729118366000001,0.171
6.730321126000001,-0.23
6.732212382,-0.23600000000000002
6.733883838000001,0.584
6.737003779,0.431
6.7382540980000005,0.431
6.740706526,-0.242
6.742269141,0.462
6.744288136000001,-0.491
6.745870089,-0.491
6.747745734,-0.08
6.750666376000001,0.277
6.75197564,-0.277
6.754139376,-0.277
6.7558752580000005,0.08700000000000001
6.758059257,-0.202
6.760358194,0.091
6.762259502,0.554
6.7644451320000005,0.554
6.765927707,0.069
6.769191245,0.20600000000000002
6.770348222000001,0.20600000000000002
6.7720445830000005,0.463
6.774490489000001,-0.305
6.775897049,0.492
6.778083989000001,0.185
6.780056984000001,-0.528
6.783054113,0.41100000000000003
6.784347803,0.399
6.786354145000001,0.399
6.789716724000001,-0.381
6.790621852,0.455
6.792112167000001,0.371
6.794035878000001,-0.14200000000000002
6.796367806,-0.14200000000000002
6.798613927000001,0.179
6.803327766000001,-0.423
6.803355144,-0.265
6.804641599,0.497
6.80642645,0.497
6.807918557000001,0.252
6.810841580000001,0.229
6.812255154000001,0.229
6.815571041,0.423
6.816288646,-0.28400000000000003
6.818763378000001,0.417
6.822801088,0.389
6.822829628,-0.41000000000000003
6.826189680000001,0.532
6.826973635000001,0.532
6.828542078000001,0.294
6.831089665,-0.273
6.833219788,-0.273
6.834147262,0.452
6.8359656520000005,-0.425
6.838071366,0.547
6.841072239000001,0.392
6.8424324080000005,-0.527
6.844179267,-0.527
6.846099495000001,-0.157
6.8483385850000005,0.361
6.850143030000001,0.361
6.852176416000001,-0.342
6.854722957000001,0.427
6.85600242,-0.334
6.857906949,-0.341
6.861140730000001,0.405
6.8630603820000005,0.47000000000000003
6.8646156640000005,0.47000000000000003
6.866366328000001,-0.371
6.868024984000001,-0.371
6.870033943,0.597
6.872321752,-0.2
6.874354123000001,0.437
6.876736008000001,0.532
6.878013576000001,-0.295
6.880862576,-0.167
6.882254747,0.607
6.884198423000001,0.607
6.8859826900000005,-0.065
6.888198239,-0.065
6.891148724000001,0.558
6.892538579,-0.398
6.894145416000001,-0.398
6.8962249060000005,-0.057
6.899139951,0.06
6.901786647000001,-0.376
6.905199915000001,0.323
6.905228515,0.54
6.90747329,-0.341
6.908250855,-0.341
6.9104205080000005,0.138
6.912356638,0.091
6.914528408000001,0.091
6.91675575,-0.324
6.918068708000001,-0.324
6.921078899,0.549
6.925056059,-0.168
6.925080792,0.63
6.926042141000001,0.63
6.927849453,0.097
6.9302662260000005,0.097
6.934337378,0.278
6.935163022,0.278
6.9359725480000005,-0.366
6.937912365000001,0.527
6.940090267,0.08
6.942934978,-0.499
6.944074127,-0.499
6.947492468,0.317
6.948553676,0.317
6.950091336000001,-0.298
6.951903674,0.602
6.954552224,0.602
6.956073545000001,0.266
6.958075600000001,0.266
6.961706039,0.34800000000000003
6.962455705,0.34800000000000003
6.963861497000001,-0.41500000000000004
6.965884961,-0.41500000000000004
6.9680977330000005,0.557
6.969895439,-0.396
6.971713908000001,0.20600000000000002
6.974487713,0.501
6.97584596,-0.277
6.978652366,-0.148
6.979758822000001,0.625
6.982443663000001,0.196
6.98400306,-0.34800000000000003
6.98659415,-0.34800000000000003
6.988487356,0.435
6.989913888,0.435
6.99362654,-0.374
6.994694062000001,-0.374
6.995920856000001,0.618
6.997713074000001,-0.334
6.999861661000001,0.163
7.003008744000001,0.426
7.00403293,0.426
7.006738222,-0.161
7.0081554100000005,-0.161
7.010515467,0.615
7.011805600000001,-0.352
7.014350373,-0.352
7.017207022,0.445
7.018098933,-0.41600000000000004
7.019919834,-0.333
7.0218151,0.463
7.0245782640000005,0.463
7.027428212,-0.077
7.0282741390000005,-0.077
7.029772976,0.20800000000000002
7.033452255,-0.177
7.034521886,-0.177
7.036867353000001,-0.162
7.038068303,0.253
7.041607839,-0.354
7.043868356000001,0.234
7.044815815000001,0.234
7.0459863380000005,0.446
7.047727072000001,0.446
7.051272567000001,-0.17
7.0522403680000005,0.058
7.054596146000001,0.058
7.0561279820000005,-0.453
7.058881832000001,0.631
7.060831576,0.631
7.0623409630000005,-0.281
7.064458218,-0.281
7.066365381000001,0.629
7.067941817,-0.41200000000000003
7.070442688000001,-0.41200000000000003
7.071825256,0.059000000000000004
7.0740248470000004,0.059000000000000004
7.0757863190000005,-0.021
7.081755726000001,0.84
7.08179429,0.577
7.083287534,-0.068
7.084534473000001,-0.068
7.086039315000001,0.61
7.088443756,0.61
7.089949823,-0.049
7.091910773,0.54
7.094075666,0.454
7.09600498,-0.399
7.098637952000001,0.034
7.099976247000001,0.455
7.103605446,0.021
7.104128448000001,0.021
7.105886470000001,-0.375
7.109064396000001,-0.375
7.110170335,0.259
7.112257540000001,-0.054
7.114170446,-0.054
7.116447261,0.545
7.118106511000001,-0.229
7.121331379000001,0.323
7.123448537000001,0.458
7.124597388000001,0.458
7.128091251000001,-0.451
7.129185952,0.649
7.130392368000001,0.649
7.132639574000001,0.089
7.134212446,0.089
7.13634899,0.447
7.138880042,-0.47300000000000003
7.142811308000001,-0.09
7.143538296,0.403
7.144334038,0.403
7.146102374000001,-0.089
7.1480286930000005,-0.089
7.15086959,0.448
7.152589743,-0.549
7.154497879,-0.549
7.1558453150000005,-0.07100000000000001
7.160726028,0.133
7.160747284,-0.17300000000000001
7.162455659000001,0.233
7.164043434000001,0.233
7.166518804000001,0.625
7.168868768,0.625
7.170726062000001,0.511
7.172045175,0.138
7.174043244000001,0.138
7.176091486000001,-0.209
7.178029329,0.486
7.181036305,-0.41600000000000004
7.183428591,0.527
7.184293828,0.527
7.18617653,0.654
7.18864149,0.654
7.190673702000001,-0.313
7.192136399000001,-0.313
7.194039330000001,0.5640000000000001
7.196086226,-0.171
7.197850742000001,0.779
7.199859144,0.355
7.2030799860000005,-0.228
7.204661581000001,0.34700000000000003
7.206247896000001,0.34700000000000003
7.209195178000001,0.6950000000000001
7.21126421,-0.41500000000000004
7.213079961,0.52
7.214283824000001,0.47900000000000004
7.216057362000001,-0.364
7.220833814000001,-0.089
7.221801879,0.5640000000000001
7.223906294000001,-0.095
7.224772676000001,-0.095
7.2260653370000005,-0.164
7.228052931000001,-0.164
7.230005906000001,0.17200000000000001
7.232004172000001,-0.106
7.2338849650000006,0.789
7.2375999140000005,-0.03
7.238535679000001,-0.378
7.240172396,0.34600000000000003
7.241892499,0.309
7.244438168,-0.3
7.248670258000001,-0.033
7.2487072910000006,-0.033
7.250007035,0.40900000000000003
7.252110127000001,-0.382
7.254133761,0.492
7.256785741000001,0.34900000000000003
7.257792191,0.34900000000000003
7.260099079000001,-0.47800000000000004
7.26322358,0.404
7.264548132000001,-0.188
7.265795516000001,-0.188
7.2679278730000005,-0.221
7.270218619,0.429
7.272015663,0.429
7.275000572000001,-0.289
7.276149194,0.635
7.2780422830000004,0.153
7.280487201000001,-0.182
7.283776554,0.369
7.286064226000001,0.369
7.286870099000001,0.247
7.28801459,0.247
7.289794511,0.005
7.291878406,0.063
7.294252559,-0.354
7.295736882000001,-0.354
7.297981592,0.443
7.303857672,-0.229
7.304506323,0.032
7.305342171,0.558
7.3065542390000005,0.558
7.308564039,0.148
7.310769748,0.148
7.3121058020000005,0.433
7.313998909,-0.17200000000000001
7.317226483000001,0.622
7.321789446,0.6930000000000001
7.321880389,0.435
7.322848851000001,-0.34800000000000003
7.3239444670000005,0.131
7.325944361,0.131
7.328933991,0.178
7.3301493330000005,0.178
7.333266056,-0.245
7.334385568,0.39
7.336129813,-0.199
7.337819337000001,0.352
7.340107305,0.615
7.342469204,-0.145
7.344409624000001,-0.145
7.345790079,-0.187
7.347986422000001,0.279
7.3504223170000005,-0.359
7.351733017000001,-0.359
7.355135809,0.194
7.356270200000001,-0.14
7.358077356000001,-0.357
7.360936587,0.443
7.3627602240000005,0.195
7.3644505,0.195
7.371442401,-0.468
7.371470113000001,-0.468
7.372167727000001,0.37
7.374682115000001,-0.241
7.3754603350000005,0.454
7.376646212000001,0.454
7.380116336,0.14200000000000002
7.381345391000001,0.271
7.382414572,0.311
7.38453228,-0.14
7.385886041000001,-0.14
7.388500482,-0.14200000000000002
7.391280615,-0.14200000000000002
7.392392232000001,0.301
7.394713189000001,0.301
7.39584779,0.164
7.398253374,0.164
7.400404367,-0.194
7.402179388,0.5670000000000001
7.404684724000001,0.317
7.406266423000001,0.317
7.409108428000001,-0.14100000000000001
7.410351892,0.559
7.4130986430000005,0.105
7.414182082000001,-0.095
7.416478426,0.53
7.417782275,0.426
7.421203202,-0.432
7.422335510000001,0.579
7.424003761000001,0.579
7.426161017,0.458
7.428016264,-0.061
7.43001175,0.811
7.4321596350000005,0.441
7.4345545930000005,0.441
7.436296117,-0.28
7.4382123810000005,0.454
7.440692429,0.112
7.441952297,-0.337
7.443948874,-0.337
7.44606555,0.455
7.447853161,0.455
7.450020069000001,-0.339
7.451987463,-0.339
7.453732465000001,0.524
7.456348289,-0.127
7.457909428000001,0.426
7.460074069,0.509
7.463612973,-0.342
7.464399971000001,-0.342
7.46585077,-0.056
7.468150282000001,-0.056
7.4697335,-0.012
7.471818088,0.317
7.474152583,0.384
7.476894029,0.384
7.477735174,-0.523
7.4798502010000005,0.506
7.482579208000001,0.009000000000000001
7.484028859,-0.492
7.486170561000001,0.294
7.488392284000001,0.294
7.491646073,0.45
7.4925528130000005,0.45
7.49397462,0.743
7.496094053,0.186
7.499693721000001,-0.243
7.5018874680000005,0.23800000000000002
7.502470326,0.23800000000000002
7.504272930000001,0.417
7.505967516,0.417
7.507895043,0.139
7.510343512,0.191
7.511850577000001,0.191
7.514713676,-0.259
7.516144519000001,0.184
7.518530822000001,-0.122
7.5207380520000005,0.152
7.523660081,0.507
7.525036962000001,0.507
7.526036222,0.125
7.528724987,0.125
7.530036972,0.28800000000000003
7.5320586160000005,-0.289
7.535204888000001,-0.187
7.536018490000001,0.5640000000000001
7.538350741,0.276
7.539924022,-0.332
7.545142512000001,0.08600000000000001
7.545170959000001,0.402
7.548619545,-0.171
7.549385055,-0.171
7.550974386,0.03
7.552211348,0.03
7.554108393000001,-0.003
7.556668752,0.168
7.558010969000001,0.168
7.561608825,0.466
7.563248768,-0.254
7.564138093,0.462
7.565910594000001,0.462
7.568441848000001,0.027
7.570326198,0.016
7.572083732,0.016
7.575518586,0.133
7.577811782,-0.298
7.57840143,0.13
7.580914707000001,-0.027
7.582365482,-0.439
7.585064141,-0.439
7.585840417000001,0.461
7.587897795000001,0.461
7.589777276,0.224
7.592644223000001,0.498
7.593663437000001,0.328
7.595735085,-0.337
7.597896938000001,0.089
7.6005143440000005,0.34700000000000003
7.603849988,-0.23900000000000002
7.604548978,-0.23900000000000002
7.606809452,-0.186
7.608149379,0.303
7.610194381,0.303
7.611751057,-0.29
7.615193814,0.516
7.616150861,0.074
7.617825964000001,-0.281
7.621466616,0.555
7.622281165,0.555
7.624325693,0.495
7.626182062000001,0.327
7.628274471,0.327
7.629699168,0.218
7.6318610080000004,-0.209
7.633685222,0.322
7.635669372000001,0.581
7.638019841,-0.33
7.639914514000001,-0.33
7.642771789,0.085
7.643839559000001,0.085
7.645725304000001,-0.512
7.648559114,-0.512
7.651521079,0.376
7.653159396,-0.363
7.655375815,0.027
7.656154101,0.544
7.6577155900000005,-0.15
7.660389713000001,0.101
7.663434458,0.246
7.664387546,0.246
7.66639125,0.396
7.6682730260000005,0.396
7.670232897000001,0.0
7.672093232000001,0.0
7.674071181,-0.6940000000000001
7.675757159000001,-0.6940000000000001
7.678180565000001,0.41500000000000004
7.680956374000001,-0.5
7.682360151,-0.5
7.684429775000001,-0.024
7.685822010000001,-0.024
7.687731647000001,-0.20700000000000002
7.6911855430000005,0.561
7.6920623820000005,0.561
7.695783481,0.275
7.696410286000001,0.393
7.699591312000001,0.394
7.703126014,-0.019
7.70317288,-0.245
7.705480302000001,0.271
7.706545188000001,0.271
7.708198749,0.307
7.710236045,-0.092
7.711858278,0.504
7.714005372000001,-0.001
7.715708947,-0.425
7.7176558260000006,0.276
7.720203671,0.516
7.721997247000001,-0.3
7.724233666000001,-0.3
7.726180028000001,0.009000000000000001
7.727837685000001,0.009000000000000001
7.845049759,-0.002
7.846594725,0.485
7.8466112500000005,0.485
7.846630861,0.326
7.846648523000001,-0.276
7.847994118000001,0.512
7.848009757000001,0.042
7.84802358,-0.352
7.848034346,0.342
7.850752732,0.003
7.850768352,0.003
7.8519611110000005,-0.39
7.851976696,0.357
7.851986340000001,0.008
7.8519955150000005,-0.537
7.8531180570000005,0.301
7.853134189,0.508
7.853148432,-0.316
7.8549356900000005,-0.091
7.854953803000001,0.597
7.854963899,0.17200000000000001
7.854973878000001,-0.068
7.854982122000001,0.354
7.856940357000001,0.34500000000000003
7.856957652,-0.405
7.856969382000001,-0.259
7.856993881,0.614
7.857040185000001,-0.011
7.858795756,-0.28700000000000003
7.8588594910000005,0.641
7.8588864350000005,0.331
7.858912021,-0.394
7.8589328400000005,-0.318
7.858947552,0.507
7.8613520160000006,0.077
7.862909243000001,-0.017
7.862923604000001,-0.017
7.862933979,-0.017
7.862946963000001,-0.389
7.863327630000001,-0.389
7.864769371,-0.389
7.866006103,0.499
7.866020546000001,0.499
7.866031047000001,0.499
7.866039501,0.499
7.867150443000001,0.151
7.867178354000001,0.151
7.867193478000001,0.151
7.868276484000001,-0.319
7.868293142000001,-0.319
7.868304886000001,-0.319
7.868891158,-0.319
7.8689055230000005,0.599
7.869656627,0.599
7.869672732000001,0.599
7.870310684000001,-0.272
7.871850877000001,-0.272
7.872231069000001,-0.272
7.872249637,0.343
7.875925445000001,0.343
7.876654982000001,0.343
7.876675877,0.281
7.8776479550000005,0.281
7.878414298000001,0.281
7.879895436000001,-0.35000000000000003
7.879929053000001,-0.35000000000000003
7.879958889,-0.35000000000000003
7.879982099,-0.35000000000000003
7.880436990000001,-0.135
7.880943295000001,-0.135
7.880953341000001,-0.135
7.881704271,0.5630000000000001
7.883074973,0.5630000000000001
7.883505627000001,0.5630000000000001
7.883532137,-0.535
7.884687042,-0.535
7.8850603050000005,-0.535
7.885500285000001,-0.158
7.886433251000001,-0.158
7.8884449210000005,0.5690000000000001
7.890169474,0.5690000000000001
7.891652738,-0.622
7.893989840000001,0.553
7.895791788,0.185
7.897620099,-0.384
7.8998988290000005,0.157
7.905142894000001,0.40800000000000003
7.905372634000001,-0.114
7.906085976000001,-0.114
7.907773738,-0.20500000000000002
7.910292471000001,0.387
7.912441554000001,-0.186
7.913740000000001,-0.186
7.915611623,0.548
7.918029580000001,-0.41500000000000004
7.921741037,-0.125
7.925213151,0.47600000000000003
7.9255679400000005,0.519
7.926174267,0.519
7.928079701000001,-0.293
8.045546683000001,0.47600000000000003
8.045561313,-0.049
8.045576294,-0.049
8.047698046,0.421
8.047716771000001,0.466
8.047726164,-0.244
8.047735465,0.342
8.047744751,0.5
8.047756099,0.07200000000000001
8.052607294000001,-0.296
8.052622158,0.423
8.052632888,0.525
8.052643118,-0.404
8.05265311,0.507
8.052671777,0.5700000000000001
8.052679987000001,0.267
8.053238374000001,-0.32
8.053258119,0.313
8.054469764,0.299
8.054497893,-0.489
8.054521525,-0.289
8.054974757,0.555
8.055700782,0.307
8.057222451000001,-0.35100000000000003
8.058335816000001,0.234
8.058402383,0.254
8.05842135,-0.34
8.059416439000001,-0.293
8.059457369,0.597
8.059492399,0.113
8.061591448,-0.34900000000000003
8.061619663,0.063
8.061635047000001,0.651
8.061649892,-0.659
8.061664674000001,-0.202
8.063650948000001,0.603
8.063676226,0.603
8.063690994,0.603
8.063705722,0.46900000000000003
8.06371988,0.46900000000000003
8.063734222,0.46900000000000003
8.063753794,-0.441
8.064631269000001,-0.441
8.064659308000001,-0.441
8.064679008,-0.441
8.064691125000001,-0.069
8.066678246,-0.069
8.066692190000001,0.41000000000000003
8.066705101,0.41000000000000003
8.067162533000001,0.41000000000000003
8.068192503,-0.56
8.068247957,-0.56
8.068949024,-0.56
8.068960769,-0.56
8.123347506,0.298
8.123391958000001,0.298
8.123430487,0.298
8.123454595,0.306
8.123477314,0.306
8.123498906,0.306
8.123528610000001,0.306
8.124449015,-0.48
8.124480392,-0.48
8.124502491000001,0.425
8.125303868000001,0.425
8.125321736,0.425
8.127102569,0.045
8.127118236000001,0.045
8.127128876,0.045
8.127137274,0.045
8.127145626,-0.376
8.127153833000001,-0.376
8.128745352000001,-0.376
8.128767683000001,-0.376
8.128777612,0.164
8.128786675,0.164
8.129832364,0.164
8.129846626,0.164
8.129856831,0.366
8.129866462,-0.27
8.1314715,0.373
8.131489168,0.5
8.131501199,-0.28
8.131518311,-0.045
8.131527419000001,0.528
8.133780555000001,0.311
8.133796159000001,-0.343
8.133807244,0.138
8.133817939,0.371
8.133828192000001,-0.28700000000000003
8.133840787,-0.211
8.136095238000001,0.404
8.136113735,0.114
8.136124865000001,0.114
8.136135942000001,0.114
8.137982222,0.003
8.138001458,0.003
8.138014553,0.003
8.138025525,0.611
8.138039216000001,0.611
8.138049344,0.611
8.139079356,0.611
8.139102629,-0.056
8.139126051,-0.056
8.140389136000001,-0.056
8.141356052,0.031
8.142880026,0.031
8.146901527,0.181
8.146965807,0.181
8.187560102,0.372
8.187597019,0.372
8.187610135,-0.463
8.187622747,0.535
8.187635238,0.371
8.187649875,-0.354
8.188300679000001,0.064
8.188318605000001,0.442
8.188329196,-0.217
8.18963338,-0.154
8.189651586,0.40700000000000003
8.190933272,0.295
8.190949395,-0.384
8.190961267,-0.024
8.190972733,0.515
8.191765313000001,0.032
8.191780233000001,-0.255
8.192890844,0.461
8.192921697000001,0.329
8.19294597,-0.365
8.193913011000001,0.343
8.193938594,0.524
8.193961565,0.524
8.195401097000001,-0.203
8.196544974,-0.203
8.197964303000001,0.499
8.202192775,0.499
8.202768471,-0.544
8.2039668,-0.544
8.205863645,0.113
8.208354104,-0.34400000000000003
8.210107739,-0.34400000000000003
8.231322076,0.40800000000000003
8.23136143,-0.364
8.231385974,-0.035
8.233515208,0.522
8.233546779000001,-0.042
8.233571682000001,-0.28
8.233595487,0.51
8.233621340000001,0.391
8.233650817000001,0.391
8.235062781,-0.41300000000000003
8.235091558,0.516
8.236156914,-0.146
8.301840562,-0.359
8.301872466,0.317
8.301885186,0.381
8.304131713,-0.321
8.304148978,-0.179
8.304164188,0.44
8.304175124,-0.063
8.304185833,-0.395
8.3041965,0.459
8.308299359000001,-0.015
8.308323686000001,-0.246
8.308343182,-0.08600000000000001
8.308374745,0.5760000000000001
8.308410266000001,0.155
8.308960003000001,-0.132
8.309050982,0.438
8.310281657,0.41600000000000004
8.310309769,-0.192
8.310333548000001,0.128
8.311866821,0.368
8.311973351,0.08600000000000001
8.311993856,-0.128
8.312005971000001,0.312
8.312018279,0.392
8.313800928000001,-0.501
8.313831921,-0.07100000000000001
8.313855933000001,0.34700000000000003
8.313879419000001,0.035
8.313899305000001,-0.495
8.315406092,0.64
8.315438461000001,0.47500000000000003
8.315463784,-0.392
8.315488172,-0.121
8.315512124000001,0.38
8.317121532,0.001
8.317151726,-0.228
8.317174697,-0.228
8.317196936,-0.228
8.317215027000001,-0.28700000000000003
8.318488422,-0.28700000000000003
8.319087457,0.258
8.319115369,-0.197
8.320190949,-0.445
8.322533588,0.319
8.324257410000001,0.057
8.325837209000001,0.057
8.329362453,-0.5630000000000001
8.330299256,-0.5630000000000001
8.331817505,0.366
8.334259942000001,-0.47000000000000003
8.336250128,0.41200000000000003
8.360032821,0.461
8.360075321,0.004
8.360120886,0.004
8.360192121,0.705
8.361894871,0.137
8.361924169,-0.191
8.361961192,0.219
8.36200799,0.185
8.362038976000001,-0.464
8.362068990000001,0.297
8.363331552,0.512
8.36396112,0.233
8.364643867,-0.362
8.370972639,0.223
8.371549609,0.458
8.371606622,-0.037
8.372279999,-0.037
8.375605420000001,0.505
8.375961398000001,0.505
8.377660709,0.261
8.378299787000001,0.261
8.381823287000001,0.321
8.382746659,-0.157
8.383915865,-0.157
8.430608239,0.23600000000000002
8.430647258,0.23600000000000002
8.430678691,0.169
8.430703832,0.113
8.432746447000001,0.381
8.432795225000001,-0.191
8.432822626,-0.259
8.432848903,0.532
8.432875216000001,0.252
8.432901237000001,-0.373
8.434380539000001,0.11
8.435759461,0.417
8.436031407,-0.46
8.436062695,-0.299
8.437396920000001,0.362
8.437430367000001,-0.096
8.438993731,-0.577
8.439031165000001,0.057
8.43906314,0.486
8.439095297,-0.28700000000000003
8.439145176,-0.046
8.439948237000001,0.456
8.440000476,0.261
8.440042518,-0.14400000000000002
8.442178859,0.058
8.442230861,0.19
8.442254522,0.19
8.442276711,-0.41100000000000003
8.442692133000001,-0.41100000000000003
8.467928545000001,0.467
8.46794422,-0.387
8.467959026,0.551
8.467969514,-0.037
8.470235030000001,-0.274
8.470251512,-0.146
8.470268087000001,0.435
8.47034281,0.398
8.470354569000001,-0.08600000000000001
8.47036613,0.635
8.473295332000001,0.491
8.473316938,0.068
8.47332832,0.123
8.473338812,0.537
8.476972566,0.42
8.477709481,-0.372
8.477726743,-0.372
8.47880171,0.266
8.481013539000001,0.266
8.483769629000001,-0.126
8.484631593000001,-0.126
8.486115001,0.426
8.488092174,0.426
8.490109868000001,-0.47000000000000003
8.541918049000001,0.47100000000000003
8.541947677000001,-0.059000000000000004
8.541960083000001,-0.059000000000000004
8.541971877,-0.309
8.54198332,0.438
8.542006618,-0.355
8.542019826,-0.23500000000000001
8.54398666,0.539
8.544001249,-0.484
8.544010968,-0.293
8.546297957,0.402
8.546319394000001,0.405
8.546333273,-0.454
8.546346212000001,-0.1
8.546358693,0.322
8.546399714,0.002
8.548766818,-0.418
8.548786614,0.561
8.548799613,0.232
8.548814171,-0.367
8.548824556000001,-0.152
8.548834874,0.463
8.548844183,0.044
8.550545146000001,-0.054
8.550570455,0.40700000000000003
8.550582292000001,0.465
8.550593806,-0.366
8.550605257,0.045
8.550911818000001,0.045
8.551725527,0.49
8.553785595,0.49
8.555343623,0.23800000000000002
8.556554158,0.23800000000000002
8.55808567,0.196
8.560249788,0.253
8.563399819,0.253
8.564372361,0.437
8.600622671,0.437
8.600642141,0.091
8.600657979000001,0.47900000000000004
8.600670325000001,0.47900000000000004
8.600682472,-0.376
8.60069436,0.422
8.601902885000001,-0.364
8.601920587,0.05
8.601932285,0.198
8.601966641,0.363
8.602552764,-0.458
8.604105731,-0.126
8.604122603,0.598
8.604134969,0.455
8.604149712,-0.316
8.604159243,0.198
8.605561407,0.446
8.605577803000001,-0.513
8.605588964,-0.202
8.607908182000001,0.588
8.608832328,0.588
8.609356731,0.0
8.611623717,0.28200000000000003
8.612654263000001,0.28200000000000003
8.614303037,0.417
8.617024854,-0.082
8.617953076000001,-0.082
8.620308843,0.315
8.622570946,-0.036000000000000004
8.746290131,0.491
8.746313169,0.491
8.746326558,0.124
8.746338964000001,0.124
8.746350566,-0.066
8.746361959,-0.066
8.748602805,0.048
8.748623198,0.28300000000000003
8.748635894000001,0.531
8.748648422,-0.20800000000000002
8.748660231,-0.218
8.748674561000001,0.561
8.748686381,-0.012
8.750421937,-0.483
8.750441406,0.165
8.750454703,0.363
8.75286398,-0.457
8.752900219,-0.058
8.752914285000001,0.489
8.752926308000001,-0.038
8.752938382,-0.34400000000000003
8.752950237,0.465
8.752960552000001,0.391
8.754988845,-0.421
8.755005757000001,0.41500000000000004
8.755019243000001,0.533
8.755038627000001,0.189
8.755051714,-0.091
8.755064840000001,0.34600000000000003
8.755898585,0.34700000000000003
8.756553112,-0.295
8.757947996,-0.28600000000000003
8.757968275000001,0.546
8.75798091,0.025
8.758231480000001,-0.281
8.758267178,0.187
8.760803852,0.187
8.760825372000001,0.221
8.760840869,0.221
8.760856875,0.221
8.762545153000001,0.221
8.762565157000001,0.519
8.762579006000001,0.519
8.762592791000001,0.519
8.762606661000001,0.487
8.7639417,0.487
8.763963362,0.487
8.763975981,0.487
8.763986520000001,-0.022
8.764689353000001,-0.022
8.764705107000001,-0.022
8.765445587,-0.022
8.76546529,-0.124
8.765476873,-0.124
8.765968355,-0.124
8.765982987000001,-0.124
8.885739036,0.309
8.885753191000001,0.309
8.885762456,0.309
8.888058181,0.309
8.888072565,-0.42
8.888082922,-0.42
8.88809269,-0.42
8.888100785,-0.42
8.888109054000001,0.353
8.888118646,0.353
8.888131482,0.353
8.888139979,0.353
8.888447253,0.615
8.889638218,0.615
8.8896519,0.615
8.889661544,0.615
8.891508199,-0.14100000000000001
8.891525346,-0.14100000000000001
8.891537461,-0.14100000000000001
8.89154757,-0.14100000000000001
8.891557423,-0.224
8.891569571,-0.224
8.893845865000001,0.596
8.893860916000001,-0.486
8.893870777,-0.02
8.893880404,0.534
8.89388959,0.209
8.893899135,-0.28300000000000003
8.894889394,0.313
8.894905246,0.316
8.894914246,-0.279
8.898877549,0.5650000000000001
8.898896401,0.293
8.898911660000001,-0.419
8.898923766000001,0.178
8.898935622,0.5740000000000001
8.898948663,-0.196
8.898958985,-0.179
8.898976081,0.548
8.898985968,0.442
8.899004404000001,0.442
8.901809798,0.442
8.901844733,0.442
8.901856389,0.024
8.901865970000001,0.024
8.908954587,0.024
8.908967419000001,0.024
8.910293976,0.022
8.910308281,0.022
8.910318794,0.504
8.910629541,0.504
8.911792397000001,0.504
8.911816025,-0.044
8.912391086000001,-0.044
8.912413676,-0.044
8.913663752,-0.10200000000000001
8.91368137,-0.10200000000000001
8.914768284,-0.10200000000000001
8.914793127000001,0.617
8.914827189,0.617
8.914870572,0.617
8.918684983,-0.158
8.918710274,-0.158
8.918725967,-0.158
8.918739083,-0.158
8.918751867000001,-0.111
8.918764424,-0.111
8.918776817000001,-0.111
8.918790669,-0.111
8.919057155,0.534
8.919078289,0.534
8.919093662,0.534
8.919104862000001,0.534
8.919128189,-0.169
8.919138902,-0.169
8.920062043,-0.169
8.923415345,-0.246
8.924436765000001,-0.246
8.924457129,-0.246
8.924470772000001,0.584
8.924483535,0.584
8.925384107000001,0.584
8.925408801,-0.248
8.926245249,-0.248
8.926258805,-0.248
8.926996681,-0.136
8.928003572,-0.136
8.928017048000001,-0.136
8.928853346,0.459
8.929644042000001,0.459
8.930008394,0.459
8.931564429,0.459
8.931585059000001,-0.315
8.931598956,-0.315
8.932790324,-0.315
8.933504827,-0.151
8.934713886,-0.151
8.935339761,0.611
8.936895124000001,0.611
8.939402620000001,-0.215
8.940878649,-0.215
8.941550929,0.536
8.943160968,0.536
8.945368206000001,0.305
8.946236578,0.305
8.948977258000001,-0.158
8.950370256000001,-0.158
8.952795795,-0.335
9.074225983,-0.335
9.074241645,0.336
9.074252253000001,-0.558
9.074262354,-0.095
9.074272052000001,0.352
9.074282093,0.016
9.075509747,-0.332
9.075525492,0.88
9.075536118,0.711
9.075545026,0.045
9.076808437,0.327
9.076824684,0.5670000000000001
9.076835903000001,0.197
9.077943392,-0.387
9.077959174,0.15
9.077970089,0.456
9.078443201,-0.258
9.078486665,-0.127
9.079635287,0.606
9.079680692,0.321
9.079694305,-0.201
9.080787572,0.257
9.080803730000001,0.5
9.080817555000001,-0.203
9.083235213,-0.26
9.083249427,0.495
9.083259344,0.229
9.083269071,-0.432
9.083278655,0.002
9.083288176,0.47800000000000004
9.083296512,-0.537
9.084366489,-0.17200000000000001
9.084382807,0.404
9.085766619000001,0.259
9.085804545,-0.38
9.085815281,0.068
9.085824167,0.068
9.08743388,0.068
9.087451387,0.418
9.087463586,0.418
9.087475504,0.418
9.087490644,0.031
9.089279042000001,0.031
9.08929675,0.031
9.089308433000001,-0.38
9.089320346000001,-0.38
9.089330668,-0.38
9.089883123,0.365
9.089895999000001,0.365
9.090573482,0.365
9.092746417,0.332
9.094028638000001,0.332
9.094042025,0.332
9.096026108,-0.386
9.096042421,-0.386
9.096932812,0.502
9.097743112,0.502
9.098280683,0.502
9.099811648000001,0.044
9.100450837,0.044
9.101691977,0.044
9.10256187,-0.115
9.102576200000001,-0.115
9.103678586000001,-0.115
9.103941849,-0.115
9.104933632,0.433
9.105744403000001,0.433
9.106610797,0.433
9.107174901,-0.367
9.108291374,-0.367
9.108586389000001,-0.367
9.108954555,0.793
9.109563232000001,0.793
9.110713766,0.793
9.111213289,0.227
9.112360714000001,0.227
9.112597397,0.227
9.113147276000001,-0.449
9.113813506000001,-0.449
9.114763337000001,-0.449
9.114786138000001,-0.449
9.117506367,-0.018000000000000002
9.118091426000001,0.28500000000000003
9.121434478000001,-0.482
9.122152304,0.083
9.125680712000001,0.486
9.126245862000001,0.486
9.1290309,-0.35000000000000003
9.130063423000001,-0.35000000000000003
9.132034786,0.462
9.133732216,0.462
9.13652076,-0.23500000000000001
9.137691996000001,-0.23500000000000001
9.14081486,0.267
9.143263232,-0.296
9.144719783000001,-0.296
9.147331037,0.516
9.148397268,0.516
9.151346423000001,-0.37
9.152428206,0.384
9.155370125000001,-0.382
9.156775597000001,-0.292
9.275798173,0.453
9.275828369000001,0.41400000000000003
9.275851849,-0.391
9.278172215000001,-0.001
9.278218896,0.403
9.278252421000001,-0.097
9.278289747,-0.106
9.278323909000001,0.47800000000000004
9.278361274,0.0
9.283657067,-0.334
9.283700660000001,-0.151
9.283730339,0.43
9.283760577,0.09
9.283788573,0.085
9.283809231000001,0.312
9.284901527,0.23900000000000002
9.286564830000001,-0.294
9.286598960000001,-0.136
9.286622247,0.596
9.286648029,0.096
9.286678896,-0.298
9.288342503,0.198
9.288385908,-0.074
9.288429075,-0.507
9.288447425000001,-0.047
9.288460332000001,0.604
9.289383841000001,0.14300000000000002
9.290775427,-0.061
9.290788912,0.611
9.290798699,0.327
9.291951905000001,-0.267
9.291979662000001,-0.124
9.292002479,0.5680000000000001
9.292020863000001,0.321
9.296987617000001,-0.28400000000000003
9.29701355,0.145
9.2980847,0.145
9.298112409,0.145
9.298135955000001,-0.359
9.298945135,-0.359
9.299648022000001,-0.359
9.299688127000001,-0.359
9.300239738,0.404
9.300262292000001,0.404
9.301837037,0.404
9.301865947000001,-0.10300000000000001
9.301889579000001,-0.10300000000000001
9.301908167,-0.10300000000000001
9.303477827,-0.273
9.30351748,-0.273
9.303541615,-0.273
9.303567318,-0.273
9.304991251,0.422
9.305032344,0.422
9.305055005,0.422
9.305081111,0.422
9.305104662,-0.481
9.306187042000001,-0.481
9.30621951,-0.481
9.306244802,-0.481
9.30797551,-0.128
9.308006225,-0.128
9.308025005000001,-0.128
9.308593544,0.47500000000000003
9.308630227,0.47500000000000003
9.308936359,0.47500000000000003
9.312893092000001,0.47500000000000003
9.312917095000001,-0.154
9.312936426,-0.154
9.312955423,-0.154
9.314198032,-0.154
9.314230976000001,-0.187
9.314253106,-0.187
9.314275045,-0.187
9.315712936,-0.187
9.315744024,0.722
9.315766031,0.722
9.316210092,0.722
9.318183803,0.135
9.318210792,0.135
9.318629187,-0.096
9.320151299,-0.096
9.322462153,0.53
9.325521389,-0.528
9.32671926,-0.528
9.327887609000001,0.304
9.329771565,0.304
9.331822889000001,-0.31
9.333850837,0.5730000000000001
9.336063433000001,0.197
9.338879507000001,0.197
9.340259884,-0.489
9.343008965000001,0.533
9.345375079,-0.062
9.346910543,-0.062
9.347825732,-0.20700000000000002
9.350528522000001,-0.20700000000000002
9.352113977,0.342
9.354058923,0.342
9.356713606000001,0.131
9.358734249000001,0.131
9.360861208000001,-0.291
9.362050023,0.483
9.483052742,0.483
9.483069703,-0.056
9.483081402,0.032
9.483094923000001,0.032
9.483105667,0.367
9.483116325000001,-0.366
9.484069934,0.5760000000000001
9.484086205,0.07
9.484096645000001,-0.298
9.485540778,0.093
9.485556159,0.353
9.486689615000001,0.016
9.486706389,0.10200000000000001
9.486718496,0.452
9.4872618,0.304
9.487276452000001,-0.265
9.489035787,-0.114
9.489051177,0.53
9.489061366000001,-0.068
9.489071617,-0.324
9.489965250000001,0.35100000000000003
9.489980937,0.394
9.489991755,-0.419
9.492072845000001,0.112
9.492091999000001,0.598
9.492105061,-0.022
9.492117907,-0.308
9.492131281,0.518
9.492365606,0.35000000000000003
9.49391224,-0.307
9.49392662,0.011
9.494127179000001,0.58
9.49414142,-0.091
9.498833124,-0.23
9.498858299,0.432
9.498872924,0.432
9.498886733,0.432
9.498900382,-0.331
9.498914595,-0.331
9.498930545,-0.331
9.499861865,-0.331
9.499884645,-0.121
9.499897335,-0.121
9.502258201,-0.121
9.505709458,-0.121
9.505722605,0.65
9.506973432,0.65
9.506987742,-0.447
9.506998202,-0.447
9.507990591,-0.447
9.509042287,0.298
9.510006054,0.298
9.510761780000001,0.298
9.510778871000001,0.47000000000000003
9.512091681000001,0.47000000000000003
9.512109525000001,0.47000000000000003
9.512118967000001,-0.454
9.512127879000001,-0.454
9.512136763,-0.454
9.512724058,0.444
9.512744322000001,0.444
9.514287144,0.444
9.514301586,0.067
9.516247539,0.067
9.51626315,0.067
9.516861139000001,-0.403
9.517304661,-0.403
9.518248709,-0.403
9.518308168,0.559
9.518823691000001,0.559
9.518868151000001,0.559
9.519789011,0.559
9.521636611,0.605
9.521660625,0.605
9.521672418000001,0.605
9.522707424,0.605
9.523298558,-0.166
9.523943702,-0.166
9.523974670000001,-0.166
9.524643396,0.804
9.524666345,0.804
9.528716869,0.302
9.52872696,0.302
9.531989833,0.201
9.532591352,0.201
9.535977979,0.504
9.536895536000001,-0.05
9.537951746000001,-0.05
9.540082881,0.579
9.542367317,-0.217
9.544529386,-0.217
9.545832809,0.55
9.548656155,0.55
9.5506715,-0.455
9.551763179,-0.455
9.553712209,0.362
9.555755560000001,-0.403
9.557734337000001,0.383
9.560952516,0.443
9.563453018,-0.512
9.564210899,-0.512
9.688139060000001,0.003
9.688157141000001,0.003
9.688169483000001,-0.051000000000000004
9.688180956,0.306
9.688192296,0.507
9.688203924,-0.507
9.688213909,-0.16
9.689380702000001,0.431
9.689406857,-0.059000000000000004
9.689422921,-0.664
9.691122374,0.503
9.691137317,0.158
9.691147235,-0.606
9.691156918,0.39
9.691166559000001,0.245
9.691927599000001,0.012
9.691941339000001,-0.629
9.692993776,0.062
9.693008181,0.5700000000000001
9.693018167,-0.04
9.694799909,0.375
9.694820108,0.617
9.694853411,0.249
9.694865228000001,-0.28200000000000003
9.694875246,0.35000000000000003
9.696440024000001,0.209
9.696456741,-0.429
9.696466508,0.491
9.696476137000001,0.451
9.698314398,0.309
9.698346546,-0.226
9.698363341,0.185
9.69841997,0.53
9.698461981000001,-0.281
9.700420296,0.41500000000000004
9.700440779000001,0.547
9.700454226,0.547
9.700466904,0.547
9.700477620000001,-0.07200000000000001
9.700490582,-0.07200000000000001
9.701880476000001,-0.07200000000000001
9.701899339,-0.311
9.701909081,-0.311
9.701918719,-0.311
9.701927042000001,0.44
9.703080563,0.44
9.703099544,0.44
9.703112698,0.182
9.703498585,0.182
9.70351634,0.182
9.706617241,0.182
9.707357053,-0.388
9.710008084,-0.388
9.710022513,0.462
9.710366158000001,0.462
9.71105348,0.196
9.711067259,0.196
9.712064189000001,0.196
9.712971224,-0.01
9.713932022,-0.01
9.715094906000001,-0.01
9.715113454,0.56
9.715340739,0.56
9.715353933000001,0.56
9.716247111000001,0.052000000000000005
9.716961819,0.052000000000000005
9.717571669,0.052000000000000005
9.719696579,-0.125
9.72056893,-0.125
9.721667672,-0.125
9.721726278,0.602
9.722043647000001,0.602
9.722591871,0.602
9.722948917,0.602
9.723413063,0.068
9.724009513,0.068
9.724822868,0.068
9.725459526,0.068
9.72624347,0.197
9.72716662,0.197
9.727218693000001,0.197
9.728457364,0.489
9.730320869,0.489
9.73234901,-0.165
9.733866981,-0.165
9.735694883,0.439
9.740248900000001,-0.132
9.740542333,-0.132
9.743154428,0.752
9.744095635,0.154
9.747070729,0.154
9.747780692000001,-0.352
9.749793802000001,0.47100000000000003
9.751896966,0.47100000000000003
9.755235945,-0.304
9.755999223,0.5710000000000001
9.757875549000001,0.167
9.760313766000001,-0.34900000000000003
9.762956238000001,0.28800000000000003
9.764591396,0.581
9.765933574,0.581
9.768071706,-0.508
9.770138915,-0.508
9.853944939,0.528
9.853964313,-0.41500000000000004
9.853977169,0.3
9.853988958,0.34800000000000003
9.854004323,-0.27
9.854015308000001,-0.326
9.855519637,0.39
9.855534357,0.028
9.855544174,-0.081
9.855553737000001,0.19
9.857285097,0.079
9.857304312,-0.5660000000000001
9.857316677,-0.276
9.857330321000001,0.299
9.857340028000001,-0.217
9.857765859,-0.20500000000000002
9.859193718,0.34500000000000003
9.859217962,0.307
9.859241356,-0.357
9.859266416,-0.116
9.86090706,0.546
9.860922271,0.41200000000000003
9.860933284000001,-0.05
9.86094381,0.47300000000000003
9.863263704000001,0.6
9.863279017,-0.202
9.863289114,-0.176
9.863299683000001,0.493
9.863309085000001,-0.013000000000000001
9.863318568,-0.47400000000000003
9.863326674000001,0.29
9.865498236,0.705
9.865509441,-0.073
9.865520441000001,-0.166
9.865532964,0.608
9.865543993000001,0.321
9.865553656000001,0.321
9.865564672000001,0.321
9.867292455000001,0.448
9.867364797,0.448
9.867422297000001,0.448
9.867433008,0.059000000000000004
9.86744376,0.059000000000000004
9.868458789,0.059000000000000004
9.868517884000001,-0.28200000000000003
9.868537304,-0.28200000000000003
9.870898575,-0.28200000000000003
9.870973732000001,-0.28200000000000003
9.870996415,0.504
9.871705247000001,0.504
9.872555954000001,-0.227
9.874080514000001,-0.227
9.898099496,0.362
9.898129886000001,-0.154
9.900224522,-0.154
9.900244496000001,-0.267
9.900261644,0.28200000000000003
9.900273812,0.28200000000000003
9.900297328,-0.277
9.90033418,0.334
9.900344114000001,-0.14400000000000002
9.900422714000001,-0.357
9.90144192,0.293
9.902195811,0.168
9.902250142,-0.5650000000000001
9.904409866,0.065
9.907755079000001,0.183
9.908067597,-0.47300000000000003
9.90875887,-0.329
9.910026511,-0.329
9.912212176,0.395
9.913959542,0.395
9.917298099,-0.435
9.918847398,0.466
9.921038134,0.039
9.924414111,0.334
9.925421718,0.334
9.939062377,0.56
9.939099140000001,0.56
9.939140886,-0.528
9.939536630000001,0.496
9.939565453,-0.315
9.94251785,-0.343
9.942553033000001,0.446
9.942575557000001,0.453
9.943244352,-0.303
9.944244109000001,-0.303
9.946890096,0.468
9.948589219,0.468
9.951079506000001,-0.14
9.952015521,0.47400000000000003
9.954193409,0.47400000000000003
9.956190373,0.261
9.958077374,-0.052000000000000005
9.961593378,0.34800000000000003
9.963627949000001,-0.452
9.964385334000001,-0.452
9.966460601000001,-0.214
9.96880262,0.289
9.970499991,0.289
9.972121562,-0.396
9.973861866,0.579
9.976901669,-0.05
10.045477119000001,-0.304
10.045496792,0.385
10.045531107,0.39
10.045550362,-0.301
10.045565103000001,-0.11900000000000001
10.045579195,0.43
10.047059914,-0.054
10.047075790000001,-0.212
10.047087193000001,0.433
10.047096276000001,0.168
10.048912657,-0.559
10.048928868,0.023
10.048939974000001,0.11800000000000001
10.048950759,-0.52
10.049354749,-0.061
10.04937615,0.446
10.051010285,0.186
10.052285422,-0.58
10.052303878,0.07
10.052321446,0.533
10.052332957,-0.096
10.053448097,-0.326
10.053467531,0.498
10.053481923000001,0.40700000000000003
10.055777018,-0.257
10.055795968,0.616
10.055813351000001,0.491
10.055827407,0.001
10.055837877,-0.364
10.055855582000001,0.442
10.057446104,0.378
10.057474410000001,-0.438
10.057490071,0.001
10.058606665000001,0.41600000000000004
10.058650429,-0.07
10.058668823000001,-0.271
10.060414385000001,0.488
10.06043371,0.488
10.060449063,0.28300000000000003
10.060463884,0.28300000000000003
10.060478153,0.487
10.061643125,0.487
10.064707985,-0.159
10.065250934,0.424
10.066413717000001,0.424
10.068536684000001,0.357
10.070274749000001,0.357
10.073744580000001,0.148
10.07561034,-0.018000000000000002
10.077627473000002,-0.301
10.078775105,0.429
10.07994908,0.36
10.110245498000001,-0.613
10.110284767000001,0.426
10.110308715,0.315
10.112492818,-0.675
10.112523248,-0.425
10.112553466000001,0.08600000000000001
10.112580593,-0.18
10.112610999000001,-0.616
10.112638776,0.427
10.112876356000001,0.421
10.115742099,-0.34600000000000003
10.115772367,-0.49
10.115802157000001,0.371
10.115823565000001,0.31
10.116357266000001,-0.364
10.116387099,0.09
10.117097665000001,0.463
10.117124943,0.463
10.118411526000001,-0.242
10.121403279,-0.242
10.122478222,0.5670000000000001
10.124768464,0.5670000000000001
10.126561907000001,-0.372
10.128385562,-0.372
10.129934411,0.297
10.131810058000001,0.297
10.134703111,-0.247
10.135758975,0.36
10.137785298,-0.386
10.141948892,0.134
10.144304419000001,0.644
10.144707473,0.008
10.145911089,0.008
10.148481721000001,-0.258
10.14989967,-0.258
10.153181518,0.291
10.154143063000001,-0.013000000000000001
10.157733596,0.55
10.158347949000001,-0.115
10.159696608,-0.27
10.162980735000001,0.427
10.163776746,0.493
10.165781857,0.493
10.167736818,-0.505
10.170341084,-0.505
10.171670411000001,0.498
10.173651775000002,-0.299
10.176146192000001,0.373
10.178316892,0.32
10.181400723000001,-0.431
10.212058330000001,0.036000000000000004
10.212094496,0.486
10.212120891000001,0.023
10.212146149,-0.23600000000000002
10.212180332,0.374
10.212211317000001,0.467
10.213143405,-0.441
10.213185959,-0.081
10.213217171,0.579
10.213249933,0.24
10.215666030000001,-0.063
10.215725990000001,0.382
10.215753614,0.362
10.215781039000001,-0.47700000000000004
10.215804901,-0.091
10.216157791,0.421
10.217212700000001,-0.20700000000000002
10.217260085000001,0.075
10.218341397000001,0.075
10.221957616000001,0.365
10.222785293000001,0.365
10.225132319,-0.513
10.226243315000001,-0.513
10.228361998,0.447
10.230100248000001,0.447
10.232102617,0.007
10.233944984,0.007
10.266797717000001,0.511
10.266826080000001,0.452
10.266856849,0.6880000000000001
10.266869561,0.076
10.266887055,-0.383
10.266937686,0.281
10.266948658,0.182
10.266962419,-0.249
10.268175823,-0.134
10.268231865,0.597
10.268241753,0.053
10.268253349,-0.357
10.269206221000001,0.163
10.269274742,0.498
10.269304456,-0.358
10.269983179,-0.228
10.270583865,0.455
10.271084803,0.455
10.272516781,-0.08
10.274072392,-0.08
10.275890217,0.4
10.278291653,-0.375
10.281159997000001,0.097
10.282365027,0.489
10.284150163000001,0.489
10.288155429000001,0.146
10.288650683,0.164
10.289961691,0.164
10.29220706,0.417
10.29408248,-0.244
10.296242625000001,0.495
10.298201142,0.152
10.304293857000001,-0.105
10.304971179,0.154
10.305000475,0.518
10.306038029,0.518
10.307929626,-0.335
10.309910812,-0.335
10.313074545000001,0.505
10.314295779,-0.41500000000000004
10.316710673000001,0.095
10.318038378,0.554
10.322487237,-0.217
10.323075003000001,-0.353
10.324328573,0.559
10.326380142000001,0.559
10.327845191,-0.137
10.330028559,-0.137
10.333238104000001,0.292
10.33519922,-0.579
10.337308851000001,-0.229
10.339072478,0.363
10.343735734000001,-0.053
10.343806520000001,-0.427
10.346720224,0.20700000000000002
10.346744021000001,0.20700000000000002
10.350523472,0.67
10.351075651,0.67
10.352017823,0.04
10.353905568,0.232
10.356355932000001,-0.458
10.358536482,0.08600000000000001
10.360743718,0.08600000000000001
10.363183229,0.496
10.364131148,0.496
10.369434708,-0.17
10.369688868,-0.17
10.372747330000001,0.367
10.372773623,0.367
10.375912679,0.242
10.376740084000001,0.242
10.377795385,-0.252
10.381689603,-0.252
10.382481420000001,0.422
10.38579086,0.422
10.417151657,-0.47600000000000003
10.417183664000001,-0.47600000000000003
10.417209304,0.181
10.417233947000001,-0.187
10.417258366,0.521
10.4172781,0.228
10.417298403,-0.426
10.417855133,-0.426
10.41788904,0.577
10.419634368,-0.10200000000000001
10.419663587,-0.193
10.419692673,0.556
10.420995144,0.422
10.421030908,-0.46
10.42105905,-0.092
10.421635647,0.533
10.421662205,-0.077
10.42302313,-0.354
10.423641432,-0.354
10.424252179,0.444
10.42676028,0.444
10.428079079000002,-0.585
10.430575016,-0.585
10.43340384,0.41100000000000003
10.434365942000001,-0.486
10.436143312,0.41300000000000003
10.439893757,0.129
10.469161665000001,0.129
10.469193954000001,-0.361
10.469221062,0.481
10.471095651,0.258
10.471127701,0.23900000000000002
10.471150202,0.23900000000000002
10.471178723000001,0.493
10.471200819,-0.276
10.471222547,-0.07
10.472639811,0.625
10.474032997,-0.045
10.474057407,-0.231
10.475361074,0.35000000000000003
10.475400871000002,0.485
10.475448737,-0.23700000000000002
10.476325252,0.6920000000000001
10.476889896000001,0.528
10.476946932,-0.04
10.477689329,-0.04
10.478975017,-0.397
10.481503047,-0.397
10.484147143000001,0.439
10.484854304,0.439
10.486033755000001,0.069
10.489055357,0.069
10.490190858,-0.048
10.491981492,0.268
10.493950741,0.494
10.496106557000001,-0.443
10.49937579,0.034
10.500027055,0.034
10.504271379,0.586
10.506076601,-0.362
10.506503567000001,-0.362
10.507943734000001,0.583
10.509902321,0.583
10.512046739,-0.448
10.513881016000001,0.679
10.515956406,-0.005
10.518903516,-0.512
10.520071772000001,-0.512
10.522282544000001,0.527
10.524042694,0.527
10.526010277000001,-0.322
10.528341320000001,-0.322
10.531907310000001,0.5730000000000001
10.533446303,-0.191
10.534162448,0.3
10.536257253,0.3
10.538069437,0.651
10.543963884,-0.19
10.544903038000001,0.37
10.544923623,0.133
10.547385777,0.133
10.548189089000001,-0.395
10.550623551000001,-0.395
10.552179833,0.322
10.553921413000001,0.195
10.556100755000001,0.388
10.558059807000001,0.388
10.561777434000001,-0.16
10.562753772,0.553
10.564023987,0.267
10.56608269,0.267
10.567766214,-0.388
10.570036999000001,0.445
10.572119141,0.038
10.573863488,0.038
10.575635954000001,-0.527
10.578025137000001,0.491
10.580968314000001,-0.146
10.582321916000001,-0.148
10.584377175,-0.148
10.587570509,0.421
10.588421910000001,0.421
10.5904805,-0.219
10.621622661,0.425
10.621650675000001,-0.35100000000000003
10.621681884000001,-0.105
10.621693508,0.512
10.621728873,-0.029
10.621765797,-0.41500000000000004
10.622750423000001,0.17
10.622786138,0.257
10.622804039,-0.602
10.622821529000001,-0.10200000000000001
10.626882933000001,0.612
10.626895427000001,0.23700000000000002
10.626906625,-0.325
10.626917724,0.8320000000000001
10.626929376000001,0.41100000000000003
10.627125541,-0.20600000000000002
10.627435927,0.056
10.627469741,0.417
10.628346488,0.387
10.635463053,-0.295
10.636307556,0.14400000000000002
10.636325721,0.114
10.636789199,0.114
10.637975272,-0.489
10.640935205,-0.489
10.642488360000002,0.393
10.644409936,0.393
10.675060499,-0.319
10.675081139000001,-0.319
10.675092084000001,0.353
10.675102579,-0.258
10.675112977000001,0.325
10.675126149,0.226
10.676268871000001,-0.488
10.676297329,0.123
10.676308534,0.483
10.676323579,-0.046
10.677050353,0.246
10.678228337,0.5680000000000001
10.678297404,0.273
10.678317638000001,-0.559
10.678330775000001,0.079
10.679054622,0.5720000000000001
10.680555797,-0.108
10.680943541000001,-0.28300000000000003
10.682206862000001,-0.28300000000000003
10.685948900000001,0.605
10.686382103000001,0.605
10.689924381,-0.229
10.690412918,-0.229
10.693572102000001,0.616
10.694201109000002,0.616
10.696137629,-0.316
10.697965396,0.47700000000000004
10.701196331,-0.251
10.701976859,0.47200000000000003
10.704670626,0.47200000000000003
10.706786568,0.735
10.707976126,0.735
10.709754062,0.243
10.713166333,0.382
10.714948801,-0.28400000000000003
10.717371389,0.389
10.718296119000001,0.389
10.720583212000001,0.448
10.722178340000001,-0.338
10.724202601,0.40800000000000003
10.726232892,0.40800000000000003
10.728079589,0.40700000000000003
10.730240627,-0.18
10.731723927,-0.18
10.734904101000001,0.327
10.736101265,-0.322
10.737753793000001,0.202
10.743179770000001,0.509
10.743210727000001,-0.538
10.744152551,-0.08700000000000001
10.745915416,-0.08700000000000001
10.747801734000001,0.559
10.750249796,-0.44
10.751787122000001,0.321
10.754127993,0.273
10.755818315,-0.49
10.760445749,-0.139
10.762123591,0.486
10.762669181000001,-0.059000000000000004
10.763886811,-0.434
10.767231752,-0.434
10.768320414000002,0.34500000000000003
10.770144801,0.34500000000000003
10.772109033000001,-0.332
10.775592704000001,0.5650000000000001
10.776233332,0.067
10.777789791,-0.267
10.780851881,0.28200000000000003
10.78323151,0.51
10.784226884,0.51
10.785748633,-0.41500000000000004
10.787666517,0.511
10.79002704,0.158
10.791722789000001,-0.154
10.794447003,0.65
10.796296454,0.41300000000000003
10.798212241,-0.443
10.800308413000002,0.462
10.804603184000001,0.6940000000000001
10.804951304000001,0.6940000000000001
10.806024347000001,0.226
10.807663891,0.226
10.809641082,0.21
10.812120486000001,-0.406
10.814239369000001,-0.316
10.816510332,0.544
10.818155986,0.23700000000000002
10.819665674000001,-0.388
10.822391230000001,0.483
10.823810085,0.5640000000000001
10.825870006,0.5640000000000001
10.827774627,-0.365
10.833823196,0.609
10.834211817,0.341
10.834626229000001,-0.326
10.836168747,0.044
10.837716111,0.5680000000000001
10.839891858000001,-0.181
10.842230258,-0.32
10.844137857000002,0.402
10.846047945,0.402
10.847727966,0.0
10.849671930000001,0.0
10.8516486,0.153
10.853643836,-0.334
10.855615043,-0.402
10.858637302,0.34700000000000003
10.860585041,0.34700000000000003
10.862241841000001,0.097
10.863770939,0.097
10.865788302,0.061
10.869489932,0.061
10.870442076000002,-0.114
10.871646160000001,0.47900000000000004
10.873861217,0.594
10.87626973,-0.315
10.877708523,-0.315
10.87991792,0.375
10.882711979000002,-0.162
10.883880375,-0.34800000000000003
10.885715346000001,-0.34800000000000003
10.887821677,0.5670000000000001
10.889685206000001,0.5670000000000001
10.891670170000001,-0.199
10.893880129000001,0.72
10.895663056,0.181
10.897702653000001,-0.131
10.900916496,0.464
10.902658119,0.51
10.904614384,0.51
10.905827408,-0.28300000000000003
10.907758885,-0.28300000000000003
10.9102697,0.483
10.912035652,-0.23900000000000002
10.913948646000001,0.59
10.915700019,0.536
10.917893804,-0.154
10.921135179,-0.115
10.922451256,0.736
10.924189829000001,0.15
10.925782732,0.15
10.927716901,-0.429
10.930469877,0.539
10.931945211,0.539
10.934207168,-0.376
10.935678502,0.647
10.937800638,0.261
10.939837852,-0.383
10.943142210000001,0.215
10.943991985,0.47000000000000003
10.945814697000001,0.47000000000000003
10.948215211,-0.322
10.950317801,-0.322
10.951855482000001,0.446
10.953799779,-0.419
10.955738112,0.045
10.958062254000001,0.23600000000000002
10.961219619000001,-0.189
10.962834558,-0.231
10.964643178000001,-0.231
10.965709454,0.47600000000000003
10.967703214,-0.453
10.969681349,0.456
10.971842967,0.439
10.973639023,-0.418
10.975771487000001,-0.178
10.977636298,0.598
10.979774103,0.07200000000000001
10.982253892000001,-0.298
10.983905624,-0.298
10.987251806000002,0.429
10.988317559,-0.335
10.989731495000001,0.362
10.992152755000001,0.362
10.995140916,0.6930000000000001
10.996792571,-0.139
10.997813796,-0.139
11.000092723,0.43
11.002769716000001,-0.004
11.004240218000001,0.39
11.005796082,0.39
11.007862776000001,0.682
11.009853163,-0.255
11.011823184,0.508
11.015200566,0.72
11.016341277,0.184
11.021256109000001,-0.076
11.021323463,0.5760000000000001
11.023372719000001,0.65
11.024236457,0.65
11.025824700000001,-0.077
11.028773683,0.731
11.030472178,0.731
11.031831519,0.106
11.033712307,0.197
11.036522456,0.535
11.038016199000001,0.009000000000000001
11.040832592000001,-0.209
11.043187626,0.593
11.044411552000001,0.593
11.046280443,0.28500000000000003
11.04828367,0.28500000000000003
11.050049892,0.3
11.051770136,0.3
11.055765765,-0.251
11.057969979000001,0.458
11.058637899,0.167
11.059850569,-0.47500000000000003
11.063052964,0.11800000000000001
11.063854051,0.11800000000000001
11.067170978,0.364
11.068241371000001,0.364
11.070476376,-0.271
11.073758541,-0.079
11.074902679000001,-0.51
11.075940262000001,0.067
11.077830753,0.427
11.080108759,-0.203
11.0820203,-0.363
11.08425759,-0.363
11.085863137,0.503
11.087783398000001,0.503
11.090893657,-0.387
11.091891538,0.429
11.095115837,-0.269
11.096121375000001,-0.274
11.097923219,0.588
11.101276539,0.14200000000000002
11.103028489000001,-0.502
11.105032329,-0.04
11.106129395,-0.04
11.108306249,0.521
11.110721549,0.331
11.111971109,0.331
11.113899952,0.675
11.116168948,-0.265
11.11777137,0.371
11.120643371,0.625
11.122086337,0.139
11.124653741000001,0.139
11.1262614,-0.158
11.128020945000001,-0.158
11.130216524000001,0.53
11.132835035000001,0.589
11.133740944000001,0.589
11.137077462,0.433
11.138096053,-0.148
11.139659645,0.489
11.142711001,0.511
11.144905992,-0.247
11.145985088000002,-0.247
11.147823036,0.63
11.149924017,0.124
11.152269091,-0.332
11.154114751,0.224
11.15580379,0.224
11.158310058000001,0.431
11.164398416000001,-0.25
11.164422776,0.461
11.165219254,0.245
11.166221367,0.245
11.169235779000001,-0.405
11.170262153000001,-0.405
11.172174297000002,0.513
11.173999123000002,-0.223
11.177350765,0.515
11.178086138000001,-0.055
11.180514143,-0.538
11.182069309000001,0.28300000000000003
11.183797698000001,0.543
11.186644975,-0.42
11.187703211,-0.42
11.190313482,-0.106
11.191752254,-0.106
11.194596669000001,-0.085
11.195659955,0.14
11.197625013000001,0.501
11.201447675,-0.384
11.202535118,-0.307
11.203832319,-0.307
11.206094407,0.603
11.20823112,0.603
11.211287296,-0.361
11.212243215,0.522
11.213769195000001,-0.037
11.216312965,0.145
11.217742563,0.597
11.220088696000001,0.383
11.222308052,-0.319
11.225302845,-0.319
11.225963797,0.224
11.227714804000001,0.224
11.231328808,-0.317
11.232102019000001,-0.317
11.234907503,0.639
11.235911765,-0.215
11.237839398,0.14100000000000001
11.240220971000001,0.649
11.242028967000001,-0.004
11.244232449,-0.004
11.247391503000001,0.613
11.248206975,0.613
11.249826931000001,0.218
11.25277686,0.036000000000000004
11.253823423,0.036000000000000004
11.255819734000001,0.439
11.258622092000001,-0.28800000000000003
11.260363778,0.399
11.262234332,0.4
11.264156147000001,0.4
11.266330155,-0.34
11.267937261,-0.34
11.271426443000001,0.613
11.272848681000001,-0.34800000000000003
11.273725674000001,0.374
11.275696348,0.28400000000000003
11.279708207,-0.372
11.281197014,-0.249
11.282726186000001,0.385
11.283903479000001,0.385
11.286575657,-0.218
11.288274224,-0.218
11.289819896000001,0.504
11.291783822000001,-0.384
11.294149781000002,-0.053
11.295776475,-0.053
11.297756053,0.343
11.300081415000001,-0.35000000000000003
11.302427592,-0.35000000000000003
11.304111327000001,0.497
11.307440019000001,0.497
11.308071464000001,-0.334
11.309842467000001,0.437
11.311829162,-0.022
11.313889495000002,-0.022
11.315720625,-0.297
11.317833346,0.385
11.321404119,-0.317
11.324206571000001,-0.02
11.325854823,0.545
11.326543065000001,0.545
11.327934703,-0.098
11.331278685000001,0.467
11.332337126,0.467
11.335042018000001,0.47700000000000004
11.335940296,0.47700000000000004
11.339924209000001,-0.077
11.341314030000001,0.16
11.342359633000001,-0.356
11.345521075,0.532
11.346035799000001,0.496
11.348107977000002,0.496
11.349817833000001,-0.34700000000000003
11.351848564,0.47300000000000003
11.354003283,-0.006
11.356016099000001,-0.35100000000000003
11.357811271000001,0.439
11.360010413000001,0.391
11.364988525000001,-0.385
11.365018492,-0.232
11.368259510000001,0.493
11.370809033,0.493
11.373018850000001,-0.3
11.373571637000001,-0.3
11.377322355,0.335
11.377345422000001,0.335
11.378713142,-0.547
11.382137627,-0.547
11.385248070000001,0.41000000000000003
11.385271034,0.41000000000000003
11.386515275,-0.424
11.388342644000002,-0.424
11.390423405,0.301
11.391949784000001,0.094
11.394193925000001,0.094
11.396270794000001,0.619
11.399400075,-0.156
11.400235515,0.387
11.403447467000001,0.517
11.404437987000001,-0.417
11.406291676,-0.417
11.409653965,0.165
11.411261925000002,-0.004
11.411907265,-0.004
11.414740985,-0.106
11.415939435,0.553
11.419709858000001,-0.101
11.420750408,0.3
11.422353496000001,0.602
11.424223101,0.602
11.426888043,0.015
11.427805983,0.015
11.430682371000001,0.388
11.431795678,-0.187
11.433801561000001,-0.136
11.435751624,0.6900000000000001
11.438149951000002,0.17400000000000002
11.441268647000001,0.17400000000000002
11.443373477000002,-0.157
11.444601739000001,0.438
11.445876827000001,0.438
11.447844181,-0.387
11.450532383,0.55
11.452013093000001,0.10400000000000001
11.454343021000001,-0.281
11.455773310000001,0.24
11.458090140000001,0.489
11.46129464,-0.218
11.462589156,-0.224
11.464023637,0.553
11.465822762,0.553
11.468677947000002,0.122
11.470040576,0.122
11.471972055,0.304
11.473907188,-0.42
11.476238052000001,-0.249
11.478281155000001,-0.249
11.48077181,0.449
11.484056299,-0.129
11.484360193,-0.129
11.485714275000001,0.336
11.487712045,-0.668
11.491032747,-0.20700000000000002
11.492719092000002,0.405
11.493686253,-0.062
11.495832360000001,-0.385
11.497944326,0.162
11.500765755000002,0.53
11.501913965,0.11900000000000001
11.505544599,0.602
11.506775823,0.602
11.508477675,0.559
11.50984382,-0.445
11.512320048000001,0.198
11.514033915,0.508
11.515858966000001,-0.335
11.517761105,-0.292
11.521305695,0.542
11.521940851,0.333
11.524165478,0.333
11.525879002,-0.301
11.528322485,-0.301
11.530056282,0.619
11.53182246,-0.20400000000000001
11.533719175,0.619
11.535781465000001,0.28300000000000003
11.538797154000001,-0.34800000000000003
11.541321432,-0.34800000000000003
11.542925037,0.25
11.544094635,0.25
11.546256065000001,0.025
11.548184949000001,0.025
11.550443515000001,0.523
11.552563293,0.523
11.555194543,-0.243
11.556745009,0.267
11.558398601,-0.183
11.563042835000001,-0.352
11.563066669000001,0.47200000000000003
11.564585082,0.202
11.566708972,0.202
11.568302352,-0.296
11.570519543000001,-0.296
11.571908458000001,0.076
11.574559277,-0.273
11.577386518,0.40700000000000003
11.58005346,0.08600000000000001
11.580571994000001,-0.445
11.582873277000001,0.068
11.584442959,0.432
11.586783578,0.432
11.589412724,-0.358
11.590359471000001,0.588
11.591835822,0.215
11.593816673000001,-0.417
11.5965313,0.134
11.597902936,0.134
11.600373775000001,0.721
11.602427049000001,-0.20400000000000001
11.604650899000001,-0.20400000000000001
11.605945704000002,0.587
11.608310591,-0.504
11.610838970000001,0.202
11.612376478,0.449
11.615880528,0.449
11.616925379000001,-0.161
11.617891497,-0.161
11.621863688000001,0.46900000000000003
11.626345970000001,-0.521
11.626379672,-0.016
11.627167465000001,0.672
11.628024571000001,0.672
11.629865456000001,-0.057
11.632325702000001,-0.057
11.634340341000001,0.542
11.635770701,0.542
11.637789477,-0.559
11.642680551000002,0.526
11.642715829,-0.018000000000000002
11.644681021,-0.265
11.6459729,-0.265
11.648160038,0.511
11.649989733,-0.372
11.6519268,-0.029
11.654147208000001,0.47100000000000003
11.656865743000001,-0.101
11.65795508,-0.257
11.660870828,0.446
11.662281216,0.295
11.664670630000002,0.295
11.666045720000001,-0.447
11.668564362000001,0.372
11.669959374000001,-0.055
11.672042710000001,0.084
11.673918056000002,0.256
11.676632851,0.459
11.678391920000001,-0.389
11.681235125,-0.101
11.682555963,0.5650000000000001
11.684321577,-0.07100000000000001
11.685835929000001,-0.07100000000000001
11.689307771000001,-0.457
11.690235648000002,0.17500000000000002
11.691791832000002,-0.386
11.695108608,0.079
11.696569817,0.557
11.698209776,-0.126
11.700738701,-0.34400000000000003
11.701735729000001,0.393
11.704429083,0.394
11.707340957000001,-0.355
11.708254504000001,-0.355
11.711302706000001,-0.038
11.712016448,-0.038
11.714572199000001,-0.14100000000000001
11.715830471,-0.14100000000000001
11.717731736000001,0.37
11.721740682,-0.232
11.723651533,0.502
11.724874169000001,0.685
11.725769603000002,0.22
11.727817007,-0.176
11.731014915000001,0.368
11.732433873000002,0.47300000000000003
11.734085102,0.47300000000000003
11.735831558000001,-0.23600000000000002
11.741073342,0.34900000000000003
11.741109377,0.34900000000000003
11.743568562,-0.037
11.744244243,-0.037
11.746028585000001,0.457
11.748497824000001,0.457
11.749937483,-0.311
11.752565975000001,0.445
11.755502881,0.445
11.757285781,0.019
11.758118877000001,0.019
11.760481352000001,0.523
11.762536365,-0.332
11.763864804,-0.332
11.766113191,-0.044
11.767774786,-0.044
11.769687464,-0.012
11.771666686000001,0.28600000000000003
11.774734864000001,0.289
11.775784448000001,-0.38
11.778021704,-0.067
11.781968085,-0.067
11.782598793,0.389
11.783903629000001,0.389
11.785963211,-0.523
11.789070194,0.031
11.789812067000002,0.031
11.793022251,-0.528
11.794436071000002,0.378
11.796233678,-0.124
11.797650075,-0.47300000000000003
11.800974742000001,0.245
11.80245962,0.395
11.804133066,0.395
11.805751047000001,-0.383
11.808834066000001,-0.383
11.809816557000001,0.331
11.811670884000002,-0.312
11.813642619000001,0.505
11.816338748000002,-0.06
11.818067305000001,-0.356
11.820260483,-0.356
11.823045956000001,0.1
11.823802126,0.1
11.825730817,-0.34
11.827669819,0.245
11.82999854,0.201
11.831670699,-0.482
11.833633756000001,-0.039
11.836574831,0.23700000000000002
11.837665537000001,-0.467
11.840772503,-0.395
11.843041521,0.224
11.844534065000001,0.224
11.845718879000001,-0.085
11.847714014000001,0.125
11.850125821,0.601
11.85170156,0.601
11.853686107000001,-0.074
11.856758259000001,0.557
11.858658096000001,0.47900000000000004
11.860261925000001,-0.445
11.863435637,-0.075
11.864354796,0.5750000000000001
11.865870842000001,0.5750000000000001
11.867725323,-0.218
11.870028132000002,0.506
11.871936194,0.301
11.873692503000001,0.301
11.876874693000001,-0.319
11.878033304,0.759
11.880367719,0.139
11.882433405,0.092
11.885372556,0.453
11.885965815,0.453
11.887724965,0.519
11.890023684,-0.056
11.893454387,0.719
11.894179393,0.132
11.896531881000001,-0.176
11.897661815000001,0.34600000000000003
11.900251480000001,0.41500000000000004
11.902418819000001,-0.551
11.903803762,-0.551
11.906202156,0.111
11.907721843000001,0.111
11.910126073,-0.05
11.912257617,0.223
11.913711954,0.423
11.916181875000001,-0.544
11.918225571,-0.097
11.921752915,0.506
11.922510042,0.159
11.924663614,0.159
11.925865997,-0.157
11.928476342000002,-0.157
11.929942499000001,0.29
11.931782336000001,0.451
11.934235820000001,0.466
11.936536718000001,0.466
11.937763341,-0.097
11.941091448,0.311
11.944811990000002,0.526
11.945044988000001,-0.323
11.946104385,-0.323
11.948039517000002,-0.044
11.949914207,-0.044
11.952445011,0.039
11.953955116000001,0.28400000000000003
11.956766224,0.47600000000000003
11.958165394,-0.201
11.960024081,-0.20500000000000002
11.962654259,0.498
11.964428174,0.369
11.965918285,0.369
11.967757725,-0.28200000000000003
11.970080106000001,0.34
11.972056566000001,-0.17400000000000002
11.973728091,-0.098
11.977731121000001,0.448
11.978702171,0.234
11.980191774000001,-0.34600000000000003
11.982221801000001,0.146
11.985588678000001,0.248
11.986453444,0.248
11.989194973,-0.536
11.990812544,-0.536
11.993446212,0.498
11.994331613,-0.386
11.996597547,-0.386
11.998849712,0.2
12.004368304000002,-0.307
12.004419446,-0.271
12.007214374,0.421
12.00723634,0.421
12.008501625000001,0.299
12.010080367,0.299
12.013368490000001,0.324
12.014640169000002,-0.063
12.015896007,-0.41100000000000003
12.018353986000001,-0.41100000000000003
12.021779204000001,0.603
12.022285509000001,0.603
12.024653258,-0.334
12.026375677,-0.334
12.028715109,0.403
12.029990956,0.403
12.032803118,-0.318
12.033805616,-0.318
12.035871059000002,0.026000000000000002
12.038067712,0.452
12.040057101,0.353
12.042598759,-0.362
12.044883853,-0.33
12.046220392,-0.33
12.048167716,0.47800000000000004
12.049849279,0.47800000000000004
12.052148188,-0.457
12.054573914,0.35100000000000003
12.055821127000002,-0.132
12.058308392,-0.132
12.061061136000001,-0.146
12.06287816,0.402
12.0644921,0.402
12.065866015000001,-0.224
12.068316137,-0.224
12.070578437,0.275
12.071781941000001,0.275
12.075291832000001,-0.299
12.076274814000001,0.27
12.079645759,-0.522
12.080856554,-0.003
12.082290277,0.247
12.083929585,-0.066
12.085954856,-0.28200000000000003
12.08791858,-0.28200000000000003
12.089919145000001,0.5670000000000001
12.092075627000002,0.5670000000000001
12.093846596,-0.431
12.095782561,0.5740000000000001
12.098425608000001,0.5740000000000001
12.100726636000001,-0.096
12.102262969,0.399
12.104220226,0.399
12.106058168,0.17300000000000001
12.108465302,0.17300000000000001
12.111300711,0.08
12.112144546000001,-0.319
12.114712351000001,-0.057
12.115782695,-0.057
12.118119528000001,0.272
12.120784562,-0.5710000000000001
12.12311477,0.065
12.124031557,0.065
12.126967602,0.099
12.128719507000001,0.099
12.130140374000002,-0.335
12.13192145,-0.335
12.133889373,0.20600000000000002
12.137297474,-0.009000000000000001
12.138359083000001,-0.009000000000000001
12.142352484,0.537
12.142533466000001,0.537
12.144638113000001,-0.389
12.145716909,-0.389
12.147934172000001,-0.003
12.149725492,0.184
12.151851799000001,0.468
12.154031337000001,-0.17300000000000001
12.156580904,-0.28400000000000003
12.157664734,-0.28400000000000003
12.161256464000001,0.747
12.164589567,-0.342
12.164639257000001,0.077
12.167652617,0.522
12.168495525,0.522
12.171373654,-0.149
12.173764396000001,0.5640000000000001
12.174374611000001,0.434
12.175955121000001,0.434
12.178806818,-0.436
12.180897665000002,0.614
12.181857146,0.614
12.185452653,-0.259
12.186335027,0.543
12.187781596,0.543
12.189717715,0.325
12.192435033,0.033
12.194018328,0.617
12.195871714,-0.053
12.198706444,-0.40900000000000003
12.20166899,0.463
12.20238466,0.254
12.204794936,-0.402
12.206763256,-0.402
12.208272126,0.079
12.210421643,0.079
12.212004391,-0.184
12.21395528,0.47000000000000003
12.215837205000001,0.51
12.219039068,-0.254
12.220650862000001,0.041
12.221810757,0.616
12.225134342,0.616
12.226261348000001,-0.121
12.22886828,-0.121
12.230173192,0.41200000000000003
12.232617167,-0.371
12.234102054000001,-0.029
12.235764689000002,-0.029
12.238831029,0.427
12.241160878,-0.28300000000000003
12.242307409,0.42
12.243846633,0.42
12.245867594,0.132
12.247786728000001,0.132
12.249738915,0.045
12.251887832000001,-0.23
12.253889817000001,-0.434
12.255983440000001,0.41500000000000004
12.258155141000001,0.41500000000000004
12.261474786,0.201
12.263011249000002,-0.033
12.264178941,-0.033
12.265941882,0.437
12.26854439,0.437
12.271694869000001,-0.495
12.272291412000001,0.328
12.274715955000001,-0.41300000000000003
12.276505912000001,-0.043000000000000003
12.277837465000001,-0.043000000000000003
12.280807091000002,0.67
12.282008512,-0.459
12.284181412,0.366
12.286388610000001,0.366
12.288462682,0.20700000000000002
12.29130312,0.007
12.292421763,0.007
12.294715754,0.641
12.296107164,-0.364
12.298170476000001,0.389
12.301297171000002,0.388
12.302982887,0.388
12.304149625,-0.34
12.305690009000001,-0.34
12.308329957000002,0.331
12.310115996,-0.448
12.311925588000001,0.492
12.31366994,0.191
12.317438948000001,-0.384
12.320488713000001,0.388
12.321037143000002,0.447
12.321891119,-0.163
12.325111091,-0.271
12.326101967000001,0.48
12.328566610000001,0.48
12.330276135,0.422
12.332964875,0.422
12.334077373000001,0.20500000000000002
12.335749931,-0.242
12.338053142000001,-0.439
12.34407296,0.269
12.344770352000001,0.159
12.34479016,-0.579
12.346769133,-0.579
12.348370413000001,0.029
12.350899229000001,0.029
12.351889641000001,-0.252
12.353822653,0.438
12.355995961000001,0.405
12.358259013000001,-0.259
12.361685934,0.127
12.362682517000001,0.127
12.367267133,0.583
12.368385737,0.583
12.371277608000002,-0.311
12.371304324,-0.311
12.374837731000001,0.132
12.375166218,-0.006
12.376089801000001,0.5640000000000001
12.377821544000001,0.5640000000000001
12.381011872,-0.137
12.382461628000001,0.455
12.384445413,0.389
12.386689463000002,0.389
12.388373132,-0.179
12.390014034,0.421
12.391923927,0.421
12.394890642,-0.05
12.396991977,0.429
12.399089371,0.429
12.400421321000001,0.396
12.402518368,0.396
12.405606974000001,0.111
12.4061579,0.111
12.408905397000002,-0.16
12.412349584000001,0.356
12.413048865,0.356
12.415414822,0.049
12.418119087000001,-0.159
12.418655371000002,0.382
12.421456529,-0.003
12.422465158000001,-0.371
12.424942419,-0.371
12.426189603000001,0.465
12.428066662,0.465
12.431283697000001,-0.263
12.432898485,0.612
12.434251233000001,0.209
12.435705948,-0.465
12.437791517,0.362
12.440953036000002,0.52
12.4436022,-0.191
12.444378823000001,-0.191
12.445867573000001,-0.10200000000000001
12.449688039000002,0.101
12.450307176,0.101
12.452180361,-0.422
12.453811239,-0.422
12.456151909,0.322
12.459669764000001,-0.17500000000000002
12.461329307000002,-0.17500000000000002
12.46419822,0.514
12.465063008000001,0.514
12.467292244000001,-0.273
12.468383044000001,-0.273
12.470075247,0.434
12.472718859,0.272
12.474541169,0.272
12.476230684,0.5660000000000001
12.478130002,-0.321
12.480482613000001,0.249
12.482386942000002,0.249
12.484152655,0.168
12.486347622,0.168
12.489360668000002,-0.069
12.490371727000001,-0.069
12.492458993000001,0.058
12.494024114,0.058
12.495831253,0.274
12.497737654000002,-0.302
12.500403665,-0.114
12.503998517000001,0.603
12.504740115,0.603
12.506136284,0.111
12.508506473,0.111
12.510440159000002,0.23600000000000002
12.512547583,-0.457
12.513771249000001,-0.457
12.517251098000001,-0.162
12.518628393,0.244
12.521231993,-0.359
12.523187770000002,0.20400000000000001
12.524858375,0.649
12.525893686000002,0.649
12.527848623,-0.468
12.532494454,0.639
12.532525392,0.16
12.533974255,-0.458
12.536238576,0.135
12.539100491000001,0.467
12.541176983000001,-0.224
12.543637938000002,-0.383
12.544298588,-0.383
12.546779945,0.47300000000000003
12.548587618,0.47300000000000003
12.550072268000001,-0.5650000000000001
12.551773142,0.514
12.553954519000001,-0.252
12.558140862,-0.23500000000000001
12.560104465,0.528
12.560910776,0.353
12.562914260000001,-0.456
12.563862019,-0.456
12.566326810000001,0.653
12.568200463,-0.228
12.570241018,-0.358
12.571831625000002,0.555
12.573905961000001,0.14200000000000002
12.575748233,-0.404
12.577889069000001,0.131
12.581206117,0.589
12.582595768000001,0.589
12.584289169000002,-0.434
12.586385247,-0.434
12.588001607,0.5670000000000001
12.589946307,-0.35100000000000003
12.591836097000002,0.186
12.593879368000001,0.552
12.595758766000001,-0.262
12.597737127,-0.34900000000000003
12.599887001,0.456
12.602539563,0.319
12.603888390000002,0.319
12.608861225,-0.41200000000000003
12.608909409,-0.41200000000000003
12.610737178,0.5640000000000001
12.611765660000001,-0.247
12.613712504,0.554
12.617536305000002,0.364
12.618204915000002,-0.47600000000000003
12.620693085000001,0.155
12.622182318,0.597
12.625448281,-0.08700000000000001
12.626163313000001,-0.08700000000000001
12.629626426000002,-0.01
12.630740990000001,0.254
12.63226788,-0.394
12.633785032,0.164
12.636250053000001,0.672
12.638540138000002,-0.084
12.640453441,-0.128
12.643070518,0.438
12.644846617,0.438
12.647266158,0.41000000000000003
12.648252368000001,0.41000000000000003
12.649672569000002,0.116
12.651876203,-0.137
12.655729976,-0.267
12.658215203000001,0.369
12.659603896,0.095
12.660450287000002,-0.491
12.663117013,0.015
12.664027546000002,0.452
12.665813051,0.452
12.667705802,-0.338
12.671504053000001,0.395
12.67334855,0.191
12.67516731,-0.489
12.676918785000002,-0.023
12.678203946,0.5740000000000001
12.679897957000001,-0.034
12.682247128,-0.27
12.684485550000002,-0.27
12.685944872,0.539
12.68788355,-0.422
12.689765409000001,-0.088
12.692080520000001,0.5640000000000001
12.69365759,0.5640000000000001
12.695878286000001,-0.244
12.697798335000002,0.441
12.700807965000001,0.297
12.703665105,-0.271
12.704924956000001,-0.271
12.706539536000001,0.133
12.70821113,0.133
12.710297399000002,-0.121
12.712989518,-0.121
12.714054404,0.462
12.715919744,-0.398
12.717961143,0.048
12.720378255,0.521
12.724955456,0.034
12.724987447,0.034
12.725824993000002,0.421
12.728697294000002,0.51
12.730188021,-0.337
12.732505117,-0.337
12.734391673000001,0.049
12.736053076000001,-0.073
12.739108441,-0.312
12.741109131,0.34
12.742321636000002,0.429
12.744116779,0.429
12.745998611000001,-0.389
12.748403428000001,-0.389
12.750319551,0.332
12.751944646,0.332
12.754058857,-0.337
12.755876943,0.361
12.758413157000001,-0.419
12.760945110000002,-0.081
12.762805287,0.516
12.764070558,0.516
12.766298814,-0.123
12.767927211,-0.123
12.769876499,0.375
12.772689303,-0.402
12.775164661000002,-0.077
12.776156086,0.558
12.77817018,-0.02
12.779987829000001,-0.26
12.783585654000001,0.654
12.784738560000001,0.654
12.786946467,0.359
12.787831991000001,0.359
12.79084639,0.037
12.791844032,0.037
12.793804552000001,-0.149
12.795831796000002,0.405
12.799839518,0.459
12.801766119000002,-0.452
12.802516696000001,-0.452
12.805500728,0.454
12.806691454000001,0.454
12.809368955,0.048
12.810340458,0.048
12.812754680000001,0.498
12.813784321,0.498
12.816160572000001,-0.451
12.817753297000001,0.326
12.821429284,-0.032
12.822259895,-0.47000000000000003
12.824614598,-0.47000000000000003
12.826504922000002,0.488
12.828089336000001,0.488
12.830568309,-0.659
12.831776209000001,0.372
12.835526545,-0.378
12.836088446000002,-0.40900000000000003
12.837798933,0.159
12.842067026,0.022
12.844477596,-0.424
12.845075657,-0.424
12.847092360000001,0.027
12.848074221000001,-0.10200000000000001
12.850254900000001,-0.10200000000000001
12.853637539000001,-0.391
12.856660848,0.496
12.856687954000002,-0.158
12.85783819,-0.046
12.860909114,0.63
12.863055161,-0.099
12.864132116,-0.099
12.865836734,-0.468
12.868188100000001,0.324
12.870165638000001,0.324
12.871884453000002,-0.5750000000000001
12.874174946,0.539
12.875698543,-0.127
12.877781294,-0.31
12.881141065000001,0.297
12.882263719000001,0.393
12.885141349000001,-0.405
12.886016547,-0.405
12.888515829000001,0.631
12.88992902,0.203
12.892209383,0.203
12.895116182,-0.369
12.897986081,0.199
12.898684021000001,-0.326
12.901423670000002,-0.23700000000000002
12.905330216000001,0.47000000000000003
12.905709761,0.008
12.906742569,-0.259
12.908120684,-0.259
12.909919838,0.399
12.91233283,-0.329
12.913928613000001,-0.329
12.915977749000001,0.052000000000000005
12.918142857000001,0.057
12.92112239,-0.367
12.921935034,0.341
12.924245579,0.341
12.927528743000002,0.27
12.928520714000001,0.27
12.929774341000002,-0.078
12.932029775,-0.114
12.935194260000001,-0.364
12.937752547,0.277
12.939314739,0.352
12.940357395000001,-0.584
12.942509549,-0.051000000000000004
12.944054641000001,-0.051000000000000004
12.945926354000001,0.616
12.94806971,0.616
12.950202779000001,-0.505
12.951817445000001,-0.505
12.954362077,0.27
12.957169088,-0.133
12.959749872000002,0.5650000000000001
12.961051952,-0.056
12.962767548,-0.056
12.964155813000001,-0.368
12.966721959000001,-0.368
12.968155099,0.42
12.969962516,0.42
12.971975317,-0.05
12.974193936,-0.034
12.976723148000001,-0.443
12.977916979000002,0.259
12.981035623,0.318
12.985569293000001,-0.384
12.985598719,-0.384
12.986212637000001,0.394
12.988348887,0.394
12.990286005000002,-0.005
12.992309858,-0.005
12.993896566,0.451
12.995932525,-0.241
12.997955930000002,-0.064
13.000344533000002,0.503
13.002131347,0.085
13.004765938,0.085
13.006192194,-0.25
13.008936281,-0.25
13.011613751,0.292
13.013153231,0.049
13.014282804,0.554
13.015808347,0.158
13.018003771,-0.116
13.020997575,0.425
13.022134625000001,0.55
13.024157142,-0.429
13.026196505000001,-0.429
13.027972678000001,-0.053
13.030230764,-0.053
13.03186378,0.113
13.034651229000001,0.329
13.03580724,0.583
13.038132959,-0.3
13.040043469,-0.053
13.041996141,-0.053
13.044509583,0.5660000000000001
13.045887684,0.5660000000000001
13.048408383,-0.28200000000000003
13.050376568,-0.28200000000000003
13.051843201,0.541
13.053893476,-0.266
13.056020999000001,0.534
13.057784052,0.329
13.061601906,-0.192
13.062902629000002,0.132
13.063793263,0.132
13.06584973,0.405
13.068969580000001,0.405
13.069702239000001,-0.151
13.071967505,0.334
13.073690084,-0.33
13.076109664,0.198
13.078201198,0.405
13.080260987,-0.195
13.084166007,-0.188
13.084809008,-0.188
13.085814117,0.624
13.087675554,0.624
13.089910039000001,-0.381
13.092061314,0.35100000000000003
13.093758576,-0.23
13.096529153,-0.231
13.097667905000002,0.728
13.100736147000001,0.338
13.102099712000001,-0.375
13.103818906,-0.375
13.105794651,0.268
13.107850754000001,-0.305
13.110969603000001,-0.329
13.111816537000001,-0.329
13.113742707,0.5630000000000001
13.115685609000002,-0.338
13.117629469,0.161
13.120701986,0.428
13.123389586,-0.435
13.124002853,-0.435
13.126360713,-0.311
13.128388887000002,-0.311
13.130123413000002,-0.116
13.131917142,-0.116
13.133738088000001,0.591
13.135849184000001,-0.34800000000000003
13.138211081000001,-0.251
13.139898164000002,-0.251
13.142682677000002,0.462
13.145718274,-0.233
13.146758907,-0.233
13.148100197000002,0.359
13.151009379000001,0.359
13.153003238,-0.489
13.154000283,0.504
13.155980799,0.23600000000000002
13.159302845000001,-0.47700000000000004
13.16075844,0.08700000000000001
13.162125412,0.266
13.165789576000002,-0.116
13.166167979,-0.116
13.168064897,-0.079
13.169857400000001,-0.079
13.172388894000001,0.076
13.174312553,0.156
13.175973369000001,0.224
13.177789923,-0.217
13.181036008000001,0.325
13.183298081,0.47200000000000003
13.184096494,0.47200000000000003
13.186189551,0.193
13.187891185000002,0.193
13.191340510000002,0.25
13.192384325,-0.146
13.194121188,-0.183
13.195683814,0.643
13.199644425,0.281
13.201238375,-0.466
13.203131192,0.07200000000000001
13.204871241000001,0.465
13.206309853,-0.192
13.207893121000001,-0.192
13.209780932000001,0.22
13.212047862,0.537
13.214279579000001,-0.226
13.215909823,-0.226
13.217842031,0.162
13.220268193,0.022
13.222762437,0.027
13.22545118,0.417
13.226563992,0.417
13.229414888,0.34500000000000003
13.23014841,0.34500000000000003
13.231767445000001,0.34600000000000003
13.234003441,0.275
13.235767452000001,-0.088
13.237891202,0.751
13.239976445000002,0.23900000000000002
13.242379412,-0.27
13.245453877000001,0.53
13.246334502000002,0.53
13.248310055000001,0.47400000000000003
13.249804133000001,0.47400000000000003
13.253068773,-0.201
13.255240693000001,0.491
13.256244270000002,-0.193
13.257764492000002,-0.333
13.261004767000001,0.597
13.262487431,0.597
13.263925774,0.17400000000000002
13.265775004,0.17400000000000002
13.268558405,0.33
13.269931527,-0.128
13.271708768000002,-0.128
13.273689418,-0.125
13.277661132,0.159
13.279160690000001,-0.35100000000000003
13.280180563,0.10400000000000001
13.283720169,0.544
13.284372789,-0.279
13.285956036,-0.279
13.289395381,-0.278
13.291145570000001,0.106
13.293968131000002,-0.334
13.294593397000002,0.153
13.296469635000001,0.611
13.297892409000001,-0.364
13.30142816,-0.148
13.303073734000002,0.539
13.305045669,0.057
13.305961447000001,-0.492
13.30821661,-0.492
13.310082962000001,0.299
13.311794679,0.299
13.313668473000002,-0.294
13.316014104,0.647
13.318200727,0.364
13.319857367000001,0.364
13.322230889,-0.425
13.325616268000001,0.48
13.326558064,0.48
13.328414716000001,-0.387
13.330556248,-0.387
13.332546887000001,0.594
13.33400735,-0.423
13.335776381,-0.423
13.337779344000001,0.425
13.340419047000001,-0.374
13.343472818,-0.233
13.344504854,-0.233
13.346242948,0.46900000000000003
13.347886677,-0.366
13.350522996,-0.366
13.352130684,0.23800000000000002
13.353773928,0.23800000000000002
13.357198556,-0.488
13.35983809,0.59
13.361042669000001,0.17400000000000002
13.362033140000001,-0.47500000000000003
13.364268607000001,-0.47500000000000003
13.369384491000002,0.20800000000000002
13.369409427,-0.318
13.371424697,-0.318
13.372420024,-0.221
13.373667666000001,-0.221
13.376505048,0.047
13.377746769000002,0.176
13.380923036,0.337
13.38260342,0.337
13.385180193,-0.41200000000000003
13.386053526000001,-0.41200000000000003
13.387658979000001,0.332
13.389631781,-0.67
13.392275251000001,0.382
13.393761236000001,0.436
13.395685873000001,-0.509
13.398137068,-0.294
13.401054054000001,0.601
13.401955081,0.601
13.404377376000001,-0.134
13.405827985,-0.134
13.407956542,0.28800000000000003
13.411607771000002,0.28800000000000003
13.413232828000002,-0.152
13.414370120000001,0.524
13.417499013,0.248
13.418441239000002,-0.424
13.420423439,0.293
13.422834014000001,0.293
13.424778060000001,0.436
13.426391797,0.436
13.428348405000001,-0.10200000000000001
13.430070176000001,-0.10200000000000001
13.433305194,0.012
13.434073467000001,0.246
13.435957921,0.488
13.437889602,-0.053
13.443071001000002,-0.107
13.443610795000001,0.612
13.444558725,0.612
13.446174836,0.04
13.449538431,0.254
13.450282858000001,0.254
13.453658038,0.47400000000000003
13.454672947,-0.427
13.456233693000001,0.518
13.45827704,0.354
13.462060513,-0.47800000000000004
13.463374082000001,0.028
13.46410048,0.028
13.467224352,0.648
13.468705109,-0.298
13.469780689,0.5640000000000001
13.471879507,0.147
13.476308444,-0.577
13.477093058000001,-0.001
13.478143151000001,0.40700000000000003
13.480058883000002,-0.146
13.48226795,-0.32
13.484248555,0.382
13.485664628,0.382
13.487819871000001,0.01
13.491737566000001,0.122
13.492335054000002,0.405
13.493976283,-0.20600000000000002
13.495915539,-0.402
13.498392128,0.388
13.500656922000001,0.117
13.501791396000002,-0.521
13.504205639,0.28300000000000003
13.506312182,0.28300000000000003
13.507910103,0.249
13.509804536,-0.254
13.512876267000001,0.537
13.513930419000001,0.537
13.515720819,-0.032
13.51773142,0.278
13.521408346000001,0.643
13.522146135000002,0.232
13.524106055,0.232
13.525708272000001,0.56
13.529497823000002,0.52
13.530124268000002,-0.387
13.531866469,0.046
13.533800057,0.436
13.535980767000002,-0.335
13.538682852,-0.268
13.539874841000001,0.451
13.542146021,0.197
13.545965878,-0.468
13.546441352,-0.468
13.548127116000002,0.531
13.55043172,-0.492
13.552070471,-0.105
13.554190093,0.234
13.555752688,0.092
13.558400714000001,-0.541
13.56028736,0.0
13.563042114000002,0.376
13.565261919000001,-0.42
13.566294913,-0.42
13.568364636,-0.399
13.570145463000001,-0.399
13.572131392000001,-0.036000000000000004
13.573928814,-0.036000000000000004
13.57697345,0.068
13.577960751,-0.037
13.580108278,0.121
13.582369985000001,0.537
13.584406456,0.537
13.585966083,0.305
13.58816595,0.12
13.589919564,0.5740000000000001
13.592469668000001,-0.20800000000000002
13.593743100000001,-0.402
13.59756649,0.383
13.600062459,0.08600000000000001
13.602586800000001,-0.453
13.602854391000001,0.081
13.604293913000001,0.267
13.606387615000001,0.267
13.608044922000001,-0.372
13.610081749,0.404
13.61184328,0.096
13.613990846,-0.505
13.616028012000001,0.154
13.617965811000001,0.714
13.621455992000001,-0.023
13.622680801000001,0.363
13.624372608000002,0.622
13.626627050000002,0.622
13.628744752000001,0.169
13.630784854000002,0.277
13.633021468,0.497
13.634329118,-0.165
13.636468977000002,-0.37
13.637845752,0.595
13.640380119000001,0.212
13.642606478000001,-0.581
13.644198173000001,0.028
13.646018614,0.028
13.647994721000002,0.642
13.650204419000001,0.642
13.651923218,0.126
13.654336091000001,0.443
13.655766859000002,-0.365
13.659630765000001,-0.176
13.661079634,0.536
13.662766194000001,-0.33
13.663955668000002,-0.33
13.666108134000002,-0.34700000000000003
13.667842519,-0.34700000000000003
13.66992985,-0.321
13.672391782,0.188
13.674295444,0.22
13.676282122000002,-0.5660000000000001
13.678427409000001,-0.24
13.679919984000001,0.366
13.682585703,-0.049
13.683980452,-0.509
13.686672660000001,-0.509
13.688408152000001,0.201
13.692454873,-0.269
13.693661989,-0.269
13.694538886,-0.016
13.696066382000001,-0.016
13.697979893000001,0.314
13.700179174,0.043000000000000003
13.703376613000001,0.535
13.704252925,0.535
13.706060753000001,-0.306
13.707976448,-0.306
13.710207712,0.437
13.71229899,-0.245
13.714005378000001,0.126
13.716195489,0.126
13.717917799,0.495
13.720920274000001,-0.233
13.721890861,0.578
13.726691607000001,0.231
13.72671528,0.231
13.72834195,-0.458
13.730113333,-0.458
13.733823252,0.5630000000000001
13.73474766,0.5630000000000001
13.737966608,-0.136
13.738763482000001,0.156
13.741277031000001,-0.311
13.743457196000001,0.135
13.744626114,0.135
13.745976133000001,0.255
13.748390891000001,-0.315
13.749914207000002,0.58
13.752092198000001,0.211
13.753890308,-0.278
13.756417013,0.626
13.759067178,0.511
13.76138437,-0.046
13.763374070000001,-0.353
13.765611186000001,0.373
13.766501454,0.373
13.767836725,0.015
13.770522814000001,0.39
13.772023667000001,0.363
13.773886883000001,-0.441
13.777182506,-0.441
13.777830465000001,-0.438
13.780118716,0.192
13.785198315,-0.526
13.785440634,-0.034
13.786430943000001,-0.034
13.787983384,0.629
13.791651077000001,-0.28800000000000003
13.793348342000002,0.459
13.79620347,0.281
13.796914372000002,0.281
13.799426204000001,-0.516
13.800976085,0.452
13.803554432,-0.336
13.804637572,-0.336
13.806361465,-0.267
13.808365362,-0.267
13.810205934,0.14100000000000001
13.812003203000002,0.127
13.814341107,0.277
13.816042773000001,0.277
13.817965094000002,-0.37
13.820067963000001,0.41400000000000003
13.823185595,0.109
13.824102845,0.109
13.827844760000001,-0.41300000000000003
13.829624809,-0.41300000000000003
13.830496581,0.385
13.832031158000001,-0.311
13.833927132000001,0.685
13.837174119,0.361
13.837954173000002,-0.188
13.840665131000002,0.046
13.843526188,0.177
13.845618213000002,-0.362
13.846336935,-0.362
13.849325921,-0.176
13.850428073000002,-0.176
13.854998827000001,0.096
13.8550886,0.096
13.857485637000002,0.105
13.858504907,0.105
13.861007011000002,-0.188
13.862021788000002,0.495
13.864618143000001,0.19
13.866272684,0.19
13.868083821,-0.368
13.869757665000002,0.602
13.872229697000002,-0.329
13.874221584,-0.381
13.876272811000002,0.371
13.877807957000002,-0.23600000000000002
13.880623487000001,-0.604
13.881861120000002,-0.604
13.884576133000001,0.262
13.886072268000001,0.262
13.887830495000001,-0.488
13.889801652000001,0.515
13.892115851000002,0.065
13.895351801,-0.47500000000000003
13.896467409000001,-0.47500000000000003
13.898810217000001,0.088
13.901298408,0.088
13.903630063000001,-0.304
13.9046693,-0.304
13.905886659,0.603
13.908133764,-0.386
13.910107219,-0.386
13.911893008000002,0.23900000000000002
13.913898942000001,-0.159
13.916546744000001,-0.159
13.91787794,-0.213
13.920468904000002,0.089
13.92216973,-0.40700000000000003
13.924432920000001,-0.40700000000000003
13.926077836000001,0.304
13.927802206,0.304
13.930112601000001,-0.495
13.931818771000001,-0.495
13.933762163,0.429
13.935969578000002,-0.492
13.937956467000001,0.147
13.942208783000002,0.428
13.943166487000001,0.428
13.945350124,0.011
13.946208073000001,0.011
13.948490397,0.467
13.949914858000001,0.467
13.951907358000001,-0.498
13.954831334000001,0.544
13.956188387000001,-0.252
13.95897601,-0.298
13.960176013000002,-0.298
13.962834856,0.443
13.963909364000001,-0.342
13.965903520000001,-0.342
13.967855185000001,0.302
13.969950158000001,-0.108
13.972033832000001,-0.35100000000000003
13.974475182,0.5730000000000001
13.975764377,0.247
13.977977737000002,-0.276
13.981210097000002,0.005
13.982105974000001,0.497
13.985239545,-0.094
13.986213059,-0.094
13.988387411000001,-0.14200000000000002
13.989879101000001,0.41300000000000003
13.991777874,-0.28
13.994712519,-0.009000000000000001
13.996325971000001,0.5640000000000001
13.997820141,-0.212
14.001034225000001,-0.326
14.002520667,0.293
14.004402689,0.293
14.006037844000002,0.148
14.008450096,0.148
14.011312219,0.111
14.012350631,-0.455
14.014076357,-0.263
14.016175007000001,0.433
14.018241622000001,-0.019
14.021096178,-0.542
14.022601731000002,0.034
14.024014690000001,0.034
14.025944778000001,0.506
14.027857370000001,0.506
14.029922398,-0.28200000000000003
14.032215975000002,-0.28200000000000003
14.035156178000001,0.313
14.036301727000001,0.131
14.038056347000001,0.5630000000000001
14.04157617,-0.07200000000000001
14.042617923000002,-0.07200000000000001
14.043955535,-0.164
14.045840444000001,-0.164
14.047823194000001,0.354
14.050009126,0.12
14.052180503,0.12
14.054366016000001,0.332
14.055953466,-0.211
14.057998056,0.516
14.06047037,0.438
14.062655664000001,-0.361
14.064134091000001,-0.02
14.066601630000001,-0.02
14.070078046,0.507
14.070644915,-0.273
14.072655354,0.355
14.074201542,0.512
14.076833446,-0.354
14.078141297,-0.354
14.081516839,0.611
14.082708899,-0.04
14.084439566,-0.336
14.086150958000001,-0.336
14.088610540000001,0.538
14.090142606,-0.461
14.091810149,-0.461
14.093740077000001,-0.036000000000000004
14.097837543,-0.148
14.098646589000001,-0.43
14.10010366,0.459
14.102459602000001,0.14400000000000002
14.104517447000001,0.14400000000000002
14.10794514,-0.526
14.108654151000001,-0.526
14.111361164000002,0.327
14.112914749000002,-0.444
14.114013023,0.327
14.116048674000002,0.047
14.11920064,-0.47900000000000004
14.121229979,0.1
14.122793279000001,0.49
14.124096958,-0.003
14.126369763000001,-0.003
14.128392158,-0.24
14.129890831,0.315
14.132055645000001,-0.325
14.134407599000001,0.09
14.136087850000001,0.514
14.138107359000001,-0.145
14.140096940000001,-0.5640000000000001
14.144711862000001,0.448
14.144754447,0.448
14.147231804,0.2
14.148135903,0.2
14.150342293000001,0.084
14.1524757,0.228
14.153977921000001,0.1
14.155800609000002,0.1
14.158542645,0.522
14.160224332,-0.399
14.163192007000001,0.6980000000000001
14.165865474,0.465
14.166547744,0.465
14.168160334000001,-0.08600000000000001
14.172242183000002,0.262
14.172947445,0.385
14.175681588000002,-0.436
14.176361793000002,-0.436
14.178050217000001,0.10300000000000001
14.180352110000001,-0.013000000000000001
14.182540789,-0.34700000000000003
14.184668971,0.342
14.186316688000002,0.342
14.188489859,0.368
14.189938271,0.368
14.194044517,0.054
14.19544063,0.092
14.196511251,0.092
14.198373786000001,-0.329
14.202110615,0.425
14.202808349000001,0.425
14.20403306,-0.265
14.205926387000002,-0.265
14.210329530000001,0.577
14.211040208,-0.429
14.212218246,0.391
14.214098548,0.41400000000000003
14.216576985000001,-0.456
14.218096316,-0.333
14.219980043000001,0.551
14.222640813000002,-0.011
14.224341473,-0.442
14.226349636,-0.442
14.228160909000001,0.385
14.230430506000001,-0.497
14.231786891,-0.497
14.235408978,-0.019
14.237149738000001,0.034
14.238273361000001,-0.39
14.239829876000002,0.181
14.243409662000001,0.317
14.245545700000001,-0.418
14.246653053000001,-0.418
14.248970855000001,-0.083
14.250100558000002,-0.083
14.252380264000001,0.095
14.253837410000001,0.425
14.256329807,0.518
14.257799989,-0.373
14.260417351000001,0.374
14.262139041000001,0.618
14.264703071000001,0.618
14.265839450000001,-0.01
14.267732643,-0.01
14.269866971,0.43
14.272206859,-0.20500000000000002
14.273874599,-0.20500000000000002
14.276624137,-0.1
14.278186943000001,0.271
14.280576986000002,-0.07
14.283047468000001,-0.07
14.284387164000002,0.279
14.286194553000001,0.279
14.288350453000001,-0.318
14.290164145,-0.318
14.291903484,0.589
14.295105024000001,-0.452
14.295989127,0.22
14.298267567000002,0.526
14.300251178000002,-0.272
14.303049813000001,-0.201
14.304493922,0.635
14.306251572,0.635
14.30953814,0.082
14.310700591000002,0.135
14.313681870000002,0.591
14.314363498,0.591
14.315938976000002,-0.23900000000000002
14.317963009000001,0.47300000000000003
14.322092655,0.334
14.323426199,-0.371
14.324619727000002,0.07100000000000001
14.327598661000001,0.452
14.328731354,0.452
14.330697428,-0.054
14.332243968,0.524
14.334208847000001,0.23800000000000002
14.336331986000001,-0.314
14.338148848000001,-0.314
14.341003153,0.325
14.343541603,-0.14400000000000002
14.344336281,-0.14400000000000002
14.345844015,-0.24
14.348267842,-0.24
14.349855705000001,0.203
14.351850619,0.20800000000000002
14.354967327,0.275
14.355865617000001,0.275
14.357750297,-0.314
14.359785678000001,0.612
14.362682509,0.34900000000000003
14.363935278000001,-0.373
14.368549188000001,-0.373
14.370714951,0.276
14.371589346,0.276
14.373521283,-0.307
14.374240080000002,-0.307
14.378174370000002,0.537
14.380011443,-0.419
14.383353395,0.193
14.383377996,0.193
14.385005179,0.58
14.386121519000001,0.58
14.389387325000001,-0.265
14.391467442000001,0.276
14.392905898,0.276
14.393951778000002,-0.405
14.39610835,0.523
14.398729192000001,0.523
14.402201158,-0.271
14.403323277,-0.271
14.404642706,0.308
14.406220494000001,0.308
14.408624075,-0.486
14.410938393,0.643
14.413997335000001,0.643
14.414738537000002,-0.22
14.418118946000002,0.41200000000000003
14.418899865,0.332
14.42051936,-0.423
14.423997576000001,-0.033
14.424838299000001,0.373
14.427054666,0.373
14.428501631000001,-0.263
14.430576061000002,0.664
14.43210191,0.664
14.434124955000001,0.215
14.436328518000002,0.085
14.438123704,0.453
14.441818107000001,-0.107
14.442696306,-0.417
14.44470746,0.526
14.445942196,0.526
14.447891164000001,0.11
14.451388519000002,-0.035
14.453391402000001,0.311
14.454798274000002,-0.085
14.455854275,-0.085
14.458357623000001,-0.217
14.461206838,-0.217
14.462407942,0.40700000000000003
14.464030163,0.40700000000000003
14.465978764,0.024
14.468429003,0.024
14.469909588,-0.163
14.471871088,0.463
14.47493318,0.269
14.476472726,-0.223
14.478088277000001,0.113
14.480886018000001,0.618
14.483476201,0.094
14.484213350000001,0.094
14.486042044000001,0.124
14.488729585000002,0.124
14.490942286000001,0.47000000000000003
14.492127360000001,0.47000000000000003
14.494230567,0.486
14.496604712000002,0.315
14.498171511,-0.10400000000000001
14.500130992,0.26
14.502434943,0.377
14.506382698000001,-0.033
14.507070595,-0.033
14.509982787,0.5710000000000001
14.510677147,0.5710000000000001
14.512069663,0.19
14.514870363000002,0.16
14.516511057,0.525
14.518424210000001,-0.084
14.521302804000001,-0.316
14.524279446000001,0.47500000000000003
14.524984053,0.47500000000000003
14.525976178,-0.264
14.528724592000001,-0.264
14.530310625,0.191
14.532557342,0.191
14.534923539000001,-0.28
14.536096995000001,0.546
14.538935485000001,0.546
14.540299427,0.371
14.544029462000001,0.10200000000000001
14.544859751,0.10200000000000001
14.547785332,0.525
14.548647195000001,0.525
14.551700629,-0.091
14.556705461000002,0.254
14.556762256,-0.465
14.557358943,0.17
14.558457773,0.17
14.56025578,0.448
14.562478179000001,-0.304
14.564892247000001,-0.304
14.566289415000002,0.626
14.568334561,0.626
14.570575794000002,-0.489
14.572177116,0.448
14.574033971,0.448
14.575871729000001,-0.122
14.578247064000001,0.466
14.580972625000001,0.401
14.582112288000001,-0.223
14.584614638000001,0.17500000000000002
14.586978477,0.17500000000000002
14.588535818,0.146
14.58989779,0.146
14.591897966000001,0.33
14.593978742000001,0.406
14.595962961000001,-0.454
14.597844038000002,0.11800000000000001
14.600003328000001,0.586
14.603073816,-0.049
14.604054266,-0.40700000000000003
14.605926425000002,-0.40700000000000003
14.609027563000001,0.788
14.610717142,-0.201
14.611904824000002,-0.201
14.614558382,0.125
14.617588567,0.02
14.618443671000001,-0.272
14.620776583000001,0.322
14.622070466,0.081
14.624943227000001,-0.519
14.626187162,-0.519
14.627957258,0.085
14.629855994000001,0.023
14.632813115000001,-0.497
14.633776649000001,0.382
14.635824765,0.444
14.637793981000002,-0.436
14.640853598000001,-0.078
14.643203428000001,-0.078
14.644425848000001,0.397
14.647783211,0.397
14.648207213000001,-0.121
14.649832342000002,-0.121
14.651854763000001,-0.019
14.653774898000002,-0.03
14.655851063,0.445
14.658208442000001,-0.009000000000000001
14.660825474000001,-0.009000000000000001
14.661910465,-0.233
14.664908238,0.47900000000000004
14.665873853,0.47900000000000004
14.668027318,-0.505
14.669985845000001,0.317
14.672380202000001,-0.149
14.675672279,-0.186
14.676274132000001,0.36
14.678451619,0.069
14.680782641,0.069
14.683438484000002,-0.583
14.684787238,-0.583
14.686963732,0.38
14.687911364000001,0.38
14.69133058,0.133
14.692355632000002,0.5700000000000001
14.695050962000002,-0.362
14.696489450000001,-0.132
14.698857322,0.493
14.700152489,0.493
14.70311741,-0.004
14.705480626000002,0.201
14.706504668000001,0.201
14.707850059,0.487
14.710200584,0.487
14.714131707000002,0.267
14.714871063,0.085
14.71709764,-0.296
14.718218773,0.463
14.719948766000002,0.528
14.724501902,-0.295
14.726272895000001,-0.22
14.727300403000001,-0.22
14.727989314,0.47300000000000003
14.730073113000001,-0.423
14.731740680000001,0.161
14.733806102,0.422
14.735729046000001,-0.41200000000000003
14.738379525000001,0.25
14.740649085000001,0.228
14.743417589000002,-0.41400000000000003
14.744584557000001,-0.451
14.74692667,-0.451
14.748418568000002,0.255
14.749814762000002,0.255
14.753412562000001,-0.463
14.754722242000001,-0.463
14.755807661,0.327
14.757846301,-0.631
14.761878721,0.388
14.764461906000001,0.367
14.765079566,-0.32
14.765938208000001,-0.32
14.768300372,0.443
14.769999169,0.048
14.771871626000001,0.048
14.775206659,-0.263
14.778080431000001,0.335
14.778919169000002,-0.41000000000000003
14.781719269000002,-0.006
14.782548821,0.491
14.785049823000001,0.076
14.785996334000002,0.076
14.787809721,-0.365
14.790075528000001,0.5760000000000001
14.792390911000002,-0.178
14.793756080000001,0.191
14.796445833000002,0.46
14.801748635000001,0.052000000000000005
14.801820095,-0.392
14.803385194,0.23
14.804596290000001,0.23
14.806266009000002,0.309
14.808549824000002,0.309
14.810086207000001,-0.184
14.81192088,0.10300000000000001
14.813892772,-0.433
14.816276206000001,0.295
14.817859413,0.5660000000000001
14.821918149,-0.191
14.822730584,-0.191
14.826231998,-0.074
14.827008112000001,-0.074
14.829216665,0.033
14.830517677000001,0.033
14.83258451,0.28800000000000003
14.834363297000001,-0.4
14.836159342,-0.13
14.837939545000001,0.297
14.842721215000001,-0.385
14.843692678000002,-0.525
14.844547947,0.146
14.846076833000001,0.146
14.849662504000001,-0.007
14.851978893,-0.083
14.852783766000002,-0.083
14.854036735000001,0.277
14.856616242000001,-0.245
14.858493315,0.297
14.860320430000002,0.47200000000000003
14.864640017000001,-0.244
14.866563412000001,-0.114
14.866940395,-0.114
14.868051445,0.522
14.870110294000002,-0.47300000000000003
14.872744235,0.29
14.874314125000001,0.418
14.876050977,-0.40800000000000003
14.877834949,-0.189
14.88110166,0.58
14.882314614,-0.14300000000000002
14.884561833000001,-0.497
14.886262034000001,-0.497
14.888647322,0.47900000000000004
14.89070983,-0.28200000000000003
14.891827209,-0.065
14.893970834000001,0.609
14.896015341000002,0.092
14.898234930000001,-0.34500000000000003
14.899967115,0.258
14.902644876,0.496
14.905449033000002,-0.4
14.906576770000001,-0.4
14.90835034,-0.046
14.910254841,0.339
14.912349278,0.339
14.914552663,-0.214
14.916561972,-0.214
14.919923587000001,0.649
14.921576911,0.432
14.923382245,0.623
14.924598294,0.28
14.926021975000001,0.28
14.927976168,-0.23800000000000002
14.930462651000001,-0.23800000000000002
14.931885907000002,0.499
14.934291329,0.196
14.936155516000001,0.642
14.938084300000002,0.28500000000000003
14.942131556000001,-0.438
14.942731107,0.08
14.944002912,0.517
14.946083381000001,0.517
14.947896900000002,-0.512
14.950887304,0.539
14.952004025,0.539
14.953876373000002,0.28700000000000003
14.956264618,0.221
14.958048241,0.221
14.961215395000002,0.529
14.962532807,-0.316
14.964246533,-0.316
14.967696399000001,0.557
14.968587965000001,0.557
14.971063459000002,-0.41100000000000003
14.971963325,0.209
14.973909605000001,0.209
14.975801936000002,-0.468
14.977771553,0.394
14.980246896,-0.145
14.982456593,-0.646
14.985948179000001,0.091
14.986639960000002,0.091
14.987956649000001,0.327
14.989988634000001,-0.113
14.992828826,0.636
14.995127149000002,0.404
14.996360682,0.404
14.998292998,0.019
15.003251800000001,0.644
15.003269128000001,-0.101
15.004379572000001,-0.101
15.005902168,-0.2
15.007925306,0.319
15.010495835,-0.34600000000000003
15.013259308,0.17300000000000001
15.01487778,0.355
15.016122341,-0.136
15.018690040000001,0.37
15.021248015000001,0.562
15.023740584,0.289
15.024731908000001,0.289
15.026505811000002,-0.254
15.028413021,0.394
15.030563186,-0.065
15.032856837,-0.065
15.034352976000001,-0.3
15.036145471000001,-0.3
15.038104382,0.442
15.040684938,-0.014
15.042989041,0.426
15.044405149000001,0.008
15.046027863,0.008
15.04817382,-0.269
15.050277672000002,0.491
15.052017864000002,-0.275
15.054241443,-0.065
15.05644376,0.668
15.058518455000002,-0.044
15.061094242000001,-0.5720000000000001
15.063757046000001,0.46
15.064975728,0.46
15.066634768,0.34800000000000003
15.0683261,0.34800000000000003
15.070413196,-0.094
15.072179914000001,-0.084
15.074066191000002,-0.464
15.076452249,0.375
15.078502063,0.388
15.080499622000001,0.388
15.082427191,-0.47700000000000004
15.084918188000001,-0.47700000000000004
15.086059792,0.367
15.088327254000001,-0.28800000000000003
15.090062007,-0.28800000000000003
15.092442774,0.461
15.094589156000001,-0.499
15.096743493000002,-0.138
15.097923491000001,0.489
15.099838086,-0.164
15.102642312,-0.464
15.105505702,0.465
15.106558712000002,0.465
15.11071959,0.277
15.111045309000001,0.277
15.112552115000002,0.092
15.114867613000001,0.151
15.116061098000001,-0.116
15.119776862,0.376
15.121105120000001,0.448
15.122561151000001,-0.295
15.124568150000002,-0.295
15.126877226000001,0.0
15.128535024000001,-0.039
15.130287313,-0.039
15.131997122000001,-0.28200000000000003
15.136221598,0.624
15.136703691000001,0.624
15.140037342000001,-0.258
15.141722816000001,0.527
15.142476967,0.226
15.144038884,-0.35000000000000003
15.146563901,-0.35000000000000003
15.150175256,0.43
15.150912414,0.43
15.152172008,-0.41400000000000003
15.154969089000002,0.629
15.156065347,0.105
15.158786384,-0.49
15.160017326,0.266
15.166398686,0.522
15.166419573,-0.148
15.167201312000001,0.011
15.168259302000001,0.502
15.170641848,0.502
15.172882940000001,0.129
15.174409224000001,0.17400000000000002
15.176130239,0.17400000000000002
15.177963901000002,0.375
15.180868405000002,-0.281
15.183471926000001,0.5760000000000001
15.184330821000001,-0.20500000000000002
15.186538067,-0.20500000000000002
15.188077233000001,-0.425
15.189930997000001,-0.425
15.192376113000002,0.307
15.195117484,-0.293
15.196974383,0.545
15.199001209,-0.11900000000000001
15.202196622,-0.291
15.202922837000001,0.2
15.203951406000002,0.353
15.206219452000001,0.353
15.208008099,-0.382
15.209969634,-0.382
15.211791946000002,0.557
15.21430645,-0.336
15.216472446000001,0.186
15.218008006000002,0.521
15.220741488000002,-0.34600000000000003
15.221998534,-0.185
15.224893825,-0.185
15.226059744,0.621
15.227823976000002,0.621
15.231286793,-0.34500000000000003
15.233638451000001,0.07200000000000001
15.234486123000002,-0.591
15.237139583000001,-0.23500000000000001
15.238494218000001,0.537
15.240374883000001,0.299
15.24303665,-0.272
15.244176118,0.193
15.246552252,0.193
15.248640428000002,0.213
15.249950351,0.213
15.252129729000002,0.044
15.254471071000001,0.388
15.255897075000002,-0.28300000000000003
15.257855485,0.234
15.260204198,0.47700000000000004
15.263106042,-0.14300000000000002
15.264536404000001,-0.045
15.265968669000001,-0.045
15.268102331000001,0.558
15.269956074000001,0.558
15.273055087000001,-0.405
15.274626970000002,0.376
15.276275084000002,0.376
15.277819993000001,-0.614
15.281114926,0.422
15.28264487,-0.148
15.284002728,-0.639
15.285820179000002,-0.639
15.288491906,0.187
15.289966686000001,-0.616
15.291966846000001,0.228
15.293873471000001,0.375
15.296002240000002,-0.08700000000000001
15.297934374,-0.501
15.300889792000001,0.196
15.30238723,0.552
15.304944366,0.552
15.306010129,-0.363
15.308335953,-0.363
15.310708916000001,0.607
15.312102824,0.607
15.31388053,-0.139
15.316174477,0.507
15.319494898,-0.247
15.3200769,-0.306
15.323270842000001,0.454
15.324082038,0.074
15.325849790000001,0.074
15.327982109,-0.437
15.331836370000001,0.492
15.332531639,-0.109
15.334254358,0.093
15.335755255,0.662
15.338566301,0.162
15.340564025,-0.39
15.342560624,-0.39
15.344311812,-0.016
15.346847913000001,-0.016
15.347933504,-0.28500000000000003
15.350214749000001,0.529
15.352089661,0.529
15.354121073000002,0.169
15.356033202,0.052000000000000005
15.358150697000001,0.582
15.361880704,-0.158
15.363185138,-0.368
15.370439639,0.394
15.370464469000002,0.10400000000000001
15.371411394,0.10400000000000001
15.373854358,-0.468
15.373879304,-0.468
15.375273558000002,0.379
15.376255147,0.379
15.37839063,-0.37
15.382812084000001,-0.054
15.383622933000002,-0.054
15.384504627,-0.515
15.386183486,-0.515
15.388148011,0.515
15.390159729,0.515
15.394257853000001,0.534
15.395095459,0.534
15.397889710000001,0.392
15.40112363,-0.013000000000000001
15.402095072000002,-0.013000000000000001
15.403993047,0.47900000000000004
15.404390066000001,0.47900000000000004
15.406114794,-0.497
15.408710763,0.124
15.411391062000002,0.124
15.413221479,-0.499
15.414673873000002,-0.499
15.416156731000001,0.42
15.41970655,-0.263
15.420788895000001,0.34800000000000003
15.422114398000002,0.34600000000000003
15.424741018,0.34600000000000003
15.426152093,-0.382
15.429230290000001,-0.382
15.430764424000001,0.662
15.431974041,0.662
15.433954857000002,-0.256
15.435993080000001,0.34500000000000003
15.438260541000002,-0.326
15.440198244000001,0.134
15.443713887000001,0.218
15.445364571,0.218
15.446301279000002,-0.179
15.448067233000002,-0.179
15.452193780000002,0.535
15.452684736,-0.449
15.453811725000001,-0.449
15.456036762,0.0
15.45815357,-0.049
15.461170806,-0.292
15.462440431000001,0.443
15.464417361,0.443
15.466147708000001,0.192
15.467985672000001,0.192
15.469870344,0.08700000000000001
15.471898672000002,-0.335
15.475048376,-0.084
15.476122085,0.366
15.478119066000001,-0.106
15.481445341,-0.764
15.483727041000002,-0.013000000000000001
15.484952839000002,-0.013000000000000001
15.487397477000002,0.185
15.489103693,-0.406
15.490518371,-0.406
15.492874776,0.434
15.495221144,0.434
15.496093444000001,-0.334
15.501831519000001,0.443
15.502712578,0.028
15.503265714000001,0.028
15.505723770000001,-0.182
15.506465295000002,-0.182
15.508042741,0.11900000000000001
15.510465663000002,0.11900000000000001
15.511793632000002,0.045
15.514453488000001,0.045
15.51614256,-0.199
15.51785794,0.448
15.520065538,0.314
15.522436076000002,-0.614
15.523908372000001,-0.614
15.526086917,0.20800000000000002
15.528628513000001,0.20800000000000002
15.530540056000001,-0.47000000000000003
15.531985628000001,0.527
15.534210705000001,0.527
15.536829776000001,0.106
15.538626248000002,-0.056
15.540343526000001,0.481
15.542064948,-0.502
15.544902992,-0.502
15.546365635,-0.211
15.5483597,-0.211
15.550533398,0.249
15.553148195,0.12
15.55426472,0.12
15.557141047000002,0.456
15.558004797,-0.387
15.560278206000001,0.545
15.564049937000002,0.372
15.564656453000001,0.372
15.565892152000002,-0.387
15.567715665000001,-0.387
15.571225278000002,0.218
15.57377435,-0.167
15.574470434,-0.167
15.575707623000001,0.622
15.57811434,-0.326
15.581187942000001,0.033
15.582208414,0.033
15.585886330000001,0.34500000000000003
15.586438231,0.34500000000000003
15.588023309,0.25
15.589753001000002,0.305
15.591932863,-0.326
15.594138488,-0.326
15.596331616,0.007
15.597771533000001,-0.133
15.600468021000001,-0.489
15.602838502,0.518
15.604277706000001,0.518
15.60612026,0.047
15.608341693000002,0.047
15.610177187000001,0.191
15.613224286000001,0.191
15.614320519000001,-0.481
15.615673666000001,0.549
15.617642883,0.094
15.62252151,-0.56
15.622855929000002,-0.168
15.623823614,-0.168
15.625938114,0.393
15.628693115,0.393
15.631025486,0.20700000000000002
15.632482777000002,0.582
15.634973358000002,-0.4
15.635978093,-0.4
15.638169548,0.234
15.640672576000002,-0.444
15.643504957000001,-0.47300000000000003
15.644726431,-0.47300000000000003
15.647033316000002,0.658
15.647718711000001,0.658
15.651689847,-0.528
15.652298891000001,0.28500000000000003
15.653658736,0.28500000000000003
15.655647316000001,-0.199
15.658219455000001,0.509
15.660231002000002,0.27
15.662568986,-0.399
15.664139823000001,-0.399
15.666263649000001,-0.091
15.668103645,-0.091
15.670886105000001,-0.093
15.672074555000002,0.36
15.673820032000002,0.36
15.675751417,0.139
15.678177441,-0.052000000000000005
15.682624559,0.321
15.682659325000001,-0.342
15.684708786000002,-0.342
15.6858854,0.031
15.688219811000002,0.031
15.689995739,-0.094
15.692440903000001,0.022
15.694381113,0.022
15.695807014000001,0.364
15.697743477000001,-0.38
15.700653056,0.53
15.703793428,0.374
15.704376434,0.374
15.706676518000002,-0.375
15.707826533,-0.375
15.710679926000001,0.28400000000000003
15.71181965,-0.431
15.713811479,-0.431
15.715741627000002,0.397
15.718154473,-0.362
15.720737161,-0.362
15.722447813,0.11800000000000001
15.724240725000001,0.11800000000000001
15.725837988,-0.182
15.727816722000002,0.395
15.730063879000001,0.088
15.731840899000002,-0.657
15.733745392000001,-0.657
15.736272824,0.113
15.738425670000002,-0.306
15.741577527,-0.528
15.742558061,0.437
15.744541443000001,0.437
15.745915866,0.429
15.748528866000001,0.429
15.749849855,0.18
15.751846101000002,0.156
15.756472276,-0.23900000000000002
15.75704698,-0.23900000000000002
15.758241729000002,0.47900000000000004
15.759934807,-0.296
15.762713755000002,0.5730000000000001
15.763977474,0.485
15.765721923000001,0.485
15.767734038,-0.10200000000000001
15.771031122,0.502
15.772176535000002,0.41000000000000003
15.773880633000001,-0.491
15.776338361,0.47400000000000003
15.778085294,0.47400000000000003
15.781304223000001,0.353
15.784227003000002,-0.398
15.785153481000002,0.382
15.785894171,0.382
15.788307279000001,0.383
15.789736023000001,0.383
15.792169186,-0.039
15.794165539000002,-0.039
15.795655897000001,0.057
15.798312845000002,0.254
15.804518449000001,0.55
15.804551701000001,-0.534
15.805310173,-0.153
15.80603879,-0.153
15.807719960000002,0.679
15.809711721000001,-0.547
15.812818417,0.512
15.813964303,0.512
15.815935787,0.23700000000000002
15.818869064000001,-0.214
15.819671338000001,0.47700000000000004
15.824672406000001,-0.256
15.824689320000001,-0.497
15.826098248000001,0.47300000000000003
15.827934242000001,0.47300000000000003
15.831504221000001,0.431
15.832589803000001,-0.024
15.833822417,0.586
15.836120857000001,0.196
15.838584335,-0.273
15.840676002,0.262
15.842410749,0.262
15.845477607000001,0.537
15.846369651000002,0.537
15.847870653000001,-0.083
15.849817734,0.192
15.851992569000002,-0.352
15.853947331,0.245
15.855802314000002,0.466
15.857856472000002,-0.187
15.863882171,-0.052000000000000005
15.864210468000001,0.487
15.865543662,0.244
15.866004245000001,0.244
15.867932715,-0.35100000000000003
15.869818010000001,-0.35100000000000003
15.872579342000002,0.516
15.874333037000001,-0.234
15.875767857000001,-0.234
15.877737331,0.608
15.880575166000002,-0.35000000000000003
15.882123851000001,-0.35000000000000003
15.883949312,0.34800000000000003
15.88759459,0.34800000000000003
15.888353089,-0.233
15.889770211000002,-0.233
15.891769836000002,0.543
15.895729011,-0.293
15.896138372000001,-0.293
15.899067015000002,0.293
15.900325786000002,-0.243
15.90267659,-0.40800000000000003
15.904895144000001,0.517
15.906574154000001,0.09
15.909418082,0.09
15.911531564,-0.418
15.912607425000001,-0.418
15.913951727,0.329
15.916064261,-0.267
15.919056869,0.295
15.920348844000001,0.295
15.92634372,-0.195
15.926898821000002,0.485
15.927651471,0.485
15.92856167,0.35100000000000003
15.929985192,0.35100000000000003
15.931853402000002,-0.324
15.934355224,0.063
15.935947225000001,0.063
15.937908927,-0.393
15.940672840000001,0.187
15.942294351000001,-0.246
15.944004161,-0.25
15.946711563000001,-0.25
15.948325652000001,0.514
15.950350501,0.514
15.952306431,-0.52
15.953958554000002,0.505
15.956100922000001,-0.27
15.957904383,-0.214
15.960249606000001,0.51
15.963820040000002,0.298
15.965916572000001,-0.25
15.966221192,-0.25
15.968442277000001,0.391
15.970806647000002,-0.156
15.971941496000001,-0.156
15.973965241,-0.203
15.975819937,0.355
15.979019556,-0.375
15.980102639000002,0.044
15.982610202000002,0.6970000000000001
15.984540682,0.023
15.986490174000002,0.023
15.987886875000001,0.257
15.989777081000002,0.34
15.992172896000001,-0.358
15.993835507000002,-0.041
15.996122042000001,0.597
15.998208538000002,-0.13
16.000242796000002,-0.306
16.002418353,0.47000000000000003
16.004735858,0.281
16.005945819,0.281
16.007843142000002,-0.377
16.010178626000002,-0.377
16.012373006,0.468
16.013852641,-0.153
16.015712624000003,0.22
16.017888998,0.523
16.020733245000002,-0.496
16.022773508,-0.496
16.023910677,0.034
16.025766086,0.034
16.029250691,-0.438
16.031472486000002,0.186
16.033210526,0.041
16.036112184,-0.6940000000000001
16.036846320000002,0.355
16.037884017,0.355
16.042928232,0.299
16.043638924,0.299
16.045430045,-0.463
16.046463047,-0.463
16.048250596000003,0.382
16.050710128000002,0.382
16.053590506000003,0.704
16.054123044,0.058
16.056591489000002,-0.40800000000000003
16.057893576,0.376
16.059778654000002,0.536
16.062857855,-0.34400000000000003
16.064255938000002,-0.14100000000000001
16.065945901000003,-0.14100000000000001
16.067845004000002,0.543
16.071249336,-0.454
16.07229042,0.354
16.074697745,0.354
16.076140729000002,0.47400000000000003
16.077945535,-0.022
16.079923773,0.68
16.082352857,-0.042
16.084423360000002,-0.269
16.086821679,-0.269
16.088141751000002,0.501
16.089888390000002,0.501
16.093298082,-0.176
16.094192314,0.638
16.095908214,0.14400000000000002
16.097871133,-0.365
16.10117684,0.31
16.102362698,0.463
16.104030546,-0.202
16.106144609,-0.202
16.108447147,-0.015
16.110567531,-0.015
16.113008713,0.153
16.113963311000003,0.255
16.115817503000002,0.456
16.118116378,-0.301
16.120549128,-0.339
16.12296887,0.552
16.123777540000003,0.179
16.126208648000002,0.179
16.128673676000002,-0.383
16.131270530000002,-0.383
16.132652922000002,0.17300000000000001
16.134120869,-0.198
16.135768539,-0.198
16.138057918,0.438
16.142528987000002,-0.448
16.142898684000002,0.722
16.144460035,0.437
16.146417037000003,0.437
16.147804723,-0.498
16.150829623,0.506
16.15171115,-0.077
16.153807406000002,-0.552
16.155750239,0.272
16.159584209000002,0.334
16.160282559000002,-0.34400000000000003
16.163419141000002,-0.01
16.165949097000002,0.764
16.166520823000003,0.764
16.169329318000003,0.161
16.170380325,0.161
16.172369008,0.19
16.174180367,-0.482
16.176353581,-0.482
16.178792951000002,-0.152
16.180295136,-0.152
16.183178788,0.17500000000000002
16.184366790000002,0.111
16.186374971,0.111
16.187979562000002,0.506
16.191655437,-0.01
16.192841264000002,0.611
16.193910348,0.156
16.195773661,-0.132
16.198283717000002,0.449
16.200839483,0.449
16.201779684,0.527
16.204711326,-0.21
16.205704027,-0.21
16.207703544,0.594
16.209633200000003,-0.38
16.212317598000002,0.133
16.21368182,0.291
16.215744395,-0.222
16.21907411,-0.228
16.222513868,-0.228
16.223223504,0.805
16.224269548000002,-0.23700000000000002
16.226389100000002,-0.23700000000000002
16.227922132,0.099
16.229870067,-0.137
16.232407934,-0.294
16.233938235,-0.294
16.235890986,0.404
16.238598865,-0.492
16.241436213,-0.09
16.243426175,0.484
16.244357314000002,0.484
16.246090977,-0.531
16.248007507,0.366
16.249969273,0.366
16.252474289000002,0.046
16.253851194000003,0.026000000000000002
16.255816572,0.33
16.257991070000003,-0.036000000000000004
16.260708362000003,-0.28800000000000003
16.261839701,0.498
16.264181096,0.498
16.267442636000002,0.315
16.268129993000002,0.315
16.270451279,0.17
16.272349761,-0.09
16.273684824,-0.297
16.275644447,0.375
16.277953737,0.303
16.280366333,-0.27
16.282230858000002,-0.105
16.28394284,-0.105
16.285843469,0.54
16.288161671,0.54
16.29059929,-0.01
16.292074513,0.368
16.293745157,-0.326
16.296813997,0.002
16.299020817000002,0.636
16.300359007,0.096
16.302117958,-0.241
16.304448535000002,0.402
16.306482096,0.402
16.309665987000002,0.41600000000000004
16.310732752,0.603
16.311796887,0.609
16.314077004,0.021
16.315887767,-0.425
16.317661784000002,0.361
16.321158395,0.38
16.322274408000002,-0.34900000000000003
16.323938415,-0.34900000000000003
16.327527098,-0.04
16.328654884000002,-0.04
16.329794080000003,0.074
16.333100778000002,0.376
16.33491557,0.499
16.336554906,-0.225
16.338161206000002,-0.121
16.340054428000002,-0.121
16.343369762000002,0.582
16.344419939,0.582
16.345829885,-0.399
16.348445209,-0.399
16.349725135,0.47400000000000003
16.351718673,-0.187
16.354147318000003,0.605
16.355817204,0.605
16.357686216,-0.044
16.362077844,0.212
16.363768110000002,0.432
16.364817485,0.432
16.369559395,-0.489
16.369592557,0.41400000000000003
16.372088676,0.41400000000000003
16.372835087000002,-0.052000000000000005
16.373846418,-0.052000000000000005
16.376077859000002,0.371
16.379297602,-0.354
16.380867183,-0.354
16.381835408,-0.14200000000000002
16.384011769,-0.14200000000000002
16.385744821,-0.007
16.387833693,0.273
16.389954134,0.273
16.391984388,0.47700000000000004
16.394224713,0.47700000000000004
16.396293484,0.28
16.399042607000002,0.082
16.399782950000002,-0.326
16.402783117000002,0.216
16.404115299,0.446
16.405722761,0.446
16.40776825,-0.392
16.412478023000002,0.592
16.413172549000002,0.592
16.413860194,-0.145
16.415803979,0.18
16.418129673,0.47900000000000004
16.420253456,0.47900000000000004
16.42199295,-0.5630000000000001
16.424024403,-0.5630000000000001
16.426217761,0.509
16.428678892,0.509
16.430504419000002,-0.512
16.43171119,-0.512
16.434723186,0.49
16.435919518000002,0.49
16.437796187,-0.002
16.44053776,0.273
16.442031158000002,-0.371
16.44377121,-0.371
16.445773343000003,0.34
16.448160572000003,-0.424
16.450090517,-0.424
16.451964822,-0.158
16.455379934,-0.065
16.456128455,-0.313
16.457685009000002,0.192
16.461208859000003,0.437
16.46249784,-0.47700000000000004
16.465418629000002,-0.321
16.46602983,-0.321
16.468233423,0.562
16.470045805,-0.521
16.471811437,0.28400000000000003
16.473750024,0.17300000000000001
16.475728165,-0.20800000000000002
16.478159009000002,-0.056
16.480857168,0.629
16.481756072,0.333
16.484518100000003,0.333
16.485728347000002,-0.3
16.487883648,0.41200000000000003
16.490379166,0.41200000000000003
16.49246385,-0.25
16.493692167000003,-0.25
16.496054388,0.4
16.49764175,-0.504
16.4999143,0.106
16.502084188,0.624
16.503971457000002,0.624
16.506169211,-0.20500000000000002
16.507885816,0.606
16.510365762,0.606
16.51171593,0.41100000000000003
16.513722354000002,0.182
16.516180636,0.704
16.518263944,-0.035
16.523196179,-0.233
16.523241791,-0.233
16.523907104000003,0.495
16.526108692,0.495
16.527898911,-0.47200000000000003
16.529919561,0.20800000000000002
16.532226233,0.20800000000000002
16.534008662,-0.122
16.536195751,-0.122
16.538287872,0.485
16.540484741,-0.424
16.543204030000002,-0.109
16.544345519,-0.109
16.546331889,0.54
16.547986071,-0.254
16.550183902,0.392
16.551906715,0.319
16.554081596,-0.316
16.55598115,-0.024
16.557956849,0.391
16.559935301,-0.17200000000000001
16.563934666,-0.355
16.565414632,0.423
16.566388065,0.423
16.568365814,0.397
16.569751985,0.397
16.572113619,0.131
16.574031693000002,0.131
16.575847481,-0.228
16.577867326,0.38
16.579963069,0.3
16.58406419,-0.455
16.584584061,-0.003
16.586649174,-0.003
16.588166621000003,0.23500000000000001
16.590327839,0.23500000000000001
16.592438534,0.20800000000000002
16.593801431,0.20800000000000002
16.596571663000002,0.43
16.598205636,0.049
16.600834802,0.629
16.602773937000002,0.11900000000000001
16.60434263,0.11900000000000001
16.605866043000002,-0.335
16.607969942,-0.335
16.610133598,0.41400000000000003
16.611865895,0.545
16.613854297,0.5750000000000001
16.616202219,0.129
16.617947386,-0.293
16.619686968,0.481
16.622535819,0.43
16.623862779,-0.492
16.626133372,-0.492
16.628164138000002,-0.034
16.632715922000003,0.045
16.632750700000003,-0.179
16.635701833000002,0.304
16.636410519000002,0.618
16.637724674,-0.083
16.640887438,0.48
16.642095029,0.594
16.644344638,0.594
16.645842576,0.058
16.647811864,0.058
16.649676129,0.354
16.651668302,-0.28400000000000003
16.653657069,-0.176
16.655631227,0.554
16.658005729000003,0.169
16.659783046,-0.459
16.66245719,0.188
16.6647542,0.5700000000000001
16.666276337,0.5700000000000001
16.667932339,-0.436
16.669710321,-0.436
16.672697444,0.437
16.674105037,0.437
16.675754258,-0.454
16.678050874,0.517
16.680937366000002,-0.271
16.682049718000002,-0.271
16.684153624,-0.154
16.686135977,-0.154
16.688596781,0.147
16.689734952000002,0.147
16.692086166,0.294
16.69391473,0.294
16.696700519,-0.385
16.697761884000002,-0.385
16.699900231,0.481
16.702437716000002,0.481
16.705417894,-0.458
16.706618481,-0.458
16.708344541000002,0.452
16.710077446,-0.195
16.712155422000002,0.461
16.714890743,0.461
16.716568137,0.11800000000000001
16.717708422,0.11800000000000001
16.72031341,0.292
16.722661443,-0.113
16.72378964,0.312
16.729206559,0.63
16.729228786,0.20600000000000002
16.730360083,0.20600000000000002
16.731828329000002,-0.352
16.73490571,0.719
16.736311271,-0.06
16.737782679000002,0.176
16.740975037000002,0.47500000000000003
16.743464176,0.201
16.744579733000002,0.201
16.745809429,-0.402
16.748478665,-0.402
16.749884643,0.502
16.751818748,-0.11900000000000001
16.753716031,0.47800000000000004
16.756004589,0.193
16.757683135,-0.468
16.760739129,0.003
16.763671009,0.602
16.765183086,0.602
16.766073566,-0.528
16.768510767000002,-0.528
16.770456583,0.547
16.771838433000003,0.547
16.774400063,-0.326
16.775760975,0.445
16.777824267,-0.032
16.780134873,-0.483
16.782496314,0.336
16.784171219,0.20800000000000002
16.785848685,0.20800000000000002
16.787828841,-0.373
16.789914844000002,0.443
16.792557268,-0.259
16.793862223,-0.301
16.797079864,0.444
16.798092386,0.22
16.801092582000003,-0.335
16.803637744,-0.068
16.804528136000002,-0.068
16.806311275000002,0.386
16.809134333,-0.038
16.810248679,-0.038
16.813122885000002,0.447
16.815622228000002,-0.35000000000000003
16.816286362,0.134
16.818613717,0.63
16.820008552,-0.083
16.823093076000003,-0.277
16.824385152,0.443
16.825868123,0.364
16.827772059,0.364
16.831471592,-0.459
16.832690373000002,0.34
16.833762697,-0.041
16.835646569,-0.387
16.837738084,0.20700000000000002
16.839809995,0.297
16.84181045,-0.4
16.845564837,-0.032
16.846464897,-0.032
16.847880949,0.672
16.849874305,-0.35000000000000003
16.853521412000003,0.47600000000000003
16.855469569,0.38
16.856011142,-0.252
16.859032045,-0.057
16.86122967,0.356
16.863055778,-0.039
16.863919626,-0.039
16.86618456,-0.302
16.868465683,-0.302
16.87115272,0.164
16.873010601,0.482
16.873987588000002,0.2
16.875880744,-0.403
16.878191768,-0.179
16.880248459,0.405
16.882244708,0.125
16.884356203,0.125
16.886280115,-0.326
16.887815664,-0.326
16.890338579,0.46900000000000003
16.891775909,0.14400000000000002
16.893943589000003,0.39
16.895749184,0.435
16.89806789,-0.243
16.89987955,0.109
16.904827858,0.612
16.904855188000003,-0.031
16.906274661,-0.031
16.907852107,-0.432
16.910448109,0.224
16.911969267,-0.457
16.913844787000002,-0.095
16.916114710000002,0.638
16.918456583,0.638
16.9206541,-0.275
16.922313547,0.442
16.924866675,0.442
16.927188204,0.069
16.928204832000002,0.069
16.929700402,-0.135
16.931857253,-0.366
16.933711918,-0.366
16.935700363000002,0.013000000000000001
16.940289278,0.428
16.940835662,-0.376
16.942077174,-0.002
16.943932895,-0.002
16.945846042,0.789
16.947909033000002,0.212
16.950268498,0.212
16.952876452,0.42
16.954181891,-0.41100000000000003
16.955838531,-0.044
16.957848275,0.493
16.960878627,-0.08
16.962004781,-0.28400000000000003
16.965000403,0.392
16.966402077,0.296
16.968238451,0.296
16.969858957,-0.382
16.972338482,0.435
16.973850323,0.156
16.975733633,-0.067
16.978216409,0.384
16.98141764,0.454
16.982947124000003,-0.47700000000000004
16.984464250000002,-0.47700000000000004
16.985764215,-0.037
16.987951621,0.06
16.989730887,0.06
16.991995309,-0.335
16.993672844000002,0.41100000000000003
16.995692105,-0.373
16.998381988000002,-0.07100000000000001
17.002845703000002,0.589
17.003120868,0.08600000000000001
17.004201026,0.08600000000000001
17.005810504,-0.387
17.008328133000003,-0.387
17.010368938000003,0.19
17.012225043,-0.02
17.013849643,-0.02
17.016645319000002,0.522
17.01789919,-0.196
17.019965215000003,0.356
17.02294044,0.603
17.024228614000002,-0.263
17.025836918,-0.263
17.029294673000003,0.49
17.030435058000002,0.28700000000000003
17.031689163,-0.222
17.033738665,0.248
17.035893441000002,0.609
17.037952103000002,-0.47500000000000003
17.041575469,0.481
17.042243089,0.56
17.043927358,0.56
17.045741076000002,0.188
17.048284346000003,0.188
17.050460214,0.196
17.052155818000003,-0.263
17.05368872,-0.263
17.056768985,0.314
17.058044340000002,0.522
17.059737007000003,-0.333
17.06190623,-0.032
17.064411452,0.47900000000000004
17.065701181,0.47900000000000004
17.068551366,-0.138
17.070452826,-0.138
17.072448797,0.427
17.073713341,0.427
17.075664617,-0.375
17.079008589,0.6
17.080721765,-0.517
17.082083896,-0.189
17.083812366,-0.189
17.086066857000002,0.425
17.087920901,-0.47100000000000003
17.090172326,-0.47100000000000003
17.092053832,-0.099
17.093859816000002,-0.085
17.096029838,-0.317
17.097878084,0.394
17.100237777,0.487
17.102627281,-0.45
17.10588325,-0.026000000000000002
17.106617205000003,-0.026000000000000002
17.108234630000002,0.361
17.110279090000002,0.361
17.113057228000002,-0.367
17.114285554000002,-0.367
17.115771820000003,0.323
17.117749123,0.336
17.120654863000002,0.596
17.123363047,-0.137
17.124336825,-0.137
17.126724551000002,-0.115
17.128777029000002,-0.115
17.129874406000003,0.14300000000000002
17.132259418,0.14300000000000002
17.133806495,0.156
17.136384043,-0.14400000000000002
17.1379342,-0.14400000000000002
17.140132908000002,-0.41200000000000003
17.143245464,0.622
17.144605690000002,-0.16
17.145904827000003,-0.16
17.148187303,0.057
17.149930287,0.057
17.152225824000002,0.05
17.153931548000003,0.517
17.155926678,0.521
17.157910493000003,-0.439
17.162094361,-0.061
17.162607544,0.528
17.164315905000002,-0.081
17.165877979,-0.081
17.168495299,-0.268
17.169936342,0.37
17.172090856,-0.443
17.174591922,-0.058
17.175891033000003,0.369
17.178179004,0.068
17.179798167,0.068
17.18269211,-0.254
17.185090225,0.196
17.185922246,0.196
17.187846474,-0.659
17.190253851,0.234
17.19229739,-0.07100000000000001
17.194237541,-0.07100000000000001
17.196307849,-0.314
17.197895408,0.193
17.199887518,-0.508
17.202784521,-0.10400000000000001
17.204741788,0.404
17.205918142,0.404
17.207719125,-0.371
17.210269488,0.316
17.212029086,0.223
17.214605621,-0.434
17.215992364,0.023
17.218322126,0.401
17.220558710000002,-0.392
17.223211024,-0.515
17.224661374,0.361
17.226192060000002,0.361
17.227804212000002,0.432
17.231200408,0.539
17.232071813,0.611
17.233984328000002,0.049
17.236270331,-0.364
17.238555983,-0.364
17.242348431,0.324
17.243480997000002,-0.47600000000000003
17.244147678,-0.13
17.247055705,-0.13
17.247990829000003,0.561
17.252439038000002,-0.309
17.252988907000002,0.403
17.254230892000002,0.403
17.255801134000002,0.47600000000000003
17.257783056,-0.157
17.260115329,0.513
17.263757149,0.186
17.265127289000002,-0.403
17.266041646,-0.403
17.267908426,0.47000000000000003
17.270732671,-0.28200000000000003
17.272328627,0.066
17.273869366,0.555
17.275726390000003,0.226
17.278183627,-0.364
17.281392185,0.166
17.282176759000002,0.166
17.286066506,0.541
17.286562156000002,0.541
17.288116569,0.447
17.291234949,0.036000000000000004
17.292120295,0.036000000000000004
17.295949651,-0.425
17.296582280000003,0.20800000000000002
17.29804017,0.20800000000000002
17.300206300000003,-0.4
17.304564107,0.37
17.304574210000002,0.37
17.306108058,-0.20400000000000001
17.308473157,-0.20400000000000001
17.309782407,0.281
17.312809554,-0.14400000000000002
17.313961113,-0.113
17.31637139,0.553
17.319963593,0.247
17.320875034,-0.423
17.3220366,0.749
17.324190417,0.749
17.325956461,0.315
17.328005499,-0.391
17.330002643,0.582
17.331970162,-0.005
17.334714905000002,-0.317
17.336777464,0.308
17.337838622,0.308
17.340269617,0.384
17.344746407000002,0.438
17.345537221,0.438
17.346262094,0.5680000000000001
17.348117576,0.5680000000000001
17.349851511,-0.24
17.352831869000003,0.491
17.354281519,0.491
17.35579088,-0.11800000000000001
17.357946560000002,0.448
17.360378086,0.445
17.364189829,-0.191
17.364826487000002,0.47400000000000003
17.370342105000002,0.47400000000000003
17.371039398,0.28700000000000003
17.371222979000002,0.28700000000000003
17.372805453,0.528
17.373933533000002,0.528
17.375807119,0.363
17.378194975,0.452
17.382170725,0.325
17.383027531,0.325
17.385688363,-0.233
17.386164394,-0.233
17.38788082,0.433
17.389915879,-0.326
17.391877165,-0.326
17.393949437,-0.008
17.395800419,-0.042
17.397827858,-0.033
17.40125274,0.273
17.402507727,0.273
17.404771867,0.388
17.406616387,0.388
17.408143493,-0.001
17.411168869,-0.001
17.413549787,-0.291
17.415298506000003,0.453
17.416346671,-0.027
17.417829795,-0.027
17.420256049000002,-0.589
17.425180393,-0.589
17.426085323000002,0.34700000000000003
17.427927187,-0.41400000000000003
17.428747712,0.47800000000000004
17.430348596,0.47800000000000004
17.432253934000002,0.152
17.43492279,0.152
17.436291978,0.099
17.438880623000003,0.099
17.440414635,0.134
17.442206062,0.134
17.444815612000003,0.542
17.446866696,-0.364
17.448248640000003,-0.364
17.449854512,0.334
17.452510538000002,0.334
17.454546781,-0.057
17.456228971,-0.057
17.458503129,0.503
17.460948898,0.503
17.462084659000002,-0.249
17.464298827,0.67
17.466274539,0.67
17.467803986,-0.069
17.469826273000002,0.767
17.471963164,0.767
17.473708677,0.5670000000000001
17.476533566,0.497
17.477709159,0.627
17.479730266,0.10300000000000001
17.48252794,0.10300000000000001
17.484558505000003,-0.337
17.485807876000003,-0.337
17.487705866000002,0.538
17.490956462,-0.17200000000000001
17.491717189000003,-0.17200000000000001
17.494975966000002,0.7000000000000001
17.495926213,-0.423
17.49845248,0.233
17.500917719,0.365
17.501958405,0.365
17.503747263,-0.393
17.505794272000003,0.616
17.507757281,0.616
17.50972494,0.069
17.511685410000002,0.069
17.513665171,0.164
17.516331066,-0.371
17.518376639,-0.272
17.520717072,0.659
17.522185428,0.659
17.525404608000002,-0.076
17.526296775000002,-0.076
17.527771549,0.266
17.529743760000002,-0.313
17.532182673,-0.313
17.534063894000003,-0.216
17.535849228,0.219
17.538991353,-0.405
17.540544624000002,0.28600000000000003
17.542089237000003,0.28600000000000003
17.544622959,0.274
17.548157307,0.384
17.548706984000003,0.384
17.550557905,0.548
17.551779923,0.548
17.553829022000002,-0.455
17.556709992000002,0.5670000000000001
17.557969889000002,-0.31
17.560076905000003,-0.28600000000000003
17.562159027,-0.28600000000000003
17.564195931,0.462
17.565717037000002,0.462
17.569419041,-0.195
17.570420647000002,0.592
17.57174191,0.592
17.573699432,-0.128
17.576055064000002,0.608
17.577897744,0.222
17.581531048000002,-0.4
17.582628890000002,0.26
17.584137425,0.26
17.585827176000002,0.459
17.588821187,0.459
17.590041793,-0.223
17.591730387000002,-0.223
17.593659498,0.177
17.596071812,0.012
17.59810535,0.523
17.601493632,-0.193
17.602564463,-0.273
17.604558766,-0.273
17.607229280000002,0.429
17.607992164000002,0.429
17.610502116000003,-0.334
17.612128986000002,-0.334
17.614315332,0.562
17.615712677,0.562
17.618038044000002,-0.151
17.622882871,0.14200000000000002
17.623089483,0.14200000000000002
17.624500989,-0.47400000000000003
17.625857773,-0.47400000000000003
17.627954464000002,0.19
17.631560563,-0.213
17.632404920000003,-0.213
17.63382,0.356
17.636828482000002,-0.215
17.639071059000003,0.53
17.641934812000002,0.41000000000000003
17.643145620000002,0.41000000000000003
17.645418271,-0.266
17.646526804,-0.266
17.647858105,0.561
17.652234427,-0.148
17.652876720000002,-0.148
17.653829807,0.7020000000000001
17.656280402,-0.306
17.657954251,-0.35000000000000003
17.660832678000002,0.374
17.662489822,0.196
17.663892838000002,0.196
17.665758664000002,-0.579
17.667746486000002,0.516
17.669728613,-0.302
17.671704292,-0.28300000000000003
17.673664569,0.577
17.675650401000002,0.46900000000000003
17.677804792,-0.422
17.680697560000002,0.178
17.681948554,0.534
17.684428462,0.534
17.687243389000002,-0.305
17.688272072,-0.305
17.68978311,0.465
17.691920208000003,-0.377
17.694597394000002,0.109
17.69571908,0.5640000000000001
17.697637213,-0.1
17.699900486,-0.273
17.702441801000003,0.516
17.704135698,0.243
17.706244621,0.243
17.707750878000002,-0.417
17.710083939,-0.417
17.712502547,0.524
17.713871543,0.524
17.716232345,-0.28800000000000003
17.718136785000002,-0.062
17.720896275,-0.544
17.723439759,0.536
17.724691359,0.536
17.725873549000003,0.28400000000000003
17.730306523,-0.394
17.731241553,-0.394
17.732209607,0.499
17.733785433,0.499
17.73595401,-0.489
17.738509994,0.483
17.740501246,0.483
17.742304076,-0.307
17.743952636,-0.307
17.747657408000002,0.5630000000000001
17.748616629,0.5630000000000001
17.749886522,-0.436
17.752864509000002,0.598
17.755370685000003,0.598
17.756198594,-0.41300000000000003
17.758897713,0.604
17.759924083,0.604
17.762179566,0.295
17.763833602000002,0.136
17.765998134,0.136
17.767831202,0.488
17.771259436,-0.321
17.772054284000003,-0.321
17.773723672000003,0.562
17.775841472,-0.364
17.777758026,0.094
17.781497536,0.523
17.782530031,0.041
17.783912857,0.041
17.785773264,0.193
17.788567449000002,0.306
17.789801841000003,-0.428
17.791734613000003,0.242
17.793801215000002,0.401
17.796417964,-0.122
17.797917502,-0.435
17.800361324,0.47200000000000003
17.802744387,0.213
17.804202072000002,-0.5650000000000001
17.806531707,-0.5650000000000001
17.807977783000002,0.517
17.810350058,-0.322
17.813496473,-0.357
17.815159898,0.385
17.816038238,0.021
17.817912896000003,-0.5750000000000001
17.820078633,-0.012
17.824993147,-0.012
17.82530993,0.327
17.825948948,0.327
17.827802463,-0.333
17.829779738000003,0.215
17.832713561000002,-0.375
17.833826285,-0.002
17.835895922000002,0.659
17.837777212000002,-0.272
17.841659579,-0.365
17.842423764,0.34
17.845719693,0.09
17.846645903000002,0.09
17.848324319,-0.455
17.850155596,0.498
17.852647008,0.498
17.853848274,-0.493
17.855869662,0.424
17.858258605,0.424
17.861186227,0.194
17.862146446,0.5640000000000001
17.86454526,0.738
17.867444084000002,-0.03
17.868406289000003,-0.03
17.869957078000002,-0.34600000000000003
17.872083911,0.356
17.874775371000002,0.356
17.876021089,-0.467
17.878025894,-0.467
17.881347351000002,0.259
17.882364856000002,0.259
17.884757325000002,-0.28400000000000003
17.885812960000003,-0.28400000000000003
17.88870281,0.306
17.890603107,0.306
17.891979502,0.161
17.893934279,-0.47500000000000003
17.896365983000003,-0.47500000000000003
17.897966557,-0.363
17.900882263,0.41500000000000004
17.902194415,-0.261
17.903799656,-0.261
17.905760181,0.5750000000000001
17.90856558,-0.164
17.910502491000003,-0.164
17.91213758,-0.332
17.913884531,0.405
17.917619556000002,-0.542
17.92015243,-0.108
17.920948272,0.559
17.922125255,-0.28800000000000003
17.925166328,-0.28800000000000003
17.926273825000003,-0.353
17.927876418,-0.353
17.931462853000003,-0.23900000000000002
17.933920263,0.274
17.934680506,0.367
17.93576521,-0.34400000000000003
17.938120097000002,-0.442
17.940814191,0.31
17.943399333000002,0.218
17.944506804,0.218
17.946136791,-0.343
17.947714371,-0.343
17.949922559,0.447
17.95166679,-0.153
17.953695229,0.391
17.955673036,0.418
17.958116236000002,-0.293
17.961190811,0.08700000000000001
17.962083878,0.224
17.963788920000002,0.224
17.967747634000002,-0.21
17.96861272,-0.21
17.969824204000002,0.606
17.97182258,-0.337
17.97475515,0.035
17.975688796,0.544
17.979337277000003,-0.066
17.982748524,-0.23
17.982764587000002,0.47400000000000003
17.983942695,0.376
17.985896871,0.376
17.987848793,-0.277
17.989834194,0.543
17.991876480000002,-0.042
17.994053359000002,-0.171
17.996404974,0.554
17.998063848,0.554
18.001627092,0.34400000000000003
18.002304177000003,0.068
18.00528787,0.34500000000000003
18.006256998,0.34500000000000003
18.011752336,-0.278
18.012406173000002,0.367
18.012442113000002,0.367
18.013671754,0.257
18.015720176000002,0.038
18.018436599,0.352
18.020436727,-0.074
18.022273551,-0.4
18.024628007,0.539
18.027040234,0.382
18.027861524000002,0.382
18.029795634000003,-0.47100000000000003
18.031738657000002,0.647
18.033710851000002,0.053
18.035663147,0.124
18.038167818,0.432
18.041460802,0.069
18.04309782,-0.385
18.044357365,0.091
18.046515092,0.091
18.047902229,0.47700000000000004
18.049974262000003,-0.36
18.052145833,0.327
18.055196703,0.261
18.056289266,0.261
18.060721748000002,-0.393
18.061193113,0.5650000000000001
18.06286398,-0.276
18.064081739000002,-0.47900000000000004
18.065941835,-0.47900000000000004
18.069949845,0.436
18.070463779,-0.325
18.071957685,-0.325
18.075174564,0.211
18.076365015,0.01
18.077944146,-0.257
18.080556518,0.442
18.082013094,0.54
18.084679035,0.54
18.086178643,-0.454
18.088953978000003,-0.454
18.090035122,0.537
18.092126612,0.537
18.094349527000002,-0.319
18.096077582,0.40900000000000003
18.097708533000002,-0.373
18.102310987000003,-0.004
18.103187105,0.525
18.105367891,0.021
18.106416753,0.021
18.108379000000003,-0.276
18.110173053,-0.276
18.111823667,0.43
18.113902453,0.34900000000000003
18.116146977,0.519
18.11944134,-0.447
18.120712041,-0.201
18.123121409,0.32
18.124115718000002,0.509
18.126589601000003,0.509
18.129570717,-0.43
18.131892395,0.41100000000000003
18.132640175000002,-0.004
18.134118981,-0.004
18.136082552,-0.401
18.138226225,0.374
18.140262952,-0.34800000000000003
18.143274692000002,-0.031
18.144288396,0.423
18.146122959,0.423
18.148570258,-0.242
18.149882667,-0.242
18.153156107,0.5720000000000001
18.154240567000002,-0.47400000000000003
18.155781418,0.025
18.15783914,0.404
18.160500408,-0.041
18.162788923,-0.041
18.16594934,-0.014
18.166427715,-0.014
18.170528099000002,0.378
18.170901471,0.378
18.171998407,0.488
18.173929478,0.091
18.176164458000002,-0.424
18.178334925,0.56
18.180201504000003,0.41400000000000003
18.182336494,-0.37
18.185340886000002,-0.13
18.186171335,-0.13
18.187981071,0.557
18.189940374000003,0.557
18.193484984,-0.535
18.195656612,0.353
18.196287932,-0.405
18.198440513,-0.216
18.200609221,-0.216
18.203313674,0.577
18.204412357000002,0.577
18.205974569000002,-0.443
18.207988648,-0.443
18.210079936,0.261
18.211715378,-0.046
18.213842499000002,0.28300000000000003
18.215657281000002,-0.043000000000000003
18.217687224000002,-0.47600000000000003
18.219865491,0.365
18.222568853000002,0.55
18.224296001000003,-0.436
18.226166662,-0.436
18.227730180000002,0.214
18.230228227,0.214
18.231725037,0.121
18.233759706,0.189
18.236073179,0.47700000000000004
18.238237624,-0.34
18.240850766,0.216
18.243384391000003,0.517
18.244330189,0.517
18.245748217000003,0.10400000000000001
18.248000728,0.42
18.250817886,0.42
18.252227159,0.535
18.253841649,0.535
18.255825712,-0.155
18.25787176,0.089
18.259926053,0.089
18.262794169000003,-0.4
18.264216722,-0.4
18.265912232,0.41500000000000004
18.267848125,0.41500000000000004
18.272014294,-0.23500000000000001
18.27277844,-0.23500000000000001
18.275468771,-0.011
18.276386263000003,0.266
18.278035984000002,0.506
18.280793531,-0.16
18.283058866,-0.16
18.286341527,0.379
18.286620656,0.379
18.289656451000003,0.20700000000000002
18.290153386,0.20700000000000002
18.293852833000003,0.262
18.294660151000002,0.262
18.29638363,-0.273
18.298305025,0.532
18.301398941000002,0.532
18.30230263,0.273
18.304410464,0.273
18.305889979,0.249
18.308663606,0.249
18.309815747000002,-0.296
18.312104954000002,0.525
18.313845813,0.364
18.316097914,-0.335
18.317735998,0.338
18.319790684,0.338
18.322748188000002,0.464
18.32426632,-0.36
18.325788987000003,-0.36
18.327697358,0.5640000000000001
18.329765345000002,-0.245
18.332220525,0.051000000000000004
18.333838719000003,0.318
18.337052226,-0.113
18.338069563,-0.312
18.339813675000002,0.41000000000000003
18.342501851,0.22
18.344689767000002,-0.312
18.346583745,-0.312
18.349084843,0.27
18.350131029,0.27
18.352391925000003,-0.036000000000000004
18.353723683000002,-0.036000000000000004
18.3559606,0.357
18.36021834,-0.493
18.36088159,-0.017
18.362848669,0.398
18.364802816,0.398
18.369396664,-0.179
18.369763888,0.587
18.371464358,0.587
18.374839145000003,0.34400000000000003
18.375031515,0.34400000000000003
18.377373517000002,0.12
18.378380283000002,0.12
18.382319721000002,-0.199
18.382943243,0.503
18.384520224000003,0.503
18.386095608,0.116
18.388174136,0.116
18.389999363,0.132
18.394508505,-0.188
18.395453711000002,-0.2
18.396903464,0.373
18.398833475,0.373
18.401042486,0.126
18.403239873,0.126
18.404306163,0.016
18.405984967000002,0.016
18.409149254000003,-0.331
18.410115127,-0.331
18.412173893000002,0.494
18.414332859,-0.252
18.415988665,0.14200000000000002
18.417727574,0.47600000000000003
18.421229548,0.023
18.422272648,-0.518
18.424769257,-0.518
18.426144512,0.592
18.428056319,0.592
18.431205275,-0.544
18.432360085000003,0.5640000000000001
18.43418879,-0.272
18.435877674,-0.34500000000000003
18.437762845,0.363
18.440485827,0.299
18.442277872000002,-0.47000000000000003
18.445991040000003,0.062
18.448821085000002,0.062
18.449614151000002,0.399
18.450138826,-0.384
18.451698411000002,-0.384
18.454548344000003,0.485
18.456356904,0.485
18.457704362,-0.375
18.460736588,0.523
18.461978741000003,-0.066
18.463791232000002,-0.066
18.466051187,-0.246
18.467928362000002,0.229
18.469895391,-0.353
18.471813333,-0.353
18.475381603000002,0.114
18.476226389,-0.23600000000000002
18.478268624000002,-0.331
18.481426436,0.363
18.482743799,0.19
18.48445529,-0.609
18.485753748,-0.609
18.487733210000002,0.088
18.490090733000002,-0.145
18.491768129,-0.321
18.493800713000002,0.46
18.495979605000002,0.332
18.497907964,-0.20500000000000002
18.500495507,0.604
18.502089754,0.67
18.504450463,-0.018000000000000002
18.505860442,-0.018000000000000002
18.508071592,-0.17
18.510416683000003,-0.17
18.513866863,0.301
18.514569707,-0.11
18.516043014,-0.11
18.517795641000003,0.5630000000000001
18.519908798,-0.264
18.523010111,0.53
18.524005075,0.529
18.526532527,0.529
18.529153915000002,-0.264
18.529975278000002,-0.264
18.531719195,0.519
18.533706589,-0.357
18.535862195,0.303
18.537695245000002,0.445
18.540989512,-0.367
18.542067646,-0.367
18.54556721,0.417
18.546422138,0.417
18.548049506,-0.241
18.54995935,-0.241
18.551832757,0.272
18.555196933,-0.391
18.556113984,0.532
18.558219047,0.499
18.561163574000002,0.07
18.562517712000002,-0.294
18.563904683,-0.294
18.567134878,0.352
18.569336208000003,-0.639
18.570167511,-0.145
18.571890952,0.647
18.576548647000003,0.338
18.576577070000003,-0.35100000000000003
18.578146240000002,0.371
18.583443489,0.603
18.583461436,-0.157
18.584407284,-0.109
18.585852721000002,-0.109
18.589111162000002,0.659
18.589938799000002,-0.295
18.592608032,0.271
18.593944759000003,0.47600000000000003
18.596823282000003,0.47600000000000003
18.597936541000003,-0.382
18.601458721,0.592
18.602806493000003,0.201
18.604360934000002,0.201
18.605892357000002,-0.081
18.608189273,0.464
18.609786139,0.464
18.611716591,-0.28800000000000003
18.615213893,0.597
18.616255998,0.421
18.619087718,-0.062
18.621125278,0.679
18.623084959,0.65
18.623930022,0.079
18.625767272,-0.182
18.627724685,0.583
18.632036667,0.331
18.632634413,-0.25
18.633694220000002,0.536
18.635779191,0.445
18.638917522,-0.082
18.640514834,-0.281
18.641735857,0.466
18.645202058000002,0.382
18.64588019,0.382
18.647696385,-0.462
18.651949175000002,0.334
18.652770599,-0.046
18.653714437,-0.3
18.655750415,0.41300000000000003
18.657717499,0.505
18.661688878,-0.34500000000000003
18.664148969000003,0.677
18.664659757000003,0.677
18.666171648000002,0.637
18.668431758,0.637
18.671319605,-0.427
18.672119379,0.368
18.673889390000003,-0.47000000000000003
18.675894949,0.018000000000000002
18.677895307,0.504
18.680659723,-0.152
18.682901594,-0.489
18.685927420000002,0.281
18.686750149,0.281
18.687874702000002,0.197
18.691820504000003,-0.145
18.692334722000002,0.40800000000000003
18.694439998,-0.27
18.696182951,-0.603
18.699327816,0.48
18.701145688,0.48
18.702104881,0.184
18.704522221,0.184
18.706144549,-0.07100000000000001
18.708460773000002,-0.07100000000000001
18.710423386000002,0.16
18.712706970000003,0.16
18.714028582,0.586
18.715686791,-0.517
18.717720558,0.006
18.721130132000003,0.455
18.723119814,0.009000000000000001
18.724168049000003,0.009000000000000001
18.726700167,-0.41500000000000004
18.728074111,-0.41500000000000004
18.729967503,0.279
18.731821328000002,0.101
18.735866721,0.592
18.736613529,0.068
18.738222559,0.068
18.740471154,-0.352
18.742941562000002,0.616
18.743932691,0.616
18.74576575,-0.375
18.748321337,0.578
18.750139308,0.578
18.751697959,-0.35000000000000003
18.754168544000002,0.327
18.756980579,0.614
18.758303936,0.614
18.764030432000002,-0.361
18.764049767,0.62
18.764962533000002,0.08600000000000001
18.765932980000002,0.08600000000000001
18.769233345,-0.226
18.770399869000002,-0.226
18.772334313,-0.024
18.773924988,-0.043000000000000003
18.776948667000003,0.456
18.777898426,-0.078
18.780587688,-0.455
18.783081336000002,0.17500000000000002
18.785339491000002,0.396
18.78656161,0.396
18.787973565,-0.34800000000000003
18.790866878000003,-0.34800000000000003
18.793812738,0.6
18.794445601,-0.329
18.795875768000002,0.245
18.798054784,0.29
18.800921653,-0.373
18.803563284000003,-0.136
18.804470393000003,-0.136
18.806501009,0.451
18.808016218000002,0.451
18.810302532,0.005
18.811775284,0.196
18.813801511,-0.264
18.815691356000002,0.377
18.818207518,0.618
18.820444033,0.064
18.822404581,-0.373
18.823806424,-0.373
18.827293431,0.49
18.829845085000002,-0.492
18.830534294,-0.193
18.832218853,0.593
18.835744665,0.128
18.83651489,0.128
18.838134936,-0.028
18.840272511000002,0.404
18.842582129,-0.186
18.845569232000003,-0.151
18.846168260000002,-0.151
18.848439143,0.7010000000000001
18.850046827,-0.1
18.85202614,-0.1
18.854817484,0.372
18.856268397,-0.217
18.858151113,0.049
18.861572692000003,0.049
18.862486415000003,0.556
18.863791994,0.556
18.865850308000002,-0.619
18.868254792000002,-0.619
18.869998594000002,0.552
18.871740788,-0.176
18.87377138,0.627
18.875695193000002,0.41300000000000003
18.878240839,-0.224
18.882423602000003,0.077
18.882733515,0.428
18.884795597,-0.151
18.886188866,-0.151
18.888130013,-0.194
18.890052622000002,-0.194
18.892200324,0.022
18.894013031,0.022
18.895794322,0.267
18.897862801000002,-0.385
18.901038497000002,-0.184
18.903411563000002,0.434
18.904511159000002,0.434
18.905776374000002,-0.012
18.908013559,-0.012
18.911546903,0.157
18.912235714,0.157
18.915038565,-0.499
18.915842519,-0.499
18.918259192,0.638
18.919917837,-0.097
18.924573297000002,0.687
18.925061275,0.35000000000000003
18.926031054000003,0.35000000000000003
18.928669894000002,-0.08600000000000001
18.930017906,-0.08600000000000001
18.933212604,0.496
18.934239794,-0.421
18.936678699,0.129
18.937847785000002,0.501
18.941046205000003,-0.213
18.943680045,-0.257
18.944528976,-0.257
18.946185815,0.524
18.948172019,0.524
18.950415341000003,-0.16
18.952047777,-0.16
18.955464239,0.65
18.956272577,0.14100000000000001
18.959001251,0.417
18.960580053,-0.10300000000000001
18.962926942000003,-0.41100000000000003
18.964082384,0.164
18.966347766000002,0.164
18.96776208,0.423
18.969879963,0.423
18.973296592,0.06
18.974350942,0.304
18.976139912,-0.303
18.978368898000003,-0.046
18.981858510000002,0.381
18.983417591000002,-0.006
18.984128222000002,-0.006
18.98579368,-0.11800000000000001
18.988825354000003,-0.11800000000000001
18.989774837000002,0.318
18.991743575,0.139
18.993673021000003,0.544
18.996283022,0.06
18.997689291,-0.373
18.999761649,-0.373
19.002693269,0.368
19.005436486,-0.456
19.006191537,-0.456
19.007746190000002,0.042
19.0103546,0.035
19.011786205,0.035
19.013698787000003,-0.401
19.017341132000002,0.4
19.020116607000002,-0.43
19.020783941,-0.43
19.023422757000002,0.07100000000000001
19.024254447,0.07100000000000001
19.025879105,-0.009000000000000001
19.028150137,-0.009000000000000001
19.030644103,0.483
19.03233681,0.483
19.033944735000002,-0.443
19.036076076,0.605
19.037795729000003,0.42
19.040530102,-0.246
19.042162579000003,0.28700000000000003
19.044616022,0.28700000000000003
19.047375727000002,0.504
19.048263430000002,0.504
19.050208752,-0.009000000000000001
19.052016513,-0.009000000000000001
19.054180086000002,0.201
19.056353776,0.312
19.057756314000002,0.529
19.061423265000002,-0.064
19.062464534,-0.155
19.064599491000003,0.445
19.06596095,0.315
19.068640608000003,0.315
19.070331118000002,-0.183
19.071884101000002,0.489
19.073831014,-0.48
19.075926976,-0.226
19.080549987,0.502
19.08156672,0.304
19.083270067,-0.375
19.084029245,-0.375
19.085868743000002,0.111
19.088078666,-0.419
19.090154033,-0.419
19.092099025,-0.17
19.093742934,0.271
19.096120544,-0.47700000000000004
19.09790294,0.043000000000000003
19.099883194,0.56
19.102322823,-0.312
19.104230807,-0.343
19.106291204,-0.343
19.108062031000003,0.651
19.110149005,0.651
19.112125087000003,-0.433
19.114090496000003,-0.433
19.115989142,0.604
19.118189322000003,0.604
19.120314644,-0.343
19.123149783000002,0.234
19.124185615000002,-0.418
19.12640683,0.124
19.128679353000003,0.124
19.130507658000003,0.593
19.131742846,0.593
19.133695854000003,-0.23500000000000001
19.136677164,0.244
19.138138051000002,-0.41100000000000003
19.140691826,-0.41100000000000003
19.142279874,0.203
19.143996047,0.203
19.145923032000002,-0.403
19.147837351,-0.403
19.150862384,0.554
19.152130267,-0.425
19.154069822,0.178
19.155758276,0.489
19.159139981000003,-0.048
19.159811062000003,-0.179
19.164243120000002,0.726
19.164693369000002,0.489
19.166525163000003,0.489
19.167975189,-0.425
19.170050058,-0.425
19.173932412000003,0.543
19.174582580000003,-0.113
19.176873042,0.41300000000000003
19.1779288,0.23800000000000002
19.180000078000003,0.23800000000000002
19.182756679,-0.277
19.184322197,0.607
19.186245257,0.607
19.189555919,-0.082
19.19045892,-0.082
19.192251193,0.561
19.193646097000002,-0.512
19.195987637,-0.003
19.197678961,0.357
19.200986216,0.357
19.204246308000002,-0.14100000000000001
19.204791209,-0.14100000000000001
19.205942923000002,0.504
19.207940714000003,0.504
19.209850777,-0.61
19.211812734000002,0.461
19.214691086000002,-0.291
19.216138278000003,-0.291
19.217792561,-0.312
19.221199833,-0.312
19.223403724,0.114
19.224254690000002,0.114
19.227486688000003,0.5710000000000001
19.228241645,0.5710000000000001
19.231789898000002,-0.27
19.233576747,0.46
19.235071591,0.23500000000000001
19.236618788,-0.107
19.238002273000003,0.636
19.240146319,0.636
19.244629732,0.461
19.244663173000003,0.461
19.245865972,-0.181
19.247823922000002,-0.181
19.249719319,0.225
19.252619494,0.023
19.253734539,0.47600000000000003
19.255989243000002,0.054
19.260183528000002,-0.32
19.260802684,-0.32
19.262124331000003,0.5650000000000001
19.263900089,0.5650000000000001
19.266302930000002,-0.275
19.267843635000002,-0.275
19.270194015,0.538
19.271805085,-5.728
19.274415215,0.079
19.276024484,0.079
19.279162697,2.49
19.280335837000003,2.49
19.282209699000003,1.469
19.283925752000002,1.469
19.286509005000003,-1.839
19.287830551000003,-1.049
19.290039183,-1.049
19.291685440000002,-0.6910000000000001
19.294521202000002,-0.775
19.296450311,-0.928
19.298606554000003,-0.973
19.301390296,-0.973
19.302073918,-0.794
19.304940775000002,-0.794
19.306458844,-0.151
19.307751667,-0.151
19.309700978000002,-0.598
19.311823858,-0.06
19.313936344000002,-0.083
19.315681996000002,-0.079
19.317764485,-0.099
19.322563281,-0.091
19.32343221,-0.333
19.324781264000002,0.023
19.325753937,0.023
19.327760603,-0.009000000000000001
19.330206631000003,-0.009000000000000001
19.331737387,-0.091
19.334538075,-0.129
19.335931671,-0.375
19.338102975,-0.085
19.341253948000002,-0.085
19.342568276,-0.163
19.344794752000002,-0.163
19.345891517000002,-0.187
19.347973093,-0.187
19.351302437,-0.66
19.352556471,-1.122
19.355304911,-0.746
19.356375554,-0.671
19.358028583000003,-0.427
19.360679975,-0.384
19.362153921,-0.399
19.364718904,-0.399
19.370054118000002,-0.399
19.370118979,-0.399
19.371358964000002,-0.49
19.372365766,-0.619
19.373759396,-0.619
19.376119764000002,-0.498
19.379480313000002,-0.6940000000000001
19.380680604000002,-0.751
19.381719136,-0.543
19.385168036,-0.169
19.385992085,-0.169
19.389281686,-0.272
19.390068761000002,-0.272
19.391865759,-0.459
19.393922980000003,-0.465
19.39791465,-0.47600000000000003
19.398986085,-0.401
19.40088181,-0.401
19.402111357000003,-0.34900000000000003
19.404677121000002,-0.34900000000000003
19.405856907,-0.062
19.408135092000002,-0.062
19.409623422000003,0.258
19.41287281,0.256
19.414156982,0.256
19.415920868,-0.153
19.417711556,-0.257
19.420937224000003,0.261
19.423201899000002,-0.229
19.424329271,-0.229
19.425905593,-0.033
19.427700318000003,-0.033
19.431054586000002,0.11800000000000001
19.432217409,0.11800000000000001
19.435432497,0.08600000000000001
19.436119866000002,0.08600000000000001
19.438320278000003,0.08600000000000001
19.440926865,0.014
19.441885322,0.246
19.443901296,0.246
19.446142545,0.14
19.448258804,0.14
19.449840537,-0.281
19.451873632,0.002
19.454245308,0.0
19.455819183000003,-0.015
19.458153662,0.209
19.461103155,0.188
19.462038476,-0.193
19.464207666,-0.193
19.466141094,0.209
19.468027103,0.209
19.470329049,-0.265
19.471857948,0.105
19.473888695000003,-0.246
19.476746725,0.3
19.478314478,0.3
19.481120563,0.264
19.483337397,0.158
19.484245936,0.158
19.485903552,0.229
19.488056406000002,-0.317
19.489920892,0.125
19.492196788,-0.35100000000000003
19.494125278000002,-0.316
19.495853041,-0.281
19.49815366,0.016
19.500983243,0.123
19.501947992,0.229
19.50433303,-0.176
19.506733094,-0.176
19.508788510000002,0.106
19.509901086000003,0.14100000000000001
19.511970989,-0.247
19.513754716,-0.105
19.515862731000002,0.122
19.517841905,0.17500000000000002
19.520286916,0.0
19.522419105,0.157
19.524198494,0.157
19.526152662,0.052000000000000005
19.527713958,0.052000000000000005
19.529739547000002,0.193
19.531734956,0.10400000000000001
19.533667513,-0.334
19.535926038,0.14100000000000001
19.537677259000002,0.10400000000000001
19.542260177000003,-0.052000000000000005
19.543150362000002,0.26
19.543971232,0.274
19.545786204000002,0.274
19.547758773,0.231
19.551264165000003,-0.089
19.552274293,0.20700000000000002
19.553922052,0.14100000000000001
19.556041963000002,0.22
19.560502272,-0.271
19.560580605000002,-0.271
19.562337695,0.20500000000000002
19.564316145000003,0.20500000000000002
19.566070363,0.295
19.567980851,0.295
19.569873789000003,-0.279
19.573681203,-0.279
19.574623506000002,0.011
19.576043779000003,-0.34600000000000003
19.57775068,0.125
19.579957308,0.07200000000000001
19.582860457000002,0.233
19.583924282,-0.03
19.586128153,-0.03
19.588535014,0.243
19.589725687,0.243
19.593211241000002,-0.293
19.594564464,0.069
19.597571903000002,-0.28400000000000003
19.598071206,0.233
19.599693551,-0.151
19.602037506000002,0.14200000000000002
19.603988941,0.124
19.607699125,-0.452
19.609174953,-0.452
19.610767942000003,-0.334
19.611866142,-0.334
19.613777427000002,0.133
19.617280861,-0.191
19.617911753,0.354
19.621411801,0.269
19.622253398,0.163
19.624338483000002,0.163
19.627094549000002,-0.396
19.628126473000002,0.29
19.63001697,0.148
19.632203011,-0.381
19.63402968,-0.10300000000000001
19.636326005,0.381
19.638192571,0.277
19.640570207,0.277
19.642095526000002,-0.14100000000000001
19.646017449000002,0.195
19.646402631,0.195
19.648180217,-0.19
19.651075484,0.289
19.652412987,0.289
19.653863634,-0.3
19.655923936,0.251
19.659083472000003,0.049
19.660129134,-0.28200000000000003
19.663277726,-0.199
19.664405520000003,-0.199
19.666805347,0.19
19.667960558,0.19
19.671303187,0.23900000000000002
19.673942648,0.152
19.675848565000003,-0.28200000000000003
19.676660541,0.228
19.678510649,0.245
19.681161095,0.277
19.682142383000002,0.0
19.684359325000003,0.0
19.685982964,0.249
19.688657428000003,-0.039
19.691947827,0.10200000000000001
19.692325602,0.294
19.693935613,0.20800000000000002
19.696630046000003,-0.257
19.697817235000002,-0.277
19.699949776,-0.136
19.702948850000002,0.10200000000000001
19.704587183,-0.185
19.706121435,-0.092
19.708150088,-0.092
19.710080113,0.195
19.711716338000002,0.195
19.714529809000002,0.092
19.715834709000003,0.194
19.718048945,0.0
19.720550496,0.136
19.722913118,0.136
19.725476248,0.043000000000000003
19.726318214000003,0.043000000000000003
19.727743965000002,0.005
19.730234158000002,0.244
19.732418498,-0.256
19.733755649000003,0.375
19.736026509000002,-0.10300000000000001
19.738002238,-0.10300000000000001
19.741199496,-0.20500000000000002
19.743143843000002,-0.049
19.745230586,-0.08700000000000001
19.746169589,-0.08700000000000001
19.747989051,0.14100000000000001
19.749689025000002,-0.375
19.752493103000003,-0.259
19.753758879000003,-0.28800000000000003
19.756217652,0.244
19.757686865,0.337
19.760876129,-0.34900000000000003
19.762839423000003,0.159
19.763870946,0.159
19.766324159,0.08
19.768237999,-0.39
19.770057422,-0.39
19.771678254,-0.183
19.774283694,0.05
19.77607421,-0.28400000000000003
19.77823413,-0.28400000000000003
19.78132322,-0.242
19.784290742,0.316
19.785038488,0.05
19.786097424,0.167
19.788253539000003,0.167
19.789836375,-0.14100000000000001
19.791884134,0.234
19.794037227,0.08
19.796197198,-0.251
19.798036481,-0.251
19.801248637,-0.234
19.803429027,-0.254
19.804641181,-0.254
19.807267284,-0.31
19.809806308000002,0.14100000000000001
19.810517348,0.14100000000000001
19.813335175000002,-0.148
19.815934866000003,-0.254
19.817065276,-0.339
19.818011338,0.092
19.820134474,-0.247
19.823939045,0.006
19.825671212,0.092
19.826347569000003,0.092
19.827892542,-0.247
19.831129084,0.418
19.831920085,-0.267
19.834367255,-0.267
19.837261262000002,-0.368
19.838061721000003,0.276
19.840177416,-0.382
19.842381046,0.198
19.843929914,-0.34600000000000003
19.846341829,-0.34600000000000003
19.848476304000002,0.191
19.850285940000003,0.191
19.853737372,0.203
19.855333722,0.013000000000000001
19.856150871,0.36
19.858080707000003,0.20500000000000002
19.861334339000003,-0.28300000000000003
19.863089342000002,0.049
19.86437054,0.135
19.865940384,0.135
19.869935363,0.099
19.870810988000002,0.197
19.87181593,0.197
19.873857757,-0.147
19.8760975,0.049
19.877776111000003,-0.147
19.881213031,0.159
19.882547697,0.246
19.885014143000003,0.246
19.885965861000003,0.043000000000000003
19.88952778,0.184
19.890227522,-0.256
19.892042531,-0.337
19.894158897,-0.387
19.897392656,0.054
19.899725097,0.07200000000000001
19.900596125,0.24
19.901916366000002,-0.245
19.904655732000002,-0.289
19.905992491000003,-0.20800000000000002
19.908038064000003,-0.20800000000000002
19.909701691000002,-0.38
19.912276724,0.246
19.915094800000002,-0.043000000000000003
19.916156481,-0.246
19.917714138,-0.246
19.920872159,0.049
19.922563899,-0.252
19.92409641,-0.252
19.925757953,0.191
19.928946030000002,0.246
19.93031298,0.092
19.932190272,0.092
19.935206164,0.289
19.937523273,-0.14100000000000001
19.938017902000002,-0.049
19.941547638000003,-0.332
19.942210349,0.191
19.944328251,0.191
19.946152868000002,-0.332
19.948433610000002,-0.332
19.949917339000002,0.123
19.952123052,-0.289
19.953665837000003,-0.289
19.955693824,-0.168
19.957661787000003,-0.333
19.96118757,0.106
19.961969099,0.333
19.964572202000003,0.333
19.965792163,-0.20600000000000002
19.968456175,-0.20600000000000002
19.970330466,-0.223
19.972174957,-0.223
19.973677763,0.157
19.975803651,0.2
19.977769439000003,0.391
19.983508249,0.149
19.984127622000003,-0.433
19.984919929,0.05
19.986603873,0.05
19.987764397000003,0.116
19.990544774,0.17400000000000002
19.992281121,0.17400000000000002
19.994018847,0.033
19.996461401,0.434
19.997794776000003,-0.2
20.000487156000002,-0.251
20.002576655000002,0.3
20.004125412,0.3
20.006233124,0.109
20.008015918,0.192
20.012009295000002,0.192
20.012704324,-0.14200000000000002
20.013801086,-0.301
20.015977993,0.368
20.017687197,0.251
20.020897229000003,0.233
20.023430174,-0.342
20.024757918000002,-0.342
20.025858158000002,0.343
20.027688699000002,0.343
20.029874478,0.133
20.031703467,0.05
20.033675239,-0.35000000000000003
20.036409915,-0.242
20.038076902,-0.2
20.041186888000002,-0.343
20.041979403000003,0.183
20.044286447,0.183
20.045757522000002,0.25
20.047770116000002,-0.342
20.049773381,-0.417
20.052155584,-0.417
20.054373516000002,0.14100000000000001
20.056162749000002,0.14100000000000001
20.058098477,-0.168
20.06265493,0.15
20.062694386,-0.451
20.063920842,0.083
20.065954488000003,0.083
20.067796119,0.158
20.070231325,-0.242
20.072000782,-0.242
20.073796206,-0.099
20.075971442,0.117
20.078372033,-0.308
20.079879457,-0.066
20.082564870000002,-0.25
20.084308655,-0.3
20.086191789,-0.3
20.088199629000002,0.25
20.090670125000003,0.25
20.092195568,-0.2
20.093781238000002,-0.2
20.096391862,-0.292
20.098227925,-0.28300000000000003
20.100352588,-0.28300000000000003
20.103713262000003,0.184
20.104625952000003,0.184
20.106142932,-0.333
20.107826741,-0.333
20.110680904000002,-0.025
20.11198319,-0.025
20.113908884,0.20800000000000002
20.115838974000003,0.325
20.118148928,-0.108
20.120672355,0.099
20.122478086,0.099
20.12605843,0.049
20.126873224,0.049
20.128636713000002,-0.341
20.129876111,-0.341
20.131823752000003,-0.333
20.133720977000003,-0.399
20.135694704000002,0.057
20.138184312,-0.099
20.140803083,-0.134
20.141998888,0.0
20.144103668,0.0
20.146196283000002,0.158
20.149135849,-0.157
20.150087261000003,0.191
20.15258065,-0.171
20.155200172,0.199
20.156679563,0.15
20.15825729,0.134
20.163193277,0.149
20.163205344,0.149
20.165255983,0.191
20.166126987000002,0.191
20.169252222,0.28300000000000003
20.170445432,-0.34900000000000003
20.171834595,-0.214
20.175668208,0.122
20.176622196,0.122
20.178597370000002,0.248
20.181243617,0.341
20.183698241000002,0.156
20.184328904,-0.176
20.186194017000002,-0.176
20.188208994,0.156
20.189984914,0.156
20.191980953,0.156
20.193705963000003,-0.14100000000000001
20.195758816,-0.305
20.198345937000003,0.107
20.200297387000003,0.191
20.203427024,-0.215
20.206521342000002,0.191
20.207178353,0.191
20.207983600000002,-0.383
20.210050287,-0.383
20.212615457000002,-0.148
20.213682496,0.134
20.216588023,-0.257
20.217710266,0.248
20.220904812,0.149
20.222704624000002,-0.134
20.223821574000002,-0.134
20.227311149000002,0.065
20.228317936,-0.248
20.229837807000003,0.149
20.231748147,0.092
20.235286873,-0.199
20.237836650000002,-0.156
20.239690085000003,0.291
20.241041729000003,-0.291
20.242012266,-0.191
20.245823933,-0.355
20.246531074,-0.355
20.248003664000002,0.256
20.250530278000003,-0.291
20.251730443,-0.291
20.253881463000003,0.264
20.255785378000002,-0.057
20.257793904,0.226
20.261141523000003,0.199
20.262311313,0.133
20.26412758,0.133
20.266228924,0.034
20.269056386000003,0.034
20.270083758000002,0.092
20.271754597,0.28300000000000003
20.274042516,0.25
20.276087665000002,-0.27
20.28136616,-0.375
20.281424751000003,-0.042
20.282961294,0.249
20.284208841,0.249
20.285857198000002,0.219
20.288145534,0.219
20.291105318,-0.249
20.292424307,0.333
20.295136810000002,-0.176
20.296229855,-0.106
20.297771567,0.106
20.301070387000003,-0.127
20.303183894,0.092
20.305663103,-0.042
20.306783625,-0.042
20.308643456000002,0.057
20.310591816000002,0.057
20.312051026000002,0.248
20.314729525,0.291
20.316209389,0.406
20.318869257000003,-0.015
20.320024848000003,-0.042
20.323202739000003,-0.192
20.32547067,0.257
20.326551798,0.257
20.327897313,-0.20700000000000002
20.329974926000002,0.041
20.332442288000003,0.041
20.333797597,0.192
20.335894618,0.158
20.338138964000002,-0.318
20.341106849000003,-0.224
20.341905433,-0.164
20.3448524,-0.164
20.346139808,0.192
20.348048108,0.192
20.349935391000002,-0.149
20.352423383,0.217
20.354502864,0.217
20.356089707000002,-0.134
20.358930337,0.149
20.360719033000002,0.049
20.362423626,0.073
20.364349721,0.073
20.369590412,0.249
20.369608088,-0.092
20.371343276,-0.092
20.372388054,-0.333
20.374133505,-0.333
20.37620014,0.158
20.378080212,0.158
20.381128231,0.057
20.383645696000002,0.076
20.384724208,0.076
20.386494787,-0.341
20.388112352,-0.333
20.390337982000002,-0.333
20.393286874,0.234
20.394016530000002,0.122
20.396590571,-0.122
20.398108116,-0.049
20.400741850000003,0.433
20.401956661,0.34800000000000003
20.40432085,0.34800000000000003
20.407608691,0.076
20.408708863,0.076
20.410631476000002,-0.122
20.412980444000002,0.057
20.41533759,0.057
20.41627312,0.214
20.418161905,0.163
20.420826249,0.065
20.422144051,0.134
20.424586085,0.134
20.427376153,-0.233
20.428233451,-0.233
20.429905117,0.318
20.431820383,0.149
20.434523876,-0.256
20.435791279,0.049
20.437744006000003,-0.256
20.441338063,-0.107
20.44360807,-0.28200000000000003
20.444767432000003,-0.28200000000000003
20.445923601,0.114
20.448149417,0.114
20.450999783,0.107
20.452295499,0.249
20.45413374,0.114
20.455770781000002,-0.027
20.458464669,0.248
20.463160870000003,0.249
20.463240928,-0.199
20.465691874,-0.14100000000000001
20.466255983,-0.14100000000000001
20.467996739,-0.007
20.470406819,-0.007
20.471890353000003,-0.249
20.473881395000003,0.057
20.475830782000003,0.149
20.478309097,0.026000000000000002
20.482750162000002,0.107
20.483550743000002,0.099
20.48549208,-0.391
20.486348353,-0.391
20.489580332000003,0.199
20.490690678,0.14100000000000001
20.493713133,0.092
20.494385853,0.092
20.496680523000002,0.092
20.49819632,0.225
20.50014557,-0.257
20.502280792,0.007
20.504648608,0.007
20.506171350000002,0.20600000000000002
20.508513253,0.20600000000000002
20.510249185000003,0.214
20.512341528,0.214
20.514080173,0.34900000000000003
20.516470097000003,0.34900000000000003
20.517858097,-0.149
20.521065176,-0.157
20.522637483,0.241
20.524304475,0.241
20.525894432,-0.034
20.528366188,-0.034
20.530016131,-0.20700000000000002
20.532005697000002,0.308
20.533722293,0.249
20.535908881,-0.107
20.537692738,-0.334
20.543455048000002,0.14100000000000001
20.544026773000002,-0.299
20.544789879,-0.217
20.546531329,-0.217
20.548036925,-0.35100000000000003
20.550118335,-0.35100000000000003
20.552806084,-0.183
20.554359741000003,0.534
20.556565723000002,0.099
20.558279641000002,0.099
20.560932241,0.20800000000000002
20.562377779000002,0.3
20.564303964,0.3
20.565889133000002,0.191
20.567884538,0.049
20.571792173000002,0.199
20.572311226,0.14100000000000001
20.573770028000002,-0.258
20.577255161,0.183
20.578365316000003,-0.158
20.580632775,-0.40700000000000003
20.582969209,-0.20800000000000002
20.584305506,-0.20800000000000002
20.586231014000003,0.058
20.587858803,0.058
20.591563031,0.14100000000000001
20.593969278000003,-0.165
20.59466987,-0.241
20.596038178,-0.007
20.598225172000003,-0.241
20.601387535,-0.126
20.604660216000003,-0.326
20.605532539000002,-0.326
20.607182291,-0.165
20.608566719000002,-0.165
20.611719449000002,0.122
20.612296459,0.192
20.615185077,-0.315
20.61603298,0.17500000000000002
20.617895054,0.465
20.62061814,-0.042
20.623584154,0.107
20.625028135,0.107
20.626366333,-0.257
20.62816617,0.176
20.630332076000002,0.176
20.632075534000002,0.17200000000000001
20.635347044,0.291
20.637894196,-0.17500000000000002
20.639920667000002,0.368
20.641619209,-0.292
20.643439971000003,0.233
20.645554411000003,0.20800000000000002
20.646359842000003,0.20800000000000002
20.648248596000002,0.191
20.650225391000003,0.191
20.653217566000002,-0.14100000000000001
20.654270964000002,0.233
20.656558899,-0.299
20.658222759,0.28300000000000003
20.660972143000002,0.28300000000000003
20.662084752000002,-0.257
20.664822111000003,-0.257
20.666191558,0.17400000000000002
20.668314897000002,0.17400000000000002
20.669708648,0.433
20.671845694,-0.291
20.675125324,0.066
20.676024767,-0.258
20.677904037,0.215
20.679727611,0.091
20.682638308,-0.007
20.683764825,0.091
20.686219081,0.091
20.688071230000002,-0.249
20.689947729,-0.264
20.693253037,-0.224
20.696631335000003,-0.026000000000000002
20.697917821,-0.092
20.700573495,0.249
20.701539688,0.241
20.702406875,-0.099
20.705042415,0.165
20.705905400000002,0.157
20.707870886000002,0.157
20.710203091,0.042
20.713183323000003,0.042
20.715011792000002,0.249
20.716065288000003,-0.049
20.718257433,0.234
20.720104509000002,-0.134
20.723296563,0.191
20.724368693000002,-0.007
20.726750096,-0.007
20.728531361,0.049
20.730945788,0.049
20.732240414,0.134
20.733817063,0.134
20.735843673,0.291
20.737883024000002,0.11800000000000001
20.739763625000002,-0.042
20.742499857000002,0.073
20.745894569,-0.164
20.746599125000003,-0.164
20.74848893,-0.341
20.751392833,0.234
20.753720763,-0.191
20.755172223000002,-0.191
20.756317976000002,-0.234
20.758642441000003,-0.299
20.760065709000003,0.184
20.764167359,0.124
20.764975244000002,0.291
20.766266917000003,0.291
20.768264261000002,-0.20600000000000002
20.770729703,-0.20600000000000002
20.774538850000003,-0.034
20.775350731,0.165
20.776510588,0.165
20.77807541,0.115
20.7818936,0.20700000000000002
20.782785853,0.20700000000000002
20.784502419000003,0.042
20.786745838,0.042
20.7890719,0.184
20.789924976000002,0.134
20.79194184,0.222
20.793799371000002,0.134
20.796024266,0.149
20.797804137,0.234
20.802592807,-0.35000000000000003
20.803333416,0.0
20.804153331000002,0.0
20.805966185000003,-0.191
20.807861768000002,0.234
20.810390443000003,-0.249
20.811876344,-0.291
20.814098644,-0.291
20.815797229,0.184
20.81776305,-0.34900000000000003
20.820265748,-0.299
20.821990588000002,0.007
20.825341083,0.164
20.826614895000002,0.164
20.828748481,0.099
20.830701631,0.234
20.832274101000003,-0.049
20.834077714000003,-0.049
20.836244389,0.241
20.837885562,0.241
20.839877843,0.241
20.843328596000003,-0.256
20.845471139,0.033
20.846770738,0.033
20.848354787,-0.034
20.850670565,-0.034
20.851972290000003,0.149
20.854003333,-0.383
20.856309471000003,-0.383
20.858511119000003,0.249
20.861757899,0.28300000000000003
20.862344018,0.049
20.865056459,-0.058
20.866180384,-0.058
20.868272843,-0.34900000000000003
20.870417615,-0.249
20.873073878,-0.241
20.874041793,0.25
20.876364517000003,0.249
20.878462987000002,0.1
20.881225332,-0.007
20.882233914,-0.007
20.884359144,0.065
20.886330325000003,0.065
20.888120019000002,-0.25
20.892401266,0.192
20.892929369,0.275
20.894021783000003,0.275
20.895919694,0.183
20.898313321,0.233
20.900114182000003,0.042
20.905603965,0.14200000000000002
20.905636149000003,0.14200000000000002
20.906553781000003,-0.25
20.908234189,-0.25
20.910275269,0.123
20.914008414,0.325
20.914691346,0.325
20.916733750000002,0.108
20.918520316000002,0.108
20.920705485000003,0.3
20.923090576,0.3
20.925318515,0.334
20.926565163000003,0.334
20.927919408,0.17400000000000002
20.930021849000003,0.301
20.933310396,0.334
20.934291904000002,0.065
20.936820707000003,0.2
20.937758053,0.066
20.940383776,-0.334
20.944085534000003,0.133
20.944808994000002,0.133
20.946001195,-0.082
20.947795259000003,-0.082
20.949838196,-0.28400000000000003
20.952561063,0.25
20.953951235,0.25
20.955872052,-0.091
20.958669264,0.166
20.961130670000003,0.108
20.96350453,-0.05
20.964651236,-0.05
20.966815320000002,0.309
20.968792085,0.309
20.970308259000003,-0.125
20.973441817,-0.125
20.974193357,0.201
20.975883053,0.334
20.977976381,-0.28300000000000003
20.980931157,0.14100000000000001
20.982525889,0.033
20.984734266,0.033
20.988131899000003,0.192
20.988792967000002,0.192
20.990132363,-0.25
20.992368496,0.1
20.994137345000002,-0.191
20.996616734,-0.049
20.997990669,0.234
20.99995102,-0.20800000000000002
21.005147192000003,-0.05
21.006339318000002,0.158
21.007022621,0.158
21.008281868,-0.14100000000000001
21.009973433000003,-0.14100000000000001
21.012837724,0.35000000000000003
21.014326616,0.35000000000000003
21.016099448000002,-0.116
21.018031327000003,0.125
21.021426887,-0.033
21.022323749,-0.033
21.026043321000003,0.158
21.026781137,0.158
21.027908091,-0.133
21.030230476,-0.166
21.031968435,0.28300000000000003
21.035681056,0.25
21.036591703000003,0.25
21.037891101,-0.091
21.040600014000002,0.35000000000000003
21.043679975,0.149
21.044897048000003,0.149
21.046068801,-0.333
21.048250982000003,-0.333
21.050520296000002,0.14100000000000001
21.052050477,0.434
21.054233516,0.434
21.057770914000002,-0.384
21.058638942,-0.384
21.059921756,-0.033
21.062760439,0.168
21.065184355000003,0.107
21.066719131000003,0.107
21.068007687,-0.258
21.069902683000002,-0.05
21.072534285,0.17500000000000002
21.073886439000002,-0.383
21.075905581,-0.308
21.077955300000003,0.276
21.081200298000002,0.049
21.082716639,0.108
21.084513776,0.108
21.086046590000002,0.091
21.088327717000002,0.091
21.091347316,-0.316
21.092239625,-0.20800000000000002
21.094327928000002,0.308
21.096085248,0.308
21.098121991000003,-0.292
21.101289905,-0.292
21.102200453000002,-0.165
21.104221278,-0.165
21.105881939,-0.184
21.10787805,-0.184
21.111190413000003,-0.165
21.112558537,0.14100000000000001
21.113940525,0.241
21.115800801000002,0.15
21.118958762000002,0.15
21.120644816000002,-0.034
21.122243247,-0.034
21.124779267,0.20700000000000002
21.126803585,0.20700000000000002
21.128003066,-0.249
21.130342430000002,-0.249
21.131826175,-0.333
21.133932844,-0.191
21.136316518,-0.015
21.139298066000002,-0.2
21.140365946000003,-0.2
21.143271397000003,-0.333
21.144521215,0.234
21.146411786,0.234
21.148069901000003,0.049
21.150146661,-0.276
21.152076121,-0.149
21.154427914000003,-0.058
21.156057084,0.20800000000000002
21.159285733,0.20800000000000002
21.160432825,0.199
21.162117937,0.023
21.164004543,-0.17300000000000001
21.166930796000003,-0.17300000000000001
21.168639436000003,-0.108
21.170250673,-0.108
21.174457312,0.05
21.175295795,-0.149
21.176193361000003,0.265
21.178607541,0.265
21.181799148,-0.318
21.184426905000002,-0.233
21.185857156,0.218
21.186987809,0.218
21.189574844000003,0.115
21.190073703000003,0.115
21.192032237000003,0.134
21.193963384,-0.108
21.197221081000002,0.049
21.198267451000003,0.165
21.201211668000003,-0.299
21.203603963000003,-0.299
21.204329498,-0.299
21.206120415,0.15
21.208034505,0.15
21.210378178000003,0.25
21.212631015000003,0.25
21.214123371000003,-0.341
21.218000889000002,-0.058
21.218765060000003,0.05
21.221038878,0.158
21.223921198000003,0.083
21.224987898000002,0.083
21.227346297,0.016
21.228129655,0.016
21.231551375000002,-0.249
21.232789258,-0.199
21.234041446000003,0.133
21.237510626000002,0.133
21.238707635,0.133
21.241284756000002,0.226
21.241878970000002,0.226
21.244687665,-0.092
21.24694096,0.07200000000000001
21.248472877,0.07200000000000001
21.249933235,-0.383
21.252527641,0.255
21.254089209,0.255
21.255887738000002,-0.34
21.258199383,-0.198
21.261499499000003,-0.20600000000000002
21.262322657000002,-0.20600000000000002
21.264098958,0.248
21.266446053000003,0.248
21.268519782000002,0.333
21.270170124,0.105
21.272034612000002,0.092
21.27528148,0.042
21.276496690000002,0.0
21.278502558,0.162
21.280598598,0.113
21.282310866,0.184
21.284211489,0.184
21.286097951000002,0.042
21.287826147,0.042
21.289928407,-0.20500000000000002
21.293168008000002,-0.092
21.294524981000002,0.07100000000000001
21.295880244000003,0.042
21.297901931000002,-0.306
21.303275837,0.432
21.303292543,0.234
21.304514418,0.234
21.305940471000003,-0.34
21.307956767,-0.34900000000000003
21.310593637,0.049
21.311988987000003,-0.065
21.314572073,-0.305
21.315846182,-0.007
21.318075,0.007
21.320749859000003,0.149
21.323610777000003,0.036000000000000004
21.324993132000003,0.036000000000000004
21.32603839,0.007
21.327942764000003,0.007
21.330096562,0.0
21.332628549000002,0.248
21.33388841,0.078
21.336078184,0.29
21.338238638,0.241
21.341044609,0.106
21.343167213,-0.248
21.344223088,-0.248
21.346203356,-0.049
21.348439314,-0.049
21.350277537,0.191
21.352118034,0.199
21.353982076,0.292
21.356611475,0.233
21.35816715,0.249
21.361454682,0.258
21.36486736,0.1
21.364924622,-0.016
21.366409749000002,-0.016
21.370572390000003,0.242
21.373199721000002,0.242
21.373517571,-0.008
21.374715661,-0.008
21.375905204000002,0.058
21.377945435,-0.366
21.381080428,-0.168
21.382602437000003,-0.168
21.386263442,-0.209
21.387061911,-0.209
21.38813447,-0.359
21.389994888,0.008
21.39188038,0.251
21.395239193000002,0.1
21.396091375,0.1
21.398634576000003,0.032
21.400052008000003,0.1
21.403096663000003,0.342
21.404206349000003,-0.301
21.406239799,0.301
21.407916545000003,-0.343
21.410504254000003,0.242
21.412697987,0.209
21.415049996,0.209
21.416110080000003,0.375
21.419036772000002,-0.342
21.420662622000002,-0.342
21.423580402000002,-0.209
21.424625918,-0.209
21.426505935,-0.059000000000000004
21.428047842,-0.059000000000000004
21.429960869000002,0.201
21.432138466,-0.108
21.435312291000002,-0.14200000000000002
21.436329666000002,-0.14200000000000002
21.437933584,0.166
21.441483021,0.233
21.442287615,0.05
21.445411641,0.05
21.447613947,-0.108
21.448726372000003,-0.108
21.449993089000003,0.3
21.452281831,0.033
21.454193378000003,-0.192
21.456298275,-0.033
21.457993223000003,0.057
21.460562857000003,-0.242
21.462753819,-0.242
21.465424205,0.167
21.466601506,0.167
21.470160344,0.091
21.471003944,0.233
21.473246327000002,0.233
21.474476457,-0.091
21.475804509,-0.134
21.477966180000003,0.25
21.481031143000003,0.057
21.483080378,0.057
21.484513566,-0.258
21.486131578000002,-0.258
21.489076887000003,-0.074
21.489926387,-0.074
21.491789750000002,-0.308
21.493797604,0.2
21.498025686000002,-0.266
21.499847433000003,0.258
21.500993327,0.258
21.502453573,-0.258
21.505265032,-0.258
21.507266299,0.008
21.508382642,0.008
21.509819939,-0.292
21.512748122,-0.041
21.513806501,-0.041
21.515821487,-0.033
21.519298385000003,-0.25
21.520143742000002,0.225
21.523320662,-0.20800000000000002
21.524083740000002,0.251
21.526314222,0.251
21.527998055,0.367
21.530388129000002,-0.134
21.531855286000003,-0.234
21.533981973000003,0.401
21.535988699,-0.308
21.537932790000003,-0.3
21.540620566,0.016
21.542213667000002,-0.357
21.545901977,-0.249
21.546551518,-0.249
21.548517777,0.124
21.550120386,0.041
21.552618791,-0.325
21.553911049,0.275
21.556284954000002,-0.091
21.557821054,-0.17400000000000002
21.561021649,0.233
21.561933387,0.233
21.563914673000003,0.233
21.565963283000002,-0.3
21.568604249,-0.3
21.570275688000002,-0.217
21.573243478000002,-0.192
21.574607284000002,0.275
21.575777513000002,0.083
21.577937767,0.242
21.580648030000003,0.0
21.583271406,-0.334
21.584432340000003,-0.334
21.585892454,-0.342
21.588534061,-0.342
21.589950322,-0.1
21.592191755,-0.233
21.593952242,0.15
21.596104973000003,0.108
21.597807701,0.108
21.600830136000003,-0.20700000000000002
21.603948835,0.099
21.604541128,0.099
21.605899738,0.0
21.608955622,0.0
21.609904616,0.242
21.611823179,-0.05
21.613741739,-0.034
21.615987151000002,0.15
21.618717567,-0.34900000000000003
21.620354080000002,0.134
21.623589013,0.134
21.625598876,0.134
21.626725521,0.134
21.627877139000002,0.20700000000000002
21.631978807000003,0.333
21.632588922,0.164
21.635634585000002,0.065
21.636579205,-0.134
21.637892489000002,0.042
21.641290972,-0.265
21.644197663,-0.383
21.645073865,-0.383
21.646257315,-0.007
21.647900935000003,-0.007
21.651307639000002,0.057
21.652498821000002,0.023
21.653875936000002,0.157
21.655760516,-0.34800000000000003
21.658749888000003,-0.257
21.659749325,-0.007
21.663204312,0.057
21.663935413,0.0
21.666293185,0.0
21.667898251,0.234
21.669919983,0.134
21.672450959000003,-0.341
21.673813331,-0.341
21.675764540000003,0.184
21.678844261000002,0.249
21.681214801000003,0.184
21.682181073000002,0.268
21.685804002,0.149
21.686636126,0.149
21.690174554000002,-0.157
21.690958829000003,-0.157
21.69196238,0.14100000000000001
21.693835726,-0.191
21.695891805000002,-0.357
21.698272213000003,0.126
21.701503625,0.20700000000000002
21.702555460000003,-0.333
21.704131549000003,-0.333
21.705949682,0.291
21.708569769,0.0
21.709994328,0.0
21.712364284000003,-0.291
21.713783446,0.271
21.716567248,0.049
21.71812126,-0.057
21.721305045,-0.28300000000000003
21.722061529,0.007
21.724598406000002,0.007
21.726329368000002,-0.384
21.727964246000003,-0.384
21.730160988,-0.049
21.732080549000003,0.134
21.733858207,0.20700000000000002
21.735934177,0.107
21.738783871000003,-0.20700000000000002
21.740814803000003,0.366
21.743259092000002,0.14100000000000001
21.744452027,0.14100000000000001
21.746045412,0.199
21.748391903,0.199
21.750462872,0.164
21.752645141000002,-0.042
21.754455379000003,-0.242
21.756372501,0.191
21.758329210000003,-0.34800000000000003
21.761281035,-0.34800000000000003
21.762524172000003,0.191
21.764376769000002,0.191
21.766023844000003,0.234
21.768087148000003,0.234
21.770265764,-0.077
21.772729449,0.099
21.774669648,-0.389
21.776931750000003,0.042
21.7781907,0.20500000000000002
21.779982921000002,0.148
21.784080469000003,0.248
21.785233603000002,0.049
21.786576179,0.049
21.788108205,0.042
21.790388336000003,0.042
21.792334954,0.333
21.793866137000002,0.333
21.796316806,0.0
21.798136904,0.0
21.804765492,0.161
21.804796226,-0.135
21.805751111000003,-0.035
21.807108996,-0.035
21.809327475,0.234
21.8104842,0.234
21.812401763,-0.289
21.814196209000002,-0.354
21.817491337,0.332
21.818483706000002,-0.202
21.820864367000002,0.234
21.822798707,-0.375
21.824333212000003,-0.375
21.827335359000003,-0.202
21.828065117,-0.202
21.830007784000003,0.358
21.831894035,-0.08600000000000001
21.834233209,0.092
21.835958104000003,0.098
21.838306422000002,-0.332
21.840286561000003,0.332
21.842753991000002,0.293
21.844611856,0.293
21.846274540000003,0.147
21.848167101,0.147
21.850034623000003,0.234
21.851898151,-0.049
21.854880382,0.098
21.857320794,0.24
21.8585578,-0.147
21.860740863,-0.202
21.862928034000003,0.043000000000000003
21.865010685,0.043000000000000003
21.866109548,-0.14100000000000001
21.867930609000002,-0.14100000000000001
21.870704086,0.19
21.872019731,0.28200000000000003
21.874437678,-0.048
21.876047318,-0.006
21.878182338000002,-0.085
21.881098188000003,0.085
21.882780071000003,0.19
21.885226016,0.19
21.88678689,0.049
21.88797638,-0.156
21.890611449,-0.053
21.891971974,-0.053
21.895970995000003,0.048
21.897029352,0.048
21.898340331,-0.37
21.900626085000003,0.19
21.902151996,0.058
21.904538717,0.058
21.906063500000002,-0.331
21.907955548,-0.331
21.910431820000003,0.196
21.912615485,0.19
21.914113518,0.08600000000000001
21.916381339,-0.306
21.918249288000002,-0.14100000000000001
21.921079857000002,0.332
21.922716955000002,-0.054
21.924903341,-0.054
21.926127725,-0.10300000000000001
21.928433995000002,-0.13
21.929965181,0.016
21.933266624,0.043000000000000003
21.935865115000002,-0.048
21.938617209,0.054
21.938638518,-0.005
21.941868684000003,0.156
21.944847595000002,-0.146
21.945229094000002,-0.395
21.946515220000002,-0.28200000000000003
21.948590613,-0.28200000000000003
21.95028074,0.293
21.952112421000002,-0.199
21.954061276,0.112
21.957573365000002,0.154
21.958689164000003,0.096
21.960082706,-0.23700000000000002
21.962610822000002,-0.422
21.964006534000003,0.243
21.966231792000002,0.233
