t,value
0.11648472600000001,6.428963583886563
0.11650859400000001,6.428963583886563
0.116543503,6.428938451145333
0.118417662,6.428938451145333
0.12035912000000001,6.428976150257177
0.122268151,6.428976150257177
0.124221621,6.428976150257177
0.12711562,6.428976150257177
0.131355833,6.428980339047383
0.131416016,6.428980339047383
0.133223598,6.428951017515948
0.134313974,6.428951017515948
0.135632612,6.428963583886563
0.13820294800000002,6.428955206306154
0.139750707,6.428980339047383
0.14238627,6.428963583886563
0.14415085500000002,6.428963583886563
0.145717421,6.428963583886563
0.147851554,6.428988716627792
0.149667024,6.428963583886563
0.152653899,6.428967772676768
0.154120891,6.428992905417996
0.155581921,6.428967772676768
0.157663946,6.428963583886563
0.15984255,6.428988716627792
0.16327393,6.428980339047383
0.16399835100000001,6.428955206306154
0.16637823200000001,6.428955206306154
0.167736297,6.428967772676768
0.16977639900000002,6.428988716627792
0.171851584,6.428992905417996
0.174567089,6.428955206306154
0.175899107,6.428967772676768
0.17782899000000002,6.428992905417996
0.18216652700000002,6.42902222694943
0.182719197,6.42902222694943
0.184519745,6.428951017515948
0.186132592,6.428951017515948
0.188531354,6.428988716627792
0.19060174900000001,6.428988716627792
0.19499136900000003,6.428955206306154
0.19501342600000002,6.428955206306154
0.197337022,6.428967772676768
0.19815958800000003,6.428967772676768
0.201210145,6.428967772676768
0.20652746100000002,6.428955206306154
0.20719578100000002,6.428988716627792
0.207219019,6.428988716627792
0.208096425,6.428976150257177
0.210168664,6.428976150257177
0.211960483,6.42892588477472
0.214335606,6.429001282998406
0.21624720900000002,6.429001282998406
0.219327347,6.428967772676768
0.223723361,6.428951017515948
0.223742973,6.428951017515948
0.22489593000000002,6.428955206306154
0.226615792,6.428955206306154
0.227992575,6.428955206306154
0.230382155,6.428963583886563
0.23196102400000002,6.428963583886563
0.23386684800000002,6.428988716627792
0.236895672,6.428988716627792
0.238074839,6.428955206306154
0.24033084100000002,6.428955206306154
0.244135066,6.428963583886563
0.245009828,6.428963583886563
0.246040486,6.428992905417996
0.24853645500000002,6.428992905417996
0.250542678,6.428992905417996
0.252772975,6.428988716627792
0.25390687900000003,6.428988716627792
0.25704645400000004,6.428963583886563
0.258111429,6.428938451145333
0.259867724,6.42901384936902
0.262181794,6.428955206306154
0.26429251600000003,6.428988716627792
0.266539643,6.428988716627792
0.268527978,6.428967772676768
0.27102021800000003,6.429001282998406
0.27347634600000004,6.428988716627792
0.27427559500000004,6.428951017515948
0.27609527700000003,6.428951017515948
0.277910975,6.428930073564924
0.28006999600000004,6.428980339047383
0.28312181000000003,6.428976150257177
0.28408688800000004,6.428955206306154
0.28686556500000004,6.428976150257177
0.28783337800000003,6.428976150257177
0.290650597,6.428963583886563
0.294105614,6.428955206306154
0.294730531,6.428955206306154
0.295679216,6.428976150257177
0.298027741,6.428992905417996
0.301068155,6.428992905417996
0.302007097,6.428951017515948
0.303782926,6.428951017515948
0.305707328,6.428951017515948
0.308269022,6.428951017515948
0.310255769,6.428980339047383
0.31188317400000004,6.428980339047383
0.31382961400000003,6.428967772676768
0.315604312,6.428980339047383
0.317647461,6.428955206306154
0.32098833000000004,6.428967772676768
0.322448089,6.429001282998406
0.32392273000000005,6.428967772676768
0.32569944500000003,6.428967772676768
0.328599227,6.428967772676768
0.329681805,6.428967772676768
0.33186431800000005,6.428951017515948
0.33399989300000005,6.428951017515948
0.33627892400000003,6.428976150257177
0.33782169500000003,6.428988716627792
0.34009167900000004,6.428988716627792
0.342674121,6.428976150257177
0.343911051,6.4289426399355385
0.34617332,6.4289426399355385
0.34792522800000003,6.428951017515948
0.350978605,6.428951017515948
0.352172778,6.428992905417996
0.355544482,6.428976150257177
0.356541504,6.428976150257177
0.358526608,6.428963583886563
0.360906013,6.428988716627792
0.36197645300000003,6.428992905417996
0.364314904,6.428976150257177
0.36652188900000005,6.428976150257177
0.36919276700000003,6.428938451145333
0.373090959,6.428938451145333
0.375056583,6.428992905417996
0.377736571,6.428951017515948
0.37774977000000004,6.428951017515948
0.38189899800000005,6.428988716627792
0.381955722,6.428955206306154
0.38721571200000005,6.428955206306154
0.38723082600000003,6.428976150257177
0.388221912,6.428976150257177
0.391182491,6.428980339047383
0.39126373000000003,6.428951017515948
0.39464816500000005,6.428951017515948
0.40119546,6.428955206306154
0.40172576000000004,6.428955206306154
0.402352767,6.428955206306154
0.40271289800000004,6.428955206306154
0.40362908900000005,6.428963583886563
0.40400979800000003,6.428963583886563
0.407462317,6.428951017515948
0.412640316,6.428963583886563
0.413342672,6.428963583886563
0.41338859600000005,6.428955206306154
0.421084985,6.428955206306154
0.42112136800000005,6.428963583886563
0.421130325,6.428963583886563
0.42431611700000005,6.428980339047383
0.424666227,6.428980339047383
0.426548022,6.428992905417996
0.42763604600000005,6.428992905417996
0.428432305,6.429001282998406
0.429798422,6.429001282998406
0.431774288,6.428963583886563
0.43899383700000005,6.428976150257177
0.441208928,6.428963583886563
0.44125525400000004,6.428963583886563
0.44224778000000003,6.428963583886563
0.44494673500000004,6.4290096605788145
0.44566739600000005,6.4290096605788145
0.44629984500000003,6.428955206306154
0.447798038,6.428955206306154
0.449649988,6.428955206306154
0.45293032600000005,6.428951017515948
0.454088472,6.428955206306154
0.45619235,6.428967772676768
0.457994895,6.428967772676768
0.460017967,6.428963583886563
0.46284153000000006,6.428980339047383
0.464204755,6.428955206306154
0.466392888,6.428955206306154
0.46774305600000005,6.4289426399355385
0.470490238,6.428980339047383
0.471892295,6.428938451145333
0.473688949,6.428963583886563
0.47645437500000004,6.428955206306154
0.478386232,6.428938451145333
0.47982057600000005,6.428980339047383
0.48316629000000005,6.428976150257177
0.484634194,6.428976150257177
0.486124781,6.4289426399355385
0.487810338,6.4289426399355385
0.48980376700000006,6.428955206306154
0.491790689,6.428988716627792
0.493782321,6.428992905417996
0.49567291900000005,6.428951017515948
0.49817225200000004,6.429001282998406
0.503850072,6.428955206306154
0.5042841330000001,6.428963583886563
0.504821014,6.428967772676768
0.505899928,6.428967772676768
0.5078629100000001,6.428963583886563
0.510150412,6.428963583886563
0.511874126,6.428976150257177
0.5138325770000001,6.428955206306154
0.515656876,6.428963583886563
0.5176864290000001,6.428951017515948
0.520237634,6.428988716627792
0.522283562,6.428967772676768
0.5243040720000001,6.428967772676768
0.527055293,6.428976150257177
0.52813181,6.428976150257177
0.5299132360000001,6.428980339047383
0.532378488,6.428951017515948
0.533808607,6.428951017515948
0.535839187,6.428976150257177
0.541694558,6.428976150257177
0.541900346,6.428980339047383
0.542437559,6.428980339047383
0.543901017,6.428992905417996
0.5457584950000001,6.428992905417996
0.548964884,6.428980339047383
0.549679306,6.428980339047383
0.551729036,6.428967772676768
0.553744864,6.428963583886563
0.556020772,6.428963583886563
0.5577485080000001,6.428955206306154
0.5596106000000001,6.428963583886563
0.563355578,6.428967772676768
0.5643507520000001,6.428980339047383
0.565668413,6.428980339047383
0.56903451,6.4289426399355385
0.571281879,6.42901384936902
0.5722703680000001,6.428976150257177
0.5736762280000001,6.428938451145333
0.576637038,6.428955206306154
0.581934986,6.428967772676768
0.582594756,6.428967772676768
0.584088994,6.428967772676768
0.586574444,6.428967772676768
0.5874435100000001,6.428951017515948
0.59059114,6.428951017515948
0.59281128,6.428951017515948
0.5955184530000001,6.428951017515948
0.595863608,6.428976150257177
0.596849862,6.428976150257177
0.5998729460000001,6.428976150257177
0.600850842,6.428976150257177
0.602723203,6.428963583886563
0.6037621950000001,6.428963583886563
0.605629811,6.428976150257177
0.608037316,6.428955206306154
0.609907512,6.428955206306154
0.6119367640000001,6.428967772676768
0.6139646400000001,6.428967772676768
0.61924769,6.428980339047383
0.6199725620000001,6.428963583886563
0.622498632,6.428963583886563
0.6236046160000001,6.428980339047383
0.624411846,6.428980339047383
0.6268219850000001,6.428955206306154
0.628288823,6.428955206306154
0.6299788000000001,6.428980339047383
0.631666568,6.428980339047383
0.633669967,6.428963583886563
0.6358926650000001,6.428930073564924
0.637738808,6.428967772676768
0.6396935020000001,6.428980339047383
0.6433753120000001,6.428955206306154
0.6447426350000001,6.428967772676768
0.645686559,6.428967772676768
0.6476402600000001,6.428951017515948
0.6503317540000001,6.428963583886563
0.651644097,6.428963583886563
0.653602647,6.428955206306154
0.656663681,6.428967772676768
0.6584647560000001,6.428963583886563
0.66166053,6.428988716627792
0.662374405,6.428980339047383
0.6640507720000001,6.428992905417996
0.666472303,6.428992905417996
0.6676336700000001,6.428988716627792
0.67045478,6.428955206306154
0.67195833,6.428967772676768
0.674053513,6.428963583886563
0.67591243,6.428980339047383
0.6783769780000001,6.4290096605788145
0.681169156,6.4289426399355385
0.682429665,6.4289426399355385
0.684720004,6.42892588477472
0.685853047,6.42892588477472
0.687702625,6.428955206306154
0.690532959,6.428967772676768
0.692175677,6.428980339047383
0.6937944370000001,6.428963583886563
0.6957715640000001,6.428980339047383
0.69790467,6.428955206306154
0.700065656,6.428951017515948
0.702655098,6.428951017515948
0.7059366960000001,6.428955206306154
0.7064793970000001,6.428955206306154
0.7081300700000001,6.428976150257177
0.709763341,6.4289426399355385
0.7117214700000001,6.4289426399355385
0.714318801,6.428955206306154
0.7156224520000001,6.428967772676768
0.718320776,6.428963583886563
0.7210925410000001,6.428951017515948
0.7218569690000001,6.428951017515948
0.724132259,6.428980339047383
0.7267142830000001,6.428980339047383
0.727923129,6.428988716627792
0.729696566,6.428951017515948
0.7317822270000001,6.428951017515948
0.734044063,6.428955206306154
0.735639236,6.4289426399355385
0.73768243,6.429001282998406
0.7406993300000001,6.428963583886563
0.7418338680000001,6.428980339047383
0.744491239,6.428963583886563
0.7458992470000001,6.428980339047383
0.748447253,6.428980339047383
0.74979638,6.428967772676768
0.7523073990000001,6.428967772676768
0.755465083,6.428980339047383
0.75643432,6.428967772676768
0.759686819,6.428963583886563
0.7606921360000001,6.428967772676768
0.7629782300000001,6.429001282998406
0.764223855,6.429001282998406
0.7656933220000001,6.429001282998406
0.767861903,6.428963583886563
0.772163465,6.428963583886563
0.772708104,6.428988716627792
0.773640635,6.428967772676768
0.775682737,6.428963583886563
0.777562077,6.428980339047383
0.7802352490000001,6.428963583886563
0.7820765080000001,6.428963583886563
0.7845037890000001,6.428963583886563
0.785730421,6.428951017515948
0.787614739,6.428951017515948
0.790442921,6.428988716627792
0.792281667,6.428992905417996
0.7944500910000001,6.428992905417996
0.797191508,6.428963583886563
0.7979372130000001,6.428963583886563
0.800769044,6.428976150257177
0.802777124,6.428976150257177
0.805762756,6.428955206306154
0.80627632,6.428955206306154
0.808696211,6.428938451145333
0.810112487,6.428938451145333
0.81164707,6.428992905417996
0.8136286810000001,6.428955206306154
0.816089932,6.428988716627792
0.8175959740000001,6.428988716627792
0.8197508720000001,6.428976150257177
0.8225912910000001,6.428967772676768
0.825052187,6.4290096605788145
0.825938342,6.4290096605788145
0.8277650820000001,6.428967772676768
0.8296581230000001,6.428980339047383
0.8319824050000001,6.42902222694943
0.834450468,6.429001282998406
0.8356587670000001,6.428963583886563
0.8382938990000001,6.428980339047383
0.8399179050000001,6.428963583886563
0.842523153,6.428967772676768
0.845202907,6.428967772676768
0.8464848730000001,6.428967772676768
0.8476929670000001,6.428980339047383
0.849618949,6.428980339047383
0.8519089240000001,6.428963583886563
0.853599478,6.428938451145333
0.8555635810000001,6.428992905417996
0.8575658030000001,6.428980339047383
0.86169704,6.428951017515948
0.862954996,6.428951017515948
0.8652170020000001,6.428951017515948
0.8662357380000001,6.428951017515948
0.8699039700000001,6.428980339047383
0.8706257580000001,6.428955206306154
0.872008026,6.428955206306154
0.8737427400000001,6.42901384936902
0.8757081290000001,6.428980339047383
0.8779644710000001,6.428963583886563
0.8797689200000001,6.429001282998406
0.8841418900000001,6.428988716627792
0.884868812,6.428976150257177
0.885685732,6.428976150257177
0.8876520870000001,6.4290096605788145
0.889945572,6.428951017515948
0.8924719680000001,6.4289426399355385
0.893670195,6.428988716627792
0.896067197,6.429001282998406
0.8979432890000001,6.428992905417996
0.9003170730000001,6.428955206306154
0.902638771,6.428955206306154
0.9039254360000001,6.428988716627792
0.9062408630000001,6.428988716627792
0.9081470730000001,6.428976150257177
0.9098532050000001,6.428976150257177
0.9120528630000001,6.428976150257177
0.915244147,6.428967772676768
0.9170162510000001,6.428967772676768
0.918236936,6.428967772676768
0.921228554,6.428955206306154
0.9221328950000001,6.428963583886563
0.9246223990000001,6.428967772676768
0.926205762,6.428967772676768
0.9280468940000001,6.428980339047383
0.929872239,6.428980339047383
0.933353089,6.428955206306154
0.9342763780000001,6.428938451145333
0.9372471040000001,6.428938451145333
0.9379901370000001,6.429001282998406
0.939846076,6.4290096605788145
0.9431334680000001,6.428980339047383
0.944596791,6.428955206306154
0.946417665,6.428955206306154
0.948097285,6.428963583886563
0.950044941,6.428963583886563
0.952160192,6.42901384936902
0.954582586,6.42901384936902
0.9566038630000001,6.428963583886563
0.957643883,6.428963583886563
0.9595978420000001,6.428967772676768
0.963136474,6.428963583886563
0.96461825,6.428963583886563
0.9656728800000001,6.42901384936902
0.967674439,6.4290096605788145
0.9702522870000001,6.4290096605788145
0.9717029150000001,6.428963583886563
0.973702335,6.42902222694943
0.9758064230000001,6.428976150257177
0.9776243480000001,6.428980339047383
0.97968129,6.428967772676768
0.984697942,6.428967772676768
0.984733587,6.428963583886563
0.987235693,6.428963583886563
0.9880858140000001,6.428963583886563
0.989780313,6.428980339047383
0.992513905,6.4290096605788145
0.9939237110000001,6.4290096605788145
0.9965899180000001,6.428967772676768
0.9986869020000001,6.428976150257177
1.000004833,6.428976150257177
1.003238235,6.428992905417996
1.0043389440000001,6.429026415739635
1.005847042,6.429026415739635
1.007823049,6.428988716627792
1.01091608,6.428992905417996
1.011937251,6.428992905417996
1.014343723,6.428967772676768
1.015814373,6.428992905417996
1.017929423,6.428967772676768
1.0198436180000001,6.428955206306154
1.022891496,6.428955206306154
1.024402878,6.428963583886563
1.026545056,6.428963583886563
1.0277636220000002,6.428980339047383
1.029862775,6.428988716627792
1.0321821180000001,6.428988716627792
1.034113794,6.428976150257177
1.036165918,6.428976150257177
1.037804227,6.428967772676768
1.042514661,6.428951017515948
1.0425440430000001,6.428992905417996
1.04405897,6.428980339047383
1.045678009,6.428980339047383
1.048199702,6.428967772676768
1.049662298,6.428967772676768
1.051722634,6.428955206306154
1.054095629,6.428963583886563
1.05768152,6.428976150257177
1.058403127,6.428963583886563
1.06075783,6.4289426399355385
1.062003509,6.4289426399355385
1.06432514,6.428976150257177
1.0657624490000002,6.428976150257177
1.0680702830000002,6.428976150257177
1.070518735,6.428976150257177
1.071662614,6.428967772676768
1.073790907,6.428976150257177
1.0757259190000001,6.428930073564924
1.078956521,6.428963583886563
1.079940268,6.428967772676768
1.085779874,6.428951017515948
1.085813991,6.428955206306154
1.086287527,6.428955206306154
1.0877840840000002,6.428955206306154
1.08980897,6.428955206306154
1.09261811,6.428976150257177
1.09363286,6.428976150257177
1.0956231090000002,6.428976150257177
1.097558331,6.4290096605788145
1.100455975,6.428955206306154
1.1024810520000001,6.428980339047383
1.1046659620000001,6.428980339047383
1.1058319170000002,6.428980339047383
1.1079913030000001,6.428955206306154
1.1100898750000001,6.428955206306154
1.1121701640000001,6.429001282998406
1.1144857300000002,6.428976150257177
1.115894946,6.429001282998406
1.1181303150000002,6.428967772676768
1.119761529,6.428967772676768
1.1274653540000001,6.429001282998406
1.1275461880000002,6.428967772676768
1.127938051,6.428955206306154
1.128759748,6.428955206306154
1.1299159,6.428951017515948
1.1326146240000001,6.428951017515948
1.134488631,6.428955206306154
1.1357990470000001,6.428938451145333
1.13783916,6.428938451145333
1.1397766710000001,6.428976150257177
1.142640222,6.428967772676768
1.14384211,6.428988716627792
1.146529273,6.428988716627792
1.147955396,6.428963583886563
1.1498744650000001,6.428963583886563
1.1524845730000002,6.428955206306154
1.153857806,6.4289426399355385
1.155762745,6.4289426399355385
1.15802116,6.428967772676768
1.159764723,6.428967772676768
1.1628895910000001,6.428913318404105
1.163850556,6.428913318404105
1.168146909,6.428992905417996
1.168682065,6.428992905417996
1.169882507,6.428951017515948
1.171842902,6.433705294398381
1.173863731,6.443259924855499
1.175969027,6.454548714457397
1.177720247,6.454548714457397
1.180207237,6.4657076515629495
1.182874448,6.481239685642296
1.183912965,6.487635968285006
1.186143465,6.487635968285006
1.1879900760000002,6.494199802535906
1.1900800390000001,6.494199802535906
1.1931880510000001,6.507918090456582
1.194178787,6.525272248275011
1.1957701760000001,6.537005049638619
1.1977378550000002,6.548205874646218
1.2011620980000002,6.558782569913303
1.2029300630000002,6.569086993817077
1.2042164180000001,6.57933696344819
1.2057331930000001,6.57933696344819
1.2081690920000001,6.589825694120973
1.2101580250000001,6.606622742842169
1.211946647,6.606622742842169
1.213592601,6.615800382180855
1.216337323,6.6345033304452254
1.2175552550000002,6.645151235145793
1.2206213000000001,6.655526868483049
1.223186102,6.6653537703034775
1.224524486,6.675825745815444
1.225861722,6.675825745815444
1.227686051,6.686582559061336
1.229882484,6.705486569255536
1.2317780310000002,6.71531765986617
1.2336308070000002,6.71531765986617
1.236321113,6.725161316847418
1.237655069,6.744379486306978
1.239710694,6.754327863043345
1.244043084,6.764150576073569
1.2448829410000002,6.7742371828866945
1.245898264,6.7742371828866945
1.2477295670000002,6.785647447404535
1.250711871,6.804019481242727
1.2517396680000001,6.813469391944723
1.25372562,6.823338181667203
1.255677117,6.832800658739814
1.2584624990000002,6.8423050237144745
1.2611295530000002,6.852471217541492
1.262315182,6.862696054431375
1.2654012940000001,6.8722087969864445
1.266367013,6.8722087969864445
1.2693886300000001,6.883288147078105
1.270408047,6.902598469922169
1.272553043,6.912203365861745
1.273653342,6.912203365861745
1.275608498,6.923027199750914
1.277815396,6.941344779316445
1.280767363,6.951716223863494
1.2833782470000001,6.961656223019452
1.284353539,6.961656223019452
1.2870988700000001,6.9718768711191315
1.2881726470000001,6.9718768711191315
1.289849355,6.990085542139338
1.291774492,7.009023062655176
1.294599947,7.018891852377654
1.2965348780000001,7.028865361855251
1.29771652,7.038713207626705
1.3022583250000002,7.048326481146688
1.303236502,7.057625595401315
1.3054356260000002,7.067678691892801
1.306322822,7.067678691892801
1.3078067050000002,7.078100401922309
1.310243971,7.097293438640641
1.312321403,7.097293438640641
1.3137344530000001,7.107246004167214
1.31644991,7.126187713473257
1.317770074,7.135838686105085
1.3201222320000001,7.145510602687937
1.322317046,7.155303994186729
1.323807895,7.165294258825143
1.3266077710000002,7.165294258825143
1.327767559,7.175979862637552
1.330385535,7.194892250412164
1.3319745600000001,7.194892250412164
1.333768258,7.205234373427782
1.336327169,7.223912188950924
1.337724758,7.233642748596642
1.340399018,7.243348175501133
1.342833269,7.243348175501133
1.346076226,7.254364693739722
1.3470676300000002,7.254364693739722
1.347864564,7.274315901485118
1.3502458240000001,7.274315901485118
1.351751653,7.292960206686622
1.3538798790000002,7.312567933635228
1.3558131310000001,7.312567933635228
1.359140269,7.322390646665452
1.361356663,7.341106161300438
1.363287251,7.350631470226123
1.3659882490000002,7.350631470226123
1.367944859,7.361120200898906
1.370700325,7.361120200898906
1.370727963,7.3832328243899745
1.371836485,7.3832328243899745
1.374899209,7.401839430479636
1.375946675,7.401839430479636
1.3777513970000002,7.421095299051039
1.3797113570000001,7.439299781281041
1.383388877,7.448925621171639
1.3845416320000001,7.448925621171639
1.387173856,7.458760900572478
1.388225226,7.458760900572478
1.3904090660000001,7.478460780905587
1.39192197,7.478460780905587
1.393871251,7.498085263015014
1.396002022,7.51726573336273
1.3979374980000001,7.527025614539882
1.400417131,7.53707871103137
1.40266643,7.546901424061594
1.405568262,7.5572686798184385
1.406845699,7.5572686798184385
1.408860008,7.568180478301909
1.410285872,7.568180478301909
1.4139773,7.588257349753449
1.4146563200000002,7.6077561681567305
1.4162528760000002,7.6077561681567305
1.419215786,7.618073158431119
1.4199568500000002,7.63717823055515
1.42447477,7.646707728271038
1.424544167,7.656953509111945
1.426066764,7.656953509111945
1.427964562,7.667236989064697
1.430048945,7.667236989064697
1.433257993,7.686853093593712
1.4352250000000002,7.706347723206788
1.4361685480000002,7.715923297614928
1.4378091670000002,7.726244476679522
1.440942068,7.736494446310636
1.4423567290000001,7.746120286201234
1.444152936,7.75639957736378
1.4457989450000002,7.75639957736378
1.448718235,7.767922939217146
1.451274404,7.786408070390869
1.4521714510000001,7.796482110833382
1.453623861,7.805923643954968
1.455770046,7.815943230124819
1.457684707,7.825996326616306
1.461324462,7.835974024884106
1.462523604,7.845503522599996
1.4639504010000002,7.8553094804694
1.4658414350000002,7.8553094804694
1.469428946,7.866384641770856
1.470508431,7.866384641770856
1.471782176,7.886021690250895
1.473776033,7.905432544059874
1.4772622940000002,7.915401864747267
1.478134894,7.924730300533326
1.4802643210000002,7.924730300533326
1.4844681210000001,7.935441037086965
1.4850352930000001,7.9543450472811665
1.486236726,7.9543450472811665
1.489488688,7.964829589163744
1.489840977,7.964829589163744
1.4939110420000001,7.983922094917162
1.4944673540000002,8.002470057943956
1.49618855,8.012732593945682
1.4977207410000002,8.012732593945682
1.5012632650000002,8.02466645723912
1.502838923,8.042288697630655
1.5038584890000002,8.052258018318046
1.506777698,8.052258018318046
1.508006165,8.063450465745236
1.5098211140000002,8.063450465745236
1.5117486070000001,8.082919962617083
1.5140141550000001,8.101907748615382
1.518196579,8.112140963085674
1.519095043,8.12210609498286
1.520139477,8.13158532721629
1.5224812440000002,8.141571403064503
1.5239167980000001,8.151465325528209
1.526487648,8.151465325528209
1.527798309,8.162452522235363
1.5301920370000002,8.162452522235363
1.5321951,8.182110514666427
1.5339839400000002,8.202057533621618
1.53660386,8.202057533621618
1.537785583,8.212399656637237
1.541017458,8.212399656637237
1.5432261760000001,8.23191941899154
1.5439224070000002,8.23191941899154
1.5458528370000002,8.252603665022775
1.547784429,8.271578884650458
1.5510097230000002,8.271578884650458
1.5517763980000001,8.281690624204812
1.554066774,8.30094230398601
1.5558459880000002,8.310484368072515
1.557937998,8.320629617948507
1.560078203,8.330448142188525
1.5626059220000001,8.340333687071823
1.566494139,8.350407727514332
1.5667813560000001,8.350407727514332
1.567807884,8.36143262333333
1.5697327540000001,8.36143262333333
1.571748372,8.380985896009275
1.5738099,8.400388372237845
1.5761264700000002,8.41036188171544
1.5811059250000001,8.419878813060716
1.5816314630000001,8.419878813060716
1.582646581,8.43019999212531
1.583838526,8.43019999212531
1.5859672310000001,8.45059102284221
1.588385347,8.469926478427503
1.5900191170000002,8.469926478427503
1.593273409,8.48028535660394
1.59436609,8.499499337273296
1.595826742,8.509225708128808
1.5979187830000001,8.51880128253695
1.600277167,8.51880128253695
1.6029322860000002,8.52844387758837
1.604436036,8.548508182669297
1.6061347860000001,8.548508182669297
1.6095614260000002,8.559357149299693
1.610518063,8.559357149299693
1.614007132,8.57874705915765
1.614924465,8.598681511742226
1.615957037,8.608294785262212
1.617965619,8.618176141355303
1.621351988,8.628321391231296
1.623558292,8.638516906589746
1.6244272560000002,8.638516906589746
1.626025325,8.650052834813728
1.6278927220000001,8.650052834813728
1.631409034,8.669291948224311
1.632360008,8.68934787572483
1.634575356,8.6993004412514
1.635860322,8.709290705889817
1.6379894590000001,8.719452710926628
1.63999712,8.719452710926628
1.6438993780000002,8.72904504049559
1.644587515,8.749377428149623
1.6458183180000001,8.749377428149623
1.649901445,8.760050465591418
1.6505647490000002,8.760050465591418
1.6516687060000002,8.780282322280536
1.653982964,8.799902615599756
1.655736502,8.80984680354592
1.6582213920000002,8.819690460527166
1.6602544760000002,8.819690460527166
1.662799775,8.830225267892203
1.6644105,8.830225267892203
1.665822407,8.851336770524329
1.6679040980000002,8.851336770524329
1.66982333,8.870127683383
1.6717649680000002,8.888830631647371
1.674071442,8.898309863880801
1.676061304,8.907608978135428
1.677843994,8.907608978135428
1.681382366,8.918659006695655
1.68233239,8.937098061177124
1.684314952,8.94730614290619
1.685775838,8.94730614290619
1.688082013,8.95849859033338
1.6901671820000002,8.95849859033338
1.691770253,8.978102128491779
1.694950371,8.998405194614378
1.696367481,9.008516934168732
1.7012731090000002,9.018783658960663
1.702667069,9.028681770214574
1.7033186690000002,9.039011326859578
1.7042932020000001,9.049257107700484
1.7062458520000001,9.049257107700484
1.7102423640000002,9.060537519721974
1.710902501,9.060537519721974
1.7123151410000002,9.080015394174232
1.7151204210000002,9.099887014905736
1.7159439660000002,9.109625952131866
1.7182742420000001,9.118996275819974
1.7202508820000002,9.128886009493474
1.7226145880000001,9.138863707761276
1.724284305,9.138863707761276
1.7261492500000002,9.14908016707075
1.727697727,9.14908016707075
1.729974882,9.170685946947039
1.731995065,9.188714499988437
1.733725017,9.188714499988437
1.736547016,9.199148776388562
1.7377192030000002,9.21889892220413
1.7396290730000001,9.21889892220413
1.7448841540000002,9.229534260534082
1.7451982330000002,9.249879214558728
1.747374116,9.26034700128049
1.748163335,9.26034700128049
1.749636685,9.271799153700377
1.751869541,9.289710420616041
1.753629568,9.29939490356951
1.7558025970000002,9.30891602370499
1.7580175130000002,9.318466465371902
1.7603574160000002,9.327849355430624
1.762047874,9.327849355430624
1.7641587120000002,9.338803041816139
1.7662370770000002,9.338803041816139
1.768123259,9.360630827573281
1.7697867040000002,9.360630827573281
1.7744766010000002,9.37919135697069
1.7752985110000001,9.39753406927745
1.775834268,9.407658375202418
1.7777259500000002,9.417573241617147
1.7804789090000002,9.417573241617147
1.782222422,9.427098550542834
1.7845676480000001,9.44705813586864
1.7862252140000001,9.44705813586864
1.7879176040000002,9.458238016925215
1.7901413320000001,9.458238016925215
1.791632332,9.477854121454229
1.7950483080000001,9.496967571158669
1.7962180390000002,9.506723263545615
1.7977521840000001,9.51673866092526
1.802710781,9.526645149759581
1.802736697,9.536660547139224
1.804387157,9.54672202121112
1.8060903510000001,9.54672202121112
1.807771024,9.557319660429231
1.8118475580000002,9.575926266518893
1.812420621,9.575926266518893
1.8153285160000001,9.586695646135398
1.816966491,9.605733697616152
1.8183915480000001,9.616000422408083
1.8228507500000002,9.626765613234385
1.822882555,9.637589447123553
1.8243865250000002,9.637589447123553
1.8262051090000002,9.648400714642106
1.828056128,9.648400714642106
1.830348327,9.669964606616347
1.8317713420000001,9.669964606616347
1.83403461,9.69001634532666
1.8360111870000002,9.69001634532666
1.840228162,9.709335045751134
1.8414134770000001,9.727103893799837
1.843081433,9.736620825145113
1.845315532,9.746594334622708
1.846577429,9.746594334622708
1.8487759000000001,9.757556398588635
1.8501968800000002,9.757556398588635
1.85180939,9.77707616094294
1.8538540730000002,9.796817929178097
1.8559861210000002,9.806695096480984
1.8584323210000002,9.816413089756088
1.8608656540000001,9.82637403286307
1.863440632,9.835953796061418
1.864511051,9.835953796061418
1.8660079100000002,9.846735742048537
1.868165593,9.846735742048537
1.870266323,9.866603173989839
1.8726591160000001,9.885653791841207
1.873859552,9.885653791841207
1.876684285,9.896142522513992
1.879961809,9.914979512064917
1.8812300560000002,9.925045174927018
1.8829301880000002,9.93443644256615
1.8842076950000002,9.93443644256615
1.88682883,9.945293786776956
1.8883418930000002,9.945293786776956
1.8902867230000002,9.964361159789144
1.8936538360000001,9.983612839570343
1.894228575,9.983612839570343
1.8974365260000001,9.994868118850603
1.898283645,9.994868118850603
1.9003473300000002,10.013319739702688
1.9021084560000001,10.03283950205699
1.9040126910000001,10.03283950205699
1.906026827,10.044019383113568
1.9079909110000002,10.044019383113568
1.9102097290000002,10.063903570215688
1.912112921,10.083213893059753
1.9144702470000001,10.083213893059753
1.9167843400000002,10.093514128173323
1.9184223720000002,10.093514128173323
1.921674574,10.113398315275445
1.924424882,10.132838490615857
1.924453991,10.143222501533522
1.9267835770000001,10.143222501533522
1.92975617,10.153422205682178
1.93056804,10.153422205682178
1.9324030110000001,10.173268693672457
1.9338959500000001,10.192444975229968
1.936977568,10.20248550535084
1.939889948,10.21199824790591
1.9435799950000001,10.221955002222687
1.9436058600000001,10.231957833231718
1.944654337,10.241897832387677
1.9464865180000002,10.241897832387677
1.9479307330000002,10.25327877537408
1.950432009,10.272672874022241
1.952484805,10.272672874022241
1.9538602470000002,10.282730159303933
1.9557553930000002,10.30244260600766
1.959200743,10.31213965533174
1.9603068870000002,10.322410568913876
1.962804197,10.332153694930208
1.9641681940000002,10.342257056904154
1.9660651210000002,10.342257056904154
1.9677648200000002,10.353357350946837
1.9699012630000001,10.37219434049776
1.971727656,10.38162749603894
1.9737590740000002,10.391236580768721
1.976193491,10.400879175820139
1.9779403260000001,10.410706077640567
1.9795991650000002,10.421064955817004
1.982518505,10.43070336207822
1.9841331210000002,10.440689437926428
1.986238329,10.440689437926428
1.987682254,10.451923773255665
1.9899546620000002,10.471091677232769
1.991946932,10.48085155840992
1.993688914,10.491059640138984
1.9965027640000002,10.500660347288354
1.997710212,10.509779343564174
2.000683693,10.51970677634952
2.002242814,10.52928235075766
2.0040682320000003,10.52928235075766
2.0061266310000003,10.540818278981643
2.008010484,10.540818278981643
2.009789221,10.560120224245297
2.0122083230000003,10.57909544387298
2.013743165,10.57909544387298
2.015703359,10.591351844012186
2.0180875080000003,10.608722756991433
2.021534764,10.608722756991433
2.022448045,10.620124643928863
2.024275608,10.620124643928863
2.026065965,10.640193137799995
2.0277753460000003,10.640193137799995
2.0296629090000002,10.658946351546824
2.032045236,10.678516379383584
2.0342920870000003,10.688184107176232
2.035622628,10.698119917541987
2.037602391,10.708302866529822
2.0397195420000003,10.717761154812228
2.042536176,10.728128410569076
2.043792949,10.738101920046672
2.045937431,10.738101920046672
2.047697261,10.749407464809389
2.049710107,10.768843451359599
2.0517599150000003,10.778930058172724
2.0539173710000003,10.788413479196361
2.0556291,10.797917844171021
2.057575671,10.808146869851111
2.060855279,10.817445984105735
2.062846705,10.827427871163742
2.064747487,10.827427871163742
2.065743809,10.83884651326199
2.067765863,10.83884651326199
2.070016699,10.858114948204006
2.072112786,10.877705919991794
2.073745266,10.887562143343654
2.075625869,10.89715028412241
2.0777884230000003,10.906838955866082
2.079792482,10.917193645252315
2.084822048,10.926639367164107
2.084831827,10.937090398725049
2.085849801,10.937090398725049
2.088260908,10.947528863915377
2.0898119040000003,10.947528863915377
2.092258697,10.967295764891764
2.095025434,10.98636313790395
2.0966496,10.995942901102298
2.098046843,11.005371867853272
2.101408735,11.015353754911278
2.1026045030000002,11.02502567149413
2.104062195,11.034752042349643
2.106188163,11.034752042349643
2.1084666590000003,11.04594030098663
2.110272123,11.04594030098663
2.111881892,11.065183603187416
2.1137648860000002,11.08426354257022
2.1157192190000003,11.09371764206242
2.1178345970000003,11.103397936225683
2.119678634,11.11319551651468
2.122425485,11.122879999468145
2.123977397,11.133452505945026
2.1257627070000003,11.133452505945026
2.1293119330000003,11.144489968134637
2.130276844,11.144489968134637
2.132121879,11.163657872111742
2.13565833,11.183831085737992
2.13648512,11.193758518523335
2.139407493,11.20367757372827
2.140126883,11.20367757372827
2.143463263,11.21357568498218
2.1451618000000003,11.232542527029452
2.146283286,11.232542527029452
2.1484641780000002,11.24336636091862
2.149901806,11.24336636091862
2.152361757,11.264628659998115
2.153712745,11.264628659998115
2.156696493,11.28563544287512
2.157752452,11.3026838190086
2.1598059810000003,11.312824880094388
2.163321786,11.323129303998163
2.165291061,11.333136323797397
2.167012905,11.333136323797397
2.1678027070000003,11.344018800749433
2.169935368,11.363831778418072
2.1724195820000003,11.374127824741437
2.1739496700000003,11.38408039026801
2.175711354,11.393601510403489
2.179125115,11.403030477154463
2.180993853,11.412865756555302
2.1820234800000002,11.412865756555302
2.1838847660000003,11.423547171577507
2.1861974610000003,11.423547171577507
2.1894084830000002,11.442786284988092
2.1900893100000003,11.442786284988092
2.19185271,11.46210079662236
2.1938283110000003,11.481268700599463
2.1957517330000003,11.491476782328528
2.197765826,11.50163878736534
2.201418116,11.511436367654335
2.202959803,11.521493652936028
2.205670511,11.531303799595635
2.206363551,11.531303799595635
2.2081236040000003,11.541675244142688
2.2101253190000003,11.541675244142688
2.2123887460000002,11.561919667202421
2.214109675,11.58067288094925
2.216037273,11.59066733437787
2.2177799830000002,11.59066733437787
2.220051455,11.60065341022608
2.2223308470000003,11.619507154937825
2.2243510140000002,11.629623083282382
2.2261859360000003,11.629623083282382
2.227668844,11.640815530709572
2.229779,11.659229452449814
2.2322388610000004,11.659229452449814
2.234054897,11.669533876353588
2.2359205060000003,11.689284022169156
2.237842188,11.699052280926718
2.240568114,11.708795406943052
2.2425269930000002,11.708795406943052
2.2440595230000002,11.719171040280306
2.2462170240000003,11.719171040280306
2.248285542,11.739432218500859
2.24976032,11.739432218500859
2.252308142,11.760204429126393
2.2554420410000002,11.778559707803767
2.256307037,11.78881805501529
2.2579364980000003,11.78881805501529
2.260567124,11.798996815212922
2.262365254,11.818675751595007
2.264751209,11.828628317121579
2.2672553850000003,11.828628317121579
2.2691102020000002,11.839460528591157
2.271678919,11.857874450331398
2.27237728,11.867743240053874
2.2739896600000002,11.87767067283922
2.275873267,11.887417987645758
2.278065744,11.897119225760042
2.281312383,11.907038280964978
2.282278238,11.917317572127521
2.285418839,11.926909901696483
2.286363113,11.926909901696483
2.289820959,11.938563116046199
2.2905001140000003,11.938563116046199
2.292682264,11.957827362198012
2.2937923390000003,11.977204705685354
2.297107054,11.987303878869094
2.2979482410000003,11.987303878869094
2.3000866650000003,12.000335205196183
2.302636323,12.016763640379356
2.303771862,12.016763640379356
2.307802058,12.027411545079923
2.3089613200000003,12.027411545079923
2.309758415,12.047320864923272
2.311992751,12.047320864923272
2.314151524,12.066781984214709
2.316100097,12.08561478497543
2.3217296330000003,12.095646937515893
2.322534892,12.105473839336323
2.322568765,12.11500333705221
2.325630342,12.125240740312709
2.326443203,12.125240740312709
2.328452887,12.13593472170553
2.3313870750000003,12.154474307151913
2.331910895,12.154474307151913
2.3350816290000003,12.165155722174118
2.3362346250000003,12.184013655676068
2.337762934,12.194008109104686
2.3400233360000002,12.20395229705085
2.3430713780000003,12.214231588213396
2.345256737,12.224452236313075
2.345996298,12.224452236313075
2.347616,12.23513365133528
2.350166193,12.253991584837229
2.351700392,12.264174533825063
2.35543051,12.274118721771227
2.356566754,12.283350815382576
2.358268824,12.283350815382576
2.3608824210000003,12.295301433836832
2.361883204,12.313175001640657
2.364076039,12.313175001640657
2.3704247620000003,12.32438839301887
2.370457289,12.32438839301887
2.371557969,12.344075706981366
2.37269026,12.344075706981366
2.373789816,12.363737888202632
2.375766495,12.363737888202632
2.377971911,12.383517355549634
2.379761251,12.403158592819876
2.384257267,12.413182367779932
2.384936847,12.423449092571863
2.385886827,12.423449092571863
2.387904835,12.434595463306799
2.389989227,12.434595463306799
2.391789263,12.453914163731273
2.3937795630000003,12.473174221092881
2.3959590470000003,12.482967612591672
2.398542618,12.492693983447186
2.399882667,12.502537640428434
2.402421221,12.512335220717429
2.405255587,12.522254275922363
2.4064332740000003,12.522254275922363
2.4093915960000003,12.533103242552759
2.41031575,12.55222506983761
2.412261711,12.562177635364183
2.4138096940000002,12.572096690569115
2.41856025,12.58185657174627
2.418604739,12.59172955025895
2.421458749,12.601744947638597
2.422382754,12.611643058892504
2.424808037,12.611643058892504
2.425929897,12.622127600775084
2.427836288,12.622127600775084
2.429994459,12.641827481108194
2.4324341,12.660685414610144
2.433861227,12.670474617318728
2.4358816990000003,12.68036435099223
2.437775107,12.689655087666448
2.440317351,12.699595086822406
2.441920011,12.70923349308362
2.4443561480000002,12.70923349308362
2.4472954820000004,12.720095026084627
2.447985766,12.720095026084627
2.449643048,12.740004345927979
2.4516472090000003,12.75922251538754
2.453661758,12.76936776526353
2.4566019100000003,12.779358029901948
2.458208905,12.789239385995039
2.4607384260000003,12.799489355626148
2.462110957,12.809307879866171
2.464468065,12.809307879866171
2.4660797910000003,12.820232244720252
2.467632817,12.820232244720252
2.4698875630000003,12.840158319724422
2.4716570680000003,12.85913772814231
2.473571407,12.869019084235399
2.475741515,12.878720322349686
2.4778807200000004,12.888635188764415
2.479674065,12.89882651533266
2.483656147,12.908716249006162
2.4844297980000003,12.918781911868264
2.4862199570000003,12.918781911868264
2.4877028620000003,12.929844506799101
2.4905407160000004,12.929844506799101
2.4916603,12.949045921097845
2.4935929850000003,12.968783500542798
2.495564179,12.97842190680401
2.498083915,12.98819435435178
2.5004640510000002,12.998184618990193
2.5027411390000003,13.00855187474704
2.5050500700000002,13.00855187474704
2.506408435,13.019735944593817
2.508132035,13.019735944593817
2.510195083,13.039896591849455
2.5126222030000003,13.058666560757104
2.5145913280000003,13.068472518626509
2.515645768,13.068472518626509
2.5176737190000003,13.078814641642127
2.520184182,13.097969979248614
2.5227941680000003,13.108081718802966
2.524442318,13.117958886105855
2.526104626,13.117958886105855
2.527923051,13.128443427988433
2.530125049,13.14778726115414
2.532565924,13.15773982668071
2.533887182,13.167503896648068
2.5358928030000003,13.177368497580341
2.537803384,13.186789086750904
2.5404464570000003,13.196381416319868
2.541969136,13.206442890391765
2.545228305,13.216583951477553
2.546376094,13.216583951477553
2.5477663710000003,13.227202534646686
2.549841073,13.246902414979795
2.553559586,13.246902414979795
2.5545574060000003,13.257148195820704
2.55616004,13.257148195820704
2.558250424,13.279562412206515
2.561600868,13.296589844388972
2.562712291,13.296589844388972
2.564517913,13.30709114143237
2.565925155,13.30709114143237
2.569933336,13.327180579254525
2.570632078,13.327180579254525
2.5717318710000003,13.346264707427531
2.574065199,13.36570069397774
2.575730907,13.36570069397774
2.57774202,13.377085825754351
2.579891679,13.39580552917954
2.5854367010000003,13.405611487048946
2.585454374,13.41540906733794
2.586521772,13.426023461716868
2.5877129300000004,13.426023461716868
2.589759422,13.43662110093498
2.592856831,13.455784816121875
2.593753233,13.465398089641862
2.595660993,13.475777911769322
2.5995883760000003,13.485244577632141
2.6002043820000003,13.485244577632141
2.604792016,13.49630717256298
2.605110019,13.515361979204556
2.606780838,13.524958497563718
2.607663301,13.524958497563718
2.609771695,13.53612581224968
2.6118106770000002,13.554887403576918
2.61369322,13.564877668215335
2.615643807,13.564877668215335
2.618065709,13.57522816881136
2.6200163560000003,13.594840084550171
2.623628452,13.604914124992682
2.624565772,13.604914124992682
2.625958222,13.61593902081168
2.627831285,13.61593902081168
2.631602051,13.634947750760999
2.632670171,13.654270639975682
2.634289449,13.654270639975682
2.636280813,13.664788692179899
2.638002288,13.684149280506421
2.640846788,13.693410695649204
2.6418992290000003,13.703849160839532
2.644592792,13.703849160839532
2.645783346,13.714597596505016
2.64779234,13.733870220237238
2.649824843,13.743324319729437
2.6517336740000004,13.752870572606145
2.653819865,13.762747739909035
2.6559164130000004,13.77249505471557
2.658060597,13.78236803322825
2.6607476350000003,13.792203312629095
2.6641013150000004,13.802201954847916
2.6653227260000003,13.81262785366763
2.666361703,13.81262785366763
2.668597977,13.823581540053146
2.6697866510000003,13.842456228715912
2.672316009,13.85269363197641
2.673756944,13.85269363197641
2.6776239370000003,13.862792805160153
2.6782523780000003,13.882589027667972
2.681569471,13.892327964894102
2.6822695270000003,13.902117167602686
2.684595426,13.911818405716971
2.6859546410000004,13.911818405716971
2.687787269,13.923199348703376
2.6905246480000002,13.942007016722869
2.6922176710000003,13.942007016722869
2.69525558,13.952403594011146
2.696407916,13.971450023072311
2.6981346210000003,13.981071674172703
2.699926858,13.991263000740952
2.70314576,14.00099356038667
2.7055969770000003,14.011000580185906
2.7063651760000003,14.011000580185906
2.707976989,14.022771080661354
2.710410794,14.041444707394293
2.712291823,14.051740753717658
2.7142159830000003,14.051740753717658
2.7169938740000004,14.061873437223035
2.7183136130000003,14.061873437223035
2.720491055,14.082046650849287
2.722251908,14.101658566588096
2.7247016680000002,14.101658566588096
2.7273652050000003,14.112641574505046
2.7283606000000002,14.112641574505046
2.730036122,14.131977030090342
2.732293597,14.131977030090342
2.733812519,14.151903105094508
2.736628638,14.170287705303316
2.738280799,14.18011879591395
2.73989963,14.18011879591395
2.7421227740000003,14.191671479298751
2.7448149330000002,14.191671479298751
2.746438092,14.210956669401588
2.7483571980000003,14.210956669401588
2.7503759750000003,14.230212537972989
2.7528468270000004,14.250017138061219
2.754284718,14.250017138061219
2.757212311,14.260706930663833
2.759307765,14.279162740306123
2.761086599,14.28892681027348
2.7627833920000002,14.298975717974765
2.764564141,14.309062324787888
2.766488675,14.309062324787888
2.767815514,14.320074654236274
2.7698150970000004,14.3393514667587
2.772019379,14.349065271243598
2.774002986,14.359114178944882
2.7756550260000004,14.359114178944882
2.777700659,14.368995535037973
2.7797810650000003,14.388125739903233
2.782695474,14.397852110758745
2.785909955,14.4079638503131
2.786922112,14.4079638503131
2.789633144,14.41948721216647
2.790296596,14.41948721216647
2.793349624,14.438776591059511
2.7945227800000003,14.458560247196717
2.7978571160000003,14.468529567884108
2.798668897,14.468529567884108
2.801273353,14.478976410654845
2.8039659400000003,14.498579948813246
2.8046851040000003,14.498579948813246
2.806039363,14.511385080469276
2.8085108400000003,14.529032453602042
2.8101568290000003,14.529032453602042
2.811975366,14.539529561855238
2.813889992,14.558990681146673
2.817050703,14.568323305722938
2.8183330040000003,14.578032921417634
2.82093535,14.58839179959407
2.823515797,14.59772861296054
2.8245360780000004,14.59772861296054
2.825955227,14.60893362675834
2.8279285830000003,14.60893362675834
2.83031368,14.627875336064387
2.831656709,14.647143771006402
2.833879307,14.65736441910608
2.836237611,14.666872972870948
2.83820743,14.666872972870948
2.841130761,14.678656039717008
2.842211997,14.69697780807275
2.844064572,14.69697780807275
2.8456538040000003,14.708262408884442
2.8478815720000004,14.727229250931712
2.8500044150000003,14.737047775171735
2.851682533,14.74722234657916
2.85377875,14.756772788246074
2.855960474,14.766277153220734
2.857789454,14.766277153220734
2.861919839,14.77733555936137
2.863255682,14.795724348360384
2.8645382660000003,14.80542558647467
2.866350712,14.815231544344071
2.8681023310000002,14.815231544344071
2.870739351,14.827085820623616
2.872024671,14.827085820623616
2.8740131210000004,14.846211836698672
2.8756251130000003,14.864688590291985
2.877975031,14.874716554042243
2.8824055960000003,14.884744517792502
2.883309081,14.894793425493782
2.8843327760000004,14.894793425493782
2.885950873,14.905876964375649
2.887846004,14.905876964375649
2.8911666470000004,14.926234484770912
2.8921970700000004,14.945331179314529
2.89404816,14.955179025085984
2.896124501,14.964976605374979
2.898022033,14.974778374454182
2.900396299,14.98507860956775
2.9022753750000003,14.994784036472241
2.9042286610000003,14.994784036472241
2.905988155,15.005507339396495
2.9078717910000003,15.005507339396495
2.910478095,15.025525567785168
2.9117450540000003,15.04477305877616
2.914196284,15.05488060954031
2.915797979,15.064916950870979
2.918332361,15.074907215509395
2.920936402,15.085044087804981
2.923409485,15.09490031115684
2.92421934,15.09490031115684
2.9258488500000004,15.105485384004337
2.927716671,15.105485384004337
2.92996821,15.125009335148844
2.932071424,15.144503964761919
2.9342102530000003,15.144503964761919
2.935745031,15.154829332616718
2.9380320070000003,15.174533401740034
2.941417645,15.18449015605681
2.9426014300000003,15.194723370527106
2.944295954,15.204491629284668
2.9457783290000004,15.204491629284668
2.948641246,15.215089268502776
2.950405834,15.215089268502776
2.9517697430000003,15.234428912878275
2.954062854,15.253776934834184
2.9557243950000003,15.263247789487204
2.9577324430000003,15.273786785642447
2.9596523990000003,15.283567610770627
2.962169007,15.293327491947775
2.9644200300000003,15.293327491947775
2.966246377,15.304896930493397
2.968005448,15.304896930493397
2.969867219,15.32602518828634
2.9718764230000003,15.344011853425693
2.974652771,15.353930908630627
2.975978989,15.363493916668155
2.97777591,15.373643355334348
2.979989958,15.383294327966176
2.9824483880000003,15.39333485808705
2.9846710630000004,15.402998397089496
2.9861061770000004,15.402998397089496
2.987761844,15.414014915328083
2.9897984290000004,15.433078099550066
2.993543013,15.442992965964795
2.9959623790000003,15.453309956239183
2.996618166,15.463069837416334
2.997945098,15.463069837416334
3.001043825,15.473449659543796
3.0019978750000003,15.49275579359766
3.0038466500000003,15.49275579359766
3.005913321,15.503642459339897
3.0100586910000002,15.523367472414236
3.011690465,15.533919034940093
3.0129196840000003,15.533919034940093
3.0149261060000003,15.543942809900146
3.0166629620000003,15.563370418869946
3.0177556030000003,15.573737674626791
3.024004707,15.584004399418722
3.0244454540000003,15.593609295358299
3.024689935,15.593609295358299
3.0260082340000003,15.604910651330812
3.027765194,15.604910651330812
3.030102255,15.624334071510408
3.0321282390000004,15.624334071510408
3.035028082,15.64421825861253
3.0365890660000003,15.662372475360074
3.038234455,15.67199831525067
3.0407678320000002,15.682445158021409
3.0428619930000003,15.692481499352079
3.0443685940000003,15.702358666654963
3.045822831,15.702358666654963
3.047990077,15.715134476779564
3.0497649,15.732107454689356
3.051992883,15.742127040859204
3.053765267,15.752142438238849
3.0557092800000003,15.761818543611907
3.0578996650000003,15.771595179949877
3.059885851,15.781556123056859
3.0621311380000003,15.791441667940155
3.06386304,15.801444498949186
3.0657440150000004,15.801444498949186
3.0691256630000003,15.812381430173883
3.0701681200000004,15.812381430173883
3.0722026970000003,15.831716885759178
3.073770425,15.831716885759178
3.07712177,15.851441898833516
3.0785453670000003,15.87066425708328
3.0810474620000003,15.88046602616248
3.081964064,15.88046602616248
3.0854680230000002,15.891155818765096
3.086471527,15.891155818765096
3.0880396450000003,15.911203368685204
3.0897577800000002,15.911203368685204
3.0943364690000004,15.931091744577529
3.094715303,15.950113040897463
3.0957518540000004,15.960735812856802
3.0977126480000003,15.970575281047845
3.1011811280000003,15.980180176987417
3.101980257,15.989831149619247
3.103767597,15.989831149619247
3.1056598970000002,16.00112412801135
3.1083553690000003,16.020426073275004
3.109650606,16.020426073275004
3.1117763500000004,16.030696986857144
3.113563849,16.049701528016257
3.115568799,16.05921845936153
3.1179477120000003,16.069380464398346
3.122325904,16.069380464398346
3.122955278,16.080928958992942
3.124057478,16.080928958992942
3.12731136,16.101018396815096
3.1282872680000002,16.101018396815096
3.1304271920000004,16.120831374483735
3.1317503650000003,16.120831374483735
3.135202011,16.140351136838046
3.137754744,16.159699158793952
3.1398789000000003,16.169387830537623
3.1416608430000004,16.169387830537623
3.142933889,16.182963699591333
3.146718485,16.199706294039867
3.1469571010000004,16.199706294039867
3.1479836050000003,16.210655791635176
3.149936616,16.229304285626885
3.1523115720000003,16.229304285626885
3.153912833,16.23958776557964
3.1559240770000003,16.258864578102067
3.1580489930000004,16.268389887027748
3.1596749870000003,16.27801991570855
3.1628792000000003,16.288140032843316
3.1656780710000003,16.297715607251458
3.1664368130000002,16.297715607251458
3.1676911260000002,16.309335311279533
3.169678389,16.328113657767595
3.1717615290000003,16.33756356846959
3.173843741,16.347696251974966
3.175670047,16.357213183320244
3.178172419,16.366721737085108
3.180360278,16.376477429472057
3.1822354240000004,16.386819552487676
3.1848106890000003,16.386819552487676
3.185777608,16.397907280159743
3.188014159,16.397907280159743
3.189777353,16.41768255871654
3.192165762,16.436959371238967
3.193956399,16.447004090150042
3.195732673,16.45660060850921
3.1977031460000003,16.46627252509206
3.201852353,16.47601146231819
3.20254757,16.485704322852065
3.204090077,16.485704322852065
3.207125136,16.496951224551918
3.207892945,16.496951224551918
3.2097536680000003,16.5166259721438
3.21167178,16.536057769903802
3.2139315190000004,16.54603965696181
3.215588674,16.555862369992035
3.2177025980000002,16.565777236406763
3.220243065,16.57590154233173
3.2217510820000004,16.585707500201135
3.2239904150000003,16.59604543442655
3.225737976,16.59604543442655
3.2280091840000003,16.60688183468633
3.229715514,16.60688183468633
3.2316184430000003,16.6261083817263
3.2343289320000004,16.645653276821832
3.2373179370000003,16.655341948565503
3.238155282,16.665671505210508
3.24056639,16.675322477842336
3.242678263,16.685237344257068
3.2443102620000004,16.685237344257068
3.245820702,16.695939703230295
3.247903232,16.71529610276661
3.250098335,16.72478790137066
3.2516608120000003,16.73466087988334
3.253895012,16.744575746298068
3.255867791,16.75424766288092
3.257620182,16.76437196880589
3.26033506,16.774429254087583
3.2621337030000004,16.784004828495725
3.2639870120000003,16.784004828495725
3.26763415,16.795100933748202
3.2683200340000003,16.795100933748202
3.2703880570000003,16.81544588777285
3.271828132,16.8345677150577
3.2742363610000003,16.8345677150577
3.2764335140000003,16.844918215653728
3.277791342,16.863830603428337
3.279719366,16.87365331645856
3.282492709,16.883124171111586
3.2853245720000004,16.8929385065614
3.2862774860000004,16.8929385065614
3.288490828,16.90406393334531
3.2903768660000003,16.90406393334531
3.29175946,16.925317854844398
3.295816979,16.943358974256412
3.29751466,16.95313142180418
3.297904758,16.96314263039362
3.301013171,16.97295277705323
3.302599116,16.982922097740623
3.3038351410000004,16.982922097740623
3.30575908,16.993603512762824
3.3081495060000004,17.012880325285252
3.3101331070000004,17.023000442420013
3.311801517,17.032948819156385
3.31391083,17.043022859598896
3.3158818610000003,17.052740852874
3.3188934150000002,17.062123742932723
3.3203483950000003,17.072072119669087
3.3227124150000003,17.082192236803856
3.3254409220000003,17.0920358937851
3.32591945,17.0920358937851
3.3279779620000003,17.10355087805806
3.329906126,17.12247164341308
3.3337399280000004,17.132549872645797
3.334376067,17.142577836396054
3.3376707010000004,17.15214084443358
3.3385328270000003,17.162374058903875
3.3411917410000003,17.172368512332493
3.3422935330000003,17.18215771504108
3.344063766,17.192453761364444
3.3465326450000004,17.192453761364444
3.350147949,17.203566621777746
3.3515001370000004,17.222340779475594
3.352169341,17.232125793393976
3.353735862,17.24187729699072
3.3560647520000004,17.251691632440533
3.357713764,17.251691632440533
3.360918653,17.26255735423175
3.3625449150000004,17.28155770660066
3.364107579,17.28155770660066
3.3679001420000003,17.29266218943355
3.3697033690000002,17.29266218943355
3.3716211630000004,17.31152850051591
3.374369428,17.331052451660415
3.374722395,17.331052451660415
3.3756991600000004,17.34117256879518
3.378008979,17.34117256879518
3.3821489160000002,17.360193865115114
3.3827404600000004,17.37974713779106
3.383939326,17.37974713779106
3.387174581,17.389825367023775
3.3879879390000003,17.389825367023775
3.3898046350000004,17.409211088091524
3.391817837,17.429329847445114
3.394044633,17.439253091440253
3.396763646,17.449067426890068
3.397905982,17.449067426890068
3.4005312630000004,17.459434682646915
3.4027441090000003,17.47922252757433
3.4040804010000003,17.47922252757433
3.4061546700000003,17.48959816091158
3.4076364110000004,17.48959816091158
3.4107271960000003,17.51051279040408
3.4120247580000003,17.52830677119401
3.414510099,17.538418510748368
3.4157959750000004,17.538418510748368
3.4176436490000004,17.548655914008865
3.4214431060000003,17.568087711768868
3.4227710800000004,17.578006766973804
3.4241879780000004,17.578006766973804
3.4257402420000003,17.59037626444854
3.4282570050000003,17.59037626444854
3.429675574,17.60901219206963
3.431765136,17.62942835552776
3.434373656,17.63972859064133
3.4357072960000004,17.64970210011893
3.437866027,17.64970210011893
3.4407875970000004,17.659633721694476
3.4426257710000003,17.678860268734446
3.446545813,17.68908510562433
3.446568517,17.68908510562433
3.448036205,17.69958640266773
3.45000709,17.69958640266773
3.4516528450000004,17.718582566246436
3.4541882310000003,17.737453066118995
3.455640004,17.74691554319161
3.457582474,17.75717389040313
3.461203749,17.766565158042265
3.462623014,17.766565158042265
3.4641336480000002,17.777564921120035
3.4656322410000002,17.777564921120035
3.467632618,17.797922441515297
3.470066457,17.816994003317685
3.4717466310000002,17.816994003317685
3.4739613030000003,17.8274199021374
3.476022996,17.846365800233645
3.4782927630000002,17.846365800233645
3.480498932,17.857855651765377
3.48193098,17.87602662367374
3.4852488220000004,17.885820015172534
3.4859350640000004,17.885820015172534
3.4878203770000002,17.896761135187433
3.4896356030000004,17.896761135187433
3.4922866040000002,17.915610691108974
3.4940356770000003,17.934946146694266
3.4965263540000002,17.945011809556366
3.4976763930000003,17.945011809556366
3.499999099,17.954746557992294
3.502192006,17.97443806074499
3.5066984860000003,17.984889092305934
3.5069786840000003,17.984889092305934
3.508003125,17.99589304417391
3.5098456700000003,17.99589304417391
3.511772865,18.01480962073872
3.5140579580000004,18.034124132372995
3.515986052,18.044420178696356
3.517791035,18.044420178696356
3.5227048680000004,18.054322478740474
3.5227417830000003,18.074311385597714
3.524845489,18.084213685641828
3.5261286590000003,18.084213685641828
3.5277453220000003,18.095209259929394
3.5302561870000004,18.1143813526967
3.531749463,18.1143813526967
3.5338534320000003,18.124832384257644
3.5357586530000003,18.144184595003757
3.538131807,18.144184595003757
3.542291053,18.15408689504787
3.542859613,18.174276863834944
3.543840206,18.1841288983966
3.545808204,18.1841288983966
3.5477267940000003,18.195036508089864
3.550336723,18.214518571332324
3.551712305,18.214518571332324
3.553662901,18.22467638757893
3.556338901,18.244024409534838
3.5578484090000004,18.25401886296346
3.559765719,18.25401886296346
3.562226828,18.26475054346812
3.5642224170000003,18.284278683402835
3.56627748,18.284278683402835
3.567768962,18.29522399220794
3.570315576,18.314081925709893
3.572414773,18.324034491236468
3.57378536,18.324034491236468
3.575966202,18.33423419538512
3.578385028,18.353071184936045
3.5816489270000003,18.353071184936045
3.5822052290000004,18.366286818032144
3.5851272510000003,18.366286818032144
3.5860776220000004,18.38334776053624
3.5880495050000003,18.38334776053624
3.5912217670000004,18.4034413871486
3.592361169,18.42253808169222
3.5937172250000002,18.432230942226095
3.595663656,18.442355248151067
3.5990350820000003,18.452144450859652
3.6000877480000004,18.462226868882574
3.602007677,18.47230509811529
3.603987157,18.48233306186555
3.6064800110000004,18.48233306186555
3.607728294,18.493517131712327
3.609633993,18.493517131712327
3.611601932,18.51291541915069
3.614450493,18.531643500156292
3.6156334130000003,18.531643500156292
3.618411924,18.54473346954625
3.6205299020000004,18.56202479551161
3.6221951490000004,18.57144957347238
3.624380882,18.581573879397347
3.62713469,18.581573879397347
3.6279532800000003,18.59274119408331
3.6296646640000003,18.59274119408331
3.6319023410000004,18.6120808384588
3.6347680340000004,18.630884317688093
3.635716921,18.641335349249037
3.638073298,18.641335349249037
3.640488994,18.651321425097244
3.6423044900000003,18.671222367360183
3.643731153,18.671222367360183
3.647961405,18.68233941656369
3.648557749,18.68233941656369
3.649658477,18.70185080133758
3.6530919710000003,18.72142501796455
3.6543564460000004,18.73082466318409
3.6556414320000004,18.74089032604619
3.657619625,18.74089032604619
3.6596924220000004,18.75086802431399
3.6632227630000003,18.77024117901113
3.665772204,18.78064613387982
3.6666218410000004,18.78064613387982
3.6677538980000004,18.79178831582455
3.670110084,18.81059179505384
3.672139076,18.81059179505384
3.674368239,18.822224065452527
3.6771936380000003,18.840139521158402
3.6782617460000004,18.840139521158402
3.6806202690000003,18.84983657048248
3.6825820460000003,18.87030718821327
3.6839688980000003,18.87030718821327
3.6859783760000004,18.880578101795408
3.6881785060000003,18.880578101795408
3.690366495,18.900520931960394
3.6924140430000003,18.919868953916303
3.694236961,18.929637212673867
3.6958654190000004,18.929637212673867
3.697755846,18.940033789962147
3.7016182860000004,18.95870322790488
3.702631182,18.968178271348105
3.7040304010000002,18.978461751300856
3.7058006060000004,18.978461751300856
3.7091695990000004,18.989511779861083
3.7100743780000003,19.007946645552348
3.713160078,19.017614373344994
3.71427568,19.027566938871566
3.716896717,19.027566938871566
3.7182290350000002,19.03808080228558
3.7201660600000004,19.03808080228558
3.7220447990000003,19.057755549877463
3.7241181130000003,19.057755549877463
3.725939872,19.077656492140402
3.7297486,19.077656492140402
3.730168807,19.097272596669416
3.732362176,19.11732433537973
3.7339130910000002,19.127415130983064
3.736061889,19.127415130983064
3.740175851,19.137552003278646
3.740766867,19.156900025234552
3.742552571,19.166643151250884
3.744154169,19.17714863708449
3.746341697,19.17714863708449
3.7481017210000003,19.18764993412789
3.750096703,19.20654556674168
3.752016863,19.216527453799685
3.7557074580000003,19.226333411669092
3.75661972,19.236059782524606
3.7579599320000003,19.24588668434503
3.760076515,19.256316771954953
3.762859653,19.265921667894528
3.765974034,19.27609205051175
3.7664735840000003,19.27609205051175
3.7679566990000004,19.289538067069113
3.7699851140000002,19.30690060246795
3.7721228530000004,19.30690060246795
3.7753429130000002,19.31717151605009
3.7773712870000002,19.336452517362723
3.778635312,19.346212398539873
3.780586022,19.355704197143922
3.78201086,19.366352101844488
3.7842168880000004,19.366352101844488
3.785851162,19.376907853160546
3.7877387930000004,19.376907853160546
3.791171824,19.396017114074784
3.7936046300000004,19.415247849904954
3.795602967,19.425020297452726
3.7982221290000004,19.435140414587487
3.798707974,19.444741121736858
3.800735254,19.455229852409644
3.801990829,19.464943656894544
3.803991631,19.474837579358248
3.806286945,19.474837579358248
3.808111272,19.485456162527385
3.8105985610000004,19.485456162527385
3.8123153550000004,19.505244007454795
3.8141491220000003,19.52448312086538
3.815864218,19.53416341502864
3.818151368,19.54442176224016
3.8203903790000004,19.54442176224016
3.8221499550000004,19.555907424981687
3.8241292560000004,19.555907424981687
3.826671006,19.57559473894418
3.8283382290000003,19.57559473894418
3.8296535730000003,19.594967893641318
3.832117482,19.613767184080398
3.833965565,19.623506121306526
3.8356897620000003,19.63377284609846
3.8376609430000004,19.643746355576056
3.842675117,19.65342664973932
3.8436925740000003,19.662960336245412
3.8444988190000005,19.673386235065124
3.8465203530000003,19.673386235065124
3.849231537,19.685081337316888
3.850268546,19.704102633636822
3.8520229930000003,19.71383319328254
3.8557209390000002,19.72373968211686
3.856464787,19.73375926828671
3.8576392150000003,19.743611302848368
3.860690774,19.75333348491368
3.863264764,19.76303472302796
3.864044181,19.76303472302796
3.865851982,19.77434864537109
3.8680736700000002,19.77434864537109
3.8699972980000004,19.794052714494402
3.871647573,19.794052714494402
3.8746482980000003,19.81345100193277
3.8757533320000004,19.832254481162057
3.877799351,19.842173536366992
3.8823039660000003,19.85213866826418
3.8827214640000003,19.86217919838505
3.885719072,19.871897191660157
3.8863703710000004,19.871897191660157
3.8882725760000003,19.883081261506934
3.890418216,19.883081261506934
3.892087124,19.90288167280496
3.8939582660000003,19.90288167280496
3.896051087,19.9226066858793
3.8977073750000004,19.9226066858793
3.901374601,19.942834353778213
3.9022445030000004,19.962073467188794
3.90436225,19.962073467188794
3.9076526750000005,19.97285960196612
3.908327728,19.97285960196612
3.9112221710000004,19.992538538348207
3.912255918,20.01173157506654
3.9138888130000002,20.021554288096763
3.917553657,20.031385378707398
3.9181967400000004,20.04126673480049
3.9204088840000004,20.05124443306829
3.92218041,20.060593812805376
3.923828787,20.07110348742918
3.9256560690000004,20.07110348742918
3.927706413,20.082027852283264
3.9306086660000004,20.10137168544897
3.932701541,20.11134938371677
3.9355732160000003,20.11134938371677
3.93655596,20.12159516455768
3.9384290980000003,20.12159516455768
3.940600958,20.141755811813315
3.9436294710000004,20.161288140538232
3.944561724,20.161288140538232
3.9473396180000004,20.172145484749038
3.948513927,20.172145484749038
3.9496957320000003,20.191707135005394
3.951890194,20.211063534541708
3.954099267,20.211063534541708
3.956412477,20.221791026256167
3.957561677,20.24083745531733
3.960980972,20.250513560690386
3.962296342,20.260382350412865
3.966006568,20.271176862770602
3.9669357780000003,20.271176862770602
3.968324205,20.28169072618461
3.9697971510000003,20.301574913286736
3.972449113,20.301574913286736
3.9737645790000005,20.31186258202969
3.9759633790000004,20.331533140831368
3.979193436,20.341087771288482
3.981229443,20.351136678989768
3.9829226760000003,20.3607038758175
3.984019174,20.370585231910592
3.986606345,20.370585231910592
3.9879920620000004,20.381383933058526
3.9900222270000003,20.381383933058526
3.9916541050000003,20.400895317832425
3.9944648880000004,20.41969879706171
3.9957101670000004,20.429969710643846
3.997771589,20.429969710643846
4.001002848000001,20.44016103721209
4.003251056,20.459052481035677
4.00436453,20.470014545001604
4.005874017,20.470014545001604
4.009648269,20.480138850926576
4.010272404,20.499407285868593
4.011760983,20.509297019542092
4.013645896,20.51894799217392
4.017186341,20.528753950043324
4.018569588,20.53861017339519
4.019898638,20.548759612061385
4.024256235,20.558775009441028
4.024746724,20.569096188505622
4.025702055,20.569096188505622
4.027645977000001,20.579911644814377
4.029860511,20.599180079756398
4.031755572000001,20.609032114318055
4.034038612000001,20.61925695120794
4.035682307,20.62918438399328
4.039254487,20.639153704680673
4.04009509,20.648901019487212
4.04267572,20.658610635181905
4.043778453,20.668638598932166
4.045827963000001,20.668638598932166
4.047758444,20.67981847998874
4.049711552000001,20.699447150888368
4.0526099360000005,20.70931594061085
4.053640012000001,20.718891515018985
4.055629441000001,20.728944611510475
4.057589967,20.738658415995374
4.059741020000001,20.748196291291674
4.062371303,20.75837924027951
4.063882976,20.768474224673046
4.0661492500000005,20.768474224673046
4.0686894140000005,20.779675049680645
4.069802436000001,20.779675049680645
4.0720130160000005,20.799144546552494
4.073833874,20.819053866395837
4.075812927,20.829081830146098
4.077778401000001,20.838816578582023
4.079728812,20.84838377540975
4.085005517,20.857888140384414
4.0850384790000005,20.868435514120065
4.086077597,20.868435514120065
4.0882349940000005,20.879485542680293
4.090280988,20.897932974742172
4.092400079,20.897932974742172
4.094255298,20.90778500930383
4.0958475430000005,20.90778500930383
4.0983096240000005,20.927907957447623
4.100865228,20.947297867305583
4.10209843,20.957464061132594
4.103975059000001,20.957464061132594
4.10711946,20.968501523322207
4.108270658,20.987715503991563
4.111318475,20.997588482504245
4.112206348,20.997588482504245
4.11388469,21.009715030147103
4.1157219210000004,21.02692676909857
4.118464028,21.036544231408758
4.1203473630000005,21.046387888390008
4.122202287,21.05641166335006
4.124556733,21.05641166335006
4.127101681,21.067109833533085
4.1278346710000005,21.067109833533085
4.1300376110000006,21.086688238950256
4.131848104,21.106174490982923
4.133893405,21.106174490982923
4.136488027,21.116076791027037
4.138108956,21.135575609430315
4.139957498,21.145637083502212
4.142091089,21.155447230161823
4.143821155,21.165240621660615
4.146098801,21.165240621660615
4.1493210000000005,21.175532479193777
4.152593339,21.195215604366066
4.15262442,21.204904276109737
4.155838647,21.214710233979144
4.156673588,21.22489318296698
4.158027187,21.2350635655842
4.160077416,21.24499518715975
4.163772303,21.254541440036455
4.164353692000001,21.26450238314344
4.165745736,21.26450238314344
4.167772165000001,21.275409992836703
4.170468796000001,21.294159017793326
4.171955262,21.294159017793326
4.173715116,21.30473152427021
4.176930481,21.323673233576255
4.178597089,21.333466625075044
4.181449387000001,21.343218128671783
4.182451118,21.353547685316787
4.184014542,21.36331594407435
4.186101097,21.36331594407435
4.188105617000001,21.37478066286485
4.190276023,21.37478066286485
4.192059146,21.394082608128507
4.193747854000001,21.394082608128507
4.195774593,21.41405057103472
4.197696775,21.433503312745753
4.202592297000001,21.443279949083724
4.202952302,21.45350897476381
4.203915772,21.46315994739564
4.205779148,21.46315994739564
4.2092582510000005,21.474260241438323
4.210294783,21.493315048079896
4.21193413,21.493315048079896
4.215383762,21.503271802396675
4.216151518,21.522586314030942
4.217936575,21.53207811263499
4.221945383,21.542227551301185
4.222679971000001,21.552607373428646
4.223953128000001,21.56249710710215
4.226358288,21.56249710710215
4.227810332000001,21.573471737438688
4.2306110630000004,21.573471737438688
4.232460694,21.59344388913511
4.235519651000001,21.59344388913511
4.236357678,21.613654801873203
4.237765214,21.613654801873203
4.239746802,21.633748428485564
4.241784234,21.653071317700242
4.243814859,21.66277255581453
4.246974915,21.67255756973291
4.248006293,21.682702819608902
4.250371511,21.682702819608902
4.252197885,21.693748659378922
4.254058179,21.693748659378922
4.25715391,21.71220028023101
4.258206909,21.731527358235894
4.260744073000001,21.741136442965672
4.262015722,21.751629362428663
4.263920446,21.751629362428663
4.266104551000001,21.76228564470964
4.2679833590000005,21.76228564470964
4.269748975000001,21.782961513160465
4.2719283930000005,21.801760803599546
4.2738885810000005,21.81177620097919
4.276919915000001,21.821104636765252
4.278037919,21.831120034144895
4.281426426,21.840825461049384
4.282040404,21.851205283176846
4.2839492240000006,21.860738969682938
4.286023070000001,21.860738969682938
4.2878826530000005,21.872270709116716
4.289776531,21.872270709116716
4.2926228040000005,21.891409291562386
4.294218711,21.910568817959078
4.295710474,21.920688935093843
4.297705123,21.93039436199833
4.300853874,21.940346927524903
4.302220179,21.950362324904546
4.304735245000001,21.950362324904546
4.306170435,21.961114949360237
4.308018782,21.961114949360237
4.311398703,21.981049401944816
4.3122740440000005,21.981049401944816
4.314071396,22.000602674620758
4.317541439,22.02040308591878
4.318654427,22.030384972976787
4.3205807080000005,22.04017836447558
4.323417496,22.050373879834027
4.324491715000001,22.050373879834027
4.325706028,22.06090030961866
4.327859157000001,22.08063788906361
4.329989609,22.08063788906361
4.331633726000001,22.090774761359192
4.335432617,22.109578240588476
4.336471364,22.119070039192525
4.337630612,22.12903517108971
4.340561719,22.138945848714236
4.3431874950000005,22.148688974730568
4.344533022,22.148688974730568
4.345908414,22.15924472604663
4.347711026000001,22.179158234680184
4.350532628,22.179158234680184
4.352034588,22.189106611416552
4.353639913,22.189106611416552
4.356620469,22.208793925379048
4.357904662,22.22749687364342
4.361136806,22.23798979310641
4.362220347,22.247686842430493
4.3643751680000005,22.247686842430493
4.368793453,22.258456222047
4.370736760000001,22.258456222047
4.371349134,22.279479760084822
4.372312620000001,22.279479760084822
4.373958965,22.298492678824346
4.375658853,22.317719225864312
4.3780970450000005,22.327625714698634
4.380879185,22.327625714698634
4.381945845000001,22.337724887882374
4.3844831840000005,22.337724887882374
4.3857579310000006,22.35786459118699
4.3878043380000005,22.37716234766044
4.389761085,22.387357863018888
4.391763489000001,22.39714287693727
4.393748433,22.407195973428756
4.395804105,22.417215559598606
4.3985078490000005,22.427163936334974
4.400269373,22.43677720985496
4.4019760020000005,22.447039745856685
4.404416484,22.447039745856685
4.405895481,22.458508653437388
4.407893984,22.458508653437388
4.410639762000001,22.478262988043163
4.411796775,22.478262988043163
4.4137703770000005,22.498134608774667
4.415770732,22.516996731066826
4.418883350000001,22.526115727342642
4.420035449,22.536164635043928
4.423769436000001,22.545861684368003
4.424637113,22.55632528229956
4.426036890000001,22.55632528229956
4.428096841,22.567153304978934
4.429897273,22.567153304978934
4.431769251,22.586404984760133
4.433667716,22.605840971310343
4.435862056,22.61572651619364
4.4385341480000005,22.62521831479768
4.440590738,22.635363564673675
4.44287032,22.64590256082892
4.4456838450000005,22.655578666201976
4.447143484000001,22.655578666201976
4.449673688,22.666603562020974
4.450276384,22.666603562020974
4.451744243,22.686202911389167
4.454008374000001,22.705400136897705
4.456435612,22.715482554920627
4.457917918000001,22.725405798915766
4.460476712,22.734910163890422
4.462897235000001,22.74424278846669
4.4639669500000005,22.754584911482308
4.465830528000001,22.754584911482308
4.467765558,22.765660072783763
4.469800514,22.784740012166562
4.471866333,22.79504862486054
4.4742507830000005,22.79504862486054
4.475769589,22.805386559085957
4.479931272,22.825325200460743
4.481131486000001,22.835516527028986
4.4824914300000005,22.845242897884496
4.4842836880000005,22.8552205961523
4.486125586,22.8552205961523
4.4884678970000005,22.86728850073229
4.489724666,22.86728850073229
4.492257573,22.886502481401642
4.494241298,22.90495410225373
4.495666322,22.90495410225373
4.499631375,22.917264956665598
4.500603917,22.934371975861943
4.5019280230000005,22.944282653486468
4.504312261,22.944282653486468
4.507936829,22.955688729214103
4.508631973,22.955688729214103
4.509753165,22.978546957361623
4.511759149,22.995553445593053
4.513835155000001,23.005288194028978
4.515733826,23.015471143016814
4.518938127,23.025147248389867
4.521797158,23.0342788110363
4.5228302860000005,23.044135034388166
4.524438772,23.05403733443228
4.526752168000001,23.05403733443228
4.528175396,23.0652591033909
4.529737098,23.0652591033909
4.531710918,23.084523349542717
4.534546375000001,23.1039342033517
4.536079977,23.114301459108543
4.537795549,23.124505352047404
4.541143612,23.13426942201476
4.542212675,23.143786353360035
4.5442556000000005,23.143786353360035
4.545797891,23.1543462934663
4.547833471000001,23.173086940842513
4.550260225000001,23.182880332341306
4.551728699,23.182880332341306
4.55396183,23.193163812294056
4.556650336000001,23.212101332809898
4.558985458,23.22202038801483
4.560140716,23.23253006263864
4.563360905000001,23.242126580997805
4.5639360600000005,23.25212522321663
4.565752869000001,23.25212522321663
4.567663589,23.263187818147472
4.569935612,23.282586105585835
4.5717039360000005,23.29276905457367
4.5737165200000005,23.302968758722326
4.576504169000001,23.31273701747989
4.577661549,23.322605807202365
4.5808559980000005,23.333446396252352
4.582738795,23.343512059114456
4.584384612,23.343512059114456
4.587215560000001,23.35516527346417
4.588041657000001,23.35516527346417
4.590002522000001,23.375292410398167
4.592047367,23.394766096060224
4.594305403,23.394766096060224
4.595726406000001,23.404647452153313
4.597674497,23.42324568066256
4.600579891000001,23.432628570721285
4.603843326000001,23.442116180535123
4.604584669,23.442116180535123
4.606318495,23.453115943612897
4.607860109000001,23.453115943612897
4.610678701,23.472493287100235
4.611697503,23.492318831139492
4.613712281000001,23.502631632623675
4.615683751000001,23.513003077170726
4.618170033,23.52262472827112
4.6213800890000005,23.532560538636872
4.62377103,23.542730921254094
4.624571318,23.542730921254094
4.626017662000001,23.553609209415928
4.627697045000001,23.57193935535207
4.630572949,23.58161127193492
4.6316928530000006,23.590943896511188
4.633649177000001,23.600586491562606
4.635571542,23.61057675620102
4.639527224,23.620139764238548
4.643247894,23.630406489030477
4.643572608,23.640388376088485
4.644628472,23.65018595637748
4.646378673,23.65018595637748
4.648136454,23.662073742978667
4.649975595,23.662073742978667
4.652132310000001,23.68053374141116
4.655075378,23.699932028849524
4.656596106,23.699932028849524
4.659183671,23.71056736717948
4.659952427,23.73025468114197
4.6625138260000005,23.739700403053767
4.664553092,23.739700403053767
4.668228211000001,23.749929428733854
4.668306759,23.749929428733854
4.669651365,23.770647185086727
4.671679213,23.789425531574786
4.674398643,23.799474439276068
4.675912791,23.799474439276068
4.6776846910000005,23.81198216682756
4.68285297,23.828883935303875
4.682873938,23.838488831243446
4.684697678,23.838488831243446
4.685798507,23.849279154810976
4.687769261000001,23.869393725374362
4.690219889000001,23.879337913320523
4.6921892210000005,23.88938682102181
4.694124879,23.88938682102181
4.69610789,23.90117826544828
4.6976928110000005,23.920040387740432
4.700866579,23.93040764349728
4.703030925,23.940351831443444
4.703872942,23.940351831443444
4.7056458150000005,23.951607110723703
4.707740954,23.971382389280503
4.710222123,23.98111294892622
4.7116857020000005,23.990780676718867
4.713634369,24.000151000406973
4.716557862,24.009085689913785
4.717788442000001,24.01833034989575
4.7226835860000005,24.028174006876995
4.7227153,24.037879433781484
4.7246831700000005,24.04750108488188
4.725971316,24.04750108488188
4.727749983000001,24.058898783029104
4.729756669,24.07854420908955
4.731980651000001,24.08888633210517
4.7338456650000005,24.098889163114197
4.735761278,24.108699309773808
4.7379713390000004,24.11846756853137
4.7407669640000005,24.12860862961716
4.7435576930000005,24.137987330885675
4.7447519510000005,24.137987330885675
4.745843948,24.149447860885974
4.747825219,24.168033523024608
4.7504129420000005,24.177856236054833
4.7533741240000005,24.187662193924236
4.754358659,24.187662193924236
4.755926655000001,24.197857709282687
4.760483665000001,24.217188976077775
4.761265495,24.227053577010047
4.76340546,24.236742248753718
4.764380004,24.24708856055954
4.765990805,24.24708856055954
4.769872151,24.258172099441403
4.7706912710000005,24.258172099441403
4.772176681,24.277151507859294
4.773781597,24.29633197820701
4.775966904000001,24.306338998006247
4.777879659,24.316107256763807
4.781298203,24.326038878339354
4.781902954,24.326038878339354
4.783848653000001,24.340708021636516
4.785847285,24.340708021636516
4.788086157,24.357446427294843
4.789730564,24.37704577666304
4.7921107570000006,24.37704577666304
4.793686553000001,24.38720778169985
4.79596645,24.40677362074641
4.797659579,24.416474858860695
4.800826428000001,24.42620122971621
4.8019048070000006,24.436116096130934
4.806323322,24.44666346986659
4.806684576,24.44666346986659
4.808350679,24.45727786424552
4.809920863,24.476722228376136
4.811939733,24.476722228376136
4.814144962,24.487064351391755
4.815740062000001,24.487064351391755
4.818071010000001,24.50727107533964
4.819750739000001,24.526409657785315
4.822768556000001,24.536282636297994
4.8242130450000005,24.54623520182457
4.826434775,24.54623520182457
4.828216763,24.557138622727624
4.829987955,24.576415435250052
4.8322613080000005,24.576415435250052
4.83376467,24.587205758817582
4.835692692,24.60557360386557
4.837706152,24.61499000424593
4.840030792,24.6252022747652
4.84263575,24.635150651501565
4.84389389,24.645099028237937
4.846120212000001,24.645099028237937
4.848025263,24.65597312760956
4.8496329970000005,24.65597312760956
4.852172784,24.67654008751506
4.853644831,24.67654008751506
4.857088017000001,24.695037785059398
4.859529467000001,24.714042326218514
4.860360498,24.723827340136896
4.862368229,24.734052177026776
4.864271493,24.7437827366725
4.865812255000001,24.7437827366725
4.867736747,24.754966806519278
4.869758640000001,24.773879194293887
4.872608926000001,24.783467335072643
4.8741161680000005,24.793243971410615
4.876205552,24.793243971410615
4.8792121,24.803912820062205
4.883862452000001,24.823093290409926
4.88389682,24.832647920867043
4.884614137000001,24.84277222679201
4.886346717,24.84277222679201
4.8878025,24.853633759793023
4.889805441,24.853633759793023
4.891753305,24.87314095577671
4.893709466000001,24.892539243215076
4.897307855,24.90216927189588
4.898244566000001,24.91246950700945
4.900208143,24.922208444235576
4.902565483,24.932202897664197
4.904527943000001,24.942323014798962
4.905759169,24.942323014798962
4.907644738,24.953239002072635
4.909873134000001,24.97261215676977
4.911706882000001,24.982661064471056
4.9136873560000005,24.993112096032
4.915772082,25.002754691083414
4.917629314,25.012623480805892
4.919766646,25.022555102381443
4.923045841,25.032239585334906
4.924154811,25.04202459925329
4.926380824000001,25.04202459925329
4.927646385,25.05296571926819
4.930837186000001,25.071919994944846
4.931880232,25.081864182891014
4.9336730300000005,25.09184188115881
4.935792518,25.10127503669999
4.938445103,25.111386776254346
4.94050176,25.121502704598903
4.944864734,25.131744296649607
4.946100272000001,25.131744296649607
4.947558745,25.142626773601645
4.94846502,25.142626773601645
4.9511461070000005,25.16243556248008
4.9535928920000005,25.181854793869466
4.954965062,25.19153508803273
4.956415673,25.201579806943805
4.960095451,25.211255912316865
4.961274767,25.220990660752786
4.962436681000001,25.23161762150233
4.964572905000001,25.241825703231395
4.967436316000001,25.241825703231395
4.968094248,25.251413844010152
4.969729776,25.251413844010152
4.971876777,25.27170853255234
4.974204992000001,25.290637675487773
4.9760264560000005,25.300410123035537
4.978039229,25.30988516647876
4.9801169540000005,25.32006392667639
4.983251796,25.329890828496822
4.984033596000001,25.340756550288038
4.986103657,25.340756550288038
4.987954800000001,25.350738437346045
4.989646587,25.350738437346045
4.992420725000001,25.37141430579687
4.993831747000001,25.37141430579687
4.997071324,25.39116445161244
4.998654491,25.410231824624628
5.001096939,25.41995400668993
5.002334693,25.42999453681081
5.004068448,25.43995129112759
5.005943863000001,25.43995129112759
5.007744999000001,25.45087565598167
5.011346646000001,25.470722143971948
5.011915204,25.480410815715615
5.01380589,25.48981883851557
5.015799211,25.499905445328693
5.020091399,25.509619249813596
5.020885047,25.51949641711648
5.022002101,25.529574646349197
5.024510254,25.529574646349197
5.026443088000001,25.540892757482528
5.028874578,25.540892757482528
5.030165974,25.56050886201154
5.033146806,25.56050886201154
5.034475126,25.58142349150404
5.0358886190000005,25.59951906518872
5.0379497120000005,25.6099994182811
5.041323216,25.61946608414391
5.042081747,25.630486791172704
5.043751981000001,25.630486791172704
5.045913259000001,25.641180772565523
5.048456383,25.641180772565523
5.051486723,25.660449207507543
5.052084847000001,25.679143778191506
5.053719309,25.68879475082333
5.055907634,25.698127375399594
5.058325996000001,25.70795008842982
5.0611021570000005,25.717902653956394
5.062026628,25.72810235810505
5.063938007,25.72810235810505
5.065842349,25.739738817293944
5.067956404,25.739738817293944
5.070410715,25.75900725223596
5.0719664600000005,25.75900725223596
5.075989964000001,25.779209787393643
5.0770553970000005,25.79795043476986
5.077869927,25.80788205634541
5.080894686000001,25.817708958165838
5.08344338,25.82803851481084
5.084502114,25.82803851481084
5.0858495050000005,25.83874087378407
5.087788207,25.858155916383254
5.0911184270000005,25.858155916383254
5.092252633,25.868213201664947
5.09393561,25.88809738876707
5.095791428,25.89776092776951
5.099565304,25.907575263219325
5.1004040680000005,25.917230424641357
5.103323957000001,25.92744688395083
5.103879297000001,25.937680098421126
5.106187956,25.937680098421126
5.107708458,25.948491365939677
5.109667236,25.948491365939677
5.111642293,25.968065582566645
5.113940584000001,25.98785761628426
5.11593105,25.99820811688029
5.118230153000001,26.008374310707303
5.120673384000001,26.008374310707303
5.122962127,26.018377141716336
5.1237771080000005,26.018377141716336
5.1279378630000005,26.039170296292895
5.1287356740000005,26.039170296292895
5.131460773000001,26.059075427346038
5.132360472,26.059075427346038
5.135373015000001,26.078176310679865
5.136737162,26.097071943293656
5.138118782,26.10657630826832
5.1417264320000005,26.116893298542703
5.142757830000001,26.1272186663975
5.144801665,26.136844506288107
5.145865000000001,26.136844506288107
5.147817699,26.1485689300713
5.149766538000001,26.166970285440925
5.151930503,26.177082024995276
5.153878071,26.18701364657083
5.1561390650000005,26.196957834516994
5.158131877000001,26.206353290946332
5.160246735,26.206353290946332
5.1625301850000005,26.216896475891772
5.164040042,26.236797418154715
5.166364383,26.236797418154715
5.167781054000001,26.247617063253678
5.170216583,26.247617063253678
5.171778203000001,26.266734701748323
5.173904272000001,26.286752930136995
5.1759266550000005,26.296378770027598
5.178268063,26.305661129121404
5.18153103,26.305661129121404
5.182237837000001,26.315911098752515
5.184494376,26.315911098752515
5.185849923,26.336080123588562
5.188469363,26.336080123588562
5.189651616,26.355817703033516
5.192047632,26.37538773087028
5.194133622000001,26.385625134130773
5.195660323,26.39559864360837
5.198471700000001,26.405412979058188
5.201505662000001,26.415834689087692
5.203117671,26.425707667600374
5.2040303020000005,26.425707667600374
5.205865832000001,26.43682471680388
5.208266536,26.43682471680388
5.210628938,26.456361234319
5.212277434000001,26.456361234319
5.214003514000001,26.477213031958428
5.216084927000001,26.496297160131437
5.218037435,26.506094740420433
5.220817301,26.515636804506936
5.223120162000001,26.52542181842532
5.224379723,26.52542181842532
5.225723213,26.535688543217244
5.227677934,26.535688543217244
5.230210159,26.554755916229436
5.231793833,26.574024351171452
5.233630732,26.584257565641746
5.235957415000001,26.594252019070368
5.238373923,26.594252019070368
5.239931229000001,26.60536906827387
5.242912437,26.624704523859165
5.245505413,26.634347118910586
5.246242189,26.634347118910586
5.247736935000001,26.64585372560313
5.250373587,26.664720036685484
5.252359359000001,26.674773133176977
5.2538872130000005,26.684784341766413
5.256291882,26.684784341766413
5.258168006,26.69489608132077
5.259746089,26.7142608584375
5.262344229,26.723978851712605
5.264155007,26.733738732889755
5.266023104,26.733738732889755
5.267661842000001,26.744730118387114
5.270741571,26.76361318463029
5.272201037,26.76361318463029
5.2736514670000005,26.774897785441986
5.275658889000001,26.793542090643488
5.277867019,26.80306739956917
5.279960794,26.81308279694882
5.28284218,26.82355896125099
5.28476203,26.83339005186162
5.285751899,26.83339005186162
5.287738962000001,26.84468721904393
5.291280888,26.863582851657718
5.292419596,26.873686213631665
5.294165271000001,26.88347122755005
5.2962765670000005,26.88347122755005
5.298356179000001,26.893423793076618
5.300178039,26.913148806150957
5.3025650230000005,26.913148806150957
5.304073408000001,26.92344066368412
5.306251164000001,26.92344066368412
5.308158904,26.943764673757748
5.309717374000001,26.943764673757748
5.3116948960000006,26.96277340370706
5.313753821000001,26.981891042201713
5.316230476,26.99149593814128
5.318334231000001,27.00168726470953
5.321565099000001,27.011610508704667
5.324499976,27.02163428366472
5.325308569000001,27.032014105792182
5.327362433,27.032014105792182
5.328587061,27.042808618149913
5.329925882,27.042808618149913
5.332133641,27.062118940993983
5.334352036,27.082099470270812
5.336338303000001,27.082099470270812
5.338192998,27.092043658216973
5.340265914000001,27.11186920225623
5.342851751,27.121587195531337
5.344765745,27.121587195531337
5.345964912,27.131920940966545
5.349359133,27.15090872696484
5.350244451,27.15090872696484
5.353111946,27.161100053533087
5.3542920810000005,27.18052347371268
5.356192729,27.189994328365703
5.357849091,27.200323885010704
5.3600446690000005,27.209979046432736
5.366401158,27.219575564791906
5.366432108000001,27.229712437087485
5.369288425000001,27.229712437087485
5.3707662670000005,27.24055721492768
5.370918726,27.24055721492768
5.371851487000001,27.26055868815553
5.373851902,27.26055868815553
5.375891296000001,27.280627182026667
5.377827767,27.300180454702605
5.381329502000001,27.310049244425084
5.382064173000001,27.31973791616876
5.384010098,27.31973791616876
5.387558048000001,27.330528239736285
5.388648623,27.330528239736285
5.389854286,27.349968415076702
5.391912453000001,27.368817970998236
5.394265516,27.37873283741297
5.396287031,27.37873283741297
5.398021789,27.388505284960733
5.400917627,27.408196787713436
5.40222171,27.408196787713436
5.404015525,27.41961961860189
5.405960938000001,27.41961961860189
5.408278603,27.438967640557795
5.411390923,27.45818581001736
5.41270992,27.45818581001736
5.414779670000001,27.470802446114167
5.415932118000001,27.470802446114167
5.419300434,27.488278078848534
5.420094816000001,27.507776897251823
5.422878436,27.51749489052693
5.423998438,27.527698783465784
5.42597589,27.527698783465784
5.4281525550000005,27.538623148319868
5.4301029860000005,27.538623148319868
5.431853427,27.55795022632475
5.434674763,27.577285681910045
5.436305074000001,27.577285681910045
5.437826259,27.587837244435907
5.440128819000001,27.606954882930548
5.443185967000001,27.616702197737084
5.444896517,27.62690609067594
5.4468790480000004,27.62690609067594
5.448279812,27.637993818348015
5.450171953,27.637993818348015
5.452004260000001,27.65815446560365
5.453905494000001,27.677435466916283
5.456018576,27.686952398261557
5.458120350000001,27.686952398261557
5.460565423,27.698907205506018
5.461946398,27.698907205506018
5.463913489,27.71824684988152
5.466868414,27.71824684988152
5.468339005000001,27.73782525529869
5.4708087480000005,27.756766964604733
5.472147725,27.756766964604733
5.4737743100000005,27.76707138850851
5.476193258,27.76707138850851
5.4777713420000005,27.786297935548475
5.480041075,27.806659644733944
5.482194216,27.816461413813144
5.484400266000001,27.827331324394567
5.486092898000001,27.827331324394567
5.488588184,27.838293388360487
5.489989154000001,27.838293388360487
5.491973333000001,27.858847781895378
5.493847566,27.877747603299376
5.49595282,27.877747603299376
5.498179734000001,27.887943118657823
5.501222172,27.90810376591346
5.501854227,27.918052142649827
5.505904755,27.928151315833567
5.506638819,27.928151315833567
5.508564446,27.93910081342888
5.509759711,27.93910081342888
5.5117290940000006,27.958331549259057
5.513701778000001,27.977373789530013
5.51636726,27.98698706305
5.517875621,27.997295675743974
5.5210332520000005,28.006942459585602
5.5222504290000005,28.006942459585602
5.524205521000001,28.01774534952375
5.525805981,28.01774534952375
5.5277343740000005,28.0379227519402
5.530079244,28.056944048260135
5.532093398000001,28.0669720120104
5.534898833000001,28.0669720120104
5.535737784,28.077339267767243
5.5379257090000005,28.096448528681478
5.541053957,28.106438793319892
5.5420059450000005,28.115750473945134
5.544703417,28.115750473945134
5.545804178,28.126938732582115
5.5490837840000005,28.126938732582115
5.5497923700000005,28.14696114976099
5.552908758,28.166258906234443
5.553755172000001,28.175763271209107
5.555955781000001,28.18606769511288
5.557876974,28.18606769511288
5.560956217,28.196355363855833
5.561977263,28.215372471385567
5.564414463,28.215372471385567
5.565850266,28.2261669837433
5.567756950000001,28.2261669837433
5.5701726030000005,28.245787277062526
5.572619878,28.264917481927785
5.5743272,28.274987333580093
5.576769372,28.285115828295258
5.579703922,28.294984618017736
5.580603791000001,28.304539248474857
5.584156306000001,28.314567212225114
5.5847469400000005,28.324846503387658
5.586475308000001,28.324846503387658
5.589083063,28.336110160248328
5.5905081590000005,28.336110160248328
5.5921560040000005,28.355160778099695
5.594427189,28.373842782413046
5.5957890290000005,28.3842184157503
5.598295401000001,28.394137470955236
5.6003854230000005,28.404131924383854
5.60311359,28.41383735128835
5.604433183,28.41383735128835
5.607345618,28.423743840122665
5.607738813,28.423743840122665
5.610045268,28.44393380890974
5.61199944,28.46261162443288
5.613838849,28.472601889071292
5.615829773000001,28.472601889071292
5.617734939,28.48279321563954
5.619659569,28.502371621056714
5.623792267000001,28.51203097126895
5.624396154,28.522050557438792
5.626195771000001,28.522050557438792
5.627833002,28.533996987102846
5.630095320000001,28.533996987102846
5.631717562,28.553026661003194
5.63389755,28.572316039896236
5.636116079000001,28.581677986003935
5.638306475,28.591839991040747
5.641389924,28.60219468042698
5.642322409,28.612038337408226
5.644041961,28.612038337408226
5.647528306000001,28.62232181736098
5.648158919,28.62232181736098
5.649912319,28.642314913008416
5.6516455940000005,28.66149119456593
5.653792027000001,28.671272019694108
5.655690393,28.680910425955318
5.65760076,28.691386590257494
5.659627697,28.701050129259933
5.6627966050000005,28.710797444066475
5.663862814000001,28.720708121690997
5.666610305000001,28.720708121690997
5.667707319000001,28.731996911292896
5.669784191000001,28.751592071870885
5.671857816,28.761511127075828
5.673677241,28.771350595266867
5.6763094810000005,28.781181685877502
5.677625221,28.790430534649662
5.679654946,28.80066793791017
5.682089997,28.810314721751784
5.683761986,28.82038457340409
5.685842869,28.830517256909474
5.68768371,28.830517256909474
5.691093671,28.840846813554478
5.693101372,28.860299555265506
5.694099899,28.860299555265506
5.6958080110000004,28.870407106029656
5.698237479,28.889650408230445
5.700814599,28.899531764323534
5.702436501,28.909626748717073
5.704032701,28.909626748717073
5.706472018,28.922247573604096
5.708187420000001,28.922247573604096
5.710828628000001,28.940200728421804
5.7119619340000005,28.940200728421804
5.713673498,28.96387158186905
5.717416543000001,28.97960048908802
5.719088882,28.989335237523946
5.722942244,28.99937576764482
5.723259238000001,29.009077005759107
5.7241528850000005,29.009077005759107
5.726125551,29.019875706907047
5.727678672000001,29.019875706907047
5.729901062000001,29.039341014988686
5.731935666,29.05906183927282
5.733639407,29.05906183927282
5.73763436,29.069835407679538
5.7384804560000005,29.08880643851701
5.740031465,29.09883021347707
5.742313549,29.09883021347707
5.746311512,29.109993339372817
5.746633722,29.109993339372817
5.749020203000001,29.130539355327297
5.750039844000001,29.150046551310993
5.752517318000001,29.160036815949404
5.754907708,29.169691977371436
5.755923877000001,29.17997545732419
5.757615835,29.189659940277654
5.760496956000001,29.199419821454807
5.762285814,29.199419821454807
5.764320224,29.210871973874692
5.7678145270000005,29.210871973874692
5.768390628000001,29.229901647775034
5.769806236,29.248592029668792
5.771656435000001,29.258280701412463
5.774230736000001,29.26796518436593
5.775635774,29.277364829585473
5.778183706,29.28767344227945
5.779762143,29.28767344227945
5.786248714,29.299376922111623
5.786370925,29.31772801199879
5.788284354,29.32826281936383
5.7886143080000005,29.32826281936383
5.7898760650000005,29.33918299542771
5.7923737950000005,29.358216858118254
5.794102721000001,29.358216858118254
5.796234919000001,29.36864275693797
5.799157937,29.38817508566289
5.801874778,29.39778417039267
5.803456574,29.40732623447918
5.804500063000001,29.40732623447918
5.807743095,29.417718622977244
5.808243981,29.43720487500991
5.8116164040000005,29.447362691256526
5.81411571,29.457001097517736
5.816030409000001,29.466576671925875
5.817964627,29.476411951326718
5.818767202,29.48652787967127
5.819751019000001,29.49650557793907
5.8234861680000005,29.506215193633768
5.824337541,29.51636044350976
5.826377762000001,29.51636044350976
5.827830473000001,29.526932949986648
5.829779586000001,29.526932949986648
5.831785246,29.546440145970337
5.833782699,29.56577979034583
5.83621599,29.575749111033225
5.838339252,29.58546710430833
5.841113023,29.59534846040142
5.842152560000001,29.605024565774478
5.844246957,29.615081851056164
5.8458452560000005,29.624908752876596
5.849522521000001,29.63487807356399
5.85015645,29.64540031455841
5.852375876,29.64540031455841
5.853669508,29.656111051112052
5.856705146,29.675006683725844
5.857766528,29.684938305301387
5.864405535,29.694593466723425
5.864969098,29.704298893627914
5.865029662,29.71456142962964
5.865823619,29.71456142962964
5.867670898,29.72512136973591
5.870083371000001,29.744724907894305
5.872159011,29.744724907894305
5.873653838,29.756390688614637
5.876360653000001,29.774871630998152
5.8775880890000005,29.784384373553227
5.8803904760000005,29.794739062939453
5.882488185000001,29.804913634346885
5.883966571,29.815511273564997
5.885766814,29.815511273564997
5.88774584,29.826490092691735
5.890141320000001,29.826490092691735
5.892544583,29.846127141171774
5.893805915000001,29.864892921289222
5.896318786,29.87435958715204
5.897731898,29.883352919721712
5.900870374,29.893380883471973
5.9029977680000005,29.903178463760963
5.903993161000001,29.913239937832866
5.90667513,29.913239937832866
5.909071336,29.924461706791483
5.910989939,29.924461706791483
5.913323287000001,29.94508312096965
5.914411046000001,29.96393686568139
5.915704296,29.973793089033258
5.918205288,29.98354459263
5.920019961,29.993480402995754
5.922497378,30.003575387389287
5.924228452,30.003575387389287
5.926346098000001,30.01457933925726
5.927850065,30.01457933925726
5.9296453940000005,30.034065591289927
5.931641493000001,30.05309945398048
5.933685529000001,30.063093907409097
5.935579059,30.072388832873518
5.938241612000001,30.08267231282627
5.941275547,30.092587179240997
5.942929545,30.102640275732483
5.9457669420000006,30.11233732505657
5.946488745000001,30.12211396139454
5.9481476870000005,30.12211396139454
5.949841865000001,30.132954550444527
5.9519455390000005,30.132954550444527
5.954420508,30.154162395251358
5.956082454000001,30.174017260822048
5.957861692000001,30.18415413311763
5.961144477,30.194425046699767
5.96255671,30.204478143191253
5.963963560000001,30.214564750004378
5.966102954,30.214564750004378
5.969086987000001,30.22560640098419
5.969806575000001,30.22560640098419
5.9717405580000005,30.244309349248564
5.973690769,30.262342091080168
5.976015935,30.271473653726602
5.977753579000001,30.281388520141338
5.981000701,30.29162592340183
5.983242126,30.301247574502227
5.9841681190000005,30.311908045573407
5.986116348,30.311908045573407
5.989501874,30.323079549049577
5.990894345,30.342331228830773
5.991799394,30.342331228830773
5.99379619,30.353125741188503
5.996333724,30.371623438732843
5.998025203,30.381232523462625
5.999874207,30.391553702527215
6.002329826,30.40126331822191
6.004418441,30.411559364545276
6.005781956000001,30.411559364545276
6.007769152000001,30.42276437834308
6.012188375,30.442518712948857
6.013166086,30.453003254831433
6.014113422,30.463018652211083
6.016140994000001,30.47291257467478
6.017875723,30.482835818669923
6.020779461,30.492692042021787
6.022277794000001,30.50220897336706
6.0251207430000004,30.50220897336706
6.026438824,30.511901833900936
6.028004757000001,30.511901833900936
6.0298329630000005,30.530814221675552
6.032026648,30.54991929379958
6.034090224000001,30.56002684456373
6.035854163000001,30.56002684456373
6.038084342,30.572031917290644
6.040948222000001,30.590881473212185
6.042949539,30.601131442843297
6.0438003060000005,30.601131442843297
6.046507486,30.6120767516484
6.048377525,30.63041946395516
6.049753631000001,30.640078814167396
6.051893071,30.649826128973935
6.054061386000001,30.65992111336747
6.056895907,30.669831790991996
6.057933906000001,30.679717335875296
6.060352239,30.689686656562685
6.06222509,30.6992370982296
6.0642162840000005,30.70972164011218
6.06575643,30.70972164011218
6.067751605000001,30.720302524169462
6.069802571,30.739160457671417
6.072277565,30.748790486352217
6.074237181,30.75869697518654
6.076044681,30.769227593761375
6.077849523,30.7790503067916
6.081435718000001,30.788990305947557
6.083381006000001,30.7990057033272
6.084904388,30.7990057033272
6.085834386,30.810047354307017
6.087813462000001,30.82918593675268
6.090192149,30.839138502279262
6.092213609000001,30.848735020638422
6.093876262,30.858587055200086
6.095796952000001,30.868619207740544
6.097695895,30.878291124323397
6.100677862,30.88823531226956
6.1040965730000005,30.898590001655794
6.104684801,30.898590001655794
6.105831216,30.90943896828619
6.107809371,30.928221503564448
6.1098606460000005,30.93816150272041
6.1119332680000005,30.947871118415105
6.113947246,30.957555601368565
6.1171653610000005,30.967449523832276
6.118146102000001,30.97766598314175
6.1213175380000004,30.98762692624873
6.122263736000001,30.98762692624873
6.12442517,30.99796067168394
6.126071157,30.99796067168394
6.129103656000001,31.01848574368739
6.130306065,31.01848574368739
6.131758692,31.037863087174735
6.133759565,31.057223675501255
6.138263134000001,31.067180429818034
6.138693348,31.077518364043442
6.1415439140000005,31.087169336675274
6.1427733280000005,31.096987860915295
6.143878328,31.096987860915295
6.145844405,31.107556178601975
6.147771673,31.107556178601975
6.150149284,31.127008920312996
6.152218321,31.14604278300355
6.155162902000001,31.15601210369094
6.156185701,31.16588089341342
6.157862266,31.17640313440784
6.159960474,31.18630124566175
6.162878786,31.195998294985827
6.1644991010000005,31.205418884156394
6.166491089,31.205418884156394
6.167818868,31.21687941415669
6.169755651,31.23592165442765
6.172360605000001,31.245790444150124
6.1737320350000005,31.255567080488095
6.175736784000001,31.26559085544815
6.1781439,31.27569002863189
6.18038676,31.27569002863189
6.18246548,31.286995573394606
6.184997264000001,31.306067135197
6.185912603,31.306067135197
6.188753575000001,31.3168323260233
6.189970479,31.335711203476276
6.192431681,31.335711203476276
6.193753088,31.34601981617025
6.195747434,31.34601981617025
6.197737148000001,31.36507043402162
6.200757038000001,31.384690727340843
6.204084612,31.394597216175164
6.204640402000001,31.394597216175164
6.205916640000001,31.405764530861124
6.207713125000001,31.405764530861124
6.209753023,31.42520051741133
6.213435663,31.44447314114355
6.214043423000001,31.454136680145993
6.215825365000001,31.464399216147726
6.219177490000001,31.47419260764651
6.221117972,31.48413260680247
6.221825281,31.49426110151764
6.224299762,31.49426110151764
6.226153264000001,31.504846174365138
6.227845844,31.504846174365138
6.229721567,31.524885346704835
6.232495028000001,31.54391083181498
6.2337560100000005,31.553331420985543
6.235752844,31.563455726910515
6.237703969,31.573069000430493
6.2399848140000005,31.583193306355465
6.243009075000001,31.59286522293831
6.244078647,31.603622036184206
6.2460702580000005,31.603622036184206
6.2477995790000005,31.614571533779518
6.249858983,31.633509054295356
6.25207888,31.643407165549263
6.255174543000001,31.65374509977468
6.256654996,31.663530113693056
6.258656380000001,31.673055422618745
6.25985558,31.683657250627057
6.262274393,31.693760612601004
6.264342146000001,31.70423258811297
6.266311986000001,31.70423258811297
6.269420211000001,31.71496426861764
6.270307685000001,31.734471464601324
6.273353772,31.744499428351585
6.274248094000001,31.744499428351585
6.276217025,31.754418483556517
6.277755396000001,31.773607331484644
6.284407149000001,31.78333370234016
6.284431189,31.79324019117448
6.285095229,31.802962373239787
6.28650525,31.813849038982028
6.287745502000001,31.813849038982028
6.291243008,31.826478241449454
6.292142793,31.843907797491575
6.293876083000001,31.853847796647532
6.296746034000001,31.864106143859054
6.2983190040000006,31.874259771315458
6.301410746,31.884446909093494
6.303058316,31.894328265186584
6.304700985,31.894328265186584
6.306225565,31.905143721495346
6.308128711,31.905143721495346
6.309891394,31.925404899715897
6.313563913,31.943559116463437
6.314065805,31.943559116463437
6.3164709960000005,31.95405203592643
6.317735665000001,31.97216855356213
6.322214952,31.98228029311649
6.322922632,31.98228029311649
6.32383965,31.995529436534227
6.325685337,31.995529436534227
6.32766212,32.01314329934535
6.330411208,32.0329646545944
6.3320230550000005,32.0329646545944
6.334161620000001,32.04358742655374
6.336139092000001,32.06335013873993
6.337882626000001,32.07362105232206
6.340902687000001,32.08357361784863
6.342613042,32.093702112563804
6.344541669000001,32.103420105838914
6.345938241000001,32.103420105838914
6.347696040000001,32.11478429366449
6.350770486,32.13380558998443
6.351646991,32.14365762454608
6.354868582000001,32.153534791848976
6.355741141,32.16390623639602
6.3594361930000005,32.173469244433555
6.360488372000001,32.18324169198132
6.362328145,32.19333667637485
6.3655294200000005,32.20356151326474
6.368545644,32.20356151326474
6.3704823390000005,32.21515608455159
6.37076637,32.21515608455159
6.372272779,32.23482245456306
6.374276462,32.23482245456306
6.376160389000001,32.25470664166518
6.380642108,32.2736274070202
6.381870276000001,32.28328256844223
6.382537629000001,32.28328256844223
6.385445526000001,32.29364563540888
6.38591026,32.311963214974405
6.389243936000001,32.32201212267569
6.3934706640000005,32.33211548464963
6.3935101450000005,32.34272569023835
6.39536411,32.35270338850615
6.396273788,32.35270338850615
6.398850652,32.36452834325427
6.400104968000001,32.38294645378472
6.402151871,32.3929073968917
6.406314938,32.40276780903376
6.407014704000001,32.412523501420715
6.4083364640000005,32.412523501420715
6.410851641000001,32.422798603793055
6.412218585000001,32.422798603793055
6.414579138000001,32.44254456081842
6.415900097000001,32.46188839398412
6.418534976,32.47165665274168
6.422487762,32.47165665274168
6.423134714000001,32.482706681301906
6.424965426,32.482706681301906
6.425900242,32.502683021788535
6.427895014000001,32.502683021788535
6.429863977,32.52239965728247
6.431978066,32.54167646980489
6.434432291,32.55150756041553
6.436687087,32.561309329494726
6.4410679260000006,32.57107339946208
6.446459966000001,32.58103434256906
6.446496381,32.591058117529116
6.447188494000001,32.60074678927279
6.448000542000001,32.61094230463124
6.448801673,32.61094230463124
6.449879030000001,32.621527377478735
6.451919926,32.64072879177748
6.454671827,32.65073581157671
6.455878696,32.65073581157671
6.457823778000001,32.66096064846659
6.459869187000001,32.6803086704225
6.462699024,32.69053769610259
6.464083788000001,32.70090914064964
6.4668736650000005,32.70090914064964
6.468745666,32.711418815273454
6.469970334,32.73134489027762
6.473183968000001,32.73134489027762
6.474258263,32.74169957966385
6.475893558,32.762199518926074
6.478007855,32.77231544727063
6.480760053,32.78223031368537
6.482285663000001,32.79289916233695
6.484514672,32.79289916233695
6.486544204,32.80345491365302
6.4887786620000005,32.80345491365302
6.491431829000001,32.8226898382734
6.4924698450000005,32.8226898382734
6.495831837000001,32.841376031376946
6.496841951,32.85971455489351
6.499654678000001,32.86926918535062
6.500461422000001,32.87951496619153
6.505532422000001,32.889530363571176
6.505565283,32.89975101167085
6.506624395,32.91044080427346
6.507903913000001,32.91044080427346
6.509911153,32.92162487412025
6.5124160060000005,32.941148825264754
6.5138586290000005,32.95118097780522
6.515817617000001,32.96133460526162
6.517859543,32.97077613838321
6.520038224,32.98050250923872
6.522493546000001,32.99042994202407
6.524851139000001,33.00086840721439
6.5266925350000005,33.00086840721439
6.5282166880000005,33.010862860643016
6.530052475000001,33.010862860643016
6.533060335,33.02990928970418
6.534916756,33.0490017954576
6.535829605,33.0490017954576
6.538141994,33.05949052613038
6.540188527000001,33.05949052613038
6.543313321,33.08048055384656
6.54436377,33.08048055384656
6.546242314000001,33.09982019822206
6.5483991900000005,33.09982019822206
6.550267854,33.11990963604422
6.5523481210000005,33.13952574057324
6.555323743000001,33.149247922638544
6.557876789000001,33.15915441147286
6.558603626,33.16875511862223
6.560975078,33.1782636723871
6.563646501,33.1882413706549
6.564898307,33.19816461465004
6.566240112,33.19816461465004
6.568890018,33.20960838948951
6.570231072,33.20960838948951
6.57195851,33.23019629334605
6.574296521000001,33.247940008653515
6.576244303,33.247940008653515
6.5778444,33.25953039115016
6.5802087380000005,33.278057410225934
6.586483456000001,33.2876581173753
6.5865331750000005,33.29809658256563
6.587598181000001,33.30816643421793
6.588401399,33.30816643421793
6.589859599,33.319832214938266
6.594802025000001,33.33884932246799
6.595414256000001,33.34880607678477
6.597197202,33.34880607678477
6.598236195,33.36061008758186
6.6000605320000005,33.379480587454424
6.604295953,33.38893887573683
6.605018257,33.399146957465895
6.606155848,33.399146957465895
6.6083163570000005,33.409443003789264
6.61012377,33.428514565591655
6.611878432,33.428514565591655
6.615219092,33.43856766208314
6.617154383000001,33.457454917116515
6.618497071,33.46745774812555
6.620596804000001,33.477226006883114
6.623936637000001,33.487241404262754
6.624542579000001,33.497340577446494
6.625964424,33.497340577446494
6.628015736,33.50836128447529
6.631042755,33.52750824450137
6.632657895,33.52750824450137
6.633940068,33.541972137078496
6.63609501,33.55700570512347
6.637891582000001,33.56705880161496
6.639771535,33.57679355005089
6.642576743,33.58650735453578
6.644844748000001,33.59659396134891
6.646225517,33.59659396134891
6.647921871,33.60811313441208
6.650377961,33.62643909155802
6.6531253360000004,33.63630788128049
6.654066763,33.64613478310092
6.659034841,33.65581507726418
6.659767649000001,33.66622003213287
6.660540633,33.67606787790432
6.6621544,33.68580681513045
6.6641073980000005,33.695952065006445
6.666383148,33.695952065006445
6.667901938,33.70670887825233
6.670051357,33.72615743117316
6.671862774,33.73618539492342
6.6741195410000005,33.74563949441562
6.675779312,33.75543707470461
6.677804178000001,33.76554462546876
6.680837878,33.77513695503772
6.683051651,33.77513695503772
6.6847652140000005,33.78604875352119
6.6863265080000005,33.78604875352119
6.6882854940000005,33.80685866325857
6.68987449,33.80685866325857
6.691778931,33.82611872062018
6.6944203390000006,33.845140016940114
6.695840919,33.85497948513116
6.697848191,33.86453830437848
6.700423128000001,33.87452019143648
6.703314186,33.87452019143648
6.704257139,33.88595977748576
6.706238809,33.88595977748576
6.710134863,33.90600732740587
6.710708181,33.90600732740587
6.711830695000001,33.925770039592045
6.7138982590000005,33.945126439128366
6.716024098,33.95485699877408
6.717875272000001,33.96445770592346
6.720001639,33.97501345723952
6.724671007,33.98450106705336
6.725006682,33.99484319006898
6.72587779,33.99484319006898
6.729118366000001,34.00548271718914
6.730321126000001,34.02467156511726
6.732212382,34.03418430767233
6.733883838000001,34.0447484365688
6.737003779,34.05443291952227
6.7382540980000005,34.05443291952227
6.740706526,34.064414806580274
6.742269141,34.08354501144553
6.744288136000001,34.09408400760077
6.745870089,34.09408400760077
6.747745734,34.10507958188834
6.750666376000001,34.12340135024407
6.75197564,34.13345444673556
6.754139376,34.13345444673556
6.7558752580000005,34.14432854610719
6.758059257,34.163764532657396
6.760358194,34.173926537694214
6.762259502,34.18391261354242
6.7644451320000005,34.18391261354242
6.765927707,34.19538989870353
6.769191245,34.214432138974495
6.770348222000001,34.214432138974495
6.7720445830000005,34.224883170535435
6.774490489000001,34.24478411279838
6.775897049,34.25484977566048
6.778083989000001,34.264860984249914
6.780056984000001,34.27418104245557
6.783054113,34.284280215639306
6.784347803,34.29445478704673
6.786354145000001,34.29445478704673
6.789716724000001,34.30488487465666
6.790621852,34.32378050727044
6.792112167000001,34.33342310232186
6.794035878000001,34.34316622833819
6.796367806,34.34316622833819
6.798613927000001,34.353328233375
6.803327766000001,34.372898261211766
6.803355144,34.38320268511554
6.804641599,34.393423333215225
6.80642645,34.393423333215225
6.807918557000001,34.40457389274036
6.810841580000001,34.42364545454276
6.812255154000001,34.42364545454276
6.815571041,34.43414256279595
6.816288646,34.45301725145872
6.818763378000001,34.46258444828645
6.822801088,34.4722563648693
6.822829628,34.48203300120728
6.826189680000001,34.49155831013296
6.826973635000001,34.49155831013296
6.828542078000001,34.50300627376264
6.831089665,34.52235429571855
6.833219788,34.52235429571855
6.834147262,34.53300220041911
6.8359656520000005,34.55195228730557
6.838071366,34.56162420388842
6.841072239000001,34.571208155876974
6.8424324080000005,34.58175552961262
6.844179267,34.58175552961262
6.846099495000001,34.592684083256906
6.8483385850000005,34.61167605804541
6.850143030000001,34.61167605804541
6.852176416000001,34.62188413977447
6.854722957000001,34.64124053931079
6.85600242,34.65092502226426
6.857906949,34.66091528690268
6.861140730000001,34.67044059582836
6.8630603820000005,34.68052301385128
6.8646156640000005,34.68052301385128
6.866366328000001,34.69160236394294
6.868024984000001,34.69160236394294
6.870033943,34.71132737701728
6.872321752,34.73020206568005
6.874354123000001,34.74012530967518
6.876736008000001,34.750002476978075
6.878013576000001,34.76022312507775
6.880862576,34.76970654610139
6.882254747,34.779902061459836
6.884198423000001,34.779902061459836
6.8859826900000005,34.79086831421597
6.888198239,34.79086831421597
6.891148724000001,34.81024984649351
6.892538579,34.83031834036465
6.894145416000001,34.83031834036465
6.8962249060000005,34.840467779030845
6.899139951,34.85975715792388
6.901786647000001,34.86910234887076
6.905199915000001,34.87907166955815
6.905228515,34.888890193798176
6.90747329,34.89891396875822
6.908250855,34.89891396875822
6.9104205080000005,34.909511607976334
6.912356638,34.92918216677801
6.914528408000001,34.92918216677801
6.91675575,34.93895042553557
6.918068708000001,34.93895042553557
6.921078899,34.95914877190306
6.925056059,34.97829573192913
6.925080792,34.98864623252516
6.926042141000001,34.98864623252516
6.927849453,34.998984166750574
6.9302662260000005,34.998984166750574
6.934337378,35.01897307360781
6.935163022,35.01897307360781
6.9359725480000005,35.03868552031154
6.937912365000001,35.058423099756496
6.940090267,35.0680531284373
6.942934978,35.07788840783814
6.944074127,35.07788840783814
6.947492468,35.08812162230843
6.948553676,35.08812162230843
6.950091336000001,35.10877235801802
6.951903674,35.12771406732407
6.954552224,35.12771406732407
6.956073545000001,35.13751164761306
6.958075600000001,35.13751164761306
6.961706039,35.1581875160639
6.962455705,35.1581875160639
6.963861497000001,35.17752297164918
6.965884961,35.17752297164918
6.9680977330000005,35.197361082059054
6.969895439,35.216939487476225
6.971713908000001,35.22656113857662
6.974487713,35.23666450055057
6.97584596,35.24629871802158
6.978652366,35.25668272893924
6.979758822000001,35.266245736976764
6.982443663000001,35.27630721104866
6.98400306,35.2864021954422
6.98659415,35.2864021954422
6.988487356,35.297787327218806
6.989913888,35.297787327218806
6.99362654,35.32017222207318
6.994694062000001,35.32017222207318
6.995920856000001,35.3365503917739
6.997713074000001,35.355776938813875
6.999861661000001,35.36546979934775
7.003008744000001,35.375296701168175
7.00403293,35.375296701168175
7.006738222,35.385722599987886
7.0081554100000005,35.385722599987886
7.010515467,35.407244604060075
7.011805600000001,35.42624495642899
7.014350373,35.42624495642899
7.017207022,35.43671274315075
7.018098933,35.4565340983998
7.019919834,35.46674218012887
7.0218151,35.47631775453701
7.0245782640000005,35.47631775453701
7.027428212,35.48757722260747
7.0282741390000005,35.48757722260747
7.029772976,35.50727291415038
7.033452255,35.52657485941403
7.034521886,35.52657485941403
7.036867353000001,35.53653161373081
7.038068303,35.55570789528833
7.041607839,35.566079339835376
7.043868356000001,35.575742878837815
7.044815815000001,35.575742878837815
7.0459863380000005,35.58673007554497
7.047727072000001,35.58673007554497
7.051272567000001,35.6063545576544
7.0522403680000005,35.62538004276454
7.054596146000001,35.62538004276454
7.0561279820000005,35.63511479120046
7.058881832000001,35.65552257707817
7.060831576,35.65552257707817
7.0623409630000005,35.6655128417166
7.064458218,35.6655128417166
7.066365381000001,35.685518503734656
7.067941817,35.70471991803339
7.070442688000001,35.70471991803339
7.071825256,35.71523378144741
7.0740248470000004,35.71523378144741
7.0757863190000005,35.73408333736895
7.081755726000001,35.75309206731827
7.08179429,35.76273885115989
7.083287534,35.77225997129537
7.084534473000001,35.77225997129537
7.086039315000001,35.782237669563166
7.088443756,35.782237669563166
7.089949823,35.80285489495113
7.091910773,35.82197253344578
7.094075666,35.83171984825231
7.09600498,35.84222114529571
7.098637952000001,35.85249205887785
7.099976247000001,35.861678075796945
7.103605446,35.87184008083376
7.104128448000001,35.87184008083376
7.105886470000001,35.88234137787716
7.109064396000001,35.88234137787716
7.110170335,35.9025020251328
7.112257540000001,35.92200922111648
7.114170446,35.92200922111648
7.116447261,35.93172302560138
7.118106511000001,35.95162815665453
7.121331379000001,35.960805795993224
7.123448537000001,35.97069971845692
7.124597388000001,35.97069971845692
7.128091251000001,35.981758124597555
7.129185952,36.0014873264621
7.130392368000001,36.0014873264621
7.132639574000001,36.012093343260624
7.134212446,36.012093343260624
7.13634899,36.03107275167851
7.138880042,36.05124596530476
7.142811308000001,36.06098071374068
7.143538296,36.07101705507135
7.144334038,36.07101705507135
7.146102374000001,36.08109528430406
7.1480286930000005,36.08109528430406
7.15086959,36.10170832090182
7.152589743,36.12077988270421
7.154497879,36.12077988270421
7.1558453150000005,36.13246660737556
7.160726028,36.15016424599079
7.160747284,36.159777519510776
7.162455659000001,36.169457813674036
7.164043434000001,36.169457813674036
7.166518804000001,36.179917222815384
7.168868768,36.179917222815384
7.170726062000001,36.20043391723843
7.172045175,36.219781939194334
7.174043244000001,36.219781939194334
7.176091486000001,36.22930305932982
7.178029329,36.24922494554378
7.181036305,36.25846122794534
7.183428591,36.26835515040904
7.184293828,36.26835515040904
7.18617653,36.27954340904603
7.18864149,36.27954340904603
7.190673702000001,36.29862753721903
7.192136399000001,36.29862753721903
7.194039330000001,36.31831903997174
7.196086226,36.337214672585525
7.197850742000001,36.347242636335785
7.199859144,36.35678470042229
7.2030799860000005,36.36597490613159
7.204661581000001,36.37671077542646
7.206247896000001,36.37671077542646
7.209195178000001,36.387681216972794
7.21126421,36.406183103307335
7.213079961,36.41584245351957
7.214283824000001,36.42632280661195
7.216057362000001,36.43661466414511
7.220833814000001,36.446336846210414
7.221801879,36.456126048919
7.223906294000001,36.46623359968315
7.224772676000001,36.46623359968315
7.2260653370000005,36.476868938013105
7.228052931000001,36.476868938013105
7.230005906000001,36.4969960749471
7.232004172000001,36.51640692875608
7.2338849650000006,36.52637624944348
7.2375999140000005,36.536203151263905
7.238535679000001,36.54603424187453
7.240172396,36.555605627492476
7.241892499,36.5652524113341
7.244438168,36.57543536032193
7.248670258000001,36.58579423849837
7.2487072910000006,36.58579423849837
7.250007035,36.596789812785936
7.252110127000001,36.61579016515485
7.254133761,36.62606107873698
7.256785741000001,36.635867036606385
7.257792191,36.635867036606385
7.260099079000001,36.64667411533473
7.26322358,36.66588809600408
7.264548132000001,36.67602915708988
7.265795516000001,36.67602915708988
7.2679278730000005,36.68685717976925
7.270218619,36.70559363835526
7.272015663,36.70559363835526
7.275000572000001,36.716258298216644
7.276149194,36.73481463882385
7.2780422830000004,36.744453045085066
7.280487201000001,36.7544600648843
7.283776554,36.76434142097739
7.286064226000001,36.76434142097739
7.286870099000001,36.77666484175987
7.28801459,36.77666484175987
7.289794511,36.79504106438827
7.291878406,36.81400790643554
7.294252559,36.82361699116532
7.295736882000001,36.82361699116532
7.297981592,36.83423976312466
7.303857672,36.85295108896944
7.304506323,36.86328483440465
7.305342171,36.87292324066587
7.3065542390000005,36.87292324066587
7.308564039,36.883583711737046
7.310769748,36.883583711737046
7.3121058020000005,36.90447739727852
7.313998909,36.922572970963195
7.317226483000001,36.932295153028505
7.321789446,36.94208854452729
7.321880389,36.95183585933383
7.322848851000001,36.96195178767839
7.3239444670000005,36.97215149182704
7.325944361,36.97215149182704
7.328933991,36.98274913104515
7.3301493330000005,36.98274913104515
7.333266056,37.002461577748875
7.334385568,37.021503818019845
7.336129813,37.030928595980605
7.337819337000001,37.04079738570309
7.340107305,37.05082534945334
7.342469204,37.060731838287666
7.344409624000001,37.060731838287666
7.345790079,37.07152216185519
7.347986422000001,37.091536201453664
7.3504223170000005,37.101635374637404
7.351733017000001,37.101635374637404
7.355135809,37.111747114191765
7.356270200000001,37.130919206959064
7.358077356000001,37.14088433885625
7.360936587,37.151109175746136
7.3627602240000005,37.16084392418206
7.3644505,37.16084392418206
7.371442401,37.17226675507052
7.371470113000001,37.17226675507052
7.372167727000001,37.19321908367485
7.374682115000001,37.211369111632195
7.3754603350000005,37.22116250313098
7.376646212000001,37.22116250313098
7.380116336,37.23139571760128
7.381345391000001,37.25060132069022
7.382414572,37.26039471218901
7.38453228,37.27033890013517
7.385886041000001,37.27033890013517
7.388500482,37.28130934168151
7.391280615,37.28130934168151
7.392392232000001,37.3010762426579
7.394713189000001,37.3010762426579
7.39584779,37.3211196037878
7.398253374,37.3211196037878
7.400404367,37.34057234549883
7.402179388,37.35975281584654
7.404684724000001,37.369747269275166
7.406266423000001,37.369747269275166
7.409108428000001,37.380525026472085
7.410351892,37.39896408095355
7.4130986430000005,37.40862761995599
7.414182082000001,37.41804820912656
7.416478426,37.42801334102374
7.417782275,37.43763499212414
7.421203202,37.44730271991679
7.422335510000001,37.45750242406544
7.424003761000001,37.45750242406544
7.426161017,37.46844773287055
7.428016264,37.487753866924415
7.43001175,37.497702243660775
7.4321596350000005,37.50745374725752
7.4345545930000005,37.50745374725752
7.436296117,37.51865457226511
7.4382123810000005,37.537340765368675
7.440692429,37.54701687074173
7.441952297,37.55698200263891
7.443948874,37.55698200263891
7.44606555,37.56779745894767
7.447853161,37.56779745894767
7.450020069000001,37.58743869621791
7.451987463,37.58743869621791
7.453732465000001,37.60757421073233
7.456348289,37.626440521814686
7.457909428000001,37.63645173040412
7.460074069,37.64634984165803
7.463612973,37.65636105024747
7.464399971000001,37.65636105024747
7.46585077,37.667168128975824
7.468150282000001,37.667168128975824
7.4697335,37.68719892373511
7.471818088,37.7068862376976
7.474152583,37.71691420144786
7.476894029,37.71691420144786
7.477735174,37.72860930369963
7.4798502010000005,37.746730010125525
7.482579208000001,37.75625531905121
7.484028859,37.766651896339496
7.486170561000001,37.77650811969135
7.488392284000001,37.77650811969135
7.491646073,37.787604224943834
7.4925528130000005,37.787604224943834
7.49397462,37.80630717320821
7.496094053,37.8259902983805
7.499693721000001,37.83531873416656
7.5018874680000005,37.84504510502207
7.502470326,37.84504510502207
7.504272930000001,37.8559192043937
7.505967516,37.8559192043937
7.507895043,37.87572380448193
7.510343512,37.89516816861255
7.511850577000001,37.89516816861255
7.514713676,37.905380439131825
7.516144519000001,37.92422999505335
7.518530822000001,37.93377205913986
7.5207380520000005,37.94349005241496
7.523660081,37.9534970722142
7.525036962000001,37.9534970722142
7.526036222,37.96466857569036
7.528724987,37.96466857569036
7.530036972,37.98508055035829
7.5320586160000005,38.00407252514679
7.535204888000001,38.013476359156535
7.536018490000001,38.02339122557126
7.538350741,38.03338149020968
7.539924022,38.04297381977864
7.545142512000001,38.052725323375384
7.545170959000001,38.06302974727915
7.548619545,38.073250395378835
7.549385055,38.073250395378835
7.550974386,38.08422502571538
7.552211348,38.08422502571538
7.554108393000001,38.10426419805507
7.556668752,38.12416095152781
7.558010969000001,38.12416095152781
7.561608825,38.1344821305924
7.563248768,38.15383015254831
7.564138093,38.16412619887168
7.565910594000001,38.16412619887168
7.568441848000001,38.17528513597723
7.570326198,38.194825842282555
7.572083732,38.194825842282555
7.575518586,38.205448614241895
7.577811782,38.22568465972122
7.57840143,38.23533982114325
7.580914707000001,38.24491120676119
7.582365482,38.25396737118393
7.585064141,38.25396737118393
7.585840417000001,38.26531899263891
7.587897795000001,38.26531899263891
7.589777276,38.28269828319857
7.592644223000001,38.30167350282625
7.593663437000001,38.3117852423806
7.595735085,38.322361937647685
7.597896938000001,38.33228937043303
7.6005143440000005,38.3423257117637
7.603849988,38.352341109143346
7.604548978,38.352341109143346
7.606809452,38.363877037367324
7.608149379,38.382303525478186
7.610194381,38.382303525478186
7.611751057,38.39217231520065
7.615193814,38.411122402087116
7.616150861,38.42086971689365
7.617825964000001,38.43083484879084
7.621466616,38.440523520534505
7.622281165,38.440523520534505
7.624325693,38.451632192157604
7.626182062000001,38.47042310501627
7.628274471,38.47042310501627
7.629699168,38.48307744022493
7.6318610080000004,38.500599149651556
7.633685222,38.510346464458095
7.635669372000001,38.519792186369884
7.638019841,38.52999189051854
7.639914514000001,38.52999189051854
7.642771789,38.5418629219589
7.643839559000001,38.5418629219589
7.645725304000001,38.56352315610785
7.648559114,38.56352315610785
7.651521079,38.58072232868871
7.653159396,38.60034681079813
7.655375815,38.61014857987733
7.656154101,38.62025613064148
7.6577155900000005,38.62988197053208
7.660389713000001,38.64001046524726
7.663434458,38.64984155585789
7.664387546,38.64984155585789
7.66639125,38.66080361982382
7.6682730260000005,38.66080361982382
7.670232897000001,38.68058727596102
7.672093232000001,38.68058727596102
7.674071181,38.70006096162307
7.675757159000001,38.70006096162307
7.678180565000001,38.7214363580381
7.680956374000001,38.74035293460291
7.682360151,38.74035293460291
7.684429775000001,38.75058196028301
7.685822010000001,38.75058196028301
7.687731647000001,38.771014878901944
7.6911855430000005,38.78972201595653
7.6920623820000005,38.78972201595653
7.695783481,38.800663135971426
7.696410286000001,38.81935351786519
7.699591312000001,38.829243251538685
7.703126014,38.83928378165956
7.70317288,38.849018530095485
7.705480302000001,38.85956171504093
7.706545188000001,38.85956171504093
7.708198749,38.871126964796346
7.710236045,38.88940684525003
7.711858278,38.89930495650394
7.714005372000001,38.90898106187699
7.715708947,38.918460294110425
7.7176558260000006,38.92792277118304
7.720203671,38.93824395024764
7.721997247000001,38.9477483152223
7.724233666000001,38.9477483152223
7.726180028000001,38.95944341747406
7.727837685000001,38.95944341747406
7.845049759,38.97949515618437
7.846594725,38.99879710144803
7.8466112500000005,38.99879710144803
7.846630861,39.008749666974595
7.846648523000001,39.02839509303505
7.847994118000001,39.03825969396732
7.848009757000001,39.04793579934038
7.84802358,39.057808777853054
7.848034346,39.0678199864425
7.850752732,39.07773904164743
7.850768352,39.07773904164743
7.8519611110000005,39.08927078108121
7.851976696,39.10852664965261
7.851986340000001,39.11827396445915
7.8519955150000005,39.12786210523791
7.8531180570000005,39.13798222237267
7.853134189,39.147876144836374
7.853148432,39.157690480286185
7.8549356900000005,39.16744617267314
7.854953803000001,39.17718510989926
7.854963899,39.18707903236297
7.854973878000001,39.196688117092755
7.854982122000001,39.20686687729038
7.856940357000001,39.21675242217368
7.856957652,39.22688091688885
7.856969382000001,39.236904691848906
7.856993881,39.24723843728411
7.857040185000001,39.25742138627195
7.858795756,39.267512181875276
7.8588594910000005,39.27757784473739
7.8588864350000005,39.28747176720109
7.858912021,39.29734893450397
7.8589328400000005,39.30687843221986
7.858947552,39.31651683848107
7.8613520160000006,39.32618037748352
7.862909243000001,39.33568474245818
7.862923604000001,39.33568474245818
7.862933979,39.33568474245818
7.862946963000001,39.61847415797351
7.863327630000001,39.61847415797351
7.864769371,39.61847415797351
7.866006103,39.6296666054007
7.866020546000001,39.6296666054007
7.866031047000001,39.6296666054007
7.866039501,39.6296666054007
7.867150443000001,39.64152088168025
7.867178354000001,39.64152088168025
7.867193478000001,39.64152088168025
7.868276484000001,39.65473232598614
7.868293142000001,39.65473232598614
7.868304886000001,39.65473232598614
7.868891158,39.65473232598614
7.8689055230000005,39.66542211858876
7.869656627,39.66542211858876
7.869672732000001,39.66542211858876
7.870310684000001,39.67983155689322
7.871850877000001,39.67983155689322
7.872231069000001,39.67983155689322
7.872249637,39.69294247023421
7.875925445000001,39.69294247023421
7.876654982000001,39.69294247023421
7.876675877,39.703732793801734
7.8776479550000005,39.703732793801734
7.878414298000001,39.703732793801734
7.879895436000001,39.714137748670424
7.879929053000001,39.714137748670424
7.879958889,39.714137748670424
7.879982099,39.714137748670424
7.880436990000001,39.72494063860857
7.880943295000001,39.72494063860857
7.880953341000001,39.72494063860857
7.881704271,39.73759916260744
7.883074973,39.73759916260744
7.883505627000001,39.73759916260744
7.883532137,39.74787007618957
7.884687042,39.74787007618957
7.8850603050000005,39.74787007618957
7.885500285000001,39.75846352661747
7.886433251000001,39.75846352661747
7.8884449210000005,39.769329248408695
7.890169474,39.769329248408695
7.891652738,39.784010958076465
7.893989840000001,39.803396679144214
7.895791788,39.81325709128628
7.897620099,39.82331018777777
7.8998988290000005,39.83299467073124
7.905142894000001,39.84280062860064
7.905372634000001,39.85329354806363
7.906085976000001,39.85329354806363
7.907773738,39.86386186575031
7.910292471000001,39.8829334275527
7.912441554000001,39.89287761549886
7.913740000000001,39.89287761549886
7.915611623,39.90293071199035
7.918029580000001,39.9219603858907
7.921741037,39.9317663437601
7.925213151,39.94184876178302
7.9255679400000005,39.951436902561774
7.926174267,39.951436902561774
7.928079701000001,39.96218114943705
8.045546683000001,39.9814789059105
8.045561313,39.99164509973752
8.045576294,39.99164509973752
8.047698046,40.00301347635331
8.047716771000001,40.02105459576533
8.047726164,40.03055477194978
8.047735465,40.040268576434684
8.047744751,40.05020857559064
8.047756099,40.06001872225025
8.052607294000001,40.06975765947638
8.052622158,40.07963482677926
8.052632888,40.08931512094253
8.052643118,40.099033114217626
8.05265311,40.10873435233192
8.052671777,40.11886703583729
8.052679987000001,40.12881122378345
8.053238374000001,40.1385627273802
8.053258119,40.14851529290677
8.054469764,40.15846785843335
8.054497893,40.16853352129545
8.054521525,40.178343667955055
8.054974757,40.188304611062044
8.055700782,40.198428916987005
8.057222451000001,40.208310273080095
8.058335816000001,40.21812460852991
8.058402383,40.228173516231195
8.05842135,40.238138648128384
8.059416439000001,40.248254576472945
8.059457369,40.25825740748198
8.059492399,40.268260238491
8.061591448,40.27820861522737
8.061619663,40.288165369544146
8.061635047000001,40.29816820055317
8.061649892,40.308271562527125
8.061664674000001,40.31801468854345
8.063650948000001,40.327967254070025
8.063676226,40.327967254070025
8.063690994,40.327967254070025
8.063705722,40.60911885261529
8.06371988,40.60911885261529
8.063734222,40.60911885261529
8.063753794,40.62372935284958
8.064631269000001,40.62372935284958
8.064659308000001,40.62372935284958
8.064679008,40.62372935284958
8.064691125000001,40.634205517151756
8.066678246,40.634205517151756
8.066692190000001,40.64757194669523
8.066705101,40.64757194669523
8.067162533000001,40.64757194669523
8.068192503,40.66044828778474
8.068247957,40.66044828778474
8.068949024,40.66044828778474
8.068960769,40.66044828778474
8.123347506,40.67272144308477
8.123391958000001,40.67272144308477
8.123430487,40.67272144308477
8.123454595,40.68528781369912
8.123477314,40.68528781369912
8.123498906,40.68528781369912
8.123528610000001,40.68528781369912
8.124449015,40.69878828452915
8.124480392,40.69878828452915
8.124502491000001,40.71121223627655
8.125303868000001,40.71121223627655
8.125321736,40.71121223627655
8.127102569,40.72313353319937
8.127118236000001,40.72313353319937
8.127128876,40.72313353319937
8.127137274,40.72313353319937
8.127145626,40.7333960692011
8.127153833000001,40.7333960692011
8.128745352000001,40.7333960692011
8.128767683000001,40.7333960692011
8.128777612,40.74438326590825
8.128786675,40.74438326590825
8.129832364,40.74438326590825
8.129846626,40.74438326590825
8.129856831,40.75456621489609
8.129866462,40.766889635678574
8.1314715,40.77665370564593
8.131489168,40.786564383270445
8.131501199,40.796349397188834
8.131518311,40.80624331965254
8.131527419000001,40.81643045743058
8.133780555000001,40.82640815569838
8.133796159000001,40.83644868581925
8.133807244,40.846459894408696
8.133817939,40.856609333074886
8.133828192000001,40.86659122013289
8.133840787,40.876409744372914
8.136095238000001,40.88665552521382
8.136113735,40.89658714678937
8.136124865000001,40.89658714678937
8.136135942000001,40.89658714678937
8.137982222,40.98433811278944
8.138001458,40.98433811278944
8.138014553,40.98433811278944
8.138025525,40.99596200560772
8.138039216000001,40.99596200560772
8.138049344,40.99596200560772
8.139079356,40.99596200560772
8.139102629,41.005922948714705
8.139126051,41.005922948714705
8.140389136000001,41.005922948714705
8.141356052,41.01924749035613
8.142880026,41.01924749035613
8.146901527,41.03644666293698
8.146965807,41.03644666293698
8.187560102,41.05708064348576
8.187597019,41.05708064348576
8.187610135,41.077576393957784
8.187622747,41.09530335410444
8.187635238,41.10502972495995
8.187649875,41.11462205452891
8.188300679000001,41.12451597699262
8.188318605000001,41.13443922098776
8.188329196,41.14439597530453
8.18963338,41.1545202812295
8.189651586,41.16430529514788
8.190933272,41.174052609954416
8.190949395,41.18379154718055
8.190961267,41.19357237230872
8.190972733,41.2036129024296
8.191765313000001,41.213565467956165
8.191780233000001,41.2234803343709
8.192890844,41.23335331288358
8.192921697000001,41.24333101115138
8.19294597,41.253446939495944
8.193913011000001,41.263395316232305
8.193938594,41.27341071361195
8.193961565,41.27341071361195
8.195401097000001,41.28492569788491
8.196544974,41.28492569788491
8.197964303000001,41.30527065190955
8.202192775,41.30527065190955
8.202768471,41.32505849683697
8.2039668,41.32505849683697
8.205863645,41.3454746602951
8.208354104,41.364219496461516
8.210107739,41.364219496461516
8.231322076,41.37456999705755
8.23136143,41.39342374176929
8.231385974,41.40312497988357
8.233515208,41.4127843300958
8.233546779000001,41.42269919651054
8.233571682000001,41.432597307764446
8.233595487,41.44262527151471
8.233621340000001,41.45270768953763
8.233650817000001,41.45270768953763
8.235062781,41.46457453218779
8.235091558,41.48306804094192
8.236156914,41.492878187601534
8.301840562,41.50263806877868
8.301872466,41.512791696235084
8.301885186,41.52296207885231
8.304131713,41.53233240254042
8.304148978,41.54213836040982
8.304164188,41.55224172238377
8.304175124,41.56206024662379
8.304185833,41.57178242868909
8.3041965,41.581827147600166
8.308299359000001,41.59180484586797
8.308323686000001,41.60148514003123
8.308343182,41.611307853061454
8.308374745,41.621143132462294
8.308410266000001,41.63120460653419
8.308960003000001,41.6410985289979
8.309050982,41.65105109452447
8.310281657,41.661137701337594
8.310309769,41.67095203678741
8.310333548000001,41.680845959251116
8.311866821,41.69082365751891
8.311973351,41.700797166996516
8.311993856,41.71088377380964
8.312005971000001,41.72089917118929
8.312018279,41.73091875735913
8.313800928000001,41.74100536417226
8.313831921,41.75103332792252
8.313855933000001,41.76130005271445
8.313879419000001,41.77136571557656
8.313899305000001,41.78142718964845
8.315406092,41.79154311799301
8.315438461000001,41.801583648113876
8.315463784,41.811707954038845
8.315488172,41.82154742222989
8.315512124000001,41.83128635945602
8.317121532,41.841117450066655
8.317151726,41.85089408640462
8.317174697,41.85089408640462
8.317196936,41.85089408640462
8.317215027000001,41.88257390672342
8.318488422,41.88257390672342
8.319087457,41.894976914519795
8.319115369,41.91177396324099
8.320190949,41.92227107149419
8.322533588,41.93237024467792
8.324257410000001,41.94268723495231
8.325837209000001,41.94268723495231
8.329362453,41.95359484464558
8.330299256,41.95359484464558
8.331817505,41.9733031025591
8.334259942000001,41.99182593284466
8.336250128,42.00141826241363
8.360032821,42.01061684570334
8.360075321,42.01966463254567
8.360120886,42.01966463254567
8.360192121,42.030672773203854
8.361894871,42.04957678339805
8.361924169,42.05950421618339
8.361961192,42.06925153098993
8.36200799,42.07927949474019
8.362038976000001,42.08914409567247
8.362068990000001,42.099138549101085
8.363331552,42.10904503793541
8.36396112,42.11903111378361
8.364643867,42.12850196843664
8.370972639,42.13824090566276
8.371549609,42.14839872190937
8.371606622,42.15845181840086
8.372279999,42.15845181840086
8.375605420000001,42.169183498905525
8.375961398000001,42.169183498905525
8.377660709,42.18897972141334
8.378299787000001,42.18897972141334
8.381823287000001,42.20872986722891
8.382746659,42.228253818373425
8.383915865,42.228253818373425
8.430608239,42.23836136913757
8.430647258,42.23836136913757
8.430678691,42.258517827603
8.430703832,42.27750142481109
8.432746447000001,42.28744142396705
8.432795225000001,42.29704213111643
8.432822626,42.30702401817443
8.432848903,42.31709805861694
8.432875216000001,42.32726006365375
8.432901237000001,42.33712885337623
8.434380539000001,42.34760082888819
8.435759461,42.35782566577808
8.436031407,42.367828496787105
8.436062695,42.37827115076764
8.437396920000001,42.38824884903544
8.437430367000001,42.398314511897546
8.438993731,42.40829221016534
8.439031165000001,42.41792642763635
8.43906314,42.42780778372944
8.439095297,42.437261883221645
8.439145176,42.446954743755526
8.439948237000001,42.45693244202332
8.440000476,42.46670488957109
8.440042518,42.47632654067149
8.442178859,42.48635869321195
8.442230861,42.49662960679408
8.442254522,42.49662960679408
8.442276711,42.50846712791281
8.442692133000001,42.50846712791281
8.467928545000001,42.52737951568743
8.46794422,42.54667727216087
8.467959026,42.556525117932324
8.467969514,42.56614676903272
8.470235030000001,42.5759317829511
8.470251512,42.58587597089726
8.470268087000001,42.595547887480116
8.47034281,42.60537897809075
8.470354569000001,42.61493779733807
8.47036613,42.624525938116825
8.473295332000001,42.63444080453156
8.473316938,42.644477145862226
8.47332832,42.65392705656423
8.473338812,42.66371207048261
8.476972566,42.673580860205085
8.477709481,42.68388109531865
8.477726743,42.68388109531865
8.47880171,42.69589454562598
8.481013539000001,42.69589454562598
8.483769629000001,42.715121092665946
8.484631593000001,42.715121092665946
8.486115001,42.73475814114598
8.488092174,42.73475814114598
8.490109868000001,42.754876900499575
8.541918049000001,42.77389819681951
8.541947677000001,42.78349890396888
8.541960083000001,42.78349890396888
8.541971877,42.794959433969176
8.54198332,42.81361630554129
8.542006618,42.82339294187927
8.542019826,42.83312769031519
8.54398666,42.84296715850623
8.544001249,42.85294485677403
8.544010968,42.86299795326552
8.546297957,42.87321022378479
8.546319394000001,42.883489514947335
8.546333273,42.89318656427142
8.546346212000001,42.90343653390253
8.546358693,42.913581783778525
8.546399714,42.92360136994837
8.548766818,42.93352880273371
8.548786614,42.94368661898032
8.548799613,42.95368107240895
8.548814171,42.963746735271044
8.548824556000001,42.97362390257393
8.548834874,42.983505258667016
8.548844183,42.99314785371844
8.550545146000001,43.00285328062293
8.550570455,43.012784902198476
8.550582292000001,43.02230602233395
8.550593806,43.032036581979675
8.550605257,43.04285203828844
8.550911818000001,43.04285203828844
8.551725527,43.053600473953914
8.553785595,43.053600473953914
8.555343623,43.07384908580386
8.556554158,43.07384908580386
8.55808567,43.09373327290598
8.560249788,43.11276294680632
8.563399819,43.11276294680632
8.564372361,43.12276996660555
8.600622671,43.12276996660555
8.600642141,43.14332017135024
8.600657979000001,43.162232559124845
8.600670325000001,43.162232559124845
8.600682472,43.17358836937002
8.60069436,43.19209444449477
8.601902885000001,43.2025370984753
8.601920587,43.21231792360348
8.601932285,43.22196889623531
8.601966641,43.23150258274139
8.602552764,43.241212198436095
8.604105731,43.25118570791369
8.604122603,43.260924645139816
8.604134969,43.27073479179943
8.604149712,43.28073762280846
8.604159243,43.29049331519541
8.605561407,43.30050033499464
8.605577803000001,43.31057437543715
8.605588964,43.320568828865774
8.607908182000001,43.33112458018183
8.608832328,43.33112458018183
8.609356731,43.34201543471428
8.611623717,43.36161059529227
8.612654263000001,43.36161059529227
8.614303037,43.372752777237
8.617024854,43.39220970773824
8.617953076000001,43.39220970773824
8.620308843,43.4028576124388
8.622570946,43.4224611505972
8.746290131,43.43315094319981
8.746313169,43.43315094319981
8.746326558,43.44424285966209
8.746338964000001,43.44424285966209
8.746350566,43.463192946548546
8.746361959,43.463192946548546
8.748602805,43.48195034908558
8.748623198,43.500263739860905
8.748635894000001,43.510233060548295
8.748648422,43.519892410760534
8.748660231,43.529677424678916
8.748674561000001,43.54035883970112
8.748686381,43.550298838857074
8.750421937,43.56049016542532
8.750441406,43.570627037720904
8.750454703,43.58074715485567
8.75286398,43.59069134280183
8.752900219,43.60077794961495
8.752914285000001,43.610973464973405
8.752926308000001,43.62096372961182
8.752938382,43.6308325193343
8.752950237,43.64064685478412
8.752960552000001,43.65053658845761
8.754988845,43.660208505040465
8.755005757000001,43.66964584937185
8.755019243000001,43.67926750047225
8.755038627000001,43.6890273816494
8.755051714,43.69864065516938
8.755064840000001,43.708982778185
8.755898585,43.718880889438914
8.756553112,43.72866171456708
8.757947996,43.73898289363168
8.757968275000001,43.74909463318603
8.75798091,43.75911840814609
8.758231480000001,43.768890855693854
8.758267178,43.77914920290538
8.760803852,43.77914920290538
8.760825372000001,44.073679797364726
8.760840869,44.073679797364726
8.760856875,44.073679797364726
8.762545153000001,44.073679797364726
8.762565157000001,44.08915318838121
8.762579006000001,44.08915318838121
8.762592791000001,44.08915318838121
8.762606661000001,44.10163578319147
8.7639417,44.10163578319147
8.763963362,44.10163578319147
8.763975981,44.10163578319147
8.763986520000001,44.11230463184306
8.764689353000001,44.11230463184306
8.764705107000001,44.11230463184306
8.765445587,44.11230463184306
8.76546529,44.12429294940916
8.765476873,44.12429294940916
8.765968355,44.12429294940916
8.765982987000001,44.12429294940916
8.885739036,44.13592521980785
8.885753191000001,44.13592521980785
8.885762456,44.13592521980785
8.888058181,44.13592521980785
8.888072565,44.14732710674528
8.888082922,44.14732710674528
8.88809269,44.14732710674528
8.888100785,44.14732710674528
8.888109054000001,44.15805878724994
8.888118646,44.15805878724994
8.888131482,44.15805878724994
8.888139979,44.15805878724994
8.888447253,44.16904179516689
8.889638218,44.16904179516689
8.8896519,44.16904179516689
8.889661544,44.16904179516689
8.891508199,44.1811264549077
8.891525346,44.1811264549077
8.891537461,44.1811264549077
8.89154757,44.1811264549077
8.891557423,44.191925156055646
8.891569571,44.191925156055646
8.893845865000001,44.20287884244115
8.893860916000001,44.216965743899856
8.893870777,44.22685128878315
8.893880404,44.2367787215685
8.89388959,44.24689883870326
8.893899135,44.25695612398495
8.894889394,44.26663641814822
8.894905246,44.27655547335315
8.894914246,44.28647871734829
8.898877549,44.30616603131078
8.898896401,44.316059953774484
8.898911660000001,44.32585753406349
8.898923766000001,44.33578496684882
8.898935622,44.345691455683145
8.898948663,44.35570685306279
8.898958985,44.365600775526495
8.898976081,44.375628739276756
8.898985968,44.3855561720621
8.899004404000001,44.3855561720621
8.901809798,44.3855561720621
8.901844733,44.3855561720621
8.901856389,44.774058085975625
8.901865970000001,44.774058085975625
8.908954587,44.774058085975625
8.908967419000001,44.774058085975625
8.910293976,44.78674174271572
8.910308281,44.78674174271572
8.910318794,44.798516431981376
8.910629541,44.798516431981376
8.911792397000001,44.798516431981376
8.911816025,44.810508938337684
8.912391086000001,44.810508938337684
8.912413676,44.810508938337684
8.913663752,44.820038436053565
8.91368137,44.820038436053565
8.914768284,44.820038436053565
8.914793127000001,44.830225573831605
8.914827189,44.830225573831605
8.914870572,44.830225573831605
8.918684983,44.84289247541088
8.918710274,44.84289247541088
8.918725967,44.84289247541088
8.918739083,44.84289247541088
8.918751867000001,44.85419383138339
8.918764424,44.85419383138339
8.918776817000001,44.85419383138339
8.918790669,44.85419383138339
8.919057155,44.8669780190884
8.919078289,44.8669780190884
8.919093662,44.8669780190884
8.919104862000001,44.8669780190884
8.919128189,44.878513947312385
8.919138902,44.878513947312385
8.920062043,44.878513947312385
8.923415345,44.889488577648926
8.924436765000001,44.889488577648926
8.924457129,44.889488577648926
8.924470772000001,44.903747219506016
8.924483535,44.903747219506016
8.925384107000001,44.903747219506016
8.925408801,44.91559311820515
8.926245249,44.91559311820515
8.926258805,44.91559311820515
8.926996681,44.927049459415244
8.928003572,44.927049459415244
8.928017048000001,44.927049459415244
8.928853346,44.937823027821956
8.929644042000001,44.937823027821956
8.930008394,44.937823027821956
8.931564429,44.937823027821956
8.931585059000001,44.94938827757737
8.931598956,44.94938827757737
8.932790324,44.94938827757737
8.933504827,44.96094096096217
8.934713886,44.96094096096217
8.935339761,44.97336491270957
8.936895124000001,44.97336491270957
8.939402620000001,44.9862580089599
8.940878649,44.9862580089599
8.941550929,44.99805364217658
8.943160968,44.99805364217658
8.945368206000001,45.01257617781657
8.946236578,45.01257617781657
8.948977258000001,45.033394465134364
8.950370256000001,45.033394465134364
8.952795795,45.05398236899089
9.074225983,45.05398236899089
9.074241645,45.07439015486861
9.074252253000001,45.0933779408669
9.074262354,45.10310850051262
9.074272052000001,45.11250395694196
9.074282093,45.121769560874945
9.075509747,45.130750327074004
9.075525492,45.140145783503336
9.075536118,45.149771623393946
9.075545026,45.16013469036058
9.076808437,45.16954271316054
9.076824684,45.179960234399836
9.076835903000001,45.189954687828454
9.077943392,45.20008737133384
9.077959174,45.210056692021226
9.077970089,45.220046956659644
9.078443201,45.22984034815844
9.078486665,45.23939497861555
9.079635287,45.24926376833803
9.079680692,45.25906134862702
9.079694305,45.268779341902125
9.080787572,45.27875285137972
9.080803730000001,45.2888771573047
9.080817555000001,45.29916482604765
9.083235213,45.309058748511355
9.083249427,45.31902388040854
9.083259344,45.32900576746655
9.083269071,45.33901278726578
9.083278655,45.34868470384863
9.083288176,45.35884252009524
9.083296512,45.36851024788789
9.084366489,45.3783245833377
9.084382807,45.38813472999731
9.085766619000001,45.39830930140474
9.085804545,45.40832050999417
9.085815281,45.41851183656242
9.085824167,45.41851183656242
9.08743388,45.41851183656242
9.087451387,45.70399883296964
9.087463586,45.70399883296964
9.087475504,45.70399883296964
9.087490644,45.71561853699772
9.089279042000001,45.71561853699772
9.08929675,45.71561853699772
9.089308433000001,45.72607794613907
9.089320346000001,45.72607794613907
9.089330668,45.72607794613907
9.089883123,45.7366043759237
9.089895999000001,45.7366043759237
9.090573482,45.7366043759237
9.092746417,45.74725646941447
9.094028638000001,45.74725646941447
9.094042025,45.74725646941447
9.096026108,45.75890968376419
9.096042421,45.75890968376419
9.096932812,45.7723138124195
9.097743112,45.7723138124195
9.098280683,45.7723138124195
9.099811648000001,45.787364135625296
9.100450837,45.787364135625296
9.101691977,45.787364135625296
9.10256187,45.799930506239654
9.102576200000001,45.799930506239654
9.103678586000001,45.799930506239654
9.103941849,45.799930506239654
9.104933632,45.81185599195268
9.105744403000001,45.81185599195268
9.106610797,45.81185599195268
9.107174901,45.826483247347795
9.108291374,45.826483247347795
9.108586389000001,45.826483247347795
9.108954555,45.8386516828927
9.109563232000001,45.8386516828927
9.110713766,45.8386516828927
9.111213289,45.84996979402604
9.112360714000001,45.84996979402604
9.112597397,45.84996979402604
9.113147276000001,45.85958306754602
9.113813506000001,45.85958306754602
9.114763337000001,45.85958306754602
9.114786138000001,45.85958306754602
9.117506367,45.869958700883274
9.118091426000001,45.886785071135904
9.121434478000001,45.89688005552944
9.122152304,45.90641374203553
9.125680712000001,45.91598931644367
9.126245862000001,45.91598931644367
9.1290309,45.92788966941547
9.130063423000001,45.92788966941547
9.132034786,45.94654654098758
9.133732216,45.94654654098758
9.13652076,45.96645586083094
9.137691996000001,45.96645586083094
9.14081486,45.98645733405879
9.143263232,46.00552889586118
9.144719783000001,46.00552889586118
9.147331037,46.01640299523281
9.148397268,46.01640299523281
9.151346423000001,46.036165707418995
9.152428206,46.0554299535708
9.155370125000001,46.06550818280352
9.156775597000001,46.07542723800846
9.275798173,46.085383992325234
9.275828369000001,46.094993077055015
9.275851849,46.10467756000848
9.278172215000001,46.11524587769516
9.278218896,46.12479213057186
9.278252421000001,46.13495832439888
9.278289747,46.14462186340132
9.278323909000001,46.15440687731971
9.278361274,46.16448091776221
9.283657067,46.17432038595326
9.283700660000001,46.1841598541443
9.283730339,46.19403702144719
9.283760577,46.20374663714188
9.283788573,46.213531651060265
9.283809231000001,46.22335436409048
9.284901527,46.23320220986194
9.286564830000001,46.24291182555663
9.286598960000001,46.252914656565665
9.286622247,46.26290492120408
9.286648029,46.27284492036004
9.286678896,46.28275140919436
9.288342503,46.29262857649724
9.288385908,46.30257695323362
9.288429075,46.312479253277736
9.288447425000001,46.32229777751775
9.288460332000001,46.33236344037985
9.289383841000001,46.34224898526314
9.290775427,46.35205494313255
9.290788912,46.3618944113236
9.290798699,46.371934941444465
9.291951905000001,46.38177859842571
9.291979662000001,46.39154266839307
9.292002479,46.40142402448617
9.292020863000001,46.411259303887
9.296987617000001,46.42109039449764
9.29701355,46.43083770930417
9.2980847,46.43083770930417
9.298112409,46.43083770930417
9.298135955000001,46.737553494469246
9.298945135,46.737553494469246
9.299648022000001,46.737553494469246
9.299688127000001,46.737553494469246
9.300239738,46.74876688584746
9.300262292000001,46.74876688584746
9.301837037,46.74876688584746
9.301865947000001,46.76320564568336
9.301889579000001,46.76320564568336
9.301908167,46.76320564568336
9.303477827,46.77500127890004
9.30351748,46.77500127890004
9.303541615,46.77500127890004
9.303567318,46.77500127890004
9.304991251,46.78631101245296
9.305032344,46.78631101245296
9.305055005,46.78631101245296
9.305081111,46.78631101245296
9.305104662,46.801135140987704
9.306187042000001,46.801135140987704
9.30621951,46.801135140987704
9.306244802,46.801135140987704
9.30797551,46.81319466798728
9.308006225,46.81319466798728
9.308025005000001,46.81319466798728
9.308593544,46.82483531596638
9.308630227,46.82483531596638
9.308936359,46.82483531596638
9.312893092000001,46.82483531596638
9.312917095000001,46.83495962189134
9.312936426,46.83495962189134
9.312955423,46.83495962189134
9.314198032,46.83495962189134
9.314230976000001,46.84565779207438
9.314253106,46.84565779207438
9.314275045,46.84565779207438
9.315712936,46.84565779207438
9.315744024,46.85594964960754
9.315766031,46.85594964960754
9.316210092,46.85594964960754
9.318183803,46.86822699369776
9.318210792,46.86822699369776
9.318629187,46.878422509056215
9.320151299,46.878422509056215
9.322462153,46.890674720405215
9.325521389,46.9101819163889
9.32671926,46.9101819163889
9.327887609000001,46.92191052896231
9.329771565,46.92191052896231
9.331822889000001,46.940835483107534
9.333850837,46.95996568797279
9.336063433000001,46.96947843052786
9.338879507000001,46.96947843052786
9.340259884,46.98097665964
9.343008965000001,46.99954975540802
9.345375079,47.009565152787665
9.346910543,47.009565152787665
9.347825732,47.0199198421739
9.350528522000001,47.0199198421739
9.352113977,47.039552701863734
9.354058923,47.039552701863734
9.356713606000001,47.05980131371367
9.358734249000001,47.05980131371367
9.360861208000001,47.07988656274562
9.362050023,47.09980007137917
9.483052742,47.09980007137917
9.483069703,47.110749568974484
9.483081402,47.13020649947572
9.483094923000001,47.13020649947572
9.483105667,47.140255407177
9.483116325000001,47.15942331115411
9.484069934,47.169271156925554
9.484086205,47.17911481390681
9.484096645000001,47.1891762879787
9.485540778,47.198877526092986
9.485556159,47.20861227452891
9.486689615000001,47.21823811441951
9.486706389,47.22779693366683
9.486718496,47.23754005968316
9.4872618,47.24750938037056
9.487276452000001,47.25757085444245
9.489035787,47.26751504238862
9.489051177,47.27763934831358
9.489061366000001,47.2874578725536
9.489071617,47.29733503985649
9.489965250000001,47.307295982963474
9.489980937,47.317127073574106
9.489991755,47.32688695475126
9.492072845000001,47.33684789785824
9.492091999000001,47.346942882251774
9.492105061,47.35677397286241
9.492117907,47.36676423750083
9.492131281,47.37682990036293
9.492365606,47.38673220040704
9.49391224,47.396831373590786
9.49392662,47.40692216919411
9.494127179000001,47.41676582617536
9.49414142,47.426693258960704
9.498833124,47.4364908392497
9.498858299,47.44635125139177
9.498872924,47.44635125139177
9.498886733,47.44635125139177
9.498900382,47.744572170021534
9.498914595,47.744572170021534
9.498930545,47.744572170021534
9.499861865,47.744572170021534
9.499884645,47.7543446175693
9.499897335,47.7543446175693
9.502258201,47.7543446175693
9.505709458,47.7543446175693
9.505722605,47.767958185734855
9.506973432,47.767958185734855
9.506987742,47.7803318719998
9.506998202,47.7803318719998
9.507990591,47.7803318719998
9.509042287,47.79340927501914
9.510006054,47.79340927501914
9.510761780000001,47.79340927501914
9.510778871000001,47.80343304997919
9.512091681000001,47.80343304997919
9.512109525000001,47.80343304997919
9.512118967000001,47.82028036418284
9.512127879000001,47.82028036418284
9.512136763,47.82028036418284
9.512724058,47.831669684749656
9.512744322000001,47.831669684749656
9.514287144,47.831669684749656
9.514301586,47.84336478700142
9.516247539,47.84336478700142
9.51626315,47.84336478700142
9.516861139000001,47.85335086284963
9.517304661,47.85335086284963
9.518248709,47.85335086284963
9.518308168,47.86313587676801
9.518823691000001,47.86313587676801
9.518868151000001,47.86313587676801
9.519789011,47.86313587676801
9.521636611,47.874856111761005
9.521660625,47.874856111761005
9.521672418000001,47.874856111761005
9.522707424,47.874856111761005
9.523298558,47.88906029934543
9.523943702,47.88906029934543
9.523974670000001,47.88906029934543
9.524643396,47.901320888274846
9.524666345,47.901320888274846
9.528716869,47.91216566611504
9.52872696,47.91216566611504
9.531989833,47.925896520406326
9.532591352,47.925896520406326
9.535977979,47.94499740374016
9.536895536000001,47.964902534793296
9.537951746000001,47.964902534793296
9.540082881,47.9752320914383
9.542367317,47.994282709289664
9.544529386,47.994282709289664
9.545832809,48.00537462575194
9.548656155,48.00537462575194
9.5506715,48.02468913738621
9.551763179,48.02468913738621
9.553712209,48.04487491738308
9.555755560000001,48.06367839661237
9.557734337000001,48.07355137512505
9.560952516,48.08363379314797
9.563453018,48.09346907254881
9.564210899,48.09346907254881
9.688139060000001,48.10410022208856
9.688157141000001,48.10410022208856
9.688169483000001,48.12395089886904
9.688180956,48.14366753436297
9.688192296,48.15369130932302
9.688203924,48.163719273073276
9.688213909,48.173906410851316
9.689380702000001,48.184202457174685
9.689406857,48.19450269228825
9.689422921,48.2046940188565
9.691122374,48.21488534542474
9.691137317,48.22578038874739
9.691147235,48.23501667114895
9.691156918,48.244906404822444
9.691166559000001,48.25489666946087
9.691927599000001,48.264329825002044
9.691941339000001,48.273876077878754
9.692993776,48.28335112132198
9.693008181,48.29284710871623
9.693018167,48.3022676978868
9.694799909,48.311826517134115
9.694820108,48.3219633894297
9.694853411,48.3319452764877
9.694865228000001,48.34184757653182
9.694875246,48.351934183344945
9.696440024000001,48.36192863677356
9.696456741,48.37202780995731
9.696466508,48.38183376782671
9.696476137000001,48.39165648085694
9.698314398,48.40140379566347
9.698346546,48.41111341135817
9.698363341,48.420923558017776
9.69841997,48.43068343919493
9.698461981000001,48.440418187630854
9.700420296,48.45029954372394
9.700440779000001,48.46025629804072
9.700454226,48.46025629804072
9.700466904,48.46025629804072
9.700477620000001,48.75244116998539
9.700490582,48.75244116998539
9.701880476000001,48.75244116998539
9.701899339,48.76321892718231
9.701909081,48.76321892718231
9.701918719,48.76321892718231
9.701927042000001,48.773590371729355
9.703080563,48.773590371729355
9.703099544,48.773590371729355
9.703112698,48.78590960372163
9.703498585,48.78590960372163
9.70351634,48.78590960372163
9.706617241,48.78590960372163
9.707357053,48.79614281819193
9.710008084,48.79614281819193
9.710022513,48.80882228614182
9.710366158000001,48.80882228614182
9.71105348,48.820672373631155
9.711067259,48.820672373631155
9.712064189000001,48.820672373631155
9.712971224,48.834968714600095
9.713932022,48.834968714600095
9.715094906000001,48.834968714600095
9.715113454,48.846077386223186
9.715340739,48.846077386223186
9.715353933000001,48.846077386223186
9.716247111000001,48.85687189858092
9.716961819,48.85687189858092
9.717571669,48.85687189858092
9.719696579,48.867796263435004
9.72056893,48.867796263435004
9.721667672,48.867796263435004
9.721726278,48.880618150251856
9.722043647000001,48.880618150251856
9.722591871,48.880618150251856
9.722948917,48.880618150251856
9.723413063,48.89079272165928
9.724009513,48.89079272165928
9.724822868,48.89079272165928
9.725459526,48.89079272165928
9.72624347,48.90291926930214
9.72716662,48.90291926930214
9.727218693000001,48.90291926930214
9.728457364,48.91505838331561
9.730320869,48.91505838331561
9.73234901,48.92876829365588
9.733866981,48.92876829365588
9.735694883,48.94774770207377
9.740248900000001,48.96664752347776
9.740542333,48.96664752347776
9.743154428,48.97899188821127
9.744095635,48.99614079530966
9.747070729,48.99614079530966
9.747780692000001,49.00706934895395
9.749793802000001,49.02596498156774
9.751896966,49.02596498156774
9.755235945,49.036290349422536
9.755999223,49.05573471355315
9.757875549000001,49.065724978191575
9.760313766000001,49.07579064105367
9.762956238000001,49.08554633344062
9.764591396,49.095821435812965
9.765933574,49.095821435812965
9.768071706,49.107968927406844
9.770138915,49.107968927406844
9.853944939,49.126165032056434
9.853964313,49.14540414546702
9.853977169,49.15502998535762
9.853988958,49.16579936497412
9.854004323,49.17574355292028
9.854015308000001,49.18553694441908
9.855519637,49.19562774002241
9.855534357,49.206007562149864
9.855544174,49.216194699927904
9.855553737000001,49.22658708842598
9.857285097,49.237507264489864
9.857304312,49.24747658517725
9.857316677,49.25685947523598
9.857330321000001,49.266791096811524
9.857340028000001,49.276777172659735
9.857765859,49.28675487092753
9.859193718,49.29641003234956
9.859217962,49.305901830953616
9.859241356,49.315318231333976
9.859266416,49.324738820504535
9.86090706,49.33418454241634
9.860922271,49.343789438355905
9.860933284000001,49.35337757913466
9.86094381,49.36334271103185
9.863263704000001,49.373709966788695
9.863279017,49.384140054398614
9.863289114,49.39411775266642
9.863299683000001,49.40410382851463
9.863309085000001,49.41386789848199
9.863318568,49.4237743873163
9.863326674000001,49.433555212444475
9.865498236,49.44330671604122
9.865509441,49.45313361786165
9.865520441000001,49.46277621291307
9.865532964,49.47283768698497
9.865543993000001,49.482924293798085
9.865553656000001,49.482924293798085
9.865564672000001,49.482924293798085
9.867292455000001,49.57688723567186
9.867364797,49.57688723567186
9.867422297000001,49.57688723567186
9.867433008,49.58957926999236
9.86744376,49.58957926999236
9.868458789,49.58957926999236
9.868517884000001,49.60026487380477
9.868537304,49.60026487380477
9.870898575,49.60026487380477
9.870973732000001,49.60026487380477
9.870996415,49.61370251278173
9.871705247000001,49.61370251278173
9.872555954000001,49.6268050485423
9.874080514000001,49.6268050485423
9.898099496,49.64533206761807
9.898129886000001,49.662346933429916
9.900224522,49.662346933429916
9.900244496000001,49.673170767319085
9.900261644,49.6920873438839
9.900273812,49.6920873438839
9.900297328,49.70376569097484
9.90033418,49.722263388519174
9.900344114000001,49.73230391864005
9.900422714000001,49.742390525453175
9.90144192,49.75269494935694
9.902195811,49.76290721987622
9.902250142,49.77284721903218
9.904409866,49.78308462229268
9.907755079000001,49.79348538837116
9.908067597,49.80364739340797
9.90875887,49.8135622598227
9.910026511,49.8135622598227
9.912212176,49.824495002257194
9.913959542,49.824495002257194
9.917298099,49.84325659358443
9.918847398,49.86164957137365
9.921038134,49.87094449683807
9.924414111,49.88097664937853
9.925421718,49.88097664937853
9.939062377,49.893220483147125
9.939099140000001,49.893220483147125
9.939140886,49.91213287092173
9.939536630000001,49.93158142384256
9.939565453,49.941936113228785
9.94251785,49.95131900328751
9.942553033000001,49.9610202414018
9.942575557000001,49.97072147951608
9.943244352,49.9801839565887
9.944244109000001,49.9801839565887
9.946890096,49.99091563709335
9.948589219,49.99091563709335
9.951079506000001,50.01141138756538
9.952015521,50.03037404082244
9.954193409,50.03037404082244
9.956190373,50.040565367390684
9.958077374,50.05995527724865
9.961593378,50.0697151584258
9.963627949000001,50.080115924504284
9.964385334000001,50.080115924504284
9.966460601000001,50.09112825395267
9.96880262,50.109990376244816
9.970499991,50.109990376244816
9.972121562,50.12041208627433
9.973861866,50.13952972476898
9.976901669,50.1493566265894
10.045477119000001,50.15990818911526
10.045496792,50.16935391102705
10.045531107,50.178870842372326
10.045550362,50.18897001555607
10.045565103000001,50.19883880527854
10.045579195,50.20907620853904
10.047059914,50.219267535107285
10.047075790000001,50.22948818320696
10.047087193000001,50.23980936227156
10.047096276000001,50.250201750769634
10.048912657,50.26056900652648
10.048928868,50.27098652776578
10.048939974000001,50.281307706830376
10.048950759,50.29167496258722
10.049354749,50.301422277393755
10.04937615,50.31120310252194
10.051010285,50.32101324918155
10.052285422,50.330806640680336
10.052303878,50.340470179682775
10.052321446,50.350183984167685
10.052332957,50.35986008954073
10.053448097,50.369435663948884
10.053467531,50.379136902063166
10.053481923000001,50.38880462985581
10.055777018,50.3986022101448
10.055795968,50.40854639809097
10.055813351000001,50.41866651522573
10.055827407,50.428748933248656
10.055837877,50.43888580554424
10.055855582000001,50.448788105588356
10.057446104,50.45884957966025
10.057474410000001,50.4686136496276
10.057490071,50.47844055144803
10.058606665000001,50.48842662729625
10.058650429,50.49830798338934
10.058668823000001,50.508256360125706
10.060414385000001,50.518820489022175
10.06043371,50.518820489022175
10.060449063,50.53018048805755
10.060463884,50.53018048805755
10.060478153,50.5500898079009
10.061643125,50.5500898079009
10.064707985,50.569044083577566
10.065250934,50.58848425891797
10.066413717000001,50.58848425891797
10.068536684000001,50.59930390401694
10.070274749000001,50.59930390401694
10.073744580000001,50.6192132238603
10.07561034,50.63829735203329
10.077627473000002,50.64830018304232
10.078775105,50.65839935622607
10.07994908,50.66843988634694
10.110245498000001,50.67899563766301
10.110284767000001,50.68922466334308
10.110308715,50.69972177159628
10.112492818,50.710093216143335
10.112523248,50.720238466019325
10.112553466000001,50.73031669525204
10.112580593,50.74044100117701
10.112610999000001,50.750175749612936
10.112638776,50.76010318239828
10.112876356000001,50.769971972120764
10.115742099,50.77949309225624
10.115772367,50.78974725067756
10.115802157000001,50.79933539145632
10.115823565000001,50.80852140837541
10.116357266000001,50.81824777923092
10.116387099,50.827999282827655
10.117097665000001,50.837830373438294
10.117124943,50.837830373438294
10.118411526000001,50.84981450221419
10.121403279,50.84981450221419
10.122478222,50.86966936778488
10.124768464,50.86966936778488
10.126561907000001,50.88955774367721
10.128385562,50.88955774367721
10.129934411,50.90894346474496
10.131810058000001,50.90894346474496
10.134703111,50.92908316804957
10.135758975,50.94828458234831
10.137785298,50.95820363755324
10.141948892,50.96805986090511
10.144304419000001,50.978205110781104
10.144707473,50.98811578840563
10.145911089,50.98811578840563
10.148481721000001,50.9982400943306
10.14989967,50.9982400943306
10.153181518,51.01814522538373
10.154143063000001,51.03722516476653
10.157733596,51.046955724412264
10.158347949000001,51.056728171960025
10.159696608,51.066689115067014
10.162980735000001,51.07652439446784
10.163776746,51.08632197475684
10.165781857,51.08632197475684
10.167736818,51.097342681785626
10.170341084,51.097342681785626
10.171670411000001,51.11707188365017
10.173651775000002,51.13654975810244
10.176146192000001,51.146351527181636
10.178316892,51.1562035617433
10.181400723000001,51.16647447532543
10.212058330000001,51.17652338302671
10.212094496,51.186593234679016
10.212120891000001,51.19631122795412
10.212146149,51.20587842478185
10.212180332,51.21586868942027
10.212211317000001,51.22572491277212
10.213143405,51.23555600338276
10.213185959,51.24532845093053
10.213217171,51.25557423177144
10.213249933,51.26549328697638
10.215666030000001,51.27521546904168
10.215725990000001,51.28558691358873
10.215753614,51.29555204548592
10.215781039000001,51.3055925756068
10.215804901,51.31572944790237
10.216157791,51.32609251486902
10.217212700000001,51.336325729339315
10.217260085000001,51.347258471773806
10.218341397000001,51.347258471773806
10.221957616000001,51.3585346950051
10.222785293000001,51.3585346950051
10.225132319,51.378113100422254
10.226243315000001,51.378113100422254
10.228361998,51.39840360017424
10.230100248000001,51.39840360017424
10.232102617,51.41619758096417
10.233944984,51.41619758096417
10.266797717000001,51.435084835997564
10.266826080000001,51.4539343919191
10.266856849,51.463866013494645
10.266869561,51.4741536822376
10.266887055,51.48400152800905
10.266937686,51.493966659906235
10.266948658,51.50382707204831
10.266962419,51.513695861770785
10.268175823,51.5234306102067
10.268231865,51.53342087484512
10.268241753,51.54314724570063
10.268253349,51.55315845429008
10.269206221000001,51.563085887075424
10.269274742,51.57315573872772
10.269304456,51.583263289491875
10.269983179,51.59313626800456
10.270583865,51.6034029927965
10.271084803,51.6034029927965
10.272516781,51.61486352279678
10.274072392,51.61486352279678
10.275890217,51.63419060080167
10.278291653,51.65338363752
10.281159997000001,51.66298015587917
10.282365027,51.67261018455997
10.284150163000001,51.67261018455997
10.288155429000001,51.683693723441834
10.288650683,51.70309201088021
10.289961691,51.70309201088021
10.29220706,51.713107408259845
10.29408248,51.73268581367702
10.296242625000001,51.74237448542068
10.298201142,51.75252392408689
10.304293857000001,51.76228380526404
10.304971179,51.77215259498651
10.305000475,51.782544983484584
10.306038029,51.782544983484584
10.307929626,51.79380026276485
10.309910812,51.79380026276485
10.313074545000001,51.81287601335745
10.314295779,51.832152825879874
10.316710673000001,51.842356718818735
10.318038378,51.85190716048564
10.322487237,51.862458723011514
10.323075003000001,51.87267937111119
10.324328573,51.883163912993766
10.326380142000001,51.883163912993766
10.327845191,51.89584338094366
10.330028559,51.89584338094366
10.333238104000001,51.91464267138274
10.33519922,51.93464833340079
10.337308851000001,51.94409824410279
10.339072478,51.953552343595
10.343735734000001,51.963006443087195
10.343806520000001,51.972305557341826
10.346720224,51.98168844740054
10.346744021000001,51.98168844740054
10.350523472,51.99278455265302
10.351075651,51.99278455265302
10.352017823,52.01204042122443
10.353905568,52.032259711542935
10.356355932000001,52.04225416497155
10.358536482,52.052391037267135
10.360743718,52.052391037267135
10.363183229,52.06204200989896
10.364131148,52.06204200989896
10.369434708,52.0824665509375
10.369688868,52.0824665509375
10.372747330000001,52.10181876168362
10.372773623,52.10181876168362
10.375912679,52.12108300783543
10.376740084000001,52.12108300783543
10.377795385,52.14132324210495
10.381689603,52.14132324210495
10.382481420000001,52.16087232599069
10.38579086,52.16087232599069
10.417151657,52.181296867029225
10.417183664000001,52.181296867029225
10.417209304,52.20073285357944
10.417233947000001,52.22017302891986
10.417258366,52.22996223162844
10.4172781,52.23986453167255
10.417298403,52.249804530828506
10.417855133,52.249804530828506
10.41788904,52.25971101966284
10.419634368,52.279528186121674
10.419663587,52.2892629345576
10.419692673,52.299483582657274
10.420995144,52.309176443191156
10.421030908,52.319405468871246
10.42105905,52.328981043279384
10.421635647,52.33898387428842
10.421662205,52.34914169053501
10.42302313,52.359400037746546
10.423641432,52.359400037746546
10.424252179,52.371023930564824
10.42676028,52.371023930564824
10.428079079000002,52.391921804896505
10.430575016,52.391921804896505
10.43340384,52.411408056929176
10.434365942000001,52.4311205036329
10.436143312,52.44090551755127
10.439893757,52.45062769961659
10.469161665000001,52.45062769961659
10.469193954000001,52.46041690232517
10.469221062,52.479170116072
10.471095651,52.48864934830543
10.471127701,52.49812858053887
10.471150202,52.49812858053887
10.471178723000001,52.50838692775039
10.471200819,52.52816220630718
10.471222547,52.53794303143536
10.472639811,52.54782438752844
10.474032997,52.557843973698304
10.474057407,52.56804786663716
10.475361074,52.57733860331138
10.475400871000002,52.58720739303385
10.475448737,52.59711388186817
10.476325252,52.60690727336696
10.476889896000001,52.61711535509603
10.476946932,52.626904557804615
10.477689329,52.626904557804615
10.478975017,52.63781635628808
10.481503047,52.63781635628808
10.484147143000001,52.65863883239608
10.484854304,52.65863883239608
10.486033755000001,52.678011987093214
10.489055357,52.678011987093214
10.490190858,52.69721340139195
10.491981492,52.716356172627826
10.493950741,52.72582283849064
10.496106557000001,52.735834047080075
10.49937579,52.74601280727771
10.500027055,52.74601280727771
10.504271379,52.75627953206965
10.506076601,52.77649463359794
10.506503567000001,52.77649463359794
10.507943734000001,52.78919085670864
10.509902321,52.78919085670864
10.512046739,52.8063900292895
10.513881016000001,52.826119231154046
10.515956406,52.83604666393939
10.518903516,52.84535834456463
10.520071772000001,52.84535834456463
10.522282544000001,52.85712465624988
10.524042694,52.85712465624988
10.526010277000001,52.876606719492344
10.528341320000001,52.876606719492344
10.531907310000001,52.89628565587442
10.533446303,52.915411671949485
10.534162448,52.925494089972396
10.536257253,52.925494089972396
10.538069437,52.9355555640443
10.543963884,52.95480724382549
10.544903038000001,52.9650530246664
10.544923623,52.97525272881506
10.547385777,52.97525272881506
10.548189089000001,52.985904822305834
10.550623551000001,52.985904822305834
10.552179833,53.005491605303405
10.553921413000001,53.02563968618843
10.556100755000001,53.035592251715
10.558059807000001,53.035592251715
10.561777434000001,53.04709466961735
10.562753772,53.06574735239926
10.564023987,53.075779504939725
10.56608269,53.075779504939725
10.567766214,53.08627661319292
10.570036999000001,53.10550734902309
10.572119141,53.11542640422803
10.573863488,53.11542640422803
10.575635954000001,53.12568894022975
10.578025137000001,53.1444589091374
10.580968314000001,53.15454970474074
10.582321916000001,53.16479548558165
10.584377175,53.16479548558165
10.587570509,53.175962800267605
10.588421910000001,53.175962800267605
10.5904805,53.195239612790026
10.621622661,53.21474261998351
10.621650675000001,53.22466586397866
10.621681884000001,53.2340696979884
10.621693508,53.24395524287169
10.621728873,53.25405022726523
10.621765797,53.26398603763099
10.622750423000001,53.27374173001793
10.622786138,53.28388697989392
10.622804039,53.293525386155146
10.622821529000001,53.30342349740906
10.626882933000001,53.313183378586196
10.626895427000001,53.3229893364556
10.626906625,53.33273665126215
10.626917724,53.3425844970336
10.626929376000001,53.352511929818945
10.627125541,53.3623681531708
10.627435927,53.37222437652267
10.627469741,53.38246177978316
10.628346488,53.392452044421574
10.635463053,53.402526084864085
10.636307556,53.41291009578176
10.636325721,53.422967381063444
10.636789199,53.422967381063444
10.637975272,53.43381215890364
10.640935205,53.43381215890364
10.642488360000002,53.45397699494948
10.644409936,53.45397699494948
10.675060499,53.474129264624715
10.675081139000001,53.474129264624715
10.675092084000001,53.49464595904775
10.675102579,53.51393114915059
10.675112977000001,53.523699407908154
10.675126149,53.533182828931785
10.676268871000001,53.542599229312145
10.676297329,53.55260206032118
10.676308534,53.56184253151293
10.676323579,53.57135946285821
10.677050353,53.58117798709823
10.678228337,53.59161226349836
10.678297404,53.60154807386411
10.678317638000001,53.61153833850252
10.678330775000001,53.621595623784216
10.679054622,53.63156913326181
10.680555797,53.64135833597039
10.680943541000001,53.652073261314236
10.682206862000001,53.652073261314236
10.685948900000001,53.662830074560134
10.686382103000001,53.662830074560134
10.689924381,53.68231213780258
10.690412918,53.68231213780258
10.693572102000001,53.701090484290646
10.694201109000002,53.701090484290646
10.696137629,53.72112127904993
10.697965396,53.7396357317551
10.701196331,53.749554786960026
10.701976859,53.75900888645223
10.704670626,53.75900888645223
10.706786568,53.769740566956884
10.707976126,53.769740566956884
10.709754062,53.7893399163251
10.713166333,53.808461743609946
10.714948801,53.818171359304635
10.717371389,53.82798988354465
10.718296119000001,53.82798988354465
10.720583212000001,53.83872575283952
10.722178340000001,53.85812404027789
10.724202601,53.86826929015387
10.726232892,53.86826929015387
10.728079589,53.879486870322296
10.730240627,53.89843695720875
10.731723927,53.89843695720875
10.734904101000001,53.90936551085303
10.736101265,53.92781294291492
10.737753793000001,53.93776550844149
10.743179770000001,53.947630109373755
10.743210727000001,53.957188928621086
10.744152551,53.96785358848246
10.745915416,53.96785358848246
10.747801734000001,53.97857270261652
10.750249796,53.9975562998246
10.751787122000001,54.00801152017575
10.754127993,54.01805623908684
10.755818315,54.0280883916273
10.760445749,54.037818951273024
10.762123591,54.04801865542168
10.762669181000001,54.05823930352135
10.763886811,54.06792797526502
10.767231752,54.06792797526502
10.768320414000002,54.078722487622755
10.770144801,54.078722487622755
10.772109033000001,54.09798254498437
10.775592704000001,54.11747717459745
10.776233332,54.12730407641787
10.777789791,54.13710584549707
10.780851881,54.146794517240735
10.78323151,54.156445489872574
10.784226884,54.156445489872574
10.785748633,54.16795209656511
10.787666517,54.18661315692744
10.79002704,54.196419114796846
10.791722789000001,54.20642613459607
10.794447003,54.21592631078054
10.796296454,54.22558984978297
10.798212241,54.2354209403936
10.800308413000002,54.24484571835438
10.804603184000001,54.25504123371283
10.804951304000001,54.25504123371283
10.806024347000001,54.26614571654572
10.807663891,54.26614571654572
10.809641082,54.285518871242864
10.812120486000001,54.30513916456208
10.814239369000001,54.314890668158824
10.816510332,54.32513226020952
10.818155986,54.33481674316298
10.819665674000001,54.34463107861281
10.822391230000001,54.3543406943075
10.823810085,54.364330958945914
10.825870006,54.364330958945914
10.827774627,54.37499143001708
10.833823196,54.39412163488235
10.834211817,54.40376004114356
10.834626229000001,54.41446658890701
10.836168747,54.424264169195986
10.837716111,54.43385230997476
10.839891858000001,54.44408552444504
10.842230258,54.45451561205497
10.844137857000002,54.46524310376942
10.846047945,54.46524310376942
10.847727966,54.47636434176313
10.849671930000001,54.47636434176313
10.8516486,54.49592180322927
10.853643836,54.515441565583586
10.855615043,54.52509253821541
10.858637302,54.53486079697298
10.860585041,54.53486079697298
10.862241841000001,54.545864748840934
10.863770939,54.545864748840934
10.865788302,54.56589135481002
10.869489932,54.56589135481002
10.870442076000002,54.584904273549554
10.871646160000001,54.60335170561144
10.873861217,54.61322468412411
10.87626973,54.62267878361631
10.877708523,54.62267878361631
10.87991792,54.63599913646754
10.882711979000002,54.653173176307156
10.883880375,54.66341895714807
10.885715346000001,54.66341895714807
10.887821677,54.674418720225844
10.889685206000001,54.674418720225844
10.891670170000001,54.69308815816857
10.893880129000001,54.71176597369171
10.895663056,54.72119912923289
10.897702653000001,54.730925500088404
10.900916496,54.740752401908836
10.902658119,54.75095210605749
10.904614384,54.75095210605749
10.905827408,54.762207385337746
10.907758885,54.762207385337746
10.9102697,54.78111977311236
10.912035652,54.79993162992206
10.913948646000001,54.809934460931096
10.915700019,54.81987446008704
10.917893804,54.82966366279564
10.921135179,54.83967906017528
10.922451256,54.849694457554925
10.924189829000001,54.85954649211658
10.925782732,54.85954649211658
10.927716901,54.87046247939025
10.930469877,54.8900157520662
10.931945211,54.8900157520662
10.934207168,54.900542181850824
10.935678502,54.91948389115687
10.937800638,54.92925214991443
10.939837852,54.939502119545544
10.943142210000001,54.94944211870149
10.943991985,54.95931928600439
10.945814697000001,54.95931928600439
10.948215211,54.97029391634092
10.950317801,54.97029391634092
10.951855482000001,54.99082736592479
10.953799779,55.009090491217655
10.955738112,55.01856972345108
10.958062254000001,55.0287233509075
10.961219619000001,55.03895656537779
10.962834558,55.04947042879179
10.964643178000001,55.04947042879179
10.965709454,55.06055396767366
10.967703214,55.08004440849653
10.969681349,55.090139392890066
10.971842967,55.100234377283606
10.973639023,55.10981414048195
10.975771487000001,55.11947767948439
10.977636298,55.12920823913011
10.979774103,55.13871260410477
10.982253892000001,55.148258856981485
10.983905624,55.148258856981485
10.987251806000002,55.1586847558012
10.988317559,55.17824221726734
10.989731495000001,55.188027231185714
10.992152755000001,55.188027231185714
10.995140916,55.198344221460104
10.996792571,55.21778858559073
10.997813796,55.21778858559073
11.000092723,55.22922817164001
11.002769716000001,55.246263981402876
11.004240218000001,55.256128582335144
11.005796082,55.256128582335144
11.007862776000001,55.26693147227329
11.009853163,55.28586899278913
11.011823184,55.295444567197265
11.015200566,55.30460964016533
11.016341277,55.31439046529351
11.021256109000001,55.32423831106497
11.021323463,55.33409034562662
11.023372719000001,55.34347742447555
11.024236457,55.34347742447555
11.025824700000001,55.35389075692465
11.028773683,55.373217834929534
11.030472178,55.373217834929534
11.031831519,55.38352644762351
11.033712307,55.40255612152386
11.036522456,55.41214426230262
11.038016199000001,55.42211358299001
11.040832592000001,55.43262744640401
11.043187626,55.442106678637444
11.044411552000001,55.442106678637444
11.046280443,55.453060365022964
11.04828367,55.453060365022964
11.050049892,55.47326708897085
11.051770136,55.47326708897085
11.055765765,55.492677942779835
11.057969979000001,55.51183746917653
11.058637899,55.52182354502474
11.059850569,55.53204838191462
11.063052964,55.54216012146898
11.063854051,55.54216012146898
11.067170978,55.55455894047515
11.068241371000001,55.55455894047515
11.070476376,55.57385669694859
11.073758541,55.59343510236577
11.074902679000001,55.60347982127685
11.075940262000001,55.61294229834946
11.077830753,55.622450852114326
11.080108759,55.63193008434775
11.0820203,55.64179887407023
11.08425759,55.64179887407023
11.085863137,55.65257663126715
11.087783398000001,55.65257663126715
11.090893657,55.67177385677568
11.091891538,55.69141509404592
11.095115837,55.70153939997089
11.096121375000001,55.71096417793167
11.097923219,55.72123928030401
11.101276539,55.73137615259959
11.103028489000001,55.74113184498654
11.105032329,55.75074930729672
11.106129395,55.75074930729672
11.108306249,55.76202971931821
11.110721549,55.78095467346344
11.111971109,55.78095467346344
11.113899952,55.79097007084309
11.116168948,55.80966045273685
11.11777137,55.81885903602655
11.120643371,55.82910900565766
11.122086337,55.83860918184212
11.124653741000001,55.83860918184212
11.1262614,55.84965921040234
11.128020945000001,55.84965921040234
11.130216524000001,55.86899885477784
11.132835035000001,55.88785678827979
11.133740944000001,55.88785678827979
11.137077462,55.89819891129542
11.138096053,55.91689767076957
11.139659645,55.926615664044675
11.142711001,55.936815368193336
11.144905992,55.94649147356638
11.145985088000002,55.94649147356638
11.147823036,55.95728179713393
11.149924017,55.977036131739695
11.152269091,55.9869300542034
11.154114751,55.996962206743866
11.15580379,55.996962206743866
11.158310058000001,56.008330583359665
11.164398416000001,56.02625860543614
11.164422776,56.036236303703944
11.165219254,56.04607158310477
11.166221367,56.04607158310477
11.169235779000001,56.05676556449759
11.170262153000001,56.05676556449759
11.172174297000002,56.07678379288628
11.173999123000002,56.09665541361778
11.177350765,56.10670851010928
11.178086138000001,56.11685794877546
11.180514143,56.12683145825306
11.182069309000001,56.13673794708738
11.183797698000001,56.14658160406863
11.186644975,56.15738449400678
11.187703211,56.15738449400678
11.190313482,56.167864847099146
11.191752254,56.167864847099146
11.194596669000001,56.18704531744687
11.195659955,56.206431038514616
11.197625013000001,56.21643386952365
11.201447675,56.2261937507008
11.202535118,56.23587823365427
11.203832319,56.23587823365427
11.206094407,56.2473764627664
11.20823112,56.2473764627664
11.211287296,56.26641032545695
11.212243215,56.2857080819304
11.213769195000001,56.295375809723055
11.216312965,56.304855041956486
11.217742563,56.31504217973452
11.220088696000001,56.325015689212115
11.222308052,56.33507716328401
11.225302845,56.33507716328401
11.225963797,56.34607692636179
11.227714804000001,56.34607692636179
11.231328808,56.36558831113569
11.232102019000001,56.36558831113569
11.234907503,56.384756215112795
11.235911765,56.404016272474394
11.237839398,56.413692377847454
11.240220971000001,56.42325957467518
11.242028967000001,56.43389072421493
11.244232449,56.43389072421493
11.247391503000001,56.445171136236425
11.248206975,56.445171136236425
11.249826931000001,56.46363113466892
11.25277686,56.48336452532366
11.253823423,56.48336452532366
11.255819734000001,56.49619897851112
11.258622092000001,56.51256877063144
11.260363778,56.52253390252862
11.262234332,56.53292210223648
11.264156147000001,56.53292210223648
11.266330155,56.543720803384424
11.267937261,56.543720803384424
11.271426443000001,56.563295020011395
11.272848681000001,56.58289018058939
11.273725674000001,56.59287206764739
11.275696348,56.60294191929969
11.279708207,56.61258451435112
11.281197014,56.62257477898953
11.282726186000001,56.63305094329171
11.283903479000001,56.63305094329171
11.286575657,56.64397949693599
11.288274224,56.64397949693599
11.289819896000001,56.66409406749938
11.291783822000001,56.68340857913365
11.294149781000002,56.69291294410831
11.295776475,56.69291294410831
11.297756053,56.702618371012804
11.300081415000001,56.72182397410174
11.302427592,56.72182397410174
11.304111327000001,56.73330963684327
11.307440019000001,56.73330963684327
11.308071464000001,56.75261995968734
11.309842467000001,56.771938660111815
11.311829162,56.782088098778
11.313889495000002,56.782088098778
11.315720625,56.79236320115034
11.317833346,56.81166514641399
11.321404119,56.82143759396176
11.324206571000001,56.83139015948834
11.325854823,56.84147257751127
11.326543065000001,56.84147257751127
11.327934703,56.852380187204524
11.331278685000001,56.87105381393746
11.332337126,56.87105381393746
11.335042018000001,56.881199063813455
11.335940296,56.881199063813455
11.339924209000001,56.90069788221674
11.341314030000001,56.920129679976746
11.342359633000001,56.92970944317508
11.345521075,56.94028613844217
11.346035799000001,56.95033504614345
11.348107977000002,56.95033504614345
11.349817833000001,56.96124684462691
11.351848564,56.98049852440811
11.354003283,56.99030867106774
11.356016099000001,57.000420410622084
11.357811271000001,57.01069132420422
11.360010413000001,57.02083657408022
11.364988525000001,57.03074306291453
11.365018492,57.040586719895785
11.368259510000001,57.051724713050305
11.370809033,57.051724713050305
11.373018850000001,57.062787307981154
11.373571637000001,57.062787307981154
11.377322355,57.083241170551126
11.377345422000001,57.083241170551126
11.378713142,57.1035232927227
11.382137627,57.1035232927227
11.385248070000001,57.122787538874505
11.385271034,57.122787538874505
11.386515275,57.14239526582312
11.388342644000002,57.14239526582312
11.390423405,57.16143750609407
11.391949784000001,57.18047136878461
11.394193925000001,57.18047136878461
11.396270794000001,57.19048676616426
11.399400075,57.20989343118303
11.400235515,57.22003449226884
11.403447467000001,57.229781807075376
11.404437987000001,57.23970923986071
11.406291676,57.23970923986071
11.409653965,57.252292365635896
11.411261925000002,57.26993554997844
11.411907265,57.26993554997844
11.414740985,57.280147820497724
11.415939435,57.298854957552294
11.419709858000001,57.308686048162926
11.420750408,57.31842079659886
11.422353496000001,57.327778553916346
11.424223101,57.327778553916346
11.426888043,57.340407756383776
11.427805983,57.340407756383776
11.430682371000001,57.358783979012166
11.431795678,57.377784331381086
11.433801561000001,57.38787093819421
11.435751624,57.397614064210536
11.438149951000002,57.407575007317526
11.441268647000001,57.407575007317526
11.443373477000002,57.41890987361168
11.444601739000001,57.438174119763495
11.445876827000001,57.438174119763495
11.447844181,57.44907754066655
11.450532383,57.46780981046236
11.452013093000001,57.47774980961831
11.454343021000001,57.48766467603304
11.455773310000001,57.49740361325917
11.458090140000001,57.507322668464106
11.46129464,57.516956885935116
11.462589156,57.52685080839882
11.464023637,57.53668608779966
11.465822762,57.53668608779966
11.468677947000002,57.548184316911794
11.470040576,57.548184316911794
11.471972055,57.56788000845471
11.473907188,57.58790242563359
11.476238052000001,57.59830319171206
11.478281155000001,57.59830319171206
11.48077181,57.60875841206322
11.484056299,57.62904472302499
11.484360193,57.62904472302499
11.485714275000001,57.64017852738932
11.487712045,57.66032660827434
11.491032747,57.67030430654214
11.492719092000002,57.67936047096489
11.493686253,57.68938843471515
11.495832360000001,57.69900589702533
11.497944326,57.70768925911985
11.500765755000002,57.71733185417128
11.501913965,57.72650949350995
11.505544599,57.7367804070921
11.506775823,57.7367804070921
11.508477675,57.747499521226146
11.50984382,57.76701509479024
11.512320048000001,57.77702211458948
11.514033915,57.78664376568988
11.515858966000001,57.79652931057316
11.517761105,57.80629756933073
11.521305695,57.81599461865481
11.521940851,57.82559113701398
11.524165478,57.82559113701398
11.525879002,57.83687573782568
11.528322485,57.83687573782568
11.530056282,57.856399688970185
11.53182246,57.87605349261104
11.533719175,57.886190364906625
11.535781465000001,57.896004700356436
11.538797154000001,57.90593632193198
11.541321432,57.90593632193198
11.542925037,57.9172376779045
11.544094635,57.9172376779045
11.546256065000001,57.936774195419616
11.548184949000001,57.936774195419616
11.550443515000001,57.957232246779796
11.552563293,57.957232246779796
11.555194543,57.975352953205714
11.556745009,57.99495649136411
11.558398601,58.00481271471597
11.563042835000001,58.015175781682615
11.563066669000001,58.025170235111226
11.564585082,58.03517306612026
11.566708972,58.03517306612026
11.568302352,58.04649117725359
11.570519543000001,58.04649117725359
11.571908458000001,58.06586433195072
11.574559277,58.08546368131892
11.577386518,58.09514397548219
11.58005346,58.105737425910085
11.580571994000001,58.1154637967656
11.582873277000001,58.12614940057802
11.584442959,58.13630302803441
11.586783578,58.13630302803441
11.589412724,58.147441021188946
11.590359471000001,58.16574184559366
11.591835822,58.17552685951205
11.593816673000001,58.18526160794796
11.5965313,58.19470732985975
11.597902936,58.19470732985975
11.600373775000001,58.204999187392914
11.602427049000001,58.223852932104656
11.604650899000001,58.223852932104656
11.605945704000002,58.2350830786437
11.608310591,58.25453163156452
11.610838970000001,58.264287323951464
11.612376478,58.27425664463885
11.615880528,58.27425664463885
11.616925379000001,58.285645965205674
11.617891497,58.285645965205674
11.621863688000001,58.304880889826045
11.626345970000001,58.32373882332799
11.626379672,58.33343587265208
11.627167465000001,58.343497346723964
11.628024571000001,58.343497346723964
11.629865456000001,58.35415362900495
11.632325702000001,58.35415362900495
11.634340341000001,58.37339693120573
11.635770701,58.37339693120573
11.637789477,58.39349055781809
11.642680551000002,58.412633329053975
11.642715829,58.42256076183931
11.644681021,58.43300341581985
11.6459729,58.43300341581985
11.648160038,58.443890081562095
11.649989733,58.462668428050144
11.6519268,58.47264612631794
11.654147208000001,58.482573559103294
11.656865743000001,58.49231249632942
11.65795508,58.50293526828876
11.660870828,58.51279568043083
11.662281216,58.522919986355795
11.664670630000002,58.522919986355795
11.666045720000001,58.53384435120988
11.668564362000001,58.552509600362406
11.669959374000001,58.56212706267259
11.672042710000001,58.57226393496818
11.673918056000002,58.58211596952983
11.676632851,58.591842340385355
11.678391920000001,58.60182422744336
11.681235125,58.61257685189904
11.682555963,58.62237024339783
11.684321577,58.63244847263055
11.685835929000001,58.63244847263055
11.689307771000001,58.643858737148385
11.690235648000002,58.66300150838427
11.691791832000002,58.67264410343568
11.695108608,58.682357907920576
11.696569817,58.691946048699336
11.698209776,58.70159702133116
11.700738701,58.71164592903244
11.701735729000001,58.72143932053124
11.704429083,58.73163902467989
11.707340957000001,58.74185967277956
11.708254504000001,58.74185967277956
11.711302706000001,58.75305212020676
11.712016448,58.75305212020676
11.714572199000001,58.773593947371026
11.715830471,58.773593947371026
11.717731736000001,58.79472220516397
11.721740682,58.81106686454305
11.723651533,58.82099848611859
11.724874169000001,58.830988750757015
11.725769603000002,58.84067742250069
11.727817007,58.85006031255941
11.731014915000001,58.86024326154724
11.732433873000002,58.870375945052615
11.734085102,58.870375945052615
11.735831558000001,58.88156839247981
11.741073342,58.901234762491285
11.741109377,58.901234762491285
11.743568562,58.91165228373058
11.744244243,58.91165228373058
11.746028585000001,58.931553225993525
11.748497824000001,58.931553225993525
11.749937483,58.95106042197722
11.752565975000001,58.970232514744524
11.755502881,58.970232514744524
11.757285781,58.98073800057812
11.758118877000001,58.98073800057812
11.760481352000001,59.00063056526066
11.762536365,59.02002047511861
11.763864804,59.02002047511861
11.766113191,59.030144781043575
11.767774786,59.030144781043575
11.769687464,59.05063215393519
11.771666686000001,59.07007232927561
11.774734864000001,59.08033067648713
11.775784448000001,59.090182711048776
11.778021704,59.10072170720402
11.781968085,59.10072170720402
11.782598793,59.112659759287666
11.783903629000001,59.112659759287666
11.785963211,59.133444536283825
11.789070194,59.15245326623313
11.789812067000002,59.15245326623313
11.793022251,59.16245609724218
11.794436071000002,59.18150252630333
11.796233678,59.190897982732665
11.797650075,59.20099715591641
11.800974742000001,59.21037585718492
11.80245962,59.21981739030652
11.804133066,59.21981739030652
11.805751047000001,59.231768008760774
11.808834066000001,59.231768008760774
11.809816557000001,59.25020706324224
11.811670884000002,59.26988599962433
11.813642619000001,59.27974222297618
11.816338748000002,59.28968641092235
11.818067305000001,59.299597088546875
11.820260483,59.299597088546875
11.823045956000001,59.31186186626649
11.823802126,59.31186186626649
11.825730817,59.33226965214421
11.827669819,59.35111920806574
11.82999854,59.36087908924289
11.831670699,59.37121283467811
11.833633756000001,59.381630355917416
11.836574831,59.39171277394033
11.837665537000001,59.4016569618865
11.840772503,59.41183991087434
11.843041521,59.421386163751045
11.844534065000001,59.421386163751045
11.845718879000001,59.43267495335294
11.847714014000001,59.450799848569055
11.850125821,59.46022881532002
11.85170156,59.46022881532002
11.853686107000001,59.47039919793725
11.856758259000001,59.4890016152367
11.858658096000001,59.498694475770584
11.860261925000001,59.50902403241558
11.863435637,59.51915252713075
11.864354796,59.52949883893658
11.865870842000001,59.52949883893658
11.867725323,59.5406284545107
11.870028132000002,59.56004768590008
11.871936194,59.56989553167154
11.873692503000001,59.56989553167154
11.876874693000001,59.57982296445689
11.878033304,59.59839606022491
11.880367719,59.60875493840134
11.882433405,59.61812107329924
11.885372556,59.628044317294375
11.885965815,59.628044317294375
11.887724965,59.63911528980563
11.890023684,59.658186851608036
11.893454387,59.6677959363378
11.894179393,59.67794537500401
11.896531881000001,59.6878183535167
11.897661815000001,59.6976326889665
11.900251480000001,59.70767321908737
11.902418819000001,59.717118940999164
11.903803762,59.717118940999164
11.906202156,59.728629736481906
11.907721843000001,59.728629736481906
11.910126073,59.7494354574291
11.912257617,59.76759386296684
11.913711954,59.777525484542394
11.916181875000001,59.78770843353023
11.918225571,59.7971415890714
11.921752915,59.806583122193
11.922510042,59.816992265851894
11.924663614,59.816992265851894
11.925865997,59.82796689618843
11.928476342000002,59.82796689618843
11.929942499000001,59.84699657008878
11.931782336000001,59.86656659792554
11.934235820000001,59.8766029392562
11.936536718000001,59.8766029392562
11.937763341,59.88821007691367
11.941091448,59.90631821696896
11.944811990000002,59.915629897594194
11.945044988000001,59.926269424714356
11.946104385,59.926269424714356
11.948039517000002,59.936875441512875
11.949914207,59.936875441512875
11.952445011,59.956625587328446
11.953955116000001,59.97595266533332
11.956766224,59.98570835772027
11.958165394,59.996125878959575
11.960024081,60.00581455070324
11.962654259,60.01542782422323
11.964428174,60.02539714491062
11.965918285,60.02539714491062
11.967757725,60.035860742842175
11.970080106000001,60.054865284001295
11.972056566000001,60.064788527996434
11.973728091,60.07455678675399
11.977731121000001,60.084584750504256
11.978702171,60.094445162646316
11.980191774000001,60.104540147039856
11.982221801000001,60.11446339103499
11.985588678000001,60.12448716599505
11.986453444,60.12448716599505
11.989194973,60.135537194555276
11.990812544,60.135537194555276
11.993446212,60.155115599972454
11.994331613,60.17478196998392
11.996597547,60.17478196998392
11.998849712,60.18484763284603
12.004368304000002,60.20412444536845
12.004419446,60.2142319961326
12.007214374,60.22390810150565
12.00723634,60.22390810150565
12.008501625000001,60.235368631505956
12.010080367,60.235368631505956
12.013368490000001,60.25591883625063
12.014640169000002,60.274010221145105
12.015896007,60.28408426158762
12.018353986000001,60.28408426158762
12.021779204000001,60.29388184187661
12.022285509000001,60.29388184187661
12.024653258,60.31448231210375
12.026375677,60.31448231210375
12.028715109,60.33521682361744
12.029990956,60.33521682361744
12.032803118,60.35540679240452
12.033805616,60.35540679240452
12.035871059000002,60.375320301038066
12.038067712,60.39489032887483
12.040057101,60.404713041905055
12.042598759,60.41466979622183
12.044883853,60.424777346985984
12.046220392,60.424777346985984
12.048167716,60.435714278210675
12.049849279,60.435714278210675
12.052148188,60.45555657741075
12.054573914,60.474004009472644
12.055821127000002,60.48383928887347
12.058308392,60.48383928887347
12.061061136000001,60.49337716416977
12.06287816,60.51295975837714
12.0644921,60.51295975837714
12.065866015000001,60.523205539218054
12.068316137,60.523205539218054
12.070578437,60.54301013930628
12.071781941000001,60.54301013930628
12.075291832000001,60.563250373575805
12.076274814000001,60.58271987044766
12.079645759,60.59242110856194
12.080856554,60.60265013424203
12.082290277,60.61220476469916
12.083929585,60.622417035218426
12.085954856,60.631946532934315
12.08791858,60.631946532934315
12.089919145000001,60.643092903669235
12.092075627000002,60.643092903669235
12.093846596,60.66252889021945
12.095782561,60.68198163193048
12.098425608000001,60.68198163193048
12.100726636000001,60.691917442296244
12.102262969,60.71239224881723
12.104220226,60.71239224881723
12.106058168,60.72341714463623
12.108465302,60.72341714463623
12.111300711,60.743519148829
12.112144546000001,60.7634745453646
12.114712351000001,60.77350669790506
12.115782695,60.77350669790506
12.118119528000001,60.784586047996726
12.120784562,60.80407230002938
12.12311477,60.813987166444115
12.124031557,60.813987166444115
12.126967602,60.82469371420756
12.128719507000001,60.82469371420756
12.130140374000002,60.843593535611554
12.13192145,60.843593535611554
12.133889373,60.863167752238525
12.137297474,60.88213459428579
12.138359083000001,60.88213459428579
12.142352484,60.89214999166543
12.142533466000001,60.89214999166543
12.144638113000001,60.913424857115544
12.145716909,60.913424857115544
12.147934172000001,60.93432692023744
12.149725492,60.953113644305894
12.151851799000001,60.96338874667824
12.154031337000001,60.97284284617044
12.156580904,60.98229694566265
12.157664734,60.98229694566265
12.161256464000001,60.99319198898529
12.164589567,61.011564022823485
12.164639257000001,61.02147470044801
12.167652617,61.03192573200895
12.168495525,61.03192573200895
12.171373654,61.0432605983031
12.173764396000001,61.06208921027361
12.174374611000001,61.07197475515692
12.175955121000001,61.07197475515692
12.178806818,61.082036229228805
12.180897665000002,61.101798941414984
12.181857146,61.101798941414984
12.185452653,61.112157819591424
12.186335027,61.131074396156244
12.187781596,61.131074396156244
12.189717715,61.142116047136064
12.192435033,61.160638877421626
12.194018328,61.17066684117188
12.195871714,61.18058170758661
12.198706444,61.19026619054008
12.20166899,61.201081646848834
12.20238466,61.211042589955824
12.204794936,61.22115432951017
12.206763256,61.22115432951017
12.208272126,61.23179804542054
12.210421643,61.23179804542054
12.212004391,61.25112093463522
12.21395528,61.270376803206624
12.215837205000001,61.28029585841155
12.219039068,61.289825356127444
12.220650862000001,61.30004600422712
12.221810757,61.30999019217329
12.225134342,61.30999019217329
12.226261348000001,61.32065904082488
12.22886828,61.32065904082488
12.230173192,61.340744289856836
12.232617167,61.35977815254738
12.234102054000001,61.36978098355641
12.235764689000002,61.36978098355641
12.238831029,61.38101113009544
12.241160878,61.399504638849564
12.242307409,61.40980487396315
12.243846633,61.40980487396315
12.245867594,61.42181832427047
12.247786728000001,61.42181832427047
12.249738915,61.440814487849174
12.251887832000001,61.46057301124515
12.253889817000001,61.4705088216109
12.255983440000001,61.480385988913795
12.258155141000001,61.480385988913795
12.261474786,61.49085377563556
12.263011249000002,61.51019760880125
12.264178941,61.51019760880125
12.265941882,61.52090834535489
12.26854439,61.52090834535489
12.271694869000001,61.539917075304224
12.272291412000001,61.55972586418265
12.274715955000001,61.569297249800584
12.276505912000001,61.57896916638344
12.277837465000001,61.57896916638344
12.280807091000002,61.589638015035035
12.282008512,61.60884361812398
12.284181412,61.61957948741885
12.286388610000001,61.61957948741885
12.288462682,61.63013942752511
12.29130312,61.64957541407532
12.292421763,61.64957541407532
12.294715754,61.659863082818276
12.296107164,61.67924042630561
12.298170476000001,61.68923069094404
12.301297171000002,61.69876856624032
12.302982887,61.69876856624032
12.304149625,61.71030449446432
12.305690009000001,61.71030449446432
12.308329957000002,61.73135735403356
12.310115996,61.749674933599096
12.311925588000001,61.76020136338372
12.31366994,61.77016230649071
12.317438948000001,61.779850978234386
12.320488713000001,61.789887319565054
12.321037143000002,61.79967233348343
12.321891119,61.80936519401731
12.325111091,61.81886537020175
12.326101967000001,61.82830690332335
12.328566610000001,61.82830690332335
12.330276135,61.83869091424102
12.332964875,61.83869091424102
12.334077373000001,61.85895209246157
12.335749931,61.8789326217384
12.338053142000001,61.88916583620869
12.34407296,61.899558224706766
12.344770352000001,61.909527545394155
12.34479016,61.9198906123608
12.346769133,61.9198906123608
12.348370413000001,61.931522882759495
12.350899229000001,61.931522882759495
12.351889641000001,61.95015881038059
12.353822653,61.96870258461717
12.355995961000001,61.977729427508486
12.358259013000001,61.9875437629583
12.361685934,61.99765131372246
12.362682517000001,61.99765131372246
12.367267133,62.01090464593039
12.368385737,62.01090464593039
12.371277608000002,62.02924316944695
12.371304324,62.02924316944695
12.374837731000001,62.0506436986032
12.375166218,62.06867225164461
12.376089801000001,62.07857455168872
12.377821544000001,62.07857455168872
12.381011872,62.08874912309615
12.382461628000001,62.10726776459151
12.384445413,62.11756799970507
12.386689463000002,62.11756799970507
12.388373132,62.128140506181964
12.390014034,62.14699006210349
12.391923927,62.14699006210349
12.394890642,62.1574075833428
12.396991977,62.17681424836158
12.399089371,62.17681424836158
12.400421321000001,62.18783914418058
12.402518368,62.18783914418058
12.405606974000001,62.20774846402392
12.4061579,62.20774846402392
12.408905397000002,62.22756981927298
12.412349584000001,62.24655760527126
12.413048865,62.24655760527126
12.415414822,62.26059424124751
12.418119087000001,62.27626450540361
12.418655371000002,62.28571860489582
12.421456529,62.296010462428974
12.422465158000001,62.30579547634736
12.424942419,62.30579547634736
12.426189603000001,62.31681618337615
12.428066662,62.31681618337615
12.431283697000001,62.336507686128854
12.432898485,62.355369808420996
12.434251233000001,62.36485322944464
12.435705948,62.37506549996391
12.437791517,62.38488402420393
12.440953036000002,62.394748625136195
12.4436022,62.40481428799831
12.444378823000001,62.40481428799831
12.445867573000001,62.415851750187926
12.449688039000002,62.43544691076591
12.450307176,62.43544691076591
12.452180361,62.445944019019095
12.453811239,62.445944019019095
12.456151909,62.467009444958975
12.459669764000001,62.48580873539807
12.461329307000002,62.48580873539807
12.46419822,62.49585345430914
12.465063008000001,62.49585345430914
12.467292244000001,62.51657121066201
12.468383044000001,62.51657121066201
12.470075247,62.53532861319904
12.472718859,62.55467244636475
12.474541169,62.55467244636475
12.476230684,62.565027135750974
12.478130002,62.58463905148979
12.480482613000001,62.5946293161282
12.482386942000002,62.5946293161282
12.484152655,62.60736742714096
12.486347622,62.60736742714096
12.489360668000002,62.62509438728761
12.490371727000001,62.62509438728761
12.492458993000001,62.644530373837824
12.494024114,62.644530373837824
12.495831253,62.66448995916363
12.497737654000002,62.68404323183957
12.500403665,62.693744469953856
12.503998517000001,62.70380594402575
12.504740115,62.70380594402575
12.506136284,62.71485597258598
12.508506473,62.71485597258598
12.510440159000002,62.73426682639495
12.512547583,62.75374470084722
12.513771249000001,62.75374470084722
12.517251098000001,62.76372239911502
12.518628393,62.782957323735396
12.521231993,62.7928470574089
12.523187770000002,62.80309702704
12.524858375,62.812995138293914
12.525893686000002,62.812995138293914
12.527848623,62.82668410468316
12.532494454,62.84312929502715
12.532525392,62.85314050361659
12.533974255,62.862967405437026
12.536238576,62.873284395711416
12.539100491000001,62.88327466034982
12.541176983000001,62.893336134421716
12.543637938000002,62.90323005688542
12.544298588,62.90323005688542
12.546779945,62.91414604415909
12.548587618,62.91414604415909
12.550072268000001,62.933833358121596
12.551773142,62.95322326797956
12.553954519000001,62.96249724949295
12.558140862,62.972860316459595
12.560104465,62.98270397344085
12.560910776,62.9927319371911
12.562914260000001,63.00270125787848
12.563862019,63.00270125787848
12.566326810000001,63.01836733324439
12.568200463,63.03300296621991
12.570241018,63.0427879801383
12.571831625000002,63.05279918872774
12.573905961000001,63.062584202646114
12.575748233,63.07212207794241
12.577889069000001,63.08156779985422
12.581206117,63.09176750400287
12.582595768000001,63.09176750400287
12.584289169000002,63.10292644110841
12.586385247,63.10292644110841
12.588001607,63.123145731426916
12.589946307,63.14216702774685
12.591836097000002,63.152060950210554
12.593879368000001,63.16166165735993
12.595758766000001,63.17109481290111
12.597737127,63.180942658672556
12.599887001,63.19068578468889
12.602539563,63.20074306997058
12.603888390000002,63.20074306997058
12.608861225,63.21159622539119
12.608909409,63.21159622539119
12.610737178,63.23249828851307
12.611765660000001,63.25134784443461
12.613712504,63.260948551583986
12.617536305000002,63.2703356304329
12.618204915000002,63.2806526207073
12.620693085000001,63.29060937502407
12.622182318,63.3006122060331
12.625448281,63.31092500751729
12.626163313000001,63.31092500751729
12.629626426000002,63.32210907736406
12.630740990000001,63.34111780731339
12.63226788,63.350965653084835
12.633785032,63.36045326289867
12.636250053000001,63.37026759834849
12.638540138000002,63.37988924944889
12.640453441,63.390084764807334
12.643070518,63.399626828893844
12.644846617,63.399626828893844
12.647266158,63.410802521160214
12.648252368000001,63.410802521160214
12.649672569000002,63.43040187052841
12.651876203,63.44983366828841
12.655729976,63.46041455234571
12.658215203000001,63.47029171964859
12.659603896,63.48055425565031
12.660450287000002,63.49057803061037
12.663117013,63.5007484132276
12.664027546000002,63.510508294404744
12.665813051,63.510508294404744
12.667705802,63.521679797880914
12.671504053000001,63.540994309515185
12.67334855,63.55057407271352
12.67516731,63.56003654978614
12.676918785000002,63.56975873185146
12.678203946,63.579401326902875
12.679897957000001,63.589089998646536
12.682247128,63.59890852288655
12.684485550000002,63.59890852288655
12.685944872,63.610004628139045
12.68788355,63.62941129315781
12.689765409000001,63.639401557796226
12.692080520000001,63.649282913889316
12.69365759,63.649282913889316
12.695878286000001,63.660701555987565
12.697798335000002,63.67880969604285
12.700807965000001,63.68869942971636
12.703665105,63.69835459113839
12.704924956000001,63.69835459113839
12.706539536000001,63.70968107985213
12.70821113,63.70968107985213
12.710297399000002,63.72898302511579
12.712989518,63.72898302511579
12.714054404,63.74941175494454
12.715919744,63.768453995215495
12.717961143,63.778423315902884
12.720378255,63.78804077821307
12.724955456,63.79771269479592
12.724987447,63.79771269479592
12.725824993000002,63.80918579116683
12.728697294000002,63.82806466861981
12.730188021,63.83788319285982
12.732505117,63.83788319285982
12.734391673000001,63.84920968157356
12.736053076000001,63.867950328949775
12.739108441,63.8781249003572
12.741109131,63.888002067660096
12.742321636000002,63.89775357125684
12.744116779,63.89775357125684
12.745998611000001,63.908640236999084
12.748403428000001,63.908640236999084
12.750319551,63.929073155618035
12.751944646,63.929073155618035
12.754058857,63.95001291785175
12.755876943,63.96820902250134
12.758413157000001,63.978186720769145
12.760945110000002,63.98784188219118
12.762805287,63.99838925592684
12.764070558,63.99838925592684
12.766298814,64.0089533848233
12.767927211,64.0089533848233
12.769876499,64.02816317670246
12.772689303,64.04689963528845
12.775164661000002,64.05663019493419
12.776156086,64.06690529730652
12.77817018,64.07646411655384
12.779987829000001,64.08599361426973
12.783585654000001,64.09691379033362
12.784738560000001,64.09691379033362
12.786946467,64.10743603132802
12.787831991000001,64.10743603132802
12.79084639,64.12845956936586
12.791844032,64.12845956936586
12.793804552000001,64.14787461196504
12.795831796000002,64.16703832715194
12.799839518,64.17684847381156
12.801766119000002,64.18627744056252
12.802516696000001,64.18627744056252
12.805500728,64.20029313258775
12.806691454000001,64.20029313258775
12.809368955,64.21664198075702
12.810340458,64.21664198075702
12.812754680000001,64.23627065165665
12.813784321,64.23627065165665
12.816160572000001,64.25712663808628
12.817753297000001,64.27617306714745
12.821429284,64.28631831702343
12.822259895,64.29682380285705
12.824614598,64.29682380285705
12.826504922000002,64.30789058657808
12.828089336000001,64.30789058657808
12.830568309,64.32787530464512
12.831776209000001,64.34725683692267
12.835526545,64.35792149678406
12.836088446000002,64.36784055198899
12.837798933,64.37718155414566
12.842067026,64.38784202521684
12.844477596,64.39762703913522
12.845075657,64.39762703913522
12.847092360000001,64.40795659578023
12.848074221000001,64.42688992750587
12.850254900000001,64.42688992750587
12.853637539000001,64.43660792078097
12.856660848,64.45558732919885
12.856687954000002,64.46503305111065
12.85783819,64.47513222429438
12.860909114,64.48540313787652
12.863055161,64.49548136710924
12.864132116,64.49548136710924
12.865836734,64.5064769413968
12.868188100000001,64.52631086301646
12.870165638000001,64.52631086301646
12.871884453000002,64.53705510989174
12.874174946,64.55656230587543
12.875698543,64.56648554987056
12.877781294,64.5763040741106
12.881141065000001,64.5854105040158
12.882263719000001,64.59515781882234
12.885141349000001,64.60531563506893
12.886016547,64.60531563506893
12.888515829000001,64.61518442479142
12.88992902,64.6348633611735
12.892209383,64.6348633611735
12.895116182,64.64472796210578
12.897986081,64.66433568905438
12.898684021000001,64.67436365280464
12.901423670000002,64.68445444840798
12.905330216000001,64.6943651260325
12.905709761,64.70410825204883
12.906742569,64.71445037506444
12.908120684,64.71445037506444
12.909919838,64.72505639186296
12.91233283,64.74405674423188
12.913928613000001,64.74405674423188
12.915977749000001,64.75645137444785
12.918142857000001,64.77415739064347
12.92112239,64.78394659335206
12.921935034,64.79389078129822
12.924245579,64.79389078129822
12.927528743000002,64.80537644403975
12.928520714000001,64.80537644403975
12.929774341000002,64.82562086709947
12.932029775,64.84494375631415
12.935194260000001,64.85441042217698
12.937752547,64.86453472810194
12.939314739,64.87457944701302
12.940357395000001,64.88489643728741
12.942509549,64.89464375209396
12.944054641000001,64.89464375209396
12.945926354000001,64.90612941483548
12.94806971,64.90612941483548
12.950202779000001,64.92569525388203
12.951817445000001,64.92569525388203
12.954362077,64.94498882156529
12.957169088,64.96489395261843
12.959749872000002,64.97482557419396
12.961051952,64.98459802174175
12.962767548,64.98459802174175
12.964155813000001,64.99426993832459
12.966721959000001,64.99426993832459
12.968155099,65.01527253241139
12.969962516,65.01527253241139
12.971975317,65.03491376968162
12.974193936,65.05423665889631
12.976723148000001,65.06430232175842
12.977916979000002,65.0739197840686
12.981035623,65.08389748233641
12.985569293000001,65.09315889747917
12.985598719,65.09315889747917
12.986212637000001,65.10502992891955
12.988348887,65.10502992891955
12.990286005000002,65.12430674144198
12.992309858,65.12430674144198
12.993896566,65.14364219702726
12.995932525,65.1630949387383
12.997955930000002,65.17258673734234
13.000344533000002,65.18266915536528
13.002131347,65.19321234031072
13.004765938,65.19321234031072
13.006192194,65.20346649873203
13.008936281,65.20346649873203
13.011613751,65.22398319315506
13.013153231,65.24263168714678
13.014282804,65.25213605212144
13.015808347,65.26192944362025
13.018003771,65.27194065220968
13.020997575,65.28152460419822
13.022134625000001,65.29179551778036
13.024157142,65.30196171160738
13.026196505000001,65.30196171160738
13.027972678000001,65.3130871383913
13.030230764,65.3130871383913
13.03186378,65.33206235801897
13.034651229000001,65.35167846254798
13.03580724,65.36148442041738
13.038132959,65.37126943433576
13.040043469,65.38094553970882
13.041996141,65.38094553970882
13.044509583,65.39235161543645
13.045887684,65.39235161543645
13.048408383,65.41306518299913
13.050376568,65.41306518299913
13.051843201,65.43184352948718
13.053893476,65.45135072547087
13.056020999000001,65.46101007568312
13.057784052,65.47067780347577
13.061601906,65.48044606223333
13.062902629000002,65.49008865728474
13.063793263,65.49008865728474
13.06584973,65.5021188627529
13.068969580000001,65.5021188627529
13.069702239000001,65.520775734325
13.071967505,65.54058871199365
13.073690084,65.55048263445735
13.076109664,65.56000794338304
13.078201198,65.57031655607703
13.080260987,65.58024817765256
13.084166007,65.59004994673177
13.084809008,65.59004994673177
13.085814117,65.60158587495576
13.087675554,65.60158587495576
13.089910039000001,65.62118941311415
13.092061314,65.64036988346187
13.093758576,65.65053188849868
13.096529153,65.66019123871091
13.097667905000002,65.66959088393045
13.100736147000001,65.67958952614927
13.102099712000001,65.68909807991415
13.103818906,65.68909807991415
13.105794651,65.70053766596342
13.107850754000001,65.72005323952752
13.110969603000001,65.73041211770395
13.111816537000001,65.73041211770395
13.113742707,65.74104745603391
13.115685609000002,65.7605672183882
13.117629469,65.77036898746742
13.120701986,65.78096662668553
13.123389586,65.79096108011414
13.124002853,65.79096108011414
13.126360713,65.80210745084909
13.128388887000002,65.80210745084909
13.130123413000002,65.821824086343
13.131917142,65.821824086343
13.133738088000001,65.84172502860595
13.135849184000001,65.86070443702383
13.138211081000001,65.87051877247366
13.139898164000002,65.87051877247366
13.142682677000002,65.88051322590226
13.145718274,65.89954708859283
13.146758907,65.89954708859283
13.148100197000002,65.91028714667789
13.151009379000001,65.91028714667789
13.153003238,65.92964773500441
13.154000283,65.94913817582729
13.155980799,65.95906141982243
13.159302845000001,65.9688338673702
13.16075844,65.97865658040043
13.162125412,65.988793452696
13.165789576000002,65.99837321589435
13.166167979,65.99837321589435
13.168064897,66.01114064843853
13.169857400000001,66.01114064843853
13.172388894000001,66.02929905397629
13.174312553,66.04860518803015
13.175973369000001,66.05877557064736
13.177789923,66.06842654327919
13.181036008000001,66.07838329759598
13.183298081,66.08818087788495
13.184096494,66.08818087788495
13.186189551,66.09918064096273
13.187891185000002,66.09918064096273
13.191340510000002,66.11887633250564
13.192384325,66.13772588842718
13.194121188,66.14721349824103
13.195683814,66.15759332036849
13.199644425,66.16729874727298
13.201238375,66.17710889393257
13.203131192,66.18709078099059
13.204871241000001,66.19681296305589
13.206309853,66.20733939284052
13.207893121000001,66.20733939284052
13.209780932000001,66.21821349221216
13.212047862,66.23650593903645
13.214279579000001,66.2466093010104
13.215909823,66.2466093010104
13.217842031,66.25692210249458
13.220268193,66.27559154043732
13.222762437,66.28530534492221
13.22545118,66.29521183375654
13.226563992,66.29521183375654
13.229414888,66.30646292424659
13.23014841,66.30646292424659
13.231767445000001,66.32592404353802
13.234003441,66.34414528092884
13.235767452000001,66.35398474911989
13.237891202,66.3637111199754
13.239976445000002,66.3734249244603
13.242379412,66.38320993837867
13.245453877000001,66.39364840356902
13.246334502000002,66.39364840356902
13.248310055000001,66.40466073301741
13.249804133000001,66.40466073301741
13.253068773,66.423920790379
13.255240693000001,66.44352851732761
13.256244270000002,66.45373241026647
13.257764492000002,66.46350485781424
13.261004767000001,66.47353701035469
13.262487431,66.47353701035469
13.263925774,66.48408438409035
13.265775004,66.48408438409035
13.268558405,66.50410680126923
13.269931527,66.5231574191206
13.271708768000002,66.5231574191206
13.273689418,66.5332272707729
13.277661132,66.5523030213655
13.279160690000001,66.56250691430436
13.280180563,66.57238827039745
13.283720169,66.58232826955341
13.284372789,66.59253216249228
13.285956036,66.59253216249228
13.289395381,66.60335599638144
13.291145570000001,66.62280873809246
13.293968131000002,66.63242620040266
13.294593397000002,66.64237876592922
13.296469635000001,66.65259941402891
13.297892409000001,66.66258130108692
13.30142816,66.67271817338249
13.303073734000002,66.68263722858744
13.305045669,66.69273640177117
13.305961447000001,66.70270991124876
13.30821661,66.70270991124876
13.310082962000001,66.71364265368327
13.311794679,66.71364265368327
13.313668473000002,66.73281055766037
13.316014104,66.75186536430193
13.318200727,66.76225356400981
13.319857367000001,66.76225356400981
13.322230889,66.7740701411775
13.325616268000001,66.79239609832345
13.326558064,66.79239609832345
13.328414716000001,66.80335816228937
13.330556248,66.80335816228937
13.332546887000001,66.82268524029426
13.33400735,66.84176517967705
13.335776381,66.84176517967705
13.337779344000001,66.85218688970657
13.340419047000001,66.87175272875312
13.343472818,66.88164665121683
13.344504854,66.88164665121683
13.346242948,66.89425072094302
13.347886677,66.91235886099831
13.350522996,66.91235886099831
13.352130684,66.92288110199274
13.353773928,66.92288110199274
13.357198556,66.94393815035221
13.35983809,66.96207980072914
13.361042669000001,66.97160092086462
13.362033140000001,66.98190534476839
13.364268607000001,66.98190534476839
13.369384491000002,66.99241920818241
13.369409427,67.01197666964856
13.371424697,67.01197666964856
13.372420024,67.02212191952455
13.373667666000001,67.02212191952455
13.376505048,67.04237472016469
13.377746769000002,67.06227985121784
13.380923036,67.07262616302366
13.38260342,67.07262616302366
13.385180193,67.0829892299903
13.386053526000001,67.0829892299903
13.387658979000001,67.10411748778324
13.389631781,67.12297542128519
13.392275251000001,67.13237506650474
13.393761236000001,67.14293081782078
13.395685873000001,67.15286662818654
13.398137068,67.16217830881179
13.401054054000001,67.17238220175065
13.401955081,67.17238220175065
13.404377376000001,67.18334426571658
13.405827985,67.18334426571658
13.407956542,67.20258756791736
13.411607771000002,67.20258756791736
13.413232828000002,67.22139942472705
13.414370120000001,67.2405212520119
13.417499013,67.25081729833528
13.418441239000002,67.26052691402997
13.420423439,67.27117062994033
13.422834014000001,67.27117062994033
13.424778060000001,67.28152950811678
13.426391797,67.28152950811678
13.428348405000001,67.30196242673571
13.430070176000001,67.30196242673571
13.433305194,67.32241210051548
13.434073467000001,67.34037782170381
13.435957921,67.35005392707687
13.437889602,67.35947032745723
13.443071001000002,67.36931398443848
13.443610795000001,67.37941734641242
13.444558725,67.37941734641242
13.446174836,67.39331156352169
13.449538431,67.40970229959304
13.450282858000001,67.40970229959304
13.453658038,67.42046330162913
13.454672947,67.43937568940372
13.456233693000001,67.44935338767152
13.45827704,67.45925568771564
13.462060513,67.4689401706691
13.463374082000001,67.47915244118839
13.46410048,67.47915244118839
13.467224352,67.49047892990212
13.468705109,67.50986883976007
13.469780689,67.51996382415362
13.471879507,67.52996665516264
13.476308444,67.53970559238877
13.477093058000001,67.54995137322967
13.478143151000001,67.56010918947628
13.480058883000002,67.57000311194
13.48226795,67.57976718190734
13.484248555,67.5904025202373
13.485664628,67.5904025202373
13.487819871000001,67.6013352626718
13.491737566000001,67.619359626923
13.492335054000002,67.6295216319598
13.493976283,67.63952865175904
13.495915539,67.64936811995008
13.498392128,67.65956782409874
13.500656922000001,67.66972145155513
13.501791396000002,67.68019761585731
13.504205639,67.69123088925672
13.506312182,67.69123088925672
13.507910103,67.70294693545951
13.509804536,67.72171690436716
13.512876267000001,67.73146421917369
13.513930419000001,67.73146421917369
13.515720819,67.74131625373535
13.51773142,67.75891336138565
13.521408346000001,67.76821247564028
13.522146135000002,67.77788858101333
13.524106055,67.77788858101333
13.525708272000001,67.78902238537766
13.529497823000002,67.8088353630463
13.530124268000002,67.81945394621543
13.531866469,67.82952379786774
13.533800057,67.83948892976493
13.535980767000002,67.84903099385143
13.538682852,67.85861913463019
13.539874841000001,67.86834969427589
13.542146021,67.8779629677959
13.545965878,67.8883846778254
13.546441352,67.8883846778254
13.548127116000002,67.90216160880894
13.55043172,67.9184015484329
13.552070471,67.92800644437249
13.554190093,67.93847841988443
13.555752688,67.94851895000532
13.558400714000001,67.95894903761523
13.56028736,67.96930372700147
13.563042114000002,67.97986366710772
13.565261919000001,67.99006337125638
13.566294913,67.99006337125638
13.568364636,68.00124744110316
13.570145463000001,68.00124744110316
13.572131392000001,68.02046979935292
13.573928814,68.02046979935292
13.57697345,68.03931097769406
13.577960751,68.05804324748986
13.580108278,68.06748478061145
13.582369985000001,68.07714831961388
13.584406456,68.07714831961388
13.585966083,68.08829050155862
13.58816595,68.10801551463297
13.589919564,68.11785498282401
13.592469668000001,68.12819710583962
13.593743100000001,68.13800306370904
13.59756649,68.1482111454381
13.600062459,68.15871244248149
13.602586800000001,68.16846394607823
13.602854391000001,68.17845421071665
13.604293913000001,68.18907279388579
13.606387615000001,68.18907279388579
13.608044922000001,68.20019403187949
13.610081749,68.21908547570308
13.61184328,68.22885792325084
13.613990846,68.23830783395285
13.616028012000001,68.24796299537488
13.617965811000001,68.2576935550206
13.621455992000001,68.26744086982714
13.622680801000001,68.27717980705326
13.624372608000002,68.28693131065
13.626627050000002,68.28693131065
13.628744752000001,68.29857195862911
13.630784854000002,68.31772310744539
13.633021468,68.3278976788528
13.634329118,68.33767012640058
13.636468977000002,68.34717868016544
13.637845752,68.3572904197198
13.640380119000001,68.36754876693132
13.642606478000001,68.37705313190598
13.644198173000001,68.387219325733
13.646018614,68.387219325733
13.647994721000002,68.39732268770695
13.650204419000001,68.39732268770695
13.651923218,68.41684245006125
13.654336091000001,68.43601035403834
13.655766859000002,68.44613047117312
13.659630765000001,68.45637625201402
13.661079634,68.466500557939
13.662766194000001,68.47752545375799
13.663955668000002,68.47752545375799
13.666108134000002,68.48884356489133
13.667842519,68.48884356489133
13.66992985,68.50924716197883
13.672391782,68.52891353199031
13.674295444,68.53825872293717
13.676282122000002,68.54845842708585
13.678427409000001,68.55818060915115
13.679919984000001,68.56795724548913
13.682585703,68.57786373432343
13.683980452,68.58768225856346
13.686672660000001,68.58768225856346
13.688408152000001,68.59805789190072
13.692454873,68.61707918822066
13.693661989,68.61707918822066
13.694538886,68.62722862688685
13.696066382000001,68.62722862688685
13.697979893000001,68.64641328602478
13.700179174,68.6658660277358
13.703376613000001,68.67595682333912
13.704252925,68.67595682333912
13.706060753000001,68.68684348908137
13.707976448,68.68684348908137
13.710207712,68.7069161717427
13.71229899,68.72665375118765
13.714005378000001,68.73660212792403
13.716195489,68.73660212792403
13.717917799,68.74631593240892
13.720920274000001,68.76600324637141
13.721890861,68.7758594697233
13.726691607000001,68.78581622404006
13.72671528,68.78581622404006
13.72834195,68.7974024177465
13.730113333,68.7974024177465
13.733823252,68.8157870179553
13.73474766,68.8157870179553
13.737966608,68.83849026086526
13.738763482000001,68.85628424165519
13.741277031000001,68.86646300185282
13.743457196000001,68.87663338447004
13.744626114,68.87663338447004
13.745976133000001,68.88767084665963
13.748390891000001,68.90586276251904
13.749914207000002,68.91547603603902
13.752092198000001,68.92511863109044
13.753890308,68.93447219961773
13.756417013,68.94421113684386
13.759067178,68.95447786163578
13.76138437,68.9647278312669
13.763374070000001,68.97494847936657
13.765611186000001,68.98542464366875
13.766501454,68.98542464366875
13.767836725,68.9965835807743
13.770522814000001,69.01587295966733
13.772023667000001,69.02628629211644
13.773886883000001,69.0363142558667
13.777182506,69.0363142558667
13.777830465000001,69.04606157067325
13.780118716,69.06612587575417
13.785198315,69.07545850033043
13.785440634,69.08564563810846
13.786430943000001,69.08564563810846
13.787983384,69.09605897055756
13.791651077000001,69.11482475067501
13.793348342000002,69.12490716869793
13.79620347,69.13471312656733
13.796914372000002,69.13471312656733
13.799426204000001,69.14458191628982
13.800976085,69.16506091160102
13.803554432,69.17518521752598
13.804637572,69.17518521752598
13.806361465,69.18576191279307
13.808365362,69.18576191279307
13.810205934,69.20604822375485
13.812003203000002,69.22579836957041
13.814341107,69.23592267549539
13.816042773000001,69.23592267549539
13.817965094000002,69.24579146521786
13.820067963000001,69.26548715676077
13.823185595,69.27537270164407
13.824102845,69.27537270164407
13.827844760000001,69.28864697780304
13.829624809,69.28864697780304
13.830496581,69.30605977868434
13.832031158000001,69.32479204848013
13.833927132000001,69.33449328659442
13.837174119,69.34365417077228
13.837954173000002,69.35358160355764
13.840665131000002,69.36395304810468
13.843526188,69.37399357822555
13.845618213000002,69.38500590767394
13.846336935,69.38500590767394
13.849325921,69.39646643767423
13.850428073000002,69.39646643767423
13.854998827000001,69.4154332797215
13.8550886,69.4154332797215
13.857485637000002,69.43535935472568
13.858504907,69.43535935472568
13.861007011000002,69.45511787812164
13.862021788000002,69.47385014791746
13.864618143000001,69.484292801898
13.866272684,69.484292801898
13.868083821,69.4954098511015
13.869757665000002,69.51456099991779
13.872229697000002,69.52483191349992
13.874221584,69.53510282708206
13.876272811000002,69.54545751646828
13.877807957000002,69.55604677810598
13.880623487000001,69.56601191000317
13.881861120000002,69.56601191000317
13.884576133000001,69.57719597984995
13.886072268000001,69.57719597984995
13.887830495000001,69.59690004897327
13.889801652000001,69.61567420667112
13.892115851000002,69.62510317342208
13.895351801,69.63507249410948
13.896467409000001,69.63507249410948
13.898810217000001,69.64490358472011
13.901298408,69.64490358472011
13.903630063000001,69.66613656226816
13.9046693,69.66613656226816
13.905886659,69.68557673760859
13.908133764,69.70419591006888
13.910107219,69.70419591006888
13.911893008000002,69.71465531921021
13.913898942000001,69.73388605504039
13.916546744000001,69.73388605504039
13.91787794,69.7436920129098
13.920468904000002,69.76418357459161
13.92216973,69.77391832302753
13.924432920000001,69.77391832302753
13.926077836000001,69.78528669964332
13.927802206,69.78528669964332
13.930112601000001,69.80538451504589
13.931818771000001,69.80538451504589
13.933762163,69.82522681424597
13.935969578000002,69.84428162088754
13.937956467000001,69.85420905367288
13.942208783000002,69.86373855138876
13.943166487000001,69.86373855138876
13.945350124,69.87346073345408
13.946208073000001,69.87346073345408
13.948490397,69.89360462554889
13.949914858000001,69.89360462554889
13.951907358000001,69.91341760321754
13.954831334000001,69.93320125935475
13.956188387000001,69.94268468037838
13.95897601,69.95320692137281
13.960176013000002,69.95320692137281
13.962834856,69.96351134527659
13.963909364000001,69.9827043819949
13.965903520000001,69.9827043819949
13.967855185000001,69.99353659346448
13.969950158000001,70.01231075116235
13.972033832000001,70.02222561757706
13.974475182,70.03241275535511
13.975764377,70.0423778872523
13.977977737000002,70.05278284212099
13.981210097000002,70.0622369416132
13.982105974000001,70.07192561335685
13.985239545,70.08257351805742
13.986213059,70.08257351805742
13.988387411000001,70.09293239623386
13.989879101000001,70.11198720287543
13.991777874,70.12194395719222
13.994712519,70.13136035757258
13.996325971000001,70.14130454551874
13.997820141,70.15199014933116
14.001034225000001,70.16226525170349
14.002520667,70.172175929328
14.004402689,70.172175929328
14.006037844000002,70.1834521525593
14.008450096,70.1834521525593
14.011312219,70.20420341923382
14.012350631,70.22369386005667
14.014076357,70.23367155832447
14.016175007000001,70.2436618229629
14.018241622000001,70.25343845930087
14.021096178,70.26280878298897
14.022601731000002,70.27233828070486
14.024014690000001,70.27233828070486
14.025944778000001,70.28286471048949
14.027857370000001,70.28286471048949
14.029922398,70.30285361734673
14.032215975000002,70.30285361734673
14.035156178000001,70.32233149179899
14.036301727000001,70.34108889433602
14.038056347000001,70.35147709404389
14.04157617,70.36107780119326
14.042617923000002,70.36107780119326
14.043955535,70.37202729878857
14.045840444000001,70.37202729878857
14.047823194000001,70.39251886047039
14.050009126,70.41122599752497
14.052180503,70.41122599752497
14.054366016000001,70.42179012642143
14.055953466,70.44115909232838
14.057998056,70.45104463721167
14.06047037,70.46058670129817
14.062655664000001,70.47041360311859
14.064134091000001,70.48052534267295
14.066601630000001,70.48052534267295
14.070078046,70.49156699365277
14.070644915,70.51039979441349
14.072655354,70.52019318591228
14.074201542,70.5300954859564
14.076833446,70.53965430520371
14.078141297,70.53965430520371
14.081516839,70.55098917149787
14.082708899,70.56957902242671
14.084439566,70.57978291536557
14.086150958000001,70.57978291536557
14.088610540000001,70.59124344536586
14.090142606,70.60986680661635
14.091810149,70.60986680661635
14.093740077000001,70.62014609777889
14.097837543,70.63976639109812
14.098646589000001,70.64976922210714
14.10010366,70.66036686132524
14.102459602000001,70.67067128522903
14.104517447000001,70.67067128522903
14.10794514,70.68113488316058
14.108654151000001,70.68113488316058
14.111361164000002,70.70196154805879
14.112914749000002,70.72145617767185
14.114013023,70.73109039514287
14.116048674000002,70.7411016037323
14.11920064,70.75063529023839
14.121229979,70.75985900626934
14.122793279000001,70.76978643905468
14.124096958,70.77971387184003
14.126369763000001,70.77971387184003
14.128392158,70.79041204202305
14.129890831,70.80974749760834
14.132055645000001,70.81944873572263
14.134407599000001,70.82962749592026
14.136087850000001,70.83969734757255
14.138107359000001,70.8492645444003
14.140096940000001,70.85943492701752
14.144711862000001,70.87039280219324
14.144754447,70.87039280219324
14.147231804,70.88066371577538
14.148135903,70.88066371577538
14.150342293000001,70.90044318312238
14.1524757,70.91869793083484
14.153977921000001,70.92852483265526
14.155800609000002,70.92852483265526
14.158542645,70.93892140994355
14.160224332,70.95828199827007
14.163192007000001,70.968201053475
14.165865474,70.97813686384076
14.166547744,70.97813686384076
14.168160334000001,70.98909473901648
14.172242183000002,71.00825426541316
14.172947445,71.01807278965317
14.175681588000002,71.02820128436835
14.176361793000002,71.02820128436835
14.178050217000001,71.03843031004845
14.180352110000001,71.05766523466883
14.182540789,71.06703974714715
14.184668971,71.07739443653338
14.186316688000002,71.07739443653338
14.188489859,71.08841933235237
14.189938271,71.08841933235237
14.194044517,71.10756210358825
14.19544063,71.12715726416623
14.196511251,71.12715726416623
14.198373786000001,71.13751195355246
14.202110615,71.1565290610822
14.202808349000001,71.1565290610822
14.20403306,71.16715183304154
14.205926387000002,71.16715183304154
14.210329530000001,71.18725802602451
14.211040208,71.20654321612736
14.212218246,71.21668846600333
14.214098548,71.22669129701237
14.216576985000001,71.23645955576994
14.218096316,71.24608539566053
14.219980043000001,71.25663276939618
14.222640813000002,71.26629211960844
14.224341473,71.2768562485049
14.226349636,71.2768562485049
14.228160909000001,71.28771359271569
14.230430506000001,71.30752657038434
14.231786891,71.30752657038434
14.235408978,71.31783937186852
14.237149738000001,71.33745966518774
14.238273361000001,71.3470519947567
14.239829876000002,71.35687051899673
14.243409662000001,71.36712467741803
14.245545700000001,71.376717006987
14.246653053000001,71.376717006987
14.248970855000001,71.3877335252256
14.250100558000002,71.3877335252256
14.252380264000001,71.40688467404186
14.253837410000001,71.4259855573757
14.256329807,71.43598001080431
14.257799989,71.44558909553409
14.260417351000001,71.45545788525658
14.262139041000001,71.46557800239134
14.264703071000001,71.46557800239134
14.265839450000001,71.47661965337116
14.267732643,71.47661965337116
14.269866971,71.49635723281611
14.272206859,71.51544973856953
14.273874599,71.51544973856953
14.276624137,71.52650814471016
14.278186943000001,71.54486342338753
14.280576986000002,71.55494165262026
14.283047468000001,71.55494165262026
14.284387164000002,71.56460100283249
14.286194553000001,71.56460100283249
14.288350453000001,71.58532713676577
14.290164145,71.58532713676577
14.291903484,71.60477150089639
14.295105024000001,71.62388076181063
14.295989127,71.63390872556089
14.298267567000002,71.64381102560499
14.300251178000002,71.6537887238728
14.303049813000001,71.6636658911757
14.304493922,71.67373574282799
14.306251572,71.67373574282799
14.30953814,71.6853722020169
14.310700591000002,71.70431391132293
14.313681870000002,71.71404865975886
14.314363498,71.71404865975886
14.315938976000002,71.72467980929859
14.317963009000001,71.74362151860464
14.322092655,71.75320547059322
14.323426199,71.76252134000863
14.324619727000002,71.7728844069753
14.327598661000001,71.78326422910276
14.328731354,71.78326422910276
14.330697428,71.7942556146001
14.332243968,71.8132392118082
14.334208847000001,71.82335095136254
14.336331986000001,71.83307732221807
14.338148848000001,71.83307732221807
14.341003153,71.844387055771
14.343541603,71.86283448783287
14.344336281,71.86283448783287
14.345844015,71.87325619786237
14.348267842,71.87325619786237
14.349855705000001,71.89325348230004
14.351850619,71.91299943932539
14.354967327,71.92291011694992
14.355865617000001,71.92291011694992
14.357750297,71.93333182697943
14.359785678000001,71.95245784305448
14.362682509,71.9620250398822
14.363935278000001,71.97204462605207
14.368549188000001,71.97204462605207
14.370714951,71.9830192563886
14.371589346,71.9830192563886
14.373521283,72.00248875326045
14.374240080000002,72.00248875326045
14.378174370000002,72.02236875157236
14.380011443,72.04189689150708
14.383353395,72.0519751207398
14.383377996,72.0519751207398
14.385005179,72.06196119658802
14.386121519000001,72.06196119658802
14.389387325000001,72.08324862840873
14.391467442000001,72.10199765336536
14.392905898,72.10199765336536
14.393951778000002,72.11325712143582
14.39610835,72.1324920460562
14.398729192000001,72.1324920460562
14.402201158,72.14289700092489
14.403323277,72.14289700092489
14.404642706,72.16258431488738
14.406220494000001,72.16258431488738
14.408624075,72.18256484416422
14.410938393,72.20157357411354
14.413997335000001,72.20157357411354
14.414738537000002,72.21300059379219
14.418118946000002,72.23158206714062
14.418899865,72.241367081059
14.42051936,72.25131126900517
14.423997576000001,72.26096224163699
14.424838299000001,72.2715598808551
14.427054666,72.2715598808551
14.428501631000001,72.28227480619896
14.430576061000002,72.30119976034418
14.43210191,72.30119976034418
14.434124955000001,72.31274406614855
14.436328518000002,72.33091503805693
14.438123704,72.34064978649285
14.441818107000001,72.35061072959984
14.442696306,72.36047951932231
14.44470746,72.37063314677872
14.445942196,72.37063314677872
14.447891164000001,72.38172506324099
14.451388519000002,72.40006358675754
14.453391402000001,72.41010830566863
14.454798274000002,72.42014464699929
14.455854275,72.42014464699929
14.458357623000001,72.43035691751857
14.461206838,72.43035691751857
14.462407942,72.4504379777603
14.464030163,72.4504379777603
14.465978764,72.47018393478567
14.468429003,72.47018393478567
14.469909588,72.49005555551717
14.471871088,72.50952505238902
14.47493318,72.5193100663074
14.476472726,72.52881024249186
14.478088277000001,72.5388214510813
14.480886018000001,72.54864835290174
14.483476201,72.55796422231717
14.484213350000001,72.55796422231717
14.486042044000001,72.56907289394026
14.488729585000002,72.56907289394026
14.490942286000001,72.5885256356513
14.492127360000001,72.5885256356513
14.494230567,72.6079616222015
14.496604712000002,72.62686982118589
14.498171511,72.63694805041862
14.500130992,72.64639796112063
14.502434943,72.65569707537524
14.506382698000001,72.66649577652319
14.507070595,72.66649577652319
14.509982787,72.67706828300007
14.510677147,72.67706828300007
14.512069663,72.69663831083683
14.514870363000002,72.71611618528908
14.516511057,72.72656302805981
14.518424210000001,72.73662450213172
14.521302804000001,72.74634249540684
14.524279446000001,72.75590131465415
14.524984053,72.75590131465415
14.525976178,72.77062072343377
14.528724592000001,72.77062072343377
14.530310625,72.78632868670172
14.532557342,72.78632868670172
14.534923539000001,72.80575629567151
14.536096995000001,72.82495770997025
14.538935485000001,72.82495770997025
14.540299427,72.83527888903485
14.544029462000001,72.8550164684798
14.544859751,72.8550164684798
14.547785332,72.86583192478857
14.548647195000001,72.86583192478857
14.551700629,72.88603027115605
14.556705461000002,72.90519817513315
14.556762256,72.91511723033808
14.557358943,72.9250279079626
14.558457773,72.9250279079626
14.56025578,72.93549988347458
14.562478179000001,72.95517881985666
14.564892247000001,72.95517881985666
14.566289415000002,72.96567592810985
14.568334561,72.96567592810985
14.570575794000002,72.98553079368054
14.572177116,73.0047573407205
14.574033971,73.0047573407205
14.575871729000001,73.01489421301609
14.578247064000001,73.03387781022418
14.580972625000001,73.0438806412332
14.582112288000001,73.0535902569279
14.584614638000001,73.0638109050276
14.586978477,73.0638109050276
14.588535818,73.07548925211853
14.58989779,73.07548925211853
14.591897966000001,73.09448960448745
14.593978742000001,73.11315485363997
14.595962961000001,73.1228058262718
14.597844038000002,73.13306836227352
14.600003328000001,73.14271933490535
14.603073816,73.1525546143062
14.604054266,73.16268310902137
14.605926425000002,73.16268310902137
14.609027563000001,73.17338965678479
14.610717142,73.19249891769903
14.611904824000002,73.19249891769903
14.614558382,73.20301278111305
14.617588567,73.2221387971881
14.618443671000001,73.23219189367958
14.620776583000001,73.2422617453319
14.622070466,73.2518959628029
14.624943227000001,73.2618569059099
14.626187162,73.2618569059099
14.627957258,73.27294882237217
14.629855994000001,73.29204132812558
14.632813115000001,73.3017760765615
14.633776649000001,73.31136840613046
14.635824765,73.32201631083103
14.637793981000002,73.33219507102865
14.640853598000001,73.34213925897483
14.643203428000001,73.34213925897483
14.644425848000001,73.3544626797573
14.647783211,73.3544626797573
14.648207213000001,73.37389866630751
14.649832342000002,73.37389866630751
14.651854763000001,73.39395459380803
14.653774898000002,73.41248580167401
14.655851063,73.4221954173687
14.658208442000001,73.43141913339964
14.660825474000001,73.43141913339964
14.661910465,73.442594825666
14.664908238,73.46176272964311
14.665873853,73.46176272964311
14.668027318,73.47286302368579
14.669985845000001,73.49256709280911
14.672380202000001,73.50293853735616
14.675672279,73.51287434772192
14.676274132000001,73.52286042357012
14.678451619,73.53283812183793
14.680782641,73.53283812183793
14.683438484000002,73.54541287003269
14.684787238,73.54541287003269
14.686963732,73.56215965327144
14.687911364000001,73.56215965327144
14.69133058,73.58109298499706
14.692355632000002,73.60042844058236
14.695050962000002,73.61049829223467
14.696489450000001,73.62016602002731
14.698857322,73.63100660907729
14.700152489,73.63100660907729
14.70311741,73.64139480878517
14.705480626000002,73.66042029389531
14.706504668000001,73.66042029389531
14.707850059,73.67101793311343
14.710200584,73.67101793311343
14.714131707000002,73.69001828548232
14.714871063,73.70965533396237
14.71709764,73.71973356319508
14.718218773,73.72976152694534
14.719948766000002,73.73963031666781
14.724501902,73.74918075833475
14.726272895000001,73.75996270432185
14.727300403000001,73.75996270432185
14.727989314,73.77115515174904
14.730073113000001,73.78998795250978
14.731740680000001,73.79958865965914
14.733806102,73.80996010420618
14.735729046000001,73.82023101778832
14.738379525000001,73.83076163636315
14.740649085000001,73.84125036703594
14.743417589000002,73.85181449593242
14.744584557000001,73.86201838887126
14.74692667,73.86201838887126
14.748418568000002,73.87287573308208
14.749814762000002,73.87287573308208
14.753412562000001,73.89218605592615
14.754722242000001,73.89218605592615
14.755807661,73.91162204247635
14.757846301,73.93087372225754
14.761878721,73.94079277746249
14.764461906000001,73.950519148318
14.765079566,73.96007796756531
14.765938208000001,73.96007796756531
14.768300372,73.97053318791646
14.769999169,73.98982675559972
14.771871626000001,73.98982675559972
14.775206659,74.00011442434266
14.778080431000001,74.01996091233295
14.778919169000002,74.0298045693142
14.781719269000002,74.04047760675599
14.782548821,74.05037152921969
14.785049823000001,74.05975441927842
14.785996334000002,74.05975441927842
14.787809721,74.0705782531676
14.790075528000001,74.08920161441806
14.792390911000002,74.09879394398702
14.793756080000001,74.10815170130452
14.796445833000002,74.11823830811765
14.801748635000001,74.12899512136353
14.801820095,74.13904821785502
14.803385194,74.14885836451464
14.804596290000001,74.14885836451464
14.806266009000002,74.15978272936871
14.808549824000002,74.15978272936871
14.810086207000001,74.17946166575081
14.81192088,74.198713345532
14.813892772,74.20829729752056
14.816276206000001,74.21799015805442
14.817859413,74.22790921325937
14.821918149,74.23797068733126
14.822730584,74.23797068733126
14.826231998,74.24996738247776
14.827008112000001,74.24996738247776
14.829216665,74.26980549288763
14.830517677000001,74.26980549288763
14.83258451,74.28897339686473
14.834363297000001,74.30944820338573
14.836159342,74.32016312872958
14.837939545000001,74.330501062955
14.842721215000001,74.34086412992163
14.843692678000002,74.35027215272159
14.844547947,74.3599231253534
14.846076833000001,74.3599231253534
14.849662504000001,74.37083911262708
14.851978893,74.38960489274453
14.852783766000002,74.38960489274453
14.854036735000001,74.39953232552986
14.856616242000001,74.41853267789878
14.858493315,74.42832606939758
14.860320430000002,74.43810270573555
14.864640017000001,74.44808040400335
14.866563412000001,74.45842671580917
14.866940395,74.45842671580917
14.868051445,74.47116901561212
14.870110294000002,74.48913892559065
14.872744235,74.49904122563477
14.874314125000001,74.50910269970667
14.876050977,74.51896311184873
14.877834949,74.52880676883
14.88110166,74.53893526354516
14.882314614,74.54897160487583
14.884561833000001,74.55939331490534
14.886262034000001,74.55939331490534
14.888647322,74.56953856478134
14.89070983,74.5879776192628
14.891827209,74.5975280609297
14.893970834000001,74.60742198339342
14.896015341000002,74.61705620086443
14.898234930000001,74.62754493153722
14.899967115,74.6374220988401
14.902644876,74.6473076437234
14.905449033000002,74.6577293537529
14.906576770000001,74.6577293537529
14.90835034,74.66867885134822
14.910254841,74.68760380549344
14.912349278,74.68760380549344
14.914552663,74.69748097279633
14.916561972,74.69748097279633
14.919923587000001,74.71695046966816
14.921576911,74.73626917009264
14.923382245,74.74591176514407
14.924598294,74.75652615952299
14.926021975000001,74.75652615952299
14.927976168,74.76750916743994
14.930462651000001,74.76750916743994
14.931885907000002,74.78666869383665
14.934291329,74.80589524087661
14.936155516000001,74.81595671494851
14.938084300000002,74.8256663306432
14.942131556000001,74.83576131503673
14.942731107,74.84581441152822
14.944002912,74.85558267028578
14.946083381000001,74.85558267028578
14.947896900000002,74.86658243336356
14.950887304,74.88553252025001
14.952004025,74.88553252025001
14.953876373000002,74.89560237190231
14.956264618,74.91480378620105
14.958048241,74.91480378620105
14.961215395000002,74.92706856392067
14.962532807,74.94536519953516
14.964246533,74.94536519953516
14.967696399000001,74.95630631955008
14.968587965000001,74.95630631955008
14.971063459000002,74.97723351541319
14.971963325,74.99705487066223
14.973909605000001,74.99705487066223
14.975801936000002,75.00749333585257
14.977771553,75.02663610708845
14.980246896,75.03643787616764
14.982456593,75.04617262460357
14.985948179000001,75.05590737303947
14.986639960000002,75.05590737303947
14.987956649000001,75.06665580870497
14.989988634000001,75.08524565963381
14.992828826,75.09459503937089
14.995127149000002,75.10416223619863
14.996360682,75.10416223619863
14.998292998,75.11703019970774
15.003251800000001,75.13387751391139
15.003269128000001,75.14420707055639
15.004379572000001,75.14420707055639
15.005902168,75.15539951798358
15.007925306,75.17435798245043
15.010495835,75.18420163943169
15.013259308,75.19386098964392
15.01487778,75.20360411566024
15.016122341,75.21319644522922
15.018690040000001,75.22313225559498
15.021248015000001,75.23285862645048
15.023740584,75.24307089696974
15.024731908000001,75.24307089696974
15.026505811000002,75.25495030599052
15.028413021,75.2732972070875
15.030563186,75.28311573132751
15.032856837,75.28311573132751
15.034352976000001,75.29286723492424
15.036145471000001,75.29286723492424
15.038104382,75.31280587629904
15.040684938,75.33155490125566
15.042989041,75.34170015113166
15.044405149000001,75.35186215616848
15.046027863,75.35186215616848
15.04817382,75.36302109327401
15.050277672000002,75.38192929225842
15.052017864000002,75.39163890795312
15.054241443,75.40145743219314
15.05644376,75.41167808029282
15.058518455000002,75.42136256324628
15.061094242000001,75.43154970102432
15.063757046000001,75.44207194201874
15.064975728,75.44207194201874
15.066634768,75.45239312108333
15.0683261,75.45239312108333
15.070413196,75.47228149697567
15.072179914000001,75.49247984334315
15.074066191000002,75.50228999000275
15.076452249,75.51242686229834
15.078502063,75.52191866090239
15.080499622000001,75.52191866090239
15.082427191,75.53365565105621
15.084918188000001,75.53365565105621
15.086059792,75.55236278811077
15.088327254000001,75.57168986611566
15.090062007,75.57168986611566
15.092442774,75.58217859678844
15.094589156000001,75.60158107301702
15.096743493000002,75.61103936129942
15.097923491000001,75.62151133681138
15.099838086,75.63128797314936
15.102642312,75.64098921126364
15.105505702,75.6515533401601
15.106558712000002,75.6515533401601
15.11071959,75.66211746905658
15.111045309000001,75.66211746905658
15.112552115000002,75.6817461399562
15.114867613000001,75.70073811474471
15.116061098000001,75.71035557705491
15.119776862,75.72017410129493
15.121105120000001,75.73033610633173
15.122561151000001,75.74040595798404
15.124568150000002,75.74040595798404
15.126877226000001,75.7506014733425
15.128535024000001,75.7702217666617
15.130287313,75.7702217666617
15.131997122000001,75.78056807846754
15.136221598,75.79934223616539
15.136703691000001,75.79934223616539
15.140037342000001,75.80988960990103
15.141722816000001,75.82918317758428
15.142476967,75.8388257726357
15.144038884,75.84886211396638
15.146563901,75.84886211396638
15.150175256,75.85986187704414
15.150912414,75.85986187704414
15.152172008,75.88006022341162
15.154969089000002,75.89936216867527
15.156065347,75.90876181389481
15.158786384,75.91861384845647
15.160017326,75.9287926086541
15.166398686,75.93846871402717
15.166419573,75.94816157456103
15.167201312000001,75.95808062976597
15.168259302000001,75.96855260527794
15.170641848,75.96855260527794
15.172882940000001,75.97935130642588
15.174409224000001,75.99892971184305
15.176130239,75.99892971184305
15.177963901000002,76.00920062542518
15.180868405000002,76.02857796891253
15.183471926000001,76.0385305344391
15.184330821000001,76.04936274590868
15.186538067,76.04936274590868
15.188077233000001,76.05988498690311
15.189930997000001,76.05988498690311
15.192376113000002,76.0794885250615
15.195117484,76.09895802193334
15.196974383,76.10880167891459
15.199001209,76.11874586686076
15.202196622,76.1286649220657
15.202922837000001,76.1384583135645
15.203951406000002,76.14823494990246
15.206219452000001,76.14823494990246
15.208008099,76.15941064216882
15.209969634,76.15941064216882
15.211791946000002,76.17810940164298
15.21430645,76.19731081594175
15.216472446000001,76.2069952988952
15.218008006000002,76.21693110926094
15.220741488000002,76.22725228832554
15.221998534,76.23732213997785
15.224893825,76.23732213997785
15.226059744,76.2481375962866
15.227823976000002,76.2481375962866
15.231286793,76.26816839104589
15.233638451000001,76.28714361067358
15.234486123000002,76.29700402281566
15.237139583000001,76.30655446448256
15.238494218000001,76.31649865242873
15.240374883000001,76.32630042150791
15.24303665,76.33642053864268
15.244176118,76.34635634900845
15.246552252,76.34635634900845
15.248640428000002,76.35723044838008
15.249950351,76.35723044838008
15.252129729000002,76.37714395701362
15.254471071000001,76.39615268696294
15.255897075000002,76.40567799588862
15.257855485,76.41558867351316
15.260204198,76.42557474936137
15.263106042,76.43555244762916
15.264536404000001,76.44560554412065
15.265968669000001,76.44560554412065
15.268102331000001,76.4571247171838
15.269956074000001,76.4571247171838
15.273055087000001,76.47677852082467
15.274626970000002,76.49660825365413
15.276275084000002,76.49660825365413
15.277819993000001,76.50828660074507
15.281114926,76.52724506521193
15.28264487,76.53734842718589
15.284002728,76.54772824931335
15.285820179000002,76.54772824931335
15.288491906,76.55893745190134
15.289966686000001,76.57809697829803
15.291966846000001,76.58798252318134
15.293873471000001,76.59764187339357
15.296002240000002,76.60692423248739
15.297934374,76.6168349101119
15.300889792000001,76.62643561726128
15.30238723,76.63612847779515
15.304944366,76.63612847779515
15.306010129,76.64765602843873
15.308335953,76.64765602843873
15.310708916000001,76.66663124806641
15.312102824,76.66663124806641
15.31388053,76.68634369477013
15.316174477,76.70557024181011
15.319494898,76.71592493119633
15.3200769,76.72591100704454
15.323270842000001,76.73571277612375
15.324082038,76.74574911745441
15.325849790000001,76.74574911745441
15.327982109,76.75637188941376
15.331836370000001,76.77528008839816
15.332531639,76.78490592828875
15.334254358,76.79441448205363
15.335755255,76.80400681162259
15.338566301,76.81376669279973
15.340564025,76.82340928785115
15.342560624,76.82340928785115
15.344311812,76.83454309221548
15.346847913000001,76.83454309221548
15.347933504,76.85474981616336
15.350214749000001,76.87407689416825
15.352089661,76.87407689416825
15.354121073000002,76.88520232095216
15.356033202,76.90384243736347
15.358150697000001,76.91369447192513
15.361880704,76.92389836486399
15.363185138,76.93483110729848
15.370439639,76.94469151944054
15.370464469000002,76.95445140061769
15.371411394,76.95445140061769
15.373854358,76.9657611341706
15.373879304,76.9657611341706
15.375273558000002,76.98653753358636
15.376255147,76.98653753358636
15.37839063,77.00639239915704
15.382812084000001,77.02585351844849
15.383622933000002,77.02585351844849
15.384504627,77.03781670327335
15.386183486,77.03781670327335
15.388148011,77.0548315690852
15.390159729,77.0548315690852
15.394257853000001,77.07349681823771
15.395095459,77.07349681823771
15.397889710000001,77.09336006138881
15.40112363,77.1133908561481
15.402095072000002,77.1133908561481
15.403993047,77.12449952777119
15.404390066000001,77.12449952777119
15.406114794,77.1445387001109
15.408710763,77.16412548310848
15.411391062000002,77.16412548310848
15.413221479,77.17450530523594
15.414673873000002,77.17450530523594
15.416156731000001,77.19422612952008
15.41970655,77.21285786835095
15.420788895000001,77.22291096484246
15.422114398000002,77.2328383976278
15.424741018,77.2328383976278
15.426152093,77.24321821975526
15.429230290000001,77.24321821975526
15.430764424000001,77.26361762805256
15.431974041,77.26361762805256
15.433954857000002,77.2836819331335
15.435993080000001,77.3025063563138
15.438260541000002,77.31254269764447
15.440198244000001,77.32261254929678
15.443713887000001,77.33264889062745
15.445364571,77.33264889062745
15.446301279000002,77.3426768543777
15.448067233000002,77.3426768543777
15.452193780000002,77.36401455168088
15.452684736,77.3825708922881
15.453811725000001,77.3825708922881
15.456036762,77.39276640764655
15.45815357,77.41287260062951
15.461170806,77.42304298324675
15.462440431000001,77.43279448684348
15.464417361,77.43279448684348
15.466147708000001,77.44336699332035
15.467985672000001,77.44336699332035
15.469870344,77.46354020694662
15.471898672000002,77.48354586896465
15.475048376,77.4931968415965
15.476122085,77.50390338935993
15.478119066000001,77.51426645632657
15.481445341,77.52394256169963
15.483727041000002,77.53475801800838
15.484952839000002,77.53475801800838
15.487397477000002,77.5456069846388
15.489103693,77.5640879270223
15.490518371,77.5640879270223
15.492874776,77.5745850352755
15.495221144,77.5745850352755
15.496093444000001,77.59527765888714
15.501831519000001,77.61191553358056
15.502712578,77.62135706670215
15.503265714000001,77.62135706670215
15.505723770000001,77.63503765551097
15.506465295000002,77.63503765551097
15.508042741,77.65314160677606
15.510465663000002,77.65314160677606
15.511793632000002,77.67314726879411
15.514453488000001,77.67314726879411
15.51614256,77.69253298986186
15.51785794,77.7127732241314
15.520065538,77.7226671465951
15.522436076000002,77.73282915163192
15.523908372000001,77.73282915163192
15.526086917,77.74367811826231
15.528628513000001,77.74367811826231
15.530540056000001,77.76366702511956
15.531985628000001,77.78260873442561
15.534210705000001,77.78260873442561
15.536829776000001,77.7926702084975
15.538626248000002,77.81157002990149
15.540343526000001,77.82200849509182
15.542064948,77.83117356805988
15.544902992,77.83117356805988
15.546365635,77.84155339018734
15.5483597,77.84155339018734
15.550533398,77.86266489281948
15.553148195,77.881330141972
15.55426472,77.881330141972
15.557141047000002,77.89138323846349
15.558004797,77.91106217484558
15.560278206000001,77.92122417988239
15.564049937000002,77.93110134718528
15.564656453000001,77.93110134718528
15.565892152000002,77.94184978285075
15.567715665000001,77.94184978285075
15.571225278000002,77.96172140358226
15.57377435,77.98080553175528
15.574470434,77.98080553175528
15.575707623000001,77.99116859872191
15.57811434,78.0107721368803
15.581187942000001,78.02052364047705
15.582208414,78.02052364047705
15.585886330000001,78.03171608790423
15.586438231,78.03171608790423
15.588023309,78.05131962606265
15.589753001000002,78.07052104036138
15.591932863,78.08044847314673
15.594138488,78.08044847314673
15.596331616,78.09004080271569
15.597771533000001,78.11043183343259
15.600468021000001,78.12042628686122
15.602838502,78.13052964883516
15.604277706000001,78.13052964883516
15.60612026,78.14161318771701
15.608341693000002,78.14161318771701
15.610177187000001,78.16197070811229
15.613224286000001,78.16197070811229
15.614320519000001,78.18381106024003
15.615673666000001,78.20116940684866
15.617642883,78.2108957777042
15.62252151,78.22052161759478
15.622855929000002,78.23009719200293
15.623823614,78.23009719200293
15.625938114,78.24121424120644
15.628693115,78.24121424120644
15.631025486,78.25976220423323
15.632482777000002,78.2791814356226
15.634973358000002,78.28869836696789
15.635978093,78.28869836696789
15.638169548,78.30020916245064
15.640672576000002,78.31926815788242
15.643504957000001,78.32924585615022
15.644726431,78.32924585615022
15.647033316000002,78.34018697616513
15.647718711000001,78.34018697616513
15.651689847,78.36077906881185
15.652298891000001,78.37944431796438
15.653658736,78.37944431796438
15.655647316000001,78.38914555607867
15.658219455000001,78.40888313552362
15.660231002000002,78.4188357010502
15.662568986,78.4289139302829
15.664139823000001,78.4289139302829
15.666263649000001,78.4393105075712
15.668103645,78.4393105075712
15.670886105000001,78.46031310165799
15.672074555000002,78.47933020918772
15.673820032000002,78.47933020918772
15.675751417,78.48941681600084
15.678177441,78.50955651930545
15.682624559,78.51970176918145
15.682659325000001,78.53003132582646
15.684708786000002,78.53003132582646
15.6858854,78.54103946648463
15.688219811000002,78.54103946648463
15.689995739,78.56097810785941
15.692440903000001,78.5799617050675
15.694381113,78.5799617050675
15.695807014000001,78.58953727947565
15.697743477000001,78.60867167313113
15.700653056,78.61813833899392
15.703793428,78.6287946212749
15.704376434,78.6287946212749
15.706676518000002,78.63992842563923
15.707826533,78.63992842563923
15.710679926000001,78.65911308477716
15.71181965,78.67833125423671
15.713811479,78.67833125423671
15.715741627000002,78.68850163685393
15.718154473,78.70821408355766
15.720737161,78.70821408355766
15.722447813,78.71854364020265
15.724240725000001,78.71854364020265
15.725837988,78.73964676525438
15.727816722000002,78.75911626212623
15.730063879000001,78.76926988958262
15.731840899000002,78.77951567042354
15.733745392000001,78.77951567042354
15.736272824,78.78940959288724
15.738425670000002,78.80918906023423
15.741577527,78.81870599157952
15.742558061,78.82839885211338
15.744541443000001,78.82839885211338
15.745915866,78.8388289397233
15.748528866000001,78.8388289397233
15.749849855,78.85754445435829
15.751846101000002,78.87705583913218
15.756472276,78.88650574983419
15.75704698,78.88650574983419
15.758241729000002,78.90267448002466
15.759934807,78.91668179446947
15.762713755000002,78.92634952226211
15.763977474,78.93611778101968
15.765721923000001,78.93611778101968
15.767734038,78.94793016939718
15.771031122,78.96632733597659
15.772176535000002,78.97609559473416
15.773880633000001,78.98604816026072
15.776338361,78.99590857240278
15.778085294,78.99590857240278
15.781304223000001,79.0072015507949
15.784227003000002,79.02597570849275
15.785153481000002,79.03566856902663
15.785894171,79.03566856902663
15.788307279000001,79.04679399581055
15.789736023000001,79.04679399581055
15.792169186,79.06672425960491
15.794165539000002,79.06672425960491
15.795655897000001,79.08607647035102
15.798312845000002,79.10484225046847
15.804518449000001,79.11539800178454
15.804551701000001,79.12528354666782
15.805310173,79.1352361121944
15.80603879,79.1352361121944
15.807719960000002,79.14611021156603
15.809711721000001,79.16615776148613
15.812818417,79.17619410281681
15.813964303,79.17619410281681
15.815935787,79.1870430694472
15.818869064000001,79.20647067841699
15.819671338000001,79.21652377490848
15.824672406000001,79.22650147317627
15.824689320000001,79.23593462871747
15.826098248000001,79.2462976956841
15.827934242000001,79.2462976956841
15.831504221000001,79.25659374200747
15.832589803000001,79.27476471391584
15.833822417,79.28441568654766
15.836120857000001,79.29460282432571
15.838584335,79.30447999162858
15.840676002,79.31435715893149
15.842410749,79.31435715893149
15.845477607000001,79.32600199570079
15.846369651000002,79.32600199570079
15.847870653000001,79.34525367548197
15.849817734,79.36455562074563
15.851992569000002,79.37415632789501
15.853947331,79.38345544214963
15.855802314000002,79.39409496926979
15.857856472000002,79.40362027819548
15.863882171,79.41302830099542
15.864210468000001,79.42317355087143
15.865543662,79.43356175057929
15.866004245000001,79.43356175057929
15.867932715,79.44415938979739
15.869818010000001,79.44415938979739
15.872579342000002,79.46469283938126
15.874333037000001,79.48308162838028
15.875767857000001,79.48308162838028
15.877737331,79.49454215838057
15.880575166000002,79.5124115373942
15.882123851000001,79.5124115373942
15.883949312,79.52352020901728
15.88759459,79.52352020901728
15.888353089,79.54348398313329
15.889770211000002,79.54348398313329
15.891769836000002,79.5630037454876
15.895729011,79.5821800270451
15.896138372000001,79.5821800270451
15.899067015000002,79.59350651575885
15.900325786000002,79.61223878555465
15.90267659,79.62191489092771
15.904895144000001,79.63211878386657
15.906574154000001,79.64278344372796
15.909418082,79.64278344372796
15.911531564,79.655240905797
15.912607425000001,79.655240905797
15.913951727,79.67426639090714
15.916064261,79.69435582872929
15.919056869,79.70411570990643
15.920348844000001,79.70411570990643
15.92634372,79.71519924878831
15.926898821000002,79.73381423245839
15.927651471,79.73381423245839
15.92856167,79.74400974781683
15.929985192,79.74400974781683
15.931853402000002,79.76347924468867
15.934355224,79.78264714866577
15.935947225000001,79.78264714866577
15.937908927,79.79301021563242
15.940672840000001,79.81222000751156
15.942294351000001,79.82209717481446
15.944004161,79.83231782291412
15.946711563000001,79.83231782291412
15.948325652000001,79.84290708455183
15.950350501,79.84290708455183
15.952306431,79.8630886757585
15.953958554000002,79.88248277440665
15.956100922000001,79.89227616590544
15.957904383,79.90179309725072
15.960249606000001,79.9112346303723
15.963820040000002,79.92096937880824
15.965916572000001,79.9314497319006
15.966221192,79.9314497319006
15.968442277000001,79.94318672205442
15.970806647000002,79.9612822957391
15.971941496000001,79.9612822957391
15.973965241,79.97164536270574
15.975819937,79.9909556855498
15.979019556,80.00053125995795
15.980102639000002,80.00966282260438
15.982610202000002,80.0200091344102
15.984540682,80.02925798318238
15.986490174000002,80.02925798318238
15.987886875000001,80.04034152206424
15.989777081000002,80.05977750861445
15.992172896000001,80.06935308302259
15.993835507000002,80.07908783145851
15.996122042000001,80.08944252084474
15.998208538000002,80.09976369990935
16.000242796000002,80.10935602947829
16.002418353,80.11954316725632
16.004735858,80.12947060004169
16.005945819,80.12947060004169
16.007843142000002,80.14024416844839
16.010178626000002,80.14024416844839
16.012373006,80.15930316388015
16.013852641,80.1788480589757
16.015712624000003,80.18879224692186
16.017888998,80.19861077116188
16.020733245000002,80.20915814489753
16.022773508,80.20915814489753
16.023910677,80.22092026779258
16.025766086,80.22092026779258
16.029250691,80.24157100350217
16.031472486000002,80.26152640003778
16.033210526,80.27133654669737
16.036112184,80.28154881721666
16.036846320000002,80.29135896387626
16.037884017,80.29135896387626
16.042928232,80.30141206036777
16.043638924,80.30141206036777
16.045430045,80.32032025935216
16.046463047,80.32032025935216
16.048250596000003,80.34002432847547
16.050710128000002,80.34002432847547
16.053590506000003,80.35891577229906
16.054123044,80.37848580013582
16.056591489000002,80.38819541583052
16.057893576,80.39773747991701
16.059778654000002,80.40841889493923
16.062857855,80.41783529531958
16.064255938000002,80.42787163665025
16.065945901000003,80.42787163665025
16.067845004000002,80.43887139972803
16.071249336,80.45771257806915
16.07229042,80.46788296068637
16.074697745,80.46788296068637
16.076140729000002,80.47826278281383
16.077945535,80.4978328106506
16.079923773,80.50743351779997
16.082352857,80.51699233704728
16.084423360000002,80.52687788193057
16.086821679,80.52687788193057
16.088141751000002,80.53719906099518
16.089888390000002,80.53719906099518
16.093298082,80.55697852834219
16.094192314,80.57594537038945
16.095908214,80.58615764090872
16.097871133,80.59600129788996
16.10117684,80.60562713778057
16.102362698,80.61552943782469
16.104030546,80.6256076670574
16.106144609,80.6256076670574
16.108447147,80.6368922678691
16.110567531,80.6368922678691
16.113008713,80.65639527506258
16.113963311000003,80.6759317925777
16.115817503000002,80.6854738566642
16.118116378,80.69523373784136
16.120549128,80.70514441546588
16.12296887,80.71529804292229
16.123777540000003,80.72557733408483
16.126208648000002,80.72557733408483
16.128673676000002,80.73599904411435
16.131270530000002,80.73599904411435
16.132652922000002,80.756180635321
16.134120869,80.77602712331128
16.135768539,80.77602712331128
16.138057918,80.78647396608201
16.142528987000002,80.80645449535885
16.142898684000002,80.81662487797607
16.144460035,80.82666959688714
16.146417037000003,80.82666959688714
16.147804723,80.8375772065804
16.150829623,80.85677862087915
16.15171115,80.8665385020563
16.153807406000002,80.87622298500976
16.155750239,80.8858739576416
16.159584209000002,80.89560032849711
16.160282559000002,80.90530994419181
16.163419141000002,80.91502793746692
16.165949097000002,80.92461188945546
16.166520823000003,80.92461188945546
16.169329318000003,80.93536870270134
16.170380325,80.93536870270134
16.172369008,80.95505601666385
16.174180367,80.97468468756347
16.176353581,80.97468468756347
16.178792951000002,80.98604468659886
16.180295136,80.98604468659886
16.183178788,81.00486073219875
16.184366790000002,81.02391972763053
16.186374971,81.02391972763053
16.187979562000002,81.03493624586913
16.191655437,81.05381093453188
16.192841264000002,81.06367972425437
16.193910348,81.07328880898415
16.195773661,81.08299842467885
16.198283717000002,81.0924986008633
16.200839483,81.0924986008633
16.201779684,81.10382508957704
16.204711326,81.12318567790356
16.205704027,81.12318567790356
16.207703544,81.1340597772752
16.209633200000003,81.15274178158855
16.212317598000002,81.16228384567505
16.21368182,81.17262177990045
16.215744395,81.1825492126858
16.21907411,81.19189859242287
16.222513868,81.19189859242287
16.223223504,81.2052105676937
16.224269548000002,81.22225894382717
16.226389100000002,81.22225894382717
16.227922132,81.23246283676603
16.229870067,81.25243498846245
16.232407934,81.26237917640863
16.233938235,81.26237917640863
16.235890986,81.27281764159893
16.238598865,81.29238766943571
16.241436213,81.30220619367573
16.243426175,81.31310542578858
16.244357314000002,81.31310542578858
16.246090977,81.32464135401257
16.248007507,81.34396005443703
16.249969273,81.34396005443703
16.252474289000002,81.3546833573613
16.253851194000003,81.37371722005184
16.255816572,81.38338494784449
16.257991070000003,81.39272595000116
16.260708362000003,81.40156429733327
16.261839701,81.41114824932181
16.264181096,81.41114824932181
16.267442636000002,81.42229043126655
16.268129993000002,81.42229043126655
16.270451279,81.44139131460037
16.272349761,81.46112051646492
16.273684824,81.47063744781019
16.275644447,81.48112617848297
16.277953737,81.490944702723
16.280366333,81.50064594083727
16.282230858000002,81.51090009925859
16.28394284,81.51090009925859
16.285843469,81.52150611605711
16.288161671,81.52150611605711
16.29059929,81.54064050971259
16.292074513,81.56019378238851
16.293745157,81.57014634791508
16.296813997,81.57985596360979
16.299020817000002,81.58927236399015
16.300359007,81.59909088823017
16.302117958,81.60895130037223
16.304448535000002,81.619255724276
16.306482096,81.619255724276
16.309665987000002,81.63020522187132
16.310732752,81.6489123589259
16.311796887,81.65883979171123
16.314077004,81.66872533659453
16.315887767,81.67871141244274
16.317661784000002,81.68847967120031
16.321158395,81.69848250220933
16.322274408000002,81.70823400580608
16.323938415,81.70823400580608
16.327527098,81.71925052404467
16.328654884000002,81.71925052404467
16.329794080000003,81.73920592058028
16.333100778000002,81.75854137616557
16.33491557,81.76810019541288
16.336554906,81.77786007659004
16.338161206000002,81.78794668340316
16.340054428000002,81.78794668340316
16.343369762000002,81.79956638743124
16.344419939,81.79956638743124
16.345829885,81.81881806721245
16.348445209,81.81881806721245
16.349725135,81.83878184132845
16.351718673,81.85802514352925
16.354147318000003,81.86786880051048
16.355817204,81.86786880051048
16.357686216,81.87984036291576
16.362077844,81.89804484514578
16.363768110000002,81.90785499180538
16.364817485,81.90785499180538
16.369559395,81.91929876664486
16.369592557,81.9384080275591
16.372088676,81.9384080275591
16.372835087000002,81.9489218909731
16.373846418,81.9489218909731
16.376077859000002,81.96908672701895
16.379297602,81.98811221212908
16.380867183,81.98811221212908
16.381835408,81.99817368620097
16.384011769,81.99817368620097
16.385744821,82.01849769627461
16.387833693,82.03715456784673
16.389954134,82.03715456784673
16.391984388,82.04716577643616
16.394224713,82.04716577643616
16.396293484,82.06766571569838
16.399042607000002,82.08688388515796
16.399782950000002,82.096559990531
16.402783117000002,82.10633662686898
16.404115299,82.11594571159877
16.405722761,82.11594571159877
16.40776825,82.12845343915025
16.412478023000002,82.14630606300305
16.413172549000002,82.14630606300305
16.413860194,82.16005367245516
16.415803979,82.17642346457548
16.418129673,82.18632576461958
16.420253456,82.18632576461958
16.42199295,82.19828894944446
16.424024403,82.19828894944446
16.426217761,82.21692068827534
16.428678892,82.21692068827534
16.430504419000002,82.23690121755217
16.43171119,82.23690121755217
16.434723186,82.25601047846641
16.435919518000002,82.25601047846641
16.437796187,82.27749059463655
16.44053776,82.2952091772028
16.442031158000002,82.30603301109197
16.44377121,82.30603301109197
16.445773343000003,82.31720870335833
16.448160572000003,82.33656091410445
16.450090517,82.33656091410445
16.451964822,82.34707477751846
16.455379934,82.36659453987276
16.456128455,82.37679005523121
16.457685009000002,82.38643265028263
16.461208859000003,82.39658627773903
16.46249784,82.40698285502732
16.465418629000002,82.41681813442815
16.46602983,82.41681813442815
16.468233423,82.42927559649718
16.470045805,82.44622344166575
16.471811437,82.4559665676821
16.473750024,82.46529081467794
16.475728165,82.47524338020452
16.478159009000002,82.48444196349422
16.480857168,82.49440290660121
16.481756072,82.50452302373597
16.484518100000003,82.50452302373597
16.485728347000002,82.5151457956953
16.487883648,82.53474933385371
16.490379166,82.53474933385371
16.49246385,82.5455061470996
16.493692167000003,82.5455061470996
16.496054388,82.56743027503146
16.49764175,82.58414354794856
16.4999143,82.59397044976897
16.502084188,82.60460159930874
16.503971457000002,82.60460159930874
16.506169211,82.61478035950636
16.507885816,82.63419959089576
16.510365762,82.63419959089576
16.51171593,82.64424430980684
16.513722354000002,82.66351274474884
16.516180636,82.67297941061166
16.518263944,82.6828230675929
16.523196179,82.69306884843382
16.523241791,82.69306884843382
16.523907104000003,82.70376701861684
16.526108692,82.70376701861684
16.527898911,82.72418318207498
16.529919561,82.74340135153453
16.532226233,82.74340135153453
16.534008662,82.75359686689298
16.536195751,82.75359686689298
16.538287872,82.7733176911771
16.540484741,82.79312229126533
16.543204030000002,82.80271462083431
16.544345519,82.80271462083431
16.546331889,82.8137395166533
16.547986071,82.83313361530146
16.550183902,82.8431364463105
16.551906715,82.85281255168354
16.554081596,82.86252216737824
16.55598115,82.8723742019399
16.557956849,82.88231001230565
16.559935301,82.89222068993018
16.563934666,82.90146953870234
16.565414632,82.912016912438
16.566388065,82.912016912438
16.568365814,82.92283236874675
16.569751985,82.92283236874675
16.572113619,82.94321502188326
16.574031693000002,82.94321502188326
16.575847481,82.96326257180336
16.577867326,82.98248074126292
16.579963069,82.99228251034212
16.58406419,83.00169891072247
16.584584061,83.01206197768911
16.586649174,83.01206197768911
16.588166621000003,83.0227182599701
16.590327839,83.0227182599701
16.592438534,83.04189454152761
16.593801431,83.04189454152761
16.596571663000002,83.06171589677666
16.598205636,83.08080840253007
16.600834802,83.0908196111195
16.602773937000002,83.10055435955545
16.60434263,83.10055435955545
16.605866043000002,83.11105984538905
16.607969942,83.11105984538905
16.610133598,83.13091471095973
16.611865895,83.15004910461519
16.613854297,83.15990113917685
16.616202219,83.16959399971073
16.617947386,83.17950467733525
16.619686968,83.18959966172879
16.622535819,83.19945169629044
16.623862779,83.20942939455824
16.626133372,83.20942939455824
16.628164138000002,83.2206050868246
16.632715922000003,83.23989865450787
16.632750700000003,83.2497255563283
16.635701833000002,83.25930950831683
16.636410519000002,83.26902750159195
16.637724674,83.27897168953811
16.640887438,83.28873994829567
16.642095029,83.2986506259202
16.644344638,83.2986506259202
16.645842576,83.30970903206082
16.647811864,83.30970903206082
16.649676129,83.32935445812129
16.651668302,83.3485391172592
16.653657069,83.35861734649191
16.655631227,83.36835209492784
16.658005729000003,83.378296282874
16.659783046,83.38865097226024
16.66245719,83.3986873135909
16.6647542,83.40885769620813
16.666276337,83.40885769620813
16.667932339,83.41975692832098
16.669710321,83.41975692832098
16.672697444,83.4395447732484
16.674105037,83.4395447732484
16.675754258,83.45913993382638
16.678050874,83.47827432748184
16.680937366000002,83.48843633251866
16.682049718000002,83.48843633251866
16.684153624,83.4984559186885
16.686135977,83.4984559186885
16.688596781,83.5184867134478
16.689734952000002,83.5184867134478
16.692086166,83.53864317191324
16.69391473,83.53864317191324
16.696700519,83.55842263926021
16.697761884000002,83.55842263926021
16.699900231,83.57835290305461
16.702437716000002,83.57835290305461
16.705417894,83.59819939104489
16.706618481,83.59819939104489
16.708344541000002,83.61868257514628
16.710077446,83.63779183606052
16.712155422000002,83.64772764642628
16.714890743,83.64772764642628
16.716568137,83.65790640662391
16.717708422,83.65790640662391
16.72031341,83.67799584444606
16.722661443,83.69625059215852
16.72378964,83.70626180074797
16.729206559,83.71629814207863
16.729228786,83.72615855422069
16.730360083,83.72615855422069
16.731828329000002,83.73712480697682
16.73490571,83.75601625080041
16.736311271,83.76556669246733
16.737782679000002,83.7757119423433
16.740975037000002,83.78553046658334
16.743464176,83.79552492001197
16.744579733000002,83.79552492001197
16.745809429,83.80643252970522
16.748478665,83.80643252970522
16.749884643,83.82621199705223
16.751818748,83.84603335230128
16.753716031,83.85606969363195
16.756004589,83.86556149223598
16.757683135,83.87522084244821
16.760739129,83.88509800975112
16.763671009,83.89469871690049
16.765183086,83.89469871690049
16.766073566,83.90610898141831
16.768510767000002,83.90610898141831
16.770456583,83.92567900925509
16.771838433000003,83.92567900925509
16.774400063,83.94518201644857
16.775760975,83.96431641010403
16.777824267,83.97464596674904
16.780134873,83.98486661484871
16.782496314,83.9946683839279
16.784171219,84.00509847153782
16.785848685,84.00509847153782
16.787828841,84.01558720221063
16.789914844000002,84.03528289375352
16.792557268,84.04543652120992
16.793862223,84.05548961770141
16.797079864,84.06546731596922
16.798092386,84.07502613521653
16.801092582000003,84.08484465945655
16.803637744,84.09430294773897
16.804528136000002,84.09430294773897
16.806311275000002,84.10673527706676
16.809134333,84.12425279770318
16.810248679,84.12425279770318
16.813122885000002,84.1344985785441
16.815622228000002,84.1535827067171
16.816286362,84.16350176192203
16.818613717,84.17378105308458
16.820008552,84.18354093426173
16.823093076000003,84.19376995994182
16.824385152,84.20354659627978
16.825868123,84.21336512051981
16.827772059,84.21336512051981
16.831471592,84.2244654145625
16.832690373000002,84.24342387902935
16.833762697,84.25326753601061
16.835646569,84.26316145847431
16.837738084,84.27282918626696
16.839809995,84.28261420018534
16.84181045,84.29301077747361
16.845564837,84.30301360848264
16.846464897,84.30301360848264
16.847880949,84.3138290647914
16.849874305,84.33304723425097
16.853521412000003,84.34277360510649
16.855469569,84.35265077240936
16.856011142,84.3626536034184
16.859032045,84.37262292410578
16.86122967,84.3820895899686
16.863055778,84.3925866982218
16.863919626,84.3925866982218
16.86618456,84.40363672678203
16.868465683,84.40363672678203
16.87115272,84.42384345072992
16.873010601,84.44410044016027
16.873987588000002,84.45403625052603
16.875880744,84.46396368331136
16.878191768,84.4739748919008
16.880248459,84.48381854888206
16.882244708,84.49390515569517
16.884356203,84.49390515569517
16.886280115,84.50405878315158
16.887815664,84.50405878315158
16.890338579,84.52553052174132
16.891775909,84.54255376513356
16.893943589000003,84.5524644427581
16.895749184,84.56188084313844
16.89806789,84.57188367414749
16.89987955,84.5823305169182
16.904827858,84.59206526535414
16.904855188000003,84.6018251465313
16.906274661,84.6018251465313
16.907852107,84.61336107475528
16.910448109,84.63235304954378
16.911969267,84.6420877979797
16.913844787000002,84.65204036350627
16.916114710000002,84.66203481693488
16.918456583,84.66203481693488
16.9206541,84.67341157113108
16.922313547,84.69263811817106
16.924866675,84.69263811817106
16.927188204,84.70364625882924
16.928204832000002,84.70364625882924
16.929700402,84.72397026890286
16.931857253,84.743691093187
16.933711918,84.743691093187
16.935700363000002,84.75397876192996
16.940289278,84.77276967478862
16.940835662,84.78160802212072
16.942077174,84.7912925050742
16.943932895,84.7912925050742
16.945846042,84.80158855139754
16.947909033000002,84.82086536391999
16.950268498,84.82086536391999
16.952876452,84.8313038291103
16.954181891,84.85144353241492
16.955838531,84.86164742535378
16.957848275,84.87184294071223
16.960878627,84.88165308737184
16.962004781,84.89175644934578
16.965000403,84.90161686148787
16.966402077,84.91171184588138
16.968238451,84.91171184588138
16.969858957,84.9228372726653
16.972338482,84.94068989651811
16.973850323,84.95030735882828
16.975733633,84.96017614855076
16.978216409,84.97002818311243
16.98141764,84.97977968670918
16.982947124000003,84.98994169174598
16.984464250000002,84.98994169174598
16.985764215,85.00242428655625
16.987951621,85.0204025741152
16.989730887,85.0204025741152
16.991995309,85.030564579152
16.993672844000002,85.04977437103113
16.995692105,85.05955938494954
16.998381988000002,85.0690763162948
17.002845703000002,85.07988339502316
17.003120868,85.08972705200439
17.004201026,85.08972705200439
17.005810504,85.10003985348858
17.008328133000003,85.10003985348858
17.010368938000003,85.12022144469525
17.012225043,85.1393390831899
17.013849643,85.1393390831899
17.016645319000002,85.14974403805859
17.01789919,85.16848468543478
17.019965215000003,85.17868857837365
17.02294044,85.18839819406836
17.024228614000002,85.19846804572065
17.025836918,85.19846804572065
17.029294673000003,85.20903217461712
17.030435058000002,85.22807441488808
17.031689163,85.237624856555
17.033738665,85.24726745160642
17.035893441000002,85.25691004665784
17.037952103000002,85.26673694847827
17.041575469,85.27728432221392
17.042243089,85.2872536429013
17.043927358,85.2872536429013
17.045741076000002,85.29790154760187
17.048284346000003,85.29790154760187
17.050460214,85.31705269641816
17.052155818000003,85.33617033491281
17.05368872,85.33617033491281
17.056768985,85.34668419832681
17.058044340000002,85.36518189587115
17.059737007000003,85.37526012510386
17.06190623,85.38513729240675
17.064411452,85.39555900243626
17.065701181,85.39555900243626
17.068551366,85.40804159724652
17.070452826,85.40804159724652
17.072448797,85.42622932431571
17.073713341,85.42622932431571
17.075664617,85.44567368844632
17.079008589,85.46468241839564
17.080721765,85.47455958569854
17.082083896,85.48487238718272
17.083812366,85.48487238718272
17.086066857000002,85.4960564570295
17.087920901,85.5155678418034
17.090172326,85.5155678418034
17.092053832,85.52562093829489
17.093859816000002,85.5452412316141
17.096029838,85.55521892988189
17.097878084,85.5647609939684
17.100237777,85.57427792531368
17.102627281,85.5841718477774
17.10588325,85.59440925103789
17.106617205000003,85.59440925103789
17.108234630000002,85.60556818814344
17.110279090000002,85.60556818814344
17.113057228000002,85.62481986792463
17.114285554000002,85.62481986792463
17.115771820000003,85.64514387799827
17.117749123,85.66447933358354
17.120654863000002,85.67426434750193
17.123363047,85.68448499560161
17.124336825,85.68448499560161
17.126724551000002,85.69605443414723
17.128777029000002,85.69605443414723
17.129874406000003,85.71541502247375
17.132259418,85.71541502247375
17.133806495,85.73539555175059
17.136384043,85.75468074185342
17.1379342,85.75468074185342
17.140132908000002,85.76494327785514
17.143245464,85.78370068039217
17.144605690000002,85.79371188898162
17.145904827000003,85.79371188898162
17.148187303,85.80410846626991
17.149930287,85.80410846626991
17.152225824000002,85.82387117845607
17.153931548000003,85.84353335967735
17.155926678,85.85372049745538
17.157910493000003,85.86347200105213
17.162094361,85.87326539255093
17.162607544,85.88337713210528
17.164315905000002,85.89334645279267
17.165877979,85.89334645279267
17.168495299,85.90448863473739
17.169936342,85.92344709920427
17.172090856,85.9334499302133
17.174591922,85.94370408863462
17.175891033000003,85.95363152141995
17.178179004,85.9632992492126
17.179798167,85.9632992492126
17.18269211,85.97481842227576
17.185090225,85.99403659173532
17.185922246,85.99403659173532
17.187846474,86.00572331640667
17.190253851,86.0238691555738
17.19229739,86.03378821077874
17.194237541,86.03378821077874
17.196307849,86.04412614500416
17.197895408,86.06311811979266
17.199887518,86.07289475613062
17.202784521,86.0826630148882
17.204741788,86.09309310249812
17.205918142,86.09309310249812
17.207719125,86.1040258449326
17.210269488,86.1235372297065
17.212029086,86.13396731731642
17.214605621,86.14396177074505
17.215992364,86.15428294980963
17.218322126,86.16420200501457
17.220558710000002,86.17391162070926
17.223211024,86.18324424528552
17.224661374,86.19254335954015
17.226192060000002,86.19254335954015
17.227804212000002,86.20346772439423
17.231200408,86.22178111516956
17.232071813,86.23181745650022
17.233984328000002,86.2417616444464
17.236270331,86.25189851674197
17.238555983,86.25189851674197
17.242348431,86.26252966628172
17.243480997000002,86.28169757025881
17.244147678,86.29134854289066
17.247055705,86.29134854289066
17.247990829000003,86.30240694903128
17.252439038000002,86.32172564945576
17.252988907000002,86.33163632708029
17.254230892000002,86.33163632708029
17.255801134000002,86.34175644421505
17.257783056,86.36108352221994
17.260115329,86.37072611727136
17.263757149,86.38082947924529
17.265127289000002,86.39117579105113
17.266041646,86.39117579105113
17.267908426,86.40272847443592
17.270732671,86.42098322214838
17.272328627,86.43081012396881
17.273869366,86.44057000514596
17.275726390000003,86.45052257067253
17.278183627,86.45969602122102
17.281392185,86.46989153657947
17.282176759000002,86.46989153657947
17.286066506,86.48063997224494
17.286562156000002,86.48063997224494
17.288116569,86.50102262538144
17.291234949,86.5207685824068
17.292120295,86.5207685824068
17.295949651,86.5311902924363
17.296582280000003,86.55123784235641
17.29804017,86.55123784235641
17.300206300000003,86.56200303318272
17.304564107,86.58176574536891
17.304574210000002,86.58176574536891
17.306108058,86.59258120167766
17.308473157,86.59258120167766
17.309782407,86.61192503484337
17.312809554,86.63000385336723
17.313961113,86.63994804131339
17.31637139,86.64971630007093
17.319963593,86.65927511931827
17.320875034,86.66920255210361
17.3220366,86.67906296424567
17.324190417,86.67906296424567
17.325956461,86.6908083319799
17.328005499,86.71016054272602
17.330002643,86.72028903744119
17.331970162,86.73030024603064
17.334714905000002,86.73989257559958
17.336777464,86.74975298774166
17.337838622,86.74975298774166
17.340269617,86.76174968288815
17.344746407000002,86.77906614159475
17.345537221,86.77906614159475
17.346262094,86.78994024096639
17.348117576,86.78994024096639
17.349851511,86.80926731897127
17.352831869000003,86.82865304003901
17.354281519,86.82865304003901
17.35579088,86.83925905683753
17.357946560000002,86.8579494387313
17.360378086,86.86760878894353
17.364189829,86.87724300641453
17.364826487000002,86.88737987871012
17.370342105000002,86.88737987871012
17.371039398,86.8980361609911
17.371222979000002,86.8980361609911
17.372805453,86.91763132156908
17.373933533000002,86.91763132156908
17.375807119,86.93736890101404
17.378194975,86.95629385515927
17.382170725,86.96650612567853
17.383027531,86.96650612567853
17.385688363,86.97818447276947
17.386164394,86.97818447276947
17.38788082,86.99721833546002
17.389915879,87.01661243410818
17.391877165,87.01661243410818
17.393949437,87.02682470462746
17.395800419,87.04575803635308
17.397827858,87.05561007091475
17.40125274,87.06487567484774
17.402507727,87.06487567484774
17.404771867,87.07628593936558
17.406616387,87.07628593936558
17.408143493,87.09675236830616
17.411168869,87.09675236830616
17.413549787,87.11728581789002
17.415298506000003,87.13776900199143
17.416346671,87.14767130203553
17.417829795,87.14767130203553
17.420256049000002,87.15867106511331
17.425180393,87.15867106511331
17.426085323000002,87.1776546623214
17.427927187,87.1975095278921
17.428747712,87.2074034503558
17.430348596,87.2074034503558
17.432253934000002,87.21780840522449
17.43492279,87.21780840522449
17.436291978,87.23581182552465
17.438880623000003,87.23581182552465
17.440414635,87.25542374126347
17.442206062,87.25542374126347
17.444815612000003,87.27524509651252
17.446866696,87.29479836918846
17.448248640000003,87.29479836918846
17.449854512,87.30749040350896
17.452510538000002,87.30749040350896
17.454546781,87.32492414834128
17.456228971,87.32492414834128
17.458503129,87.34487116729647
17.460948898,87.34487116729647
17.462084659000002,87.36456685883938
17.464298827,87.38395257990713
17.466274539,87.38395257990713
17.467803986,87.39460886218811
17.469826273000002,87.41351706117251
17.471963164,87.41351706117251
17.473708677,87.4234780042795
17.476533566,87.44227729471856
17.477709159,87.4519115121896
17.479730266,87.46245888592524
17.48252794,87.46245888592524
17.484558505000003,87.4721266137179
17.485807876000003,87.4721266137179
17.487705866000002,87.49321298360879
17.490956462,87.51218820323646
17.491717189000003,87.51218820323646
17.494975966000002,87.52263504600721
17.495926213,87.5415348674112
17.49845248,87.55145392261613
17.500917719,87.56209344973628
17.501958405,87.56209344973628
17.503747263,87.57227220993393
17.505794272000003,87.59232813743444
17.507757281,87.59232813743444
17.50972494,87.60266607165985
17.511685410000002,87.60266607165985
17.513665171,87.62278901980365
17.516331066,87.64257686473105
17.518376639,87.6532917900749
17.520717072,87.66330299866434
17.522185428,87.66330299866434
17.525404608000002,87.67316341080641
17.526296775000002,87.67316341080641
17.527771549,87.69321933830692
17.529743760000002,87.71211915971092
17.532182673,87.71211915971092
17.534063894000003,87.72185390814684
17.535849228,87.74138204808156
17.538991353,87.75155243069878
17.540544624000002,87.76100234140078
17.542089237000003,87.76100234140078
17.544622959,87.7712481222417
17.548157307,87.79136269280507
17.548706984000003,87.79136269280507
17.550557905,87.80245460926736
17.551779923,87.80245460926736
17.553829022000002,87.82196599404124
17.556709992000002,87.84172870622741
17.557969889000002,87.85195773190752
17.560076905000003,87.86170923550425
17.562159027,87.86170923550425
17.564195931,87.8717371992545
17.565717037000002,87.8717371992545
17.569419041,87.89186852497872
17.570420647000002,87.91018191575404
17.57174191,87.91018191575404
17.573699432,87.92035229837127
17.576055064000002,87.9401652760399
17.577897744,87.95026863801385
17.581531048000002,87.96013742773631
17.582628890000002,87.97012350358453
17.584137425,87.97012350358453
17.585827176000002,87.98071276522224
17.588821187,87.98071276522224
17.590041793,88.00068491691864
17.591730387000002,88.00068491691864
17.593659498,88.02022143443376
17.596071812,88.0398333501726
17.59810535,88.05022154988046
17.601493632,88.06021600330908
17.602564463,88.06974968981517
17.604558766,88.06974968981517
17.607229280000002,88.08055676854353
17.607992164000002,88.08055676854353
17.610502116000003,88.10054567540077
17.612128986000002,88.10054567540077
17.614315332,88.1202748772653
17.615712677,88.1202748772653
17.618038044000002,88.14024702896172
17.622882871,88.16016053759527
17.623089483,88.16016053759527
17.624500989,88.17011310312185
17.625857773,88.17011310312185
17.627954464000002,88.1920288534733
17.631560563,88.21125540051327
17.632404920000003,88.21125540051327
17.63382,88.22140902796967
17.636828482000002,88.24092041274356
17.639071059000003,88.25096513165464
17.641934812000002,88.26054070606278
17.643145620000002,88.26054070606278
17.645418271,88.27014979079256
17.646526804,88.27014979079256
17.647858105,88.29084241440421
17.652234427,88.30883745712397
17.652876720000002,88.30883745712397
17.653829807,88.31878164507013
17.656280402,88.33911403272417
17.657954251,88.34920063953729
17.660832678000002,88.35911131716182
17.662489822,88.36883768801732
17.663892838000002,88.36883768801732
17.665758664000002,88.38163863088316
17.667746486000002,88.39908075329589
17.669728613,88.40879036899058
17.671704292,88.41824865727298
17.673664569,88.42785774200277
17.675650401000002,88.4376846438232
17.677804792,88.44754505596526
17.680697560000002,88.45758977487635
17.681948554,88.46812039345119
17.684428462,88.46812039345119
17.687243389000002,88.47921230991345
17.688272072,88.47921230991345
17.68978311,88.49891637903677
17.691920208000003,88.51805915027263
17.694597394000002,88.52804522612085
17.69571908,88.53747838166204
17.697637213,88.54763200911843
17.699900486,88.55695625611429
17.702441801000003,88.56767955903852
17.704135698,88.57802587084437
17.706244621,88.57802587084437
17.707750878000002,88.58911778730665
17.710083939,88.58911778730665
17.712502547,88.60889725465363
17.713871543,88.60889725465363
17.716232345,88.62943908181792
17.718136785000002,88.64907613029794
17.720896275,88.65887789937715
17.723439759,88.66896450619026
17.724691359,88.66896450619026
17.725873549000003,88.67998940200927
17.730306523,88.69881382518957
17.731241553,88.69881382518957
17.732209607,88.70909311635214
17.733785433,88.70909311635214
17.73595401,88.72830290823127
17.738509994,88.74741216914552
17.740501246,88.74741216914552
17.742304076,88.7584203098037
17.743952636,88.7584203098037
17.747657408000002,88.7795234348554
17.748616629,88.7795234348554
17.749886522,88.79848189932228
17.752864509000002,88.81768331362102
17.755370685000003,88.81768331362102
17.756198594,88.82952921232015
17.758897713,88.84737345859254
17.759924083,88.84737345859254
17.762179566,88.85753546362933
17.763833602000002,88.87694631743832
17.765998134,88.87694631743832
17.767831202,88.88805498906143
17.771259436,88.90749935319204
17.772054284000003,88.90749935319204
17.773723672000003,88.91762784790721
17.775841472,88.93626796431852
17.777758026,88.94617864194304
17.781497536,88.95598041102224
17.782530031,88.96568164913651
17.783912857,88.96568164913651
17.785773264,88.97689922930495
17.788567449000002,88.99618441940778
17.789801841000003,89.00625427106009
17.791734613000003,89.01649167432058
17.793801215000002,89.02624317791732
17.796417964,89.03617061070267
17.797917502,89.04621532961374
17.800361324,89.0565951517412
17.802744387,89.0665477172678
17.804202072000002,89.07722913228999
17.806531707,89.07722913228999
17.807977783000002,89.0881870074657
17.810350058,89.10771514740043
17.813496473,89.11764258018576
17.815159898,89.12734381830005
17.816038238,89.1368356169041
17.817912896000003,89.14668765146575
17.820078633,89.1567072376356
17.824993147,89.1567072376356
17.82530993,89.1684274726286
17.825948948,89.1684274726286
17.827802463,89.18874310512182
17.829779738000003,89.20621036027576
17.832713561000002,89.21612941548071
17.833826285,89.22557932618271
17.835895922000002,89.23592563798852
17.837777212000002,89.24574416222855
17.841659579,89.25627478080337
17.842423764,89.26659595986797
17.845719693,89.27690038377173
17.846645903000002,89.27690038377173
17.848324319,89.2883357810308
17.850155596,89.30805660531495
17.852647008,89.30805660531495
17.853848274,89.31804268116315
17.855869662,89.33700952321043
17.858258605,89.33700952321043
17.861186227,89.34627512714341
17.862146446,89.36492362113513
17.86454526,89.37467512473188
17.867444084000002,89.3843344749441
17.868406289000003,89.3843344749441
17.869957078000002,89.39549341204966
17.872083911,89.4154823189069
17.874775371000002,89.4154823189069
17.876021089,89.42597942716009
17.878025894,89.42597942716009
17.881347351000002,89.44517246387842
17.882364856000002,89.44517246387842
17.884757325000002,89.46532054476344
17.885812960000003,89.46532054476344
17.88870281,89.48537647226397
17.890603107,89.48537647226397
17.891979502,89.50498001042236
17.893934279,89.52465056922404
17.896365983000003,89.52465056922404
17.897966557,89.53472042087634
17.900882263,89.55438260209762
17.902194415,89.56420112633762
17.903799656,89.56420112633762
17.905760181,89.57438826411567
17.90856558,89.5941090883998
17.910502491000003,89.5941090883998
17.91213758,89.60427109343662
17.913884531,89.62393327465789
17.917619556000002,89.63412041243592
17.92015243,89.64430755021397
17.920948272,89.65479628088674
17.922125255,89.66540229768526
17.925166328,89.66540229768526
17.926273825000003,89.67749114621628
17.927876418,89.67749114621628
17.931462853000003,89.69784028903113
17.933920263,89.71678199833718
17.934680506,89.72658376741637
17.93576521,89.73632689343272
17.938120097000002,89.74557574220489
17.940814191,89.75516807177384
17.943399333000002,89.76486093230773
17.944506804,89.76486093230773
17.946136791,89.7752658871764
17.947714371,89.7752658871764
17.949922559,89.7949364459781
17.95166679,89.8141043499552
17.953695229,89.82417420160749
17.955673036,89.8340681240712
17.958116236000002,89.84433066007293
17.961190811,89.85482776832612
17.962083878,89.86462115982492
17.963788920000002,89.86462115982492
17.967747634000002,89.8752104214626
17.96861272,89.8752104214626
17.969824204000002,89.89443696850257
17.97182258,89.91407401698262
17.97475515,89.9238506533206
17.975688796,89.93320841063807
17.979337277000003,89.94356310002432
17.982748524,89.95318893991491
17.982764587000002,89.96313312786107
17.983942695,89.97335377596076
17.985896871,89.97335377596076
17.987848793,89.98416085468911
17.989834194,90.00300203303023
17.991876480000002,90.01325619145155
17.994053359000002,90.02285689860092
17.996404974,90.03269217800177
17.998063848,90.03269217800177
18.001627092,90.04297146916431
18.002304177000003,90.0624912315186
18.00528787,90.07253595042968
18.006256998,90.07253595042968
18.011752336,90.08408863381449
18.012406173000002,90.10303872070094
18.012442113000002,90.10303872070094
18.013671754,90.11319234815734
18.015720176000002,90.1325948243859
18.018436599,90.14240497104554
18.020436727,90.15267588462766
18.022273551,90.1626870932171
18.024628007,90.17286585341473
18.027040234,90.1822822537951
18.027861524000002,90.1822822537951
18.029795634000003,90.1936590079913
18.031738657000002,90.21220697101809
18.033710851000002,90.22180767816747
18.035663147,90.23165133514871
18.038167818,90.24141959390627
18.041460802,90.25130513878956
18.04309782,90.26173522639948
18.044357365,90.27188047627548
18.046515092,90.27188047627548
18.047902229,90.2844217141486
18.049974262000003,90.30249215509204
18.052145833,90.31261227222681
18.055196703,90.32279941000485
18.056289266,90.32279941000485
18.060721748000002,90.33314572181068
18.061193113,90.35262359626293
18.06286398,90.36255102904828
18.064081739000002,90.37295598391698
18.065941835,90.37295598391698
18.069949845,90.38362902135876
18.070463779,90.40253722034318
18.071957685,90.40253722034318
18.075174564,90.41321025778498
18.076365015,90.43146500549743
18.077944146,90.44095680410148
18.080556518,90.45120258494238
18.082013094,90.46086193515461
18.084679035,90.46086193515461
18.086178643,90.4718784533932
18.088953978000003,90.4718784533932
18.090035122,90.4921773307256
18.092126612,90.4921773307256
18.094349527000002,90.51192328775096
18.096077582,90.53088175221782
18.097708533000002,90.54098511419177
18.102310987000003,90.55079526085137
18.103187105,90.56028705945542
18.105367891,90.5703317783665
18.106416753,90.5703317783665
18.108379000000003,90.58132316386386
18.110173053,90.58132316386386
18.111823667,90.60105236572839
18.113902453,90.6203878213137
18.116146977,90.63018121281249
18.11944134,90.64010026801742
18.120712041,90.64959206662148
18.123121409,90.65988811294484
18.124115718000002,90.66999147491877
18.126589601000003,90.66999147491877
18.129570717,90.68042994010911
18.131892395,90.70003347826751
18.132640175000002,90.71012846266105
18.134118981,90.71012846266105
18.136082552,90.72062557091424
18.138226225,90.74025424181386
18.140262952,90.7501816745992
18.143274692000002,90.76046096576175
18.144288396,90.77072350176348
18.146122959,90.77072350176348
18.148570258,90.7815892235547
18.149882667,90.7815892235547
18.153156107,90.80116762897188
18.154240567000002,90.82030202262733
18.155781418,90.82992786251793
18.15783914,90.83962910063221
18.160500408,90.84931358358568
18.162788923,90.84931358358568
18.16594934,90.86275960014305
18.166427715,90.86275960014305
18.170528099000002,90.88013470191251
18.170901471,90.88013470191251
18.171998407,90.89936124895247
18.173929478,90.9195009522571
18.176164458000002,90.92954567116817
18.178334925,90.93974118652662
18.180201504000003,90.94950944528418
18.182336494,90.95946201081075
18.185340886000002,90.96949835214143
18.186171335,90.96949835214143
18.187981071,90.9808667287572
18.189940374000003,90.9808667287572
18.193484984,90.99975817258078
18.195656612,91.01973870185762
18.196287932,91.02974991044707
18.198440513,91.03981976209937
18.200609221,91.03981976209937
18.203313674,91.04972206214349
18.204412357000002,91.04972206214349
18.205974569000002,91.07024713414694
18.207988648,91.07024713414694
18.210079936,91.09115757484923
18.211715378,91.11016630479855
18.213842499000002,91.12004347210144
18.215657281000002,91.12930907603443
18.217687224000002,91.13895167108585
18.219865491,91.14878695048668
18.222568853000002,91.15840441279687
18.224296001000003,91.16826482493894
18.226166662,91.16826482493894
18.227730180000002,91.1809149713574
18.230228227,91.1809149713574
18.231725037,91.19860842118243
18.233759706,91.2186475935221
18.236073179,91.22831532131475
18.238237624,91.23801655942904
18.240850766,91.24789372673192
18.243384391000003,91.25808086450998
18.244330189,91.25808086450998
18.245748217000003,91.26924817919593
18.248000728,91.28751968206922
18.250817886,91.28751968206922
18.252227159,91.29717065470103
18.253841649,91.29717065470103
18.255825712,91.3178716558931
18.25787176,91.33690551858363
18.259926053,91.33690551858363
18.262794169000003,91.34765395424913
18.264216722,91.34765395424913
18.265912232,91.36781879029496
18.267848125,91.36781879029496
18.272014294,91.38814280036858
18.27277844,91.38814280036858
18.275468771,91.40795577803722
18.276386263000003,91.42724096814007
18.278035984000002,91.43659034787716
18.280793531,91.44644238243882
18.283058866,91.44644238243882
18.286341527,91.45703164407651
18.286620656,91.45703164407651
18.289656451000003,91.47709594915744
18.290153386,91.47709594915744
18.293852833000003,91.49596226023979
18.294660151000002,91.49596226023979
18.29638363,91.51940273022578
18.298305025,91.53593169637386
18.301398941000002,91.53593169637386
18.30230263,91.54587588432003
18.304410464,91.54587588432003
18.305889979,91.56698738695215
18.308663606,91.56698738695215
18.309815747000002,91.58607151512516
18.312104954000002,91.60543210345168
18.313845813,91.6153344034958
18.316097914,91.6246167625896
18.317735998,91.63517251390566
18.319790684,91.63517251390566
18.322748188000002,91.6453596516837
18.32426632,91.6653066706389
18.325788987000003,91.6653066706389
18.327697358,91.67688448676493
18.329765345000002,91.69460306933117
18.332220525,91.70457239001857
18.333838719000003,91.71455008828637
18.337052226,91.72457805203662
18.338069563,91.73375988016552
18.339813675000002,91.74385486455904
18.342501851,91.75417604362364
18.344689767000002,91.76411185398939
18.346583745,91.76411185398939
18.349084843,91.7753210565774
18.350131029,91.7753210565774
18.352391925000003,91.79490783957498
18.353723683000002,91.79490783957498
18.3559606,91.8151313186837
18.36021834,91.83462594829678
18.36088159,91.84438582947392
18.362848669,91.85456458967157
18.364802816,91.85456458967157
18.369396664,91.86483550325369
18.369763888,91.88381910046178
18.371464358,91.88381910046178
18.374839145000003,91.89403974856147
18.375031515,91.89403974856147
18.377373517000002,91.9141124312228
18.378380283000002,91.9141124312228
18.382319721000002,91.93414322598208
18.382943243,91.95353732463025
18.384520224000003,91.95353732463025
18.386095608,91.96426900513491
18.388174136,91.96426900513491
18.389999363,91.98426628957256
18.394508505,92.00353472451458
18.395453711000002,92.01337838149583
18.396903464,92.02334770218322
18.398833475,92.02334770218322
18.401042486,92.03420504639402
18.403239873,92.03420504639402
18.404306163,92.05383371729366
18.405984967000002,92.05383371729366
18.409149254000003,92.0740823291436
18.410115127,92.0740823291436
18.412173893000002,92.09371937762363
18.414332859,92.11226734065042
18.415988665,92.12201046666675
18.417727574,92.13225624750767
18.421229548,92.1420915269085
18.422272648,92.15170898921869
18.424769257,92.15170898921869
18.426144512,92.16298521244998
18.428056319,92.16298521244998
18.431205275,92.18320869155868
18.432360085000003,92.20272007633258
18.43418879,92.21284019346734
18.435877674,92.22291842270006
18.437762845,92.23308880531728
18.440485827,92.24328432067573
18.442277872000002,92.25290178298592
18.445991040000003,92.26354131010608
18.448821085000002,92.26354131010608
18.449614151000002,92.27439027673647
18.450138826,92.29334874120333
18.451698411000002,92.29334874120333
18.454548344000003,92.30353587898138
18.456356904,92.30353587898138
18.457704362,92.32316454988101
18.460736588,92.34201410580253
18.461978741000003,92.35164832327355
18.463791232000002,92.35164832327355
18.466051187,92.36260619844927
18.467928362000002,92.38239404337669
18.469895391,92.39248065018981
18.471813333,92.39248065018981
18.475381603000002,92.40291911538014
18.476226389,92.42250589837771
18.478268624000002,92.43250872938675
18.481426436,92.44216807959899
18.482743799,92.45290813768406
18.48445529,92.46298636691678
18.485753748,92.46298636691678
18.487733210000002,92.47353374065243
18.490090733000002,92.49217385706373
18.491768129,92.50189185033884
18.493800713000002,92.5114841799078
18.495979605000002,92.5209340906098
18.497907964,92.53050128743752
18.500495507,92.54049574086615
18.502089754,92.55049857187518
18.504450463,92.56090352674387
18.505860442,92.56090352674387
18.508071592,92.57406470556731
18.510416683000003,92.57406470556731
18.513866863,92.59142305217594
18.514569707,92.61117738678172
18.516043014,92.61117738678172
18.517795641000003,92.62157396407
18.519908798,92.64017219257924
18.523010111,92.649228357002
18.524005075,92.66007732363238
18.526532527,92.66007732363238
18.529153915000002,92.6709346678432
18.529975278000002,92.6709346678432
18.531719195,92.68985962198842
18.533706589,92.7090861690284
18.535862195,92.71939059293217
18.537695245000002,92.72924262749382
18.540989512,92.73899413109056
18.542067646,92.73899413109056
18.54556721,92.75010280271366
18.546422138,92.75010280271366
18.548049506,92.76970634087205
18.54995935,92.76970634087205
18.551832757,92.78920934806555
18.555196933,92.80825996591692
18.556113984,92.81837170547126
18.558219047,92.82856722082971
18.561163574000002,92.83856167425833
18.562517712000002,92.84875718961679
18.563904683,92.84875718961679
18.567134878,92.85991612672233
18.569336208000003,92.87854786555323
18.570167511,92.88824910366752
18.571890952,92.89800898484467
18.576548647000003,92.90745889554667
18.576577070000003,92.9175622575206
18.578146240000002,92.92741429208228
18.583443489,92.9375176540562
18.583461436,92.94704296298188
18.584407284,92.95713794737543
18.585852721000002,92.95713794737543
18.589111162000002,92.96833039480262
18.589938799000002,92.98729723684988
18.592608032,92.99722466963523
18.593944759000003,93.00747882805655
18.596823282000003,93.00747882805655
18.597936541000003,93.01768272099541
18.601458721,93.03720248334972
18.602806493000003,93.04670265953416
18.604360934000002,93.04670265953416
18.605892357000002,93.0575767589058
18.608189273,93.07712165400132
18.609786139,93.07712165400132
18.611716591,93.08679775937438
18.615213893,93.10637616479156
18.616255998,93.11602713742339
18.619087718,93.12525923103473
18.621125278,93.13517828623966
18.623084959,93.14472872790658
18.623930022,93.1545472521466
18.625767272,93.16506949314102
18.627724685,93.17486288463981
18.632036667,93.18474005194271
18.632634413,93.19464235198681
18.633694220000002,93.2043435901011
18.635779191,93.21394429725048
18.638917522,93.22411467986768
18.640514834,93.23408400055507
18.641735857,93.24415385220739
18.645202058000002,93.25418181595766
18.64588019,93.25418181595766
18.647696385,93.26512293597256
18.651949175000002,93.28427408478883
18.652770599,93.29381614887534
18.653714437,93.30363467311535
18.655750415,93.31375479025012
18.657717499,93.32309579240679
18.661688878,93.3331572664787
18.664148969000003,93.34323549571141
18.664659757000003,93.34323549571141
18.666171648000002,93.3540760847614
18.668431758,93.3540760847614
18.671319605,93.37514569949147
18.672119379,93.39344233510597
18.673889390000003,93.40314357322026
18.675894949,93.4133223334179
18.677895307,93.42371891070617
18.680659723,93.43331124027513
18.682901594,93.44372457272424
18.685927420000002,93.4541127724321
18.686750149,93.4541127724321
18.687874702000002,93.4652298216356
18.691820504000003,93.4843893480323
18.692334722000002,93.4943670463001
18.694439998,93.50454580649773
18.696182951,93.5141465136471
18.699327816,93.52470226496317
18.701145688,93.52470226496317
18.702104881,93.53426108421048
18.704522221,93.53426108421048
18.706144549,93.55399028607502
18.708460773000002,93.55399028607502
18.710423386000002,93.57309116940885
18.712706970000003,93.57309116940885
18.714028582,93.59270308514768
18.715686791,93.61239039911017
18.717720558,93.62239323011919
18.721130132000003,93.6321196009747
18.723119814,93.64201352343841
18.724168049000003,93.64201352343841
18.726700167,93.65330650183051
18.728074111,93.65330650183051
18.729967503,93.6732618983661
18.731821328000002,93.69210307670726
18.735866721,93.70178755966072
18.736613529,93.71124584794313
18.738222559,93.71124584794313
18.740471154,93.7221534576364
18.742941562000002,93.74155593386494
18.743932691,93.74155593386494
18.74576575,93.75252218662109
18.748321337,93.77163982511573
18.750139308,93.77163982511573
18.751697959,93.78442401282074
18.754168544000002,93.80112053057701
18.756980579,93.8106458395027
18.758303936,93.8106458395027
18.764030432000002,93.82724182629406
18.764049767,93.84099781332658
18.764962533000002,93.85095037885317
18.765932980000002,93.85095037885317
18.769233345,93.86254495014002
18.770399869000002,93.86254495014002
18.772334313,93.88136937332033
18.773924988,93.9017520264568
18.776948667000003,93.91175485746584
18.777898426,93.92145609558011
18.780587688,93.9312243543377
18.783081336000002,93.94067426503969
18.785339491000002,93.95105408716715
18.78656161,93.95105408716715
18.787973565,93.9622046466923
18.790866878000003,93.9622046466923
18.793812738,93.98150659195593
18.794445601,94.00162954009973
18.795875768000002,94.01148157466139
18.798054784,94.02145089534878
18.800921653,94.03158776764438
18.803563284000003,94.04130576091947
18.804470393000003,94.04130576091947
18.806501009,94.05224688093438
18.808016218000002,94.05224688093438
18.810302532,94.07230280843488
18.811775284,94.09039000453916
18.813801511,94.10026717184205
18.815691356000002,94.10967519464201
18.818207518,94.12016392531478
18.820444033,94.13017513390422
18.822404581,94.14022823039569
18.823806424,94.14022823039569
18.827293431,94.15308781632439
18.829845085000002,94.17069749034532
18.830534294,94.18048250426371
18.832218853,94.19031778366455
18.835744665,94.200002266618
18.83651489,94.200002266618
18.838134936,94.21065854889898
18.840272511000002,94.22935730837315
18.842582129,94.23914232229153
18.845569232000003,94.24906975507687
18.846168260000002,94.24906975507687
18.848439143,94.2602035594412
18.850046827,94.2791117584256
18.85202614,94.2791117584256
18.854817484,94.28916485491709
18.856268397,94.30803954357985
18.858151113,94.31879635682574
18.861572692000003,94.31879635682574
18.862486415000003,94.32888296363888
18.863791994,94.32888296363888
18.865850308000002,94.34979340434117
18.868254792000002,94.34979340434117
18.869998594000002,94.36940532007999
18.871740788,94.38810407955414
18.87377138,94.39793935895499
18.875695193000002,94.40719658530756
18.878240839,94.41736696792478
18.882423602000003,94.42696767507415
18.882733515,94.43742289542529
18.884795597,94.44750112465802
18.886188866,94.44750112465802
18.888130013,94.45864330660275
18.890052622000002,94.45864330660275
18.892200324,94.47905947006088
18.894013031,94.47905947006088
18.895794322,94.49849545661108
18.897862801000002,94.51827492395809
18.901038497000002,94.52831964286916
18.903411563000002,94.53801250340304
18.904511159000002,94.53801250340304
18.905776374000002,94.54923008357146
18.908013559,94.54923008357146
18.911546903,94.56911845946378
18.912235714,94.56911845946378
18.915038565,94.58869686488096
18.915842519,94.58869686488096
18.918259192,94.6082501375569
18.919917837,94.62639597672403
18.924573297000002,94.63637367499183
18.925061275,94.6464100163225
18.926031054000003,94.6464100163225
18.928669894000002,94.65740140181985
18.930017906,94.65740140181985
18.933212604,94.6774824620616
18.934239794,94.69676765216445
18.936678699,94.70618405254481
18.937847785000002,94.71652198677022
18.941046205000003,94.72603891811549
18.943680045,94.7361087697678
18.944528976,94.7361087697678
18.946185815,94.74676505204879
18.948172019,94.74676505204879
18.950415341000003,94.76654451939578
18.952047777,94.76654451939578
18.955464239,94.78582133191821
18.956272577,94.80452846897278
18.959001251,94.81373542984291
18.960580053,94.82428280357855
18.962926942000003,94.83441967587413
18.964082384,94.84433873107906
18.966347766000002,94.84433873107906
18.96776208,94.85541389238053
18.969879963,94.85541389238053
18.973296592,94.87465719458132
18.974350942,94.89438639644585
18.976139912,94.90419654310548
18.978368898000003,94.91414073105163
18.981858510000002,94.92385872432672
18.983417591000002,94.93417990339132
18.984128222000002,94.93417990339132
18.98579368,94.94522155437116
18.988825354000003,94.94522155437116
18.989774837000002,94.96431406012456
18.991743575,94.98369978119231
18.993673021000003,94.99356857091479
18.996283022,95.00333682967235
18.997689291,95.01323912971647
18.999761649,95.01323912971647
19.002693269,95.02311629701936
19.005436486,95.04324762274355
19.006191537,95.04324762274355
19.007746190000002,95.05438980468828
19.0103546,95.0733985346376
19.011786205,95.0733985346376
19.013698787000003,95.08377835676507
19.017341132000002,95.10320596573487
19.020116607000002,95.11348525689742
19.020783941,95.11348525689742
19.023422757000002,95.12456041819887
19.024254447,95.12456041819887
19.025879105,95.14371994459556
19.028150137,95.14371994459556
19.030644103,95.16406070983
19.03233681,95.16406070983
19.033944735000002,95.18292702091236
19.036076076,95.2019441284421
19.037795729000003,95.21155321317188
19.040530102,95.221639819985
19.042162579000003,95.23190235598672
19.044616022,95.23190235598672
19.047375727000002,95.2431702016376
19.048263430000002,95.2431702016376
19.050208752,95.26170978708399
19.052016513,95.26170978708399
19.054180086000002,95.28169869394124
19.056353776,95.30064040324727
19.057756314000002,95.31024948797705
19.061423265000002,95.32041149301386
19.062464534,95.33048134466617
19.064599491000003,95.34043391019274
19.06596095,95.35014352588743
19.068640608000003,95.35014352588743
19.070331118000002,95.3612186871889
19.071884101000002,95.38076358228442
19.073831014,95.39064912716772
19.075926976,95.40000688448521
19.080549987,95.41024428774571
19.08156672,95.41997065860123
19.083270067,95.42991484654739
19.084029245,95.42991484654739
19.085868743000002,95.44042870996141
19.088078666,95.45978929828792
19.090154033,95.45978929828792
19.092099025,95.47021938589783
19.093742934,95.49014127211181
19.096120544,95.49995141877142
19.09790294,95.50975318785062
19.099883194,95.51983141708334
19.102322823,95.53001017728096
19.104230807,95.54006327377245
19.106291204,95.54006327377245
19.108062031000003,95.55094575072448
19.110149005,95.55094575072448
19.112125087000003,95.57114409709197
19.114090496000003,95.57114409709197
19.115989142,95.59021984768457
19.118189322000003,95.59021984768457
19.120314644,95.60991553922747
19.123149783000002,95.62910857594579
19.124185615000002,95.6387344158364
19.12640683,95.64882102264953
19.128679353000003,95.64882102264953
19.130507658000003,95.66022290958695
19.131742846,95.66022290958695
19.133695854000003,95.67944107904651
19.136677164,95.69862573818443
19.138138051000002,95.70881287596247
19.140691826,95.70881287596247
19.142279874,95.71927647389403
19.143996047,95.71927647389403
19.145923032000002,95.73979316831708
19.147837351,95.73979316831708
19.150862384,95.75872650004271
19.152130267,95.77838030368356
19.154069822,95.78817369518235
19.155758276,95.7980089745832
19.159139981000003,95.80777723334076
19.159811062000003,95.81748684903546
19.164243120000002,95.8278582935825
19.164693369000002,95.83760979717924
19.166525163000003,95.83760979717924
19.167975189,95.84863469299825
19.170050058,95.84863469299825
19.173932412000003,95.86786961761862
19.174582580000003,95.88741451271414
19.176873042,95.89745923162523
19.1779288,95.90755421601877
19.180000078000003,95.90755421601877
19.182756679,95.91748164880411
19.184322197,95.93690925777392
19.186245257,95.93690925777392
19.189555919,95.94789226569087
19.19045892,95.94789226569087
19.192251193,95.96741202804516
19.193646097000002,95.98725013845504
19.195987637,95.9965743854509
19.197678961,96.0069123196763
19.200986216,96.0069123196763
19.204246308000002,96.017317274545
19.204791209,96.017317274545
19.205942923000002,96.03873037007186
19.207940714000003,96.03873037007186
19.209850777,96.05780612066445
19.211812734000002,96.07771962929802
19.214691086000002,96.0876889499854
19.216138278000003,96.0876889499854
19.217792561,96.09919974546817
19.221199833,96.09919974546817
19.223403724,96.11820009783706
19.224254690000002,96.11820009783706
19.227486688000003,96.13902676273527
19.228241645,96.13902676273527
19.231789898000002,96.15824493219483
19.233576747,96.17732906036784
19.235071591,96.1869213899368
19.236618788,96.19630427999552
19.238002273000003,96.206357376487
19.240146319,96.206357376487
19.244629732,96.2164104729785
19.244663173000003,96.2164104729785
19.245865972,96.23684339159745
19.247823922000002,96.23684339159745
19.249719319,96.25715902409065
19.252619494,96.27592480420809
19.253734539,96.28536633732969
19.255989243000002,96.29582155768084
19.260183528000002,96.30529660112406
19.260802684,96.30529660112406
19.262124331000003,96.31573506631439
19.263900089,96.31573506631439
19.266302930000002,96.33626851589824
19.267843635000002,96.33626851589824
19.270194015,96.355838543735
19.271805085,96.36781010614028
19.274415215,96.36312703869135
19.276024484,96.36312703869135
19.279162697,96.35651712774818
19.280335837000003,96.35651712774818
19.282209699000003,96.35527724584756
19.283925752000002,96.35527724584756
19.286509005000003,96.3619625550144
19.287830551000003,96.363529162551
19.290039183,96.363529162551
19.291685440000002,96.36309352836969
19.294521202000002,96.36366320383756
19.296450311,96.36466013590629
19.298606554000003,96.36578273168116
19.301390296,96.36578273168116
19.302073918,96.36625187618411
19.304940775000002,96.36625187618411
19.306458844,96.36573246619872
19.307751667,96.36573246619872
19.309700978000002,96.36569895587706
19.311823858,96.36604243667387
19.313936344000002,96.3661429676388
19.315681996000002,96.36621836586248
19.317764485,96.36626863134492
19.322563281,96.36629376408617
19.32343221,96.3663272744078
19.324781264000002,96.36636916230985
19.325753937,96.36636916230985
19.327760603,96.36639429505107
19.330206631000003,96.36639429505107
19.331737387,96.36646131569435
19.334538075,96.36671264310664
19.335931671,96.36696397051892
19.338102975,96.36719016518998
19.341253948000002,96.36719016518998
19.342568276,96.3674666253435
19.344794752000002,96.3674666253435
19.345891517000002,96.36832113854527
19.347973093,96.36832113854527
19.351302437,96.37024798203947
19.352556471,96.37252668391088
19.355304911,96.37268585793866
19.356375554,96.37253506149129
19.358028583000003,96.3723675098831
19.360679975,96.37240939778515
19.362153921,96.3725518166521
19.364718904,96.3725518166521
19.370054118000002,96.37280314406439
19.370118979,96.37280314406439
19.371358964000002,96.37343984017552
19.372365766,96.37451217046794
19.373759396,96.37451217046794
19.376119764000002,96.37539181641095
19.379480313000002,96.37747783393293
19.380680604000002,96.37792184569464
19.381719136,96.37768727344319
19.385168036,96.37734379264639
19.385992085,96.37734379264639
19.389281686,96.37732703748556
19.390068761000002,96.37732703748556
19.391865759,96.37795535601629
19.393922980000003,96.37850827632332
19.39791465,96.37860880728823
19.398986085,96.37854178664496
19.40088181,96.37854178664496
19.402111357000003,96.37855016422536
19.404677121000002,96.37855016422536
19.405856907,96.37854178664496
19.408135092000002,96.37854178664496
19.409623422000003,96.37847476600167
19.41287281,96.3783239695543
19.414156982,96.3783239695543
19.415920868,96.3783155919739
19.417711556,96.37844125568003
19.420937224000003,96.37874284857479
19.423201899000002,96.3790276863087
19.424329271,96.3790276863087
19.425905593,96.37917848275607
19.427700318000003,96.37917848275607
19.431054586000002,96.37929576888182
19.432217409,96.37929576888182
19.435432497,96.37924550339936
19.436119866000002,96.37924550339936
19.438320278000003,96.37922874823855
19.440926865,96.37915335001486
19.441885322,96.37910308453239
19.443901296,96.37910308453239
19.446142545,96.37903606388912
19.448258804,96.37903606388912
19.449840537,96.37895228808502
19.451873632,96.37884337953969
19.454245308,96.37874284857479
19.455819183000003,96.37872609341396
19.458153662,96.37877635889642
19.461103155,96.3787596037356
19.462038476,96.37875122615519
19.464207666,96.37875122615519
19.466141094,96.37877635889642
19.468027103,96.37877635889642
19.470329049,96.37886013470052
19.471857948,96.3790109311479
19.473888695000003,96.37903606388912
19.476746725,96.37900255356747
19.478314478,96.37900255356747
19.481120563,96.37903606388912
19.483337397,96.37900255356747
19.484245936,96.37900255356747
19.485903552,96.3790109311479
19.488056406000002,96.3790109311479
19.489920892,96.3790109311479
19.492196788,96.37903606388912
19.494125278000002,96.37900255356747
19.495853041,96.37897742082625
19.49815366,96.3790109311479
19.500983243,96.37897742082625
19.501947992,96.3790109311479
19.50433303,96.37900255356747
19.506733094,96.37900255356747
19.508788510000002,96.37900255356747
19.509901086000003,96.37900255356747
19.511970989,96.37898579840666
19.513754716,96.3790193087283
19.515862731000002,96.37894391050462
19.517841905,96.37897742082625
19.520286916,96.37896066566543
19.522419105,96.37887688986133
19.524198494,96.37887688986133
19.526152662,96.37884337953969
19.527713958,96.37884337953969
19.529739547000002,96.37873447099437
19.531734956,96.37875122615519
19.533667513,96.37874284857479
19.535926038,96.37874284857479
19.537677259000002,96.37870933825315
19.542260177000003,96.37871771583355
19.543150362000002,96.37864231760986
19.543971232,96.37861718486865
19.545786204000002,96.37861718486865
19.547758773,96.37856691938617
19.551264165000003,96.37854178664496
19.552274293,96.37853340906454
19.553922052,96.37852503148414
19.556041963000002,96.37849152116249
19.560502272,96.37844963326046
19.560580605000002,96.37844963326046
19.562337695,96.37839099019759
19.564316145000003,96.37839099019759
19.566070363,96.3783239695543
19.567980851,96.3783239695543
19.569873789000003,96.3783155919739
19.573681203,96.3783155919739
19.574623506000002,96.37829883681307
19.576043779000003,96.37824857133062
19.57775068,96.37829045923266
19.579957308,96.37823181616979
19.582860457000002,96.37818992826774
19.583924282,96.37816479552653
19.586128153,96.37816479552653
19.588535014,96.37808939730283
19.589725687,96.37808939730283
19.593211241000002,96.37808101972242
19.594564464,96.37808101972242
19.597571903000002,96.37803075423997
19.598071206,96.37809777488324
19.599693551,96.37809777488324
19.602037506000002,96.3780642645616
19.603988941,96.37803075423997
19.607699125,96.37801399907914
19.609174953,96.37801399907914
19.610767942000003,96.37800562149873
19.611866142,96.37800562149873
19.613777427000002,96.37793860085546
19.617280861,96.37783806989056
19.617911753,96.37783806989056
19.621411801,96.37782969231014
19.622253398,96.37783806989056
19.624338483000002,96.37783806989056
19.627094549000002,96.37781293714932
19.628126473000002,96.3777961819885
19.63001697,96.37777942682767
19.632203011,96.37773753892562
19.63402968,96.37768727344319
19.636326005,96.37769565102359
19.638192571,96.37769565102359
19.640570207,96.37769565102359
19.642095526000002,96.37772078376481
19.646017449000002,96.37765376312154
19.646402631,96.37765376312154
19.648180217,96.37772078376481
19.651075484,96.37776267166687
19.652412987,96.37776267166687
19.653863634,96.37768727344319
19.655923936,96.3777124061844
19.659083472000003,96.37767889586277
19.660129134,96.37764538554113
19.663277726,96.37760349763909
19.664405520000003,96.37760349763909
19.666805347,96.3776118752195
19.667960558,96.3776118752195
19.671303187,96.3776286303803
19.673942648,96.37764538554113
19.675848565000003,96.37763700796071
19.676660541,96.37767889586277
19.678510649,96.37766214070194
19.681161095,96.37772916134523
19.682142383000002,96.37767051828236
19.684359325000003,96.37767051828236
19.685982964,96.37763700796071
19.688657428000003,96.37756998731744
19.691947827,96.37757836489786
19.692325602,96.37767889586277
19.693935613,96.37770402860399
19.696630046000003,96.37770402860399
19.697817235000002,96.37766214070194
19.699949776,96.3776202527999
19.702948850000002,96.3776202527999
19.704587183,96.3776286303803
19.706121435,96.37765376312154
19.708150088,96.37765376312154
19.710080113,96.37765376312154
19.711716338000002,96.37765376312154
19.714529809000002,96.37766214070194
19.715834709000003,96.37759512005866
19.718048945,96.37758674247826
19.720550496,96.37760349763909
19.722913118,96.37760349763909
19.725476248,96.3776286303803
19.726318214000003,96.3776286303803
19.727743965000002,96.37770402860399
19.730234158000002,96.37765376312154
19.732418498,96.37767051828236
19.733755649000003,96.3776286303803
19.736026509000002,96.37765376312154
19.738002238,96.37765376312154
19.741199496,96.3776286303803
19.743143843000002,96.37767889586277
19.745230586,96.37767889586277
19.746169589,96.37767889586277
19.747989051,96.37768727344319
19.749689025000002,96.3776202527999
19.752493103000003,96.37763700796071
19.753758879000003,96.37767889586277
19.756217652,96.37764538554113
19.757686865,96.37764538554113
19.760876129,96.37769565102359
19.762839423000003,96.37770402860399
19.763870946,96.37770402860399
19.766324159,96.37770402860399
19.768237999,96.37784644747096
19.770057422,96.37784644747096
19.771678254,96.37798048875752
19.774283694,96.37807264214202
19.77607421,96.37804750940079
19.77823413,96.37804750940079
19.78132322,96.37799724391833
19.784290742,96.37802237665956
19.785038488,96.37798886633792
19.786097424,96.37798048875752
19.788253539000003,96.37798048875752
19.789836375,96.37792184569464
19.791884134,96.37777104924727
19.794037227,96.37769565102359
19.796197198,96.37769565102359
19.798036481,96.37769565102359
19.801248637,96.3777124061844
19.803429027,96.37781293714932
19.804641181,96.37781293714932
19.807267284,96.37777942682767
19.809806308000002,96.37782969231014
19.810517348,96.37782969231014
19.813335175000002,96.37782969231014
19.815934866000003,96.37781293714932
19.817065276,96.37778780440809
19.818011338,96.37781293714932
19.820134474,96.37781293714932
19.823939045,96.37780455956892
19.825671212,96.37781293714932
19.826347569000003,96.37781293714932
19.827892542,96.37777942682767
19.831129084,96.3777961819885
19.831920085,96.37778780440809
19.834367255,96.37778780440809
19.837261262000002,96.37782131472973
19.838061721000003,96.37781293714932
19.840177416,96.37777942682767
19.842381046,96.37780455956892
19.843929914,96.37781293714932
19.846341829,96.37781293714932
19.848476304000002,96.37777942682767
19.850285940000003,96.37777942682767
19.853737372,96.37775429408646
19.855333722,96.37782131472973
19.856150871,96.37781293714932
19.858080707000003,96.37781293714932
19.861334339000003,96.37782969231014
19.863089342000002,96.37777942682767
19.86437054,96.37778780440809
19.865940384,96.37778780440809
19.869935363,96.3777961819885
19.870810988000002,96.37773753892562
19.87181593,96.37773753892562
19.873857757,96.37770402860399
19.8760975,96.37769565102359
19.877776111000003,96.37770402860399
19.881213031,96.3777124061844
19.882547697,96.37773753892562
19.885014143000003,96.37773753892562
19.885965861000003,96.37772078376481
19.88952778,96.37769565102359
19.890227522,96.37768727344319
19.892042531,96.37763700796071
19.894158897,96.37769565102359
19.897392656,96.37766214070194
19.899725097,96.37770402860399
19.900596125,96.37775429408646
19.901916366000002,96.37770402860399
19.904655732000002,96.37770402860399
19.905992491000003,96.3777124061844
19.908038064000003,96.3777124061844
19.909701691000002,96.37764538554113
19.912276724,96.37772078376481
19.915094800000002,96.37772916134523
19.916156481,96.37775429408646
19.917714138,96.37776267166687
19.920872159,96.37772916134523
19.922563899,96.37773753892562
19.92409641,96.37773753892562
19.925757953,96.37774591650604
19.928946030000002,96.37772078376481
19.93031298,96.37773753892562
19.932190272,96.37773753892562
19.935206164,96.37772078376481
19.937523273,96.37775429408646
19.938017902000002,96.37777104924727
19.941547638000003,96.37773753892562
19.942210349,96.37773753892562
19.944328251,96.37773753892562
19.946152868000002,96.37768727344319
19.948433610000002,96.37768727344319
19.949917339000002,96.37773753892562
19.952123052,96.37773753892562
19.953665837000003,96.37773753892562
19.955693824,96.3777961819885
19.957661787000003,96.37778780440809
19.96118757,96.37782969231014
19.961969099,96.37782131472973
19.964572202000003,96.37782131472973
19.965792163,96.37786320263177
19.968456175,96.37786320263177
19.970330466,96.37790509053383
19.972174957,96.37790509053383
19.973677763,96.37792184569464
19.975803651,96.37794697843587
19.977769439000003,96.37792184569464
19.983508249,96.37789671295342
19.984127622000003,96.37789671295342
19.984919929,96.37793022327504
19.986603873,96.37793022327504
19.987764397000003,96.37793022327504
19.990544774,96.37793860085546
19.992281121,96.37793860085546
19.994018847,96.37794697843587
19.996461401,96.37794697843587
19.997794776000003,96.37793022327504
20.000487156000002,96.37798048875752
20.002576655000002,96.37793022327504
20.004125412,96.37793022327504
20.006233124,96.37798886633792
20.008015918,96.37799724391833
20.012009295000002,96.37799724391833
20.012704324,96.37802237665956
20.013801086,96.37798886633792
20.015977993,96.37798886633792
20.017687197,96.37800562149873
20.020897229000003,96.37798048875752
20.023430174,96.37794697843587
20.024757918000002,96.37794697843587
20.025858158000002,96.37800562149873
20.027688699000002,96.37800562149873
20.029874478,96.3779721111771
20.031703467,96.37796373359669
20.033675239,96.37795535601629
20.036409915,96.37798886633792
20.038076902,96.37798886633792
20.041186888000002,96.37800562149873
20.041979403000003,96.37798048875752
20.044286447,96.37798048875752
20.045757522000002,96.37795535601629
20.047770116000002,96.37796373359669
20.049773381,96.37795535601629
20.052155584,96.37795535601629
20.054373516000002,96.37794697843587
20.056162749000002,96.37794697843587
20.058098477,96.37801399907914
20.06265493,96.37794697843587
20.062694386,96.3779721111771
20.063920842,96.37798048875752
20.065954488000003,96.37798048875752
20.067796119,96.37793860085546
20.070231325,96.37795535601629
20.072000782,96.37795535601629
20.073796206,96.37791346811423
20.075971442,96.3779721111771
20.078372033,96.37795535601629
20.079879457,96.37793022327504
20.082564870000002,96.37798048875752
20.084308655,96.37795535601629
20.086191789,96.37795535601629
20.088199629000002,96.37794697843587
20.090670125000003,96.37794697843587
20.092195568,96.37794697843587
20.093781238000002,96.37794697843587
20.096391862,96.37795535601629
20.098227925,96.37792184569464
20.100352588,96.37792184569464
20.103713262000003,96.377888335373
20.104625952000003,96.377888335373
20.106142932,96.37793022327504
20.107826741,96.37793022327504
20.110680904000002,96.37793022327504
20.11198319,96.37793022327504
20.113908884,96.37795535601629
20.115838974000003,96.37794697843587
20.118148928,96.37793022327504
20.120672355,96.37791346811423
20.122478086,96.37791346811423
20.12605843,96.37791346811423
20.126873224,96.37791346811423
20.128636713000002,96.37791346811423
20.129876111,96.37791346811423
20.131823752000003,96.377888335373
20.133720977000003,96.37790509053383
20.135694704000002,96.37793022327504
20.138184312,96.37789671295342
20.140803083,96.37792184569464
20.141998888,96.37792184569464
20.144103668,96.37792184569464
20.146196283000002,96.37793022327504
20.149135849,96.37793022327504
20.150087261000003,96.37791346811423
20.15258065,96.37787158021219
20.155200172,96.37792184569464
20.156679563,96.37793022327504
20.15825729,96.37789671295342
20.163193277,96.37791346811423
20.163205344,96.37791346811423
20.165255983,96.37790509053383
20.166126987000002,96.37790509053383
20.169252222,96.377888335373
20.170445432,96.37792184569464
20.171834595,96.3778799577926
20.175668208,96.37789671295342
20.176622196,96.37789671295342
20.178597370000002,96.37787158021219
20.181243617,96.3778799577926
20.183698241000002,96.37787158021219
20.184328904,96.37790509053383
20.186194017000002,96.37790509053383
20.188208994,96.37786320263177
20.189984914,96.37787158021219
20.191980953,96.37787158021219
20.193705963000003,96.377888335373
20.195758816,96.37785482505136
20.198345937000003,96.37789671295342
20.200297387000003,96.37787158021219
20.203427024,96.37791346811423
20.206521342000002,96.37789671295342
20.207178353,96.37789671295342
20.207983600000002,96.37789671295342
20.210050287,96.37789671295342
20.212615457000002,96.37782131472973
20.213682496,96.37783806989056
20.216588023,96.37790509053383
20.217710266,96.37786320263177
20.220904812,96.377888335373
20.222704624000002,96.377888335373
20.223821574000002,96.377888335373
20.227311149000002,96.37790509053383
20.228317936,96.37786320263177
20.229837807000003,96.37787158021219
20.231748147,96.377888335373
20.235286873,96.37787158021219
20.237836650000002,96.37783806989056
20.239690085000003,96.37790509053383
20.241041729000003,96.37784644747096
20.242012266,96.377888335373
20.245823933,96.37785482505136
20.246531074,96.37785482505136
20.248003664000002,96.37786320263177
20.250530278000003,96.37791346811423
20.251730443,96.37791346811423
20.253881463000003,96.37789671295342
20.255785378000002,96.377888335373
20.257793904,96.37791346811423
20.261141523000003,96.37789671295342
20.262311313,96.37794697843587
20.26412758,96.37794697843587
20.266228924,96.37792184569464
20.269056386000003,96.37792184569464
20.270083758000002,96.37786320263177
20.271754597,96.37791346811423
20.274042516,96.37793022327504
20.276087665000002,96.37786320263177
20.28136616,96.3778799577926
20.281424751000003,96.37789671295342
20.282961294,96.3778799577926
20.284208841,96.3778799577926
20.285857198000002,96.3778799577926
20.288145534,96.3778799577926
20.291105318,96.37787158021219
20.292424307,96.37789671295342
20.295136810000002,96.37789671295342
20.296229855,96.37784644747096
20.297771567,96.37786320263177
20.301070387000003,96.37782969231014
20.303183894,96.3778799577926
20.305663103,96.37786320263177
20.306783625,96.37786320263177
20.308643456000002,96.37786320263177
20.310591816000002,96.37786320263177
20.312051026000002,96.37783806989056
20.314729525,96.37787158021219
20.316209389,96.37789671295342
20.318869257000003,96.377888335373
20.320024848000003,96.37792184569464
20.323202739000003,96.37795535601629
20.32547067,96.377888335373
20.326551798,96.377888335373
20.327897313,96.37792184569464
20.329974926000002,96.37794697843587
20.332442288000003,96.37794697843587
20.333797597,96.37794697843587
20.335894618,96.37794697843587
20.338138964000002,96.37791346811423
20.341106849000003,96.37793022327504
20.341905433,96.377888335373
20.3448524,96.377888335373
20.346139808,96.3779721111771
20.348048108,96.3779721111771
20.349935391000002,96.37785482505136
20.352423383,96.37793860085546
20.354502864,96.37793860085546
20.356089707000002,96.37787158021219
20.358930337,96.37789671295342
20.360719033000002,96.37791346811423
20.362423626,96.37792184569464
20.364349721,96.37792184569464
20.369590412,96.37791346811423
20.369608088,96.37790509053383
20.371343276,96.37790509053383
20.372388054,96.37789671295342
20.374133505,96.37789671295342
20.37620014,96.37794697843587
20.378080212,96.37794697843587
20.381128231,96.37787158021219
20.383645696000002,96.37790509053383
20.384724208,96.37790509053383
20.386494787,96.37789671295342
20.388112352,96.37789671295342
20.390337982000002,96.37789671295342
20.393286874,96.37787158021219
20.394016530000002,96.3778799577926
20.396590571,96.37789671295342
20.398108116,96.37789671295342
20.400741850000003,96.377888335373
20.401956661,96.37787158021219
20.40432085,96.37787158021219
20.407608691,96.37789671295342
20.408708863,96.37789671295342
20.410631476000002,96.3778799577926
20.412980444000002,96.37786320263177
20.41533759,96.37786320263177
20.41627312,96.37787158021219
20.418161905,96.37785482505136
20.420826249,96.37792184569464
20.422144051,96.37789671295342
20.424586085,96.37789671295342
20.427376153,96.37794697843587
20.428233451,96.37794697843587
20.429905117,96.37792184569464
20.431820383,96.3778799577926
20.434523876,96.3778799577926
20.435791279,96.3778799577926
20.437744006000003,96.377888335373
20.441338063,96.37790509053383
20.44360807,96.37793022327504
20.444767432000003,96.37793022327504
20.445923601,96.3778799577926
20.448149417,96.3778799577926
20.450999783,96.37789671295342
20.452295499,96.37787158021219
20.45413374,96.37789671295342
20.455770781000002,96.37786320263177
20.458464669,96.37786320263177
20.463160870000003,96.37792184569464
20.463240928,96.37790509053383
20.465691874,96.37786320263177
20.466255983,96.37786320263177
20.467996739,96.37787158021219
20.470406819,96.37787158021219
20.471890353000003,96.377888335373
20.473881395000003,96.377888335373
20.475830782000003,96.3778799577926
20.478309097,96.37789671295342
20.482750162000002,96.377888335373
20.483550743000002,96.37792184569464
20.48549208,96.37792184569464
20.486348353,96.37792184569464
20.489580332000003,96.37792184569464
20.490690678,96.37790509053383
20.493713133,96.37791346811423
20.494385853,96.37791346811423
20.496680523000002,96.37791346811423
20.49819632,96.37794697843587
20.50014557,96.37792184569464
20.502280792,96.37792184569464
20.504648608,96.37792184569464
20.506171350000002,96.3778799577926
20.508513253,96.3778799577926
20.510249185000003,96.3778799577926
20.512341528,96.3778799577926
20.514080173,96.37789671295342
20.516470097000003,96.37789671295342
20.517858097,96.37787158021219
20.521065176,96.37791346811423
20.522637483,96.3778799577926
20.524304475,96.3778799577926
20.525894432,96.37790509053383
20.528366188,96.37790509053383
20.530016131,96.37792184569464
20.532005697000002,96.37793860085546
20.533722293,96.377888335373
20.535908881,96.37792184569464
20.537692738,96.37793860085546
20.543455048000002,96.37791346811423
20.544026773000002,96.37791346811423
20.544789879,96.37796373359669
20.546531329,96.37796373359669
20.548036925,96.37798048875752
20.550118335,96.37798048875752
20.552806084,96.37793860085546
20.554359741000003,96.37794697843587
20.556565723000002,96.37790509053383
20.558279641000002,96.37790509053383
20.560932241,96.37794697843587
20.562377779000002,96.37794697843587
20.564303964,96.37794697843587
20.565889133000002,96.37791346811423
20.567884538,96.37792184569464
20.571792173000002,96.37792184569464
20.572311226,96.37792184569464
20.573770028000002,96.37793022327504
20.577255161,96.37798048875752
20.578365316000003,96.37794697843587
20.580632775,96.37791346811423
20.582969209,96.37794697843587
20.584305506,96.37794697843587
20.586231014000003,96.37793860085546
20.587858803,96.37793860085546
20.591563031,96.37792184569464
20.593969278000003,96.37791346811423
20.59466987,96.37792184569464
20.596038178,96.37792184569464
20.598225172000003,96.37792184569464
20.601387535,96.37792184569464
20.604660216000003,96.37790509053383
20.605532539000002,96.37790509053383
20.607182291,96.37792184569464
20.608566719000002,96.37792184569464
20.611719449000002,96.37789671295342
20.612296459,96.37795535601629
20.615185077,96.37791346811423
20.61603298,96.37793022327504
20.617895054,96.37791346811423
20.62061814,96.37792184569464
20.623584154,96.37787158021219
20.625028135,96.37787158021219
20.626366333,96.37790509053383
20.62816617,96.37789671295342
20.630332076000002,96.37789671295342
20.632075534000002,96.37789671295342
20.635347044,96.37789671295342
20.637894196,96.37793860085546
20.639920667000002,96.377888335373
20.641619209,96.37793022327504
20.643439971000003,96.37794697843587
20.645554411000003,96.37793022327504
20.646359842000003,96.37793022327504
20.648248596000002,96.37789671295342
20.650225391000003,96.37789671295342
20.653217566000002,96.37792184569464
20.654270964000002,96.37795535601629
20.656558899,96.37791346811423
20.658222759,96.37792184569464
20.660972143000002,96.37792184569464
20.662084752000002,96.37793022327504
20.664822111000003,96.37793022327504
20.666191558,96.37794697843587
20.668314897000002,96.37794697843587
20.669708648,96.37792184569464
20.671845694,96.37792184569464
20.675125324,96.37794697843587
20.676024767,96.37795535601629
20.677904037,96.37790509053383
20.679727611,96.37794697843587
20.682638308,96.37787158021219
20.683764825,96.37796373359669
20.686219081,96.37796373359669
20.688071230000002,96.37791346811423
20.689947729,96.377888335373
20.693253037,96.37793860085546
20.696631335000003,96.37791346811423
20.697917821,96.37791346811423
20.700573495,96.3778799577926
20.701539688,96.37791346811423
20.702406875,96.37789671295342
20.705042415,96.37790509053383
20.705905400000002,96.37789671295342
20.707870886000002,96.37789671295342
20.710203091,96.37787158021219
20.713183323000003,96.37787158021219
20.715011792000002,96.377888335373
20.716065288000003,96.37793022327504
20.718257433,96.37789671295342
20.720104509000002,96.377888335373
20.723296563,96.37789671295342
20.724368693000002,96.37792184569464
20.726750096,96.37792184569464
20.728531361,96.377888335373
20.730945788,96.377888335373
20.732240414,96.37787158021219
20.733817063,96.37787158021219
20.735843673,96.37785482505136
20.737883024000002,96.37789671295342
20.739763625000002,96.37789671295342
20.742499857000002,96.37791346811423
20.745894569,96.3778799577926
20.746599125000003,96.3778799577926
20.74848893,96.377888335373
20.751392833,96.37787158021219
20.753720763,96.37793022327504
20.755172223000002,96.37793022327504
20.756317976000002,96.37791346811423
20.758642441000003,96.37792184569464
20.760065709000003,96.3778799577926
20.764167359,96.37793860085546
20.764975244000002,96.37791346811423
20.766266917000003,96.37791346811423
20.768264261000002,96.37786320263177
20.770729703,96.37786320263177
20.774538850000003,96.377888335373
20.775350731,96.37792184569464
20.776510588,96.37792184569464
20.77807541,96.37789671295342
20.7818936,96.37789671295342
20.782785853,96.37789671295342
20.784502419000003,96.37789671295342
20.786745838,96.37789671295342
20.7890719,96.3778799577926
20.789924976000002,96.377888335373
20.79194184,96.37789671295342
20.793799371000002,96.37791346811423
20.796024266,96.37790509053383
20.797804137,96.3778799577926
20.802592807,96.37794697843587
20.803333416,96.37792184569464
20.804153331000002,96.37792184569464
20.805966185000003,96.37784644747096
20.807861768000002,96.37789671295342
20.810390443000003,96.37789671295342
20.811876344,96.37789671295342
20.814098644,96.37789671295342
20.815797229,96.37787158021219
20.81776305,96.37790509053383
20.820265748,96.37789671295342
20.821990588000002,96.37789671295342
20.825341083,96.377888335373
20.826614895000002,96.377888335373
20.828748481,96.37789671295342
20.830701631,96.37790509053383
20.832274101000003,96.37792184569464
20.834077714000003,96.37792184569464
20.836244389,96.37785482505136
20.837885562,96.37785482505136
20.839877843,96.37791346811423
20.843328596000003,96.3778799577926
20.845471139,96.37793860085546
20.846770738,96.37793860085546
20.848354787,96.37789671295342
20.850670565,96.37789671295342
20.851972290000003,96.37789671295342
20.854003333,96.37786320263177
20.856309471000003,96.37791346811423
20.858511119000003,96.37787158021219
20.861757899,96.37790509053383
20.862344018,96.37790509053383
20.865056459,96.37792184569464
20.866180384,96.37792184569464
20.868272843,96.37790509053383
20.870417615,96.37791346811423
20.873073878,96.37787158021219
20.874041793,96.37793860085546
20.876364517000003,96.377888335373
20.878462987000002,96.37794697843587
20.881225332,96.37787158021219
20.882233914,96.37787158021219
20.884359144,96.37791346811423
20.886330325000003,96.37791346811423
20.888120019000002,96.3779721111771
20.892401266,96.37794697843587
20.892929369,96.37792184569464
20.894021783000003,96.37792184569464
20.895919694,96.37794697843587
20.898313321,96.37794697843587
20.900114182000003,96.37789671295342
20.905603965,96.37795535601629
20.905636149000003,96.37795535601629
20.906553781000003,96.37794697843587
20.908234189,96.37794697843587
20.910275269,96.37790509053383
20.914008414,96.3779721111771
20.914691346,96.3779721111771
20.916733750000002,96.3779721111771
20.918520316000002,96.3779721111771
20.920705485000003,96.37795535601629
20.923090576,96.37795535601629
20.925318515,96.37793860085546
20.926565163000003,96.37793860085546
20.927919408,96.37799724391833
20.930021849000003,96.37798048875752
20.933310396,96.3779721111771
20.934291904000002,96.37792184569464
20.936820707000003,96.37795535601629
20.937758053,96.37794697843587
20.940383776,96.37796373359669
20.944085534000003,96.37798886633792
20.944808994000002,96.37798886633792
20.946001195,96.37794697843587
20.947795259000003,96.37794697843587
20.949838196,96.37794697843587
20.952561063,96.37794697843587
20.953951235,96.37794697843587
20.955872052,96.37800562149873
20.958669264,96.37795535601629
20.961130670000003,96.37795535601629
20.96350453,96.37793860085546
20.964651236,96.37793860085546
20.966815320000002,96.3779721111771
20.968792085,96.3779721111771
20.970308259000003,96.37794697843587
20.973441817,96.37794697843587
20.974193357,96.37800562149873
20.975883053,96.37793860085546
20.977976381,96.37792184569464
20.980931157,96.37792184569464
20.982525889,96.37796373359669
20.984734266,96.37796373359669
20.988131899000003,96.37796373359669
20.988792967000002,96.37796373359669
20.990132363,96.37794697843587
20.992368496,96.37798048875752
20.994137345000002,96.37792184569464
20.996616734,96.37792184569464
20.997990669,96.37791346811423
20.99995102,96.37795535601629
21.005147192000003,96.37794697843587
21.006339318000002,96.37794697843587
21.007022621,96.37794697843587
21.008281868,96.37793022327504
21.009973433000003,96.37793022327504
21.012837724,96.37793860085546
21.014326616,96.37793860085546
21.016099448000002,96.37793022327504
21.018031327000003,96.3779721111771
21.021426887,96.37798048875752
21.022323749,96.37798048875752
21.026043321000003,96.37793022327504
21.026781137,96.37793022327504
21.027908091,96.37795535601629
21.030230476,96.37798048875752
21.031968435,96.37792184569464
21.035681056,96.3779721111771
21.036591703000003,96.3779721111771
21.037891101,96.37800562149873
21.040600014000002,96.37796373359669
21.043679975,96.37792184569464
21.044897048000003,96.37792184569464
21.046068801,96.37789671295342
21.048250982000003,96.37789671295342
21.050520296000002,96.37793022327504
21.052050477,96.37796373359669
21.054233516,96.37796373359669
21.057770914000002,96.37794697843587
21.058638942,96.37794697843587
21.059921756,96.37793860085546
21.062760439,96.37800562149873
21.065184355000003,96.37792184569464
21.066719131000003,96.37792184569464
21.068007687,96.37793022327504
21.069902683000002,96.37794697843587
21.072534285,96.37795535601629
21.073886439000002,96.37792184569464
21.075905581,96.37793860085546
21.077955300000003,96.37791346811423
21.081200298000002,96.37792184569464
21.082716639,96.37798048875752
21.084513776,96.37798048875752
21.086046590000002,96.37798048875752
21.088327717000002,96.37798048875752
21.091347316,96.37793860085546
21.092239625,96.37794697843587
21.094327928000002,96.37794697843587
21.096085248,96.37794697843587
21.098121991000003,96.37794697843587
21.101289905,96.37794697843587
21.102200453000002,96.37792184569464
21.104221278,96.37792184569464
21.105881939,96.37789671295342
21.10787805,96.37789671295342
21.111190413000003,96.37789671295342
21.112558537,96.37790509053383
21.113940525,96.37789671295342
21.115800801000002,96.37796373359669
21.118958762000002,96.37796373359669
21.120644816000002,96.37791346811423
21.122243247,96.37791346811423
21.124779267,96.3778799577926
21.126803585,96.3778799577926
21.128003066,96.37792184569464
21.130342430000002,96.37792184569464
21.131826175,96.377888335373
21.133932844,96.37792184569464
21.136316518,96.377888335373
21.139298066000002,96.37793022327504
21.140365946000003,96.37793022327504
21.143271397000003,96.37790509053383
21.144521215,96.37790509053383
21.146411786,96.37790509053383
21.148069901000003,96.37792184569464
21.150146661,96.37791346811423
21.152076121,96.37792184569464
21.154427914000003,96.37793860085546
21.156057084,96.37793022327504
21.159285733,96.37793022327504
21.160432825,96.37791346811423
21.162117937,96.37792184569464
21.164004543,96.37791346811423
21.166930796000003,96.37791346811423
21.168639436000003,96.37793022327504
21.170250673,96.37793022327504
21.174457312,96.37794697843587
21.175295795,96.377888335373
21.176193361000003,96.37790509053383
21.178607541,96.37790509053383
21.181799148,96.3778799577926
21.184426905000002,96.37792184569464
21.185857156,96.37792184569464
21.186987809,96.37792184569464
21.189574844000003,96.37790509053383
21.190073703000003,96.37790509053383
21.192032237000003,96.37787158021219
21.193963384,96.37792184569464
21.197221081000002,96.377888335373
21.198267451000003,96.37790509053383
21.201211668000003,96.37789671295342
21.203603963000003,96.37790509053383
21.204329498,96.37790509053383
21.206120415,96.37794697843587
21.208034505,96.37794697843587
21.210378178000003,96.37793022327504
21.212631015000003,96.37793022327504
21.214123371000003,96.377888335373
21.218000889000002,96.37793022327504
21.218765060000003,96.37794697843587
21.221038878,96.37794697843587
21.223921198000003,96.37793860085546
21.224987898000002,96.37793860085546
21.227346297,96.37793022327504
21.228129655,96.37793022327504
21.231551375000002,96.37792184569464
21.232789258,96.37792184569464
21.234041446000003,96.37794697843587
21.237510626000002,96.37795535601629
21.238707635,96.37795535601629
21.241284756000002,96.3778799577926
21.241878970000002,96.3778799577926
21.244687665,96.37789671295342
21.24694096,96.37787158021219
21.248472877,96.37787158021219
21.249933235,96.37783806989056
21.252527641,96.37784644747096
21.254089209,96.37784644747096
21.255887738000002,96.37785482505136
21.258199383,96.37785482505136
21.261499499000003,96.37784644747096
21.262322657000002,96.37784644747096
21.264098958,96.37782969231014
21.266446053000003,96.37782969231014
21.268519782000002,96.37782969231014
21.270170124,96.37778780440809
21.272034612000002,96.37778780440809
21.27528148,96.37781293714932
21.276496690000002,96.37781293714932
21.278502558,96.37781293714932
21.280598598,96.37782131472973
21.282310866,96.37783806989056
21.284211489,96.37783806989056
21.286097951000002,96.3778799577926
21.287826147,96.3778799577926
21.289928407,96.37782969231014
21.293168008000002,96.3778799577926
21.294524981000002,96.37783806989056
21.295880244000003,96.37787158021219
21.297901931000002,96.377888335373
21.303275837,96.37783806989056
21.303292543,96.37785482505136
21.304514418,96.37785482505136
21.305940471000003,96.37785482505136
21.307956767,96.37789671295342
21.310593637,96.37787158021219
21.311988987000003,96.37789671295342
21.314572073,96.37786320263177
21.315846182,96.3778799577926
21.318075,96.37785482505136
21.320749859000003,96.37790509053383
21.323610777000003,96.37785482505136
21.324993132000003,96.37785482505136
21.32603839,96.37783806989056
21.327942764000003,96.37783806989056
21.330096562,96.37786320263177
21.332628549000002,96.37783806989056
21.33388841,96.37783806989056
21.336078184,96.37782969231014
21.338238638,96.37785482505136
21.341044609,96.37787158021219
21.343167213,96.37787158021219
21.344223088,96.37787158021219
21.346203356,96.37787158021219
21.348439314,96.37787158021219
21.350277537,96.37789671295342
21.352118034,96.37791346811423
21.353982076,96.37794697843587
21.356611475,96.37796373359669
21.35816715,96.37791346811423
21.361454682,96.37794697843587
21.36486736,96.3779721111771
21.364924622,96.37793860085546
21.366409749000002,96.37793860085546
21.370572390000003,96.37795535601629
21.373199721000002,96.37795535601629
21.373517571,96.37794697843587
21.374715661,96.37794697843587
21.375905204000002,96.37796373359669
21.377945435,96.37794697843587
21.381080428,96.37803075423997
21.382602437000003,96.37803075423997
21.386263442,96.3779721111771
21.387061911,96.3779721111771
21.38813447,96.37798048875752
21.389994888,96.37800562149873
21.39188038,96.37801399907914
21.395239193000002,96.37800562149873
21.396091375,96.37800562149873
21.398634576000003,96.37803075423997
21.400052008000003,96.37802237665956
21.403096663000003,96.37799724391833
21.404206349000003,96.37802237665956
21.406239799,96.37802237665956
21.407916545000003,96.37800562149873
21.410504254000003,96.37802237665956
21.412697987,96.37800562149873
21.415049996,96.37800562149873
21.416110080000003,96.37800562149873
21.419036772000002,96.37799724391833
21.420662622000002,96.37799724391833
21.423580402000002,96.37800562149873
21.424625918,96.37800562149873
21.426505935,96.37801399907914
21.428047842,96.37801399907914
21.429960869000002,96.37800562149873
21.432138466,96.37798048875752
21.435312291000002,96.37798048875752
21.436329666000002,96.37798048875752
21.437933584,96.3779721111771
21.441483021,96.37795535601629
21.442287615,96.37798048875752
21.445411641,96.37798048875752
21.447613947,96.3779721111771
21.448726372000003,96.3779721111771
21.449993089000003,96.37796373359669
21.452281831,96.37794697843587
21.454193378000003,96.37798048875752
21.456298275,96.37796373359669
21.457993223000003,96.37791346811423
21.460562857000003,96.37795535601629
21.462753819,96.37795535601629
21.465424205,96.3779721111771
21.466601506,96.3779721111771
21.470160344,96.37793022327504
21.471003944,96.37794697843587
21.473246327000002,96.37794697843587
21.474476457,96.37794697843587
21.475804509,96.37792184569464
21.477966180000003,96.37796373359669
21.481031143000003,96.37790509053383
21.483080378,96.37790509053383
21.484513566,96.37796373359669
21.486131578000002,96.37796373359669
21.489076887000003,96.37795535601629
21.489926387,96.37795535601629
21.491789750000002,96.37793022327504
21.493797604,96.37793022327504
21.498025686000002,96.37794697843587
21.499847433000003,96.37794697843587
21.500993327,96.37794697843587
21.502453573,96.37793860085546
21.505265032,96.37793860085546
21.507266299,96.37795535601629
21.508382642,96.37795535601629
21.509819939,96.37795535601629
21.512748122,96.37798048875752
21.513806501,96.37798048875752
21.515821487,96.37798048875752
21.519298385000003,96.37796373359669
21.520143742000002,96.37796373359669
21.523320662,96.37796373359669
21.524083740000002,96.37798886633792
21.526314222,96.37798886633792
21.527998055,96.37796373359669
21.530388129000002,96.37798048875752
21.531855286000003,96.37798048875752
21.533981973000003,96.37798048875752
21.535988699,96.37793860085546
21.537932790000003,96.37795535601629
21.540620566,96.3779721111771
21.542213667000002,96.37793022327504
21.545901977,96.37793022327504
21.546551518,96.37793022327504
21.548517777,96.37794697843587
21.550120386,96.37794697843587
21.552618791,96.37794697843587
21.553911049,96.37798048875752
21.556284954000002,96.37793022327504
21.557821054,96.37794697843587
21.561021649,96.37798886633792
21.561933387,96.37794697843587
21.563914673000003,96.37794697843587
21.565963283000002,96.3779721111771
21.568604249,96.3779721111771
21.570275688000002,96.3779721111771
21.573243478000002,96.37798048875752
21.574607284000002,96.37794697843587
21.575777513000002,96.37796373359669
21.577937767,96.37794697843587
21.580648030000003,96.37795535601629
21.583271406,96.37796373359669
21.584432340000003,96.37796373359669
21.585892454,96.37798886633792
21.588534061,96.37798886633792
21.589950322,96.37794697843587
21.592191755,96.37794697843587
21.593952242,96.37796373359669
21.596104973000003,96.37794697843587
21.597807701,96.37794697843587
21.600830136000003,96.37792184569464
21.603948835,96.37792184569464
21.604541128,96.37792184569464
21.605899738,96.37794697843587
21.608955622,96.37794697843587
21.609904616,96.37798048875752
21.611823179,96.37793860085546
21.613741739,96.37787158021219
21.615987151000002,96.37793860085546
21.618717567,96.37791346811423
21.620354080000002,96.377888335373
21.623589013,96.377888335373
21.625598876,96.377888335373
21.626725521,96.377888335373
21.627877139000002,96.37792184569464
21.631978807000003,96.37793860085546
21.632588922,96.377888335373
21.635634585000002,96.37791346811423
21.636579205,96.37789671295342
21.637892489000002,96.37792184569464
21.641290972,96.37790509053383
21.644197663,96.37787158021219
21.645073865,96.37787158021219
21.646257315,96.37789671295342
21.647900935000003,96.37789671295342
21.651307639000002,96.377888335373
21.652498821000002,96.37789671295342
21.653875936000002,96.37789671295342
21.655760516,96.377888335373
21.658749888000003,96.37792184569464
21.659749325,96.37791346811423
21.663204312,96.37792184569464
21.663935413,96.37790509053383
21.666293185,96.37790509053383
21.667898251,96.37790509053383
21.669919983,96.37790509053383
21.672450959000003,96.37790509053383
21.673813331,96.37790509053383
21.675764540000003,96.377888335373
21.678844261000002,96.37789671295342
21.681214801000003,96.377888335373
21.682181073000002,96.37789671295342
21.685804002,96.37790509053383
21.686636126,96.37790509053383
21.690174554000002,96.37791346811423
21.690958829000003,96.37791346811423
21.69196238,96.37792184569464
21.693835726,96.37789671295342
21.695891805000002,96.37791346811423
21.698272213000003,96.37790509053383
21.701503625,96.37792184569464
21.702555460000003,96.37792184569464
21.704131549000003,96.37792184569464
21.705949682,96.37789671295342
21.708569769,96.37794697843587
21.709994328,96.377888335373
21.712364284000003,96.37791346811423
21.713783446,96.37787158021219
21.716567248,96.37792184569464
21.71812126,96.37791346811423
21.721305045,96.37790509053383
21.722061529,96.37791346811423
21.724598406000002,96.37791346811423
21.726329368000002,96.37792184569464
21.727964246000003,96.37792184569464
21.730160988,96.37789671295342
21.732080549000003,96.37790509053383
21.733858207,96.37792184569464
21.735934177,96.377888335373
21.738783871000003,96.37789671295342
21.740814803000003,96.37794697843587
21.743259092000002,96.37793860085546
21.744452027,96.37793860085546
21.746045412,96.37790509053383
21.748391903,96.37790509053383
21.750462872,96.377888335373
21.752645141000002,96.37793022327504
21.754455379000003,96.37794697843587
21.756372501,96.377888335373
21.758329210000003,96.3778799577926
21.761281035,96.3778799577926
21.762524172000003,96.37787158021219
21.764376769000002,96.37787158021219
21.766023844000003,96.37786320263177
21.768087148000003,96.37786320263177
21.770265764,96.37780455956892
21.772729449,96.37782969231014
21.774669648,96.37781293714932
21.776931750000003,96.37781293714932
21.7781907,96.37784644747096
21.779982921000002,96.37782969231014
21.784080469000003,96.37782969231014
21.785233603000002,96.37782131472973
21.786576179,96.37782131472973
21.788108205,96.37786320263177
21.790388336000003,96.37786320263177
21.792334954,96.37784644747096
21.793866137000002,96.37784644747096
21.796316806,96.37780455956892
21.798136904,96.37780455956892
21.804765492,96.37777942682767
21.804796226,96.37777942682767
21.805751111000003,96.37781293714932
21.807108996,96.37781293714932
21.809327475,96.37781293714932
21.8104842,96.37781293714932
21.812401763,96.37773753892562
21.814196209000002,96.37768727344319
21.817491337,96.37772916134523
21.818483706000002,96.37772078376481
21.820864367000002,96.37767051828236
21.822798707,96.37768727344319
21.824333212000003,96.37768727344319
21.827335359000003,96.37769565102359
21.828065117,96.37769565102359
21.830007784000003,96.37776267166687
21.831894035,96.37775429408646
21.834233209,96.37769565102359
21.835958104000003,96.37772078376481
21.838306422000002,96.37770402860399
21.840286561000003,96.37770402860399
21.842753991000002,96.37765376312154
21.844611856,96.37765376312154
21.846274540000003,96.37770402860399
21.848167101,96.37770402860399
21.850034623000003,96.3777124061844
21.851898151,96.37775429408646
21.854880382,96.37774591650604
21.857320794,96.37770402860399
21.8585578,96.37773753892562
21.860740863,96.3777124061844
21.862928034000003,96.3777124061844
21.865010685,96.3777124061844
21.866109548,96.3777124061844
21.867930609000002,96.3777124061844
21.870704086,96.37766214070194
21.872019731,96.37760349763909
21.874437678,96.37764538554113
21.876047318,96.37773753892562
21.878182338000002,96.37777942682767
21.881098188000003,96.37776267166687
21.882780071000003,96.37767889586277
21.885226016,96.37767889586277
21.88678689,96.37767889586277
21.88797638,96.3776202527999
21.890611449,96.3776118752195
21.891971974,96.3776118752195
21.895970995000003,96.3776286303803
21.897029352,96.3776286303803
21.898340331,96.3776202527999
21.900626085000003,96.3776286303803
21.902151996,96.3776118752195
21.904538717,96.3776118752195
21.906063500000002,96.37760349763909
21.907955548,96.37760349763909
21.910431820000003,96.37770402860399
21.912615485,96.37767889586277
21.914113518,96.37772078376481
21.916381339,96.37769565102359
21.918249288000002,96.37769565102359
21.921079857000002,96.37765376312154
21.922716955000002,96.37763700796071
21.924903341,96.37763700796071
21.926127725,96.37767889586277
21.928433995000002,96.37766214070194
21.929965181,96.37767051828236
21.933266624,96.37765376312154
21.935865115000002,96.37764538554113
21.938617209,96.37767051828236
21.938638518,96.37763700796071
21.941868684000003,96.37760349763909
21.944847595000002,96.3776286303803
21.945229094000002,96.3776202527999
21.946515220000002,96.3776286303803
21.948590613,96.3776286303803
21.95028074,96.37765376312154
21.952112421000002,96.37756998731744
21.954061276,96.37760349763909
21.957573365000002,96.37756160973703
21.958689164000003,96.37750296667417
21.960082706,96.37751134425457
21.962610822000002,96.3774527011917
21.964006534000003,96.37743594603089
21.966231792000002,96.3773689253876
