t,value
0.0,1.0857134771296086
0.00015933400000000002,1.0857553650316565
0.00019675200000000002,1.0857134771296086
0.00022529300000000003,1.0857693276656724
0.000253732,1.0857693276656724
0.000276701,1.0857344210806326
0.000303669,1.0857763089826804
0.00032646700000000004,1.0857483837146484
0.00034794700000000003,1.0857344210806326
0.00037722,1.0857274397636245
0.001720252,1.0857553650316565
0.0035870040000000004,1.0857763089826804
0.005537382,1.0857763089826804
0.007553972000000001,1.0857344210806326
0.009492092,1.0857972529337043
0.011572955000000001,1.0857344210806326
0.013752253,1.0857693276656724
0.015549818000000002,1.0857344210806326
0.017649085000000002,1.0857693276656724
0.019697370000000002,1.0856925331785847
0.021691356000000002,1.0857274397636245
0.023585613000000002,1.0857344210806326
0.025664174,1.0857344210806326
0.027587791,1.0857693276656724
0.030293427,1.0857064958126006
0.031630776,1.0857064958126006
0.033510011,1.0857483837146484
0.035584471,1.0857483837146484
0.037553356,1.0857344210806326
0.039532545,1.0857344210806326
0.0416515,1.0857972529337043
0.043518272000000004,1.0857553650316565
0.045535454,1.0857344210806326
0.047524550000000006,1.0857553650316565
0.049506059000000005,1.0857134771296086
0.0514184,1.0857134771296086
0.053608779,1.0857344210806326
0.055428865,1.0857553650316565
0.057415905,1.0857763089826804
0.05941843300000001,1.0857553650316565
0.061536988,1.0857344210806326
0.06349603000000001,1.0857274397636245
0.065573278,1.0857693276656724
0.06742055500000001,1.0857344210806326
0.06943531600000001,1.0857693276656724
0.071451575,1.0857344210806326
0.07345328100000001,1.0857274397636245
0.07544281,1.0857483837146484
0.077439518,1.0857274397636245
0.079443572,1.0857344210806326
0.081459294,1.0857344210806326
0.083442978,1.0857693276656724
0.085444457,1.0857064958126006
0.087441789,1.0857483837146484
0.089435834,1.0857134771296086
0.09142317300000001,1.0857693276656724
0.093500728,1.0857972529337043
0.095446188,1.0857693276656724
0.097437799,1.0857763089826804
0.099421987,1.0857763089826804
0.101460649,1.0857693276656724
0.10344207400000001,1.0857553650316565
0.105400059,1.0857344210806326
0.10743770600000001,1.0857693276656724
0.109442179,1.0857344210806326
0.11141284400000001,1.0857344210806326
0.113434009,1.0857553650316565
0.11543792000000001,1.0857134771296086
0.11750984800000001,1.0857693276656724
0.11945309900000001,1.0857553650316565
0.121413375,1.0857483837146484
0.123425002,1.0857483837146484
0.12541628200000002,1.0857483837146484
0.127442931,1.0857274397636245
0.129415995,1.0857344210806326
0.13144734400000002,1.0857483837146484
0.13344271600000002,1.0857483837146484
0.13545246,1.0857274397636245
0.13744846800000002,1.0857134771296086
0.139397233,1.0857693276656724
0.141397941,1.0857064958126006
0.14343223300000002,1.0857344210806326
0.145460948,1.0857553650316565
0.147454094,1.0857693276656724
0.14940156100000002,1.0857693276656724
0.15143462900000002,1.0857693276656724
0.153431277,1.0857344210806326
0.155419135,1.0857483837146484
0.157432458,1.0857553650316565
0.159431593,1.0857483837146484
0.16141728500000002,1.0857344210806326
0.16340825,1.0857763089826804
0.16542746800000002,1.0857274397636245
0.167407684,1.0857693276656724
0.16944292900000002,1.0857553650316565
0.17144614900000002,1.0857553650316565
0.17345221000000002,1.0857483837146484
0.175428374,1.0857274397636245
0.177430039,1.0857483837146484
0.179435629,1.0857274397636245
0.181449094,1.0857483837146484
0.183439344,1.0857553650316565
0.18544870200000002,1.0857763089826804
0.187463823,1.0857553650316565
0.189421004,1.0856925331785847
0.19145571600000003,1.0857902716166965
0.193432356,1.0857483837146484
0.195423958,1.0857553650316565
0.197413797,1.0857483837146484
0.19942730700000003,1.0857553650316565
0.201444229,1.0857274397636245
0.20340845800000001,1.0857134771296086
0.20542247700000002,1.0857553650316565
0.207424086,1.0857902716166965
0.209431047,1.0857763089826804
0.21142933600000002,1.0857483837146484
0.213429675,1.0857483837146484
0.215428472,1.0857064958126006
0.21742413000000002,1.0857553650316565
0.219418039,1.0857483837146484
0.22143812000000002,1.0857693276656724
0.223430325,1.0857902716166965
0.22541559400000002,1.0857274397636245
0.227444161,1.0857483837146484
0.22945298600000003,1.0857693276656724
0.23145151700000002,1.0857693276656724
0.23341830200000002,1.0857483837146484
0.23543412400000002,1.0857344210806326
0.237402301,1.0857344210806326
0.23950359300000001,1.0857693276656724
0.24140713200000002,1.0857553650316565
0.243444499,1.0857553650316565
0.245426055,1.0857553650316565
0.24744189900000002,1.0857344210806326
0.249425834,1.0857693276656724
0.251416865,1.0857483837146484
0.25346857,1.0857693276656724
0.255434541,1.0857483837146484
0.25745624100000003,1.0857902716166965
0.259400846,1.0857483837146484
0.26142643400000004,1.0857344210806326
0.26342102900000003,1.0857274397636245
0.265404978,1.0857483837146484
0.26744047000000004,1.0857064958126006
0.269410132,1.0857274397636245
0.271420104,1.0857344210806326
0.273465936,1.0857763089826804
0.275434659,1.0857483837146484
0.277435252,1.0857693276656724
0.279433978,1.0857344210806326
0.281400888,1.0856925331785847
0.28344987600000005,1.0857553650316565
0.285446333,1.0857483837146484
0.287416019,1.0857553650316565
0.289421649,1.0857902716166965
0.291429849,1.0857693276656724
0.2934445,1.0857134771296086
0.29540865800000005,1.0857553650316565
0.297449874,1.0857344210806326
0.299431376,1.0857553650316565
0.301399886,1.0857553650316565
0.30343828100000003,1.0857134771296086
0.30541991300000004,1.0857483837146484
0.307409456,1.0857553650316565
0.30945895900000003,1.0857693276656724
0.311439426,1.0857483837146484
0.313475862,1.0857483837146484
0.31550487800000004,1.0857483837146484
0.317428107,1.0857553650316565
0.319401451,1.0857274397636245
0.32141404100000004,1.0857553650316565
0.323429383,1.0857274397636245
0.325453304,1.0857344210806326
0.327431853,1.0857763089826804
0.32944832100000004,1.0857553650316565
0.33140023500000004,1.0857693276656724
0.33341417300000004,1.0857693276656724
0.335468384,1.0857483837146484
0.33750909,1.0857553650316565
0.339544695,1.0857553650316565
0.34142700400000003,1.0857483837146484
0.343403153,1.0857483837146484
0.345396853,1.0857344210806326
0.34740731900000005,1.0857483837146484
0.349407307,1.0857344210806326
0.351441009,1.0857693276656724
0.35345598300000003,1.0857274397636245
0.35543165000000004,1.0857553650316565
0.357449157,1.0857553650316565
0.359425835,1.0857483837146484
0.361404063,1.0857344210806326
0.363458987,1.0857763089826804
0.365426116,1.0857344210806326
0.367443189,1.0857274397636245
0.36946054700000003,1.0857274397636245
0.37141891400000004,1.0857483837146484
0.37344408,1.0857553650316565
0.37543515200000005,1.0857693276656724
0.37743197700000003,1.0857344210806326
0.379462467,1.0857274397636245
0.381445366,1.0857344210806326
0.38343792800000004,1.0857693276656724
0.38545753800000004,1.0857553650316565
0.387423832,1.0857483837146484
0.389411671,1.0857274397636245
0.39143855000000005,1.0857344210806326
0.39352197400000005,1.0857134771296086
0.39549984600000004,1.0857553650316565
0.39747424600000003,1.0857483837146484
0.399483554,1.0857344210806326
0.40151229600000005,1.0857344210806326
0.403515057,1.0857693276656724
0.40551663600000004,1.0857274397636245
0.40756995,1.0857344210806326
0.40949486100000004,1.0857693276656724
0.411433763,1.0857972529337043
0.413616032,1.0857902716166965
0.41549299500000003,1.0857134771296086
0.417541853,1.0857483837146484
0.41953401,1.0857763089826804
0.421557622,1.0857134771296086
0.423490099,1.0857483837146484
0.42544907800000004,1.0857344210806326
0.42743724800000005,1.0857483837146484
0.42942597800000004,1.0856925331785847
0.431404373,1.0857483837146484
0.433462116,1.0857693276656724
0.43546042300000004,1.0857483837146484
0.43741184400000005,1.0857483837146484
0.439444184,1.0857344210806326
0.441415151,1.0857553650316565
0.44345895300000004,1.0857553650316565
0.44546686,1.0856925331785847
0.44742940800000003,1.0857763089826804
0.449421815,1.0857483837146484
0.451460937,1.0857763089826804
0.45345783100000003,1.0857902716166965
0.455492881,1.0857134771296086
0.457427193,1.0857064958126006
0.45941815500000005,1.0857134771296086
0.46143420700000004,1.0857763089826804
0.46341040400000005,1.0857344210806326
0.46545495200000003,1.0857693276656724
0.46745095600000003,1.0857763089826804
0.46945602700000005,1.0857693276656724
0.47148887500000003,1.0857344210806326
0.47343407200000004,1.0857344210806326
0.475453224,1.0857693276656724
0.47743270600000004,1.0857483837146484
0.47943811300000005,1.0857344210806326
0.48146318800000004,1.0857483837146484
0.48344171700000005,1.0857483837146484
0.48545795700000005,1.0857553650316565
0.48740838300000006,1.0857344210806326
0.489446665,1.0858112155677204
0.49145566900000004,1.0857693276656724
0.49344636300000005,1.0857064958126006
0.49545608,1.0857483837146484
0.49743211400000004,1.0857553650316565
0.49948510900000004,1.0857483837146484
0.50142966,1.0857693276656724
0.503418661,1.0857344210806326
0.5054236010000001,1.0857693276656724
0.50744026,1.0857274397636245
0.50948582,1.0857902716166965
0.5114357460000001,1.0857972529337043
0.513446394,1.0857274397636245
0.5154238750000001,1.0857553650316565
0.517436903,1.0857344210806326
0.51943611,1.0857483837146484
0.521434806,1.0857064958126006
0.5234715010000001,1.0857274397636245
0.525410161,1.0857763089826804
0.527437985,1.0857972529337043
0.529411207,1.0856925331785847
0.531430866,1.0857693276656724
0.5334279310000001,1.0857553650316565
0.535401483,1.0857553650316565
0.53746118,1.0857693276656724
0.539411497,1.0857902716166965
0.541422916,1.0857693276656724
0.543500584,1.0857344210806326
0.545458093,1.0857693276656724
0.5474272410000001,1.0857134771296086
0.549439794,1.0857763089826804
0.551429037,1.0857483837146484
0.55345827,1.0857902716166965
0.555433994,1.0857274397636245
0.557409365,1.0857553650316565
0.559398708,1.0857483837146484
0.561445647,1.0857693276656724
0.5634146200000001,1.0857553650316565
0.56543237,1.0857483837146484
0.567450086,1.0857553650316565
0.569422163,1.0857902716166965
0.571411538,1.0857763089826804
0.573403436,1.0857134771296086
0.575440509,1.0857064958126006
0.577432433,1.0857693276656724
0.5795274260000001,1.0857553650316565
0.58141726,1.0857763089826804
0.5834467480000001,1.0857902716166965
0.585405307,1.0857553650316565
0.5874044310000001,1.0857483837146484
0.5893975370000001,1.0857553650316565
0.591449136,1.0857763089826804
0.593436653,1.0857972529337043
0.5954183040000001,1.0857553650316565
0.5974473450000001,1.0857483837146484
0.599400418,1.0857134771296086
0.601407243,1.0857344210806326
0.6034387250000001,1.0857972529337043
0.605421109,1.0857553650316565
0.607464016,1.0856925331785847
0.6094138760000001,1.0857483837146484
0.611469208,1.0857274397636245
0.613418511,1.0857763089826804
0.615553058,1.0857763089826804
0.6174791980000001,1.0857763089826804
0.619630529,1.0857483837146484
0.6216595140000001,1.0857763089826804
0.623646954,1.0857693276656724
0.625549416,1.0857553650316565
0.6274693880000001,1.0857134771296086
0.629432322,1.0857483837146484
0.631422361,1.0857483837146484
0.633454472,1.0857693276656724
0.635447871,1.0857693276656724
0.637441123,1.0857693276656724
0.639564272,1.0857763089826804
0.6415590520000001,1.0857902716166965
0.643542815,1.0857553650316565
0.645497027,1.0857693276656724
0.647492083,1.0857274397636245
0.6495529400000001,1.0857553650316565
0.6514546240000001,1.0857274397636245
0.6535544550000001,1.0857553650316565
0.655432672,1.0857693276656724
0.657505819,1.0857483837146484
0.659463119,1.0857763089826804
0.661439419,1.0857483837146484
0.6634748410000001,1.0857134771296086
0.665420168,1.0857483837146484
0.667533296,1.0857134771296086
0.669522531,1.0857553650316565
0.671501679,1.0857344210806326
0.673478005,1.0857483837146484
0.6755051200000001,1.0857344210806326
0.677602774,1.0857693276656724
0.679447095,1.0857134771296086
0.681500381,1.0857902716166965
0.6835573500000001,1.0857274397636245
0.685435454,1.0857483837146484
0.6875495420000001,1.0857902716166965
0.6895869680000001,1.0857693276656724
0.691616138,1.0857693276656724
0.6934898700000001,1.0857483837146484
0.6955002140000001,1.0857344210806326
0.6974918,1.0857483837146484
0.699496279,1.0857553650316565
0.701424889,1.0857553650316565
0.70348458,1.0857553650316565
0.7055031810000001,1.0857553650316565
0.707483011,1.0857344210806326
0.709518529,1.0857693276656724
0.711465643,1.0857483837146484
0.7134663790000001,1.0857693276656724
0.7154546770000001,1.0857902716166965
0.71752187,1.0857064958126006
0.719526258,1.0857274397636245
0.721475792,1.0857344210806326
0.723509099,1.0857553650316565
0.7254353530000001,1.0857763089826804
0.7274236620000001,1.0857344210806326
0.7294769400000001,1.0857483837146484
0.7314963790000001,1.0857344210806326
0.7334870870000001,1.0857553650316565
0.735485786,1.0857344210806326
0.737456648,1.0857972529337043
0.739464035,1.0857553650316565
0.741510671,1.0857693276656724
0.7434822280000001,1.0857763089826804
0.745457079,1.0857553650316565
0.74750249,1.0857274397636245
0.7494556320000001,1.0857693276656724
0.751552854,1.0857902716166965
0.7535291000000001,1.0857483837146484
0.755545765,1.0857344210806326
0.757511539,1.0857483837146484
0.759465763,1.0857693276656724
0.7616337320000001,1.0857344210806326
0.763430484,1.0857483837146484
0.765417898,1.0857483837146484
0.767424913,1.0858112155677204
0.7694187520000001,1.0857344210806326
0.7715346270000001,1.0857274397636245
0.773472186,1.0857274397636245
0.775480963,1.0857344210806326
0.7774725090000001,1.0857483837146484
0.7795017240000001,1.0857344210806326
0.7814133950000001,1.0857553650316565
0.7834831680000001,1.0857483837146484
0.785476609,1.0857553650316565
0.7874775300000001,1.0857344210806326
0.789500006,1.0857763089826804
0.7914199070000001,1.0857344210806326
0.7934658400000001,1.0857483837146484
0.7954942610000001,1.0857553650316565
0.7975316210000001,1.0857693276656724
0.799464963,1.0857763089826804
0.8015066970000001,1.0857483837146484
0.8034970950000001,1.0857483837146484
0.8055543930000001,1.0857344210806326
0.807438104,1.0857064958126006
0.8094893790000001,1.0857134771296086
0.8114762400000001,1.0857553650316565
0.8134287210000001,1.0857553650316565
0.8154196170000001,1.0857553650316565
0.8174420560000001,1.0857344210806326
0.819423291,1.0857274397636245
0.821438269,1.0857134771296086
0.823436001,1.0856715892275608
0.82540888,1.0857274397636245
0.8274261700000001,1.0857344210806326
0.829431951,1.0857553650316565
0.8314570680000001,1.0857483837146484
0.833540429,1.0857483837146484
0.8354363250000001,1.0857344210806326
0.837462091,1.0857693276656724
0.8394599330000001,1.0857553650316565
0.841432774,1.0857483837146484
0.843427888,1.0857693276656724
0.8454626930000001,1.0857553650316565
0.8474414480000001,1.0857763089826804
0.849458429,1.0857553650316565
0.8514150620000001,1.0857693276656724
0.853416324,1.0857902716166965
0.8554054640000001,1.0857902716166965
0.8574369000000001,1.0857553650316565
0.8594565270000001,1.0857483837146484
0.8614118260000001,1.0857483837146484
0.863459151,1.0857274397636245
0.86544708,1.0857553650316565
0.8675521970000001,1.0857483837146484
0.869448467,1.0857274397636245
0.8714455520000001,1.0857483837146484
0.8735592830000001,1.0857134771296086
0.8754763830000001,1.0857553650316565
0.8774259600000001,1.0857693276656724
0.879421584,1.0857134771296086
0.881465358,1.0857344210806326
0.883484448,1.0857972529337043
0.8854732580000001,1.0857693276656724
0.8875165690000001,1.0857344210806326
0.889486748,1.0857553650316565
0.8914496160000001,1.0857553650316565
0.8935211380000001,1.0857483837146484
0.895493465,1.0857763089826804
0.8974481120000001,1.0857693276656724
0.899454607,1.0857553650316565
0.9014988500000001,1.0857483837146484
0.903496751,1.0857483837146484
0.90547018,1.0857483837146484
0.907423755,1.0857344210806326
0.9094520290000001,1.0857763089826804
0.911437008,1.0857553650316565
0.913459165,1.0856715892275608
0.915480264,1.0857344210806326
0.91743777,1.0857763089826804
0.919546666,1.0857274397636245
0.9214331950000001,1.0857693276656724
0.9235150400000001,1.0857483837146484
0.9254641200000001,1.0857763089826804
0.9275426480000001,1.0857763089826804
0.9294758620000001,1.0857902716166965
0.9314514620000001,1.0857483837146484
0.933500788,1.0856855518615767
0.9354451970000001,1.0857134771296086
0.9374636780000001,1.0857553650316565
0.9394485100000001,1.0857483837146484
0.941484508,1.0857693276656724
0.9435447920000001,1.0857693276656724
0.945435047,1.0857344210806326
0.947469576,1.0857344210806326
0.949489664,1.0857483837146484
0.951434509,1.0857693276656724
0.95343591,1.0857483837146484
0.955452633,1.0857553650316565
0.9574569740000001,1.0857274397636245
0.9594570120000001,1.0857483837146484
0.961443625,1.0857483837146484
0.9634425360000001,1.0857344210806326
0.9654414160000001,1.0857134771296086
0.9674935360000001,1.0857344210806326
0.969466577,1.0857344210806326
0.971475328,1.0857344210806326
0.9735504150000001,1.0857344210806326
0.9754286080000001,1.0857483837146484
0.977438526,1.0857763089826804
0.979642608,1.0857274397636245
0.981498646,1.0857693276656724
0.9835390060000001,1.0857134771296086
0.9855185710000001,1.0857134771296086
0.9874853570000001,1.0857134771296086
0.98956131,1.0857483837146484
0.991541043,1.0857274397636245
0.9935082850000001,1.0857064958126006
0.9953964340000001,1.0857483837146484
0.9974369970000001,1.0857274397636245
0.999505505,1.0857763089826804
1.001439161,1.0857972529337043
1.003496662,1.0857344210806326
1.005613855,1.0857483837146484
1.0075211750000002,1.0857274397636245
1.0095166720000002,1.0857763089826804
1.011475125,1.0857902716166965
1.013479515,1.0857483837146484
1.015434847,1.0857134771296086
1.017458855,1.0857483837146484
1.019447223,1.0857693276656724
1.021425199,1.0857553650316565
1.0236158260000001,1.0857274397636245
1.0255761110000001,1.0857553650316565
1.0275038140000001,1.0857553650316565
1.030360237,1.0857134771296086
1.0315534450000001,1.0857134771296086
1.033643117,1.0857553650316565
1.035618536,1.0857693276656724
1.0375365170000002,1.0857693276656724
1.0395977760000001,1.0857483837146484
1.041477677,1.0857763089826804
1.043515111,1.0857483837146484
1.045497262,1.0857344210806326
1.047449515,1.0857134771296086
1.049418132,1.0857553650316565
1.051414832,1.0857064958126006
1.055646451,1.0857902716166965
1.0557017530000001,1.0857972529337043
1.057481358,1.0857693276656724
1.059464458,1.0857693276656724
1.0614579590000002,1.0857483837146484
1.063445811,1.0857972529337043
1.06543649,1.0857902716166965
1.067423089,1.0857763089826804
1.069440476,1.0858112155677204
1.071484939,1.0857483837146484
1.074692075,1.0857553650316565
1.0754476430000002,1.0857483837146484
1.077410471,1.0857344210806326
1.079418027,1.0857483837146484
1.081451995,1.0857483837146484
1.083430007,1.0857553650316565
1.0854521380000002,1.0857064958126006
1.087469578,1.0857553650316565
1.089479161,1.0857693276656724
1.091463412,1.0857483837146484
1.093458392,1.0857483837146484
1.0966644,1.0857763089826804
1.0974505300000001,1.0857553650316565
1.099431349,1.0857902716166965
1.101447534,1.0857553650316565
1.103470871,1.0857274397636245
1.105451129,1.0857274397636245
1.107479262,1.0857902716166965
1.110626015,1.0857902716166965
1.111444037,1.0857274397636245
1.113477797,1.0857902716166965
1.1154461210000002,1.0857483837146484
1.117434026,1.0857553650316565
1.1194723960000001,1.0857483837146484
1.1214807770000002,1.0857274397636245
1.123452448,1.0857134771296086
1.1255389770000002,1.0857134771296086
1.1296655770000001,1.0857763089826804
1.129706667,1.0857483837146484
1.131483861,1.0857134771296086
1.13487089,1.0857344210806326
1.135489533,1.0857972529337043
1.1406835750000002,1.0857763089826804
1.1407245750000001,1.0857344210806326
1.1414729110000001,1.0857344210806326
1.1434414670000002,1.0857763089826804
1.1454395940000002,1.0857763089826804
1.147478499,1.0857134771296086
1.1494644550000002,1.0857134771296086
1.152631723,1.0857693276656724
1.153466526,1.0857344210806326
1.156525119,1.0857344210806326
1.157466437,1.0857483837146484
1.1595655120000001,1.0857483837146484
1.161577799,1.0857274397636245
1.1636012310000001,1.0857483837146484
1.1656224720000001,1.0857274397636245
1.167572963,1.0857763089826804
1.169610634,1.0857693276656724
1.171656846,1.0857553650316565
1.173550069,1.0857134771296086
1.1754745290000002,1.0857483837146484
1.177627659,1.0857763089826804
1.1796612260000001,1.0857553650316565
1.18158549,1.0857274397636245
1.183846753,1.0857274397636245
1.1856408010000001,1.0857483837146484
1.1876187150000002,1.0857763089826804
1.1895641730000002,1.0857483837146484
1.1915479580000001,1.0857344210806326
1.1934414420000001,1.0857553650316565
1.195517114,1.0857274397636245
1.197570237,1.0857693276656724
1.199565562,1.0857763089826804
1.2014313950000002,1.0857553650316565
1.203445174,1.0857553650316565
1.2055337350000002,1.0857972529337043
1.2075606570000001,1.0857344210806326
1.209447721,1.0857972529337043
1.21154852,1.0857344210806326
1.2135800030000001,1.0857483837146484
1.215559843,1.0857553650316565
1.2174992040000001,1.0857483837146484
1.219417996,1.0857344210806326
1.221499439,1.0857693276656724
1.223557613,1.0857344210806326
1.225449052,1.0858112155677204
1.227564625,1.0857483837146484
1.229563671,1.0857972529337043
1.231521238,1.0857274397636245
1.233530936,1.0857763089826804
1.235609187,1.0857553650316565
1.237437941,1.0857553650316565
1.2395482340000001,1.0857483837146484
1.241442878,1.0857483837146484
1.243423221,1.0857483837146484
1.245475278,1.0857902716166965
1.2474323630000002,1.0857274397636245
1.2495305700000001,1.0857693276656724
1.2515573450000002,1.0857274397636245
1.25345528,1.0857274397636245
1.2555940300000001,1.0857134771296086
1.2577516080000002,1.0857483837146484
1.259589365,1.0857064958126006
1.261617323,1.0857553650316565
1.263606685,1.0857972529337043
1.2655534670000002,1.0857274397636245
1.267618938,1.0857763089826804
1.2696636510000001,1.0857902716166965
1.271573292,1.0856925331785847
1.273558073,1.0857344210806326
1.275777242,1.0857344210806326
1.277635595,1.0857274397636245
1.279609161,1.0857693276656724
1.2816093510000002,1.0857483837146484
1.283651123,1.0857344210806326
1.2855420340000001,1.0857134771296086
1.2876870660000002,1.0857553650316565
1.2895551900000002,1.0857553650316565
1.291656249,1.0857693276656724
1.293581114,1.0857693276656724
1.2957708860000001,1.0857344210806326
1.2975727060000002,1.0857763089826804
1.299814038,1.0857344210806326
1.301615441,1.0857553650316565
1.303416551,1.0857344210806326
1.305583973,1.0857274397636245
1.3075895100000001,1.0857693276656724
1.309593154,1.0857553650316565
1.311454509,1.0857972529337043
1.313592855,1.0857763089826804
1.3155538720000002,1.0857483837146484
1.31740976,1.0857274397636245
1.31949089,1.0856925331785847
1.3214238170000001,1.0857763089826804
1.323637473,1.0857344210806326
1.325625276,1.0857553650316565
1.32743713,1.0857483837146484
1.329587305,1.0857344210806326
1.33147202,1.0857693276656724
1.333606923,1.0857553650316565
1.335551826,1.0857902716166965
1.337470404,1.0857134771296086
1.339573331,1.0857553650316565
1.341447006,1.0857483837146484
1.3434483990000001,1.0857693276656724
1.3455810750000001,1.0857344210806326
1.34829693,1.0857344210806326
1.349551638,1.0857344210806326
1.3516334140000001,1.0857553650316565
1.3538686880000002,1.0857274397636245
1.3555508660000002,1.0857553650316565
1.357602081,1.0857763089826804
1.3595315250000002,1.0857064958126006
1.361551172,1.0857763089826804
1.363870072,1.0857972529337043
1.365765541,1.0857553650316565
1.3674543650000002,1.0857064958126006
1.3696246730000001,1.0857483837146484
1.37149406,1.0857064958126006
1.3734625180000002,1.0857344210806326
1.375600782,1.0857344210806326
1.3775876790000001,1.0857483837146484
1.379449884,1.0857693276656724
1.3814706380000001,1.0857344210806326
1.383496714,1.0857763089826804
1.3854626760000002,1.0857553650316565
1.387573412,1.0857902716166965
1.389547824,1.0857483837146484
1.3914524670000001,1.0857274397636245
1.393592222,1.0857064958126006
1.3956255640000002,1.0857483837146484
1.39752658,1.0857344210806326
1.399598389,1.0857763089826804
1.4015965730000002,1.0857483837146484
1.4036250190000001,1.0857693276656724
1.405506877,1.0857134771296086
1.407606705,1.0857274397636245
1.409570645,1.0857344210806326
1.4115840590000002,1.0857344210806326
1.413608556,1.0856925331785847
1.4154428330000002,1.0857763089826804
1.4176014140000002,1.0857344210806326
1.4194815070000002,1.0857344210806326
1.4215859350000002,1.0857344210806326
1.4236024600000001,1.0857693276656724
1.425633098,1.0857902716166965
1.4276228910000002,1.0857483837146484
1.4295644280000002,1.0857064958126006
1.431419086,1.0857274397636245
1.433602432,1.0857483837146484
1.435663048,1.0857553650316565
1.43757602,1.0857553650316565
1.439576825,1.0857483837146484
1.441558029,1.0857553650316565
1.44355804,1.0857763089826804
1.445562685,1.0857274397636245
1.447638597,1.0857344210806326
1.4496077550000002,1.0857763089826804
1.4515969670000002,1.0857483837146484
1.453662768,1.0857553650316565
1.4554284130000001,1.0857902716166965
1.4574362790000002,1.0857553650316565
1.459415001,1.0857064958126006
1.4616387640000001,1.0857344210806326
1.463459866,1.0856925331785847
1.4656213420000002,1.0856855518615767
1.467559067,1.0857483837146484
1.4694297390000002,1.0857553650316565
1.4714579680000002,1.0857344210806326
1.473537147,1.0858112155677204
1.4754577610000001,1.0857902716166965
1.4774478450000001,1.0857972529337043
1.4795475630000001,1.0857693276656724
1.48150927,1.0857553650316565
1.4835189480000002,1.0857344210806326
1.485505574,1.0857344210806326
1.4874907590000002,1.0857553650316565
1.4894880460000002,1.0857344210806326
1.4914775180000002,1.0857134771296086
1.493482004,1.0857553650316565
1.4954932550000002,1.0857693276656724
1.4975153490000002,1.0857274397636245
1.4994577390000001,1.0857553650316565
1.501444862,1.0857902716166965
1.5035253000000002,1.0857553650316565
1.5058569480000001,1.0857553650316565
1.507436369,1.0857972529337043
1.509562454,1.0857553650316565
1.5115131830000001,1.0857274397636245
1.51345692,1.0857553650316565
1.51553282,1.0857553650316565
1.5174923130000002,1.0857693276656724
1.5195355720000001,1.0857483837146484
1.5215117530000002,1.0857274397636245
1.523580347,1.0857693276656724
1.5255350600000002,1.0857553650316565
1.527445769,1.0857693276656724
1.529576403,1.0857274397636245
1.531468791,1.0857902716166965
1.5335182330000001,1.0857693276656724
1.535670813,1.0857134771296086
1.537433309,1.0857483837146484
1.5395289490000001,1.0857553650316565
1.541499388,1.0857064958126006
1.543578377,1.0857274397636245
1.545634978,1.0857344210806326
1.547546918,1.0857483837146484
1.549448052,1.0857483837146484
1.551598349,1.0857483837146484
1.553533808,1.0857344210806326
1.555594361,1.0857344210806326
1.5575183540000002,1.0857274397636245
1.5594456220000001,1.0857902716166965
1.561591685,1.0857274397636245
1.563546177,1.0857483837146484
1.565492037,1.0857483837146484
1.5675900090000001,1.0857483837146484
1.5695498790000002,1.0857274397636245
1.571441031,1.0857553650316565
1.573472132,1.0857483837146484
1.5754713630000001,1.0857763089826804
1.5774323860000001,1.0857274397636245
1.579628657,1.0857064958126006
1.581464368,1.0857553650316565
1.5835169390000001,1.0857344210806326
1.585509026,1.0857902716166965
1.587521916,1.0857134771296086
1.5894451550000002,1.0857553650316565
1.5915054450000001,1.0857693276656724
1.593564422,1.0857483837146484
1.5954404370000002,1.0857344210806326
1.597623086,1.0857763089826804
1.599555523,1.0857134771296086
1.601459038,1.0857483837146484
1.6035099620000002,1.0857902716166965
1.6056139630000001,1.0857483837146484
1.6075595870000001,1.0857134771296086
1.609567988,1.0856855518615767
1.611519229,1.0857763089826804
1.613601961,1.0857553650316565
1.615629844,1.0857693276656724
1.6175528490000002,1.0857553650316565
1.619551047,1.0857553650316565
1.621613259,1.0857483837146484
1.623463941,1.0857763089826804
1.6255318440000002,1.0857274397636245
1.6274390490000001,1.0857553650316565
1.629676675,1.0857483837146484
1.6315797730000001,1.0857553650316565
1.6335614230000002,1.0857693276656724
1.636664606,1.0857134771296086
1.6381585220000001,1.0857134771296086
1.6407932920000001,1.0857483837146484
1.641576114,1.0857483837146484
1.643534462,1.0857553650316565
1.6454736540000001,1.0857344210806326
1.647482684,1.0857763089826804
1.649466952,1.0857553650316565
1.6514340680000001,1.0857274397636245
1.6535076290000001,1.0857902716166965
1.6555929790000001,1.0857344210806326
1.6574901020000001,1.0857344210806326
1.65948311,1.0857274397636245
1.661440124,1.0857344210806326
1.6634637220000001,1.0857483837146484
1.6654311910000001,1.0857693276656724
1.667467135,1.0857134771296086
1.669427502,1.0857344210806326
1.671455936,1.0857763089826804
1.673455928,1.0857344210806326
1.6754733860000002,1.0857483837146484
1.6774788500000002,1.0857134771296086
1.679430031,1.0857553650316565
1.6814560390000002,1.0857693276656724
1.6834399070000001,1.0857344210806326
1.6854627800000002,1.0857763089826804
1.6874363840000002,1.0857134771296086
1.689443226,1.0857344210806326
1.691461169,1.0857483837146484
1.69344899,1.0857134771296086
1.695420471,1.0857693276656724
1.697443488,1.0857274397636245
1.699448566,1.0856925331785847
1.7014341110000002,1.0857483837146484
1.703495604,1.0857972529337043
1.7054810450000002,1.0857134771296086
1.707535629,1.0857553650316565
1.7103584980000002,1.0857344210806326
1.7131562200000001,1.0857344210806326
1.714407599,1.0857763089826804
1.7163542740000002,1.0857763089826804
1.718764798,1.0857763089826804
1.7206732100000002,1.0857763089826804
1.722057968,1.0857553650316565
1.72433052,1.0857553650316565
1.726215035,1.0857553650316565
1.7283778500000002,1.0857553650316565
1.7304854230000002,1.0857134771296086
1.7330230340000001,1.0857134771296086
1.7343005310000001,1.0857553650316565
1.736723279,1.0857553650316565
1.737937032,1.0857483837146484
1.740507781,1.0857483837146484
1.7416975360000002,1.0857553650316565
1.7448139450000002,1.0857553650316565
1.7459416440000002,1.0857344210806326
1.748416393,1.0857344210806326
1.74957874,1.0857693276656724
1.752724516,1.0857344210806326
1.754649493,1.0857344210806326
1.755667011,1.0857134771296086
1.7583063030000001,1.0857134771296086
1.7605455570000001,1.0857902716166965
1.763191133,1.0857902716166965
1.7642523090000002,1.0857344210806326
1.7668405230000002,1.0857344210806326
1.7682558990000001,1.0857553650316565
1.770866005,1.0857553650316565
1.772400411,1.0857693276656724
1.7757883540000001,1.0857693276656724
1.7768839840000001,1.0858112155677204
1.779272286,1.0858112155677204
1.7812867730000002,1.0857553650316565
1.784096109,1.0857553650316565
1.785306869,1.0857763089826804
1.786659844,1.0857763089826804
1.788292535,1.0857763089826804
1.7904050200000001,1.0857274397636245
1.792544174,1.0857274397636245
1.794471731,1.0857902716166965
1.795721638,1.0857902716166965
1.798463828,1.0857274397636245
1.8008437830000001,1.0857274397636245
1.8021079670000002,1.0857134771296086
1.804578389,1.0857134771296086
1.8054865750000002,1.0856855518615767
1.8080207830000001,1.0858112155677204
1.8107408100000002,1.0858112155677204
1.811665287,1.0857483837146484
1.8138250390000001,1.0857483837146484
1.8154885440000001,1.0857483837146484
1.8175615090000001,1.0857483837146484
1.820486231,1.0857483837146484
1.822561413,1.0857902716166965
1.824821795,1.0857902716166965
1.8258948140000002,1.0857274397636245
1.8284609680000001,1.0857274397636245
1.8295611280000001,1.0857483837146484
1.8318485750000002,1.0857693276656724
1.8336162710000001,1.0857693276656724
1.835802745,1.0857902716166965
1.8382335740000002,1.0857902716166965
1.840637137,1.0857483837146484
1.842291895,1.0857483837146484
1.844676618,1.0857693276656724
1.8471547080000001,1.0857693276656724
1.8482515590000002,1.0857483837146484
1.8506877210000001,1.0857483837146484
1.851977809,1.0857483837146484
1.8545726530000002,1.0857483837146484
1.855787174,1.0857483837146484
1.8583778380000002,1.0857483837146484
1.8613379700000001,1.0857553650316565
1.862378547,1.0857553650316565
1.8643080890000001,1.0857553650316565
1.8661833600000002,1.0857553650316565
1.867877956,1.0857693276656724
1.8700246530000002,1.0857693276656724
1.8716355210000002,1.0857553650316565
1.873526757,1.0857553650316565
1.87551145,1.0857902716166965
1.8774656150000002,1.0857972529337043
1.879474429,1.0857344210806326
1.8814638430000001,1.0857902716166965
1.883431426,1.0857553650316565
1.885446377,1.0857553650316565
1.887497108,1.0857553650316565
1.8894464110000002,1.0857553650316565
1.8914407910000002,1.0857274397636245
1.8934675390000002,1.0857763089826804
1.8954274110000002,1.0857553650316565
1.897451379,1.0857763089826804
1.899453035,1.0857134771296086
1.9014211600000002,1.0857344210806326
1.903459263,1.0857344210806326
1.9054669800000001,1.0857693276656724
1.9074503180000002,1.0857483837146484
1.9094293100000002,1.0857483837146484
1.911420965,1.0857274397636245
1.9134101540000001,1.0857693276656724
1.915481114,1.0857553650316565
1.9174562990000001,1.0857134771296086
1.9194853530000002,1.0857553650316565
1.9214522930000002,1.0857902716166965
1.9234237340000002,1.0857064958126006
1.9254060510000002,1.0857344210806326
1.927437013,1.0857693276656724
1.9294245460000001,1.0857483837146484
1.931430449,1.0857134771296086
1.933475338,1.0857483837146484
1.935625734,1.0857902716166965
1.937525697,1.0857972529337043
1.939469866,1.0857553650316565
1.9414783350000002,1.0857064958126006
1.943445791,1.0857902716166965
1.945417898,1.0857693276656724
1.9474804940000001,1.0857344210806326
1.9494858940000002,1.0857344210806326
1.951431421,1.0857483837146484
1.953459668,1.0857274397636245
1.955473312,1.0857553650316565
1.9574393950000002,1.0857483837146484
1.959505921,1.0857344210806326
1.961430052,1.0857693276656724
1.9634229550000002,1.0857134771296086
1.965448942,1.0857693276656724
1.9674309630000002,1.0857693276656724
1.969483893,1.0857274397636245
1.9714266310000002,1.0857483837146484
1.9734827860000002,1.0857274397636245
1.975427317,1.0856925331785847
1.9774105530000001,1.0857902716166965
1.979451717,1.0857693276656724
1.9814427620000001,1.0857483837146484
1.9834522470000002,1.0857483837146484
1.9854517720000002,1.0857763089826804
1.9874222490000002,1.0857274397636245
1.9894276400000002,1.0857274397636245
1.9914467450000002,1.0857553650316565
1.993445619,1.0857344210806326
1.9954554370000002,1.0857344210806326
1.9975253620000002,1.0857693276656724
1.999502823,1.0857483837146484
2.001469676,1.0857553650316565
2.00344105,1.0857483837146484
2.005433307,1.0857344210806326
2.007465909,1.0857344210806326
2.00943689,1.0857274397636245
2.011451387,1.0857693276656724
2.013445035,1.0857344210806326
2.015427464,1.0857553650316565
2.017466164,1.0857274397636245
2.019455122,1.0857763089826804
2.0214257790000003,1.0857902716166965
2.023475511,1.0857693276656724
2.025421513,1.0857902716166965
2.0274299900000003,1.0857902716166965
2.029443514,1.0857134771296086
2.031651632,1.0857064958126006
2.033564228,1.0857064958126006
2.035668743,1.0857344210806326
2.037552268,1.0856925331785847
2.0395166010000003,1.0857553650316565
2.041442602,1.0858181968847282
2.0435236430000003,1.0857553650316565
2.045516591,1.0857763089826804
2.0475487080000003,1.0857134771296086
2.049476244,1.0857344210806326
2.0515112500000003,1.0857483837146484
2.053438898,1.0857553650316565
2.055481094,1.0857344210806326
2.05749511,1.0857972529337043
2.0594890550000002,1.0857344210806326
2.061541741,1.0857763089826804
2.063447018,1.0857553650316565
2.0655362580000003,1.0857344210806326
2.067448262,1.0857483837146484
2.069454903,1.0857274397636245
2.0714543880000003,1.0857344210806326
2.073529305,1.0857483837146484
2.0754901130000003,1.0857344210806326
2.0774724460000003,1.0857344210806326
2.079519903,1.0857902716166965
2.0814884950000003,1.0857344210806326
2.083551744,1.0857483837146484
2.085546668,1.0857274397636245
2.0875186290000003,1.0857483837146484
2.089518515,1.0857763089826804
2.091514526,1.0857483837146484
2.093547278,1.0857693276656724
2.095569898,1.0857274397636245
2.0976323860000003,1.0857553650316565
2.099479681,1.0857344210806326
2.101523707,1.0857344210806326
2.103519424,1.0857344210806326
2.105485159,1.0857344210806326
2.107572944,1.0857483837146484
2.109536774,1.0857763089826804
2.111452538,1.0857902716166965
2.1136582290000003,1.0857483837146484
2.115551443,1.0857344210806326
2.117583776,1.0857483837146484
2.119596289,1.0857344210806326
2.121455853,1.0857763089826804
2.123470735,1.0857763089826804
2.12546421,1.0857553650316565
2.127567322,1.0857274397636245
2.12951923,1.0857134771296086
2.131470113,1.0857693276656724
2.133464971,1.0857553650316565
2.135532644,1.0857763089826804
2.137588353,1.0858112155677204
2.139646839,1.0857344210806326
2.141538444,1.0857064958126006
2.14355814,1.0857483837146484
2.145472657,1.0857344210806326
2.1474991180000003,1.0857064958126006
2.149453991,1.0857344210806326
2.151515175,1.0857693276656724
2.153446585,1.0857064958126006
2.1554788630000004,1.0857693276656724
2.157537139,1.0857553650316565
2.1594775410000002,1.0857553650316565
2.161571936,1.0857483837146484
2.163491467,1.0857763089826804
2.165504471,1.0857344210806326
2.1674975450000002,1.0857274397636245
2.1695299510000003,1.0857483837146484
2.1714804500000002,1.0857483837146484
2.173521208,1.0857972529337043
2.175565546,1.0857344210806326
2.1774555760000003,1.0857553650316565
2.1795419540000003,1.0857483837146484
2.181568292,1.0857972529337043
2.183583129,1.0857274397636245
2.185475372,1.0857344210806326
2.187488607,1.0857274397636245
2.189577258,1.0857134771296086
2.191589144,1.0857134771296086
2.1935163820000003,1.0857693276656724
2.195522957,1.0858181968847282
2.1975353650000002,1.0857553650316565
2.199563333,1.0857134771296086
2.201545389,1.0857693276656724
2.2034998740000002,1.0857274397636245
2.205435074,1.0857344210806326
2.207466353,1.0857553650316565
2.209522272,1.0857483837146484
2.21145113,1.0857483837146484
2.213483698,1.0857553650316565
2.215490994,1.0857693276656724
2.2174999690000003,1.0857274397636245
2.2195037710000003,1.0857553650316565
2.221443044,1.0857553650316565
2.2235549860000003,1.0857693276656724
2.225556203,1.0857553650316565
2.227492345,1.0857344210806326
2.2296023170000003,1.0857763089826804
2.231470793,1.0857693276656724
2.233513352,1.0857134771296086
2.23550284,1.0857553650316565
2.237572073,1.0857344210806326
2.239464535,1.0857763089826804
2.2414354110000003,1.0857902716166965
2.243466418,1.0857134771296086
2.245566725,1.0857553650316565
2.2474910990000003,1.0857483837146484
2.249528217,1.0857344210806326
2.2515229210000003,1.0857553650316565
2.2535846,1.0857064958126006
2.2555387660000004,1.0857553650316565
2.2574866200000003,1.0857274397636245
2.2595110160000003,1.0857693276656724
2.2614500950000003,1.0857693276656724
2.263488381,1.0857902716166965
2.265488961,1.0857763089826804
2.267561991,1.0857483837146484
2.26949603,1.0857972529337043
2.2715107750000003,1.0857483837146484
2.2735335070000002,1.0857274397636245
2.275438264,1.0857344210806326
2.277523263,1.0857344210806326
2.2794968950000003,1.0857483837146484
2.281615763,1.0857483837146484
2.2834897,1.0857344210806326
2.285493272,1.0857553650316565
2.287555475,1.0857693276656724
2.289415893,1.0857553650316565
2.291497626,1.0857274397636245
2.2934874780000003,1.0857972529337043
2.2955106250000004,1.0857902716166965
2.2975392020000003,1.0857763089826804
2.299477923,1.0857763089826804
2.301515225,1.0857763089826804
2.303543881,1.0857553650316565
2.30553702,1.0857064958126006
2.307539743,1.0857064958126006
2.309507596,1.0857274397636245
2.311576446,1.0857553650316565
2.313594092,1.0857553650316565
2.315560692,1.0857693276656724
2.3175074230000003,1.0857972529337043
2.319475165,1.0857483837146484
2.3215775300000003,1.0857693276656724
2.323559711,1.0857483837146484
2.325485686,1.0857693276656724
2.327611742,1.0857344210806326
2.3295534940000002,1.0857763089826804
2.331504797,1.0857553650316565
2.3334819060000003,1.0857064958126006
2.3354657970000003,1.0857344210806326
2.337465258,1.0857344210806326
2.339541892,1.0857483837146484
2.341464138,1.0857693276656724
2.343544048,1.0857344210806326
2.34546821,1.0857972529337043
2.347416188,1.0857902716166965
2.349471573,1.0857763089826804
2.351418998,1.0857553650316565
2.353456279,1.0857483837146484
2.355469179,1.0857344210806326
2.35744481,1.0857483837146484
2.3594318060000004,1.0857553650316565
2.361455031,1.0857344210806326
2.36341672,1.0857902716166965
2.3654273000000003,1.0857553650316565
2.3674179140000002,1.0857553650316565
2.3694755190000003,1.0857553650316565
2.371466673,1.0857274397636245
2.373437233,1.0857064958126006
2.375444787,1.0857553650316565
2.3774303210000003,1.0857693276656724
2.379461327,1.0857972529337043
2.381438783,1.0857134771296086
2.383430493,1.0857274397636245
2.385471618,1.0857483837146484
2.387451119,1.0857344210806326
2.3894245670000003,1.0857763089826804
2.3914514270000002,1.0857763089826804
2.3934337460000004,1.0857274397636245
2.395416859,1.0857693276656724
2.3974433680000002,1.0857134771296086
2.399424035,1.0857483837146484
2.401495332,1.0857693276656724
2.403466871,1.0857274397636245
2.405434651,1.0857693276656724
2.407431046,1.0857553650316565
2.409411618,1.0857274397636245
2.411554798,1.0857972529337043
2.413435283,1.0857553650316565
2.4154371880000003,1.0857553650316565
2.4174610700000003,1.0857693276656724
2.419442482,1.0857344210806326
2.421493148,1.0857693276656724
2.42343468,1.0857134771296086
2.425437358,1.0857763089826804
2.42742949,1.0857274397636245
2.429427657,1.0857344210806326
2.431460913,1.0857344210806326
2.4334867620000002,1.0857763089826804
2.435424922,1.0857693276656724
2.437406594,1.0857483837146484
2.439450242,1.0857693276656724
2.441428851,1.0857483837146484
2.443467595,1.0857483837146484
2.4454667260000003,1.0857344210806326
2.4474685210000002,1.0857902716166965
2.44943559,1.0857553650316565
2.4514999,1.0857344210806326
2.453449001,1.0857274397636245
2.455438713,1.0857483837146484
2.457449695,1.0857553650316565
2.4594425500000003,1.0857902716166965
2.461455592,1.0857344210806326
2.4634820900000003,1.0857693276656724
2.465446386,1.0857763089826804
2.4674155570000003,1.0857693276656724
2.469444047,1.0857553650316565
2.47144733,1.0857553650316565
2.473445818,1.0856925331785847
2.475479259,1.0857483837146484
2.4774353220000003,1.0857274397636245
2.479424105,1.0857763089826804
2.4814724590000004,1.0857344210806326
2.4834594990000003,1.0857274397636245
2.485440467,1.0857483837146484
2.48743603,1.0857483837146484
2.489461186,1.0857274397636245
2.4914342840000003,1.0857553650316565
2.493426798,1.0857344210806326
2.4954523760000002,1.0857553650316565
2.497428793,1.0857134771296086
2.499522685,1.0857553650316565
2.5015041140000003,1.0857553650316565
2.5034692520000004,1.0857553650316565
2.50547134,1.0857274397636245
2.507436766,1.0857693276656724
2.50943072,1.0857344210806326
2.511472164,1.0857693276656724
2.5134540060000004,1.0857553650316565
2.515431603,1.0857763089826804
2.51748034,1.0857693276656724
2.519450867,1.0857483837146484
2.5214178400000002,1.0857693276656724
2.523468169,1.0857274397636245
2.525449833,1.0857902716166965
2.527431668,1.0857134771296086
2.52943081,1.0857693276656724
2.531488411,1.0857553650316565
2.533448261,1.0857134771296086
2.535468388,1.0857483837146484
2.537469274,1.0857763089826804
2.5394340580000003,1.0857693276656724
2.54142775,1.0857483837146484
2.543442131,1.0857693276656724
2.5454541710000003,1.0857553650316565
2.54746139,1.0857553650316565
2.549450483,1.0857483837146484
2.551454422,1.0857693276656724
2.5534555880000003,1.0857274397636245
2.555435633,1.0857274397636245
2.557436109,1.0857693276656724
2.559467702,1.0857693276656724
2.5614563870000002,1.0857274397636245
2.56343976,1.0857763089826804
2.5654576970000003,1.0857134771296086
2.5674562560000003,1.0857134771296086
2.5694228540000004,1.0857902716166965
2.571434209,1.0857553650316565
2.573468956,1.0857693276656724
2.575498536,1.0857344210806326
2.5774389180000004,1.0857693276656724
2.5794611300000003,1.0857553650316565
2.5815225710000003,1.0857693276656724
2.583431383,1.0857483837146484
2.5854610730000003,1.0857763089826804
2.5874400420000003,1.0857693276656724
2.58942268,1.0857344210806326
2.5916377710000003,1.0857972529337043
2.593526364,1.0857972529337043
2.595440271,1.0857483837146484
2.5974662640000004,1.0857134771296086
2.5994282660000003,1.0857693276656724
2.60146076,1.0857902716166965
2.603462899,1.0857972529337043
2.60544614,1.0857274397636245
2.607457897,1.0857483837146484
2.609457695,1.0857344210806326
2.611452017,1.0857483837146484
2.613451403,1.0857763089826804
2.615480235,1.0857483837146484
2.617432291,1.0857553650316565
2.619426089,1.0857553650316565
2.621449708,1.0857483837146484
2.623450981,1.0857553650316565
2.6254440580000002,1.0857693276656724
2.6274612580000003,1.0857553650316565
2.6294834870000003,1.0857134771296086
2.631472265,1.0857902716166965
2.633419848,1.0857344210806326
2.636137444,1.0857902716166965
2.63788913,1.0857902716166965
2.63996674,1.0857553650316565
2.6416267710000003,1.0857553650316565
2.64362919,1.0857693276656724
2.645474155,1.0857693276656724
2.6474998100000002,1.0857344210806326
2.6494614010000004,1.0857902716166965
2.6517797020000002,1.0857693276656724
2.653563617,1.0857693276656724
2.655502045,1.0857902716166965
2.657566135,1.0857902716166965
2.659567472,1.0857553650316565
2.661613923,1.0858181968847282
2.6634846370000003,1.0857693276656724
2.6654830520000004,1.0857134771296086
2.6675100670000003,1.0857693276656724
2.6694785970000003,1.0857553650316565
2.6714969060000002,1.0857553650316565
2.673542498,1.0857134771296086
2.6755291960000003,1.0857553650316565
2.67765436,1.0857274397636245
2.679448981,1.0857763089826804
2.681427754,1.0857553650316565
2.683529941,1.0857274397636245
2.6855832530000003,1.0857134771296086
2.687502667,1.0857483837146484
2.6895289470000003,1.0857274397636245
2.6915710240000004,1.0857693276656724
2.693504398,1.0857553650316565
2.695492877,1.0857553650316565
2.6974639750000002,1.0857344210806326
2.699645808,1.0857483837146484
2.701532218,1.0857483837146484
2.703500558,1.0857763089826804
2.705525847,1.0857483837146484
2.707438201,1.0857553650316565
2.710110466,1.0857344210806326
2.7115133620000003,1.0857344210806326
2.713570916,1.0857693276656724
2.7155802550000003,1.0857344210806326
2.7175804030000004,1.0857483837146484
2.7195253160000004,1.0857763089826804
2.721542228,1.0857972529337043
2.7234493790000003,1.0857902716166965
2.725475331,1.0858112155677204
2.727490705,1.0857344210806326
2.729434002,1.0857553650316565
2.73147944,1.0857483837146484
2.73343961,1.0857902716166965
2.735444148,1.0857693276656724
2.7376391850000004,1.0857693276656724
2.739538602,1.0857344210806326
2.741593984,1.0857902716166965
2.7435780860000003,1.0857344210806326
2.7455462020000003,1.0857693276656724
2.747580395,1.0857902716166965
2.749420663,1.0857483837146484
2.751589988,1.0857553650316565
2.7535064670000002,1.0857483837146484
2.7554829300000003,1.0857553650316565
2.75758751,1.0857693276656724
2.7595155040000003,1.0857693276656724
2.761425818,1.0857763089826804
2.76357263,1.0857134771296086
2.765578827,1.0857553650316565
2.767470995,1.0857763089826804
2.769570758,1.0857553650316565
2.771587002,1.0856855518615767
2.7734637390000003,1.0857483837146484
2.7755443480000004,1.0857483837146484
2.777465872,1.0857902716166965
2.7795748920000003,1.0857763089826804
2.7815744500000004,1.0857483837146484
2.7836508970000002,1.0857483837146484
2.785543462,1.0857763089826804
2.7875455440000003,1.0857483837146484
2.789458423,1.0857483837146484
2.79174795,1.0857553650316565
2.79352949,1.0857972529337043
2.795484494,1.0857693276656724
2.797490594,1.0857344210806326
2.799542067,1.0858112155677204
2.801485152,1.0857763089826804
2.8036211150000003,1.0857274397636245
2.805652738,1.0857134771296086
2.8077137370000003,1.0857274397636245
2.809711466,1.0857553650316565
2.811796223,1.0857553650316565
2.81348931,1.0857483837146484
2.815739316,1.0857483837146484
2.817711286,1.0857763089826804
2.819474085,1.0857553650316565
2.821812655,1.0857483837146484
2.823753233,1.0857483837146484
2.825683965,1.0857134771296086
2.8275957710000004,1.0857344210806326
2.82979838,1.0858112155677204
2.8315549520000003,1.0857483837146484
2.833591553,1.0856925331785847
2.835780885,1.0857553650316565
2.837596929,1.0857553650316565
2.8396428730000003,1.0857344210806326
2.841785545,1.0857344210806326
2.8435922540000003,1.0857483837146484
2.845653483,1.0857064958126006
2.847571968,1.0857693276656724
2.849561715,1.0857972529337043
2.851507397,1.0857483837146484
2.853456731,1.0857553650316565
2.855490724,1.0857344210806326
2.8574981530000003,1.0857763089826804
2.859432104,1.0857064958126006
2.861574423,1.0858391408357524
2.86349978,1.0857274397636245
2.8654914810000003,1.0857553650316565
2.8675116370000002,1.0858181968847282
2.86947244,1.0857902716166965
2.871473613,1.0857483837146484
2.8735324770000004,1.0857483837146484
2.875482662,1.0857483837146484
2.877554217,1.0857483837146484
2.879980557,1.0857763089826804
2.881992566,1.0857763089826804
2.8836407310000003,1.0857972529337043
2.885597969,1.0857693276656724
2.887627306,1.0857483837146484
2.8895523460000003,1.0857693276656724
2.8916011740000003,1.0857344210806326
2.893517156,1.0857344210806326
2.8954951980000003,1.0857763089826804
2.8975086770000003,1.0857274397636245
2.899752824,1.0857972529337043
2.901584526,1.0857553650316565
2.9035676070000003,1.0857553650316565
2.9057255520000003,1.0857344210806326
2.907600818,1.0857344210806326
2.9097232990000004,1.0857483837146484
2.911488958,1.0857763089826804
2.913495719,1.0857763089826804
2.9157355070000004,1.0857483837146484
2.917538007,1.0857483837146484
2.9195017620000003,1.0857553650316565
2.921490925,1.0857902716166965
2.923484636,1.0857693276656724
2.925446839,1.0857553650316565
2.927737483,1.0857344210806326
2.9299111370000004,1.0857693276656724
2.931579687,1.0857693276656724
2.933612774,1.0857902716166965
2.935495287,1.0857553650316565
2.937531463,1.0857902716166965
2.9394500640000003,1.0857902716166965
2.941501642,1.0857274397636245
2.943500079,1.0857064958126006
2.9455134700000003,1.0858112155677204
2.947462673,1.0857693276656724
2.9494498510000002,1.0857274397636245
2.9515039190000003,1.0857134771296086
2.953469103,1.0857693276656724
2.9555047510000003,1.0857274397636245
2.957625955,1.0857483837146484
2.959459813,1.0857344210806326
2.961435831,1.0857693276656724
2.963483488,1.0857972529337043
2.965445363,1.0857344210806326
2.967480653,1.0857344210806326
2.9694770420000003,1.0857274397636245
2.971613425,1.0857763089826804
2.973671902,1.0857553650316565
2.975507637,1.0857553650316565
2.977508217,1.0857902716166965
2.9795433570000003,1.0857274397636245
2.981433542,1.0857344210806326
2.9834803730000004,1.0857064958126006
2.985469073,1.0857483837146484
2.987463161,1.0857693276656724
2.9895901950000003,1.0857693276656724
2.991627649,1.0857693276656724
2.9935277570000003,1.0857693276656724
2.9954929370000003,1.0857553650316565
2.997436408,1.0857553650316565
2.999448004,1.0857693276656724
3.0014397120000003,1.0857693276656724
3.003511521,1.0857344210806326
3.0056610430000004,1.0857553650316565
3.007523054,1.0857553650316565
3.009480908,1.0857483837146484
3.0115015560000002,1.0857483837146484
3.013548112,1.0857972529337043
3.015434701,1.0857693276656724
3.017460271,1.0857972529337043
3.0195188,1.0857274397636245
3.021458035,1.0857693276656724
3.0234267260000003,1.0857763089826804
3.0254366430000004,1.0857274397636245
3.027588315,1.0857134771296086
3.030547738,1.0857483837146484
3.031842779,1.0857483837146484
3.033634697,1.0857134771296086
3.03562441,1.0857134771296086
3.0376602270000004,1.0857553650316565
3.039511466,1.0857553650316565
3.0415439980000003,1.0857274397636245
3.043463799,1.0857763089826804
3.045553371,1.0857763089826804
3.0476242360000003,1.0857553650316565
3.0495608140000003,1.0857693276656724
3.051467675,1.0857763089826804
3.053616624,1.0857483837146484
3.0557262460000003,1.0857483837146484
3.057565603,1.0857693276656724
3.0595196330000003,1.0857693276656724
3.061638546,1.0857483837146484
3.063488963,1.0857483837146484
3.0654468190000004,1.0857553650316565
3.0674780960000003,1.0857344210806326
3.069477763,1.0857344210806326
3.071449229,1.0857763089826804
3.073515285,1.0857693276656724
3.0757179740000002,1.0857344210806326
3.07753127,1.0857344210806326
3.079499746,1.0857483837146484
3.0816246090000003,1.0857483837146484
3.083532484,1.0857483837146484
3.08548581,1.0857064958126006
3.087444666,1.0857553650316565
3.0895177410000003,1.0857274397636245
3.091453184,1.0857344210806326
3.09353268,1.0857693276656724
3.09571057,1.0857483837146484
3.097504716,1.0857483837146484
3.0994794060000004,1.0857693276656724
3.1014963200000003,1.0857483837146484
3.103491125,1.0857344210806326
3.1054512040000004,1.0857693276656724
3.107525695,1.0857274397636245
3.109470479,1.0857902716166965
3.1114415500000003,1.0857483837146484
3.113590294,1.0857693276656724
3.115631721,1.0857693276656724
3.117555689,1.0857972529337043
3.119550281,1.0857483837146484
3.1214725050000003,1.0857064958126006
3.1234542160000003,1.0857553650316565
3.125505119,1.0857344210806326
3.12747637,1.0857483837146484
3.129541409,1.0857902716166965
3.131670944,1.0857274397636245
3.1336845450000004,1.0857274397636245
3.135756864,1.0857344210806326
3.137569875,1.0857344210806326
3.1395278770000004,1.0857553650316565
3.1415166610000003,1.0857763089826804
3.1438027330000002,1.0857693276656724
3.145532143,1.0857693276656724
3.1475416800000002,1.0857693276656724
3.1497596100000003,1.0857483837146484
3.151498076,1.0857483837146484
3.15359063,1.0857344210806326
3.1557030270000004,1.0857134771296086
3.1575381570000003,1.0857134771296086
3.1595050500000004,1.0857134771296086
3.1615377610000004,1.0857693276656724
3.1635238950000004,1.0857483837146484
3.165562054,1.0857134771296086
3.167565498,1.0857902716166965
3.1695726900000003,1.0857902716166965
3.171509017,1.0857483837146484
3.173630584,1.0857902716166965
3.175553533,1.0857902716166965
3.1775951420000004,1.0857274397636245
3.179718396,1.0857344210806326
3.181529197,1.0857344210806326
3.1835377470000004,1.0857344210806326
3.1856343750000002,1.0857344210806326
3.187518469,1.0857553650316565
3.1895061790000003,1.0857902716166965
3.191566382,1.0857693276656724
3.19349358,1.0857693276656724
3.1957898250000003,1.0857064958126006
3.1976376810000002,1.0857064958126006
3.199556469,1.0857344210806326
3.201966015,1.0857344210806326
3.203508685,1.0857344210806326
3.2054953590000004,1.0857763089826804
3.2075793380000004,1.0857902716166965
3.209491056,1.0857483837146484
3.2115945480000003,1.0857134771296086
3.213613789,1.0857972529337043
3.2157948810000003,1.0857972529337043
3.2175174390000003,1.0857763089826804
3.219542194,1.0857274397636245
3.221546591,1.0857763089826804
3.223668695,1.0857763089826804
3.225464553,1.0857763089826804
3.2277295300000004,1.0857763089826804
3.2296230780000004,1.0857763089826804
3.231545742,1.0857553650316565
3.233593394,1.0857483837146484
3.235532789,1.0857483837146484
3.237536459,1.0857344210806326
3.2394566360000003,1.0857553650316565
3.241617003,1.0857274397636245
3.243692213,1.0857763089826804
3.2455207980000003,1.0857483837146484
3.2475653290000004,1.0857553650316565
3.249480283,1.0857763089826804
3.2515193900000003,1.0857274397636245
3.253559285,1.0858112155677204
3.255727309,1.0858112155677204
3.2575061180000002,1.0857483837146484
3.2594750190000004,1.0857553650316565
3.261754131,1.0857064958126006
3.263543598,1.0857064958126006
3.26550178,1.0857693276656724
3.267515286,1.0857483837146484
3.2695073900000002,1.0857274397636245
3.271483232,1.0857763089826804
3.273536865,1.0857483837146484
3.275637988,1.0857483837146484
3.277563959,1.0857553650316565
3.2796776490000004,1.0857553650316565
3.2815617830000003,1.0857483837146484
3.2836261220000003,1.0857763089826804
3.285571801,1.0857763089826804
3.2875420020000004,1.0856855518615767
3.2895243790000004,1.0857134771296086
3.291582269,1.0857763089826804
3.293698469,1.0857483837146484
3.2957525800000003,1.0857483837146484
3.29763638,1.0857134771296086
3.299472713,1.0857483837146484
3.301538888,1.0857274397636245
3.3035599920000003,1.0857483837146484
3.305472152,1.0857344210806326
3.307637253,1.0857693276656724
3.3095996060000004,1.0857344210806326
3.3116559650000004,1.0857483837146484
3.3135490360000004,1.0857134771296086
3.315578363,1.0857134771296086
3.3175381830000004,1.0857693276656724
3.319493249,1.0857693276656724
3.3215157910000004,1.0857553650316565
3.3235906490000002,1.0857553650316565
3.3254939190000004,1.0857064958126006
3.327492184,1.0857553650316565
3.329606446,1.0857763089826804
3.331565986,1.0857483837146484
3.333594397,1.0857693276656724
3.335908662,1.0857693276656724
3.3375739510000004,1.0857483837146484
3.339579151,1.0857483837146484
3.3415671710000003,1.0857763089826804
3.3434951020000003,1.0857693276656724
3.345507346,1.0857763089826804
3.3474802510000004,1.0857344210806326
3.3494610230000004,1.0857483837146484
3.351730916,1.0857693276656724
3.353560915,1.0857693276656724
3.355710601,1.0857553650316565
3.35758355,1.0857553650316565
3.3595960110000003,1.0857763089826804
3.3615449170000002,1.0857483837146484
3.363613286,1.0857274397636245
3.3655838890000003,1.0857344210806326
3.3675272460000003,1.0857763089826804
3.369660318,1.0857553650316565
3.371579403,1.0857134771296086
3.373516694,1.0857134771296086
3.375798941,1.0857483837146484
3.377585223,1.0857483837146484
3.3795553650000003,1.0857553650316565
3.381590118,1.0857763089826804
3.38350651,1.0857344210806326
3.3855094780000003,1.0857553650316565
3.3878100050000004,1.0857902716166965
3.3895274520000003,1.0857902716166965
3.3915938760000004,1.0857344210806326
3.3938492890000003,1.0857134771296086
3.39561606,1.0857134771296086
3.3975561240000003,1.0857693276656724
3.399511174,1.0857763089826804
3.4016781060000003,1.0857763089826804
3.4035437340000003,1.0857763089826804
3.405467407,1.0857902716166965
3.407482259,1.0857134771296086
3.409459099,1.0857902716166965
3.411458097,1.0857344210806326
3.4138426830000004,1.0857483837146484
3.4156321810000003,1.0857483837146484
3.41757752,1.0857344210806326
3.4195513560000004,1.0858112155677204
3.421577537,1.0857763089826804
3.423473989,1.0857553650316565
3.42558204,1.0857553650316565
3.427575896,1.0857553650316565
3.4295392650000003,1.0857483837146484
3.4317512420000003,1.0857763089826804
3.433525286,1.0857763089826804
3.435625098,1.0857693276656724
3.43753674,1.0857693276656724
3.4395761360000003,1.0857972529337043
3.4416223730000004,1.0857972529337043
3.443613794,1.0857902716166965
3.4455090260000003,1.0857902716166965
3.44754336,1.0857274397636245
3.4495666330000003,1.0857553650316565
3.4515162810000004,1.0857553650316565
3.4536512910000003,1.0857064958126006
3.4556022960000004,1.0857064958126006
3.457552129,1.0856855518615767
3.459480557,1.0857483837146484
3.461940856,1.0857274397636245
3.463598218,1.0857274397636245
3.4656238260000003,1.0857763089826804
3.4675251530000004,1.0857344210806326
3.469619917,1.0857344210806326
3.471561475,1.0857483837146484
3.473585508,1.0857483837146484
3.4757408140000003,1.0857483837146484
3.477731715,1.0857693276656724
3.47976002,1.0857972529337043
3.481698767,1.0857972529337043
3.4835617130000003,1.0857553650316565
3.485447666,1.0857483837146484
3.4875973470000003,1.0857344210806326
3.4894924580000004,1.0857134771296086
3.491572902,1.0857344210806326
3.493987945,1.0857553650316565
3.495713888,1.0857553650316565
3.4976727800000003,1.0857902716166965
3.499590281,1.0857553650316565
3.5015092930000002,1.0857483837146484
3.5036319060000003,1.0857693276656724
3.505706571,1.0857064958126006
3.507527155,1.0857553650316565
3.5096310300000004,1.0857553650316565
3.511475792,1.0857344210806326
3.513664598,1.0857902716166965
3.5157842350000004,1.0857972529337043
3.517559218,1.0857972529337043
3.5195445120000004,1.0857134771296086
3.5217602190000004,1.0857553650316565
3.52346546,1.0858112155677204
3.5254787960000002,1.0857553650316565
3.5274708130000003,1.0857134771296086
3.529592102,1.0857344210806326
3.531502381,1.0857763089826804
3.5336630020000004,1.0857274397636245
3.5360054740000004,1.0857274397636245
3.537736552,1.0857553650316565
3.539531358,1.0857693276656724
3.5418415220000004,1.0857064958126006
3.5436420920000002,1.0857064958126006
3.5456318600000003,1.0857553650316565
3.547834533,1.0857274397636245
3.5495648490000002,1.0857274397636245
3.55157851,1.0858181968847282
3.5539428460000004,1.0857344210806326
3.555680435,1.0857344210806326
3.557723304,1.0857553650316565
3.5596111020000003,1.0857553650316565
3.5615639900000002,1.0857693276656724
3.5635731230000003,1.0857134771296086
3.5655432850000004,1.0857344210806326
3.5675401050000004,1.0857553650316565
3.5695190820000002,1.0857344210806326
3.571539462,1.0857344210806326
3.5737996770000002,1.0857553650316565
3.5758754250000004,1.0857553650316565
3.577596584,1.0857972529337043
3.5795234760000003,1.0857553650316565
3.5815773350000004,1.0857344210806326
3.583555328,1.0857693276656724
3.585642292,1.0857693276656724
3.5875917850000003,1.0857344210806326
3.5895026490000004,1.0857483837146484
3.591530805,1.0857553650316565
3.5936373610000003,1.0857553650316565
3.5959910070000003,1.0857553650316565
3.5976905390000002,1.0857553650316565
3.5995613040000003,1.0857693276656724
3.6015722390000002,1.0857483837146484
3.6036459730000003,1.0857064958126006
3.605626876,1.0857553650316565
3.6075103320000004,1.0857344210806326
3.6097707710000004,1.0857274397636245
3.611645165,1.0857483837146484
3.6136277310000002,1.0857553650316565
3.6156672710000004,1.0857553650316565
3.6176141790000003,1.0857483837146484
3.619586565,1.0857693276656724
3.621443993,1.0858112155677204
3.6236230590000003,1.0857553650316565
3.6258186240000003,1.0856925331785847
3.627515738,1.0856925331785847
3.629606153,1.0857693276656724
3.6317985270000004,1.0857134771296086
3.633744456,1.0857134771296086
3.635709298,1.0857693276656724
3.637717093,1.0857693276656724
3.639574612,1.0858112155677204
3.6416863320000004,1.0857763089826804
3.6435079160000003,1.0857483837146484
3.6455083530000003,1.0857344210806326
3.647623658,1.0857134771296086
3.6495859690000003,1.0857553650316565
3.6515600530000003,1.0857553650316565
3.653594747,1.0857274397636245
3.6557774070000004,1.0857274397636245
3.657599857,1.0857483837146484
3.6595630970000004,1.0857483837146484
3.6616181180000003,1.0857693276656724
3.663495209,1.0857483837146484
3.665501486,1.0857064958126006
3.6675952670000003,1.0857902716166965
3.669459637,1.0857344210806326
3.67155485,1.0857693276656724
3.6738136430000004,1.0857693276656724
3.675706953,1.0857693276656724
3.677573105,1.0857693276656724
3.679601593,1.0857344210806326
3.6817971800000002,1.0857483837146484
3.6836508390000002,1.0857483837146484
3.6856184150000004,1.0857483837146484
3.687540461,1.0857064958126006
3.689495287,1.0857693276656724
3.691520086,1.0857344210806326
3.693569264,1.0857483837146484
3.695753314,1.0857483837146484
3.697664532,1.0857553650316565
3.699568407,1.0857693276656724
3.701651517,1.0857693276656724
3.7035378800000003,1.0857483837146484
3.705512602,1.0857274397636245
3.7075363,1.0857344210806326
3.709485801,1.0857483837146484
3.7115505850000003,1.0857693276656724
3.713646515,1.0857483837146484
3.715685725,1.0857483837146484
3.7175588920000004,1.0857483837146484
3.7195025470000003,1.0857134771296086
3.7214878450000004,1.0857763089826804
3.7234649380000002,1.0857134771296086
3.725563601,1.0857134771296086
3.7275620390000004,1.0857693276656724
3.7295171770000004,1.0857693276656724
3.7314875260000004,1.0857763089826804
3.733598745,1.0857693276656724
3.735795474,1.0857693276656724
3.737678213,1.0857763089826804
3.7394833370000002,1.0857274397636245
3.741750424,1.0857134771296086
3.74376209,1.0857344210806326
3.7459020520000004,1.0857344210806326
3.7475393080000003,1.0857972529337043
3.749552827,1.0857344210806326
3.751832588,1.0857483837146484
3.753671615,1.0857483837146484
3.755843215,1.0857553650316565
3.7577467930000004,1.0857553650316565
3.7595332790000002,1.0857344210806326
3.7615083100000004,1.0856925331785847
3.763552776,1.0857483837146484
3.7655556050000003,1.0857693276656724
3.7675680380000003,1.0857763089826804
3.7695134890000004,1.0857693276656724
3.7715914710000003,1.0857344210806326
3.773787946,1.0857344210806326
3.775583151,1.0857344210806326
3.7776379060000003,1.0857344210806326
3.7794969440000004,1.0857483837146484
3.7814718060000003,1.0857553650316565
3.783512377,1.0857344210806326
3.7855824470000004,1.0857693276656724
3.787458162,1.0857134771296086
3.789488346,1.0857344210806326
3.791469665,1.0857553650316565
3.7935926650000003,1.0857763089826804
3.795659193,1.0857763089826804
3.797559659,1.0857553650316565
3.7995516360000003,1.0857553650316565
3.801486532,1.0857344210806326
3.8035227600000003,1.0857763089826804
3.805544509,1.0857344210806326
3.8075044310000004,1.0857553650316565
3.809564776,1.0857902716166965
3.8117069690000003,1.0857763089826804
3.8135470490000003,1.0857763089826804
3.8156483530000003,1.0857134771296086
3.817513792,1.0857134771296086
3.819526493,1.0857553650316565
3.8214783900000002,1.0857553650316565
3.8234533340000003,1.0857134771296086
3.825469945,1.0857693276656724
3.8275004750000003,1.0857274397636245
3.8295336370000004,1.0857134771296086
3.831499979,1.0857483837146484
3.8336396400000003,1.0857483837146484
3.835632062,1.0857693276656724
3.837553331,1.0857693276656724
3.839512682,1.0857553650316565
3.8414837470000003,1.0857553650316565
3.8435239880000003,1.0857344210806326
3.845490798,1.0857344210806326
3.8475045310000002,1.0857553650316565
3.8495170670000003,1.0857553650316565
3.8514894010000003,1.0857344210806326
3.853595807,1.0857553650316565
3.8555788520000003,1.0857553650316565
3.8575953000000003,1.0857763089826804
3.8595183050000004,1.0857763089826804
3.8615216740000005,1.0857274397636245
3.8634655830000004,1.0857483837146484
3.8655154940000003,1.0857553650316565
3.8674770190000003,1.0857274397636245
3.8695562060000004,1.0857693276656724
3.8714819480000005,1.0857483837146484
3.873685302,1.0857483837146484
3.8757888690000004,1.0857483837146484
3.8775179310000003,1.0857693276656724
3.879520169,1.0857693276656724
3.8815270890000004,1.0857274397636245
3.883494225,1.0857344210806326
3.8854816530000003,1.0857693276656724
3.8875368010000004,1.0857344210806326
3.889537987,1.0857344210806326
3.891519181,1.0857763089826804
3.893561587,1.0857693276656724
3.895609014,1.0857693276656724
3.8975516530000003,1.0857483837146484
3.899524416,1.0857483837146484
3.901501962,1.0857274397636245
3.9034580350000003,1.0858112155677204
3.9056253460000003,1.0857483837146484
3.907532422,1.0857483837146484
3.909512406,1.0857274397636245
3.9115601620000002,1.0857553650316565
3.913503162,1.0857553650316565
3.9156306260000004,1.0857553650316565
3.917571027,1.0857134771296086
3.9195115620000003,1.0857134771296086
3.9214880630000004,1.0857763089826804
3.923526031,1.0857344210806326
3.9256965850000003,1.0857274397636245
3.927496891,1.0857274397636245
3.9294682510000003,1.0857763089826804
3.931504943,1.0857344210806326
3.9337999430000004,1.0857553650316565
3.935624338,1.0857553650316565
3.93756509,1.0857483837146484
3.9396431260000004,1.0857483837146484
3.9414906110000003,1.0857064958126006
3.9434742650000003,1.0857902716166965
3.945503212,1.0857553650316565
3.9475182610000004,1.0857902716166965
3.949554539,1.0857553650316565
3.9515087280000003,1.0857134771296086
3.9535764620000005,1.0857134771296086
3.955617777,1.0857134771296086
3.9575550180000003,1.0857553650316565
3.9595093610000003,1.0857553650316565
3.9615157730000004,1.0857274397636245
3.9634664120000003,1.0857344210806326
3.9655308920000003,1.0857344210806326
3.967485105,1.0857972529337043
3.9695809100000004,1.0857902716166965
3.971496639,1.0856715892275608
3.9735489060000004,1.0857553650316565
3.975631229,1.0857553650316565
3.9775993030000003,1.0857693276656724
3.979628909,1.0857693276656724
3.9815206570000004,1.0857134771296086
3.983517823,1.0857902716166965
3.9855165790000004,1.0857693276656724
3.987488701,1.0857693276656724
3.9895554210000004,1.0857693276656724
3.991466512,1.0857763089826804
3.993496604,1.0857763089826804
3.9956680010000003,1.0857763089826804
3.9975367590000004,1.0857763089826804
3.9995232880000002,1.0858112155677204
4.001472672,1.0857483837146484
4.003454123,1.0857553650316565
4.00547755,1.0857344210806326
4.007516011,1.0857344210806326
4.009590288,1.0857344210806326
4.011524925000001,1.0857134771296086
4.0137128230000005,1.0857134771296086
4.015600128,1.0857134771296086
4.017638467,1.0857553650316565
4.0196464700000005,1.0857553650316565
4.021657714,1.0857274397636245
4.0238744550000005,1.0857553650316565
4.025722054,1.0857344210806326
4.027998902,1.0857274397636245
4.029637637,1.0857274397636245
4.0316918390000005,1.0857483837146484
4.033522941,1.0857483837146484
4.035771092,1.0857693276656724
4.037634998000001,1.0857693276656724
4.0395669210000005,1.0857483837146484
4.041724119,1.0857763089826804
4.043751351,1.0857344210806326
4.045733295000001,1.0857344210806326
4.047576709,1.0857693276656724
4.049924097,1.0857693276656724
4.051574385,1.0857693276656724
4.053669045,1.0857483837146484
4.055739362000001,1.0857483837146484
4.057618437,1.0857344210806326
4.059628978,1.0857553650316565
4.061560654,1.0857483837146484
4.063612386,1.0857483837146484
4.065608321,1.0857553650316565
4.067465565,1.0857274397636245
4.069548329,1.0857483837146484
4.071490933000001,1.0857902716166965
4.073595912,1.0857483837146484
4.075726728,1.0857483837146484
4.077704875,1.0857693276656724
4.079666272,1.0857483837146484
4.081957852,1.0857693276656724
4.083575678,1.0857693276656724
4.0855563560000006,1.0857483837146484
4.087582129,1.0857693276656724
4.0896879760000004,1.0857344210806326
4.09156198,1.0857693276656724
4.093587577,1.0857134771296086
4.095748543,1.0857134771296086
4.097701088,1.0857344210806326
4.099539384,1.0857553650316565
4.10165324,1.0857483837146484
4.10368277,1.0857483837146484
4.105620061000001,1.0857763089826804
4.107673152,1.0857972529337043
4.109693155,1.0857902716166965
4.111664502,1.0857553650316565
4.113579544,1.0857134771296086
4.115858565,1.0857134771296086
4.1176265370000005,1.0857134771296086
4.119635379,1.0857344210806326
4.121545869,1.0857553650316565
4.123565366,1.0857483837146484
4.125551456,1.0857693276656724
4.127535058,1.0857483837146484
4.129561037,1.0857274397636245
4.131500836,1.0857693276656724
4.133497692000001,1.0857483837146484
4.135601418,1.0857553650316565
4.137652511000001,1.0857553650316565
4.1396449550000005,1.0857763089826804
4.141509687,1.0857344210806326
4.1435161240000005,1.0857483837146484
4.145765355,1.0857553650316565
4.1475818,1.0857483837146484
4.149536855,1.0857134771296086
4.151617902,1.0857344210806326
4.1535736210000005,1.0857763089826804
4.155682904,1.0857763089826804
4.157680225,1.0857483837146484
4.159712756,1.0857344210806326
4.161630435,1.0857972529337043
4.163668997,1.0857274397636245
4.1656248620000005,1.0857902716166965
4.167522391,1.0857693276656724
4.169511172,1.0857693276656724
4.171600935,1.0857693276656724
4.173533278,1.0857134771296086
4.175727082,1.0857693276656724
4.177515319,1.0857693276656724
4.1794935870000005,1.0857693276656724
4.1815028540000005,1.0857064958126006
4.183529859,1.0857693276656724
4.185522762000001,1.0857274397636245
4.1874902060000005,1.0857693276656724
4.189476001,1.0857344210806326
4.191467092,1.0857902716166965
4.193580697000001,1.0857553650316565
4.195586372,1.0857553650316565
4.197514128,1.0857693276656724
4.1995376900000005,1.0857553650316565
4.201578249000001,1.0857902716166965
4.203512971,1.0857483837146484
4.205468034,1.0857344210806326
4.2074925610000005,1.0857553650316565
4.209502994,1.0857693276656724
4.211519330000001,1.0857274397636245
4.2135433,1.0857344210806326
4.215768351,1.0857344210806326
4.217548016,1.0857553650316565
4.219473707000001,1.0857693276656724
4.221617286,1.0857483837146484
4.223530800000001,1.0857553650316565
4.22569687,1.0857483837146484
4.227539408,1.0857483837146484
4.2295097440000005,1.0857902716166965
4.2314978420000005,1.0857134771296086
4.233505669,1.0857483837146484
4.2357731670000005,1.0857483837146484
4.237632005,1.0857553650316565
4.239613439,1.0857344210806326
4.2416167830000004,1.0857763089826804
4.243510936,1.0857553650316565
4.245487957,1.0857763089826804
4.247498973,1.0857483837146484
4.249672208000001,1.0857483837146484
4.2514794920000005,1.0857344210806326
4.253602645,1.0857064958126006
4.2561983340000005,1.0857064958126006
4.257596881,1.0857902716166965
4.259571458,1.0857693276656724
4.261546572,1.0857763089826804
4.263691072,1.0857902716166965
4.265497964000001,1.0857902716166965
4.267524691,1.0857344210806326
4.269517228000001,1.0857344210806326
4.271760509,1.0857763089826804
4.273676554000001,1.0857763089826804
4.275752636,1.0857553650316565
4.27759262,1.0857553650316565
4.279515122,1.0857693276656724
4.281503691,1.0857134771296086
4.283549355,1.0857972529337043
4.2855194370000005,1.0857693276656724
4.287479971000001,1.0857483837146484
4.2894861330000005,1.0857344210806326
4.291501938000001,1.0858112155677204
4.293581867,1.0857763089826804
4.295777013,1.0857483837146484
4.297645228,1.0857483837146484
4.299752704,1.0857274397636245
4.301663335000001,1.0858112155677204
4.303550252,1.0857344210806326
4.305536251,1.0857902716166965
4.307599591000001,1.0857763089826804
4.309619707,1.0857344210806326
4.311582027,1.0857344210806326
4.313820828,1.0857274397636245
4.315579917,1.0857274397636245
4.317537487,1.0857693276656724
4.31953544,1.0858112155677204
4.321506562000001,1.0857763089826804
4.323765043,1.0857902716166965
4.3255657880000005,1.0857693276656724
4.327595467,1.0857344210806326
4.3296071640000005,1.0857693276656724
4.331491795000001,1.0857553650316565
4.333621356,1.0857483837146484
4.335583709000001,1.0857483837146484
4.3375763670000005,1.0857274397636245
4.339511071,1.0857274397636245
4.341519377,1.0857344210806326
4.343503459,1.0857902716166965
4.345479983000001,1.0857553650316565
4.348216829,1.0857483837146484
4.349619161000001,1.0857483837146484
4.351736024,1.0857553650316565
4.353673254,1.0857553650316565
4.355660235,1.0857553650316565
4.357528311,1.0857553650316565
4.359518264,1.0857483837146484
4.361485788,1.0857274397636245
4.363498741,1.0857902716166965
4.365770788,1.0857553650316565
4.36751941,1.0857553650316565
4.369533699000001,1.0857693276656724
4.371594153,1.0857902716166965
4.373633077,1.0857693276656724
4.375648388,1.0857693276656724
4.3775905900000005,1.0857763089826804
4.379546425,1.0857763089826804
4.381511914,1.0857483837146484
4.383585391,1.0857763089826804
4.385525375,1.0857902716166965
4.387442126,1.0857693276656724
4.389502825,1.0857553650316565
4.391517772,1.0857483837146484
4.39355875,1.0857483837146484
4.3956349910000005,1.0857483837146484
4.397564567,1.0857344210806326
4.399488548,1.0857274397636245
4.401501542,1.0857344210806326
4.4034957640000005,1.0857344210806326
4.405477423000001,1.0857483837146484
4.407519926,1.0857553650316565
4.409511446000001,1.0857763089826804
4.41152775,1.0857483837146484
4.413633131,1.0857483837146484
4.415651443000001,1.0857483837146484
4.4175461,1.0857483837146484
4.419512725000001,1.0857763089826804
4.421535606,1.0857274397636245
4.423657907,1.0857693276656724
4.425595982,1.0857693276656724
4.427574202000001,1.0857274397636245
4.429499901000001,1.0857553650316565
4.431471102000001,1.0857274397636245
4.433680823,1.0857483837146484
4.435777903,1.0857483837146484
4.43756269,1.0857693276656724
4.439534998,1.0857693276656724
4.441551679000001,1.0857274397636245
4.443507172,1.0857483837146484
4.445484536,1.0857763089826804
4.4474825760000005,1.0857483837146484
4.449674605,1.0857274397636245
4.4516301170000006,1.0857763089826804
4.453542809,1.0857483837146484
4.455710387,1.0858112155677204
4.4578236250000005,1.0858112155677204
4.459550102000001,1.0857344210806326
4.46161588,1.0857553650316565
4.4636335240000005,1.0857763089826804
4.465627656000001,1.0857344210806326
4.467651384,1.0857134771296086
4.469584322,1.0857134771296086
4.471568354,1.0857553650316565
4.473559358,1.0857483837146484
4.475729221,1.0856925331785847
4.47755129,1.0856925331785847
4.479525422,1.0857763089826804
4.481814047,1.0857553650316565
4.483521921,1.0857553650316565
4.485530303,1.0857763089826804
4.487542499,1.0857553650316565
4.489478793,1.0857344210806326
4.491467966,1.0857902716166965
4.493584932,1.0857483837146484
4.495647806,1.0857483837146484
4.497552086000001,1.0857763089826804
4.499598898,1.0857483837146484
4.501692496,1.0857553650316565
4.503495534000001,1.0857553650316565
4.505496323,1.0858112155677204
4.507525632,1.0857553650316565
4.50981974,1.0857483837146484
4.511529326000001,1.0857483837146484
4.513847741,1.0857693276656724
4.5155604480000004,1.0857693276656724
4.51754236,1.0857483837146484
4.519568828000001,1.0857483837146484
4.521563336000001,1.0857693276656724
4.523547559000001,1.0857693276656724
4.525511403,1.0857483837146484
4.527529374,1.0857553650316565
4.529484569,1.0857693276656724
4.531506076,1.0857483837146484
4.533811471,1.0857763089826804
4.535581535,1.0857763089826804
4.537592707,1.0857274397636245
4.539608714,1.0857553650316565
4.541617597,1.0857553650316565
4.543611792,1.0857134771296086
4.54556798,1.0857483837146484
4.547554968,1.0857763089826804
4.549813857,1.0857344210806326
4.551725253,1.0857763089826804
4.553651974,1.0857553650316565
4.555734051,1.0857553650316565
4.55756894,1.0857553650316565
4.55985434,1.0857344210806326
4.5618870330000005,1.0857344210806326
4.563554807,1.0857763089826804
4.565507709,1.0857483837146484
4.567645570000001,1.0857344210806326
4.5695018560000005,1.0857693276656724
4.571466727000001,1.0857344210806326
4.573596166000001,1.0857693276656724
4.575709077,1.0857693276656724
4.577710995,1.0857693276656724
4.579519687,1.0857483837146484
4.581593981,1.0857553650316565
4.583577932,1.0857064958126006
4.585474822,1.0857693276656724
4.58750278,1.0857344210806326
4.589541192,1.0857064958126006
4.59149648,1.0857483837146484
4.59359508,1.0857274397636245
4.595624654,1.0857274397636245
4.59753875,1.0857274397636245
4.599519023,1.0857274397636245
4.601523388,1.0857553650316565
4.603492153,1.0857902716166965
4.605507634,1.0857483837146484
4.6075085520000005,1.0857483837146484
4.609529483,1.0857483837146484
4.611485412,1.0857483837146484
4.6135984830000005,1.0857763089826804
4.6158601720000005,1.0857763089826804
4.6175925520000005,1.0857274397636245
4.619528578000001,1.0857274397636245
4.621606529,1.0857763089826804
4.623484124,1.0857134771296086
4.625560901,1.0857344210806326
4.627494233,1.0857553650316565
4.62947798,1.0857693276656724
4.631495738,1.0857344210806326
4.633624778000001,1.0857553650316565
4.635636468,1.0857553650316565
4.637566984,1.0857134771296086
4.639572922,1.0857134771296086
4.64153905,1.0857902716166965
4.6435018040000005,1.0857553650316565
4.645473298000001,1.0857483837146484
4.64747269,1.0857693276656724
4.649478106,1.0857483837146484
4.651467925,1.0857693276656724
4.653608391000001,1.0857483837146484
4.655651547000001,1.0857483837146484
4.6575301090000005,1.0857553650316565
4.659512386,1.0857483837146484
4.661466354,1.0857763089826804
4.663505487,1.0857763089826804
4.665509432,1.0857344210806326
4.6675151370000005,1.0857344210806326
4.669569346,1.0857344210806326
4.6714821220000005,1.0857693276656724
4.673591625,1.0857693276656724
4.675742492,1.0857693276656724
4.677534528000001,1.0857274397636245
4.679520043,1.0857064958126006
4.681532358,1.0857483837146484
4.683517255,1.0857483837146484
4.685496924000001,1.0857483837146484
4.687486612000001,1.0857344210806326
4.689559717,1.0857693276656724
4.691479561,1.0857483837146484
4.693596427,1.0857274397636245
4.695567199,1.0857274397636245
4.697525134,1.0857344210806326
4.699507068,1.0857693276656724
4.701594872,1.0857274397636245
4.703621825,1.0857274397636245
4.7055205440000005,1.0857693276656724
4.7075002370000005,1.0857693276656724
4.709557591,1.0857483837146484
4.711518897,1.0857344210806326
4.7137615010000005,1.0857483837146484
4.715608943,1.0857483837146484
4.717559724,1.0857763089826804
4.719607805,1.0857344210806326
4.721567665,1.0857274397636245
4.723516739,1.0857693276656724
4.725520397,1.0857553650316565
4.727502215,1.0857274397636245
4.729489694000001,1.0857972529337043
4.731493400000001,1.0857902716166965
4.733703468,1.0857553650316565
4.736012008,1.0857553650316565
4.737607985,1.0857064958126006
4.7395569250000005,1.0857553650316565
4.741497476,1.0857344210806326
4.743479935,1.0857274397636245
4.745575554,1.0857693276656724
4.747483596,1.0857483837146484
4.7495169310000005,1.0857763089826804
4.751582205,1.0857064958126006
4.753622563,1.0857064958126006
4.755651293000001,1.0857693276656724
4.757550333,1.0857693276656724
4.759528238000001,1.0857763089826804
4.761473277,1.0857483837146484
4.763579479000001,1.0857483837146484
4.765522637,1.0857483837146484
4.767484413,1.0857344210806326
4.769480489,1.0857134771296086
4.771497127,1.0857274397636245
4.773606298000001,1.0857274397636245
4.775888050000001,1.0857274397636245
4.7775501600000005,1.0857902716166965
4.779582444,1.0857693276656724
4.781552110000001,1.0857693276656724
4.783496889,1.0857553650316565
4.785485017,1.0857902716166965
4.787502450000001,1.0857763089826804
4.78949313,1.0857553650316565
4.791473636,1.0857483837146484
4.793563828,1.0857344210806326
4.795669574000001,1.0857344210806326
4.797562591,1.0857693276656724
4.7995086780000005,1.0857693276656724
4.801620841,1.0857134771296086
4.8034989370000005,1.0857134771296086
4.805501114,1.0857483837146484
4.807510362,1.0857553650316565
4.809505796000001,1.0857344210806326
4.811484957,1.0857763089826804
4.813651507,1.0857763089826804
4.815645966,1.0857344210806326
4.817528308,1.0857344210806326
4.8195563660000005,1.0857274397636245
4.821478465,1.0857553650316565
4.823497015,1.0857344210806326
4.825526911,1.0857134771296086
4.827500555,1.0858321595187443
4.829485515,1.0857134771296086
4.831544028000001,1.0857693276656724
4.833557751000001,1.0857693276656724
4.8356190770000005,1.0857693276656724
4.8375421,1.0857344210806326
4.839527534,1.0857483837146484
4.8415939,1.0857064958126006
4.843620547,1.0857483837146484
4.845578402,1.0857902716166965
4.847473403,1.0857763089826804
4.849516097,1.0857763089826804
4.851464987,1.0857344210806326
4.853690268,1.0857693276656724
4.855621646,1.0857693276656724
4.857553849,1.0857693276656724
4.859477226,1.0857483837146484
4.861503162,1.0857902716166965
4.8634890980000005,1.0857344210806326
4.865467454,1.0857134771296086
4.867503121,1.0857972529337043
4.869499781,1.0857553650316565
4.87150216,1.0857902716166965
4.873727967000001,1.0857483837146484
4.875681695,1.0857483837146484
4.877583898,1.0857693276656724
4.879606422,1.0857902716166965
4.881599073,1.0857553650316565
4.883581973,1.0857693276656724
4.885508319,1.0857483837146484
4.887502798,1.0857483837146484
4.889466545,1.0857483837146484
4.8914524340000005,1.0857344210806326
4.893570178,1.0857274397636245
4.895645337,1.0857274397636245
4.897548078000001,1.0857902716166965
4.899516226,1.0857483837146484
4.901496819,1.0857693276656724
4.903450961,1.0857972529337043
4.905526712,1.0857483837146484
4.907478237,1.0857553650316565
4.909508786,1.0857693276656724
4.911513852000001,1.0857553650316565
4.91368789,1.0857553650316565
4.915620348,1.0857553650316565
4.917607231000001,1.0857553650316565
4.919584043,1.0857134771296086
4.921479776,1.0857344210806326
4.923514403,1.0857693276656724
4.925597471000001,1.0857064958126006
4.927865431000001,1.0857344210806326
4.929663316,1.0857344210806326
4.93156745,1.0857553650316565
4.933741454000001,1.0857553650316565
4.935624576,1.0857763089826804
4.937632622000001,1.0857763089826804
4.939557747,1.0857344210806326
4.941769389,1.0857693276656724
4.943522475,1.0857693276656724
4.945510831,1.0857064958126006
4.947513947,1.0857274397636245
4.949478421,1.0857693276656724
4.95152123,1.0857483837146484
4.95353854,1.0857693276656724
4.955792784000001,1.0857553650316565
4.957527737,1.0857553650316565
4.959529361,1.0857553650316565
4.961540028,1.0857483837146484
4.963537426,1.0857902716166965
4.965503011,1.0857553650316565
4.967630069,1.0857693276656724
4.969578567,1.0857483837146484
4.9714674500000005,1.0857344210806326
4.973585197,1.0857763089826804
4.975861865000001,1.0857763089826804
4.97770383,1.0857763089826804
4.979637576,1.0857763089826804
4.981599189000001,1.0857693276656724
4.983702337,1.0857763089826804
4.985541078000001,1.0857693276656724
4.987544866,1.0857693276656724
4.989471804,1.0857902716166965
4.991541853,1.0857693276656724
4.993622043,1.0857134771296086
4.995869634,1.0857134771296086
4.997710628,1.0857693276656724
4.999701967,1.0857483837146484
5.001512649,1.0857553650316565
5.003535156,1.0857553650316565
5.005472916,1.0857763089826804
5.007554451000001,1.0857693276656724
5.009590198000001,1.0857483837146484
5.011537757,1.0857972529337043
5.013831914000001,1.0857693276656724
5.015773348000001,1.0857693276656724
5.017643199,1.0857763089826804
5.019569666000001,1.0857344210806326
5.021811481,1.0857972529337043
5.023551463,1.0857972529337043
5.025533208000001,1.0857274397636245
5.027548063,1.0857902716166965
5.029557119000001,1.0857483837146484
5.031609706,1.0857483837146484
5.033841194000001,1.0857763089826804
5.035587957000001,1.0857763089826804
5.037537754000001,1.0857693276656724
5.039634579,1.0857553650316565
5.041529848000001,1.0857553650316565
5.043543394,1.0857693276656724
5.045502529,1.0857902716166965
5.047454909000001,1.0857763089826804
5.049485639,1.0857763089826804
5.051450262,1.0857483837146484
5.053607942,1.0857553650316565
5.055772922,1.0857553650316565
5.057525,1.0857553650316565
5.059507445,1.0857553650316565
5.061518601,1.0857553650316565
5.063511849,1.0857693276656724
5.065485295,1.0857763089826804
5.067579798000001,1.0857553650316565
5.069558249,1.0857972529337043
5.071774749,1.0857344210806326
5.073708917,1.0857344210806326
5.0756257190000005,1.0857553650316565
5.077632244,1.0857483837146484
5.079565883,1.0857483837146484
5.081539424000001,1.0857344210806326
5.0835230330000005,1.0857693276656724
5.085519028,1.0857902716166965
5.087524396,1.0857344210806326
5.089509195000001,1.0857274397636245
5.091489786,1.0857553650316565
5.093738744,1.0857344210806326
5.095752701,1.0857344210806326
5.097713114,1.0857972529337043
5.0995569210000005,1.0857553650316565
5.101521891,1.0857274397636245
5.103533198,1.0857763089826804
5.105661216000001,1.0857763089826804
5.107506311000001,1.0857344210806326
5.109631869,1.0857344210806326
5.111616667000001,1.0857763089826804
5.113829340000001,1.0857902716166965
5.115573478,1.0857902716166965
5.117564189,1.0857344210806326
5.119583464000001,1.0857763089826804
5.121483388000001,1.0857483837146484
5.123520088,1.0857763089826804
5.125585745,1.0857483837146484
5.127516392,1.0857553650316565
5.129523882,1.0857344210806326
5.131485072,1.0857483837146484
5.133747993,1.0857483837146484
5.135576686,1.0857483837146484
5.137554313000001,1.0857972529337043
5.139530727,1.0857972529337043
5.141518847,1.0857763089826804
5.143482964,1.0857972529337043
5.145485164,1.0857274397636245
5.147472047,1.0857693276656724
5.1494952220000005,1.0857763089826804
5.151670769000001,1.0857693276656724
5.153727126000001,1.0857693276656724
5.1557548760000005,1.0857763089826804
5.157679152,1.0857763089826804
5.159644396,1.0857134771296086
5.1615503050000004,1.0857344210806326
5.163609711,1.0857344210806326
5.165653042000001,1.0857483837146484
5.167599164,1.0857134771296086
5.1695657740000005,1.0857483837146484
5.171634770000001,1.0857553650316565
5.173710316,1.0857902716166965
5.175620834,1.0857902716166965
5.1776688040000005,1.0857344210806326
5.1797092010000005,1.0857902716166965
5.181624402000001,1.0857902716166965
5.183553177,1.0857134771296086
5.185686608,1.0857344210806326
5.1875745140000005,1.0857693276656724
5.189671871000001,1.0857902716166965
5.191568388,1.0857763089826804
5.193515108000001,1.0858112155677204
5.195783295,1.0857553650316565
5.197671719000001,1.0857553650316565
5.199543292,1.0857483837146484
5.201662748,1.0857483837146484
5.203549737,1.0857693276656724
5.205533709,1.0857483837146484
5.207602065000001,1.0857483837146484
5.209557656,1.0857553650316565
5.211626816,1.0857064958126006
5.213646737,1.0857553650316565
5.215769063000001,1.0857553650316565
5.2176333900000005,1.0857693276656724
5.219648665,1.0857693276656724
5.221653105000001,1.0857693276656724
5.223575608,1.0857274397636245
5.225612740000001,1.0857274397636245
5.227527794,1.0857274397636245
5.22953137,1.0857134771296086
5.231496915,1.0857553650316565
5.233573982,1.0857483837146484
5.235739228,1.0857483837146484
5.237670959,1.0857553650316565
5.239649402,1.0857553650316565
5.2415394950000005,1.0857763089826804
5.2436141990000005,1.0857763089826804
5.245598171,1.0857064958126006
5.247531576,1.0857693276656724
5.24951437,1.0857902716166965
5.251513149,1.0857483837146484
5.2534719270000005,1.0857064958126006
5.255690308,1.0857763089826804
5.257600652000001,1.0857763089826804
5.259542538000001,1.0857553650316565
5.261585943,1.0857274397636245
5.263547384000001,1.0857483837146484
5.2655097390000005,1.0857972529337043
5.267555115,1.0857483837146484
5.269592912,1.0857902716166965
5.271465643,1.0857553650316565
5.273557981000001,1.0857344210806326
5.275638221,1.0857344210806326
5.277557900000001,1.0857344210806326
5.279568528,1.0857553650316565
5.281675175,1.0857134771296086
5.2836725940000004,1.0857134771296086
5.285535735000001,1.0857763089826804
5.28760237,1.0857344210806326
5.289507433000001,1.0857763089826804
5.291481895,1.0857693276656724
5.2935614300000005,1.0857553650316565
5.295726818,1.0857344210806326
5.297530339000001,1.0857344210806326
5.299699169,1.0857483837146484
5.30151429,1.0856925331785847
5.3036924260000005,1.0857553650316565
5.305566407000001,1.0858112155677204
5.3076264360000005,1.0857064958126006
5.309726761,1.0857902716166965
5.3115806050000005,1.0857693276656724
5.313544863000001,1.0857693276656724
5.315923021000001,1.0857134771296086
5.317772886,1.0857134771296086
5.319555940000001,1.0857763089826804
5.321625495,1.0857693276656724
5.323563804,1.0857972529337043
5.3255718960000005,1.0857274397636245
5.327626088000001,1.0857274397636245
5.329628308,1.0857693276656724
5.331533960000001,1.0857902716166965
5.3335515870000005,1.0857763089826804
5.335711139000001,1.0857763089826804
5.337643203000001,1.0857763089826804
5.339594512000001,1.0857483837146484
5.3417349960000005,1.0857344210806326
5.34391232,1.0857274397636245
5.345639793,1.0857902716166965
5.3476398110000005,1.0857274397636245
5.349595288000001,1.0857902716166965
5.351609848000001,1.0857553650316565
5.353761533,1.0857553650316565
5.3556547430000006,1.0857553650316565
5.357646221,1.0857972529337043
5.359711671,1.0857483837146484
5.361492551,1.0857693276656724
5.363595053,1.0857344210806326
5.365638538000001,1.0857553650316565
5.367482399,1.0857902716166965
5.369525349,1.0857693276656724
5.371561935,1.0857763089826804
5.3739491710000005,1.0857972529337043
5.3755964480000005,1.0857972529337043
5.3776022580000005,1.0857763089826804
5.379661491,1.0857483837146484
5.3816424000000005,1.0857902716166965
5.383504032,1.0857483837146484
5.385527862,1.0857553650316565
5.387610949,1.0857274397636245
5.3894930080000005,1.0857274397636245
5.391575544,1.0857553650316565
5.3939053370000005,1.0857693276656724
5.395628766000001,1.0857693276656724
5.397650134,1.0857763089826804
5.399756656,1.0857693276656724
5.4016588070000005,1.0857693276656724
5.403518179000001,1.0857483837146484
5.405510845,1.0857483837146484
5.407558807,1.0857693276656724
5.409633319,1.0857274397636245
5.41159398,1.0857483837146484
5.413581401,1.0857972529337043
5.415729981,1.0857972529337043
5.4176251970000004,1.0857344210806326
5.419562818,1.0857134771296086
5.421519018000001,1.0857972529337043
5.423512991,1.0857972529337043
5.425784113000001,1.0857344210806326
5.427563703000001,1.0857344210806326
5.429628686,1.0857902716166965
5.43154367,1.0857553650316565
5.433695257,1.0857553650316565
5.4357567950000005,1.0857553650316565
5.437525091,1.0857134771296086
5.439647606,1.0857763089826804
5.44150866,1.0857344210806326
5.443485261,1.0857763089826804
5.445512482000001,1.0857483837146484
5.447727088000001,1.0857693276656724
5.4495365190000005,1.0857972529337043
5.451627778000001,1.0857693276656724
5.453721156,1.0857134771296086
5.4556591160000005,1.0857134771296086
5.457545893000001,1.0857763089826804
5.459580889000001,1.0857483837146484
5.461557434,1.0857483837146484
5.463505884,1.0857902716166965
5.465582685,1.0857763089826804
5.4675414600000005,1.0857763089826804
5.469540401000001,1.0858112155677204
5.471506763000001,1.0857902716166965
5.473750413,1.0857134771296086
5.475615478,1.0857134771296086
5.477548988000001,1.0857693276656724
5.479562785000001,1.0857483837146484
5.481537739,1.0857553650316565
5.483528349,1.0857693276656724
5.485480344,1.0858112155677204
5.48758876,1.0857483837146484
5.489564827000001,1.0857274397636245
5.491484028,1.0857763089826804
5.493637130000001,1.0857693276656724
5.495587405,1.0857693276656724
5.49766446,1.0857344210806326
5.499608135000001,1.0857344210806326
5.501892933000001,1.0857902716166965
5.503555586,1.0857902716166965
5.505547180000001,1.0857344210806326
5.507646993000001,1.0857693276656724
5.509638514000001,1.0857693276656724
5.511809793,1.0857972529337043
5.513650749,1.0857483837146484
5.515641427,1.0857483837146484
5.5175671170000005,1.0857972529337043
5.519520251,1.0857274397636245
5.521617523000001,1.0857902716166965
5.523475132000001,1.0857553650316565
5.525556291,1.0857344210806326
5.5275234300000005,1.0857344210806326
5.529530026000001,1.0857553650316565
5.531639936,1.0857553650316565
5.533838569,1.0857972529337043
5.53580338,1.0857972529337043
5.537712845000001,1.0857553650316565
5.539678135,1.0857902716166965
5.5417372,1.0857344210806326
5.543680719,1.0857553650316565
5.545565477,1.0857553650316565
5.54775779,1.0857553650316565
5.549535383,1.0857763089826804
5.551561477,1.0857553650316565
5.5537860740000005,1.0857553650316565
5.555750772000001,1.0857553650316565
5.557576983000001,1.0857693276656724
5.559631408,1.0857483837146484
5.561565881,1.0857483837146484
5.563618424,1.0857763089826804
5.565548627,1.0857693276656724
5.567701391,1.0857344210806326
5.569605615,1.0857344210806326
5.571664811000001,1.0857972529337043
5.573734996000001,1.0857763089826804
5.575761333,1.0857763089826804
5.577818204000001,1.0857763089826804
5.579734940000001,1.0857274397636245
5.581839402,1.0857763089826804
5.5838282,1.0857763089826804
5.58560124,1.0857972529337043
5.587692294,1.0857693276656724
5.589626107,1.0857553650316565
5.591609591,1.0857483837146484
5.593943276,1.0857274397636245
5.596014082,1.0857274397636245
5.597790302,1.0857972529337043
5.599617397,1.0857763089826804
5.601785802,1.0857693276656724
5.6037002330000005,1.0857902716166965
5.6056796,1.0857483837146484
5.607742353000001,1.0857483837146484
5.609634126,1.0857483837146484
5.611677785,1.0857344210806326
5.613935382,1.0857972529337043
5.615774533000001,1.0857972529337043
5.6176950450000005,1.0857693276656724
5.619662911000001,1.0857274397636245
5.621872598,1.0857902716166965
5.623684604,1.0857693276656724
5.625660266000001,1.0857344210806326
5.627727128,1.0857763089826804
5.629671803,1.0857064958126006
5.631744092,1.0857972529337043
5.634188795,1.0857344210806326
5.635642443,1.0857344210806326
5.637716725000001,1.0857972529337043
5.639647745,1.0857483837146484
5.641725458000001,1.0857344210806326
5.643938961,1.0857763089826804
5.645686636000001,1.0857763089826804
5.647735231,1.0857763089826804
5.6496342980000005,1.0857344210806326
5.651586057,1.0857483837146484
5.653561772000001,1.0857693276656724
5.655769543000001,1.0857693276656724
5.657693809,1.0857693276656724
5.6596141730000005,1.0857274397636245
5.661585376000001,1.0857344210806326
5.663539753,1.0857902716166965
5.665526063000001,1.0857134771296086
5.667583165,1.0857344210806326
5.669515112,1.0857763089826804
5.671517974,1.0857274397636245
5.6738776930000006,1.0857274397636245
5.675601942,1.0857274397636245
5.6775201950000005,1.0857902716166965
5.679567643,1.0858112155677204
5.681568052,1.0857344210806326
5.683552196,1.0857553650316565
5.685504227,1.0857134771296086
5.687534584000001,1.0857902716166965
5.689467369,1.0857344210806326
5.691520874,1.0857553650316565
5.693592344000001,1.0856925331785847
5.695625841,1.0856925331785847
5.697611898000001,1.0857483837146484
5.699610754,1.0857553650316565
5.701579409000001,1.0857693276656724
5.703681288,1.0857344210806326
5.705503679,1.0857344210806326
5.707668535000001,1.0857693276656724
5.709518579,1.0857483837146484
5.7115749220000005,1.0857134771296086
5.713965884,1.0857274397636245
5.715556623,1.0857274397636245
5.71756841,1.0857693276656724
5.719652288000001,1.0857763089826804
5.7215312,1.0857763089826804
5.723787270000001,1.0857553650316565
5.725654586,1.0857344210806326
5.727857802,1.0857553650316565
5.729524438,1.0857553650316565
5.731494778,1.0857902716166965
5.733588065,1.0857553650316565
5.735649937000001,1.0857553650316565
5.737679392,1.0857134771296086
5.739575343,1.0857344210806326
5.7416124360000005,1.0857553650316565
5.743549720000001,1.0857483837146484
5.745480645000001,1.0857763089826804
5.7475416610000005,1.0857553650316565
5.749498792000001,1.0857553650316565
5.751529076000001,1.0857483837146484
5.753649031,1.0857693276656724
5.75573591,1.0857693276656724
5.757540212,1.0857553650316565
5.759515026000001,1.0857483837146484
5.7614908940000005,1.0858112155677204
5.763558809,1.0857274397636245
5.765524096,1.0857763089826804
5.767471581000001,1.0857483837146484
5.769514953000001,1.0857693276656724
5.771513706,1.0857134771296086
5.773778733,1.0857763089826804
5.775669517000001,1.0857763089826804
5.777585914,1.0857763089826804
5.779608366000001,1.0858181968847282
5.78158276,1.0857274397636245
5.783888905,1.0857344210806326
5.785534183,1.0857344210806326
5.787527216,1.0857274397636245
5.789686316,1.0857134771296086
5.791519357,1.0857483837146484
5.793562546,1.0857693276656724
5.795648326,1.0857693276656724
5.797585420000001,1.0857064958126006
5.799630662,1.0857274397636245
5.801541837,1.0857763089826804
5.803577597,1.0857274397636245
5.80558492,1.0857972529337043
5.808007556000001,1.0857763089826804
5.809623472,1.0857763089826804
5.811574888,1.0857274397636245
5.813850906000001,1.0857553650316565
5.815676532,1.0857553650316565
5.81760196,1.0857134771296086
5.819506986,1.0857693276656724
5.821530578,1.0857693276656724
5.823523555,1.0857483837146484
5.825719761,1.0857553650316565
5.827566474,1.0857553650316565
5.829498423,1.0857344210806326
5.831483997,1.0857344210806326
5.833624855,1.0857553650316565
5.835623649,1.0857553650316565
5.837664225,1.0857344210806326
5.839573410000001,1.0857344210806326
5.841520771000001,1.0857344210806326
5.843504126,1.0857693276656724
5.845713326,1.0857483837146484
5.847537578000001,1.0857483837146484
5.84952979,1.0857483837146484
5.8515175720000006,1.0857344210806326
5.8535900970000005,1.0857902716166965
5.8557348330000005,1.0857902716166965
5.857560574000001,1.0857902716166965
5.859564834,1.0857553650316565
5.861494528000001,1.0857763089826804
5.863590602,1.0857972529337043
5.8654919770000005,1.0857553650316565
5.86748649,1.0857344210806326
5.869568528,1.0857972529337043
5.87150323,1.0857693276656724
5.8738193690000005,1.0857553650316565
5.8755876350000005,1.0857553650316565
5.877548706000001,1.0857274397636245
5.879597911,1.0857483837146484
5.881501706000001,1.0858112155677204
5.8835182370000005,1.0858181968847282
5.885568117,1.0857902716166965
5.887582473,1.0857553650316565
5.889486677000001,1.0857344210806326
5.891554926,1.0857763089826804
5.893599287000001,1.0856925331785847
5.895759231,1.0856925331785847
5.8975655950000005,1.0857274397636245
5.899528747000001,1.0858321595187443
5.901558219,1.0858600847867763
5.903521202,1.085888010054808
5.905598127,1.0860834869310314
5.90751805,1.0867397307297813
5.909464939,1.0875356008686907
5.911519402000001,1.0882197699354725
5.91376214,1.088422228128704
5.91557752,1.088422228128704
5.917552573,1.0879963677912172
5.919579548000001,1.0879963677912172
5.921518694,1.0884920412987835
5.923546109,1.0891133785124936
5.925578408000001,1.089015640074382
5.9275076360000005,1.08898771480635
5.929741371,1.0890924345614696
5.931535864000001,1.0890924345614696
5.933795091,1.0891901729995812
5.935872236000001,1.0891901729995812
5.937743627000001,1.0891971543165893
5.9396925320000005,1.0891971543165893
5.941638813,1.0890784719274538
5.943687736,1.0890296027083979
5.9455093560000005,1.08898771480635
5.947475962,1.089015640074382
5.949464645,1.088973752172334
5.951494641,1.0888760137342224
5.953857032,1.0888760137342224
5.955852225,1.0889109203192624
5.957631212000001,1.0889109203192624
5.959501358000001,1.0889109203192624
5.961536305,1.088973752172334
5.963582448,1.088994696123358
5.966098187,1.088994696123358
5.967759175,1.0890086587573742
5.969714841,1.0891622477315495
5.9719789830000005,1.0894345190948607
5.973629045,1.0894345190948607
5.975838442000001,1.0896858465071477
5.977637743000001,1.0896858465071477
5.979682804,1.0898603794323474
5.981555232000001,1.0900279310405387
5.983534796000001,1.0899860431384907
5.985546288,1.0897835849452595
5.9877037810000004,1.0895392388499803
5.989594245,1.0892530048526532
5.991543505,1.0891971543165893
5.993718285000001,1.0891762103655653
5.995901773,1.089036584025406
5.997632072,1.089036584025406
5.999657255000001,1.0889388455872941
6.001695440000001,1.0889388455872941
6.003690914000001,1.0889179016362702
6.005650871,1.0888969576852463
6.007619812000001,1.0888969576852463
6.009626421,1.0888760137342224
6.011685518,1.0888550697831985
6.0140493070000005,1.0888480884661904
6.0159097390000005,1.0888480884661904
6.017614313,1.0888480884661904
6.019717313,1.088959789538318
6.021694808,1.0891203598295016
6.023624314,1.0892180982676134
6.025628984000001,1.0893437619737567
6.027586413000001,1.0894205564608446
6.0298482060000005,1.0894973509479324
6.031994067,1.0894973509479324
6.033829858000001,1.089560182801004
6.035820828,1.0896998091411636
6.038132877000001,1.0896998091411636
6.0396610850000005,1.0897626409942356
6.041654229000001,1.0898045288962832
6.043665013,1.0898045288962832
6.045626005000001,1.0897975475792754
6.048029850000001,1.0897696223112434
6.049785467,1.0897696223112434
6.051661912,1.0897975475792754
6.054107178000001,1.0896858465071477
6.056088628,1.0896858465071477
6.057662382,1.089602070703052
6.059673031,1.089581126752028
6.0618214340000005,1.0895392388499803
6.063638050000001,1.0895392388499803
6.06553096,1.0893786685587967
6.06770424,1.0890994158784777
6.069636011,1.0890505466594218
6.071567762000001,1.089036584025406
6.073638835000001,1.0891622477315495
6.075703576,1.0891622477315495
6.077596242,1.0894345190948607
6.079528551,1.0898045288962832
6.081792751,1.0897975475792754
6.083626784000001,1.0897277344091956
6.085577278000001,1.0897975475792754
6.0875808010000005,1.0897975475792754
6.089601994000001,1.0897696223112434
6.091561678000001,1.0898394354813232
6.093568660000001,1.089818491530299
6.095828024,1.0898813233833713
6.0976571680000005,1.0898813233833713
6.099674747000001,1.0899860431384907
6.101632509000001,1.0899930244554987
6.103652100000001,1.0899511365534509
6.105583635,1.0899022673343952
6.107611690000001,1.0897975475792754
6.109833987,1.0897416970432117
6.1115671680000005,1.0897416970432117
6.113730115,1.089636977288092
6.116025056000001,1.089636977288092
6.117621705,1.0894135751438367
6.119567421,1.0891762103655653
6.121790509,1.0891413037805255
6.123849568000001,1.0891343224635175
6.125545711,1.0891343224635175
6.12767175,1.0892111169506054
6.129741486,1.0892180982676134
6.1317743700000005,1.0892809301206852
6.1338937510000004,1.089294892754701
6.135830558,1.089294892754701
6.137936503000001,1.0893926311928126
6.139725941,1.0893926311928126
6.141592759000001,1.0896858465071477
6.1436719570000005,1.0898813233833713
6.1457761820000005,1.0900279310405387
6.1478234160000005,1.0901675573806981
6.149630312,1.090209445282746
6.151623318,1.0903560529399137
6.153906042,1.0904956792800733
6.155993631,1.0904956792800733
6.157784348000001,1.0906492682542486
6.159640662,1.0906492682542486
6.161806296,1.0906911561562964
6.163873198,1.0904886979630652
6.165657417,1.090272277135818
6.167634416,1.0900279310405387
6.169953523,1.0898813233833713
6.171945591,1.0896998091411636
6.1739140930000005,1.089595089386044
6.17605348,1.089595089386044
6.177822773000001,1.0893018740717089
6.179677068,1.0893018740717089
6.181671647000001,1.0890714906104457
6.1836118540000005,1.0887503500280786
6.18564922,1.0885269478838235
6.187525209,1.0885060039327996
6.189660590000001,1.0887154434430388
6.191595919,1.0890505466594218
6.193542755,1.0892599861696612
6.195768962000001,1.0891552664145414
6.197545069,1.0891552664145414
6.199542121,1.0890924345614696
6.201535791,1.0892320609016293
6.203498692,1.0893228180227328
6.205522488000001,1.0893367806567489
6.207546565,1.0893437619737567
6.209510271,1.0893437619737567
6.211512225000001,1.0892530048526532
6.214039889,1.0892809301206852
6.215751159000001,1.0892809301206852
6.217624420000001,1.0892599861696612
6.219669288,1.0892599861696612
6.221755525000001,1.0892599861696612
6.223627487000001,1.0891622477315495
6.225664979,1.0891901729995812
6.22756341,1.0891762103655653
6.229575681,1.0892111169506054
6.231897842,1.0892320609016293
6.2335438850000005,1.0891901729995812
6.235760453,1.0891901729995812
6.237668183,1.0891901729995812
6.239542018000001,1.0893018740717089
6.241569529,1.0893926311928126
6.243586995,1.0895252762159644
6.24551248,1.0896649025561238
6.247522973000001,1.0897835849452595
6.2495149450000005,1.089930192602427
6.251544842,1.0900418936745546
6.25374966,1.0901745386977062
6.255783723,1.0901745386977062
6.257565851000001,1.0902234079167619
6.259523125,1.090467754012041
6.261691063000001,1.0905375671821211
6.263632465000001,1.090467754012041
6.265707087,1.0903700155739295
6.267770948000001,1.0903700155739295
6.269633429000001,1.0903071837208578
6.271832209,1.089909248651403
6.273877777,1.0898254728473071
6.276094379000001,1.0898254728473071
6.277719083,1.0897696223112434
6.279618539,1.0894973509479324
6.282031355,1.0893437619737567
6.283643997,1.0893437619737567
6.285638363,1.0892599861696612
6.287752253000001,1.08898771480635
6.289649322000001,1.0890086587573742
6.291622285000001,1.0889388455872941
6.293848258000001,1.088973752172334
6.295804631,1.088973752172334
6.297864617,1.08895280822131
6.29973686,1.08895280822131
6.30157389,1.0890714906104457
6.303615424,1.0893647059247809
6.305583818000001,1.0894205564608446
6.3076185570000005,1.0894624443628924
6.309626674,1.0894833883139166
6.3115674,1.0894833883139166
6.313599192000001,1.0893367806567489
6.316060148,1.0893367806567489
6.317645129000001,1.0892599861696612
6.319591909000001,1.0890994158784777
6.321686678000001,1.0890924345614696
6.32363472,1.0890784719274538
6.325549575,1.0888969576852463
6.327584701,1.0887573313450867
6.329628406,1.0887573313450867
6.331615327000001,1.0885478918348475
6.333576436,1.0886037423709114
6.335601014000001,1.0886037423709114
6.337592030000001,1.0886037423709114
6.3395486000000005,1.0887294060770547
6.341550158,1.0887712939791028
6.343775526000001,1.0888271445151665
6.345543136000001,1.0888271445151665
6.347549895,1.0888690324172143
6.349517839000001,1.0888899763682385
6.351516714000001,1.0890086587573742
6.353543645,1.0890575279764299
6.355616670000001,1.0890575279764299
6.357806618000001,1.089036584025406
6.3595624100000006,1.089036584025406
6.361582384,1.0888899763682385
6.363556452,1.0887712939791028
6.36551517,1.088673555540991
6.367629051000001,1.0886037423709114
6.369651117,1.0885339292008316
6.37150235,1.0883873215436641
6.373615224000001,1.0882686391545284
6.375650167000001,1.0882686391545284
6.3775933600000005,1.088038255693265
6.379558186000001,1.0878986293531054
6.381514525,1.0879405172551535
6.383510396,1.0879265546211374
6.385496913000001,1.0878567414510576
6.387547416,1.0878986293531054
6.389514669,1.0879754238401933
6.391531914000001,1.0879824051572013
6.393578754,1.0880452370102731
6.395723116,1.0881639193994088
6.397594547000001,1.0881639193994088
6.399573681000001,1.0884292094457118
6.401569395,1.0887294060770547
6.403500274000001,1.0888341258321745
6.4055427940000005,1.0888760137342224
6.407522236,1.088959789538318
6.409512427,1.0888690324172143
6.411476629,1.0887573313450867
6.413641516,1.088673555540991
6.415737900000001,1.088673555540991
6.417663879,1.088673555540991
6.41954688,1.088673555540991
6.421557803000001,1.0886107236879192
6.4235259970000005,1.088422228128704
6.425526876,1.0882895831055523
6.427514166000001,1.0881639193994088
6.42951719,1.0881848633504325
6.431510021,1.0881848633504325
6.4336065080000004,1.0882407138864965
6.435597683,1.0882407138864965
6.43768384,1.088380340226656
6.4395786600000005,1.088380340226656
6.441587336,1.0885897797368953
6.443623305,1.0887154434430388
6.4455876000000005,1.0888131818811506
6.447588088000001,1.0888341258321745
6.449631481000001,1.0888131818811506
6.451553410000001,1.0887503500280786
6.45361911,1.0886246863219353
6.455670146,1.0886246863219353
6.4576493610000005,1.0885269478838235
6.459651573,1.0885269478838235
6.4615928600000005,1.0884850599817757
6.463555165000001,1.0882616578375204
6.465547008000001,1.0881569380824008
6.467596415,1.0880173117422411
6.469611786000001,1.0878567414510576
6.4715686130000005,1.0877240964279062
6.473909374000001,1.0875914514047544
6.475714473,1.0875914514047544
6.477581138000001,1.0873959745285313
6.479602718000001,1.0867187867787573
6.481519145,1.0863138703922945
6.483491484,1.0859717858589037
6.4855289670000005,1.085629701325513
6.487560584000001,1.0853434673281857
6.489618593,1.0852108223050343
6.491517273,1.0851619530859784
6.49378215,1.0852247849390502
6.495825302,1.0852247849390502
6.497622583,1.0851200651839306
6.4995298880000005,1.0852038409880262
6.501593634000001,1.0852666728410982
6.5036123020000005,1.0853295046941698
6.505508129000001,1.0853504486451937
6.507511759000001,1.0854342244492896
6.509554002000001,1.0855110189363772
6.511533448000001,1.0855459255214173
6.513856678000001,1.0855947947404732
6.515655273,1.0855947947404732
6.517582155,1.085615738691497
6.519556084,1.0856855518615767
6.521520894,1.085657626593545
6.523515209,1.085629701325513
6.525538813000001,1.085587813423465
6.527653740000001,1.085636682642521
6.529562779000001,1.085636682642521
6.531541552,1.0856715892275608
6.53352918,1.0857064958126006
6.535701853000001,1.085615738691497
6.5375748410000005,1.085615738691497
6.539568721,1.085615738691497
6.541539296000001,1.085608757374489
6.5435454790000005,1.085636682642521
6.545502746,1.0856855518615767
6.547502322000001,1.0857134771296086
6.549518319000001,1.0857274397636245
6.551486642,1.085657626593545
6.553685815000001,1.0857344210806326
6.555595204,1.0857344210806326
6.557576857000001,1.0857344210806326
6.559515161,1.0857344210806326
6.561525008,1.0857134771296086
6.563495359,1.0857483837146484
6.565528487000001,1.0857553650316565
6.567533201000001,1.0857134771296086
6.569519015,1.0856506452765369
6.571530009000001,1.0856506452765369
6.573518760000001,1.085566869472441
6.575663721000001,1.0854900749853533
6.5776847940000005,1.0854900749853533
6.579550943,1.0853713925962178
6.581511028,1.0852876167921222
6.583530572000001,1.0851828970370023
6.585539554,1.0850781772818827
6.587522011000001,1.085022326745819
6.589527105,1.0850083641118031
6.591495135000001,1.0849874201607792
6.593545379,1.0849874201607792
6.595684802,1.0850083641118031
6.597565651,1.0850083641118031
6.599593295,1.0850851585988905
6.601501204000001,1.0851061025499147
6.60351463,1.0852247849390502
6.605630043000001,1.0853225233771617
6.607564377,1.085566869472441
6.6098696740000005,1.0857064958126006
6.611621882000001,1.0857064958126006
6.613798715000001,1.0857553650316565
6.6157605870000005,1.0857553650316565
6.617636727000001,1.0859578232248879
6.619633169,1.0859508419078798
6.6216885770000005,1.0858181968847282
6.6236487760000005,1.085657626593545
6.62562345,1.0856715892275608
6.6275984370000005,1.0856715892275608
6.629628596000001,1.085657626593545
6.63153956,1.0856855518615767
6.633623544000001,1.085636682642521
6.635657883,1.085636682642521
6.637625261,1.085573850789449
6.639623616000001,1.0853295046941698
6.641647785,1.0852527102070821
6.643499764,1.085280635475114
6.645486695000001,1.0853504486451937
6.647647068,1.0855249815703933
6.649601088000001,1.085587813423465
6.651564792,1.085636682642521
6.653619504000001,1.085629701325513
6.655689002000001,1.085629701325513
6.657588568,1.085615738691497
6.659580994000001,1.085573850789449
6.661535805000001,1.085629701325513
6.663516617,1.085657626593545
6.665785456,1.085608757374489
6.6675575480000004,1.085608757374489
6.669533295000001,1.0856715892275608
6.671544644000001,1.0857134771296086
6.673635584,1.0856855518615767
6.675589027,1.0856855518615767
6.6775883590000005,1.0855947947404732
6.679620084000001,1.0853923365472418
6.681564664000001,1.0853225233771617
6.683495285,1.0852527102070821
6.685528677000001,1.0852317662560582
6.687826621,1.0851270465009386
6.689549276,1.0851270465009386
6.691541703,1.0851270465009386
6.69362013,1.085043270696843
6.695655304000001,1.085043270696843
6.697605548,1.0849594948927472
6.699521784000001,1.0847779806505398
6.701541631,1.08467326089542
6.703523728,1.0846174103593562
6.7055207,1.0846174103593562
6.7075160170000006,1.0845336345552605
6.709528979000001,1.0845196719212447
6.711513347,1.0845825037743164
6.713660412,1.084736092748492
6.715671988,1.084736092748492
6.717537630000001,1.0848198685525876
6.7195412480000005,1.0851270465009386
6.721528791000001,1.0852247849390502
6.723476827000001,1.0853923365472418
6.725516705,1.0856506452765369
6.727528766000001,1.0858391408357524
6.72954289,1.085908954005832
6.731532777000001,1.0859368792738637
6.73365099,1.0860346177119757
6.735851950000001,1.0860346177119757
6.737719058000001,1.0859997111269357
6.739519403,1.0857064958126006
6.741573037,1.085629701325513
6.743622072000001,1.0855249815703933
6.745545876,1.0853644112792098
6.7475485850000005,1.0852038409880262
6.749560222,1.0851619530859784
6.751625916,1.0850991212329066
6.7536903630000005,1.0849874201607792
6.755860802000001,1.0849874201607792
6.757640525,1.0849036443566833
6.759670785000001,1.0849176069906992
6.761629841,1.0849176069906992
6.763528031000001,1.0848966630396752
6.765507267,1.0849176069906992
6.767612996,1.0849874201607792
6.7695596490000005,1.0850083641118031
6.771577089,1.085043270696843
6.7739086770000005,1.0850502520138507
6.775669787,1.0850502520138507
6.7777496710000005,1.0850642146478666
6.779691358,1.0852038409880262
6.781687015,1.0853923365472418
6.783595205,1.0855040376193694
6.785582793000001,1.0854830936683455
6.7876624130000005,1.0854272431322816
6.789546559000001,1.0853923365472418
6.791645546000001,1.085301579426138
6.793717502000001,1.0852108223050343
6.795981699,1.0852108223050343
6.797715481,1.0851479904519625
6.79979384,1.0849036443566833
6.801760428000001,1.0848617564546355
6.80353382,1.0848059059185715
6.805657715000001,1.0847849619675478
6.807653764,1.0847849619675478
6.809646026,1.0847989246015635
6.811634979000001,1.0848268498695954
6.813825831000001,1.0848617564546355
6.816254119000001,1.0848617564546355
6.817835544,1.0849455322587311
6.819696553,1.0849455322587311
6.821572434,1.0851828970370023
6.8236024550000005,1.0854481870833055
6.825513262,1.0854691310343294
6.827713663000001,1.0856506452765369
6.829535178,1.0858112155677204
6.831667299,1.0858740474207922
6.833821896000001,1.085888010054808
6.835954872,1.085888010054808
6.837560682,1.0859927298099277
6.839619896,1.0859997111269357
6.8417977500000005,1.08591593532284
6.843564509,1.08591593532284
6.845539657000001,1.0858321595187443
6.847586521,1.0857763089826804
6.849552827,1.0857274397636245
6.851662839,1.0856855518615767
6.853627039,1.085657626593545
6.855636814,1.085657626593545
6.8575788520000005,1.085636682642521
6.859563813,1.085657626593545
6.861621221,1.085615738691497
6.863602211000001,1.0855319628874014
6.865530067000001,1.0854481870833055
6.867547677,1.0855040376193694
6.869527929,1.0854342244492896
6.871530122,1.0854062991812576
6.873740404,1.0855110189363772
6.875589082,1.0855110189363772
6.8775564760000005,1.0854272431322816
6.879630028,1.0853434673281857
6.881609519,1.0852876167921222
6.883649858,1.0853225233771617
6.885618916,1.085301579426138
6.887536672,1.0853295046941698
6.889545373000001,1.0852038409880262
6.8915027570000005,1.0851828970370023
6.893619371000001,1.0851898783540104
6.895807958000001,1.0851898783540104
6.897573477000001,1.0851689344029865
6.899500796000001,1.0851619530859784
6.9017767480000005,1.0851410091349545
6.903555066,1.0851410091349545
6.905532745,1.0850781772818827
6.907530588,1.0849245883077072
6.9094977140000005,1.0848059059185715
6.9116455310000005,1.0847779806505398
6.91363561,1.084659298261404
6.915691505000001,1.084659298261404
6.917702994000001,1.0845615598232925
6.9195593870000005,1.0845615598232925
6.921583518,1.0845336345552605
6.923597355,1.084680242212428
6.925521016,1.084680242212428
6.9275286220000005,1.0847430740655
6.9294951440000006,1.0847779806505398
6.9315317400000005,1.0848198685525876
6.933634393,1.084966476209755
6.935690977,1.084966476209755
6.937562343000001,1.0852247849390502
6.939551121,1.0853713925962178
6.941536494,1.0854691310343294
6.943507033,1.0855459255214173
6.945496089000001,1.085629701325513
6.9475090250000004,1.085552906838425
6.949529621000001,1.0854691310343294
6.9515104580000004,1.0854551684003135
6.953691592,1.085280635475114
6.955594335000001,1.085280635475114
6.957574076,1.085280635475114
6.959533329,1.0853504486451937
6.9615328210000005,1.0853434673281857
6.96351309,1.0853225233771617
6.9656145920000005,1.0852457288900743
6.967558555,1.0852108223050343
6.969492935000001,1.0851619530859784
6.9715372570000005,1.0852247849390502
6.973660163000001,1.0853225233771617
6.975647608,1.0853225233771617
6.97757521,1.0854062991812576
6.979514132,1.0852666728410982
6.981540803000001,1.0853085607431459
6.9835358350000005,1.0854062991812576
6.985555253,1.0854062991812576
6.987511422000001,1.0853434673281857
6.9895145460000005,1.085301579426138
6.991531126000001,1.0852876167921222
6.993626712,1.0853434673281857
6.995597598000001,1.0853434673281857
6.9976733410000005,1.0853504486451937
6.999563936,1.0853504486451937
7.0015695220000005,1.0853295046941698
7.003518269000001,1.085301579426138
7.0055360140000005,1.085280635475114
7.007533813,1.0851410091349545
7.00951587,1.0850851585988905
7.011513057,1.0850851585988905
7.013669893,1.085029308062827
7.015666812,1.085029308062827
7.017562379,1.085001382794795
7.019670427,1.0848827004056594
7.021545763000001,1.0848827004056594
7.0235617,1.0848617564546355
7.025694723000001,1.0848617564546355
7.027566993000001,1.0847221301144758
7.02964635,1.084680242212428
7.031654925000001,1.0847989246015635
7.033737114,1.0847989246015635
7.035667453,1.0848827004056594
7.037555288,1.0848827004056594
7.039555268000001,1.0850781772818827
7.041544615,1.0852317662560582
7.043532424,1.0853923365472418
7.045607466000001,1.085552906838425
7.047525221000001,1.085629701325513
7.049489489000001,1.085636682642521
7.051518430000001,1.085608757374489
7.053667814000001,1.0855459255214173
7.055620732,1.0855459255214173
7.057591588,1.0855947947404732
7.059521475,1.0855459255214173
7.061505583000001,1.0854691310343294
7.063516913000001,1.0853713925962178
7.065669580000001,1.0852247849390502
7.0676280060000005,1.0850642146478666
7.069616103,1.0849804388437712
7.071599572,1.0849245883077072
7.073890875,1.0847430740655
7.075683902000001,1.0847430740655
7.07763688,1.0846034477253403
7.079554808,1.0845825037743164
7.081622727,1.0846383543103801
7.083592105,1.084701186163452
7.0856537390000005,1.084659298261404
7.087628239000001,1.0846942048464439
7.0897928320000005,1.0847570366995158
7.091662923,1.0847989246015635
7.093723648,1.084764018016524
7.095729809000001,1.084764018016524
7.097617155,1.084764018016524
7.099621024,1.0848757190886513
7.101590479,1.0848617564546355
7.103524398,1.0849455322587311
7.1055539020000005,1.084938550941723
7.107521058000001,1.0849176069906992
7.109486899,1.084938550941723
7.111535481000001,1.0848827004056594
7.113617455000001,1.0849036443566833
7.1156336730000005,1.0849036443566833
7.117557011000001,1.0848966630396752
7.119553733,1.0847570366995158
7.121531455,1.084701186163452
7.123525798,1.0847151487974678
7.125574568,1.0847151487974678
7.127545868,1.0846174103593562
7.12949441,1.0844917466532125
7.131527362000001,1.0844777840191966
7.13358525,1.0845615598232925
7.135643000000001,1.0845615598232925
7.137564001,1.08467326089542
7.1395075530000005,1.0848059059185715
7.141557635000001,1.0848966630396752
7.143532561000001,1.0850642146478666
7.145569968,1.0850642146478666
7.147548938000001,1.0852457288900743
7.149518996,1.085587813423465
7.151530035,1.0857064958126006
7.153598197000001,1.085888010054808
7.1556790910000005,1.085888010054808
7.157557908,1.0859717858589037
7.159543264000001,1.0860555616629994
7.161523734,1.0861114121990634
7.163503980000001,1.0860765056140234
7.165758855000001,1.08591593532284
7.167630953000001,1.08591593532284
7.169597326000001,1.0858181968847282
7.171606723,1.085608757374489
7.1735681950000005,1.085615738691497
7.175903474,1.085615738691497
7.177738054000001,1.0855947947404732
7.179641609000001,1.085587813423465
7.181954939000001,1.085629701325513
7.183770148000001,1.085629701325513
7.185561994,1.0855947947404732
7.187503472,1.085587813423465
7.189607362,1.0856715892275608
7.191527141000001,1.085636682642521
7.1937454,1.0857134771296086
7.195666189000001,1.0857134771296086
7.197592494,1.0857064958126006
7.199597993,1.0856506452765369
7.201553276,1.085615738691497
7.203511929,1.085566869472441
7.205562379000001,1.0855249815703933
7.2078164430000005,1.0855319628874014
7.209551922,1.0855319628874014
7.211567952,1.0854691310343294
7.2138156350000004,1.0853295046941698
7.215621044000001,1.0853295046941698
7.217561707000001,1.0853504486451937
7.219535972,1.085385355230234
7.221559010000001,1.085385355230234
7.223519850000001,1.0852666728410982
7.225571212,1.0852108223050343
7.227518538000001,1.0850502520138507
7.229509781000001,1.0849594948927472
7.231676457000001,1.0849036443566833
7.233917068,1.0848059059185715
7.235661874000001,1.0848059059185715
7.237579914,1.08467326089542
7.239645884000001,1.0845196719212447
7.241679117,1.0845196719212447
7.243532483,1.0845126906042366
7.245869593,1.0845126906042366
7.247543509000001,1.0845126906042366
7.249509469,1.0845336345552605
7.2515551920000005,1.0845825037743164
7.253597476,1.0846174103593562
7.255948128000001,1.084701186163452
7.257610168,1.084701186163452
7.259562163,1.0848477938206194
7.261510426,1.0851410091349545
7.263517788000001,1.0852247849390502
7.265534716,1.0853504486451937
7.267644211,1.0854900749853533
7.269613465000001,1.085608757374489
7.271807807,1.085608757374489
7.273556051000001,1.0856506452765369
7.2756648760000004,1.0856506452765369
7.277597568,1.0855319628874014
7.279550097,1.0854551684003135
7.28150573,1.0853434673281857
7.2835379940000005,1.0852666728410982
7.285515631000001,1.0851200651839306
7.2874971120000005,1.0850083641118031
7.289534195000001,1.0850083641118031
7.291521574000001,1.0850083641118031
7.293624573000001,1.0849245883077072
7.295684568,1.0849245883077072
7.2975914500000005,1.0848827004056594
7.299574437,1.0848827004056594
7.301527323,1.0849036443566833
7.303495793000001,1.0848827004056594
7.305500090000001,1.0848617564546355
7.307549497,1.0848617564546355
7.309523848,1.0849176069906992
7.311537404,1.0848827004056594
7.313624225000001,1.0849176069906992
7.315688105,1.0849176069906992
7.317594733000001,1.0849594948927472
7.3195334800000005,1.0849804388437712
7.321548721,1.0850083641118031
7.323532682000001,1.085043270696843
7.3255457250000005,1.085043270696843
7.327498071000001,1.0850991212329066
7.329544524,1.0850502520138507
7.331508921,1.0849874201607792
7.333636965,1.085043270696843
7.335645916000001,1.085043270696843
7.337582144000001,1.0850083641118031
7.339588041000001,1.0848827004056594
7.341506079,1.0848477938206194
7.343500163000001,1.084701186163452
7.345498892,1.0845825037743164
7.348356976000001,1.084380045581085
7.350338357,1.084380045581085
7.351564616,1.084352120313053
7.3537808060000005,1.0844149521661248
7.355742480000001,1.0844149521661248
7.357581978000001,1.0844708027021885
7.359882479,1.0845406158722684
7.361542412,1.0845406158722684
7.363559755000001,1.0846383543103801
7.365506934000001,1.0849455322587311
7.367536155000001,1.0851689344029865
7.369541803000001,1.085301579426138
7.371510566,1.0854691310343294
7.373671902000001,1.085629701325513
7.375668589000001,1.085629701325513
7.377592072000001,1.0857274397636245
7.379922091,1.0858112155677204
7.381742257000001,1.0859508419078798
7.383628454,1.0860415990289836
7.385578538000001,1.0860346177119757
7.387649728,1.0859578232248879
7.389619673,1.0859578232248879
7.3916725880000005,1.085908954005832
7.393650750000001,1.085929897956856
7.395682503000001,1.0858181968847282
7.39763602,1.0858181968847282
7.3996285010000005,1.0858321595187443
7.401609535,1.0857972529337043
7.403689684000001,1.0857902716166965
7.405776312,1.0857902716166965
7.4077912370000005,1.0857693276656724
7.409611227,1.0856855518615767
7.411553307,1.085587813423465
7.413858033,1.0855319628874014
7.415647744,1.0855040376193694
7.417921094,1.0855040376193694
7.419865983,1.0854830936683455
7.421785615,1.085573850789449
7.42390593,1.0855249815703933
7.425665131000001,1.085573850789449
7.427611287,1.0855947947404732
7.429788895000001,1.085573850789449
7.4317287180000005,1.085566869472441
7.433823673,1.085566869472441
7.435724525,1.0855459255214173
7.437667607000001,1.0855459255214173
7.439697775000001,1.0854900749853533
7.4417979590000005,1.0852876167921222
7.443931147000001,1.0852108223050343
7.4456408750000005,1.0852108223050343
7.4476709340000005,1.0850781772818827
7.449645506,1.0849245883077072
7.451649859000001,1.0848827004056594
7.453895856000001,1.0848268498695954
7.455807040000001,1.0848268498695954
7.457819783000001,1.0846034477253403
7.459659953,1.0845336345552605
7.461717795,1.0844708027021885
7.463545861,1.0844568400681727
7.465624136000001,1.0844568400681727
7.467566263,1.0844987279702205
7.469673642,1.0845545785062845
7.471569693,1.0846523169443962
7.473793420000001,1.0847430740655
7.475672980000001,1.0847430740655
7.4776436230000005,1.0849176069906992
7.479732167000001,1.0850851585988905
7.481874400000001,1.0852317662560582
7.483648134,1.0852317662560582
7.485693768000001,1.0852247849390502
7.4877438530000004,1.0849594948927472
7.489570366000001,1.0848757190886513
7.491578264,1.0848268498695954
7.493861824000001,1.0848827004056594
7.495770597000001,1.0848827004056594
7.497703582000001,1.085043270696843
7.499612276000001,1.0850642146478666
7.501626685000001,1.0849455322587311
7.503581972,1.0848966630396752
7.505528986000001,1.0847570366995158
7.507545985,1.0846942048464439
7.509580209,1.084680242212428
7.511588395,1.0846523169443962
7.513598765,1.084659298261404
7.515954602000001,1.0846523169443962
7.517648132000001,1.0846523169443962
7.519733592000001,1.08467326089542
7.52181223,1.0847430740655
7.523624248000001,1.0847151487974678
7.525575043000001,1.0847849619675478
7.527664255,1.0848198685525876
7.529690531000001,1.0847989246015635
7.531616351,1.0848827004056594
7.533848014,1.085043270696843
7.535751066,1.085043270696843
7.537748464000001,1.0850851585988905
7.539648629,1.0850851585988905
7.5416195010000004,1.0850781772818827
7.543756432,1.085029308062827
7.545670934,1.0850083641118031
7.547641574000001,1.0849245883077072
7.549666149,1.0848408125036115
7.551527222000001,1.0847849619675478
7.553847103000001,1.0847430740655
7.555778869,1.0847430740655
7.557740315,1.084701186163452
7.559642770000001,1.084701186163452
7.561589061,1.0845964664083323
7.563579698000001,1.0845406158722684
7.565560971000001,1.0844777840191966
7.567803393,1.0844219334831329
7.569678104,1.0844708027021885
7.571689321,1.0845406158722684
7.573903136,1.0846942048464439
7.575974854,1.0846942048464439
7.577671691000001,1.0847989246015635
7.579600039000001,1.0848617564546355
7.581555235000001,1.0848617564546355
7.583575065000001,1.0850642146478666
7.585591863,1.085385355230234
7.587510892,1.0855319628874014
7.589564802000001,1.0855319628874014
7.591526751000001,1.085636682642521
7.5938914230000005,1.0857064958126006
7.595926874000001,1.0857064958126006
7.59759675,1.0857344210806326
7.599584131,1.0855459255214173
7.601535232000001,1.0855249815703933
7.603506459,1.0854132804982657
7.605494385,1.085385355230234
7.607540936,1.0853923365472418
7.609553896,1.0853644112792098
7.611589554,1.0852247849390502
7.613600621000001,1.0851689344029865
7.615654525,1.0851689344029865
7.617660331000001,1.0850781772818827
7.619636821,1.0850781772818827
7.621550794000001,1.0851479904519625
7.6235483550000005,1.0852247849390502
7.625742909,1.0853504486451937
7.6275496060000005,1.0853504486451937
7.629506608000001,1.0854272431322816
7.631535532000001,1.0855110189363772
7.633530059000001,1.0855459255214173
7.635711651,1.0855110189363772
7.637807206000001,1.0855110189363772
7.639610571,1.0854691310343294
7.641662106,1.085566869472441
7.643873972000001,1.0855319628874014
7.645625706000001,1.0855319628874014
7.647535386,1.0854900749853533
7.649601123,1.085385355230234
7.651805874000001,1.0852457288900743
7.653636402,1.0851200651839306
7.65569126,1.0851200651839306
7.657653056000001,1.0850991212329066
7.659649489,1.0850083641118031
7.661669926,1.0849594948927472
7.663529428,1.0849036443566833
7.665544875,1.0848477938206194
7.667558911,1.0847849619675478
7.6695547820000005,1.0847779806505398
7.671521309,1.0847779806505398
7.673827789000001,1.0848408125036115
7.675723531,1.0849455322587311
7.677825805,1.0849455322587311
7.6795820610000005,1.0850642146478666
7.681735559000001,1.085280635475114
7.683549424000001,1.085280635475114
7.685530365000001,1.0853644112792098
7.687524561000001,1.0854481870833055
7.689671895000001,1.0856506452765369
7.691564925000001,1.0857134771296086
7.693623853,1.0857693276656724
7.695684283,1.0857693276656724
7.697601584,1.0857064958126006
7.6996409770000005,1.0856855518615767
7.701580767,1.085587813423465
7.703525896,1.0854342244492896
7.705594608,1.0854062991812576
7.707497449000001,1.0853713925962178
7.7095329480000006,1.085280635475114
7.711539202000001,1.0852247849390502
7.713628454,1.0851479904519625
7.715796643000001,1.0851479904519625
7.717635019,1.085022326745819
7.719568862000001,1.0849594948927472
7.721536127,1.0850642146478666
7.723588064,1.0850502520138507
7.725581616,1.0851689344029865
7.727581611000001,1.0853085607431459
7.729563169,1.0853504486451937
7.731538173000001,1.0854481870833055
7.733665509000001,1.0854900749853533
7.735935587,1.0855319628874014
7.737616109,1.0855319628874014
7.739656464,1.085608757374489
7.741779914,1.0856506452765369
7.743558405000001,1.0856506452765369
7.745715179,1.085657626593545
7.747647925000001,1.0855947947404732
7.749573064000001,1.0854691310343294
7.751695472000001,1.0853434673281857
7.753802992000001,1.0852666728410982
7.755880918000001,1.0852666728410982
7.757596943,1.0851479904519625
7.759518977000001,1.0849036443566833
7.761541193,1.0848617564546355
7.763540914000001,1.0847430740655
7.765532365,1.0846383543103801
7.767521816,1.0845126906042366
7.769594025000001,1.0845196719212447
7.771625672000001,1.0844568400681727
7.773622689000001,1.0843172137280133
7.775681286,1.0843172137280133
7.777758182,1.0843102324110052
7.779590184000001,1.0846034477253403
7.781688971,1.0846383543103801
7.7836999030000005,1.084736092748492
7.785560436000001,1.0847779806505398
7.787693708000001,1.0848477938206194
7.789661198,1.0848966630396752
7.791682842,1.0850083641118031
7.793897448,1.0852457288900743
7.795760311,1.0852457288900743
7.797602790000001,1.0854272431322816
7.799795589,1.0855459255214173
7.801804753000001,1.0856925331785847
7.803527422,1.0856925331785847
7.805565208000001,1.0856715892275608
7.807652033,1.0855459255214173
7.809616113000001,1.0854691310343294
7.811717829000001,1.0854481870833055
7.8138716530000005,1.0853923365472418
7.8156448560000005,1.0853923365472418
7.817698196,1.0853504486451937
7.819586188000001,1.0851689344029865
7.82178442,1.0850991212329066
7.823616974,1.0850851585988905
7.825541803,1.085043270696843
7.827570226000001,1.085029308062827
7.829564128,1.085022326745819
7.831531109,1.0850502520138507
7.8337563160000006,1.0850781772818827
7.8359654590000005,1.0850502520138507
7.837614360000001,1.0850502520138507
7.839617370000001,1.085022326745819
7.841657709000001,1.0851061025499147
7.843594105,1.085043270696843
7.8456603970000005,1.085001382794795
7.847661855,1.0849804388437712
7.849644821,1.0849176069906992
7.851537576,1.0847779806505398
7.853791370000001,1.0845964664083323
7.855960469,1.0845964664083323
7.857752804,1.0845964664083323
7.8595961160000005,1.0845126906042366
7.861596756000001,1.0844358961171487
7.863563779000001,1.0844358961171487
7.865665283,1.0843940082151011
7.867681922,1.0843311763620291
7.8696024410000005,1.0842543818749413
7.871740998000001,1.0842543818749413
7.873897991000001,1.0842194752899015
7.875682976,1.0842194752899015
7.877705531,1.0842474005579334
7.879544283,1.0843381576790372
7.881939225000001,1.0844358961171487
7.883594389000001,1.0844358961171487
7.885504261,1.0845615598232925
7.887691428,1.0848198685525876
7.889697976000001,1.0849036443566833
7.891613681000001,1.084966476209755
7.893800234,1.0851410091349545
7.89578351,1.0851410091349545
7.897623655,1.0853295046941698
7.8995227880000005,1.0855110189363772
7.901538715000001,1.0856855518615767
7.903533251000001,1.0859368792738637
7.905500289000001,1.0860765056140234
7.907537099000001,1.086278963807255
7.9095270740000005,1.0863976461963905
7.91164965,1.0864465154154463
7.9136145550000005,1.0864814220004861
7.915676729,1.0864814220004861
7.917581828,1.0863767022453665
7.919580435,1.0859927298099277
7.921835735,1.0858181968847282
7.923538276,1.0858181968847282
7.925519305000001,1.0858181968847282
7.927535474000001,1.085587813423465
7.929516965,1.0854132804982657
7.93150998,1.085385355230234
7.933653651,1.0853295046941698
7.935680725,1.0853295046941698
7.937624843000001,1.085280635475114
7.939563871000001,1.0853434673281857
7.941555174,1.0854062991812576
7.9435360170000004,1.0854691310343294
7.945522171,1.0855040376193694
7.9476529430000005,1.085552906838425
7.949574915,1.085636682642521
7.951547252,1.085657626593545
7.953601369,1.085615738691497
7.955670534,1.085615738691497
7.9575947010000005,1.085636682642521
7.959574541,1.0855249815703933
7.961538633000001,1.0854900749853533
7.963508255000001,1.0854342244492896
7.965542306000001,1.085301579426138
7.96748978,1.0850781772818827
7.9695468840000006,1.0849245883077072
7.971551986000001,1.0848827004056594
7.973819957000001,1.0847779806505398
7.975675833,1.0847779806505398
7.977625840000001,1.0845196719212447
7.979573182,1.0845406158722684
7.981566413,1.0844219334831329
7.983544357,1.0842753258259654
7.985549841,1.0841706060708456
7.987518864,1.0841706060708456
7.989590343000001,1.0842124939728934
7.991576630000001,1.0841566434368297
7.9935716050000005,1.0842124939728934
7.995964833,1.0842753258259654
7.997585644000001,1.0842753258259654
7.999543212000001,1.084400989532109
8.001633126,1.0845545785062845
8.003570816,1.0845545785062845
8.005534255,1.0846383543103801
8.007522933,1.0846243916763643
8.009546226000001,1.0846383543103801
8.011508392,1.084659298261404
8.013667029,1.0847570366995158
8.015762346,1.0847570366995158
8.017620763,1.0848059059185715
8.019549384000001,1.0847430740655
8.021636126,1.0847989246015635
8.023753560000001,1.0847849619675478
8.025568721,1.0847849619675478
8.027651319,1.0847989246015635
8.029651505,1.0847430740655
8.031935048000001,1.084659298261404
8.033764315,1.0846174103593562
8.035686011000001,1.0846174103593562
8.037650806,1.0845406158722684
8.039835847,1.0844568400681727
8.041597231,1.084380045581085
8.043566031000001,1.0842753258259654
8.045579039,1.0842683445089574
8.047522466,1.0842753258259654
8.049597725,1.0842683445089574
8.051567362,1.0842892884599813
8.053589707,1.0842753258259654
8.055727471,1.0841915500218695
8.057575229000001,1.0841915500218695
8.059547726,1.0842194752899015
8.061574701,1.0843172137280133
8.063496546,1.0843940082151011
8.065528054000001,1.0844708027021885
8.067508765000001,1.0844917466532125
8.069494195,1.0845545785062845
8.071521500000001,1.0845755224573084
8.073600598,1.084701186163452
8.075651121,1.084701186163452
8.077557643,1.0847849619675478
8.079652710000001,1.084680242212428
8.081598674,1.0846383543103801
8.083503432,1.0845406158722684
8.085546578,1.0844917466532125
8.087502105,1.0844219334831329
8.08955547,1.084373064264077
8.09153084,1.084400989532109
8.093645247000001,1.0844498587511646
8.095714123,1.0844498587511646
8.097761703,1.0844708027021885
8.099683913,1.0842962697769891
8.101680852000001,1.0842753258259654
8.10361138,1.0843381576790372
8.105563433,1.0843102324110052
8.107576353,1.0842892884599813
8.109648959000001,1.0843311763620291
8.111568844,1.0844777840191966
8.113933872,1.0844777840191966
8.115798167000001,1.0845196719212447
8.117628137,1.0847430740655
8.11957112,1.0848617564546355
8.121534127,1.0848827004056594
8.123537064,1.0849245883077072
8.125541724,1.0849455322587311
8.127595163,1.085001382794795
8.129597455,1.0851410091349545
8.131520006,1.0851828970370023
8.133931976000001,1.0851828970370023
8.135764853000001,1.0851828970370023
8.137746968,1.0852038409880262
8.139685835,1.0850991212329066
8.141573193000001,1.0850991212329066
8.143515292,1.085043270696843
8.145539744,1.0849594948927472
8.147523320000001,1.084966476209755
8.149522365000001,1.0849245883077072
8.151542234,1.0849176069906992
8.153831286,1.0848617564546355
8.155583278,1.0848617564546355
8.157613703,1.0848757190886513
8.159634151,1.0849245883077072
8.161582479,1.0849245883077072
8.163549614,1.0848966630396752
8.165519982000001,1.0848268498695954
8.167497935,1.0848966630396752
8.169527076000001,1.0848617564546355
8.17152617,1.0848408125036115
8.173663354,1.0848198685525876
8.175660467,1.0848198685525876
8.177675626000001,1.0848408125036115
8.179569344,1.0848408125036115
8.181573063,1.0847849619675478
8.183596383000001,1.0847570366995158
8.185514274,1.084680242212428
8.187522677,1.0845755224573084
8.189533942,1.0844987279702205
8.191522837,1.0844568400681727
8.193569828000001,1.084352120313053
8.195846493000001,1.084135699485806
8.197587004,1.084135699485806
8.199526837,1.084093811583758
8.201531769,1.0839262599755664
8.203529434,1.0837307830993432
8.205488107,1.0836609699292634
8.207499852,1.0836051193931995
8.209540053000001,1.0835003996380799
8.211536969,1.0833886985659522
8.21362174,1.0833817172489442
8.215773288000001,1.0833817172489442
8.21779195,1.0835492688571355
8.219693446,1.0840309797306862
8.221678391000001,1.0840309797306862
8.223640615,1.0841496621198219
8.225693393,1.0845964664083323
8.227621986,1.0849874201607792
8.229643571,1.0851619530859784
8.231646197,1.0852527102070821
8.233620384,1.0853295046941698
8.235796213,1.0853295046941698
8.237815953,1.0853644112792098
8.239660418,1.0853644112792098
8.241744323,1.085301579426138
8.243625775,1.0851479904519625
8.245706174,1.0850642146478666
8.247692618,1.0849455322587311
8.249901405000001,1.0847430740655
8.251724484,1.0847430740655
8.253699421,1.0845964664083323
8.255601123,1.0845964664083323
8.257559266000001,1.0844358961171487
8.259582045,1.0841985313388776
8.26151275,1.0842543818749413
8.263658323000001,1.0842334379239174
8.26560568,1.0842194752899015
8.267594487,1.0842892884599813
8.269524401,1.0844149521661248
8.271518668,1.0844568400681727
8.273813132,1.0844917466532125
8.275576559000001,1.0844917466532125
8.277574636,1.0846174103593562
8.279513654,1.084659298261404
8.281528436,1.08467326089542
8.283741426,1.084680242212428
8.285601561,1.0847221301144758
8.287583203,1.084701186163452
8.289513804,1.0846243916763643
8.291597552,1.084680242212428
8.293653398,1.084680242212428
8.295739083,1.0845755224573084
8.297882648,1.0845755224573084
8.299681906,1.0844498587511646
8.301591587,1.084373064264077
8.303797326,1.0843102324110052
8.305620182,1.0843102324110052
8.307549885,1.0842334379239174
8.309551815,1.0840170170966703
8.311512443,1.0840170170966703
8.313715028,1.084044942364702
8.315773773,1.084044942364702
8.317646369,1.0840309797306862
8.319616463000001,1.0840519236817099
8.321623338,1.084107774217774
8.323560954000001,1.0841706060708456
8.325547018,1.0842543818749413
8.327546932,1.084352120313053
8.329489751,1.0844917466532125
8.331560442,1.0846383543103801
8.333905591,1.084764018016524
8.335719527,1.084764018016524
8.337622863,1.0848059059185715
8.339559201,1.0848268498695954
8.341560843,1.0847570366995158
8.343567160000001,1.0847221301144758
8.34553198,1.084701186163452
8.347783230000001,1.0846523169443962
8.349557540000001,1.0846523169443962
8.351543196,1.0845406158722684
8.353754731,1.0844708027021885
8.35559154,1.0844708027021885
8.357666112,1.084380045581085
8.359642242000001,1.0843311763620291
8.361625051,1.0842753258259654
8.36380987,1.0841915500218695
8.365542137,1.0841915500218695
8.367524744,1.0842474005579334
8.369549888,1.0842124939728934
8.371542062000001,1.0842892884599813
8.373740915,1.0842474005579334
8.375828743000001,1.0842474005579334
8.377716783,1.084373064264077
8.379820533,1.0844149521661248
8.381824159,1.0844708027021885
8.383728464,1.0845126906042366
8.385784371,1.0845406158722684
8.387638599,1.0845406158722684
8.390075096,1.0846034477253403
8.391712584,1.0846034477253403
8.393911450000001,1.084680242212428
8.395627112,1.084680242212428
8.397610248000001,1.0846034477253403
8.399666701000001,1.0845545785062845
8.401687404,1.0845545785062845
8.403560374000001,1.0846034477253403
8.40561389,1.0845336345552605
8.40756651,1.0845196719212447
8.409633479,1.0845126906042366
8.411509411,1.0844987279702205
8.413968388,1.0844708027021885
8.415724193,1.0844708027021885
8.41769657,1.0844219334831329
8.419587352,1.0844219334831329
8.421681888,1.0844498587511646
8.423652121,1.0844498587511646
8.425532978,1.0843940082151011
8.427530012,1.0844498587511646
8.429528794000001,1.0844917466532125
8.431901366,1.0845615598232925
8.433764353,1.0845615598232925
8.435801382000001,1.0846243916763643
8.437724846,1.0846243916763643
8.439516625000001,1.084659298261404
8.441550026,1.0847779806505398
8.443661408,1.0848477938206194
8.445618542,1.0848477938206194
8.447626052,1.0848059059185715
8.449643104,1.0847989246015635
8.451543991000001,1.0848059059185715
8.453731728000001,1.0848757190886513
8.456012189,1.0848757190886513
8.457767803000001,1.084938550941723
8.459577808,1.084764018016524
8.461557269,1.0846383543103801
8.463590982000001,1.0846523169443962
8.465576874,1.0846523169443962
8.467509156,1.0846523169443962
8.469573765,1.0846523169443962
8.471526379,1.0845964664083323
8.473612897,1.0845755224573084
8.475788627,1.0845755224573084
8.477785025000001,1.0845755224573084
8.479613123,1.0845615598232925
8.48159942,1.0844987279702205
8.483565407,1.0844498587511646
8.48563991,1.084359101630061
8.487556567,1.084373064264077
8.489531923000001,1.0843172137280133
8.491695315000001,1.084352120313053
8.493901466,1.084352120313053
8.495588365,1.084352120313053
8.497600204000001,1.0843311763620291
8.499567794,1.0841566434368297
8.501571363,1.084107774217774
8.50375155,1.084107774217774
8.505567251,1.0840309797306862
8.507655963000001,1.084044942364702
8.509552746,1.0840728676327338
8.512003104,1.084044942364702
8.513621493,1.0840100357796623
8.516095505000001,1.0840100357796623
8.517761854,1.0839332412925744
8.519627615000001,1.0839332412925744
8.521909446,1.0837936149524148
8.52364271,1.0837936149524148
8.525701565,1.0835283249061118
8.527973625000001,1.083423605150992
8.529720247,1.0835003996380799
8.531771122,1.0836400259782393
8.53389544,1.083765689684383
8.535789928,1.083765689684383
8.537716113,1.0838494654884787
8.539651568,1.0842124939728934
8.5415781,1.0844149521661248
8.543989128,1.0844149521661248
8.545660358000001,1.0845825037743164
8.547500059,1.0847430740655
8.549582632,1.0849245883077072
8.55158346,1.0849874201607792
8.553689174,1.0849594948927472
8.55575246,1.0849594948927472
8.557716221,1.0849176069906992
8.559571476,1.0846942048464439
8.561608928,1.0846034477253403
8.563706995,1.0846034477253403
8.565646818000001,1.0845196719212447
8.56754978,1.084400989532109
8.56951828,1.0842683445089574
8.571572949,1.08408683026675
8.573846044,1.0840309797306862
8.575718666,1.0840309797306862
8.577592292,1.0840309797306862
8.579657538000001,1.0839541852435983
8.581843897,1.0839890918286383
8.583660551000001,1.0839890918286383
8.585642904,1.0840658863157258
8.587850474,1.0841566434368297
8.589594426,1.0841566434368297
8.591617489,1.0842124939728934
8.593627802,1.084373064264077
8.595715367,1.084373064264077
8.597768112,1.0844708027021885
8.599625661000001,1.0844708027021885
8.601635697,1.0845545785062845
8.603685917,1.0845545785062845
8.605589467,1.0847221301144758
8.607523846000001,1.084701186163452
8.609562642,1.0845755224573084
8.611579482,1.084380045581085
8.613627869,1.084380045581085
8.615700164,1.084380045581085
8.617574214000001,1.084380045581085
8.619555844,1.0845196719212447
8.621507276,1.0842753258259654
8.623580174,1.084107774217774
8.625625191000001,1.0840728676327338
8.627534708,1.084044942364702
8.629616415000001,1.0841566434368297
8.631566978,1.084093811583758
8.633767114000001,1.084093811583758
8.635647067,1.0840170170966703
8.637741656000001,1.0840170170966703
8.639536243,1.0840100357796623
8.64149825,1.0840728676327338
8.643626705,1.084128718168798
8.645568545,1.0841775873878536
8.647475204000001,1.0842683445089574
8.649528336000001,1.0844219334831329
8.651523172000001,1.0845755224573084
8.653851851,1.0845406158722684
8.655630383,1.0845406158722684
8.657601033,1.0845196719212447
8.659604995,1.0844917466532125
8.661552248000001,1.0844498587511646
8.663839385000001,1.0844498587511646
8.665543398,1.084373064264077
8.667497614,1.0842474005579334
8.669576358,1.0842194752899015
8.671617206,1.0842194752899015
8.673747073000001,1.0841915500218695
8.675599398000001,1.0841915500218695
8.677590367,1.084128718168798
8.679573344000001,1.0839332412925744
8.681554806000001,1.0838913533905268
8.683562614000001,1.0839890918286383
8.685576502,1.0841147555347819
8.687557882,1.0841147555347819
8.689556446000001,1.0841496621198219
8.691511567000001,1.0842474005579334
8.693674702000001,1.0844219334831329
8.695679795,1.0844219334831329
8.697567733000001,1.0845755224573084
8.69965062,1.0844777840191966
8.701572722,1.0844987279702205
8.703597199,1.0844987279702205
8.705584441000001,1.0844777840191966
8.707543441,1.0844708027021885
8.709844042,1.0844568400681727
8.711626564000001,1.0844149521661248
8.713685376,1.0842892884599813
8.715783514,1.0842892884599813
8.717619609,1.0841985313388776
8.719635924,1.0841985313388776
8.721557308000001,1.0840100357796623
8.723792666000001,1.0838494654884787
8.725611686,1.0836470072952473
8.727543606000001,1.0836609699292634
8.729572522,1.0835422875401277
8.731519453,1.083423605150992
8.734283335,1.0833258667128804
8.735823688,1.0833258667128804
8.73761187,1.083402661199968
8.73968323,1.0836051193931995
8.741861313000001,1.0837238017823352
8.743555571,1.0837238017823352
8.745534938,1.0838145589034387
8.747578930000001,1.0840170170966703
8.749563356000001,1.084128718168798
8.751528868000001,1.0842334379239174
8.753828209,1.0842334379239174
8.755682394,1.0843172137280133
8.757825624,1.0843172137280133
8.759567993000001,1.0845196719212447
8.761627215,1.084701186163452
8.763523053,1.0847779806505398
8.765589254,1.084764018016524
8.767558357,1.0847221301144758
8.769668408000001,1.0845964664083323
8.771506651000001,1.0845126906042366
8.773861830000001,1.0844777840191966
8.775693919,1.0844777840191966
8.777613650000001,1.084380045581085
8.779628006000001,1.0843102324110052
8.781663492,1.0843311763620291
8.783625772,1.0843381576790372
8.785711249,1.0843311763620291
8.787840857,1.0843102324110052
8.789567998,1.084352120313053
8.791519371,1.0843381576790372
8.793766993,1.084359101630061
8.795939283000001,1.084359101630061
8.797622748,1.0844568400681727
8.799582405,1.0845545785062845
8.801702503000001,1.0845545785062845
8.803529296,1.0845825037743164
8.805549645000001,1.08467326089542
8.807618348,1.084736092748492
8.809546741,1.0846942048464439
8.81163779,1.084680242212428
8.813853423000001,1.0846383543103801
8.81584859,1.0846383543103801
8.817593842,1.0846174103593562
8.819776252,1.0845825037743164
8.821679154,1.0845545785062845
8.823936749000001,1.0844987279702205
8.825568488,1.0844987279702205
8.827620538,1.084373064264077
8.829557860000001,1.0842334379239174
8.831532483,1.0841985313388776
8.833860589,1.084128718168798
8.835653216,1.084128718168798
8.837699014,1.0840170170966703
8.839719772,1.0840170170966703
8.841621523,1.084093811583758
8.843559642,1.0841985313388776
8.845704041000001,1.0841915500218695
8.847562253000001,1.0842892884599813
8.849576342,1.084359101630061
8.851693038,1.0844358961171487
8.853966496,1.0844498587511646
8.855952789,1.0844498587511646
8.857697516,1.0844149521661248
8.859621607000001,1.0845755224573084
8.861551574,1.08467326089542
8.863606174000001,1.0847849619675478
8.865775739,1.0848198685525876
8.867543504,1.0847849619675478
8.869508157,1.0846942048464439
8.871562521000001,1.08467326089542
8.873669425000001,1.0846523169443962
8.875672191000001,1.0846523169443962
8.877579386,1.0846174103593562
8.879569839,1.0846942048464439
8.881625783,1.084680242212428
8.883514597000001,1.0846034477253403
8.885674613,1.0845825037743164
8.887628402,1.0845964664083323
8.889566003,1.0845755224573084
8.891513902,1.0846174103593562
8.893688285000001,1.0846243916763643
8.895660962000001,1.0846243916763643
8.897653556,1.0846942048464439
8.899801069,1.0848059059185715
8.901742255,1.0849245883077072
8.903566774,1.0850502520138507
8.905660427,1.0850781772818827
8.907592897,1.0851270465009386
8.909584234,1.0851270465009386
8.911643394,1.0850781772818827
8.913856318,1.0851200651839306
8.915659239,1.0851200651839306
8.917715253,1.085043270696843
8.919715615000001,1.0849594948927472
8.921674703,1.084966476209755
8.923826765000001,1.0849245883077072
8.925626106000001,1.0849245883077072
8.927586446000001,1.0847430740655
8.929582833000001,1.0845545785062845
8.931599271000001,1.0844358961171487
8.933800306,1.084380045581085
8.935787711,1.084380045581085
8.937696038,1.0843381576790372
8.939628045000001,1.084373064264077
8.941673515,1.0843311763620291
8.943624425000001,1.0843102324110052
8.945654819000001,1.0843381576790372
8.947549839,1.0843172137280133
8.949552681,1.0843102324110052
8.951626666000001,1.0842962697769891
8.953850136,1.084373064264077
8.955632745,1.084373064264077
8.957806438,1.0843940082151011
8.959870586000001,1.0845825037743164
8.96159865,1.0845825037743164
8.963568930000001,1.0845406158722684
8.965653075,1.0847151487974678
8.967726394000001,1.0848198685525876
8.96960825,1.0849176069906992
8.971549481,1.0849245883077072
8.97371098,1.0849455322587311
8.975664416,1.0849455322587311
8.977607394000001,1.0848757190886513
8.979519866,1.0848617564546355
8.981507977,1.0848268498695954
8.983555102,1.0848198685525876
8.985578792,1.084764018016524
8.987544047,1.084736092748492
8.989719672000001,1.0846942048464439
8.991560875000001,1.0846942048464439
8.993733336,1.0845755224573084
8.995622746,1.0845755224573084
8.997588528000001,1.0844708027021885
8.999621413,1.0844568400681727
9.001555320000001,1.0844987279702205
9.003560516,1.0844987279702205
9.005565327000001,1.0845336345552605
9.00752579,1.0846383543103801
9.009544397,1.0847151487974678
9.011577236,1.0846942048464439
9.013694352,1.0846942048464439
9.015737191000001,1.0846942048464439
9.017642182000001,1.0846942048464439
9.019624740000001,1.084680242212428
9.021578574000001,1.08467326089542
9.023503713,1.084659298261404
9.025568565,1.0847221301144758
9.027548162,1.0846383543103801
9.029561435,1.0846034477253403
9.03159467,1.0846174103593562
9.033859186,1.0846174103593562
9.035742867,1.0845964664083323
9.037797886,1.0845964664083323
9.039730286000001,1.0845196719212447
9.04156983,1.0844219334831329
9.043700927,1.0843311763620291
9.045567794,1.0843311763620291
9.047564105000001,1.0843172137280133
9.04979656,1.0842892884599813
9.051599859000001,1.0842753258259654
9.053748779000001,1.0842962697769891
9.055828043,1.0842962697769891
9.057602082,1.084373064264077
9.059543761,1.084359101630061
9.061756403,1.084400989532109
9.063590869,1.0844149521661248
9.065803297,1.0844358961171487
9.067661277000001,1.084400989532109
9.069715164,1.0844358961171487
9.071643203,1.084380045581085
9.073786964,1.0843940082151011
9.075963996,1.0843940082151011
9.07785117,1.0843940082151011
9.079655985,1.0843940082151011
9.081650991,1.0844987279702205
9.083654341,1.0845196719212447
9.08562579,1.0845755224573084
9.087644191,1.0845964664083323
9.08963348,1.0846174103593562
9.091561516,1.084659298261404
9.093838999,1.0847151487974678
9.095726242000001,1.0847151487974678
9.09765668,1.0846523169443962
9.099552995,1.0846174103593562
9.10152783,1.0845825037743164
9.103655321,1.0845615598232925
9.105592474,1.08467326089542
9.107623625,1.0847151487974678
9.109654136000001,1.084736092748492
9.111592964,1.0846942048464439
9.11385462,1.0846942048464439
9.115724839,1.084701186163452
9.117753383,1.084659298261404
9.119554301,1.084659298261404
9.121717841,1.08467326089542
9.123642595,1.0845755224573084
9.125535142,1.0845545785062845
9.127653859,1.0845196719212447
9.129646489,1.0845126906042366
9.131532321,1.0844777840191966
9.133964918,1.0844987279702205
9.135747481000001,1.0844987279702205
9.137777606,1.0844917466532125
9.139656127,1.0845545785062845
9.141709774,1.0845545785062845
9.143571873,1.0845755224573084
9.145589409000001,1.0845825037743164
9.147524441,1.0845964664083323
9.149521733,1.0846034477253403
9.151562066,1.0846174103593562
9.153626121,1.084701186163452
9.155663016,1.084701186163452
9.157838176,1.084764018016524
9.159738894,1.084701186163452
9.161548249,1.084736092748492
9.163578101,1.0847779806505398
9.165531894,1.0848198685525876
9.167659587000001,1.0848059059185715
9.169625969,1.0847779806505398
9.171953171,1.0847989246015635
9.173573423,1.0847989246015635
9.175854935,1.084736092748492
9.177617731,1.084736092748492
9.179579756,1.0846942048464439
9.181609004,1.084680242212428
9.183602127,1.0847779806505398
9.185607341,1.0849176069906992
9.187541247,1.0851479904519625
9.189505561,1.0852038409880262
9.191564283,1.0852317662560582
9.193576379000001,1.0853295046941698
9.195616835000001,1.0853923365472418
9.197671809000001,1.0853923365472418
9.199602666,1.0854272431322816
9.201552606,1.0853713925962178
9.203553891,1.0853644112792098
9.205544517,1.0853225233771617
9.207533279,1.085280635475114
9.209556999,1.0852038409880262
9.211554060000001,1.0850991212329066
9.213539813,1.085043270696843
9.215757692,1.085001382794795
9.217799287,1.085001382794795
9.219674151000001,1.0849455322587311
9.221753472000001,1.0848059059185715
9.223611738,1.0848059059185715
9.225616101,1.0847570366995158
9.227573187,1.0848059059185715
9.22977677,1.0847989246015635
9.231660249,1.0848477938206194
9.233853522,1.0848827004056594
9.235888081,1.0848827004056594
9.237601957,1.0848757190886513
9.239584337,1.0848477938206194
9.241558502,1.0848059059185715
9.243547807,1.0848059059185715
9.245533416,1.0847779806505398
9.247615574000001,1.0847151487974678
9.24971152,1.0846942048464439
9.251653569,1.0847221301144758
9.253576823000001,1.084680242212428
9.255785832,1.0846034477253403
9.257636742,1.0846034477253403
9.259628695,1.084380045581085
9.261549823000001,1.08408683026675
9.263599676,1.0839332412925744
9.265642219,1.0838075775864306
9.267669982000001,1.0836121007102075
9.269627149,1.083486437004064
9.271591605000001,1.083402661199968
9.273537152000001,1.0832630348598087
9.275633194000001,1.0832630348598087
9.277687699000001,1.083095483251617
9.279579713,1.083095483251617
9.281571758,1.082900006375394
9.283534234000001,1.0827743426692502
9.285510192,1.0827394360842104
9.287533432,1.082816230571298
9.289531757,1.0829209503264177
9.291546625,1.0830396327155534
9.293623223,1.0832560535428009
9.295688401000001,1.0832560535428009
9.297596535,1.083402661199968
9.299526781,1.0837307830993432
9.301550533,1.0839332412925744
9.303529916,1.0840519236817099
9.305562589,1.0840728676327338
9.307551071,1.0842962697769891
9.309554525000001,1.0844358961171487
9.311556029,1.0844568400681727
9.313628408000001,1.0844358961171487
9.31564099,1.0844358961171487
9.317613385000001,1.0844568400681727
9.319813191,1.0843311763620291
9.321559639,1.0843311763620291
9.323553038,1.0841915500218695
9.325540129,1.084107774217774
9.327495463,1.0840170170966703
9.329551144,1.0839332412925744
9.331498468000001,1.0838424841714707
9.333643793,1.0837028578313113
9.335673682000001,1.0837028578313113
9.337658827,1.0835702128081595
9.339633454000001,1.08346549305304
9.341623539,1.083458511736032
9.343518354,1.083458511736032
9.345505367000001,1.0833817172489442
9.347576441000001,1.0833817172489442
9.349525368,1.083423605150992
9.351514318000001,1.083423605150992
9.353573813,1.083486437004064
9.355747825,1.0836679512462712
9.357858387,1.0838285215374546
9.359668483,1.0838285215374546
9.361609627,1.0839332412925744
9.363561269,1.0842753258259654
9.365643647,1.0843311763620291
9.367601183000001,1.0842474005579334
9.369644043000001,1.0842683445089574
9.371629384,1.0841775873878536
9.373845317,1.084128718168798
9.375778438000001,1.084128718168798
9.377613965,1.0840309797306862
9.37968214,1.0840100357796623
9.381753136,1.0839262599755664
9.383582351000001,1.0837307830993432
9.385564293,1.0835841754421756
9.38763344,1.0836609699292634
9.389567300000001,1.0835911567591836
9.391592816000001,1.0836470072952473
9.393930853,1.0837517270503672
9.395662168000001,1.0837517270503672
9.397733343,1.0838634281224946
9.399693627000001,1.084128718168798
9.401732765,1.0841915500218695
9.403732965000001,1.0842683445089574
9.405676163,1.0843102324110052
9.407857831000001,1.0843311763620291
9.409716804,1.0842543818749413
9.411706365,1.0842474005579334
9.413772952,1.0843311763620291
9.415920876000001,1.0843311763620291
9.417752504000001,1.084352120313053
9.419872141,1.0843940082151011
9.421682698000001,1.0843940082151011
9.423682296,1.0843172137280133
9.425727579,1.0843172137280133
9.427663232,1.084352120313053
9.429669318,1.0842962697769891
9.43172271,1.0842892884599813
9.434032759,1.0842334379239174
9.435891095,1.0842334379239174
9.437664548,1.0842474005579334
9.43972733,1.0842334379239174
9.4417095,1.0842683445089574
9.443720808,1.0842124939728934
9.445703083,1.0841566434368297
9.447645143,1.0840658863157258
9.449757963,1.0839890918286383
9.451805515,1.0839681478776144
9.454120423,1.0839541852435983
9.455886631,1.0839541852435983
9.457869948,1.0839332412925744
9.459781077,1.0839332412925744
9.461717617000001,1.0839262599755664
9.463775841,1.0838913533905268
9.465869114,1.083786633635407
9.467647782,1.0837098391483193
9.469820092,1.0836051193931995
9.471709285000001,1.083507380955088
9.473961378,1.083444549102016
9.475771568,1.083444549102016
9.477732264,1.0833817172489442
9.479694102,1.0832560535428009
9.48167855,1.0832211469577606
9.483639552000001,1.0831164272026412
9.485751579,1.0830815206176012
9.487610729,1.0829837821794894
9.48972333,1.0829628382284655
9.49176347,1.0829418942774416
9.493828431,1.0828581184733461
9.495946187000001,1.0828581184733461
9.497656443,1.0828581184733461
9.499662477000001,1.082872081107362
9.501620629000001,1.0829768008624814
9.503677933,1.0831024645686251
9.505627978000001,1.0833817172489442
9.507564579,1.0837098391483193
9.50976262,1.0838494654884787
9.51168833,1.0838494654884787
9.513872113000001,1.0840170170966703
9.515615365,1.0840170170966703
9.517598797,1.0845406158722684
9.519634767000001,1.0846243916763643
9.521884332,1.0846243916763643
9.523590829,1.0846243916763643
9.525528642000001,1.0846243916763643
9.527502356000001,1.0844917466532125
9.529539714,1.0844149521661248
9.531527692000001,1.0843172137280133
9.533864723,1.0841496621198219
9.535735053,1.0841496621198219
9.537582914000001,1.0839541852435983
9.539646614,1.0838494654884787
9.541875557000001,1.0838634281224946
9.543567756,1.0838634281224946
9.545564678,1.0837098391483193
9.547563356000001,1.0836051193931995
9.549527725,1.0835213435891038
9.551625892,1.0835213435891038
9.553866182,1.0836051193931995
9.555849313000001,1.0836609699292634
9.55768297,1.0836609699292634
9.559575525000001,1.0837098391483193
9.561591144000001,1.0836888951972952
9.563523396,1.0837517270503672
9.565637180000001,1.0837238017823352
9.567680751000001,1.0838145589034387
9.569542881,1.0838424841714707
9.571534825,1.0839053160245427
9.573820662000001,1.0838704094395026
9.575667597,1.0838704094395026
9.577791889,1.0838843720735187
9.579639432,1.0838424841714707
9.581669187000001,1.0838075775864306
9.583634612,1.0838075775864306
9.585593583000001,1.0838424841714707
9.587621922,1.0838145589034387
9.589631464,1.083772671001391
9.591567353,1.0837098391483193
9.593779319000001,1.0836609699292634
9.595676506,1.0836609699292634
9.597660340000001,1.0836470072952473
9.599562697000001,1.0836470072952473
9.601713918,1.0836888951972952
9.603566299,1.0835422875401277
9.605519518000001,1.083486437004064
9.607675145,1.083423605150992
9.609550614,1.083423605150992
9.611577989,1.083486437004064
9.613825415,1.083423605150992
9.615649767,1.083423605150992
9.617634882,1.083479455687056
9.619663161,1.083479455687056
9.621742034,1.0838494654884787
9.623641583000001,1.0838494654884787
9.625703296000001,1.0842683445089574
9.627600944000001,1.0846523169443962
9.62957461,1.0847849619675478
9.631648643,1.0846942048464439
9.633749942000001,1.0846034477253403
9.635618064,1.0846034477253403
9.637590668000001,1.0844568400681727
9.639598397,1.0844568400681727
9.641551556000001,1.0844219334831329
9.643595402,1.084373064264077
9.645677819000001,1.0843102324110052
9.647656021000001,1.0842334379239174
9.649753661,1.0841566434368297
9.651566137000001,1.084107774217774
9.653645844000001,1.0841147555347819
9.655688736,1.0841147555347819
9.657583126,1.0841496621198219
9.659546157000001,1.0841706060708456
9.661551664000001,1.0842543818749413
9.663560714,1.0842753258259654
9.665566278,1.0842892884599813
9.667555111,1.084373064264077
9.669578941000001,1.0845336345552605
9.671535113000001,1.0846174103593562
9.673668988000001,1.0846243916763643
9.675667484,1.0846243916763643
9.677683146000001,1.0846174103593562
9.679582464000001,1.0846174103593562
9.681571206000001,1.0845964664083323
9.683541597000001,1.0845964664083323
9.685549035000001,1.0845964664083323
9.687550353,1.0844777840191966
9.689528307,1.084400989532109
9.69156373,1.0843102324110052
9.693639923000001,1.0842683445089574
9.695654077,1.0842683445089574
9.697586454000001,1.0841496621198219
9.699570816000001,1.0841147555347819
9.701560232,1.084128718168798
9.703541553,1.084093811583758
9.705558473,1.0839681478776144
9.707541263000001,1.0839332412925744
9.709534742,1.0838704094395026
9.71155328,1.0838913533905268
9.713768114,1.0840100357796623
9.715642685,1.0840100357796623
9.717573509000001,1.0842124939728934
9.719594313,1.0842194752899015
9.721636854,1.0843311763620291
9.723683918,1.0844568400681727
9.725681436,1.0846243916763643
9.727585661,1.084701186163452
9.729641225,1.0848198685525876
9.731516764,1.0848408125036115
9.7335686,1.0848198685525876
9.735685546000001,1.0847221301144758
9.737612746,1.0847221301144758
9.739617453000001,1.084701186163452
9.741570546,1.0847151487974678
9.743585040000001,1.08467326089542
9.745530125,1.0845755224573084
9.747571537,1.0844777840191966
9.749530969,1.0844358961171487
9.751535182000001,1.0843381576790372
9.753990496,1.0842753258259654
9.755952432,1.0842753258259654
9.757751564000001,1.0842543818749413
9.759764877,1.0842194752899015
9.761581342000001,1.0841496621198219
9.763651241,1.0841496621198219
9.76566805,1.0841915500218695
9.767590712,1.0842753258259654
9.769792319,1.0843172137280133
9.771643151000001,1.0843102324110052
9.773889345,1.084352120313053
9.775699902000001,1.084352120313053
9.777663995000001,1.084380045581085
9.779818303,1.0844917466532125
9.78163011,1.0844917466532125
9.783623087,1.0845126906042366
9.785871583,1.0844708027021885
9.787595304,1.0844708027021885
9.789669596000001,1.0844917466532125
9.791633575,1.084380045581085
9.793804295000001,1.0843311763620291
9.795745618,1.0843311763620291
9.797745749,1.0843311763620291
9.79979845,1.0841985313388776
9.801715051,1.0841985313388776
9.803765881,1.0841496621198219
9.805550272000001,1.0840170170966703
9.807675776,1.0839960731456462
9.809552420000001,1.0839960731456462
9.811532895000001,1.0839681478776144
9.813643276,1.0839751291946222
9.815674547,1.0839751291946222
9.817626046,1.0839681478776144
9.819641065,1.0839751291946222
9.821645031000001,1.0840309797306862
9.823620163000001,1.0840658863157258
9.825582240000001,1.084128718168798
9.827552576,1.0842474005579334
9.829526142,1.084352120313053
9.831535957,1.0843940082151011
9.833913716000001,1.0844568400681727
9.835675981000001,1.0844568400681727
9.837618673000001,1.0846174103593562
9.839639219,1.0846174103593562
9.841579088000001,1.084938550941723
9.843689413,1.085001382794795
9.845572483,1.0850851585988905
9.847572904,1.0851410091349545
9.849772035,1.0851410091349545
9.851567167,1.085043270696843
9.853866056000001,1.0847221301144758
9.855902275,1.0847221301144758
9.857608253,1.0846034477253403
9.859645482000001,1.0845126906042366
9.861842468,1.0844777840191966
9.863614831000001,1.084380045581085
9.865632136,1.0842194752899015
9.867557681000001,1.0840728676327338
9.869607788000001,1.0840519236817099
9.871811351,1.0839960731456462
9.873903432,1.0839890918286383
9.875851358,1.0839890918286383
9.877894607,1.0839681478776144
9.879622081,1.0839681478776144
9.881630608,1.0840658863157258
9.883593098,1.08408683026675
9.885685479000001,1.084044942364702
9.887673362000001,1.08408683026675
9.889569335000001,1.08408683026675
9.891618985000001,1.084107774217774
9.893840936,1.0841775873878536
9.895669856000001,1.0841775873878536
9.897587756,1.084135699485806
9.89958852,1.0841566434368297
9.901579194,1.084107774217774
9.903660934000001,1.0840728676327338
9.905614464000001,1.0840728676327338
9.907588242000001,1.0840100357796623
9.909657956,1.0839751291946222
9.911576868000001,1.0839751291946222
9.913844249,1.0838704094395026
9.915732106,1.0838704094395026
9.917657013000001,1.083772671001391
9.919770237,1.083772671001391
9.921688278000001,1.0835911567591836
9.923712163000001,1.0833188853958724
9.925592828000001,1.0832002030067367
9.927568688000001,1.0831792590557128
9.929706599000001,1.0832141656407526
9.931558852,1.0832420909087848
9.933818484000001,1.0833188853958724
9.935655403,1.0833188853958724
9.937595531000001,1.0833258667128804
9.939602549,1.0833258667128804
9.941598337,1.0835283249061118
9.943540030000001,1.0841706060708456
9.945587176,1.0842962697769891
9.947622535,1.0843102324110052
9.949588163000001,1.0843102324110052
9.951588673,1.084359101630061
9.953651898,1.0844777840191966
9.955797187,1.0844777840191966
9.957753177,1.0844498587511646
9.959980700000001,1.0844498587511646
9.96169285,1.0844777840191966
9.963601786,1.0844568400681727
9.965930014000001,1.084380045581085
9.967624047000001,1.084380045581085
9.969674744,1.0842124939728934
9.971670059000001,1.084128718168798
9.973885024000001,1.084128718168798
9.975745526,1.084128718168798
9.97765882,1.084107774217774
9.979798013,1.0840170170966703
9.98157068,1.0840309797306862
9.983563962,1.0840728676327338
9.985633339000001,1.084135699485806
9.987569931000001,1.084128718168798
9.989632321,1.0841566434368297
9.991637798000001,1.0842474005579334
9.99385082,1.084380045581085
9.995729955,1.084380045581085
9.997942223,1.0845336345552605
9.999652625000001,1.0845336345552605
10.001598098,1.0845406158722684
10.003708394,1.0844708027021885
10.005577332000001,1.0844568400681727
10.007587853,1.0844568400681727
10.009558854,1.084373064264077
10.011631958,1.084359101630061
10.013878393,1.0843172137280133
10.015769876,1.0843172137280133
10.017737720000001,1.0841706060708456
10.019722558,1.0840100357796623
10.021696919,1.0839890918286383
10.023662658000001,1.0839053160245427
10.025680170000001,1.0837936149524148
10.027561275,1.083744745733359
10.029626910000001,1.0836819138802873
10.032109851000001,1.0836888951972952
10.033653513,1.0836888951972952
10.03593588,1.0836260633442234
10.037841398000001,1.0836260633442234
10.039670866,1.083765689684383
10.041788185000001,1.083786633635407
10.043754722000001,1.083765689684383
10.046013528000001,1.0838075775864306
10.047711773000001,1.0838075775864306
10.049713418000001,1.0839332412925744
10.05162688,1.0842124939728934
10.053766502,1.084380045581085
10.055842554,1.084380045581085
10.057704438,1.0844498587511646
10.059800049000001,1.0846034477253403
10.061709941,1.0846034477253403
10.063694158,1.0845336345552605
10.065663993000001,1.0844149521661248
10.067592565,1.0843940082151011
10.069571929,1.0844777840191966
10.071569505000001,1.0844777840191966
10.073716192000001,1.0844149521661248
10.075800549,1.0844149521661248
10.077608026,1.084352120313053
10.079616583,1.0841985313388776
10.081866,1.0841985313388776
10.083567392,1.0841775873878536
10.085564483,1.084135699485806
10.087787826000001,1.084128718168798
10.089601158,1.084128718168798
10.091564887,1.0841496621198219
10.093599430000001,1.084107774217774
10.095742431000001,1.0841566434368297
10.097617361000001,1.0841566434368297
10.099584471,1.0842194752899015
10.101580643,1.0842194752899015
10.103596637,1.0842753258259654
10.105606681000001,1.0842753258259654
10.107546081,1.084380045581085
10.109516495000001,1.0844568400681727
10.111594121000001,1.0844568400681727
10.113722864000001,1.0844917466532125
10.115723014,1.0844917466532125
10.117620966,1.0844987279702205
10.119658819000001,1.0843172137280133
10.121562076,1.0843172137280133
10.123563761,1.0841915500218695
10.12557377,1.084135699485806
10.127538401,1.0840170170966703
10.129605184,1.0839681478776144
10.131638719000001,1.083786633635407
10.133646238,1.0836888951972952
10.135642597,1.0836888951972952
10.137680652,1.0835492688571355
10.139588697,1.0835492688571355
10.141565751,1.0833049227618565
10.143570015,1.0832351095917767
10.145595980000001,1.0833677546149283
10.147517645,1.0835841754421756
10.149506362,1.0837238017823352
10.151572095,1.0838424841714707
10.153715631,1.0839262599755664
10.155629194000001,1.0839262599755664
10.157727053,1.0840100357796623
10.159723429000001,1.0843172137280133
10.161637156000001,1.0843172137280133
10.163579431,1.0844917466532125
10.165740338,1.0846942048464439
10.167684799,1.0848268498695954
10.169631771,1.0849245883077072
10.171885798,1.0848477938206194
10.173860148000001,1.0848477938206194
10.175748729,1.084701186163452
10.177929207,1.0845755224573084
10.179832129000001,1.0845755224573084
10.181633925,1.0845336345552605
10.183672018000001,1.0844568400681727
10.185653516,1.0844358961171487
10.187600779,1.084400989532109
10.189631896,1.084380045581085
10.19170573,1.084373064264077
10.193783461,1.0842334379239174
10.195822111,1.0842334379239174
10.197812383,1.0841915500218695
10.199592813,1.0841915500218695
10.201875347000001,1.0842474005579334
10.20364458,1.084373064264077
10.205632782,1.0844777840191966
10.207821751,1.0845196719212447
10.209636265,1.0845755224573084
10.211641685,1.0847151487974678
10.213878150000001,1.0847151487974678
10.215813757000001,1.084680242212428
10.217764721,1.084680242212428
10.219573222000001,1.084701186163452
10.22161793,1.0846523169443962
10.223678944000001,1.0845825037743164
10.225532237000001,1.0845406158722684
10.227789748000001,1.0845336345552605
10.229587438000001,1.0845336345552605
10.23186124,1.0843940082151011
10.233719314,1.0842683445089574
10.235863828000001,1.0842683445089574
10.237731154,1.0841915500218695
10.239598477000001,1.0840658863157258
10.241874844,1.0839472039265903
10.24374511,1.0839472039265903
10.245681256000001,1.0839681478776144
10.247721556,1.0839122973415505
10.249644111,1.0839262599755664
10.251798106,1.0839472039265903
10.253955629,1.0839472039265903
10.255844202,1.0840170170966703
10.257684518000001,1.0840170170966703
10.259670287,1.0841147555347819
10.261787141000001,1.0842124939728934
10.263717807,1.0842962697769891
10.265691844000001,1.084380045581085
10.267643645000001,1.0844708027021885
10.269897357000001,1.084659298261404
10.271586113000001,1.0848268498695954
10.273733313000001,1.0848966630396752
10.275797391000001,1.0848966630396752
10.277639517,1.0849455322587311
10.279901695000001,1.0848477938206194
10.281712455000001,1.084736092748492
10.283854998,1.0845825037743164
10.285701292,1.0845825037743164
10.287614413,1.0845196719212447
10.289586457,1.0845545785062845
10.291713681000001,1.0845336345552605
10.293709392,1.0845336345552605
10.295961782000001,1.0845336345552605
10.29779268,1.0844568400681727
10.299658817000001,1.0844568400681727
10.301686696,1.0842543818749413
10.303624632,1.0842962697769891
10.305557745,1.084400989532109
10.307515935000001,1.0844219334831329
10.309521336000001,1.0844358961171487
10.311595579,1.0844498587511646
10.313595983,1.0845545785062845
10.315788689000001,1.0845615598232925
10.317600539,1.0845615598232925
10.319621007,1.0845545785062845
10.321763895,1.084659298261404
10.323672526000001,1.084659298261404
10.325619589,1.0847151487974678
10.327707668,1.0847849619675478
10.329670058000001,1.0848059059185715
10.331778201,1.0847849619675478
10.333764657000001,1.0847849619675478
10.335916098,1.0848198685525876
10.337779039,1.0848198685525876
10.339743002,1.0848198685525876
10.341580352000001,1.0846243916763643
10.343625336,1.0845336345552605
10.345632151,1.0844917466532125
10.348542249000001,1.0844219334831329
10.349760428000002,1.0844219334831329
10.351760649000001,1.0842474005579334
10.353825128,1.0842124939728934
10.355692390000002,1.0842124939728934
10.357662173000001,1.0841985313388776
10.359702091,1.0841566434368297
10.361655721,1.0841706060708456
10.363654863,1.0842334379239174
10.365594305,1.0843311763620291
10.367588939000001,1.0843940082151011
10.369920985,1.084380045581085
10.371599596000001,1.0844568400681727
10.37375561,1.0845336345552605
10.375789915,1.0845336345552605
10.377689960000001,1.0846243916763643
10.379666396000001,1.0846942048464439
10.381801090000002,1.0847849619675478
10.383629743,1.0848408125036115
10.385718986,1.0848477938206194
10.387637533000001,1.0848477938206194
10.389688688000001,1.0848059059185715
10.391552668000001,1.0847221301144758
10.393636619,1.084701186163452
10.3959123,1.084659298261404
10.39763563,1.084659298261404
10.399582763000002,1.0845825037743164
10.401646560000001,1.0844987279702205
10.403624706,1.0845126906042366
10.405538708,1.0844498587511646
10.407563407000001,1.0844149521661248
10.409584703,1.0844708027021885
10.411522273000001,1.0843940082151011
10.413750806000001,1.0844219334831329
10.415753517,1.0844219334831329
10.417997854000001,1.0844498587511646
10.419594163000001,1.0844498587511646
10.421526925,1.0844219334831329
10.423634255000001,1.0844777840191966
10.425519367000001,1.0844777840191966
10.427637774,1.0845196719212447
10.429821287000001,1.0845196719212447
10.431633884,1.0845964664083323
10.434175592,1.0845336345552605
10.435742935,1.0845336345552605
10.437633046,1.0845336345552605
10.439624757,1.0844917466532125
10.441827905,1.0845126906042366
10.443711468,1.0845126906042366
10.445613192000001,1.0844777840191966
10.44763459,1.0844708027021885
10.449650041,1.0845126906042366
10.451537231000001,1.0844358961171487
10.45375942,1.0844568400681727
10.455883491,1.0844568400681727
10.457665529,1.0844219334831329
10.459638043,1.0844219334831329
10.461801322000001,1.0844358961171487
10.463602697,1.0844358961171487
10.465560344,1.0844568400681727
10.467861718,1.0844917466532125
10.469684693000001,1.0845406158722684
10.471557764,1.0845755224573084
10.473811735,1.08467326089542
10.47578187,1.08467326089542
10.477687562,1.0847989246015635
10.479579046000001,1.0847989246015635
10.481582098,1.085043270696843
10.483584646,1.0851479904519625
10.485549736000001,1.0851410091349545
10.487671555,1.0851479904519625
10.489567722,1.0850642146478666
10.491521482000001,1.0850781772818827
10.493805234,1.0851061025499147
10.495692965,1.0851061025499147
10.497640895,1.085001382794795
10.499846116,1.0847849619675478
10.501594177000001,1.084659298261404
10.503532367,1.0845336345552605
10.505527354,1.0845196719212447
10.507575012,1.0844917466532125
10.509775511,1.0844149521661248
10.511855184,1.0844568400681727
10.513728442000001,1.0844568400681727
10.515907571000001,1.0844219334831329
10.517644151,1.0844219334831329
10.519625112,1.0844777840191966
10.521621041000001,1.0845615598232925
10.523588015000001,1.0846383543103801
10.525622949,1.0845964664083323
10.527563992000001,1.0846383543103801
10.52954038,1.0846243916763643
10.531562417,1.0845615598232925
10.533759187000001,1.0845406158722684
10.535953020000001,1.0845406158722684
10.537815409,1.0844777840191966
10.539649303000001,1.0844219334831329
10.5415658,1.084373064264077
10.543560607,1.0843172137280133
10.545559414000001,1.0842474005579334
10.547583477,1.0841775873878536
10.549722485,1.084093811583758
10.55156561,1.0840100357796623
10.553722034000002,1.0839122973415505
10.555668511,1.0839122973415505
10.557636426,1.0838285215374546
10.559632494,1.083765689684383
10.561885892000001,1.0838075775864306
10.563569967000001,1.0838075775864306
10.565560542,1.083765689684383
10.567558274000001,1.0837238017823352
10.569546030000001,1.083765689684383
10.571528782000001,1.0837307830993432
10.573630547,1.0836888951972952
10.575673392,1.0836888951972952
10.577598331,1.0837238017823352
10.579579225,1.0837238017823352
10.581741242000001,1.0838145589034387
10.583590184,1.0837936149524148
10.585646809,1.083786633635407
10.587638589,1.083772671001391
10.589566762,1.0838424841714707
10.591655509,1.0839472039265903
10.593879537000001,1.0839472039265903
10.595807238,1.0840658863157258
10.597787633000001,1.0842124939728934
10.599716313,1.0843102324110052
10.601536475000001,1.0843102324110052
10.603571759000001,1.0842892884599813
10.605562166,1.0842474005579334
10.607583537,1.0841706060708456
10.609595628000001,1.0842124939728934
10.611545166,1.0841915500218695
10.614005061,1.08408683026675
10.615824120000001,1.08408683026675
10.617772693000001,1.0840519236817099
10.619636586,1.0838704094395026
10.621725694,1.0838704094395026
10.62421969,1.083786633635407
10.625721881,1.083786633635407
10.627598194,1.0837517270503672
10.629769442,1.0836470072952473
10.631688719000001,1.0836051193931995
10.633979994,1.0836400259782393
10.635849904,1.0836400259782393
10.637641434,1.0835632314911516
10.639631457,1.0835213435891038
10.641632939,1.083458511736032
10.643634513,1.08346549305304
10.645672265,1.0835422875401277
10.647690601,1.0835911567591836
10.649668201,1.083765689684383
10.651708058,1.0839960731456462
10.653854664,1.0841566434368297
10.655968092,1.0841566434368297
10.657894449,1.084107774217774
10.659807113000001,1.0841775873878536
10.661609573,1.0841706060708456
10.663707952000001,1.0841706060708456
10.666011625000001,1.0841915500218695
10.667631882,1.0841566434368297
10.669637433,1.0841496621198219
10.671648929,1.0840658863157258
10.673947389,1.0839332412925744
10.675771292,1.0839332412925744
10.677812862000001,1.0837517270503672
10.679741521,1.0837517270503672
10.681623851000001,1.0835283249061118
10.683627953,1.0835492688571355
10.685630421,1.0837307830993432
10.687634090000001,1.0839122973415505
10.689623983,1.0840170170966703
10.69171009,1.0839541852435983
10.693772410000001,1.0838843720735187
10.695837482,1.0838843720735187
10.697890883000001,1.0839681478776144
10.699843298000001,1.0839681478776144
10.701700249,1.0840728676327338
10.703690584,1.084135699485806
10.705653697,1.0841566434368297
10.707622052000001,1.0841915500218695
10.709638555000002,1.0842683445089574
10.711701654,1.0843311763620291
10.713880938,1.0843381576790372
10.715809855,1.0843381576790372
10.717658209000001,1.0842892884599813
10.719760323000001,1.0842892884599813
10.721753019000001,1.0842474005579334
10.723802716,1.084044942364702
10.725537719,1.0839122973415505
10.727641921,1.0837517270503672
10.729546329000001,1.0836400259782393
10.731533274,1.0835422875401277
10.73382113,1.0834166238339842
10.735662196,1.0834166238339842
10.737617036000001,1.0833188853958724
10.739609858000001,1.0833188853958724
10.741614434,1.0831862403727208
10.743553959000002,1.083095483251617
10.745535511,1.083144352470673
10.747577448000001,1.083144352470673
10.749633416,1.0831862403727208
10.75156812,1.0832002030067367
10.753787297,1.0831164272026412
10.755650356,1.0831164272026412
10.757647127,1.083144352470673
10.759630060000001,1.083144352470673
10.761605078,1.083158315104689
10.763590814,1.0832560535428009
10.765551414,1.0832141656407526
10.767584981,1.0832560535428009
10.769521441,1.0833049227618565
10.771545861,1.0832979414448485
10.773652088,1.0832560535428009
10.775708637000001,1.0832560535428009
10.777664345,1.0832839788108326
10.779628189,1.0832839788108326
10.781592779,1.0833258667128804
10.783586693,1.0833049227618565
10.785623331,1.0832560535428009
10.787556440000001,1.0832560535428009
10.789559379,1.0831373711536652
10.791571193000001,1.083158315104689
10.794147988,1.083144352470673
10.795677466,1.083144352470673
10.797738353000002,1.0832141656407526
10.799881569,1.0832630348598087
10.801577648,1.0832630348598087
10.803733939,1.0832769974938246
10.805593539,1.0833886985659522
10.807550611,1.0836260633442234
10.809773554000001,1.0836260633442234
10.811570235000001,1.0838424841714707
10.813803626,1.0841496621198219
10.815619548,1.0841496621198219
10.817579892000001,1.0841985313388776
10.819586054,1.0842124939728934
10.821565744,1.0841706060708456
10.823569448,1.0842124939728934
10.825724675,1.0841775873878536
10.827626437000001,1.0841775873878536
10.829528731,1.0841566434368297
10.831770921,1.0840100357796623
10.833617316000002,1.0840100357796623
10.835718201,1.0838145589034387
10.837611848,1.0838145589034387
10.839589095000001,1.0837238017823352
10.841577608000001,1.0835841754421756
10.843711006000001,1.0836051193931995
10.845689922,1.0836051193931995
10.847550360000001,1.0835911567591836
10.849823970000001,1.0836400259782393
10.851624855,1.0836400259782393
10.853771511000001,1.0836051193931995
10.855644448000001,1.0836051193931995
10.857724622000001,1.0836260633442234
10.859580696,1.0836470072952473
10.861646112,1.0836121007102075
10.86357957,1.0836609699292634
10.865608387,1.0836260633442234
10.8676151,1.0835702128081595
10.869584809000001,1.0835003996380799
10.871542312,1.083479455687056
10.873888446,1.0833468106639044
10.875703734,1.0833468106639044
10.877598138000002,1.0832351095917767
10.87961677,1.0832351095917767
10.881589045,1.0829418942774416
10.883582950000001,1.0826137723780669
10.885559542000001,1.0824462207698753
10.887623162,1.082201874674596
10.889610873,1.082006397798373
10.891667737,1.0817969582881333
10.893900546000001,1.0817969582881333
10.895757922000001,1.081594500094902
10.897606365000001,1.081594500094902
10.899721171000001,1.0812593968785191
10.901590851,1.0811756210744234
10.903578877000001,1.0810988265873356
10.905641204,1.0810569386852877
10.907711858,1.0810988265873356
10.909582257,1.08101505078324
10.911632555,1.080994106832216
10.913875197000001,1.0811127892213517
10.915843092000001,1.0811127892213517
10.917664567000001,1.081280340829543
10.919682247,1.0814409111207264
10.921692974,1.0814409111207264
10.923600106,1.0813920419016707
10.925553493,1.0811756210744234
10.927542348000001,1.0810569386852877
10.929593342,1.0810709013193036
10.931562793000001,1.0811965650254474
10.933880577,1.0811965650254474
10.935667466,1.081336191365607
10.93764456,1.0814967616567903
10.939825621,1.0814129858526946
10.941695502,1.081301284780567
10.943798710000001,1.081273359512535
10.945557076,1.081301284780567
10.947567878000001,1.081336191365607
10.949575339,1.081301284780567
10.951569228,1.081301284780567
10.953806681000001,1.081322228731591
10.955736585,1.081322228731591
10.957613977000001,1.081294303463559
10.959600756,1.0811197705383597
10.961583636,1.0809871255152081
10.963574524,1.0809312749791442
10.965612205000001,1.0809312749791442
10.967618148000001,1.0808684431260724
10.969534789,1.0808754244430803
10.971591625,1.0808893870770964
10.973717128,1.0809382562961523
10.975739788,1.0809382562961523
10.97763461,1.080973162881192
10.979750969000001,1.08101505078324
10.981572112,1.080966181564184
10.983575718,1.0809312749791442
10.985635113,1.0809103310281203
10.987613342000001,1.0809103310281203
10.989649773,1.0808684431260724
10.991587996,1.0808893870770964
10.993816089000001,1.0808265552240244
10.99568552,1.0808265552240244
10.997620511000001,1.080707872834889
10.999549349,1.0804635267396097
11.001736243,1.080302956448426
11.003601774,1.0801633301082667
11.005657710000001,1.0801842740592906
11.007697365,1.0802820124974024
11.009594575000001,1.0802191806443304
11.011568377000001,1.080302956448426
11.013885238,1.080302956448426
11.015715715,1.080302956448426
11.017711521,1.080365788301498
11.019594161,1.0806729662498489
11.021596549,1.0808544804920563
11.023662826,1.0810709013193036
11.025675147000001,1.0810569386852877
11.027565381,1.0811546771233995
11.029567168,1.081357135316631
11.032272342,1.081357135316631
11.033731218000002,1.0814129858526946
11.035910441,1.0814129858526946
11.037977997,1.081343172682615
11.039811997000001,1.081343172682615
11.041675999,1.081322228731591
11.043577996000002,1.0812314716104872
11.045572112,1.0811895837084393
11.047570773,1.0811546771233995
11.049546387000001,1.0810778826363117
11.051558087,1.080966181564184
11.053894011,1.0809173123451283
11.055619017000001,1.0809173123451283
11.057642265,1.0808544804920563
11.059577798000001,1.0809103310281203
11.061744937,1.081029013417256
11.063610596,1.081008069466232
11.065563875,1.080994106832216
11.067630464,1.081008069466232
11.069652249,1.081008069466232
11.071645456,1.0810499573682797
11.073831336000001,1.0810569386852877
11.075735935,1.0810569386852877
11.077595135000001,1.0810709013193036
11.079591856,1.080994106832216
11.081617016000001,1.0810359947342638
11.083677677,1.0810569386852877
11.085592505000001,1.0809871255152081
11.087907131000001,1.081008069466232
11.089643983,1.081008069466232
11.091659222,1.0810709013193036
11.093837421,1.08101505078324
11.095752114000001,1.08101505078324
11.097773783000001,1.080994106832216
11.09956183,1.081029013417256
11.101787308,1.08101505078324
11.103687029000001,1.08101505078324
11.105653486000001,1.081029013417256
11.107575475,1.0810359947342638
11.109610509000001,1.08101505078324
11.111592768000001,1.0809382562961523
11.113804685,1.0808893870770964
11.115718786,1.0808893870770964
11.117702769000001,1.0808754244430803
11.119679860000002,1.0809312749791442
11.121731325,1.0808963683941044
11.123632215,1.0809312749791442
11.125654679,1.0809382562961523
11.127648392000001,1.0810499573682797
11.130088697000001,1.0811197705383597
11.131904727,1.0811197705383597
11.133829578,1.0813990232186788
11.135623357,1.0813990232186788
11.137631474,1.0816573319479739
11.139802529,1.0817201638010456
11.141844324000001,1.081643369313958
11.143967313000001,1.0815037429737984
11.145749844000001,1.0811965650254474
11.147790973000001,1.0810918452703275
11.14962601,1.0810359947342638
11.151767613,1.08101505078324
11.153867432,1.080973162881192
11.155831823000002,1.080973162881192
11.157862464,1.081008069466232
11.159679965,1.080966181564184
11.161709198,1.080973162881192
11.163638735000001,1.080994106832216
11.165662886000002,1.0810359947342638
11.167769569,1.081029013417256
11.169699997,1.0810359947342638
11.171669772000001,1.0810359947342638
11.173664064,1.0810988265873356
11.175743437000001,1.0810988265873356
11.177599667,1.0811756210744234
11.179573623000001,1.0810988265873356
11.181556093000001,1.081029013417256
11.183599645000001,1.0809522189301681
11.185800124,1.0808893870770964
11.187587421,1.0808893870770964
11.189565307,1.0808474991750483
11.191565946,1.080714854151897
11.193606611,1.0806240970307932
11.195779731,1.0804495641055936
11.197620379,1.0804495641055936
11.199613429000001,1.0801842740592906
11.201631014,1.0800655916701551
11.203569237,1.0799818158660592
11.205592605000001,1.0797025631857402
11.207602434,1.0793674599693572
11.209788021000001,1.0791929270441578
11.211555708,1.079171983093134
11.213657198,1.0790533007039982
11.21591714,1.0788019732917111
11.217732919000001,1.0788019732917111
11.219721493000002,1.0785436645624158
11.221586471,1.0784947953433601
11.223595472000001,1.0785995150984797
11.225641235000001,1.0786832909025754
11.227680452000001,1.0788857490958068
11.229697493000002,1.0791929270441578
11.23154903,1.0793953852373892
11.233636862000001,1.0796397313326684
11.235672069000001,1.0796397313326684
11.237644268,1.0798003016238518
11.239640832000001,1.080107479572203
11.241794899,1.080079554304171
11.243638970000001,1.080079554304171
11.245545758,1.080100498255195
11.247636049,1.0799189840129875
11.249572780000001,1.0798770961109396
11.251533,1.0800167224510993
11.253662746,1.0801772927422826
11.255667734000001,1.0801772927422826
11.257864903000002,1.080365788301498
11.259730538000001,1.080407676203546
11.261672198000001,1.080365788301498
11.263683372000001,1.0803448443504742
11.265599887,1.0802889938144102
11.267582467,1.0802889938144102
11.269711182,1.0803378630334661
11.271586552,1.080302956448426
11.273596869,1.080365788301498
11.275965609,1.080400694886538
11.277634026000001,1.080400694886538
11.279602174,1.0805263585926816
11.281611449000001,1.0806240970307932
11.283607275000001,1.080714854151897
11.285612827000001,1.0808474991750483
11.287601509,1.0808963683941044
11.289791133000001,1.0808684431260724
11.291586529,1.0808684431260724
11.293989636000001,1.0808754244430803
11.295956509000002,1.0808754244430803
11.297641650000001,1.0812175089764713
11.299666093,1.081252415561511
11.301602175000001,1.0812175089764713
11.303563766,1.0811407144893836
11.305560884,1.0810918452703275
11.307726813,1.0808754244430803
11.30957278,1.0807288167859128
11.311560258,1.0806240970307932
11.313772362,1.0805891904457532
11.315683852000001,1.0805891904457532
11.317657675000001,1.0803448443504742
11.319597594000001,1.0801214422062189
11.321579146000001,1.0800167224510993
11.323569138,1.0798142642578676
11.325642153,1.0796746379177082
11.327631713,1.0795908621136125
11.329575502,1.0795350115775488
11.331725878,1.079458217090461
11.333818042,1.079430291822429
11.335853023,1.079430291822429
11.337759749,1.0794163291884131
11.339947804000001,1.0798003016238518
11.341611593000001,1.0798003016238518
11.343552859,1.080100498255195
11.345581452000001,1.0801772927422826
11.347561596,1.0802889938144102
11.349674711,1.0804635267396097
11.351574189,1.0804635267396097
11.353897883,1.0803239003994503
11.355650473,1.0803239003994503
11.357623975000001,1.080135404840235
11.359596810000001,1.0800027598170832
11.361558135000001,1.0800376664021232
11.36355396,1.080135404840235
11.365581716000001,1.0801842740592906
11.367582769,1.0801214422062189
11.369623987,1.0800376664021232
11.371689437,1.0800376664021232
11.373749723000001,1.0800027598170832
11.375654223000002,1.0800027598170832
11.377673527,1.0802261619613385
11.379643815000001,1.0802261619613385
11.381611074,1.0802889938144102
11.383733184,1.0802261619613385
11.385721004,1.0802820124974024
11.387596679000001,1.0802610685463785
11.389668374000001,1.0802610685463785
11.391835699000001,1.0802820124974024
11.393816249,1.0802610685463785
11.395947148000001,1.0802610685463785
11.397698371,1.0802401245953543
11.399573113,1.080302956448426
11.40167635,1.0802471059123624
11.403682751,1.0801772927422826
11.405569199,1.080135404840235
11.407593204000001,1.080023703768107
11.409694103000001,1.0799748345490512
11.411658880000001,1.0799818158660592
11.413575869,1.0799608719150353
11.415818198,1.0799189840129875
11.417723568000001,1.0799189840129875
11.419685186,1.0798631334769238
11.421718700000001,1.0797584137218041
11.423578317,1.0796187873816445
11.425593901000001,1.0795070863095169
11.427612387,1.0792767028482537
11.42965867,1.079130095191086
11.431609005,1.079130095191086
11.433802256,1.0790044314849425
11.435737510000001,1.0790044314849425
11.437684331000002,1.078843861193759
11.439664935000001,1.078850842510767
11.441534671000001,1.079130095191086
11.4436415,1.079451235773453
11.445641566,1.0796746379177082
11.447580848000001,1.079793320306844
11.449795946,1.0798561521599157
11.45161798,1.0798561521599157
11.453848872,1.0798142642578676
11.455714681,1.0798142642578676
11.457707457000001,1.0795489742115645
11.459731371,1.0791859457271498
11.461719641,1.079213870995182
11.463606555,1.0793744412863653
11.465687356,1.079458217090461
11.467583526,1.079493123675501
11.469709886,1.079409347871405
11.471740223000001,1.0792767028482537
11.473626531,1.079102169923054
11.475685505000001,1.079102169923054
11.477716408000001,1.0789695248999025
11.479717563000001,1.079102169923054
11.481655336000001,1.0792697215312457
11.483559627,1.079472179724477
11.485586296000001,1.0796606752836924
11.487561368000001,1.079779357672828
11.489566101000001,1.0798980400619635
11.491566095000001,1.080044647719131
11.493722254000001,1.0802261619613385
11.495641513,1.0802261619613385
11.497625858000001,1.0803099377654342
11.499720163000001,1.0805473025437053
11.501619105000001,1.0805473025437053
11.503570259,1.0808056112730005
11.505593025000001,1.0807707046879609
11.507568396,1.0807916486389846
11.509559972,1.0809312749791442
11.511516062,1.0809522189301681
11.513676633000001,1.0808963683941044
11.515741904,1.0808963683941044
11.517646157000001,1.0808265552240244
11.519568661000001,1.080714854151897
11.521545755,1.0806031530797693
11.523530188,1.0804914520076419
11.525668490000001,1.0804495641055936
11.527649987,1.080365788301498
11.529533358,1.0802401245953543
11.53164853,1.080107479572203
11.533695484,1.080107479572203
11.535850459,1.0800376664021232
11.537637884,1.0800376664021232
11.5396388,1.0798631334769238
11.541656409000002,1.07973746977078
11.543651857,1.0798770961109396
11.545638246000001,1.080058610353147
11.547710373000001,1.0801214422062189
11.549715048000001,1.0801842740592906
11.551652829,1.0802261619613385
11.553742470000001,1.0803378630334661
11.555643266,1.0803378630334661
11.557594149000002,1.0804216388375618
11.55955355,1.0807288167859128
11.561854581,1.0808544804920563
11.563593741,1.0808544804920563
11.565562164000001,1.080973162881192
11.567557402,1.0809871255152081
11.569641012,1.0809871255152081
11.571571551,1.080994106832216
11.57404971,1.0808544804920563
11.57595637,1.0808544804920563
11.577715351,1.0808544804920563
11.57971498,1.0807846673219768
11.581744047,1.0807288167859128
11.583617957000001,1.0806031530797693
11.585586498000001,1.0804495641055936
11.587687990000001,1.0803239003994503
11.589600572,1.0802401245953543
11.591626969,1.0801563487912587
11.593884778000001,1.0802401245953543
11.595819672000001,1.0802401245953543
11.597708596,1.0802052180103145
11.599669906,1.080086535621179
11.601750725,1.080100498255195
11.603613146,1.080100498255195
11.605620996,1.080107479572203
11.607574868,1.0801423861572428
11.609583058,1.0801842740592906
11.611560630000001,1.0801982366933065
11.613930991,1.0801982366933065
11.615796753000001,1.0801982366933065
11.617647087,1.0801842740592906
11.619598213000002,1.0801563487912587
11.621629187,1.0801842740592906
11.62354243,1.0801842740592906
11.625639695,1.0801842740592906
11.627593497000001,1.0802261619613385
11.629684084,1.0801842740592906
11.631709189,1.0802261619613385
11.633879451,1.0802052180103145
11.635706496000001,1.0802052180103145
11.637606306,1.080079554304171
11.639576609,1.0798561521599157
11.641661694000002,1.0797304884537722
11.64371477,1.079716525819756
11.645740495,1.07977237635582
11.64761751,1.07977237635582
11.649678109,1.079793320306844
11.651699243000001,1.080023703768107
11.653903428000001,1.080058610353147
11.655631218,1.080058610353147
11.657665753,1.0801633301082667
11.659613588000001,1.0801633301082667
11.661667696,1.0804914520076419
11.663592191000001,1.0807707046879609
11.665548892,1.0808265552240244
11.667689033,1.0808335365410324
11.669583864000002,1.0807707046879609
11.671711241,1.080749760736937
11.673615703000001,1.080707872834889
11.675719303000001,1.080707872834889
11.67760877,1.0805891904457532
11.679610514,1.080365788301498
11.681565004000001,1.080302956448426
11.683545432,1.080302956448426
11.685551659000001,1.080379750935514
11.687789089,1.080386732252522
11.689584202,1.080386732252522
11.691586387000001,1.0802820124974024
11.693843300000001,1.0802052180103145
11.695803361000001,1.0802052180103145
11.697700389000001,1.0802052180103145
11.699632878000001,1.0802471059123624
11.701675628,1.080302956448426
11.703740158,1.080386732252522
11.705669293000001,1.080386732252522
11.707571442,1.0804844706906338
11.709575265000002,1.080665984932841
11.711532324,1.0806450409818171
11.713720221,1.0806520222988252
11.715869625,1.0806520222988252
11.717831203000001,1.080665984932841
11.719634174000001,1.080714854151897
11.721741688000002,1.0807288167859128
11.723636791,1.0807288167859128
11.725596469000001,1.0807637233709528
11.727589265,1.0807707046879609
11.729810007000001,1.0807916486389846
11.73178174,1.080693910200873
11.733815538,1.0807288167859128
11.735780683000002,1.0807288167859128
11.737773538,1.080686928883865
11.73974491,1.0805822091287454
11.741765587000002,1.0805682464947293
11.743838507000001,1.0805263585926816
11.745615992000001,1.0805263585926816
11.747766162000001,1.0805682464947293
11.749651855000002,1.0805822091287454
11.751553398,1.0805682464947293
11.753822516000001,1.0805822091287454
11.755758202,1.0805822091287454
11.757770410000001,1.0805822091287454
11.759775707000001,1.0805822091287454
11.761783253,1.0805263585926816
11.76372308,1.0805891904457532
11.765837819000001,1.080714854151897
11.767744903,1.0809382562961523
11.769751405000001,1.080994106832216
11.771792485,1.0811197705383597
11.774091270000001,1.0810778826363117
11.775816398,1.0810778826363117
11.777891392,1.0810778826363117
11.779722851,1.0810778826363117
11.781702483,1.0810709013193036
11.783771579000001,1.0808684431260724
11.785702786,1.0808684431260724
11.787640669,1.0808265552240244
11.789592690000001,1.0808474991750483
11.791595574,1.0807637233709528
11.793670636,1.080686928883865
11.795758045000001,1.080686928883865
11.797722440000001,1.0804914520076419
11.799641956,1.0804914520076419
11.801659953000001,1.0802401245953543
11.803765888000001,1.0800655916701551
11.806331932,1.0800655916701551
11.8077321,1.0799399279640114
11.809761612,1.0799399279640114
11.811697134000001,1.0798561521599157
11.813927326,1.0799399279640114
11.815870804000001,1.0799399279640114
11.817714614000002,1.0799818158660592
11.819810154,1.0799818158660592
11.821746554,1.080058610353147
11.82371253,1.0802889938144102
11.825789421000001,1.0803239003994503
11.827894133000001,1.0804216388375618
11.829783532,1.080400694886538
11.83177406,1.080400694886538
11.83388055,1.0805054146416577
11.835867213,1.0805054146416577
11.837724085000001,1.0804844706906338
11.839760127,1.0804844706906338
11.841747226,1.0804216388375618
11.843713878,1.08035880698449
11.846209293000001,1.0801982366933065
11.847678957000001,1.0801982366933065
11.849743067,1.080086535621179
11.851584677,1.0799329466470033
11.853766561,1.0799329466470033
11.855777151000002,1.0796746379177082
11.857702179,1.0796746379177082
11.859732111000001,1.0795280302605408
11.861567673000001,1.0793744412863653
11.863659971,1.0792557588972298
11.865742225,1.079144057825102
11.867651553,1.0790533007039982
11.86971061,1.0790533007039982
11.871761432000001,1.0790323567529743
11.873780954,1.0792278336291978
11.875640725,1.0792278336291978
11.877602183,1.0793674599693572
11.879651359,1.0795350115775488
11.881612932000001,1.0795350115775488
11.883585081000001,1.0796187873816445
11.885587743,1.0799399279640114
11.887572114000001,1.0801423861572428
11.88964469,1.0802261619613385
11.891547432000001,1.0802610685463785
11.893678035,1.0802889938144102
11.895698369000002,1.0802889938144102
11.897662879,1.0801423861572428
11.89959073,1.0801423861572428
11.901592617,1.0799399279640114
11.903541614,1.0798003016238518
11.905575417000001,1.0796536939666843
11.907579342,1.079437273139437
11.909649276000001,1.0793534973353414
11.911741558000001,1.0792557588972298
11.913767688,1.079213870995182
11.915825525,1.079130095191086
11.917650527000001,1.079130095191086
11.9195869,1.079130095191086
11.921587757000001,1.0791650017761258
11.923645526000001,1.079171983093134
11.925688389000001,1.0792767028482537
11.927629439,1.0793884039203812
11.929646306,1.079493123675501
11.931633567,1.0798003016238518
11.93361173,1.0799329466470033
11.935862148,1.0799399279640114
11.937919161,1.079995778500075
11.939773637,1.079995778500075
11.941701206000001,1.080135404840235
11.943845158,1.0802401245953543
11.945708513000001,1.0802401245953543
11.947725824,1.0802401245953543
11.949710382000001,1.0802401245953543
11.951587575000001,1.0802052180103145
11.953656737000001,1.080086535621179
11.955684484,1.080086535621179
11.957815847,1.0799608719150353
11.959649402,1.0799608719150353
11.961713362000001,1.0796536939666843
11.963563852,1.0793674599693572
11.965730633000002,1.079144057825102
11.967616992,1.0789485809488786
11.969664063000002,1.078822917242735
11.971665379000001,1.0785855524644639
11.97368984,1.0784249821732803
11.976021319,1.078201580029025
11.977692071,1.078201580029025
11.979705579,1.0781387481759535
11.981625857000001,1.077894402080674
11.983660036000002,1.0777338317894907
11.9856996,1.0776919438874426
11.987636685,1.0777477944235065
11.989654947,1.0777477944235065
11.99164983,1.0777966636425622
11.993833432,1.0778385515446103
11.99565164,1.0778385515446103
11.997678582,1.0776640186194109
11.999697305000002,1.0776640186194109
12.001723695,1.077307971452004
12.003616894,1.077231176964916
12.005724067000001,1.0771404198438126
12.007748655,1.0770566440397167
12.009660478,1.0770217374546769
12.011593705000001,1.0769589056016051
12.013675427,1.0768821111145175
12.015668762,1.0768821111145175
12.017648174000001,1.076721540823334
12.019634759,1.076721540823334
12.021621075,1.0765819144831743
12.023585515,1.0764283255089988
12.025566307,1.076379456289943
12.027555299000001,1.0763166244368711
12.029672899000001,1.0762956804858472
12.032338989000001,1.0762956804858472
12.033742756,1.076372474972935
12.035670515000001,1.076372474972935
12.037661023,1.076330587070887
12.039643698,1.0764283255089988
12.041602575,1.0765330452641184
12.043570966,1.0765819144831743
12.045572453,1.076679652921286
12.04761229,1.0767634287253818
12.049898889000001,1.0768541858464855
12.051587093,1.0768541858464855
12.05377488,1.076944942967589
12.055653148000001,1.076944942967589
12.057642148000001,1.076923999016565
12.059636301000001,1.0769170176995573
12.06188464,1.0768611671634936
12.063609138,1.0768611671634936
12.065593694,1.0768611671634936
12.067580433000002,1.0766377650192382
12.069592858,1.0765400265811265
12.071564042,1.076379456289943
12.073749389000001,1.0761979420477354
12.075751566000001,1.0761979420477354
12.077627079,1.076030390439544
12.079647591,1.0757930256612729
12.081584808,1.0755486795659936
12.083655911000001,1.0754788663959138
12.085559038000001,1.0755835861510337
12.087527913,1.0756813245891452
12.089590304000001,1.075765100393241
12.091559984,1.0758488761973368
12.093687782,1.0758907640993847
12.095737759,1.0758907640993847
12.097638172,1.07604435307356
12.099611477000002,1.0764562507770308
12.101609821,1.0765819144831743
12.103712673,1.0767145595063259
12.105571221,1.0767773913593977
12.107617184,1.0767564474083737
12.109679245,1.0767634287253818
12.111745536,1.076672671604278
12.113811419000001,1.0766028584341982
12.115742518000001,1.0766028584341982
12.117694212,1.0764143628749827
12.119561159000002,1.0762119046817515
12.121612363,1.076072278341592
12.123660456000001,1.076065297024584
12.125638185000001,1.076051334390568
12.127638566,1.0759326520014323
12.129560622000001,1.0758837827823766
12.131557219000001,1.0759466146354484
12.13375004,1.076051334390568
12.135741613,1.076051334390568
12.13764963,1.07604435307356
12.139688454000002,1.07604435307356
12.141571238000001,1.0762537925837996
12.143558078000002,1.0764283255089988
12.145750582000002,1.0764981386790786
12.147578869,1.0765539892151423
12.149773221,1.0765958771171902
12.151672327,1.0766028584341982
12.153827409000002,1.076672671604278
12.155641361,1.076672671604278
12.157699677,1.0766517276532541
12.159658293000001,1.0766028584341982
12.161618143,1.0765819144831743
12.163589532000001,1.0765190826301025
12.165757738,1.0764702134110467
12.167613796000001,1.0762747365348233
12.169653629,1.0761909607307274
12.171561063,1.07611416624364
12.173939983,1.076030390439544
12.175760558,1.076030390439544
12.177854496,1.0759954838545043
12.179816222000001,1.0758209509293049
12.181615497000001,1.0758209509293049
12.183648565,1.0757301938082011
12.185616389000002,1.0756254740530815
12.187652335000001,1.0756883059061533
12.189618745,1.0757022685401691
12.191711304,1.0757301938082011
12.194081089,1.075772081710249
12.195893465000001,1.075772081710249
12.197755885000001,1.0759466146354484
12.199726442000001,1.076030390439544
12.201708692,1.0760094464885204
12.203622896,1.0759745399034801
12.205591728,1.076051334390568
12.207617009000002,1.0761700167797035
12.209682663,1.0762677552178155
12.211570763000001,1.0765749331661663
12.213861736,1.07670059687231
12.215748328,1.07670059687231
12.217706349,1.076672671604278
12.219673455,1.0764492694600227
12.221633988,1.0762747365348233
12.223597437,1.076051334390568
12.225653657,1.07604435307356
12.227924196,1.0759954838545043
12.229722141,1.0759954838545043
12.23159891,1.0759535959524562
12.233815986000002,1.0758628388313527
12.235885024,1.0758628388313527
12.237812096,1.0758209509293049
12.239610048000001,1.0758209509293049
12.241615693,1.0758698201483607
12.243696250000001,1.0759326520014323
12.245654303,1.0759885025374962
12.247577649,1.0760094464885204
12.24955315,1.076030390439544
12.251699673000001,1.0759885025374962
12.253577267,1.076065297024584
12.255748045,1.0761281288776559
12.257633502000001,1.0761281288776559
12.259643088,1.0761490728286798
12.261553869,1.0761909607307274
12.263682877,1.0762468112667916
12.265595382,1.0762328486327755
12.267714459,1.0761700167797035
12.269702184000002,1.0761700167797035
12.271566216,1.076072278341592
12.273729537000001,1.0759047267334005
12.276094751,1.0759047267334005
12.277647668,1.0757930256612729
12.279777114000002,1.0756673619551291
12.281640195000001,1.0755835861510337
12.283951625,1.0756464180041054
12.285621224000002,1.0756464180041054
12.287594298,1.0755696235170176
12.289621315000002,1.0755975487850495
12.291571069000002,1.0755067916639458
12.293903038000002,1.075443959810874
12.29586388,1.075443959810874
12.297947537,1.0753671653237864
12.299703240000001,1.075464903761898
12.301701215000001,1.0755975487850495
12.303580249000001,1.0757092498571772
12.305696617,1.0758488761973368
12.307665527000001,1.0760094464885204
12.309690315000001,1.0762119046817515
12.311676034000001,1.076330587070887
12.313665576,1.0764562507770308
12.315759774,1.0764562507770308
12.317632082000001,1.0764702134110467
12.319593657,1.0764702134110467
12.321629875000001,1.076330587070887
12.323654027,1.0761979420477354
12.325589451,1.076135110194664
12.327843685000001,1.076135110194664
12.329757780000001,1.076030390439544
12.331600272000001,1.076051334390568
12.334050683000001,1.0759954838545043
12.335679545000001,1.0759954838545043
12.337711449,1.0758488761973368
12.339623472000001,1.0755696235170176
12.341667579000001,1.0755277356149697
12.343557995000001,1.0754998103469378
12.345587915000001,1.075443959810874
12.347569505000001,1.0755486795659936
12.349541867000001,1.0757022685401691
12.351592969,1.0758907640993847
12.353655045,1.0759954838545043
12.355772509000001,1.076030390439544
12.357633632,1.076030390439544
12.359623335,1.0761909607307274
12.361565351000001,1.076393418923959
12.3635844,1.076393418923959
12.365573474000001,1.0764562507770308
12.367553544000002,1.0765190826301025
12.369581289000001,1.0764911573620708
12.371583013,1.0765190826301025
12.373647038000001,1.0765330452641184
12.375726601,1.0765330452641184
12.377640365000001,1.0764283255089988
12.379631378000001,1.0762328486327755
12.381545777000001,1.0761281288776559
12.383563108,1.0759745399034801
12.385566777000001,1.0758488761973368
12.387654547,1.075765100393241
12.389608569,1.0755835861510337
12.391649126,1.0754998103469378
12.393896309,1.0753811279578023
12.395739852,1.0753811279578023
12.397681077000001,1.0751158379114991
12.399740779,1.0750180994733876
12.401824913,1.0750180994733876
12.403772453,1.0750180994733876
12.405591892,1.0749762115713397
12.407657658000002,1.0750320621074034
12.409592424000001,1.0751996137155948
12.411559358000002,1.0753392400557542
12.413693713,1.0755416982489856
12.415769912,1.0755416982489856
12.41787296,1.0755975487850495
12.419740776000001,1.0758628388313527
12.421611599,1.07611416624364
12.423590943,1.0762677552178155
12.425887777000002,1.076309643119863
12.427695562,1.0762677552178155
12.429576111000001,1.0762258673157676
12.431599738000001,1.0760094464885204
12.433857569,1.0756813245891452
12.435667173,1.0756813245891452
12.437834926,1.075520754297962
12.439961073000001,1.075520754297962
12.441609307,1.0755626422000095
12.443567865,1.07545792244489
12.445842532,1.075436978493866
12.447719099,1.075416034542842
12.449728077000001,1.0753182961047303
12.451705738000001,1.0752973521537064
12.453923035,1.0752764082026827
12.455735001,1.0752764082026827
12.457787306,1.0753811279578023
12.459623111,1.0755277356149697
12.461594865,1.0756603806381213
12.463731789,1.0757860443442648
12.465583765000002,1.0759256706844242
12.467624357,1.076086240975608
12.469577037,1.076030390439544
12.471601868,1.076065297024584
12.473784890000001,1.076135110194664
12.475724232000001,1.076135110194664
12.477621328000001,1.07611416624364
12.479583504,1.0760932222926158
12.481847106,1.0760094464885204
12.483621296,1.0760094464885204
12.485606545000001,1.0759117080504084
12.487614634000002,1.0756394366870974
12.489780912,1.0755416982489856
12.491646397,1.07545792244489
12.493879458,1.0753462213727623
12.495746799,1.0753462213727623
12.497677833000001,1.075136781862523
12.499718985000001,1.075080931326459
12.501942935,1.075080931326459
12.503626212,1.0749971555223636
12.505730320000001,1.0746969588910202
12.507664727000002,1.0746271457209406
12.509616036,1.0745084633318052
12.511561069,1.0744107248936934
12.51396781,1.0744107248936934
12.515717862,1.0742501546025098
12.517697937000001,1.074229210651486
12.519789932,1.0743618556746377
12.521757397,1.0743618556746377
12.523637324000001,1.0747109215250363
12.525780164,1.0749762115713397
12.527702181,1.075101875277483
12.529880091,1.0753671653237864
12.531792859000001,1.0758628388313527
12.534083692000001,1.0760234091225362
12.535759647,1.0760234091225362
12.537676162,1.076135110194664
12.539735096000001,1.0762537925837996
12.541862608,1.0762747365348233
12.543632471,1.0762328486327755
12.545853722,1.076086240975608
12.547738664,1.0758837827823766
12.549629983,1.075723212491193
12.551658065000002,1.0757092498571772
12.553906526,1.0756464180041054
12.555751538,1.0756464180041054
12.557662513,1.075464903761898
12.559730945,1.0752833895196905
12.561559947000001,1.0752345203006348
12.563854331,1.0752554642516587
12.565732476,1.0752833895196905
12.567565952,1.0753811279578023
12.569810135,1.075443959810874
12.571750358000001,1.075443959810874
12.573766835,1.0755067916639458
12.576120872,1.0756464180041054
12.577752972,1.0756464180041054
12.579648153,1.0756883059061533
12.581755456000002,1.0757022685401691
12.583576085,1.0757092498571772
12.585713100000001,1.075772081710249
12.587643386000002,1.075772081710249
12.589834565,1.075744156442217
12.591663094000001,1.0756883059061533
12.593785921,1.0756673619551291
12.595770449000002,1.0756673619551291
12.597749186000001,1.0755835861510337
12.599698794,1.0754230158598501
12.601614104000001,1.0753252774217383
12.603609196,1.0751926323985868
12.605631591000002,1.075080931326459
12.607710008000002,1.0750320621074034
12.6096745,1.0750111181563795
12.611590407000001,1.0750111181563795
12.613872554,1.075080931326459
12.615667176,1.075080931326459
12.617619262000002,1.0750599873754352
12.619626913000001,1.075143763179531
12.621884348,1.0752764082026827
12.623597254000002,1.0752764082026827
12.625601712,1.0753950905918181
12.627610977000002,1.0754858477129219
12.629644177000001,1.0756673619551291
12.631623571,1.0758698201483607
12.633847167,1.0759535959524562
12.635641489000001,1.0759535959524562
12.637654293,1.076051334390568
12.63983666,1.0761909607307274
12.641771099000001,1.0761909607307274
12.643726517000001,1.0762119046817515
12.645730376000001,1.07604435307356
12.647661465,1.0759256706844242
12.64962307,1.0758907640993847
12.651565282,1.0757930256612729
12.653697589,1.0757301938082011
12.655707192000001,1.0757301938082011
12.657653027,1.075751137759225
12.659621156,1.075751137759225
12.661625520000001,1.0756673619551291
12.663569829,1.0754998103469378
12.665536066000001,1.075464903761898
12.667573027000001,1.0755626422000095
12.669628605000002,1.0755975487850495
12.671592389,1.0757092498571772
12.673771444000002,1.075751137759225
12.675816374,1.075751137759225
12.677667714,1.0758069882952888
12.679704739,1.0758069882952888
12.681745254,1.0759117080504084
12.683594819000001,1.0761979420477354
12.685628496000001,1.0761979420477354
12.687686491000001,1.0762468112667916
12.689753752000001,1.0762119046817515
12.691727093,1.0761979420477354
12.693683255000002,1.0761281288776559
12.69567902,1.0761281288776559
12.697631759,1.076072278341592
12.699591711,1.0759256706844242
12.701627278,1.0758488761973368
12.703573830000002,1.075744156442217
12.705545709,1.0756184927360735
12.707633771000001,1.0754788663959138
12.709665794000001,1.0753043334707144
12.711634478,1.0753252774217383
12.713898372000001,1.0751996137155948
12.715723231,1.0751996137155948
12.717631265000001,1.075080931326459
12.719822516,1.0750530060584271
12.721717247,1.0750599873754352
12.723628438,1.075136781862523
12.725800356,1.075122819228507
12.727851266,1.075136781862523
12.729628632,1.0753182961047303
12.731621291000002,1.075443959810874
12.733796186000001,1.0755416982489856
12.735708815,1.0755416982489856
12.737635316,1.0755975487850495
12.739639867000001,1.0758628388313527
12.741755278000001,1.0759885025374962
12.743622638000002,1.076107184926632
12.745680373,1.0762258673157676
12.747596261,1.0761700167797035
12.749805811000002,1.0759745399034801
12.751891842000001,1.0757930256612729
12.753844990000001,1.0756673619551291
12.755999739,1.0756673619551291
12.757722622000001,1.0755696235170176
12.759705991,1.0753252774217383
12.761805857,1.0752205576666187
12.763788536000002,1.075073950009451
12.765773914,1.0749552676203156
12.767696675000002,1.0749971555223636
12.769587175000002,1.0749971555223636
12.771786991,1.0749622489373236
12.773842671,1.075080931326459
12.7757234,1.075080931326459
12.777670717000001,1.075164707130555
12.779724719,1.075464903761898
12.781685087000001,1.0755067916639458
12.783643567,1.0756184927360735
12.785655114,1.0756673619551291
12.787540476,1.075765100393241
12.789593899000002,1.0758069882952888
12.791769911000001,1.0758488761973368
12.793722681,1.0758488761973368
12.795724863,1.0758488761973368
12.797608931000001,1.0758488761973368
12.799615735000001,1.075765100393241
12.80159699,1.075744156442217
12.803581739,1.0756603806381213
12.805595228000001,1.0755696235170176
12.807583000000001,1.0755416982489856
12.809616764000001,1.0753811279578023
12.811566460000002,1.0753043334707144
12.813708418000001,1.0752554642516587
12.815733599000001,1.0752554642516587
12.817668182,1.0751786697645709
12.819595857000001,1.075080931326459
12.821642507,1.0750180994733876
12.823571066000001,1.075073950009451
12.825726693,1.0750599873754352
12.827610314000001,1.0750599873754352
12.829625554000001,1.0749622489373236
12.831700750000001,1.0749762115713397
12.833741847,1.0749413049862997
12.835796649,1.0749413049862997
12.837645717000001,1.075073950009451
12.839717940000002,1.0753392400557542
12.841659556000002,1.0755067916639458
12.843584009,1.0755067916639458
12.845600956,1.0754998103469378
12.847620887000001,1.0756464180041054
12.849579053000001,1.075751137759225
12.851583611,1.0759535959524562
12.853686598000001,1.0759675585864723
12.855728666000001,1.0759675585864723
12.857643716,1.0760234091225362
12.859636448000002,1.0758907640993847
12.861875829,1.075772081710249
12.863725934000001,1.0755835861510337
12.865862872000001,1.0754998103469378
12.867631555,1.075443959810874
12.86962759,1.0753252774217383
12.871573696,1.0752345203006348
12.873694369,1.0750948939604752
12.875854471,1.0750948939604752
12.877674460000001,1.0749901742053556
12.879649052000001,1.0749622489373236
12.881624461000001,1.074878473133228
12.883568175,1.0746969588910202
12.885598389,1.074487519380781
12.88756659,1.0745084633318052
12.889612922000001,1.0746550709889726
12.891598937000001,1.07483658523118
12.893720176,1.0749413049862997
12.895738794000001,1.0749413049862997
12.897642987000001,1.075122819228507
12.899696330000001,1.0753950905918181
12.901686789000001,1.0754998103469378
12.903605643,1.0754858477129219
12.905559154,1.0754788663959138
12.907581018,1.075443959810874
12.909546087,1.075416034542842
12.911592886000001,1.075416034542842
12.913679773,1.0752833895196905
12.915701988,1.0752833895196905
12.917703327000002,1.0751786697645709
12.919645696000002,1.0751786697645709
12.921580411,1.0747597907440924
12.923615942000001,1.074536388599837
12.925659066000001,1.074536388599837
12.927638358000001,1.0744037435766853
12.929587407000001,1.0743060051385738
12.931644709,1.07418034143243
12.933894848000001,1.0741105282623504
12.935795652000001,1.0741105282623504
12.937840076,1.0741663787984141
12.939747959,1.0743129864555818
12.941688055,1.0744316688447173
12.943731517000002,1.074536388599837
12.945732376,1.0748086599631481
12.947656953000001,1.0748924357672438
12.949705905,1.0750530060584271
12.951683387000001,1.0753671653237864
12.953941590000001,1.0755416982489856
12.955878493,1.0755416982489856
12.957889415,1.0756394366870974
12.959910426,1.0757860443442648
12.962062745,1.0757860443442648
12.963755894,1.0757930256612729
12.965788454,1.075744156442217
12.967571368000002,1.0756464180041054
12.969655900000001,1.0757022685401691
12.971608919000001,1.0757301938082011
12.973654727000001,1.0758418948803288
12.975736942000001,1.0758418948803288
12.977634076000001,1.0757930256612729
12.979588022000002,1.0756883059061533
12.981600479,1.075723212491193
12.983595537000001,1.0756883059061533
12.985615107000001,1.0756883059061533
12.987739084000001,1.0757930256612729
12.98959533,1.0757930256612729
12.991594968000001,1.0758698201483607
12.993685763,1.0759256706844242
12.995714778,1.0759256706844242
12.997721545000001,1.0759535959524562
12.999592095,1.0759675585864723
13.001611926,1.0759535959524562
13.003677234000001,1.075827932246313
13.005582907,1.0758628388313527
13.007622663000001,1.0758837827823766
13.009613998,1.0759745399034801
13.011569691,1.0759117080504084
13.013876369,1.0759117080504084
13.015726938,1.0759117080504084
13.017633377000001,1.0759675585864723
13.019638913000001,1.0759954838545043
13.021616470000001,1.076051334390568
13.024002131000001,1.0761281288776559
13.025790675000001,1.0762537925837996
13.027852152000001,1.076337568387895
13.029725247,1.0764143628749827
13.0319099,1.0764702134110467
13.033816958000001,1.0764702134110467
13.035795157,1.0764492694600227
13.037612251,1.0764492694600227
13.039727312,1.0765819144831743
13.041719622,1.0765121013130947
13.043609947,1.0764143628749827
13.045712755,1.0764004002409668
13.047717185000002,1.0764004002409668
13.049590697000001,1.076372474972935
13.05155955,1.076330587070887
13.053715477,1.0762677552178155
13.055862831,1.076065297024584
13.057743264,1.076065297024584
13.059707346000001,1.0759466146354484
13.061735761000001,1.0759047267334005
13.063747482,1.0758209509293049
13.065610945000001,1.0758698201483607
13.067752917,1.0758837827823766
13.069656249000001,1.0758488761973368
13.071637046000001,1.0757930256612729
13.073702295,1.075723212491193
13.075701784000001,1.075723212491193
13.077643947,1.0755975487850495
13.079578998,1.0753462213727623
13.081564695,1.0753182961047303
13.083592215000001,1.0753462213727623
13.085590702000001,1.075416034542842
13.087565470000001,1.0755067916639458
13.089608307,1.0756254740530815
13.091589545000001,1.0755975487850495
13.093663679,1.0756673619551291
13.095795583000001,1.0756673619551291
13.097643046,1.0756883059061533
13.099567183000001,1.075772081710249
13.10162058,1.0758069882952888
13.103591869,1.0758628388313527
13.105584589000001,1.0759117080504084
13.107571027,1.0759535959524562
13.109563363000001,1.0758837827823766
13.111545092,1.0759256706844242
13.113736206,1.0758698201483607
13.115667083,1.0758698201483607
13.117633538000002,1.0757860443442648
13.119640086,1.0757301938082011
13.121573131000002,1.0757022685401691
13.123563298,1.0755626422000095
13.125680191,1.0755277356149697
13.127695756000001,1.075436978493866
13.129656498000001,1.0753601840067784
13.131707323,1.0752205576666187
13.134058922000001,1.075157725813547
13.135839855,1.075157725813547
13.137721287000002,1.075136781862523
13.13978965,1.075073950009451
13.14157911,1.0750599873754352
13.143644411,1.075080931326459
13.145668646,1.075080931326459
13.147624129,1.075136781862523
13.14974658,1.075073950009451
13.151731489000001,1.075080931326459
13.15394212,1.075080931326459
13.155943610000001,1.075080931326459
13.157858564000001,1.075122819228507
13.159748214,1.0751996137155948
13.161857168000001,1.0752345203006348
13.163781691,1.0752345203006348
13.165761225,1.0752764082026827
13.167586093,1.0754230158598501
13.169610208000002,1.0754998103469378
13.171584937,1.0755835861510337
13.173706338,1.0755835861510337
13.175753916000001,1.0756673619551291
13.177632635,1.0756673619551291
13.179603306,1.0759326520014323
13.181627231,1.0761281288776559
13.183615097,1.0762956804858472
13.185575058000001,1.0762677552178155
13.187608498000001,1.0762258673157676
13.189647563000001,1.076086240975608
13.191563508000002,1.076065297024584
13.193726774,1.0759117080504084
13.195716622,1.0759117080504084
13.197637687,1.075744156442217
13.199634477,1.075416034542842
13.201584246000001,1.0753392400557542
13.203611236,1.075164707130555
13.205564825000002,1.074857529182204
13.207722973000001,1.0746899775740124
13.209640291000001,1.0745573325508608
13.211730106000001,1.074466575429757
13.213736082,1.0743618556746377
13.215853781000002,1.0743618556746377
13.217700423,1.0742920425045577
13.219606658,1.0742920425045577
13.221612343,1.0742920425045577
13.22358539,1.0744107248936934
13.225569830000001,1.0743897809426695
13.227592691000002,1.0743897809426695
13.229597906,1.0743897809426695
13.231593504000001,1.0744107248936934
13.233650731000001,1.0743269490895977
13.235696369000001,1.0743269490895977
13.237681917000002,1.074466575429757
13.239691070000001,1.0746341270379487
13.241679190000001,1.0746480896719646
13.243626441,1.0745922391359009
13.245593188,1.0744735567467651
13.247824322000001,1.0744316688447173
13.249659402,1.0744316688447173
13.251559467000002,1.0742920425045577
13.253670424000001,1.074201285383454
13.255681248,1.074201285383454
13.257612188000001,1.0741663787984141
13.259607839000001,1.0741663787984141
13.261644949,1.0740476964092784
13.263556731000001,1.074159397481406
13.265555783000002,1.074208266700462
13.267610900000001,1.0742920425045577
13.269647512,1.0744107248936934
13.271626229,1.0746480896719646
13.273802703000001,1.0746480896719646
13.275736163000001,1.0747528094270844
13.277629913,1.0747528094270844
13.279651750000001,1.0747388467930685
13.281577462000001,1.0747597907440924
13.283584141,1.0747318654760605
13.285636968,1.074857529182204
13.287588839000001,1.0749622489373236
13.289600116,1.0749901742053556
13.291567706,1.0750111181563795
13.293851181,1.0749552676203156
13.295728065,1.0749552676203156
13.297656173,1.074829603914172
13.299571582,1.074850547865196
13.301614138000001,1.074815641280156
13.303602684000001,1.0747737533781083
13.305715271,1.0747597907440924
13.307552132000001,1.07483658523118
13.309599518,1.0749133797182677
13.31154556,1.0749901742053556
13.313873304000001,1.0750530060584271
13.315815651000001,1.0750530060584271
13.317710979000001,1.075073950009451
13.319812070000001,1.075080931326459
13.321669809000001,1.075080931326459
13.323703937000001,1.075122819228507
13.325613584000001,1.0752764082026827
13.327650467000002,1.0753043334707144
13.329648137000001,1.0753252774217383
13.331612325,1.0752833895196905
13.333790362,1.0752624455686668
13.335746342,1.0752624455686668
13.337689679,1.0752205576666187
13.339674608000001,1.0750948939604752
13.341877259,1.0750599873754352
13.343825263000001,1.075122819228507
13.345796917000001,1.0750180994733876
13.347702324,1.0749133797182677
13.349791461,1.074829603914172
13.351907373000001,1.0747318654760605
13.354016298000001,1.0746480896719646
13.355784884,1.0746480896719646
13.357767701,1.074529407282829
13.359741084000001,1.074529407282829
13.361733737000002,1.0743339304066057
13.363703322000001,1.0740476964092784
13.365619332000001,1.073956939288175
13.367725789000001,1.0738871261180951
13.369663548,1.0737056118758876
13.371862874000001,1.07359391080376
13.373793636,1.07359391080376
13.375824657,1.073600892120768
13.377797775000001,1.073600892120768
13.379608534,1.0737056118758876
13.381591169,1.0737963689969912
13.383599546000001,1.0738661821670712
13.385615713,1.0740686403603024
13.387700223000001,1.074243173285502
13.389748162,1.0743129864555818
13.391713796000001,1.0743618556746377
13.393664393000002,1.074494500697789
13.395696545000002,1.074494500697789
13.397655446000002,1.074571295184877
13.399614533000001,1.0744456314787332
13.401790711,1.0743827996256616
13.403627214,1.0743827996256616
13.405631969000002,1.0743269490895977
13.407602624,1.0742850611875496
13.409808036000001,1.0741244908963665
13.411769418,1.0740058085072308
13.414070241000001,1.073956939288175
13.415720004,1.073956939288175
13.417701782,1.073922032703135
13.419683652000002,1.0739429766541588
13.421650854000001,1.0739778832391988
13.423606888,1.0740197711412467
13.425584565000001,1.0741105282623504
13.427657420000001,1.074201285383454
13.429598376000001,1.0742850611875496
13.431602644000002,1.0743827996256616
13.433646597000001,1.0744316688447173
13.435787023000001,1.0744246875277093
13.437623398000001,1.0744246875277093
13.439679537,1.0743688369916455
13.441759588,1.0742222293344779
13.443709204000001,1.0742222293344779
13.445721886000001,1.0741244908963665
13.44760005,1.0741244908963665
13.449602522000001,1.0738382568990392
13.451606511000001,1.0736567426568318
13.453692907,1.073538060267696
13.455724661000001,1.073538060267696
13.457685239000002,1.0733565460254888
13.459632108000001,1.0730982372961937
13.461579832,1.073035405443122
13.463571025,1.072923704370994
13.465606204,1.0728538912009145
13.467640390000001,1.0727491714457948
13.469592134,1.0727421901287868
13.471564958,1.0726235077396513
13.47366929,1.0726444516906752
13.475682173000001,1.0726444516906752
13.477644641000001,1.0726235077396513
13.479605139,1.0725676572035872
13.481643678000001,1.0726863395927229
13.483595092000002,1.0727631340798107
13.485604677000001,1.0728329472498905
13.487645049000001,1.0728329472498905
13.489632862,1.0728957791029623
13.491667701,1.0731750317832813
13.494306046,1.073538060267696
13.495735442,1.073538060267696
13.497654847000002,1.073845238216047
13.49965906,1.0739848645562067
13.501725675000001,1.0739429766541588
13.503712678000001,1.0737963689969912
13.505591224000002,1.07355900421872
13.507819507,1.0731959757343053
13.509761513,1.0729655922730421
13.511608565000001,1.072944648322018
13.513870709,1.0729097417369782
13.515882212000001,1.0729097417369782
13.517897174000002,1.072944648322018
13.519709457000001,1.072930685688002
13.521595291,1.0728538912009145
13.52362113,1.0728469098839066
13.525712447,1.0727631340798107
13.527748814,1.0728259659328825
13.529610973,1.072923704370994
13.531628049,1.073014461492098
13.533799843,1.0731331438812335
13.535759367,1.0731331438812335
13.537721549,1.0732588075873772
13.539778711,1.0735240976336802
13.541776227000001,1.073538060267696
13.543690680000001,1.073621836071792
13.545647714000001,1.0736567426568318
13.547602358,1.0737056118758876
13.549621747000002,1.0736986305588798
13.551668873,1.0736986305588798
13.553849397,1.0736357987058078
13.555842571000001,1.0736357987058078
13.557689620000001,1.07355900421872
13.559703176000001,1.0735171163166723
13.561669275000002,1.0733565460254888
13.563587905,1.0731261625642257
13.565701011000002,1.073014461492098
13.567753613,1.072986536224066
13.569684867000001,1.072986536224066
13.571657728000002,1.07297257359005
13.573839941000001,1.072951629639026
13.575771993,1.072951629639026
13.577774300000002,1.0729655922730421
13.57973636,1.072944648322018
13.581613744,1.07297257359005
13.583646273000001,1.072951629639026
13.585729147,1.07300748017509
13.587781834000001,1.0730982372961937
13.589788347,1.0731680504662733
13.591660801000002,1.0732588075873772
13.593713511,1.0732588075873772
13.595827948,1.0732588075873772
13.597837048,1.0733565460254888
13.599906624,1.0736637239738398
13.601680064000002,1.0736637239738398
13.603743725000001,1.0737265558269116
13.605594431,1.0736637239738398
13.607816509000001,1.07355900421872
13.609781374,1.07355900421872
13.611695349000001,1.0734752284146245
13.613920120000001,1.073279751538401
13.615826122000001,1.073279751538401
13.617769765,1.073279751538401
13.619592621,1.0732588075873772
13.621665984000002,1.0733006954894249
13.623764017000001,1.0732099383683211
13.625663928000002,1.0732308823193453
13.628029081000001,1.0732169196853292
13.629766533000002,1.0732169196853292
13.631668069000002,1.073279751538401
13.633879058000002,1.0734542844636006
13.635860175000001,1.0734542844636006
13.63777611,1.0736357987058078
13.639896189000002,1.07359391080376
13.641816414000001,1.0735240976336802
13.643865343000002,1.0735240976336802
13.645640585,1.07359391080376
13.647857827000001,1.0734333405125764
13.64981794,1.0734333405125764
13.651722427000001,1.0733705086595047
13.653832656,1.0732308823193453
13.656125345000001,1.0732308823193453
13.657798340000001,1.0731331438812335
13.659893657000001,1.07297257359005
13.661636611,1.0728538912009145
13.663625185,1.0727491714457948
13.665648936,1.0727072835437468
13.667656703,1.0727701153968188
13.669725412,1.0727631340798107
13.671679998,1.0727840780308346
13.673850564,1.0727491714457948
13.675897963,1.0727491714457948
13.677669203,1.0727212461777629
13.679607533,1.0727701153968188
13.681595199,1.0727491714457948
13.683588631000001,1.0727491714457948
13.685579867000001,1.0727212461777629
13.687569011,1.072651433007683
13.689630885000001,1.0727072835437468
13.691557306,1.0727631340798107
13.693870898,1.0728957791029623
13.69580715,1.0728957791029623
13.697663281,1.072930685688002
13.699856923,1.07300748017509
13.701808702000001,1.0730284241261139
13.703672718,1.0731261625642257
13.705648609,1.0732378636363533
13.707706856000001,1.0733984339275366
13.709712574000001,1.0734752284146245
13.711617983,1.0735031536826565
13.713851254000001,1.07355900421872
13.715662920000002,1.07355900421872
13.717708749000002,1.0734752284146245
13.719729150000001,1.0731750317832813
13.721702057000002,1.0729935175410739
13.723681394000002,1.0728748351519384
13.725612879000002,1.0728887977859545
13.72761726,1.0728678538349306
13.729629295,1.0727840780308346
13.73166602,1.0727910593478425
13.733869834,1.0728887977859545
13.735903959000002,1.0728887977859545
13.737665003,1.0728538912009145
13.73987231,1.0727421901287868
13.741640309000001,1.0727421901287868
13.743662771,1.0727631340798107
13.745565359,1.0728678538349306
13.747556471000001,1.0729935175410739
13.749633332,1.0730772933451698
13.751577163,1.0731471065152496
13.753861635000002,1.0731750317832813
13.755739089,1.0731750317832813
13.757999118,1.0732518262703692
13.759733540000001,1.0731959757343053
13.761980866,1.0731471065152496
13.763888077,1.0731471065152496
13.765707642,1.0730284241261139
13.767641697,1.072944648322018
13.769945942000001,1.072930685688002
13.771794301000002,1.0729097417369782
13.774011415,1.0728887977859545
13.776088279000001,1.0728887977859545
13.777939862,1.0727072835437468
13.779736972,1.0725676572035872
13.781676462,1.0724908627164997
13.783638873000001,1.0725187879845315
13.785611443,1.0725257693015395
13.787608870000001,1.0725257693015395
13.789705129000001,1.0724908627164997
13.791589685000002,1.0725257693015395
13.793826184,1.0725187879845315
13.795733181000001,1.0725187879845315
13.797740409000001,1.0724629374484678
13.799840818000002,1.072379161644372
13.801662298,1.072379161644372
13.803623321000002,1.0724419934974438
13.805613993000001,1.0724629374484678
13.807576707,1.0725187879845315
13.809663069,1.0725257693015395
13.811592694000002,1.0725397319355554
13.813793872000002,1.0725816198376033
13.815863258,1.0725816198376033
13.817639688000002,1.0727840780308346
13.819607057,1.0731471065152496
13.821641916,1.0731261625642257
13.823671886000001,1.0731471065152496
13.825596087000001,1.0731121999302096
13.827633865000001,1.0731121999302096
13.829701353,1.0730703120281617
13.831715429,1.073014461492098
13.833840059000002,1.07297257359005
13.835841611000001,1.07297257359005
13.837730675000001,1.072930685688002
13.839636565000001,1.072930685688002
13.841628172,1.0729097417369782
13.843613449000001,1.0727491714457948
13.845613152,1.0727910593478425
13.847615061,1.0728259659328825
13.849594711000002,1.0728259659328825
13.851638716,1.0728538912009145
13.854016808,1.0727701153968188
13.855653129,1.0727701153968188
13.85765795,1.0727212461777629
13.859640027000001,1.072651433007683
13.86163707,1.072672376958707
13.863657754,1.0726095451056354
13.865598914000001,1.0725048253505156
13.867571419,1.0725816198376033
13.869598270000001,1.0725397319355554
13.871576874,1.0725886011546113
13.873945626000001,1.0725397319355554
13.875712039000001,1.0725397319355554
13.877764910000002,1.0725816198376033
13.87963154,1.0725816198376033
13.881722254000001,1.0726025637886274
13.883669128000001,1.0725816198376033
13.885565517000002,1.0725816198376033
13.887645947000001,1.0726863395927229
13.889705642000001,1.072728227494771
13.891589326,1.0726444516906752
13.894086772000001,1.0726025637886274
13.895796404,1.0726025637886274
13.897667253000002,1.072665395641699
13.89970403,1.072665395641699
13.901612929,1.0726235077396513
13.903599291,1.0726304890566594
13.905599188,1.0726235077396513
13.907657048,1.0726235077396513
13.90964594,1.072665395641699
13.911740993,1.0727212461777629
13.913765968000002,1.072728227494771
13.915746941,1.072728227494771
13.917644221000002,1.0726863395927229
13.919759265000001,1.0727072835437468
13.921843271,1.072728227494771
13.923636382000002,1.072728227494771
13.925569887,1.0727212461777629
13.927683449000002,1.0728678538349306
13.929621452000001,1.072986536224066
13.931645801,1.0731121999302096
13.933720435000001,1.0731959757343053
13.935724091,1.0731959757343053
13.937623480000001,1.0732378636363533
13.939619941,1.0731889944172972
13.941666115,1.0731540878322574
13.943658546,1.0731261625642257
13.94559583,1.0732099383683211
13.947619708000001,1.073279751538401
13.949647137000001,1.0733356020744649
13.951595915,1.073314658123441
13.953887961000001,1.0732518262703692
13.955678014,1.0732518262703692
13.957629587000001,1.0732169196853292
13.959845640000001,1.0730982372961937
13.961642650000002,1.0731121999302096
13.963608145,1.0731471065152496
13.965632187,1.0731750317832813
13.967602301000001,1.0731261625642257
13.969574534000001,1.0731331438812335
13.971578793,1.0731331438812335
13.973826801000001,1.0731540878322574
13.975701767,1.0731540878322574
13.977655924,1.0731540878322574
13.979632400000002,1.0731331438812335
13.981664940000002,1.0731261625642257
13.983583191000001,1.0730563493941458
13.985753529,1.0730703120281617
13.98766097,1.073035405443122
13.989622907000001,1.0730982372961937
13.991835482,1.0730912559791856
13.993643078000002,1.0730912559791856
13.995713009000001,1.0731331438812335
13.997639188,1.0731331438812335
13.999629956000001,1.0730703120281617
14.001618114000001,1.0729655922730421
14.003575163,1.0728887977859545
14.005563202000001,1.072930685688002
14.007572941000001,1.072944648322018
14.009801272,1.072951629639026
14.011827781000001,1.0729935175410739
14.013687565000001,1.072923704370994
14.015930919,1.072923704370994
14.017667867,1.0727910593478425
14.019579937000001,1.0727421901287868
14.021616346,1.0727421901287868
14.023634069000002,1.0727072835437468
14.025617834,1.0726304890566594
14.02757779,1.072672376958707
14.029571353000001,1.072693320909731
14.031989520000002,1.0727910593478425
14.033632913000002,1.0727910593478425
14.035779965000001,1.0730703120281617
14.037640045000002,1.0730703120281617
14.039639425,1.0734123965615525
14.041609951000002,1.0737056118758876
14.043569201,1.073908070069119
14.045574134,1.0739988271902228
14.047584092000001,1.0739988271902228
14.049573894000002,1.0739848645562067
14.051572214,1.0740058085072308
14.053860158,1.0739639206051828
14.05569357,1.0739639206051828
14.057626894,1.0738801448010873
14.059653412000001,1.0738801448010873
14.061607657000001,1.0734961723656484
14.063594194,1.0732169196853292
14.065577674,1.0730982372961937
14.067604683,1.072986536224066
14.069573413,1.0729935175410739
14.071843449000001,1.072944648322018
14.073817325,1.0730284241261139
14.075754621000002,1.0730284241261139
14.077657952000001,1.073014461492098
14.079635218000002,1.072986536224066
14.081868096000001,1.0730912559791856
14.083895745000001,1.0730912559791856
14.085660508,1.0730703120281617
14.0879785,1.0732588075873772
14.089634555000002,1.0732588075873772
14.091721735,1.0733914526105288
14.093665493000001,1.0734612657806086
14.095709861000001,1.0734612657806086
14.097661555,1.0734822097316326
14.099594533000001,1.0734193778785606
14.101684857,1.0734123965615525
14.103757864,1.0734333405125764
14.105561498,1.0733705086595047
14.107694659000002,1.0733006954894249
14.109594137,1.0732169196853292
14.111627034000001,1.0730563493941458
14.11381098,1.0729097417369782
14.115799284000001,1.0729097417369782
14.117773342000001,1.0728259659328825
14.119673103,1.0726095451056354
14.121814859,1.0724699187654758
14.123753477000001,1.0724699187654758
14.125727942000001,1.0724489748144517
14.127718130000002,1.0727631340798107
14.12977262,1.072986536224066
14.131597562000001,1.0729935175410739
14.133883323000001,1.073014461492098
14.135835452,1.073014461492098
14.137713848,1.073014461492098
14.139706828000001,1.073293714172417
14.141628697000002,1.0734403218295845
14.143614756000002,1.0735171163166723
14.145754638000001,1.073538060267696
14.147595602,1.0735171163166723
14.149736393000001,1.0734333405125764
14.151612720000001,1.073293714172417
14.153948536000001,1.0731750317832813
14.155670393000001,1.0731750317832813
14.157755264,1.0730912559791856
14.159741974000001,1.072930685688002
14.161791421,1.0728120032988666
14.163636072000001,1.0727421901287868
14.165778856000001,1.072728227494771
14.167876928,1.0726863395927229
14.169694015000001,1.0727491714457948
14.171888809,1.0727701153968188
14.173893464,1.0727701153968188
14.175860982000001,1.0727701153968188
14.177675213,1.0728050219818586
14.179702376000002,1.0727701153968188
14.181832768000001,1.0728329472498905
14.183756375000002,1.0727491714457948
14.185834926,1.0726863395927229
14.187707924000001,1.072693320909731
14.189996549000002,1.0727421901287868
14.191703142000001,1.0727421901287868
14.193978467,1.0727421901287868
14.195965471000001,1.0727421901287868
14.197965957000001,1.0727072835437468
14.199821336000001,1.0725606758865793
14.201860608,1.0725257693015395
14.203685483000001,1.0725257693015395
14.205727179,1.0725676572035872
14.207669058,1.0726025637886274
14.209707321000002,1.0725676572035872
14.211777442,1.0726025637886274
14.213969703,1.0726304890566594
14.215849160000001,1.0726304890566594
14.217722504000001,1.072728227494771
14.219771865,1.0727072835437468
14.221740359,1.072693320909731
14.223697358,1.0726025637886274
14.225817989000001,1.0725816198376033
14.22767802,1.0726863395927229
14.229740216000001,1.072728227494771
14.231723662,1.0727491714457948
14.233844401,1.0728120032988666
14.23581071,1.0728120032988666
14.237614908000001,1.0727701153968188
14.239795323000001,1.072930685688002
14.241645265,1.0729655922730421
14.243652489,1.0729935175410739
14.245698306000001,1.0730912559791856
14.247583125,1.0730772933451698
14.249640682,1.0731121999302096
14.251656826000001,1.0730772933451698
14.253772436,1.07300748017509
14.255693466,1.07300748017509
14.257754776,1.072951629639026
14.259711708000001,1.072951629639026
14.261728702000001,1.0727840780308346
14.263765347000001,1.072665395641699
14.265718232000001,1.0726863395927229
14.267615756000001,1.072651433007683
14.269570108000002,1.0726444516906752
14.271825961000001,1.0725606758865793
14.273740835000002,1.0725606758865793
14.27586213,1.0725048253505156
14.277678489000001,1.0725048253505156
14.279802810000001,1.0725816198376033
14.281792944000001,1.0727840780308346
14.283729402,1.0728748351519384
14.285734279000001,1.0729097417369782
14.287718343000002,1.073014461492098
14.289658441,1.07300748017509
14.291813646000001,1.0730703120281617
14.294259613000001,1.0730493680771378
14.295756355000002,1.0730493680771378
14.297810952,1.0730703120281617
14.299905228,1.0730493680771378
14.301925152,1.0730493680771378
14.303664994,1.0729935175410739
14.305838579000001,1.0728678538349306
14.307774099000001,1.0728259659328825
14.309791542000001,1.0728329472498905
14.311771351,1.0728469098839066
14.313816947000001,1.072728227494771
14.315793165,1.072728227494771
14.317646081000001,1.0727491714457948
14.319646489,1.072665395641699
14.321870175,1.072693320909731
14.323678113000001,1.0727491714457948
14.325709357000001,1.0728469098839066
14.327654168,1.072923704370994
14.329553118000002,1.0730703120281617
14.331575729,1.0732099383683211
14.333873605,1.0732518262703692
14.335695177000002,1.0732518262703692
14.337682503000002,1.073279751538401
14.339952977000001,1.0731750317832813
14.34169424,1.0730982372961937
14.343829434000002,1.07300748017509
14.345731987,1.07297257359005
14.347585945,1.0728887977859545
14.349920413000001,1.0727421901287868
14.351653669000001,1.072651433007683
14.353954187000001,1.0726304890566594
14.356069486,1.0726304890566594
14.358013283,1.0726095451056354
14.359626018,1.0724699187654758
14.361896003,1.072400105595396
14.363968355,1.07242104954642
14.365761143,1.0724419934974438
14.367821564000002,1.072379161644372
14.36975357,1.0722884045232681
14.371679858,1.0721557595001168
14.373831655,1.0721208529150767
14.375822218000001,1.0721208529150767
14.377670769000002,1.072065002379013
14.379664243,1.072085946330037
14.381661697,1.0721557595001168
14.383645842000002,1.0722604792552364
14.385566787,1.0723233111083081
14.387731780000001,1.0723233111083081
14.389761399000001,1.0723233111083081
14.391698127000002,1.0722604792552364
14.393936852000001,1.0722604792552364
14.395662208000001,1.0722185913531885
14.397582518,1.0721767034511407
14.399765165000002,1.072065002379013
14.401628115000001,1.072085946330037
14.403645180000002,1.072085946330037
14.405724150000001,1.072044058427989
14.407589686000001,1.072065002379013
14.409548084,1.072065002379013
14.411588111,1.0720231144769652
14.413816644,1.072037077110981
14.415906037000001,1.072037077110981
14.417675351000002,1.0719742452579093
14.419817444000001,1.0719393386728693
14.421775087,1.0718416002347577
14.423594932,1.0718765068197977
14.425777066,1.0719183947218454
14.427596549,1.0718834881368056
14.429620205,1.0718346189177497
14.431626101,1.0717927310157018
14.433800574000001,1.0716740486265661
14.435868025000001,1.0716740486265661
14.437698240000001,1.0716181980905026
14.439681447000002,1.0715553662374306
14.441713081000001,1.0715134783353828
14.443734234,1.0715483849204226
14.445806925000001,1.0715274409693987
14.447650578000001,1.0715553662374306
14.449793653,1.0715553662374306
14.451653074000001,1.0715483849204226
14.453812247,1.0715972541394785
14.455840149,1.0715972541394785
14.457643709000001,1.0715902728224707
14.459679897000001,1.0716391420415265
14.461922327000002,1.0717927310157018
14.463836341,1.0719533013068854
14.465758222000002,1.0721836847681487
14.467655579,1.072344255059332
14.469623523000001,1.0724629374484678
14.471637992000002,1.0725187879845315
14.474211068,1.0726304890566594
14.475643132,1.0726304890566594
14.477689880000002,1.072651433007683
14.47970107,1.0726235077396513
14.481634982000001,1.0726235077396513
14.483615476,1.0726304890566594
14.485591466,1.0725676572035872
14.487621936,1.0724489748144517
14.489677438000001,1.0723023671572842
14.491581570000001,1.0722604792552364
14.494142112,1.0721836847681487
14.495738197000001,1.0721836847681487
14.497662614000001,1.072065002379013
14.499761367000001,1.0718555628687736
14.501721927,1.071757824430662
14.503652955000002,1.0714855530673508
14.5058109,1.071436683848295
14.507904904,1.071408758580263
14.509657816,1.0713738519952234
14.511610811,1.0712830948741194
14.513688053000001,1.0711504498509679
14.516036399,1.0711504498509679
14.517744650000001,1.071080636680888
14.519755270000001,1.0711295058999442
14.521621115,1.0711504498509679
14.523741899000001,1.0712481882890796
14.525585957,1.0713249827761675
14.527565221000001,1.0713529080441995
14.529727655,1.0714297025312869
14.531592102000001,1.0713529080441995
14.533974692000001,1.0712830948741194
14.535828878,1.0712830948741194
14.537663381000002,1.0712272443380557
14.539635870000001,1.0710666740468722
14.541636884,1.0710247861448243
14.543585391,1.0708432719026169
14.545599663,1.0705849631733217
14.547822637000001,1.0703615610290667
14.549587480000001,1.070221934688907
14.551614513,1.069893812789532
14.553794104000001,1.069628522743229
14.556095263000001,1.069628522743229
14.557654055,1.0694400271840137
14.559692104000002,1.0693073821608619
14.561909039000001,1.0691886997717264
14.563719158000001,1.0691886997717264
14.565717551,1.0691258679186546
14.567848600000001,1.0691886997717264
14.56963196,1.0691886997717264
14.571619297000002,1.0691607745036944
14.573835775000001,1.0691398305526705
14.575773089,1.0691398305526705
14.577740463000001,1.0691817184547183
14.579828982,1.0691817184547183
14.581713173,1.0693073821608619
14.583718335,1.0694121019159817
14.585639119000001,1.0695238029881093
14.587680198000001,1.069614560109213
14.589733464,1.0697122985473246
14.591555547,1.0698309809364603
14.59371194,1.069914756740556
14.595838603,1.069914756740556
14.59766012,1.06993570069158
14.599661482,1.0699706072766197
14.601708386,1.0699566446426039
14.603680348000001,1.0699775885936278
14.605806564000002,1.0700892896657554
14.607889080000001,1.070180046786859
14.609745556,1.070194009420875
14.611813404000001,1.0702917478589868
14.61378241,1.0702917478589868
14.615781490000002,1.070221934688907
14.617669574,1.070221934688907
14.619773735,1.0701521215188272
14.621649940000001,1.0699706072766197
14.623805494,1.0697681490833886
14.625722094,1.069565690890157
14.627726694000001,1.0695238029881093
14.629717099,1.0694400271840137
14.631656508,1.0693073821608619
14.633767923,1.0692026624057425
14.635801178000001,1.0692026624057425
14.637891366000002,1.0691188866016466
14.639673882,1.0691188866016466
14.641610977000001,1.069000204212511
14.643797265000002,1.0689164284084152
14.645663607000001,1.0689862415784952
14.64763117,1.068937372359439
14.649800363,1.0688745405063673
14.651787850000002,1.0688745405063673
14.653819968,1.0687628394342399
14.655918484,1.0687628394342399
14.657877070000001,1.0687558581172318
14.659874821,1.0687558581172318
14.661731917000001,1.0684766054369126
14.663796981,1.0682671659266734
14.665704014000001,1.0682671659266734
14.667650139000001,1.0682741472436812
14.669768692000002,1.0683509417307693
14.671617883000001,1.068357923047777
14.673710884,1.068309053828721
14.675788658,1.068309053828721
14.677752594000001,1.0683718856817932
14.679747051000001,1.0684905680709287
14.681865832000002,1.0685603812410085
14.683714582,1.0685952878260483
14.685865600000001,1.068700007581168
14.687848126,1.0687768020682558
14.68977587,1.0688186899703036
14.691702881000001,1.0687628394342399
14.69384018,1.068672082313136
14.696144635000001,1.068672082313136
14.697901225,1.0685603812410085
14.699815677,1.0683718856817932
14.701691553000002,1.068288109877697
14.704113058,1.0682322593416336
14.705805585,1.0682322593416336
14.707775022000002,1.068288109877697
14.709723643,1.068378866998801
14.711688294000002,1.0683718856817932
14.713912229000002,1.0683299977797451
14.715861337000002,1.0683299977797451
14.718010105000001,1.0683369790967532
14.719882871000001,1.0684975493879365
14.722022702,1.0685324559729763
14.723665400000002,1.0685324559729763
14.725713464,1.0684905680709287
14.727755416,1.0684556614858887
14.729592125000002,1.0685115120219526
14.731634483,1.0684975493879365
14.733868679,1.0684905680709287
14.735878596000001,1.0684905680709287
14.737750906,1.0684766054369126
14.739784878,1.0684556614858887
14.741895937,1.0684556614858887
14.743752556,1.0684696241199048
14.745617451000001,1.0684905680709287
14.747629879000002,1.0684556614858887
14.749714652000002,1.0684556614858887
14.751649230000002,1.0684696241199048
14.75389127,1.0684766054369126
14.755889821,1.0684766054369126
14.757673394000001,1.0685394372899844
14.759738241,1.0686162317770722
14.761654847,1.0685952878260483
14.763712392,1.0685533999240004
14.765612269000002,1.0685324559729763
14.767583189000002,1.0684766054369126
14.769686618000001,1.0685533999240004
14.771789631,1.0685394372899844
14.773731977,1.0686301944110883
14.775756606000002,1.0686301944110883
14.777683803,1.0687558581172318
14.779619193,1.0688745405063673
14.781613062000002,1.0688745405063673
14.783677077,1.0688745405063673
14.785581933000001,1.0688815218233754
14.787581280000001,1.0688815218233754
14.789595514,1.0688117086532956
14.791585858000001,1.0687977460192797
14.793739426,1.0687558581172318
14.795749723,1.0687558581172318
14.797633339,1.0687139702151838
14.799620941,1.0685184933389604
14.801578765,1.0684556614858887
14.8035841,1.068378866998801
14.805594021000001,1.0684277362178567
14.807574705,1.0683369790967532
14.809639028000001,1.0683299977797451
14.811570503,1.0682950911947051
14.813779245000001,1.068288109877697
14.815699648,1.068288109877697
14.817643492,1.068309053828721
14.819599441000001,1.0684277362178567
14.821612022,1.0684975493879365
14.823628231,1.0685115120219526
14.825588652,1.0686092504600644
14.827587505,1.0685743438750244
14.829587621000002,1.0686162317770722
14.831581335000001,1.0686371757280961
14.833835985,1.0686301944110883
14.835669902000001,1.0686301944110883
14.837648949,1.06865811967912
14.839897904,1.0686162317770722
14.841621715,1.0686162317770722
14.843590266000001,1.068651138362112
14.845613197,1.0685952878260483
14.847620582000001,1.0685184933389604
14.849588901,1.0685394372899844
14.851765287000001,1.0684766054369126
14.853933295000001,1.0684975493879365
14.855770877000001,1.0684975493879365
14.857761672,1.0684975493879365
14.860002375,1.0684975493879365
14.861805769,1.0685952878260483
14.863709490000002,1.0686371757280961
14.866066824,1.0686371757280961
14.867811660000001,1.0686371757280961
14.869844337000002,1.0686092504600644
14.871748044,1.0684905680709287
14.873832819,1.0684347175348647
14.875802479,1.0684347175348647
14.877747259000001,1.0684347175348647
14.879686209,1.0684975493879365
14.881622273000001,1.0685533999240004
14.883643927000001,1.0685743438750244
14.885759023,1.0686371757280961
14.887649502,1.0687558581172318
14.889576793000002,1.0687837833852636
14.891586983000002,1.0688535965553434
14.893835702,1.0688745405063673
14.895821126000001,1.0688745405063673
14.897768623000001,1.068965297627471
14.899754025000002,1.0691607745036944
14.901628737000001,1.0691468118696785
14.903760626,1.0690769986995987
14.905658431,1.0689862415784952
14.907681044,1.0688815218233754
14.909757116000002,1.0687628394342399
14.911633069,1.0686930262641599
14.913785264000001,1.0685952878260483
14.915815873000001,1.0684556614858887
14.91790375,1.0684556614858887
14.919973616,1.068316035145729
14.921853218,1.0682532032926575
14.9235824,1.0683369790967532
14.925653004,1.0683299977797451
14.927690766000001,1.0683369790967532
14.929695528000002,1.0684137735838408
14.931653602,1.0684696241199048
14.933714172,1.0685743438750244
14.93576988,1.0685743438750244
14.937628503000001,1.0685952878260483
14.939763342000001,1.0685813251920324
14.941810737,1.0685813251920324
14.943650482,1.0686301944110883
14.945597097,1.0685813251920324
14.947809618,1.0685813251920324
14.949614823000001,1.0687349141662077
14.951626184,1.0687349141662077
14.953798547000002,1.0687139702151838
14.955860269,1.0687139702151838
14.957804109000001,1.068672082313136
14.959754268000001,1.0685813251920324
14.961747158000001,1.0685603812410085
14.963748586000001,1.0685184933389604
14.965642918,1.0684556614858887
14.967639738,1.068378866998801
14.96967186,1.0682950911947051
14.971730321,1.0682950911947051
14.974030982,1.0682741472436812
14.975834519000001,1.0682741472436812
14.977849780000001,1.0681764088055696
14.979881705,1.0681764088055696
14.981834501000002,1.068064707733442
14.983718771000001,1.0678831934912345
14.985629229,1.0678692308572186
14.987820344000001,1.0678273429551708
14.989711778,1.0679530066613143
14.991995833,1.0682043340736016
14.993849133000001,1.068316035145729
14.995912668,1.068316035145729
14.997792787000002,1.0683509417307693
14.99968609,1.068679063630144
15.001716100000001,1.0688815218233754
15.003596269,1.0689164284084152
15.005610155000001,1.068965297627471
15.007696858000001,1.0690630360655826
15.009792663,1.069000204212511
15.01164842,1.0688954844573912
15.013927570000002,1.0687349141662077
15.015843211000002,1.0687349141662077
15.01787623,1.0686162317770722
15.019855791000001,1.0684277362178567
15.021722021,1.0683369790967532
15.023792363,1.0682252780246255
15.025753551000001,1.068127539586514
15.027618823000001,1.0679669692953304
15.029696984000001,1.0679809319293463
15.032375546,1.0679879132463543
15.033972608000001,1.0679879132463543
15.035934458000002,1.0679530066613143
15.037939844,1.0679530066613143
15.039918358000001,1.0679669692953304
15.041885731,1.0679809319293463
15.043872404000002,1.0680018758803702
15.045991445,1.068043763782418
15.047722513,1.068043763782418
15.05017452,1.0680507450994259
15.051870163,1.0680507450994259
15.053695756000002,1.068029801148402
15.056025632,1.068029801148402
15.058035452,1.0681554648545457
15.059677735000001,1.0681554648545457
15.061750526,1.0681554648545457
15.063654136,1.0682113153906094
15.065800255000001,1.0681484835375377
15.067823928000001,1.0681903714395855
15.069859134000001,1.0681694274885616
15.071869108000001,1.0682043340736016
15.073878740000001,1.0681345209035218
15.076077267,1.0681345209035218
15.077772307000002,1.0681484835375377
15.079845954000001,1.0681554648545457
15.081665591,1.0681484835375377
15.083683814,1.0681135769524979
15.085697592,1.0681345209035218
15.087680338,1.0681345209035218
15.089772241,1.0680716890504498
15.091647052,1.068029801148402
15.094139903,1.068064707733442
15.095844259000001,1.068064707733442
15.097814723,1.0681694274885616
15.099721371000001,1.0681764088055696
15.101742769000001,1.0682532032926575
15.103626057000001,1.0683509417307693
15.105685732000001,1.0685813251920324
15.107645155,1.0688186899703036
15.109571025000001,1.0689862415784952
15.111617377000002,1.0690420921145587
15.113683217,1.0691188866016466
15.115746832000001,1.0691188866016466
15.117705664,1.0692445503077903
15.119654238,1.0692445503077903
15.121609568,1.0690420921145587
15.123610016,1.0688745405063673
15.12575104,1.0688186899703036
15.127658816,1.0687209515321918
15.129568243000001,1.06865811967912
15.131619307000001,1.0685115120219526
15.133979143000001,1.068357923047777
15.135823462000001,1.068357923047777
15.137657589000002,1.0682741472436812
15.139900225000002,1.0682322593416336
15.141631327,1.0682322593416336
15.143745161000002,1.0681694274885616
15.145747934000001,1.0680716890504498
15.14791042,1.0681345209035218
15.149703501000001,1.0681345209035218
15.151637388000001,1.0682671659266734
15.153750225000001,1.0684277362178567
15.155902622000001,1.0684277362178567
15.157657841,1.0684766054369126
15.159696422000001,1.0685115120219526
15.161700190000001,1.0685184933389604
15.163619432,1.0685394372899844
15.165686637,1.0686092504600644
15.167622569,1.0686092504600644
15.169608175,1.0685743438750244
15.171582142,1.0685603812410085
15.173758816000001,1.0685603812410085
15.175977336,1.0685115120219526
15.177873369,1.0685115120219526
15.179709863000001,1.0683509417307693
15.181777819,1.0682462219756494
15.183713643,1.0682322593416336
15.185717122000002,1.0681764088055696
15.187636289,1.068085651684466
15.189646365000002,1.0680507450994259
15.191584873000002,1.0679879132463543
15.193745392,1.0679669692953304
15.195857314000001,1.0679669692953304
15.197752565000002,1.0679111187592665
15.199791381,1.0679320627102904
15.201899202000002,1.0679460253443065
15.203829597,1.0679041374422584
15.205655786000001,1.0679041374422584
15.207741332000001,1.0680088571973783
15.209644616,1.0682043340736016
15.211650355000002,1.0683718856817932
15.213963844,1.0685533999240004
15.215837086,1.0685533999240004
15.217746331,1.0686162317770722
15.219702378000001,1.0687977460192797
15.221677876000001,1.0687837833852636
15.223682328,1.0687768020682558
15.225871793000001,1.0687139702151838
15.227714617,1.0686371757280961
15.229832161000001,1.0685603812410085
15.231747905,1.0685184933389604
15.234037797000001,1.0684905680709287
15.235766948,1.0684905680709287
15.237649129000001,1.068288109877697
15.239738632000002,1.068043763782418
15.24166944,1.0679879132463543
15.243755102000002,1.0679320627102904
15.245735206,1.0678831934912345
15.247624691,1.0678063990041469
15.249594817,1.0678203616381627
15.251692554000002,1.0678901748082426
15.253824000000002,1.0678901748082426
15.255711739,1.0679530066613143
15.257679013,1.0679530066613143
15.259639713,1.0681135769524979
15.261650979,1.0682113153906094
15.263629019000001,1.0682671659266734
15.265687547,1.068309053828721
15.267607783,1.068378866998801
15.269607664,1.0684277362178567
15.271610937,1.0684067922668328
15.273832338,1.0684137735838408
15.275789531000001,1.0684137735838408
15.277880465,1.0684067922668328
15.279643711,1.0684486801688806
15.281659673000002,1.0683299977797451
15.283634943000001,1.0682741472436812
15.285792386,1.0682322593416336
15.287684457000001,1.0682043340736016
15.289622261000002,1.0682113153906094
15.291617241,1.0681484835375377
15.294044176000002,1.068092633001474
15.295940569,1.068092633001474
15.297799243000002,1.0680228198313941
15.299964762,1.0680088571973783
15.301620031,1.0679111187592665
15.303722253,1.0678901748082426
15.305641217000002,1.0678273429551708
15.307808036,1.0678622495402106
15.309836988,1.0679530066613143
15.31183904,1.0681065956354898
15.313836968,1.0682950911947051
15.315762234000001,1.0682950911947051
15.317635785,1.0683369790967532
15.319623583,1.0686092504600644
15.321625507,1.0688605778723514
15.323602353000002,1.068937372359439
15.325711995,1.0690351107975509
15.327749093000001,1.0692236063567664
15.32967548,1.0693283261118858
15.331883851,1.0693283261118858
15.333777669000002,1.0693283261118858
15.335795865000001,1.0692585129418062
15.337790274000001,1.0692585129418062
15.339810493000002,1.068958316310463
15.341875817000002,1.0687418954832157
15.343660576000001,1.0687418954832157
15.345683215000001,1.0687209515321918
15.347728120000001,1.0683299977797451
15.349652771,1.0682741472436812
15.35174098,1.068309053828721
15.353740518,1.0682462219756494
15.35571505,1.0682462219756494
15.357722478000001,1.0681764088055696
15.359690644,1.0682950911947051
15.361711282000002,1.0682741472436812
15.363727371000001,1.0682462219756494
15.365580283000002,1.068309053828721
15.367601264000001,1.0683718856817932
15.369643766000001,1.0684277362178567
15.371600699000002,1.0684347175348647
15.373757603000001,1.068392829632817
15.375759914000001,1.068392829632817
15.377660625,1.0684905680709287
15.379632478000001,1.0684347175348647
15.381846276000001,1.0683718856817932
15.383621066000002,1.0683718856817932
15.385638824,1.068357923047777
15.387793406,1.0682252780246255
15.389683242,1.0682252780246255
15.391607556,1.068127539586514
15.393883,1.0679809319293463
15.395778592000001,1.0679809319293463
15.397630825,1.0679250813932826
15.399595235000001,1.0678831934912345
15.401747756,1.0679041374422584
15.403635752000001,1.0677505484680831
15.405664498,1.0676039408109155
15.407686853000001,1.067506202372804
15.409733778000001,1.0674992210557959
15.411698498000002,1.0675620529088676
15.413818659,1.0676388473959555
15.415915738,1.0676388473959555
15.417770339,1.0677505484680831
15.419846431000002,1.0680507450994259
15.421767456000001,1.0681484835375377
15.423899686,1.068316035145729
15.425794521,1.0684486801688806
15.427760742,1.0685813251920324
15.42982424,1.0686371757280961
15.431771968000001,1.0687837833852636
15.433928905,1.0689024657743993
15.435967170000001,1.0689024657743993
15.437852970000002,1.0687977460192797
15.439843993,1.0686371757280961
15.441769142000002,1.0685952878260483
15.443770445,1.068679063630144
15.445744904000001,1.068700007581168
15.447573673,1.068651138362112
15.449790153,1.0685603812410085
15.451847449,1.0685394372899844
15.453913519,1.0685394372899844
15.455969614,1.0684696241199048
15.4579745,1.0684696241199048
15.459785210000001,1.0684347175348647
15.461874561,1.0683369790967532
15.463942033,1.0682950911947051
15.465790827000001,1.068357923047777
15.467593707,1.0684137735838408
15.469783332,1.0684975493879365
15.471641275000001,1.0684137735838408
15.47369864,1.0685533999240004
15.475911616000001,1.0685324559729763
15.477788297000002,1.0685324559729763
15.479741952000001,1.0685533999240004
15.481636033000001,1.068700007581168
15.483811151000001,1.0687628394342399
15.485739586000001,1.0687837833852636
15.487712696000001,1.0687628394342399
15.489781151,1.0687139702151838
15.491623541000001,1.0686371757280961
15.494036888,1.0686301944110883
15.495906132000002,1.0686301944110883
15.497814975,1.0685603812410085
15.499668588,1.0684905680709287
15.501719644000001,1.0684277362178567
15.503701992000002,1.0684277362178567
15.505708495,1.0684347175348647
15.507727141,1.0684137735838408
15.509647733000001,1.0684486801688806
15.511624719,1.0684766054369126
15.513824546,1.0685115120219526
15.515782802,1.0685115120219526
15.517713353000001,1.0685533999240004
15.519652941,1.0686162317770722
15.521715624,1.06865811967912
15.523648207,1.0685743438750244
15.525611699,1.0684766054369126
15.527694890000001,1.0685394372899844
15.529647590000002,1.0686301944110883
15.531634945,1.0686371757280961
15.534186344,1.0687349141662077
15.53570357,1.0687349141662077
15.537694020000002,1.0687558581172318
15.539714887,1.0686301944110883
15.54173587,1.0685115120219526
15.543605797000001,1.0685115120219526
15.545600651,1.0684905680709287
15.547570023,1.0685115120219526
15.549595946,1.0684486801688806
15.551614159000001,1.0684556614858887
15.553745439000002,1.0684277362178567
15.55572487,1.0684277362178567
15.557709174000001,1.0684975493879365
15.559789635000001,1.0684347175348647
15.561665942000001,1.0684347175348647
15.563629541000001,1.0684137735838408
15.565597505000001,1.0684067922668328
15.567748758,1.0684486801688806
15.569636798000001,1.0684905680709287
15.571738897000001,1.0685533999240004
15.573856104,1.0685813251920324
15.575957567000001,1.0685813251920324
15.577652064,1.0685394372899844
15.579689418000001,1.0685184933389604
15.58207589,1.0685115120219526
15.583631946,1.0685115120219526
15.585616517000002,1.0684556614858887
15.587634626000002,1.068288109877697
15.589630295000001,1.0682113153906094
15.591757424,1.0682462219756494
15.593724157,1.0682532032926575
15.595986304,1.0682532032926575
15.59774361,1.0682532032926575
15.599635561000001,1.0682741472436812
15.601704080000001,1.0682671659266734
15.603624721000001,1.0682322593416336
15.605693412,1.0681554648545457
15.607700841000002,1.068127539586514
15.609610597000001,1.068043763782418
15.611616566,1.0680018758803702
15.613852008,1.0679460253443065
15.615747359,1.0679460253443065
15.617635341000002,1.0679809319293463
15.619615846,1.0678273429551708
15.621638605000001,1.0678692308572186
15.623633754,1.0678901748082426
15.625777495000001,1.0679250813932826
15.627647728000001,1.0679250813932826
15.629638237000002,1.0680228198313941
15.631621117000002,1.0681903714395855
15.633696351000001,1.0682322593416336
15.635682175000001,1.0682322593416336
15.637652522000002,1.0683299977797451
15.639656984,1.0684696241199048
15.641626853000002,1.0685324559729763
15.643709031,1.0686371757280961
15.645638027,1.0687837833852636
15.647578498000001,1.0688535965553434
15.649586545000002,1.0688535965553434
15.651686410000002,1.0687837833852636
15.653863580000001,1.0687349141662077
15.655804926000002,1.0687349141662077
15.657727016,1.0686162317770722
15.659718996,1.0684975493879365
15.66162255,1.0683509417307693
15.663615666,1.0683369790967532
15.665618918000002,1.0683299977797451
15.667586009,1.068316035145729
15.669630394,1.0682532032926575
15.671666908,1.0682252780246255
15.673841452000001,1.0682741472436812
15.675730527,1.0682741472436812
15.677736084000001,1.068316035145729
15.679624101000002,1.0682950911947051
15.681634389000001,1.0682950911947051
15.683613411000001,1.0683369790967532
15.685881643,1.068357923047777
15.687636156000002,1.068357923047777
15.689642123,1.0684137735838408
15.691593467,1.0684486801688806
15.6938469,1.068378866998801
15.695738326,1.068378866998801
15.697725620000002,1.068392829632817
15.699666199000001,1.068392829632817
15.701640607000002,1.068357923047777
15.703631981000001,1.068288109877697
15.705605512000002,1.0682322593416336
15.707770832000001,1.0682113153906094
15.709729092000002,1.0681903714395855
15.711615550000001,1.0682113153906094
15.713809524,1.0681484835375377
15.715740932000001,1.0681484835375377
15.717669223000001,1.0681694274885616
15.719641948000001,1.068043763782418
15.721645199000001,1.0680088571973783
15.723632035000001,1.068043763782418
15.725635313000002,1.0679809319293463
15.727725965000001,1.0679111187592665
15.729621429000002,1.0679460253443065
15.731622579000001,1.0679809319293463
15.733775001000001,1.0679530066613143
15.735941714,1.0679530066613143
15.737749627000001,1.0679669692953304
15.739726769,1.068064707733442
15.741664566,1.068064707733442
15.743653736,1.0680507450994259
15.745608714000001,1.0680716890504498
15.747626196,1.0681065956354898
15.749750716000001,1.0681764088055696
15.751797945000002,1.0681694274885616
15.753842256,1.0681694274885616
15.755817227000001,1.0682322593416336
15.758095152000001,1.0682322593416336
15.759637543,1.0684137735838408
15.761663909000001,1.0685603812410085
15.763831482,1.068672082313136
15.765866727,1.068672082313136
15.767640598000002,1.0685603812410085
15.769828307000001,1.068357923047777
15.771672582,1.068392829632817
15.774026236000001,1.0683299977797451
15.775670001000002,1.0683299977797451
15.777693183,1.0682532032926575
15.779690606,1.068127539586514
15.78165055,1.068029801148402
15.783651585000001,1.0678831934912345
15.785743351,1.0678273429551708
15.787925069000002,1.0677994176871388
15.78976034,1.0678063990041469
15.791725139,1.0678203616381627
15.793892256000001,1.0677994176871388
15.795779888,1.0677994176871388
15.797778637,1.0677854550531227
15.799732774,1.0678203616381627
15.80163641,1.0678063990041469
15.803763020000002,1.067778473736115
15.805661139000001,1.0678831934912345
15.807767798,1.0679809319293463
15.809567251,1.068029801148402
15.811692923,1.0681484835375377
15.813744400000001,1.068127539586514
15.815894241,1.0681135769524979
15.817827580000001,1.0681135769524979
15.819816368000001,1.0682252780246255
15.821840266,1.068288109877697
15.823646977000001,1.0682462219756494
15.825912221000001,1.0681903714395855
15.827643864,1.0681903714395855
15.829650468,1.0681345209035218
15.831664057000001,1.068085651684466
15.833907583,1.068029801148402
15.83579585,1.068029801148402
15.837750331,1.0679041374422584
15.839779333000001,1.0676458287129633
15.841763572000001,1.0675969594939074
15.843852306,1.067506202372804
15.845663838,1.0675271463238276
15.847677742,1.0675829968598916
15.849654630000002,1.0677226232000512
15.851670626,1.0678831934912345
15.853851155000001,1.0680228198313941
15.855853145000001,1.0680228198313941
15.857948402000002,1.0681135769524979
15.859747397000001,1.0683718856817932
15.86163731,1.068357923047777
15.863733888,1.0684905680709287
15.865780455000001,1.0685743438750244
15.867673717,1.0685603812410085
15.869738956,1.0685394372899844
15.871703889,1.0685115120219526
15.873739589000001,1.0685324559729763
15.87602603,1.0685324559729763
15.877889037000001,1.0685115120219526
15.879771475000002,1.0684556614858887
15.882035230000001,1.0684067922668328
15.883913389000002,1.0684067922668328
15.885846483000002,1.0682532032926575
15.888006494,1.0681345209035218
15.889890589,1.068092633001474
15.891883912,1.068029801148402
15.893944923000001,1.0679530066613143
15.895939793,1.0679530066613143
15.897940465000001,1.0678622495402106
15.899902745,1.0677994176871388
15.901872071000001,1.067764511102099
15.903787797000001,1.0675480902748518
15.905775233000002,1.0674992210557959
15.907822691000002,1.06748525842178
15.90986265,1.06748525842178
15.911877206000002,1.0676039408109155
15.914003161,1.0676039408109155
15.915952091000001,1.0675829968598916
15.917833488000001,1.0675829968598916
15.919988122000001,1.0676667726639872
15.921776807,1.0677226232000512
15.923816692,1.067764511102099
15.925818579000001,1.0678203616381627
15.927795996,1.067743567151075
15.929717225000001,1.0676807352980031
15.931910587,1.0676248847619394
15.933812210000001,1.0676597913469792
15.935736305,1.0676597913469792
15.937662702,1.0675969594939074
15.939664241000001,1.067401482617684
15.941622949000001,1.0673177068135884
15.943622121,1.0672828002285486
15.945622094,1.0672339310094927
15.947613668,1.0671920431074449
15.949572161,1.0671152486203572
15.951616426000001,1.0670384541332691
15.953711408,1.0671920431074449
15.955778813,1.0671920431074449
15.957634452,1.0672339310094927
15.959748152000001,1.067478277104772
15.961624180000001,1.0675620529088676
15.963619475000002,1.0676667726639872
15.965801176000001,1.0678901748082426
15.967726789,1.0680507450994259
15.969579293,1.0682252780246255
15.971997510000001,1.068316035145729
15.973935326000001,1.0683718856817932
15.975891911000001,1.0683718856817932
15.977790970000001,1.0683369790967532
15.979824685,1.0682322593416336
15.981866907,1.0681065956354898
15.983620353000001,1.0681065956354898
15.985764805,1.0680228198313941
15.987585899,1.0679111187592665
15.989653122000002,1.0677296045170592
15.991664212000002,1.0675411089578437
15.993848669,1.06748525842178
15.995754021000002,1.06748525842178
15.997760303000002,1.0673386507646123
15.999710843,1.0671780804734288
16.001897316,1.067143173888389
16.003707096,1.067143173888389
16.005667192,1.0672409123265008
16.007716225,1.0673246881305964
16.009763853000003,1.0674573331537478
16.011705656,1.0676179034449316
16.013881046,1.0677016792490273
16.015734699,1.0677016792490273
16.017671529,1.0677226232000512
16.019858398,1.068043763782418
16.021696853,1.068092633001474
16.023883870000002,1.0681903714395855
16.025714918000002,1.0681903714395855
16.027739663000002,1.0684486801688806
16.029700011000003,1.068357923047777
16.033077552,1.0683509417307693
16.034039827,1.0683509417307693
16.035866441,1.0682671659266734
16.037707707000003,1.0682671659266734
16.039757506,1.068092633001474
16.041949380000002,1.0678622495402106
16.043792006,1.0676877166150112
16.045682712,1.0676807352980031
16.047602303,1.0677086605660353
16.049758849,1.0676458287129633
16.051772655,1.0675760155428835
16.053976948000003,1.0676388473959555
16.055935147,1.0676388473959555
16.05776505,1.0676597913469792
16.059845125000002,1.0679669692953304
16.061940222,1.068043763782418
16.063756108,1.0681345209035218
16.066082186000003,1.0681903714395855
16.067713147000003,1.0681903714395855
16.069744078,1.0683509417307693
16.071868395000003,1.0685394372899844
16.073876407,1.06865811967912
16.075979021000002,1.06865811967912
16.077824206000003,1.0687768020682558
16.079763933000002,1.0688815218233754
16.081699285000003,1.0687768020682558
16.083808073,1.0687209515321918
16.085627998,1.0685603812410085
16.087685741,1.0684277362178567
16.089712417,1.0683369790967532
16.091766302,1.0682671659266734
16.093886713,1.0681764088055696
16.09576145,1.0681764088055696
16.09776669,1.0679879132463543
16.099730177,1.0678482869061947
16.101722649000003,1.0677296045170592
16.103588381,1.067506202372804
16.105820522000002,1.0674992210557959
16.108046489,1.0676248847619394
16.109840539,1.0676877166150112
16.111710384000002,1.0676877166150112
16.11381194,1.0678692308572186
16.115676803,1.0678692308572186
16.117681645,1.068127539586514
16.119672594,1.068127539586514
16.121623654,1.068378866998801
16.12364771,1.0685813251920324
16.125588079,1.0685743438750244
16.127576721,1.0685743438750244
16.129572028000002,1.0685324559729763
16.131641802,1.0684766054369126
16.133770889,1.0684766054369126
16.135779568,1.0684347175348647
16.137647694,1.0684347175348647
16.139617217,1.0682113153906094
16.141641203000002,1.0679250813932826
16.143632484,1.0678692308572186
16.145623625000002,1.0677994176871388
16.147621444000002,1.0676039408109155
16.149621106,1.0675480902748518
16.151593679,1.0675480902748518
16.154123434000002,1.0675411089578437
16.155806842,1.0675411089578437
16.157662945000002,1.0675620529088676
16.159647825,1.067506202372804
16.161783245000002,1.0675271463238276
16.164010491000003,1.0676248847619394
16.165748954,1.0676248847619394
16.167646551,1.0676388473959555
16.169645652,1.0680018758803702
16.171625111,1.068288109877697
16.173915195,1.0683299977797451
16.175738961,1.0683299977797451
16.177725298000002,1.0683718856817932
16.179671656,1.0688745405063673
16.181621532,1.0690839800166068
16.183660800000002,1.0691049239676307
16.185735883,1.0692026624057425
16.187656524,1.0694400271840137
16.189663352,1.0694400271840137
16.191643624,1.0693422887459019
16.193891272000002,1.0692026624057425
16.195703194,1.0692026624057425
16.197650185,1.0688954844573912
16.199599249000002,1.0684766054369126
16.201598765,1.068392829632817
16.20367908,1.0682741472436812
16.205911236000002,1.0682252780246255
16.207617845,1.0682252780246255
16.209623131,1.0682252780246255
16.211608953000002,1.068288109877697
16.213828002,1.068309053828721
16.21579579,1.068309053828721
16.217759163,1.0683299977797451
16.219748952,1.0683299977797451
16.221758058000002,1.0684347175348647
16.223967355000003,1.0685603812410085
16.225717292000002,1.0685743438750244
16.227692587,1.0686092504600644
16.229602732,1.0686162317770722
16.231591821000002,1.068679063630144
16.233868100000002,1.06865811967912
16.235653931,1.06865811967912
16.237819225000003,1.0686301944110883
16.239807569,1.0685533999240004
16.241686862,1.0684975493879365
16.243619568,1.0684347175348647
16.245580620000002,1.068288109877697
16.247661967000003,1.0681345209035218
16.249643316,1.0680088571973783
16.251618921000002,1.0679879132463543
16.253807481000003,1.0679879132463543
16.255761684,1.0679320627102904
16.257715251,1.0678413055891867
16.259626266,1.0678692308572186
16.261621832,1.0678901748082426
16.263639495,1.0679111187592665
16.265624665,1.0679530066613143
16.268040829,1.0680018758803702
16.269760562000002,1.0680018758803702
16.271629464,1.0680088571973783
16.273888042,1.068064707733442
16.275861381000002,1.068064707733442
16.277784970000003,1.0681694274885616
16.279773502,1.068309053828721
16.28196887,1.068392829632817
16.283717824,1.068392829632817
16.285666235,1.0685324559729763
16.287715978,1.0687349141662077
16.289657686,1.0688186899703036
16.291682004000002,1.0688535965553434
16.29399857,1.0688535965553434
16.295825415,1.0690560547485748
16.297966488,1.0691817184547183
16.299741172,1.0691817184547183
16.301807775,1.0691049239676307
16.303649453000002,1.068937372359439
16.305599836000003,1.0687209515321918
16.307746305000002,1.0685533999240004
16.309644125000002,1.0685324559729763
16.311730894,1.0683299977797451
16.31376572,1.0682043340736016
16.315711888000003,1.0682043340736016
16.317643267,1.068092633001474
16.319657164000002,1.0678482869061947
16.32164371,1.067778473736115
16.323620807,1.0677854550531227
16.325624216,1.0678063990041469
16.327719044000002,1.0679320627102904
16.32965288,1.0679669692953304
16.331628448,1.0680018758803702
16.333829562000002,1.0680507450994259
16.335693692,1.0680507450994259
16.337689679,1.0681345209035218
16.339703741,1.068357923047777
16.341667345,1.0684347175348647
16.343663313,1.0684905680709287
16.345749113,1.0684766054369126
16.34872911,1.0684067922668328
16.349827445000003,1.0684067922668328
16.351682279000002,1.0684067922668328
16.354122968000002,1.0683718856817932
16.355984606,1.0683718856817932
16.357668911,1.068309053828721
16.359727978000002,1.068029801148402
16.361633887,1.0678692308572186
16.363638887,1.0679460253443065
16.365631192000002,1.0681065956354898
16.367590818,1.0680507450994259
16.369611074,1.0680018758803702
16.37163687,1.0679530066613143
16.373884956,1.0679809319293463
16.375770514000003,1.0679809319293463
16.377875185,1.0680018758803702
16.379730783,1.0680018758803702
16.381613146,1.0679669692953304
16.383593294,1.068043763782418
16.385630818000003,1.0681484835375377
16.387661197,1.0682950911947051
16.389675317000002,1.0683299977797451
16.391610158000002,1.0683369790967532
16.393825849000002,1.0684486801688806
16.39610696,1.0684486801688806
16.397667421,1.0686162317770722
16.399623423,1.0688954844573912
16.401637558,1.0688535965553434
16.403652583,1.0688605778723514
16.405589054,1.0687837833852636
16.407600506,1.0685394372899844
16.40960235,1.0682671659266734
16.411575137,1.0682043340736016
16.413799105000002,1.0682113153906094
16.415729729000002,1.0682113153906094
16.417674352000002,1.0681554648545457
16.419609109,1.0681554648545457
16.421694489,1.0681554648545457
16.423612422,1.0681065956354898
16.425570216,1.0679530066613143
16.427643289000002,1.0679320627102904
16.429633636000002,1.0679250813932826
16.431631162000002,1.0679320627102904
16.433786109,1.0679320627102904
16.435775037000003,1.0679460253443065
16.437647971,1.0679460253443065
16.439705039,1.068127539586514
16.441666813,1.0683299977797451
16.443654929,1.0685115120219526
16.445732318,1.0684905680709287
16.447759694000002,1.0684277362178567
16.449691444000003,1.0684556614858887
16.451610887,1.0684556614858887
16.453811818000002,1.0684137735838408
16.455713734,1.0684137735838408
16.457652362,1.0684486801688806
16.459713616000002,1.0683509417307693
16.461695893,1.0682950911947051
16.463670733,1.0681554648545457
16.465652356,1.0681554648545457
16.467612112,1.068092633001474
16.469609315,1.068043763782418
16.471623521,1.0680088571973783
16.473881318,1.0679879132463543
16.47565893,1.0679879132463543
16.4776585,1.0679530066613143
16.479621974,1.0679879132463543
16.481594969,1.0680018758803702
16.483601335,1.0680018758803702
16.485641103000003,1.0680228198313941
16.487640743,1.068064707733442
16.489636301,1.0680716890504498
16.491615763000002,1.0682043340736016
16.493960081,1.068316035145729
16.495680768,1.068316035145729
16.497676033,1.068357923047777
16.499637963,1.0684696241199048
16.501649247,1.068700007581168
16.503631825,1.0687837833852636
16.505626732,1.0689164284084152
16.507608511,1.0690630360655826
16.509626285,1.0691817184547183
16.511609481,1.0690839800166068
16.5138426,1.068958316310463
16.515853441,1.068958316310463
16.517725275,1.0687837833852636
16.519747318,1.0686162317770722
16.521749171,1.0685743438750244
16.52361994,1.0685743438750244
16.525643286,1.0685324559729763
16.527766353,1.0684556614858887
16.529697287,1.0683369790967532
16.531705922,1.068288109877697
16.533694939,1.0682462219756494
16.535752661,1.0682462219756494
16.537778261,1.068288109877697
16.539878862000002,1.0682741472436812
16.541949430000003,1.0682741472436812
16.543703575000002,1.068288109877697
16.545715616000003,1.0682532032926575
16.547817311,1.0682671659266734
16.549718852,1.0682532032926575
16.551754066,1.0682741472436812
16.553867143,1.068309053828721
16.55582755,1.068309053828721
16.557741478,1.0683509417307693
16.559749368000002,1.068357923047777
16.561697175000003,1.068316035145729
16.563629433000003,1.068378866998801
16.565628451000002,1.068316035145729
16.567623922000003,1.068288109877697
16.569632322,1.068288109877697
16.571816891,1.0682532032926575
16.573723412,1.068288109877697
16.575750366,1.068288109877697
16.577676869,1.0682532032926575
16.579690228,1.0682462219756494
16.581846845,1.0682671659266734
16.583667031,1.0682671659266734
16.585656135,1.0682741472436812
16.587782383,1.0682462219756494
16.589696128,1.0681903714395855
16.591702506,1.0681903714395855
16.593847638,1.0681903714395855
16.595804527000002,1.0681694274885616
16.597767561,1.0681694274885616
16.599829116000002,1.068316035145729
16.601615827,1.0684067922668328
16.603616905000003,1.0684556614858887
16.605724634,1.0685952878260483
16.607689048,1.0687349141662077
16.609598899,1.0687837833852636
16.611806786000002,1.0688815218233754
16.613920289,1.068965297627471
16.615929771,1.068965297627471
16.617676122000002,1.0691049239676307
16.619619009,1.0690979426506226
16.621627163,1.0690630360655826
16.623636566000002,1.0689792602614872
16.625620911000002,1.0688745405063673
16.627627106000002,1.0687768020682558
16.629773630000003,1.068679063630144
16.631739928000002,1.0686162317770722
16.633718174000002,1.0686162317770722
16.635733907000002,1.0686162317770722
16.637758319,1.0685533999240004
16.639733425,1.0685533999240004
16.641731925000002,1.0685533999240004
16.643788501,1.0684905680709287
16.645721588,1.0683509417307693
16.647797616000002,1.068392829632817
16.649671058000003,1.068392829632817
16.651637877000002,1.0684347175348647
16.653734317,1.0684347175348647
16.655758269,1.0684347175348647
16.657669613,1.0684347175348647
16.659669284,1.0684975493879365
16.661689022,1.0684766054369126
16.663702479,1.0684696241199048
16.665704689000002,1.0684347175348647
16.667595276,1.0684137735838408
16.669590191,1.068357923047777
16.67160983,1.0683509417307693
16.673791333,1.0683299977797451
16.675699351000002,1.0683299977797451
16.677664715000002,1.0683509417307693
16.679673502,1.0683299977797451
16.681619836,1.0683299977797451
16.68359732,1.068309053828721
16.685628744000002,1.0683509417307693
16.687589375,1.0683299977797451
16.68963514,1.068316035145729
16.691638037,1.0683369790967532
16.693826527000002,1.0684137735838408
16.695752119,1.0684137735838408
16.697658182,1.0684696241199048
16.699619463,1.0684347175348647
16.701643489000002,1.0684556614858887
16.703707457,1.0684905680709287
16.705701294,1.0685603812410085
16.707632179,1.0686371757280961
16.709599019000002,1.068700007581168
16.711605168000002,1.068672082313136
16.713822106000002,1.06865811967912
16.715778571,1.06865811967912
16.717687406,1.0688117086532956
16.719693288000002,1.0689443536764471
16.721798081,1.0690769986995987
16.723630410000002,1.0690769986995987
16.725593297,1.0692026624057425
16.727658758,1.0691468118696785
16.729628621,1.068958316310463
16.731649294,1.0687139702151838
16.733696287,1.068679063630144
16.735722488,1.068679063630144
16.737646291,1.0686301944110883
16.73965142,1.068316035145729
16.741728979,1.068316035145729
16.743646634,1.068316035145729
16.745634371,1.0682950911947051
16.74763739,1.0682043340736016
16.749612543,1.0681694274885616
16.751609706,1.0681903714395855
16.753767639,1.0682532032926575
16.755730694,1.0682532032926575
16.757656993,1.0682532032926575
16.759640803,1.0684347175348647
16.761643988,1.0686092504600644
16.763630000000003,1.0687628394342399
16.765610534,1.0688326526043195
16.767705702,1.0688605778723514
16.769643964,1.068958316310463
16.771750077,1.068958316310463
16.773762357000003,1.0688954844573912
16.775693,1.0688954844573912
16.777927025,1.068937372359439
16.779833131,1.0689443536764471
16.781965135,1.0689792602614872
16.783773062,1.0689792602614872
16.785771678,1.068937372359439
16.78774543,1.0687768020682558
16.789681943,1.0686930262641599
16.791682176000002,1.068651138362112
16.793837881,1.0686162317770722
16.795962525,1.0686162317770722
16.79766385,1.0686162317770722
16.799915578,1.0684486801688806
16.801848531,1.0684486801688806
16.803702642,1.0684277362178567
16.805691804000002,1.0685813251920324
16.807852501,1.0687628394342399
16.809883597000002,1.0688396339213275
16.811802087,1.068958316310463
16.813906232,1.068958316310463
16.815910882,1.069000204212511
16.81792108,1.069000204212511
16.819785476,1.0691677558207022
16.821638267,1.069593616158189
16.823783827,1.069907775423548
16.825836622,1.070194009420875
16.827711085,1.0703825049800906
16.829935744,1.0705640192222978
16.831758970000003,1.0705640192222978
16.833866244,1.0706827016114335
16.835843689,1.0706827016114335
16.837769221000002,1.0706617576604094
16.839739423,1.0704732621011943
16.841729755,1.0703545797120586
16.843809605,1.0703545797120586
16.845684062,1.070235897322923
16.847680112000003,1.06993570069158
16.849636613,1.0698728688385082
16.851697463,1.0696913545963007
16.853868409,1.0694819150860615
16.855854117,1.0694819150860615
16.857746123000002,1.0694400271840137
16.859741163000002,1.0693911579649578
16.86176489,1.0693911579649578
16.863831597,1.0694609711350376
16.865819754,1.0694888964030695
16.867826366000003,1.0697262611813405
16.869828741000003,1.0698449435704762
16.871913482,1.069886831472524
16.873730552,1.069886831472524
16.875980763,1.0699566446426039
16.877832158,1.0699566446426039
16.879778358,1.0700474017637076
16.881736645,1.0700124951786676
16.883889336,1.0700683457147315
16.885746485000002,1.0700474017637076
16.887826515,1.0699706072766197
16.889662201,1.0698170183024442
16.891752327000003,1.0696424853772448
16.894075637,1.0694609711350376
16.895758078,1.0694609711350376
16.897686625000002,1.0693073821608619
16.899722726,1.0689862415784952
16.901794873,1.0687139702151838
16.903914625000002,1.0685813251920324
16.905848922,1.0686162317770722
16.907854743,1.0684975493879365
16.909830510000003,1.0683718856817932
16.911766711000002,1.0684137735838408
16.913830453000003,1.0684137735838408
16.915789687,1.0684486801688806
16.917763593,1.0684486801688806
16.919738754,1.0686092504600644
16.921736004,1.0685813251920324
16.923727495,1.0685743438750244
16.925721996,1.0686301944110883
16.927763882,1.0686301944110883
16.92978295,1.0687628394342399
16.931724917,1.0688326526043195
16.933852033,1.0688396339213275
16.936126326,1.0688396339213275
16.937845325,1.0688815218233754
16.939851011000002,1.0690351107975509
16.941800563,1.0690630360655826
16.94378761,1.0690630360655826
16.945635556000003,1.0690351107975509
16.947812618,1.0689164284084152
16.94964134,1.0688815218233754
16.951666214,1.0687977460192797
16.953799453000002,1.0687977460192797
16.955793376000003,1.0687628394342399
16.957844744000003,1.0686371757280961
16.959882834000002,1.0686301944110883
16.961664782,1.0686301944110883
16.963886513000002,1.0686092504600644
16.965761324000002,1.06865811967912
16.967699091,1.068672082313136
16.969707181,1.06865811967912
16.971757173,1.06865811967912
16.974036426,1.068679063630144
16.975762051,1.068679063630144
16.977837315000002,1.068700007581168
16.979877118,1.0687837833852636
16.981747108,1.0688535965553434
16.983758560000002,1.0688535965553434
16.985642881,1.0688954844573912
16.987817103,1.0688396339213275
16.989920123,1.0688396339213275
16.991706979,1.0687977460192797
16.993823554000002,1.0687977460192797
16.995804626,1.0688326526043195
16.997703224000002,1.0688535965553434
16.999627630000003,1.0688535965553434
17.001757621,1.0687977460192797
17.003777367,1.0687768020682558
17.006112010000002,1.0687418954832157
17.007755594000002,1.0687418954832157
17.009720065,1.06865811967912
17.011738922000003,1.0685603812410085
17.013850741000002,1.0684975493879365
17.015916945,1.0684975493879365
17.017739289,1.0684486801688806
17.01977231,1.0684975493879365
17.021724373,1.0685184933389604
17.023667446,1.0685184933389604
17.025764272,1.0684905680709287
17.027625065000002,1.0684486801688806
17.029648289,1.068392829632817
17.032318352,1.0683299977797451
17.033807632000002,1.0683299977797451
17.035906586,1.068357923047777
17.037718903000002,1.068357923047777
17.039707228,1.0683299977797451
17.041661242,1.068357923047777
17.043677764,1.068357923047777
17.045667811,1.0684277362178567
17.047724518000003,1.06865811967912
17.04989756,1.0687768020682558
17.051748201000002,1.0687768020682558
17.053886413,1.0688815218233754
17.055819384,1.0688815218233754
17.057784405,1.0688954844573912
17.059661565000003,1.0687558581172318
17.061652886,1.0685813251920324
17.063753621,1.0685813251920324
17.065766353,1.0685743438750244
17.067839441,1.0685743438750244
17.069769314000002,1.0685533999240004
17.071751023,1.0684556614858887
17.073851107,1.068316035145729
17.075840171,1.068316035145729
17.077797127,1.0682043340736016
17.079853552,1.0680507450994259
17.081718698,1.0679809319293463
17.083702275,1.0679809319293463
17.085797052,1.0679809319293463
17.087682843,1.0679111187592665
17.089618808,1.0679530066613143
17.09165193,1.0677505484680831
17.094135652000002,1.067743567151075
17.095796327000002,1.067743567151075
17.098001382,1.0678203616381627
17.09989049,1.0678203616381627
17.101851314,1.068043763782418
17.103850943,1.0681554648545457
17.106003507,1.0681135769524979
17.107691012,1.0681135769524979
17.109671773000002,1.0681065956354898
17.111773846000002,1.0682043340736016
17.113857361,1.0682043340736016
17.116016179000002,1.0682113153906094
17.117774453000003,1.0682113153906094
17.119740837000002,1.0681694274885616
17.121740897000002,1.068127539586514
17.123643844,1.0681484835375377
17.125712351,1.0681065956354898
17.12784556,1.0681345209035218
17.129723723,1.0681345209035218
17.131816491000002,1.0681065956354898
17.133890578000003,1.0681554648545457
17.135806181,1.0681554648545457
17.137766206000002,1.068092633001474
17.139791637000002,1.068092633001474
17.141637592000002,1.0680716890504498
17.143654156,1.068309053828721
17.145650104,1.0685603812410085
17.14764508,1.0686092504600644
17.149755397,1.0685813251920324
17.151695994,1.0685743438750244
17.153637120000003,1.0685115120219526
17.155754294,1.0685115120219526
17.157680553000002,1.068357923047777
17.159687569000003,1.0682322593416336
17.161638286000002,1.0681903714395855
17.163634678,1.0681764088055696
17.165628142000003,1.0682043340736016
17.167684920000003,1.0682043340736016
17.169642082,1.0682113153906094
17.171620763,1.0681554648545457
17.173810463000002,1.0682113153906094
17.176050702,1.0682113153906094
17.177687494,1.0682322593416336
17.179633005,1.0682043340736016
17.181668834,1.0682532032926575
17.183650448,1.0682532032926575
17.185599872,1.0682741472436812
17.187670032,1.0682950911947051
17.189646437,1.0684137735838408
17.191601494,1.0684067922668328
17.193965220000003,1.068392829632817
17.195856510000002,1.068392829632817
17.197809062,1.0683509417307693
17.199677609000002,1.068357923047777
17.201741654000003,1.0683718856817932
17.203672042,1.068392829632817
17.20569699,1.068316035145729
17.207652465000002,1.0682532032926575
17.209754724,1.0682532032926575
17.211750901000002,1.0682462219756494
17.213835887000002,1.0682462219756494
17.216095777,1.0682113153906094
17.217833877,1.0682113153906094
17.219802054000002,1.068288109877697
17.221749909,1.0682113153906094
17.223846729,1.0682113153906094
17.225815235000002,1.0682113153906094
17.228045766,1.0681764088055696
17.229862244,1.0681764088055696
17.231635397,1.0681764088055696
17.233933537000002,1.0681694274885616
17.235730951,1.0681694274885616
17.23789785,1.0681065956354898
17.239844088,1.0680088571973783
17.24174341,1.068085651684466
17.24370246,1.0681694274885616
17.245802464,1.0682043340736016
17.247970990000002,1.068288109877697
17.249728272000002,1.068309053828721
17.251795837,1.068316035145729
17.253852036,1.0682950911947051
17.255781166000002,1.0682950911947051
17.257881825000002,1.0683718856817932
17.259738452,1.0685324559729763
17.261707747000003,1.0687209515321918
17.26359561,1.068937372359439
17.265659864,1.0690560547485748
17.267619156000002,1.0691258679186546
17.269630287000002,1.0691398305526705
17.271607618,1.0690769986995987
17.273696721,1.0690560547485748
17.275768149,1.0690560547485748
17.277741784,1.0690630360655826
17.279834872000002,1.069000204212511
17.281750363,1.068965297627471
17.283617008,1.068937372359439
17.285728302000003,1.0689164284084152
17.287746383,1.0689024657743993
17.289638524,1.0688815218233754
17.291677377000003,1.0688745405063673
17.293891044000002,1.0688186899703036
17.295789250000002,1.0688186899703036
17.297748824000003,1.0687768020682558
17.299706313,1.0687209515321918
17.301675135,1.0686092504600644
17.303702628,1.0685603812410085
17.305780663,1.0685394372899844
17.307788139,1.0685184933389604
17.309750114,1.0685394372899844
17.311634172,1.0685743438750244
17.313697726,1.0685603812410085
17.315895108,1.0685603812410085
17.317726392,1.0685813251920324
17.319753727000002,1.068672082313136
17.321875506,1.06865811967912
17.323649186,1.06865811967912
17.325678061,1.068700007581168
17.32770382,1.0687349141662077
17.329639033,1.068679063630144
17.331799642,1.0687558581172318
17.333857791,1.0687418954832157
17.335806448,1.0687418954832157
17.337834841,1.06865811967912
17.339705313,1.06865811967912
17.341643663000003,1.0685184933389604
17.343779483000002,1.068316035145729
17.345775930000002,1.0683509417307693
17.347831617,1.0683369790967532
17.349679864000002,1.0683369790967532
17.351755993,1.0683509417307693
17.353800262,1.0684905680709287
17.355894018,1.0684905680709287
17.357752957000002,1.0685324559729763
17.359847337,1.0686162317770722
17.361890398,1.0687349141662077
17.36366256,1.0687349141662077
17.365740275,1.0687977460192797
17.367812907,1.069000204212511
17.369640083,1.0692166250397583
17.371577664,1.0693841766479497
17.373875524000002,1.0694400271840137
17.375742864,1.0694400271840137
17.377941672000002,1.069607578792205
17.379690971000002,1.069607578792205
17.381633675,1.0697053172303166
17.383665832000002,1.069551728256141
17.385636655000003,1.0694888964030695
17.387679997,1.0694470085010215
17.389596028,1.0693073821608619
17.391918227,1.0693004008438538
17.393643639,1.0692445503077903
17.395832715,1.0690630360655826
17.397784314000003,1.0690630360655826
17.399849512,1.0690630360655826
17.401743408,1.068937372359439
17.403669691,1.0688954844573912
17.405637333,1.069021148163535
17.407654532000002,1.0690420921145587
17.409771436,1.0691398305526705
17.411608837000003,1.0692166250397583
17.413944857,1.0692166250397583
17.415769921000003,1.0692166250397583
17.417883509000003,1.0692026624057425
17.419783947000003,1.0692026624057425
17.421764028000002,1.0692375689907823
17.423738476,1.06927945689283
17.425825555,1.0692585129418062
17.42774095,1.0692375689907823
17.429619448,1.0691468118696785
17.431670392,1.0691886997717264
17.434160784,1.0691607745036944
17.435913499,1.0691607745036944
17.43802032,1.0691886997717264
17.439787044000003,1.0692236063567664
17.441956899,1.0692236063567664
17.443743843,1.0691607745036944
17.445780063,1.0691607745036944
17.447964264,1.0691468118696785
17.449834474,1.0690979426506226
17.451837202,1.0690560547485748
17.454010755000002,1.0691049239676307
17.455808199,1.0691049239676307
17.457856723000003,1.0690630360655826
17.459751316000002,1.0690630360655826
17.461731243000003,1.069000204212511
17.463664062,1.0690979426506226
17.465724353000002,1.0692375689907823
17.467910257,1.0692166250397583
17.469805998000002,1.0691188866016466
17.471834295,1.0691398305526705
17.473997503,1.0691817184547183
17.475868918,1.0691817184547183
17.477785507,1.0691677558207022
17.479824243,1.0691886997717264
17.481732932,1.0690630360655826
17.483710362,1.068937372359439
17.485643631000002,1.0688186899703036
17.487763617000002,1.0688186899703036
17.48973261,1.0687977460192797
17.491663044000003,1.0688535965553434
17.493709652,1.0688535965553434
17.495706484,1.0688535965553434
17.497836806000002,1.0688605778723514
17.499671557000003,1.0688605778723514
17.501681615000003,1.0688326526043195
17.503606212,1.0688396339213275
17.505670129000002,1.0687977460192797
17.50765857,1.0688326526043195
17.509761253,1.0688605778723514
17.511722664,1.0688535965553434
17.513941207000002,1.0688186899703036
17.516026135,1.0688186899703036
17.517873568000002,1.0688186899703036
17.519824022,1.0687349141662077
17.521849262,1.0687558581172318
17.523895814,1.0687837833852636
17.525901837000003,1.0687837833852636
17.527852109,1.0687768020682558
17.529812761000002,1.0687628394342399
17.531761982000003,1.0687628394342399
17.533919568,1.0688396339213275
17.53585276,1.0688396339213275
17.537747815,1.0688117086532956
17.539760291,1.0688745405063673
17.542016739,1.0688535965553434
17.543649969,1.0688535965553434
17.54581818,1.0687768020682558
17.547848845,1.0687837833852636
17.549689288,1.0689024657743993
17.551693828,1.0688954844573912
17.553712044,1.068923409725423
17.555781949,1.068923409725423
17.557695963,1.068923409725423
17.559665352,1.0688535965553434
17.561664466,1.0688326526043195
17.563658758000003,1.0687209515321918
17.565636806,1.0687837833852636
17.567630128,1.0688605778723514
17.569583778000002,1.0688954844573912
17.571641737,1.0688186899703036
17.573946771000003,1.0688396339213275
17.575844898,1.0688396339213275
17.577763729,1.068958316310463
17.579726042,1.0691817184547183
17.581618412,1.0692585129418062
17.583647000000003,1.0693283261118858
17.585592347000002,1.0693911579649578
17.587601329,1.069551728256141
17.589626676,1.0695098403540935
17.591614951,1.0693702140139338
17.593796870000002,1.0693702140139338
17.595784048000002,1.0692026624057425
17.597708662000002,1.0692026624057425
17.599656972000002,1.0690560547485748
17.601614611000002,1.0690769986995987
17.603606569,1.0690351107975509
17.605646929000002,1.069021148163535
17.607901794,1.068958316310463
17.609659028,1.0689443536764471
17.611726931,1.068923409725423
17.613758620000002,1.0687977460192797
17.615779369000002,1.0687977460192797
17.617752529,1.0687139702151838
17.619884228,1.0685533999240004
17.621786137,1.0685533999240004
17.623958118,1.0684766054369126
17.625788369000002,1.0684766054369126
17.627726161000002,1.068357923047777
17.630098639,1.0681554648545457
17.631868944,1.068085651684466
17.634192833,1.0680716890504498
17.636024292000002,1.0680716890504498
17.637871906,1.0680228198313941
17.639902488,1.0680228198313941
17.641799520000003,1.068043763782418
17.643892796,1.068085651684466
17.645723778,1.0681764088055696
17.647775496,1.068288109877697
17.649900519000003,1.0682950911947051
17.651717989,1.068378866998801
17.653708808,1.0684277362178567
17.655824745,1.0684277362178567
17.657803266000002,1.0685743438750244
17.659884117,1.068672082313136
17.661643050000002,1.0686162317770722
17.663803365,1.0684556614858887
17.665638979,1.0684067922668328
17.667670858,1.068392829632817
17.669726484,1.068378866998801
17.67163357,1.0683369790967532
17.673845285000002,1.068357923047777
17.675831366,1.068357923047777
17.677786913000002,1.0682950911947051
17.679760486000003,1.0682671659266734
17.68183329,1.0683718856817932
17.683735900000002,1.0684696241199048
17.685624435,1.0685952878260483
17.687779501,1.0687628394342399
17.689758779,1.0688605778723514
17.691951018,1.0688745405063673
17.693959298,1.0688745405063673
17.69586589,1.0688954844573912
17.697681448,1.0688954844573912
17.699651648,1.0689164284084152
17.701646749000002,1.0688535965553434
17.703600582,1.0688396339213275
17.705637299000003,1.0688605778723514
17.707710361,1.0688954844573912
17.709597926,1.0688396339213275
17.711717269,1.0688117086532956
17.713683856,1.0687768020682558
17.715740392,1.0687768020682558
17.717683398000002,1.0687837833852636
17.719650944,1.0687768020682558
17.721593002000002,1.0687837833852636
17.723619647,1.0687558581172318
17.725696223,1.068700007581168
17.727712323000002,1.0686371757280961
17.729701697,1.068700007581168
17.731655337,1.0687349141662077
17.734211988000002,1.068700007581168
17.735802307,1.068700007581168
17.737678993,1.0687418954832157
17.739707783,1.068672082313136
17.741694031,1.06865811967912
17.743723921,1.0686301944110883
17.745711718000003,1.0686162317770722
17.747638107,1.0685952878260483
17.749810796000002,1.0685533999240004
17.751638822,1.0684347175348647
17.753774869,1.0684556614858887
17.755744505000003,1.0684556614858887
17.757663116,1.0684486801688806
17.759653708000002,1.0684696241199048
17.761626888000002,1.0684556614858887
17.76366987,1.0684347175348647
17.765606965,1.0685115120219526
17.767743836,1.0684905680709287
17.769728304,1.0684905680709287
17.771637332,1.0684975493879365
17.773689043,1.0684696241199048
17.775813932000002,1.0685394372899844
17.77782959,1.0684905680709287
17.779686956000003,1.0684486801688806
17.781765237000002,1.0684905680709287
17.78373023,1.0684905680709287
17.785621170000002,1.0685952878260483
17.787676375,1.0687209515321918
17.789772774,1.0686930262641599
17.791643849,1.0687628394342399
17.793941925000002,1.0688326526043195
17.7958326,1.0688326526043195
17.79775703,1.0689862415784952
17.799833269,1.06927945689283
17.801741491,1.0693632326969258
17.803747105,1.0694609711350376
17.805659776000002,1.0694888964030695
17.80767358,1.069572672207165
17.809699828,1.0695307843051172
17.8117082,1.0694051205989736
17.813766034,1.069321344794878
17.815756903,1.069321344794878
17.817821704,1.0693702140139338
17.819848621000002,1.0693702140139338
17.821764363,1.0691817184547183
17.823781585000003,1.0688605778723514
17.825821211,1.0688605778723514
17.827753193,1.0687768020682558
17.829722622000002,1.0684975493879365
17.831650352,1.0684556614858887
17.833940689000002,1.0684556614858887
17.835785078,1.0684556614858887
17.837851361000002,1.0685184933389604
17.839863035,1.0686371757280961
17.841817473000003,1.06865811967912
17.843653834,1.0687418954832157
17.845592212,1.0687768020682558
17.847690966000002,1.0688815218233754
17.849612774,1.0688745405063673
17.85178587,1.0689024657743993
17.853891064000003,1.068965297627471
17.85595559,1.068965297627471
17.857845875000002,1.0689792602614872
17.859905872000002,1.068937372359439
17.861782436000002,1.0688745405063673
17.863893715,1.0688745405063673
17.865778787,1.0687628394342399
17.867869012,1.068679063630144
17.869808296000002,1.0686301944110883
17.871724745,1.0686301944110883
17.873856809,1.0686301944110883
17.875735543,1.0686301944110883
17.877854326,1.0685394372899844
17.879840767,1.0685743438750244
17.88167391,1.0684067922668328
17.883708164,1.068378866998801
17.885755339000003,1.0684347175348647
17.887689478000002,1.0685115120219526
17.88974238,1.068672082313136
17.891634242000002,1.0687837833852636
17.893998348,1.0687349141662077
17.895754088,1.0687349141662077
17.897883037,1.068651138362112
17.899741591,1.068651138362112
17.901744224,1.0688186899703036
17.90368141,1.0692375689907823
17.905681552,1.069286438209838
17.907884527,1.0692654942588142
17.909698898000002,1.0693492700629097
17.911650809,1.0692375689907823
17.913807931,1.0691817184547183
17.915880504,1.0691817184547183
17.917756022000003,1.0691258679186546
17.919903128,1.0691607745036944
17.92174688,1.0691817184547183
17.923649577000003,1.0691607745036944
17.925633074,1.0692166250397583
17.927713615000002,1.0691188866016466
17.929782787,1.0690630360655826
17.93180726,1.0690351107975509
17.933950394,1.069000204212511
17.935955693,1.0689862415784952
17.937803293,1.0689862415784952
17.940024461,1.0690351107975509
17.941858664,1.0691049239676307
17.94381671,1.0690979426506226
17.945771861,1.0691886997717264
17.94778617,1.0692585129418062
17.950026023,1.069321344794878
17.951947079,1.0695098403540935
17.953764311,1.0696424853772448
17.955777321,1.0696424853772448
17.95766089,1.0697262611813405
17.959642524,1.0699496633255958
17.961652569,1.0700683457147315
17.963601182,1.0701521215188272
17.965631014,1.0701381588848113
17.967647246000002,1.0701381588848113
17.969657645,1.0701381588848113
17.971644776,1.070194009420875
17.973708204,1.0701521215188272
17.97580245,1.0701521215188272
17.977743418000003,1.0701172149337874
17.979742681,1.069928719374572
17.981810748,1.0698170183024442
17.983693326,1.0698170183024442
17.985630021000002,1.0696843732792927
17.987583376,1.0694260645499976
17.989620015,1.0693004008438538
17.991616412000003,1.0692236063567664
17.993747641000002,1.0690769986995987
17.995767706000002,1.0690769986995987
17.997693072,1.0688815218233754
17.999637971000002,1.0688535965553434
18.001642984,1.0688396339213275
18.003633709000002,1.0688815218233754
18.005625859000002,1.068958316310463
18.007620493,1.069021148163535
18.0096347,1.068965297627471
18.011729749,1.0689024657743993
18.014092963,1.069014166846527
18.015806839,1.069014166846527
18.017744826,1.069021148163535
18.019836578,1.0691188866016466
18.021676955,1.0691258679186546
18.023636927000002,1.0692166250397583
18.025679526,1.0693492700629097
18.027851988000002,1.0693702140139338
18.029657518,1.0693702140139338
18.033000277000003,1.069286438209838
18.033823566000002,1.069286438209838
18.035769553,1.0690351107975509
18.037655948,1.0690351107975509
18.039666452000002,1.0690420921145587
18.04166366,1.0690351107975509
18.043685785,1.0689862415784952
18.045654176000003,1.0689164284084152
18.047583659,1.0688815218233754
18.049639654,1.0688954844573912
18.051643653000003,1.0688605778723514
18.05375412,1.0688605778723514
18.055766509,1.0688117086532956
18.057657483,1.0688117086532956
18.059677878000002,1.0687628394342399
18.061663661,1.0687977460192797
18.063699663,1.0688954844573912
18.065661441,1.0688535965553434
18.067794423000002,1.0688954844573912
18.069658051,1.0688954844573912
18.071633778000002,1.0688815218233754
18.073899226,1.068965297627471
18.075783310000002,1.068965297627471
18.077711422,1.0690979426506226
18.079726529000002,1.0692236063567664
18.081715857000003,1.0693422887459019
18.083684222000002,1.0693632326969258
18.085724139,1.0692585129418062
18.087621457,1.0692585129418062
18.089606057,1.0693073821608619
18.091655839,1.0692026624057425
18.093730751000002,1.0692026624057425
18.095719041000002,1.0692026624057425
18.09767987,1.0690839800166068
18.09965491,1.0685813251920324
18.101606507,1.068700007581168
18.103620905,1.0687418954832157
18.105645868,1.0688326526043195
18.107659363,1.068958316310463
18.109679933000002,1.068937372359439
18.111653074,1.0689024657743993
18.113721718,1.068923409725423
18.11581777,1.068923409725423
18.117737432000002,1.0690420921145587
18.119748229000002,1.0693004008438538
18.121702758,1.069572672207165
18.123806803,1.0697472051323647
18.125648329,1.0697472051323647
18.127637181,1.069914756740556
18.129637560000003,1.0700194764956756
18.131571617000002,1.0700334391296915
18.133784423,1.06993570069158
18.135699027,1.06993570069158
18.137704680000002,1.069565690890157
18.139722864,1.0692445503077903
18.141616858000003,1.0692445503077903
18.143632159000003,1.0691188866016466
18.145646049,1.0688396339213275
18.147628204,1.0687209515321918
18.149580987,1.0687977460192797
18.151643461000003,1.0687139702151838
18.154236522,1.068679063630144
18.155715794000002,1.068679063630144
18.157781509,1.0686371757280961
18.159712454,1.0687628394342399
18.161724873,1.0687977460192797
18.163715731,1.0687349141662077
18.165723461000002,1.0687558581172318
18.167757035,1.0688186899703036
18.169663401,1.0688954844573912
18.171659192,1.0689024657743993
18.174206194,1.0688815218233754
18.17602432,1.0688815218233754
18.177842383,1.0688535965553434
18.179829784000002,1.0688745405063673
18.181778058000003,1.068937372359439
18.183814757,1.069014166846527
18.185928882000002,1.068965297627471
18.187766139,1.0689792602614872
18.189794335000002,1.0689443536764471
18.191947761,1.0689024657743993
18.194184818,1.0688535965553434
18.19611535,1.0688535965553434
18.197722214000002,1.0688117086532956
18.199894742,1.0686371757280961
18.201799313000002,1.0685115120219526
18.203962261,1.0684277362178567
18.205852395,1.0684277362178567
18.207748974,1.068309053828721
18.209707602,1.0682741472436812
18.211726033,1.0682462219756494
18.214091423000003,1.0682532032926575
18.215788163000003,1.0682532032926575
18.217906851000002,1.0682950911947051
18.219836073,1.0686092504600644
18.221773781,1.068700007581168
18.223720494000002,1.0686371757280961
18.22570868,1.0686930262641599
18.227699736,1.0688117086532956
18.229750839,1.069000204212511
18.231647838,1.0692026624057425
18.233972876000003,1.0693283261118858
18.235885801000002,1.0693283261118858
18.237878665,1.069321344794878
18.239632951,1.0693283261118858
18.241709437,1.0691468118696785
18.243840099,1.0689862415784952
18.245732287000003,1.0688396339213275
18.247738611000003,1.0688605778723514
18.249698169000002,1.0688396339213275
18.251633559000002,1.0688117086532956
18.253906834000002,1.0688326526043195
18.255835401000002,1.0688326526043195
18.257793558,1.0688535965553434
18.259745538,1.0688535965553434
18.261700548,1.0687558581172318
18.263754456,1.06865811967912
18.265843578000002,1.068672082313136
18.267667411,1.068672082313136
18.269721649,1.068672082313136
18.271650280000003,1.068679063630144
18.273897902,1.0686371757280961
18.275760089000002,1.0686371757280961
18.277696487,1.0685115120219526
18.279657370000002,1.0684696241199048
18.281630645,1.0684137735838408
18.283682153,1.0684137735838408
18.285624477000002,1.0684067922668328
18.287613059,1.0684137735838408
18.289641461000002,1.0684137735838408
18.29162114,1.0684067922668328
18.293751114000003,1.0684067922668328
18.295776885000002,1.0684067922668328
18.297708893,1.0684486801688806
18.299643868,1.0684347175348647
18.301614961000002,1.068392829632817
18.303647259,1.068392829632817
18.305705612,1.0684137735838408
18.307803976000002,1.0684486801688806
18.309649970000002,1.0684696241199048
18.311816578000002,1.0684347175348647
18.313703023000002,1.0684137735838408
18.315880056,1.0684137735838408
18.317891819,1.068378866998801
18.319653891,1.0684556614858887
18.321740878,1.0684137735838408
18.323764157,1.0684347175348647
18.325649553,1.0684137735838408
18.327619713,1.0683509417307693
18.329813225000002,1.068316035145729
18.331948634,1.068309053828721
18.333775191,1.0682671659266734
18.335875943,1.0682671659266734
18.337675951,1.068288109877697
18.339812855,1.0683299977797451
18.341780392,1.0683299977797451
18.343657867,1.0685184933389604
18.34564419,1.0687768020682558
18.347657143000003,1.068651138362112
18.349705574,1.0685952878260483
18.351615964,1.0685115120219526
18.353734908,1.0685184933389604
18.35578325,1.0685184933389604
18.357680180000003,1.0685184933389604
18.359689684000003,1.0685184933389604
18.36165883,1.0684766054369126
18.363651671,1.0682950911947051
18.36563984,1.0682043340736016
18.367645837,1.0681484835375377
18.369631421,1.0681345209035218
18.371625356000003,1.0680507450994259
18.373883693,1.0679460253443065
18.375720152,1.0679460253443065
18.377701132000002,1.0678063990041469
18.379622122,1.0677994176871388
18.381646304,1.0678692308572186
18.383627612,1.0679041374422584
18.385648613,1.0678692308572186
18.387669608,1.0678831934912345
18.389624846,1.0679250813932826
18.391643716,1.0680228198313941
18.393745779,1.068092633001474
18.395852041,1.068392829632817
18.397706604,1.068392829632817
18.399659111000002,1.0684975493879365
18.401721886,1.0685533999240004
18.403644703,1.0686930262641599
18.405647004000002,1.0687139702151838
18.407630046,1.068672082313136
18.409629436,1.0686092504600644
18.411641603,1.0685394372899844
18.41379559,1.0685184933389604
18.415828327,1.0685184933389604
18.417728289000003,1.0684486801688806
18.419732232,1.068309053828721
18.421692863,1.0681694274885616
18.423703827,1.0679669692953304
18.425699284,1.0678692308572186
18.427610693000002,1.0679041374422584
18.429656955000002,1.0679250813932826
18.431646735,1.0679879132463543
18.433703462,1.068085651684466
18.435857832,1.068085651684466
18.437681101000003,1.068288109877697
18.439716662000002,1.0681903714395855
18.441855486,1.0682322593416336
18.443679891000002,1.0682322593416336
18.445671723,1.0682322593416336
18.447850066,1.068127539586514
18.44969227,1.068127539586514
18.451780581,1.0681345209035218
18.453771670000002,1.0682043340736016
18.455985063,1.0682043340736016
18.457744364,1.0681554648545457
18.459671561,1.0680228198313941
18.461770404000003,1.0679460253443065
18.463935721000002,1.0678692308572186
18.465797153,1.0678692308572186
18.467721123,1.0678203616381627
18.469951537,1.0679250813932826
18.471667602,1.0679250813932826
18.47391191,1.0679250813932826
18.475790909,1.0679250813932826
18.47776575,1.0679111187592665
18.479811272000003,1.0679669692953304
18.481771730000002,1.0679879132463543
18.483751255,1.0680018758803702
18.485728857,1.0679879132463543
18.487702533,1.0679669692953304
18.489736018000002,1.068029801148402
18.491712534,1.068092633001474
18.493794484000002,1.068127539586514
18.495842099,1.068127539586514
18.497727425,1.0680716890504498
18.49970275,1.0680716890504498
18.501672224,1.0681065956354898
18.503699914000002,1.0681135769524979
18.505952685,1.068085651684466
18.507776345,1.068085651684466
18.509750967000002,1.068092633001474
18.511651630000003,1.0681345209035218
18.513699998,1.0681764088055696
18.51596525,1.068127539586514
18.517731439000002,1.068127539586514
18.519761552000002,1.0681484835375377
18.521814041000003,1.0681484835375377
18.523727596,1.0680716890504498
18.525777862,1.0679879132463543
18.527645125,1.0679669692953304
18.529711619,1.0679530066613143
18.531776111000003,1.068043763782418
18.533924102,1.068043763782418
18.535776098,1.068043763782418
18.53771843,1.0680228198313941
18.539704739,1.0680507450994259
18.541713182000002,1.0681554648545457
18.543778674000002,1.068316035145729
18.545744152,1.0683299977797451
18.547665387000002,1.0683299977797451
18.549756390000002,1.068392829632817
18.551750006000002,1.0684347175348647
18.553813273,1.0684905680709287
18.555854484,1.0685184933389604
18.557772481,1.0685184933389604
18.559717378000002,1.0685184933389604
18.561715615,1.0685184933389604
18.563917705,1.0685813251920324
18.565881179,1.0684766054369126
18.567750172,1.0684067922668328
18.569871745,1.0683299977797451
18.571808253,1.0683299977797451
18.574042253000002,1.0682532032926575
18.5759639,1.0682532032926575
18.577913023,1.0679809319293463
18.579657152000003,1.0678482869061947
18.581882503000003,1.0678692308572186
18.583834694,1.067778473736115
18.585951137000002,1.0678482869061947
18.587777214000003,1.0678901748082426
18.590009529,1.0679041374422584
18.591794808,1.0679041374422584
18.594013951,1.0678482869061947
18.595708244,1.0678482869061947
18.597873171,1.0679879132463543
18.599781921,1.0682950911947051
18.601875919,1.0682950911947051
18.603740610000003,1.068392829632817
18.605980527,1.0684696241199048
18.60789803,1.0685394372899844
18.609841231,1.0684975493879365
18.611871788000002,1.0684975493879365
18.613818170000002,1.0684696241199048
18.616070529,1.0684766054369126
18.617673396,1.0684766054369126
18.619731328,1.0684347175348647
18.621842353,1.0682741472436812
18.623740648000002,1.0682113153906094
18.625734089,1.0681764088055696
18.62763065,1.0682043340736016
18.629732393,1.0681694274885616
18.632009760000003,1.068043763782418
18.633806792,1.0679879132463543
18.635870427,1.0679879132463543
18.637740934,1.0679809319293463
18.639784997,1.0680228198313941
18.641804455000003,1.0680228198313941
18.643751365,1.0679809319293463
18.6457033,1.068064707733442
18.647765118000002,1.0681135769524979
18.649742134,1.0682950911947051
18.651653063,1.0684766054369126
18.654106799,1.0685952878260483
18.655890017,1.0685952878260483
18.657760763000002,1.0686301944110883
18.660000877,1.068923409725423
18.661758259000003,1.068923409725423
18.663688723,1.0689164284084152
18.665721495,1.0688815218233754
18.667675594000002,1.0688396339213275
18.669727233,1.0687837833852636
18.671667754,1.06865811967912
18.673824789,1.0684975493879365
18.675891652,1.0684975493879365
18.677853297000002,1.068316035145729
18.679860452,1.068316035145729
18.681764276000003,1.068092633001474
18.683756971,1.0677994176871388
18.685821735,1.0677086605660353
18.68765699,1.0678273429551708
18.689767849000003,1.0677296045170592
18.691878093,1.0676597913469792
18.693811748,1.0677016792490273
18.695764177,1.0677016792490273
18.697811925,1.0677505484680831
18.699746918000002,1.0677505484680831
18.701766616,1.0678273429551708
18.703666462,1.0680088571973783
18.705798553,1.0681694274885616
18.707720759,1.0682252780246255
18.709666416,1.0682532032926575
18.711758380000003,1.068288109877697
18.713923211,1.068288109877697
18.715738755,1.0683718856817932
18.717951273,1.0684486801688806
18.719655145,1.0684486801688806
18.721687250000002,1.0684556614858887
18.72366158,1.068357923047777
18.725660768,1.0682950911947051
18.727649941000003,1.0682252780246255
18.729637764,1.0681764088055696
18.73170881,1.0681694274885616
18.733745201,1.0681484835375377
18.735797458,1.0681484835375377
18.737744329,1.0680716890504498
18.739627053,1.0679809319293463
18.741862006,1.0680228198313941
18.743683674,1.0680228198313941
18.745682016,1.0678482869061947
18.747670326,1.0678273429551708
18.749665232,1.0679669692953304
18.751710948,1.0681345209035218
18.754008804,1.0682950911947051
18.755755925000003,1.0682950911947051
18.757712063,1.0684556614858887
18.759636941,1.0687768020682558
18.761758956,1.0689024657743993
18.763727217,1.0691188866016466
18.765615715000003,1.0694051205989736
18.767652468,1.0695238029881093
18.769638378,1.0694400271840137
18.77172489,1.0693841766479497
18.773812373000002,1.0692166250397583
18.775803413000002,1.0692166250397583
18.777706303000002,1.0689164284084152
18.779678150000002,1.0686301944110883
18.781712572,1.0686301944110883
18.783644416,1.0685115120219526
18.785660719000003,1.0682322593416336
18.787629826,1.0682322593416336
18.789630119,1.0682113153906094
18.79170182,1.0681135769524979
18.793723662,1.0681694274885616
18.795780383,1.0681694274885616
18.797680473,1.0682043340736016
18.799663452,1.0682671659266734
18.801668825,1.068357923047777
18.803680426,1.068392829632817
18.805718216000002,1.0685115120219526
18.807677316,1.0685533999240004
18.809630193,1.0686301944110883
18.811706599,1.0687209515321918
18.813775636000003,1.0688326526043195
18.816031082000002,1.0688326526043195
18.817729635000003,1.0689024657743993
18.819674853000002,1.0689164284084152
18.822042926,1.0688605778723514
18.823652313,1.0688605778723514
18.825646857000002,1.0688605778723514
18.827649641,1.0687349141662077
18.829618274,1.06865811967912
18.831735389000002,1.0685813251920324
18.833773146000002,1.0685813251920324
18.835801535,1.0685184933389604
18.837885306,1.0685184933389604
18.839838022000002,1.068357923047777
18.841909001,1.0681903714395855
18.843700779000002,1.068092633001474
18.845878824,1.0680018758803702
18.847738894000003,1.068092633001474
18.849980606000003,1.068127539586514
18.851738582,1.068127539586514
18.853820275,1.068092633001474
18.855897153,1.068064707733442
18.857714479000002,1.068064707733442
18.859813809000002,1.0681345209035218
18.861686816000002,1.0683509417307693
18.863949232,1.0684067922668328
18.865809648000003,1.0684067922668328
18.867753234000002,1.0685115120219526
18.869784852000002,1.0687139702151838
18.871766147000002,1.0688396339213275
18.873912895,1.0689443536764471
18.875786758,1.0689443536764471
18.877794650000002,1.0688186899703036
18.879856543000002,1.068288109877697
18.881720979,1.0681903714395855
18.883909493,1.0681764088055696
18.885781075,1.0680228198313941
18.887756522,1.0679250813932826
18.889741486000002,1.0677505484680831
18.891671026,1.0678063990041469
18.893701943,1.0678901748082426
18.895935275000003,1.0678692308572186
18.897794854,1.0678692308572186
18.899749101,1.0678482869061947
18.901675921000002,1.0678273429551708
18.903681913,1.0678831934912345
18.905679097,1.0679879132463543
18.907712577,1.068064707733442
18.909757551000002,1.068127539586514
18.911755593000002,1.0681903714395855
18.913831793,1.0682462219756494
18.915845929,1.0682252780246255
18.917676193000002,1.0682252780246255
18.919713322,1.068309053828721
18.921624201,1.0682741472436812
18.923650292,1.068309053828721
18.925642598,1.0682950911947051
18.927644669000003,1.0682671659266734
18.929617873,1.0682741472436812
18.931708387,1.0682741472436812
18.934060865000003,1.0682532032926575
18.935785858000003,1.0682532032926575
18.937696501,1.0682322593416336
18.939896655000002,1.0680716890504498
18.941752725,1.0680716890504498
18.943698653000002,1.0680716890504498
18.945754514,1.068064707733442
18.947708237,1.0681065956354898
18.949700264,1.0681065956354898
18.951638553000002,1.0681484835375377
18.953873404,1.068127539586514
18.955745083,1.068127539586514
18.957669498,1.068064707733442
18.959644689,1.068092633001474
18.961666175,1.0680018758803702
18.963625938,1.068064707733442
18.965653554000003,1.068092633001474
18.967661653,1.0681694274885616
18.969623008000003,1.068309053828721
18.971650202000003,1.0684137735838408
18.973753022,1.0685533999240004
18.975789605000003,1.0685533999240004
18.977775639,1.068923409725423
18.979807599,1.0692166250397583
18.981849501000003,1.0693492700629097
18.983674614,1.069321344794878
18.985752844,1.0692585129418062
18.987744892000002,1.0691049239676307
18.989667905,1.0688815218233754
18.991827673,1.0687209515321918
18.993782082000003,1.0687209515321918
18.995799945,1.0687139702151838
18.997685455000003,1.0687139702151838
18.999673446000003,1.0685603812410085
19.001665301000003,1.0682532032926575
19.003675934,1.068127539586514
19.005633346,1.0680088571973783
19.007671807,1.0678692308572186
19.009634485,1.0677505484680831
19.011656941000002,1.0677854550531227
19.013735328000003,1.0678622495402106
19.015980099,1.0678622495402106
19.01772576,1.0678692308572186
19.019774481000002,1.068085651684466
19.021679163,1.0681764088055696
19.023714606000002,1.0682462219756494
19.025653696000003,1.0682532032926575
19.027635890000003,1.0682322593416336
19.029615519,1.0682462219756494
19.032391231000002,1.0682322593416336
19.03528158,1.0682322593416336
19.036117360000002,1.0683369790967532
19.03765093,1.0683369790967532
19.039681526000003,1.068378866998801
19.041763075000002,1.068378866998801
19.043752360000003,1.0683509417307693
19.045624072000003,1.0682950911947051
19.047609995000002,1.0682532032926575
19.049655156,1.0682043340736016
19.051657878,1.0681554648545457
19.053866708,1.0681694274885616
19.055707773,1.0681694274885616
19.057734546000002,1.0680716890504498
19.059640828000003,1.0680018758803702
19.061691372000002,1.0679041374422584
19.063610169,1.0679041374422584
19.065631174,1.0679460253443065
19.06767872,1.068029801148402
19.069767707,1.068127539586514
19.071749735,1.068127539586514
19.073907307000002,1.0682322593416336
19.075896606,1.0682462219756494
19.077733993000002,1.0682462219756494
19.079868838,1.0682462219756494
19.081770207,1.0684696241199048
19.083754818000003,1.068651138362112
19.085739515,1.0688605778723514
19.087668188000002,1.0688954844573912
19.089643358,1.0689862415784952
19.091740597,1.0690979426506226
19.093774778,1.0690769986995987
19.095876895,1.0690769986995987
19.097840923,1.0688954844573912
19.099866029,1.068700007581168
19.101744103,1.068651138362112
19.103824454,1.0686301944110883
19.105867359,1.0685813251920324
19.107653475000003,1.0685743438750244
19.109723193,1.0685603812410085
19.111913797,1.0685743438750244
19.113849134000002,1.0685743438750244
19.115873307,1.0685394372899844
19.117745671,1.0685394372899844
19.119734847,1.0685184933389604
19.121773473,1.0685115120219526
19.12372248,1.0684905680709287
19.125772821,1.0685324559729763
19.1277133,1.0685813251920324
19.129622459,1.0686162317770722
19.131706938,1.06865811967912
19.133773668,1.0686930262641599
19.13579833,1.0686930262641599
19.137701481,1.0687349141662077
19.139720072000003,1.0687349141662077
19.141665149,1.068679063630144
19.143652629,1.068679063630144
19.145602665000002,1.068679063630144
19.147610369000002,1.0686301944110883
19.149646614,1.0685813251920324
19.151648837,1.0685115120219526
19.153723589000002,1.0684766054369126
19.155757853,1.0684766054369126
19.157942953000003,1.0685324559729763
19.16002112,1.0684696241199048
19.161747463,1.0684696241199048
19.163854762,1.0684556614858887
19.165720444,1.0682043340736016
19.167745405,1.0681484835375377
19.169667588000003,1.0681484835375377
19.171754553,1.068092633001474
19.173682042000003,1.068085651684466
19.175865388000002,1.068085651684466
19.177669400000003,1.068085651684466
19.179684638,1.0681345209035218
19.181702692,1.068378866998801
19.183632219,1.0684696241199048
19.18564474,1.0685115120219526
19.187672425000002,1.0686092504600644
19.189626222,1.0687837833852636
19.191676061000003,1.069014166846527
19.193956711000002,1.0691677558207022
19.195867800000002,1.0691677558207022
19.198005088000002,1.0693283261118858
19.19989555,1.069593616158189
19.201855422,1.069607578792205
19.203906659,1.069628522743229
19.205749434,1.0695098403540935
19.207929368000002,1.0694260645499976
19.209842411,1.0694260645499976
19.211791047000002,1.0691677558207022
19.213648416,1.0688535965553434
19.215797618,1.0687768020682558
19.218075382000002,1.0687768020682558
19.219680059,1.0685813251920324
19.221764169,1.0683299977797451
19.223886322000002,1.0682671659266734
19.225855105,1.0681554648545457
19.22764206,1.0681484835375377
19.229676621000003,1.0682252780246255
19.231783258,1.068316035145729
19.233863112,1.0684347175348647
19.235803089,1.0684347175348647
19.237701835000003,1.0685952878260483
19.239729302,1.0687628394342399
19.24167149,1.068937372359439
19.243656845,1.0690420921145587
19.245655915,1.0692166250397583
19.247668377,1.0691817184547183
19.249854619,1.0692236063567664
19.251686306,1.0692236063567664
19.253979778,1.0692236063567664
19.255933130000003,1.0691188866016466
19.257799158,1.0691188866016466
19.259787885,1.068923409725423
19.261776467,1.0686930262641599
19.263782066,1.0684905680709287
19.265786769,1.0684556614858887
19.267730721,1.068316035145729
19.269657397,1.0681694274885616
19.271721608,1.0680716890504498
19.273838748000003,1.0682043340736016
19.275808071,1.0682043340736016
19.277714797,1.0681135769524979
19.279667709,1.068043763782418
19.281642655000002,1.068092633001474
19.283793521,1.0681484835375377
19.285739142,1.0682113153906094
19.287666392000002,1.0684277362178567
19.289690563,1.0685813251920324
19.291643027000003,1.06865811967912
19.293966167,1.0686301944110883
19.295763549,1.0686301944110883
19.297687061,1.0688605778723514
19.299639987000003,1.0691049239676307
19.301656264000002,1.0692026624057425
19.30366335,1.0693492700629097
19.305659667,1.0693911579649578
19.307762797000002,1.0694121019159817
19.309771435000002,1.0692445503077903
19.311664473,1.0692166250397583
19.313840808000002,1.0691398305526705
19.315824308,1.0691398305526705
19.317678668000003,1.0690839800166068
19.319719228,1.0690420921145587
19.321702284,1.0690560547485748
19.323656633000002,1.069021148163535
19.325700505,1.0689862415784952
19.327651264,1.0689024657743993
19.329648796,1.0689024657743993
19.33160994,1.0689164284084152
19.333744256000003,1.0689862415784952
19.336218196,1.0691049239676307
19.337776482000002,1.0691049239676307
19.339702995,1.0691886997717264
19.341751333,1.069321344794878
19.343650369000002,1.0693004008438538
19.345667558000002,1.0694051205989736
19.347739663000002,1.0694051205989736
19.349825744,1.0693632326969258
19.352159147000002,1.0693702140139338
19.353923569000003,1.0693702140139338
19.355885492000002,1.0693632326969258
19.357749776000002,1.0693632326969258
19.359738181,1.0693841766479497
19.361908564,1.06927945689283
19.363785538000002,1.0691817184547183
19.365729085,1.0691398305526705
19.367692671,1.0690560547485748
19.369676389000002,1.0689443536764471
19.371751191,1.068923409725423
19.373944491,1.0688745405063673
19.375772243,1.0688745405063673
19.377805202,1.0688326526043195
19.379783691,1.0688326526043195
19.381902297,1.0687977460192797
19.383813977000003,1.0688117086532956
19.385670795000003,1.0687977460192797
19.387694932000002,1.0687837833852636
19.389619760000002,1.0686162317770722
19.39173062,1.0685533999240004
19.393864689,1.0684556614858887
19.395762671,1.0684556614858887
19.397758799,1.0685184933389604
19.399722552,1.0686092504600644
19.401732244,1.06865811967912
19.403690485000002,1.0687418954832157
19.405692534,1.0689164284084152
19.407764593,1.0690351107975509
19.409801656000003,1.0691188866016466
19.411685013,1.0692654942588142
19.413790520000003,1.0694260645499976
19.415799053,1.0694260645499976
19.417817072000002,1.069572672207165
19.419785476,1.069614560109213
19.421773554,1.0696494666942529
19.423695789,1.0696843732792927
19.425795513,1.069607578792205
19.427883624,1.0694051205989736
19.429761493,1.0693004008438538
19.431655980000002,1.0691886997717264
19.433936827,1.068965297627471
19.435751438,1.068965297627471
19.43775269,1.0688326526043195
19.439841413,1.0685813251920324
19.442001843,1.0683299977797451
19.443664836,1.0683299977797451
19.445884725000003,1.0681694274885616
19.447732955000003,1.068029801148402
19.449745226,1.0679320627102904
19.451699705000003,1.0678692308572186
19.453826149,1.0680228198313941
19.455993363,1.0680228198313941
19.457759823,1.068085651684466
19.459714065,1.0681903714395855
19.461731976000003,1.0682741472436812
19.463656309,1.0682322593416336
19.465664864,1.068316035145729
19.467772941,1.068357923047777
19.469742405,1.068316035145729
19.47164179,1.068316035145729
19.473754773,1.0683369790967532
19.475831694,1.0683369790967532
19.477870987000003,1.0682950911947051
19.479890201,1.0682532032926575
19.482194211,1.0682252780246255
19.483797816000003,1.0682252780246255
19.485953402,1.068127539586514
19.487840266000003,1.068043763782418
19.489814733000003,1.0679669692953304
19.49193318,1.0679460253443065
19.493918211,1.0679111187592665
19.495986493,1.0679111187592665
19.497955165,1.0679320627102904
19.499952648,1.0679809319293463
19.501881713,1.068029801148402
19.503800498,1.068127539586514
19.505781192,1.0682671659266734
19.507818781,1.068378866998801
19.509884016,1.0685533999240004
19.51190403,1.0687139702151838
19.513869526,1.0688396339213275
19.515880244,1.0688396339213275
19.517841908,1.069000204212511
19.519761276,1.0692375689907823
19.52202889,1.0691886997717264
19.523906783,1.0691398305526705
19.525877524000002,1.0690769986995987
19.527887027000002,1.0689164284084152
19.530027287000003,1.0687558581172318
19.531809309,1.0686930262641599
19.53403398,1.0685533999240004
19.536023116000003,1.0685533999240004
19.537925968,1.0684137735838408
19.53986631,1.0682043340736016
19.542225648000002,1.0681065956354898
19.543982983000003,1.0681065956354898
19.545889349000003,1.068029801148402
19.547994391,1.068127539586514
19.549865522,1.0682043340736016
19.551794705000002,1.068288109877697
19.553857401000002,1.068316035145729
19.555865188000002,1.068316035145729
19.557795786,1.0684067922668328
19.559865077,1.0685115120219526
19.561724831000003,1.0685115120219526
19.563851067,1.0685743438750244
19.565801472,1.0688396339213275
19.567951872000002,1.0688605778723514
19.569841141,1.0688605778723514
19.571816373,1.0688535965553434
19.573941964000003,1.0688605778723514
19.57598553,1.0688605778723514
19.577775809000002,1.0688186899703036
19.579724526,1.0688186899703036
19.581701786,1.0687628394342399
19.58363464,1.0686092504600644
19.585615957,1.0685324559729763
19.587686396000002,1.0684277362178567
19.589795114,1.068378866998801
19.591731826,1.0682671659266734
19.594007338,1.0682741472436812
19.595808947000002,1.0682741472436812
19.597719637,1.0682671659266734
19.599665577,1.0682671659266734
19.60170924,1.0682462219756494
19.603736159,1.0681764088055696
19.605750292,1.0681554648545457
19.607928695000002,1.0681554648545457
19.609897494000002,1.0681554648545457
19.611813372,1.0682043340736016
19.613880595,1.0682252780246255
19.616019530000003,1.0682252780246255
19.617987873,1.068309053828721
19.619888781,1.0683509417307693
19.621727071000002,1.0683509417307693
19.623731115000002,1.068309053828721
19.625870775000003,1.0684067922668328
19.627764561000003,1.0684905680709287
19.629738488,1.06865811967912
19.631599053000002,1.0687977460192797
19.633751603,1.0689024657743993
19.635841187,1.0689024657743993
19.637712446000002,1.068923409725423
19.639776037,1.0687139702151838
19.641779692,1.0685603812410085
19.643686932,1.0684556614858887
19.645642968,1.0682950911947051
19.647667418,1.0682950911947051
19.649683896000003,1.0681903714395855
19.651719392,1.068029801148402
19.65372981,1.0679111187592665
19.655816896,1.0679111187592665
19.657696399000002,1.0678063990041469
19.65969236,1.0677505484680831
19.661891519,1.0676807352980031
19.663782269000002,1.0676807352980031
19.665685162000003,1.0676388473959555
19.667677857,1.0676039408109155
19.669651448,1.0676807352980031
19.671628752,1.0677226232000512
19.674014083000003,1.067764511102099
19.675768909000002,1.067764511102099
19.677700313000003,1.0678622495402106
19.679724834,1.0681065956354898
19.681781065000003,1.0681135769524979
19.683652119,1.0681484835375377
19.685665655,1.0681554648545457
19.687807849000002,1.0682252780246255
19.689741119,1.0683369790967532
19.691766979,1.0684067922668328
19.693943802,1.0684137735838408
19.695776379,1.0684137735838408
19.697813129,1.0683369790967532
19.699713404,1.0683369790967532
19.701732187,1.068357923047777
19.703642807,1.0682950911947051
19.705695151,1.0683718856817932
19.707874474,1.0682741472436812
19.709748681,1.0681903714395855
19.711761468000002,1.0681694274885616
19.713821379000002,1.0681065956354898
19.715812426000003,1.0681065956354898
19.717723131,1.0681345209035218
19.719769028,1.0681345209035218
19.72172037,1.0682043340736016
19.723630336000003,1.068288109877697
19.725739865,1.0683369790967532
19.727620734000002,1.0684905680709287
19.729651048,1.0685813251920324
19.731679845000002,1.06865811967912
19.734015827,1.0686162317770722
19.735902782,1.0686162317770722
19.737720187,1.0685324559729763
19.739675689000002,1.0684905680709287
19.741672150000003,1.0684277362178567
19.743667007000003,1.0683718856817932
19.745718747,1.068288109877697
19.747808401,1.0681484835375377
19.749656639,1.0680228198313941
19.751806722,1.0679250813932826
19.753787900000003,1.0678692308572186
19.756109617,1.0678692308572186
19.757714261,1.0678273429551708
19.759746646,1.067764511102099
19.761878788,1.0676597913469792
19.763676833,1.0676597913469792
19.765708980000003,1.0676458287129633
19.767680118,1.0676667726639872
19.769675575,1.067764511102099
19.771832169,1.0678482869061947
19.773891751,1.0679041374422584
19.776190115000002,1.0679041374422584
19.777750229000002,1.0679530066613143
19.779692732,1.068127539586514
19.781701425,1.0681694274885616
19.783687035,1.0682322593416336
19.785865065000003,1.068316035145729
19.787777052000003,1.0682741472436812
19.789684931,1.0682671659266734
19.791782826000002,1.068288109877697
19.793823980000003,1.0682671659266734
19.795824097,1.0682671659266734
19.797819377,1.0682532032926575
19.799793407000003,1.068092633001474
19.801739154,1.0680507450994259
19.803751291,1.0679530066613143
19.805657392,1.0678273429551708
19.807680022,1.0678203616381627
19.809606695000003,1.0677296045170592
19.811674113000002,1.0677226232000512
19.813807668000003,1.0675620529088676
19.816033813,1.067506202372804
19.817677812000003,1.067506202372804
19.819775342,1.0674643144707558
19.8216429,1.0675411089578437
19.823683392,1.0676179034449316
19.825682843000003,1.0676388473959555
19.827637395,1.0676597913469792
19.829635122000003,1.0678203616381627
19.831982843000002,1.068043763782418
19.83376622,1.0681135769524979
19.835781749000002,1.0681135769524979
19.837875111000002,1.068064707733442
19.839891574000003,1.068064707733442
19.841815554,1.068378866998801
19.843811136000003,1.0686162317770722
19.845817512,1.0686930262641599
19.847697223,1.0688954844573912
19.849812231,1.0690420921145587
19.851668152000002,1.0688605778723514
19.85391153,1.0688117086532956
19.855786552,1.0688117086532956
19.857785312,1.0685533999240004
19.859699957,1.0683299977797451
19.861706474000002,1.068357923047777
19.863694285,1.0682043340736016
19.865754271,1.0681554648545457
19.867904559000003,1.068064707733442
19.869859845,1.0681694274885616
19.87178166,1.0681694274885616
19.873981473,1.0681065956354898
19.875783874,1.0681065956354898
19.877704887,1.0682113153906094
19.87984457,1.0683718856817932
19.881827814,1.0683718856817932
19.883690892,1.0685603812410085
19.885810757,1.0687768020682558
19.887685819,1.0688815218233754
19.889616921000002,1.068923409725423
19.891788318,1.069000204212511
19.893863218,1.069021148163535
19.895757672000002,1.069021148163535
19.897864948000002,1.0690351107975509
19.899756702,1.069014166846527
19.901858478,1.068923409725423
19.903983453000002,1.0688745405063673
19.905786345000003,1.0688117086532956
19.907832173000003,1.0687209515321918
19.909882495,1.0686930262641599
19.911869878,1.0685115120219526
19.914073029,1.0684137735838408
19.915992963,1.0684137735838408
19.917838442,1.068309053828721
19.919746201000002,1.068127539586514
19.922065757000002,1.068092633001474
19.923851681000002,1.068029801148402
19.925853240000002,1.068029801148402
19.927864387,1.068029801148402
19.92978145,1.0679111187592665
19.931731433,1.0679041374422584
19.933876688,1.0678203616381627
19.935893574,1.0678203616381627
19.937874195000003,1.0677854550531227
19.939798005,1.0679041374422584
19.941932999000002,1.0679809319293463
19.943771573000003,1.0679809319293463
19.945759092000003,1.0679530066613143
19.947805098,1.0681484835375377
19.949778342000002,1.068357923047777
19.951820096000002,1.0684766054369126
19.953826876,1.0684905680709287
19.955965734000003,1.0686092504600644
19.95782106,1.0686092504600644
19.959830557,1.0686930262641599
19.961753841,1.0685115120219526
19.96365257,1.0682741472436812
19.965688909,1.0683299977797451
19.967814377,1.0683509417307693
19.969673827,1.0681694274885616
19.971951891,1.0679879132463543
19.973829034,1.0679879132463543
19.975698973,1.0679320627102904
19.977641256000002,1.0678203616381627
19.979678139,1.067778473736115
19.981747535,1.0678063990041469
19.983653999,1.0677505484680831
19.985745700000003,1.0677994176871388
19.987683587000003,1.0678482869061947
19.989831703,1.0679320627102904
19.991718402,1.0680088571973783
19.993708469,1.068092633001474
19.995888126,1.0682462219756494
19.997993362000003,1.0682462219756494
19.999831828,1.0683509417307693
20.001751102,1.0683718856817932
20.003729816,1.0683509417307693
20.005775485,1.0684067922668328
20.007762385,1.0684137735838408
20.009707159,1.0683718856817932
20.011729492,1.0682741472436812
20.014092692000002,1.0682532032926575
20.015737279,1.0682532032926575
20.017851890000003,1.0681764088055696
20.019632733,1.0680507450994259
20.021641371,1.0679879132463543
20.023668905,1.0679041374422584
20.025887007,1.0679041374422584
20.027853555,1.0678622495402106
20.029757649,1.0678203616381627
20.031628829000002,1.0678413055891867
20.034054606,1.0678482869061947
20.035789688,1.0678482869061947
20.037711595,1.0678831934912345
20.039681821000002,1.0679879132463543
20.041739756000002,1.0680018758803702
20.043631535000003,1.0681345209035218
20.045629164,1.0683299977797451
20.047668423,1.0684277362178567
20.049657172,1.0684766054369126
20.051677953000002,1.0685813251920324
20.053736075,1.0687139702151838
20.055866486000003,1.0687768020682558
20.057712539,1.0687768020682558
20.059792864000002,1.0687418954832157
20.061685097,1.0684905680709287
20.063749191000003,1.0683369790967532
20.065662691,1.068316035145729
20.067745113,1.068309053828721
20.069688160000002,1.068309053828721
20.071774664000003,1.0682671659266734
20.074047262,1.0682532032926575
20.075950068,1.0682532032926575
20.077800804000002,1.0682252780246255
20.079807679,1.0681135769524979
20.081768291,1.0681065956354898
20.083711412,1.0681345209035218
20.085866290000002,1.0681903714395855
20.087758431,1.0683299977797451
20.090015856,1.0683509417307693
20.091738292000002,1.0683509417307693
20.093860517,1.0684067922668328
20.095892398,1.0684067922668328
20.097810112,1.0684137735838408
20.099696501,1.0684556614858887
20.101950131000002,1.0684975493879365
20.103831248000002,1.0684975493879365
20.10572428,1.0685533999240004
20.107941396,1.0685533999240004
20.109809255000002,1.0685533999240004
20.111761512,1.0685743438750244
20.114047221,1.0685184933389604
20.115939001,1.0685184933389604
20.117715200000003,1.0684486801688806
20.119831361000003,1.0684486801688806
20.12176519,1.068316035145729
20.123705435,1.0681694274885616
20.125732363,1.0681554648545457
20.127697944,1.068092633001474
20.129831097,1.0680716890504498
20.131738555000002,1.0680716890504498
20.133754613,1.068029801148402
20.135889039000002,1.0679111187592665
20.137879493,1.0679111187592665
20.139841070000003,1.0679250813932826
20.141714648,1.0677226232000512
20.143749585000002,1.0676597913469792
20.145895716000002,1.0675271463238276
20.147846485000002,1.0674154452517
20.150028024,1.0674154452517
20.151798781,1.067401482617684
20.153753345000002,1.0676179034449316
20.15613128,1.0676179034449316
20.157806905,1.0676877166150112
20.159907581000002,1.0676877166150112
20.161746774,1.0676597913469792
20.163757045,1.0679111187592665
20.165726318,1.068085651684466
20.167763794000003,1.0681694274885616
20.169803024,1.0682043340736016
20.171865352,1.0681345209035218
20.173785574,1.0681135769524979
20.175852697,1.0681135769524979
20.177904480000002,1.0681065956354898
20.179885144,1.0681065956354898
20.181752988,1.068064707733442
20.183702372000003,1.0679460253443065
20.185740865,1.0678413055891867
20.187784766,1.0678273429551708
20.189857035000003,1.0678273429551708
20.191856297,1.067764511102099
20.19394935,1.067764511102099
20.195768994,1.0675969594939074
20.197769037,1.0674643144707558
20.199726543,1.0674643144707558
20.201997162,1.0674643144707558
20.203943143,1.067764511102099
20.205782602000003,1.067743567151075
20.208021472000002,1.0677994176871388
20.209998096,1.0677994176871388
20.211876948,1.0677226232000512
20.214114059,1.067743567151075
20.215921627,1.0678622495402106
20.217882812000003,1.0678622495402106
20.219958082,1.0679041374422584
20.222127897,1.0679250813932826
20.223962448,1.0679250813932826
20.225954208,1.0679250813932826
20.227924169,1.0679320627102904
20.230173042,1.0679320627102904
20.231895354000002,1.0679320627102904
20.234144723,1.0679041374422584
20.236219943000002,1.0678901748082426
20.237879766000002,1.0678901748082426
20.239805752000002,1.0678063990041469
20.241827335,1.0676667726639872
20.243877048,1.0675760155428835
20.245792143000003,1.0675271463238276
20.247762346000002,1.067478277104772
20.249914598,1.0674573331537478
20.251883529,1.06748525842178
20.253805145,1.0675411089578437
20.255981826000003,1.0675271463238276
20.257876901,1.0675271463238276
20.259810088000002,1.0675620529088676
20.261858768,1.0676179034449316
20.263772680000002,1.0676388473959555
20.265799147000003,1.0676667726639872
20.267822089000003,1.067743567151075
20.269790787,1.0678413055891867
20.271945231,1.0678831934912345
20.273706819,1.0679530066613143
20.276096854000002,1.068043763782418
20.277721182,1.068043763782418
20.279686476000002,1.0681135769524979
20.281768720000002,1.0681694274885616
20.283686568,1.0681694274885616
20.285700287,1.0681345209035218
20.287694522000002,1.0680018758803702
20.289696665,1.0680018758803702
20.291642030000002,1.0680088571973783
20.293785091,1.0678901748082426
20.295799917,1.0678901748082426
20.297727836,1.0677994176871388
20.299716651,1.0677994176871388
20.301709566,1.067743567151075
20.303664108,1.0677226232000512
20.305681059,1.0676877166150112
20.307648355,1.0676458287129633
20.309811722000003,1.0675969594939074
20.311685346,1.0675969594939074
20.313802775000003,1.0677086605660353
20.315874827000002,1.0677086605660353
20.317698291000003,1.0678622495402106
20.319714525000002,1.0678622495402106
20.321684336,1.0678831934912345
20.323654521,1.0678692308572186
20.325680564000002,1.0678622495402106
20.327637238,1.0679809319293463
20.329696748,1.0679809319293463
20.331640326000002,1.0679669692953304
20.333756781,1.068043763782418
20.335758403,1.068043763782418
20.337698468000003,1.068064707733442
20.339771686000002,1.068029801148402
20.342013128,1.0680716890504498
20.343654982,1.0680716890504498
20.345664944000003,1.0679111187592665
20.347850194000003,1.0678831934912345
20.349684209000003,1.0678831934912345
20.351632533,1.0678622495402106
20.353785228,1.0678063990041469
20.355719712000003,1.0678063990041469
20.357887027,1.0678273429551708
20.36027762,1.0678901748082426
20.361827257,1.0678901748082426
20.363717684,1.0679041374422584
20.365853116,1.0678203616381627
20.367779009000003,1.067778473736115
20.369715164000002,1.0677854550531227
20.371757883,1.0678622495402106
20.373887112000002,1.0678901748082426
20.37593023,1.0678901748082426
20.377958717000002,1.0679460253443065
20.379854002000002,1.0679460253443065
20.381675023,1.0681135769524979
20.383729431000003,1.0683299977797451
20.385774039,1.068378866998801
20.387702619000002,1.0684067922668328
20.389854444,1.0684067922668328
20.391696079000003,1.068357923047777
20.393930668000003,1.0682950911947051
20.395844446,1.0682950911947051
20.397878028,1.068288109877697
20.399832577,1.068288109877697
20.401753253000003,1.0681903714395855
20.403723879,1.068043763782418
20.405754723,1.0679809319293463
20.407712973000002,1.0678901748082426
20.409707781,1.0679460253443065
20.411643268000002,1.0680088571973783
20.413810835,1.0680088571973783
20.415797782000002,1.0680088571973783
20.417676515,1.0680088571973783
20.419639776,1.068288109877697
20.421664658,1.0684905680709287
20.42375466,1.0684905680709287
20.425929434,1.0686162317770722
20.427776697000002,1.068679063630144
20.429788375,1.0686930262641599
20.431754344,1.0687209515321918
20.433762180000002,1.0687349141662077
20.435776591,1.0687349141662077
20.437767988,1.0687977460192797
20.439747982,1.0687209515321918
20.441724576000002,1.0687209515321918
20.443726505,1.068700007581168
20.445689409,1.0684137735838408
20.447647108,1.0682741472436812
20.449626311000003,1.0681345209035218
20.451646949,1.0681065956354898
20.453980789000003,1.0679460253443065
20.455939268,1.0679460253443065
20.457799725,1.067764511102099
20.45979552,1.0676807352980031
20.461661979000002,1.0676458287129633
20.463666612,1.0676458287129633
20.465678382,1.067743567151075
20.467642676,1.0677296045170592
20.469624671000002,1.0677296045170592
20.471615149,1.0678063990041469
20.473831928000003,1.0678413055891867
20.475779040000003,1.0678413055891867
20.477721838,1.0678901748082426
20.479698297000002,1.0681135769524979
20.481701884,1.0682741472436812
20.483717435000003,1.0684137735838408
20.485616044,1.0685952878260483
20.487610977000003,1.0687558581172318
20.489665338000002,1.0689164284084152
20.491654431,1.068965297627471
20.493791679,1.0689164284084152
20.495901016,1.0689164284084152
20.497692211,1.0688117086532956
20.499684527000003,1.0686371757280961
20.501716381,1.0686092504600644
20.503694775,1.0684696241199048
20.505614276000003,1.068316035145729
20.507724493,1.0682741472436812
20.50964987,1.0682252780246255
20.511633088,1.0681135769524979
20.513996943000002,1.0680018758803702
20.516006131,1.0680018758803702
20.517881291000002,1.0679460253443065
20.519787797000003,1.0680507450994259
20.521838229,1.0681554648545457
20.523898182,1.0681135769524979
20.525870797,1.068043763782418
20.527748915,1.0681135769524979
20.529948787000002,1.0681484835375377
20.53185419,1.0681554648545457
20.534022114000003,1.0681554648545457
20.535861366000002,1.0681764088055696
20.538013154,1.0681764088055696
20.539826524000002,1.068288109877697
20.541872455,1.0683299977797451
20.544066670000003,1.068378866998801
20.545882201,1.068378866998801
20.547843444,1.0683718856817932
20.54987021,1.068309053828721
20.551806804,1.0682462219756494
20.553920402000003,1.0682462219756494
20.555811839,1.0681345209035218
20.55785441,1.0681345209035218
20.55969543,1.068043763782418
20.561688371000002,1.0679111187592665
20.563993362,1.0678901748082426
20.565709573000003,1.0679320627102904
20.567757221,1.0679530066613143
20.569827145,1.0679530066613143
20.571866835,1.0680018758803702
20.573967346,1.0680228198313941
20.575824488000002,1.0680228198313941
20.577837081000002,1.068085651684466
20.57983445,1.0681764088055696
20.581817399000002,1.0683369790967532
20.583813126000003,1.0684766054369126
20.585720634,1.0685952878260483
20.587804398000003,1.0687418954832157
20.589786735,1.0689792602614872
20.591724432000003,1.0690560547485748
20.593853193,1.0690560547485748
20.595733861000003,1.0691468118696785
20.59771426,1.0693911579649578
20.599780183,1.0693283261118858
20.601783932,1.0691886997717264
20.603979073,1.0691049239676307
20.605851771,1.0691258679186546
20.607975813000003,1.0691398305526705
20.609811859,1.0690769986995987
20.611917359,1.0689862415784952
20.613980891,1.0689443536764471
20.616086507000002,1.0688745405063673
20.617952016,1.0688745405063673
20.619934678,1.0687209515321918
20.621779494000002,1.0684905680709287
20.623952757,1.0683718856817932
20.625792302,1.0683718856817932
20.627790106000003,1.0684067922668328
20.629989436000002,1.0683509417307693
20.631832481,1.068378866998801
20.63384147,1.068378866998801
20.635754412,1.0684277362178567
20.63767791,1.0686371757280961
20.639705549000002,1.0687558581172318
20.641685382000002,1.0688954844573912
20.643747536000003,1.0689792602614872
20.645678629000003,1.068923409725423
20.647650643000002,1.068965297627471
20.649654299,1.068958316310463
20.651826359,1.0689862415784952
20.653791144000003,1.0690351107975509
20.655912311,1.0690351107975509
20.657790946000002,1.0690769986995987
20.659776248,1.068937372359439
20.661826193,1.0688117086532956
20.663830232000002,1.0685533999240004
20.665668737,1.0684277362178567
20.667714448,1.068357923047777
20.669872660000003,1.0683299977797451
20.671775297,1.0682532032926575
20.673707356,1.0682043340736016
20.675841567000003,1.0681764088055696
20.677878221,1.0681764088055696
20.679718487000002,1.0680228198313941
20.681773486,1.0677994176871388
20.683703422,1.0677994176871388
20.685703604,1.0679669692953304
20.687674503,1.0681345209035218
20.689645371,1.0681554648545457
20.691652859,1.0681694274885616
20.693751323,1.0681764088055696
20.695789117,1.0681764088055696
20.697706472,1.0682532032926575
20.69968815,1.0684486801688806
20.701681851,1.0685184933389604
20.703645048000002,1.0685533999240004
20.705663283,1.0684556614858887
20.707641973,1.0683299977797451
20.709660264,1.0681554648545457
20.711717534,1.0681484835375377
20.71387001,1.0681484835375377
20.715785003,1.0681554648545457
20.71771,1.0681554648545457
20.719671745000003,1.068064707733442
20.721644870000002,1.0679250813932826
20.7236698,1.0677505484680831
20.725678417,1.0677086605660353
20.727668708000003,1.0677016792490273
20.729669931,1.0677016792490273
20.73167072,1.0677086605660353
20.733982409000003,1.067743567151075
20.735815694000003,1.067743567151075
20.737851036000002,1.067764511102099
20.739814805,1.067764511102099
20.741752367,1.0678063990041469
20.74385719,1.068064707733442
20.745719569000002,1.0681903714395855
20.747863922,1.0682741472436812
20.749694655000003,1.068316035145729
20.751676029000002,1.0682671659266734
20.75398079,1.0684277362178567
20.756042031,1.0684277362178567
20.757730111,1.0684696241199048
20.759828386000002,1.0686371757280961
20.761736962,1.0687139702151838
20.763752896,1.06865811967912
20.765913705000003,1.0686301944110883
20.767843882,1.0685603812410085
20.769678118,1.0685115120219526
20.771726078,1.0684766054369126
20.773853558000003,1.0683299977797451
20.775877438000002,1.0683299977797451
20.777700705,1.0682462219756494
20.779827704000002,1.0681345209035218
20.781672204000003,1.068127539586514
20.783705627,1.068127539586514
20.785646291000003,1.0681554648545457
20.787771256000003,1.0681345209035218
20.789790522,1.0681065956354898
20.791840322000002,1.0680228198313941
20.793929995000003,1.0680018758803702
20.796371159,1.0680018758803702
20.797798297,1.0680018758803702
20.799720840000003,1.0681345209035218
20.80165483,1.068288109877697
20.803668362,1.0684766054369126
20.805662127,1.0685533999240004
20.807665786,1.0685603812410085
20.809665515000003,1.0685115120219526
20.811927719,1.0684277362178567
20.813861722000002,1.0684277362178567
20.815824436,1.0683509417307693
20.817862115,1.0683509417307693
20.819724438,1.0681903714395855
20.821814855000003,1.0681554648545457
20.823671087,1.0681484835375377
20.825849847,1.068127539586514
20.827734655,1.0680018758803702
20.829782996000002,1.0679530066613143
20.831660644000003,1.0679460253443065
20.833872026,1.0679530066613143
20.835731810000002,1.0679530066613143
20.837711305000003,1.0679879132463543
20.839798884,1.0682043340736016
20.841743695,1.0681903714395855
20.843735510000002,1.0682741472436812
20.845704807,1.0682741472436812
20.847648493,1.068309053828721
20.849635285,1.068378866998801
20.851678470000003,1.068309053828721
20.853939185,1.068309053828721
20.856014222000002,1.068309053828721
20.857810606,1.068309053828721
20.859706494,1.0683369790967532
20.86172763,1.068357923047777
20.863754395,1.0683299977797451
20.865791180000002,1.068357923047777
20.867718075000003,1.068316035145729
20.869752633,1.0682671659266734
20.87178846,1.0682252780246255
20.873989055000003,1.0682252780246255
20.875871161000003,1.0682252780246255
20.87780867,1.0681554648545457
20.879871809,1.0681694274885616
20.881835703,1.0681694274885616
20.883827317,1.068085651684466
20.885862153,1.068064707733442
20.887833078,1.068029801148402
20.889658138,1.068029801148402
20.891719437000003,1.0680507450994259
20.893842713,1.068092633001474
20.895733454000002,1.068092633001474
20.897737072,1.0681065956354898
20.899725334000003,1.0681065956354898
20.901695435,1.068043763782418
20.903652971,1.068029801148402
20.905659209000003,1.068043763782418
20.907635458,1.068029801148402
20.909649747,1.0679879132463543
20.911688266000002,1.0679879132463543
20.913866497,1.0679460253443065
20.915739038,1.0679460253443065
20.917707482,1.0680088571973783
20.91969045,1.0682322593416336
20.921749740000003,1.0684067922668328
20.923755641,1.068288109877697
20.925665733000002,1.0681135769524979
20.927894084000002,1.0680018758803702
20.929674176000002,1.0680018758803702
20.931674046,1.0679879132463543
20.934068908,1.0680088571973783
20.935830645000003,1.0680088571973783
20.937756412000002,1.0679809319293463
20.93984706,1.0679809319293463
20.941744657,1.0679530066613143
20.943734921,1.0678063990041469
20.945664322000002,1.0677226232000512
20.947763559000002,1.067778473736115
20.949732794000003,1.0678203616381627
20.951798755000002,1.067764511102099
20.953889436,1.0677226232000512
20.955891018000003,1.0677226232000512
20.957807913,1.0677296045170592
20.959706107000002,1.0677296045170592
20.961803072000002,1.0678063990041469
20.963834648000002,1.0678831934912345
20.96576378,1.0679111187592665
20.967708882,1.0679669692953304
20.969712432,1.0679809319293463
20.971749834,1.0680716890504498
20.9740578,1.0680507450994259
20.975948962,1.0680507450994259
20.977876216000002,1.0681484835375377
20.979798636,1.068316035145729
20.981970837000002,1.0683369790967532
20.983741433000002,1.0683299977797451
20.985673744,1.0682950911947051
20.987830199,1.0683299977797451
20.989884713000002,1.0682462219756494
20.991861848000003,1.0681903714395855
20.993979869,1.0681135769524979
20.996009369000003,1.0681135769524979
20.998063422,1.0680088571973783
20.999883344,1.0680088571973783
21.001894521,1.0679041374422584
21.004085410000002,1.0678622495402106
21.005844806000002,1.0678482869061947
21.007915909,1.0679111187592665
21.009811059,1.0679530066613143
21.011878640000003,1.0680507450994259
21.01393411,1.0681484835375377
21.015900668,1.0681484835375377
21.017776422,1.0681484835375377
21.019888388000002,1.068029801148402
21.021776764000002,1.0680507450994259
21.023762558,1.0679809319293463
21.025623515000003,1.0679879132463543
21.027645986,1.0679669692953304
21.029622618,1.068043763782418
21.03167694,1.068043763782418
21.03383646,1.0679879132463543
21.03585556,1.0679879132463543
21.037778091,1.068029801148402
21.039771713,1.068029801148402
21.041779006000002,1.0679250813932826
21.043755644,1.0678831934912345
21.045734641000003,1.0678831934912345
21.047711274,1.0678482869061947
21.049784278,1.067764511102099
21.051912878,1.0677296045170592
21.054039768000003,1.0677296045170592
21.055950712,1.0677226232000512
21.057790472,1.0677226232000512
21.059889063,1.0677505484680831
21.061884085000003,1.0677505484680831
21.063847027,1.0676807352980031
21.065752781,1.0676597913469792
21.067822279,1.0677226232000512
21.069886988,1.067743567151075
21.071801309,1.0677994176871388
21.074033117000003,1.0677994176871388
21.076067226000003,1.0677994176871388
21.07771352,1.0678413055891867
21.079793149,1.0678831934912345
21.081781174,1.0678831934912345
21.083997873,1.0679669692953304
21.085757436,1.0679669692953304
21.087715938000002,1.0679250813932826
21.089741475,1.0679320627102904
21.091747228000003,1.0678831934912345
21.094091863000003,1.0679041374422584
21.095745963000002,1.0679041374422584
21.097750353000002,1.0678273429551708
21.099699856,1.0677854550531227
21.102100715000002,1.0677016792490273
21.103707871,1.0677016792490273
21.105924093000002,1.0676597913469792
21.107946096000003,1.067506202372804
21.109897169,1.06748525842178
21.111887622,1.0674992210557959
21.113922887,1.0676388473959555
21.115961259000002,1.0676388473959555
21.117986368,1.0677505484680831
21.119836231,1.0678273429551708
21.122112377,1.0679111187592665
21.123706147,1.0679111187592665
21.125718607,1.0681345209035218
21.127730699,1.0682322593416336
21.129857488000003,1.0682322593416336
21.131782939,1.068288109877697
21.133854715000002,1.068288109877697
21.135753629,1.0682950911947051
21.137744320000003,1.0682671659266734
21.139943025,1.0682462219756494
21.141703767000003,1.0682462219756494
21.143718302,1.0682462219756494
21.145862295,1.0682113153906094
21.147831175,1.0682252780246255
21.149758642000002,1.0682532032926575
21.15175717,1.0681903714395855
21.153734671000002,1.0682671659266734
21.155743501,1.0682671659266734
21.157802126,1.0682462219756494
21.159844603,1.0682462219756494
21.161719215,1.0683369790967532
21.163789819,1.0683509417307693
21.16589864,1.068357923047777
21.167749134,1.068378866998801
21.169884817,1.0684277362178567
21.171991815000002,1.0684347175348647
21.173787138,1.0684347175348647
21.175852503,1.0684137735838408
21.177837825,1.0684137735838408
21.180040342,1.068378866998801
21.181816286,1.0683509417307693
21.183755435000002,1.0682741472436812
21.185796182,1.068288109877697
21.187878164,1.0682741472436812
21.189709642,1.0682741472436812
21.191779829,1.0681903714395855
21.193844757,1.0681764088055696
21.195749305,1.0681764088055696
21.197719026,1.0681764088055696
21.199806419,1.0681764088055696
21.201707343000002,1.0681764088055696
21.203664246000002,1.0682532032926575
21.205649882000003,1.0682462219756494
21.207666902,1.0682950911947051
21.209788903,1.0682462219756494
21.21191332,1.0682462219756494
21.214145105,1.0682462219756494
21.215960555000002,1.0682462219756494
21.217887425,1.0681903714395855
21.219833662000003,1.068085651684466
21.22187308,1.0680507450994259
21.224002794,1.068085651684466
21.225847588,1.068085651684466
21.227791666,1.0681065956354898
21.229743999,1.068064707733442
21.231721532,1.068085651684466
21.233852426000002,1.068127539586514
21.235769816,1.068127539586514
21.237753950000002,1.0682043340736016
21.240109305,1.0681903714395855
21.241794382000002,1.0681903714395855
21.243864121,1.068092633001474
21.245876502,1.0679111187592665
21.247760098,1.0679320627102904
21.249828678,1.068043763782418
21.251754739000003,1.068029801148402
21.25390427,1.0680088571973783
21.255795995,1.0680088571973783
21.257819586,1.0679669692953304
21.259844378,1.0679669692953304
21.261736753,1.068029801148402
21.263839267,1.068029801148402
21.265878179,1.0680088571973783
21.267763668,1.0680716890504498
21.269762748,1.0679879132463543
21.271707028,1.0680716890504498
21.274032439000003,1.0681065956354898
21.275733685000002,1.0681065956354898
21.277714206000002,1.0681345209035218
21.279667916,1.0681764088055696
21.281672156000003,1.0681764088055696
21.283641508000002,1.0681554648545457
21.285656646,1.0681065956354898
21.287653584,1.0681764088055696
21.289690475,1.0682043340736016
21.291670768000003,1.0681903714395855
21.293791173000002,1.0681554648545457
21.295795739000003,1.0681554648545457
21.297727905000002,1.0681345209035218
21.299713486,1.0681484835375377
21.301685184,1.068085651684466
21.303617191,1.0680507450994259
21.305658401000002,1.0679530066613143
21.307635222000002,1.0679320627102904
21.309685322,1.0679320627102904
21.311646373000002,1.0678692308572186
21.313823358,1.0678482869061947
21.315732625000003,1.0678482869061947
21.317698415000002,1.0677854550531227
21.319674033000002,1.0677505484680831
21.321730368,1.067764511102099
21.323769136000003,1.0677296045170592
21.325635468,1.0677505484680831
21.327652662000002,1.067743567151075
21.329636897,1.0677296045170592
21.331633885000002,1.0677854550531227
21.333845194000002,1.0678901748082426
21.335711434,1.0678901748082426
21.337693136000002,1.0679460253443065
21.339732114,1.0682252780246255
21.341658965,1.0684277362178567
21.343650695,1.0684137735838408
21.34563193,1.0684766054369126
21.347644234,1.0685813251920324
21.349653889000002,1.0684696241199048
21.351769995,1.0685115120219526
21.35384968,1.0685115120219526
21.355735717,1.0685394372899844
21.357694682,1.0684347175348647
21.359708796,1.0683509417307693
21.361646365000002,1.0681554648545457
21.363702262,1.0679879132463543
21.365687959000002,1.0680507450994259
21.367680849000003,1.0680716890504498
21.369675045,1.0679460253443065
21.371651794,1.0679111187592665
21.373837222000002,1.0678273429551708
21.375734545,1.0678273429551708
21.377680621,1.0678482869061947
21.379705577000003,1.0678482869061947
21.381674026000002,1.0678831934912345
21.383695546000002,1.0678622495402106
21.385677072,1.0678413055891867
21.387655038000002,1.0678901748082426
21.389698691000003,1.0679320627102904
21.391641021,1.0679320627102904
21.393819165,1.0679320627102904
21.395796880000002,1.0679669692953304
21.397785557000002,1.0679669692953304
21.399761653000002,1.068064707733442
21.401845335,1.0682043340736016
21.403722017,1.0682532032926575
21.405722048,1.0682322593416336
21.407845123,1.0682252780246255
21.409668059,1.0682462219756494
21.411657703000003,1.0682043340736016
21.413907212,1.068127539586514
21.415729736000003,1.068127539586514
21.417761155,1.0681764088055696
21.41973807,1.0681065956354898
21.421821684,1.0679879132463543
21.423810404,1.0679879132463543
21.425720678,1.0679530066613143
21.427676398000003,1.0678482869061947
21.429656048000002,1.0677016792490273
21.431913722,1.0675969594939074
21.433853292000002,1.0674154452517
21.436157166,1.0673945013006763
21.43791733,1.0673945013006763
21.439948604,1.0673735573496523
21.441963203,1.0673735573496523
21.443923816,1.0673177068135884
21.445896303,1.0674573331537478
21.447926904000003,1.0676667726639872
21.449941090000003,1.0678901748082426
21.451882509,1.0680507450994259
21.453888567,1.0680716890504498
21.455916258000002,1.0680716890504498
21.457755679,1.0681903714395855
21.459719765000003,1.0681484835375377
21.461736648000002,1.0681484835375377
21.463729885000003,1.0682113153906094
21.465803880000003,1.068309053828721
21.46793177,1.0682252780246255
21.469824680000002,1.0681484835375377
21.471753601,1.068085651684466
21.474217714,1.0679320627102904
21.475804802000003,1.0679320627102904
21.477776401,1.0678482869061947
21.479750485,1.0676179034449316
21.481822768,1.0676039408109155
21.48388941,1.0674992210557959
21.485960932,1.067506202372804
21.487855571,1.0675201650068198
21.489735476,1.0675760155428835
21.491773173000002,1.0675411089578437
21.494102893,1.0675620529088676
21.495826541,1.0675620529088676
21.497791983000003,1.0675829968598916
21.499865776,1.0676458287129633
21.501862497,1.067778473736115
21.503664442,1.0678203616381627
21.505687021,1.0677994176871388
21.507681256,1.067778473736115
21.509818194,1.0678063990041469
21.511773026,1.0678622495402106
21.513736391000002,1.0678622495402106
21.515819553,1.0678273429551708
21.517699555,1.0678273429551708
21.519710933000002,1.0678203616381627
21.521676817000003,1.0677505484680831
21.523839756,1.0677226232000512
21.525695554000002,1.0677226232000512
21.527664586,1.0676597913469792
21.529712737,1.0674643144707558
21.531666937,1.067422426568708
21.533903357,1.0673945013006763
21.535873756,1.0673945013006763
21.537849557,1.0674154452517
21.539831426000003,1.067401482617684
21.541806196,1.0673456320816204
21.543642652000003,1.0672967628625645
21.545834696,1.0672129870584688
21.547649245000002,1.0672199683754766
21.54974225,1.0672758189115406
21.551771256000002,1.0674363892027239
21.553805401,1.0675829968598916
21.555898435,1.0675829968598916
21.557778262000003,1.0677296045170592
21.55987313,1.0678622495402106
21.561836102,1.0678622495402106
21.563709034000002,1.0679250813932826
21.565749359,1.0678901748082426
21.567768337,1.0678622495402106
21.569821365000003,1.0678413055891867
21.571747494,1.0679250813932826
21.573880929,1.0680018758803702
21.575799669000002,1.0680018758803702
21.577854972,1.068085651684466
21.579903926,1.068085651684466
21.581728748,1.0679809319293463
21.583814879000002,1.0677854550531227
21.585721828,1.067743567151075
21.58780442,1.0677505484680831
21.589816184,1.0678413055891867
21.591956688,1.0678063990041469
21.594021483000002,1.0678063990041469
21.595930461000002,1.0678063990041469
21.597889893,1.0677994176871388
21.59992588,1.0677994176871388
21.60180044,1.0678482869061947
21.603803775000003,1.0678482869061947
21.605713100000003,1.0678622495402106
21.607830005,1.0678831934912345
21.609770433,1.0679041374422584
21.612082917000002,1.0679320627102904
21.613911503,1.0679320627102904
21.61601911,1.0679250813932826
21.617760523,1.0679250813932826
21.619843674000002,1.0679879132463543
21.621893991,1.0678901748082426
21.624435619,1.0679320627102904
21.62582825,1.0679320627102904
21.627759356000002,1.0678901748082426
21.6299125,1.0678413055891867
21.631664482,1.067764511102099
21.633799211000003,1.0677226232000512
21.635809103,1.0677226232000512
21.637760057,1.0676039408109155
21.63988905,1.067478277104772
21.64175476,1.0673945013006763
21.643947565,1.0674643144707558
21.645888409,1.067443370519732
21.647763076,1.0674573331537478
21.649895937,1.067422426568708
21.651866922,1.0674363892027239
21.653873256,1.0674363892027239
21.655789332,1.0674363892027239
21.657699042,1.0674992210557959
21.659927772,1.0676667726639872
21.661765734000003,1.0678063990041469
21.663952639,1.0677994176871388
21.665809859000003,1.0677994176871388
21.667683608,1.0679250813932826
21.669780289000002,1.0681135769524979
21.671794905000002,1.0681554648545457
21.673877945,1.0681135769524979
21.675986256,1.0681135769524979
21.677774379000002,1.068064707733442
21.679738988,1.0680228198313941
21.681746864,1.068092633001474
21.683738097000003,1.068043763782418
21.686042030000003,1.0679879132463543
21.687777996,1.0679879132463543
21.689726348,1.0678692308572186
21.691758223,1.0677016792490273
21.693919838000003,1.067778473736115
21.695888914,1.067778473736115
21.697858776,1.0677854550531227
21.699913986000002,1.0678063990041469
21.70189328,1.0677854550531227
21.703782693,1.0678413055891867
21.70589593,1.0678063990041469
21.708027181000002,1.0678273429551708
21.709787650000003,1.0678622495402106
21.711913604000003,1.0678831934912345
21.713988538000002,1.0678831934912345
21.716108368,1.0678692308572186
21.717939580000003,1.0678692308572186
21.719860553,1.0679879132463543
21.721843061,1.0679320627102904
21.724032139000002,1.0678831934912345
21.725959488,1.0679460253443065
21.727768211,1.0679460253443065
21.729833456,1.0679879132463543
21.731862862,1.0680228198313941
21.733996843,1.0680018758803702
21.735893859,1.0680018758803702
21.737838708,1.0679250813932826
21.739986204,1.0679041374422584
21.741952781000002,1.0678482869061947
21.744113102,1.0678273429551708
21.745898017000002,1.0678273429551708
21.747906626000002,1.067778473736115
21.749848969000002,1.0676877166150112
21.751841691000003,1.0676179034449316
21.754160034,1.0675969594939074
21.756002002000002,1.0675969594939074
21.757899639,1.06748525842178
21.759926688,1.067401482617684
21.762009338000002,1.0674573331537478
21.763834052,1.0676039408109155
21.765837796000003,1.0676877166150112
21.767640526,1.0677505484680831
21.769767318000003,1.0678901748082426
21.771722183,1.0679669692953304
21.773863758,1.0681135769524979
21.776175175000002,1.0681135769524979
21.777776647,1.0683509417307693
21.779870127000002,1.0683509417307693
21.781851792,1.068357923047777
21.783928994,1.0682950911947051
21.78582305,1.0682322593416336
21.787948532,1.0681903714395855
21.789882220000003,1.0681484835375377
21.791804971,1.0681065956354898
21.794185923,1.0680507450994259
21.796016318000003,1.0680507450994259
21.797820449,1.0679460253443065
21.799821629,1.0677016792490273
21.802132524,1.0676039408109155
21.803858373,1.0676039408109155
21.80572065,1.0675620529088676
21.807963602,1.0676248847619394
21.809762768000002,1.0676388473959555
21.81182919,1.0677505484680831
21.8140256,1.0678901748082426
21.815880788,1.0678901748082426
21.817709766,1.0680018758803702
21.819732238,1.0682043340736016
21.821815695,1.0682043340736016
21.823737439000002,1.0682671659266734
21.825745648,1.0682741472436812
21.827716462,1.0682741472436812
21.829675171,1.068316035145729
21.831677723000002,1.0683509417307693
21.834231318,1.0682950911947051
21.835812952,1.0682950911947051
21.837743224,1.0682462219756494
21.839783318000002,1.0681484835375377
21.841922734,1.068085651684466
21.843738105,1.068085651684466
21.845698421,1.0680088571973783
21.847817161000002,1.0678692308572186
21.849724222000003,1.0677854550531227
21.851839993000002,1.0677854550531227
21.853770592,1.067743567151075
21.855929961,1.067743567151075
21.857963796,1.067778473736115
21.859829736000002,1.0677505484680831
21.861739819,1.0677854550531227
21.863823316,1.0678063990041469
21.865948141,1.0679530066613143
21.867888898,1.0680507450994259
21.870059050000002,1.0682462219756494
21.871877469,1.0682532032926575
21.873972833,1.0682322593416336
21.875939519000003,1.0682322593416336
21.877913685000003,1.0682671659266734
21.879849345,1.068357923047777
21.881822909,1.0685394372899844
21.8838747,1.0688117086532956
21.88582594,1.0689792602614872
21.887870791,1.0689792602614872
21.889831542000003,1.0691607745036944
21.891835768,1.0693422887459019
21.894061711000003,1.0694260645499976
21.896002491,1.0694260645499976
21.897994765,1.0692654942588142
21.899842175,1.0687558581172318
21.901866921,1.0686930262641599
21.903865167000003,1.0687349141662077
21.905852398,1.0686930262641599
21.907901034,1.0685324559729763
21.909899553000002,1.068392829632817
21.911877657,1.068357923047777
21.913912726000003,1.068357923047777
21.915976908,1.068288109877697
21.917884731,1.068288109877697
21.919859345000003,1.068085651684466
21.921871952,1.0681764088055696
21.923853886,1.0681764088055696
21.925890278,1.0681554648545457
21.927919983000002,1.0682671659266734
21.929829281,1.0682950911947051
21.931799504,1.068316035145729
21.934258725000003,1.0684347175348647
21.935959018000002,1.0684347175348647
21.938038943000002,1.0684277362178567
21.939875928000003,1.0684277362178567
21.941849576000003,1.0684277362178567
21.9438903,1.0684556614858887
21.945837917000002,1.0684766054369126
21.947762154000003,1.0684766054369126
21.949837439000003,1.0684975493879365
21.951896274000003,1.0684696241199048
21.953861338000003,1.068378866998801
21.955810563,1.068378866998801
21.958040962000002,1.068309053828721
21.959778581000002,1.068043763782418
21.961779994,1.0680018758803702
21.963876883,1.0678831934912345
21.965957112,1.0678831934912345
21.967949773,1.0678413055891867
21.969888145000002,1.0678413055891867
21.971920725,1.067764511102099
21.974090147000002,1.0678692308572186
21.976046517,1.0678692308572186
21.977879546,1.0678622495402106
21.979948025000002,1.0678622495402106
21.981864453,1.0679530066613143
21.983812481,1.0681554648545457
21.985721671,1.0681903714395855
21.987721187000002,1.0682462219756494
21.989725025000002,1.0682113153906094
21.991823787,1.0681694274885616
21.993961524000003,1.0681694274885616
21.995850121,1.0682113153906094
21.997786244,1.0681135769524979
21.999782552000003,1.0681764088055696
22.001913298,1.0681065956354898
22.003798059,1.068064707733442
22.005980511,1.0680018758803702
22.007813363,1.0680018758803702
22.009818877,1.0679320627102904
22.011745721,1.067778473736115
22.013697363000002,1.067743567151075
22.015923215,1.067743567151075
22.017802328000002,1.067743567151075
22.019763508,1.0676597913469792
22.021787306,1.0676667726639872
22.023908032,1.0676458287129633
22.025962215,1.0676807352980031
22.027830821000002,1.0676807352980031
22.029737639,1.0676877166150112
22.031685122000003,1.067764511102099
22.033804872,1.067764511102099
22.035892298,1.0677994176871388
22.037977908000002,1.0677994176871388
22.039872834,1.0679460253443065
22.041785787000002,1.0679460253443065
22.043777869000003,1.0681135769524979
22.045775885,1.0682741472436812
22.047968307,1.068309053828721
22.049855163,1.068309053828721
22.051684405,1.068309053828721
22.053749624,1.0682462219756494
22.055800162,1.0682462219756494
22.057745072000003,1.0683299977797451
22.059793776000003,1.0682950911947051
22.061802039,1.0682950911947051
22.063790669000003,1.0682462219756494
22.065707628000002,1.0681484835375377
22.067655426,1.068092633001474
22.069672162,1.068092633001474
22.071655536,1.0681135769524979
22.073845213000002,1.068092633001474
22.075754160000002,1.068092633001474
22.077735002,1.068085651684466
22.079821231,1.0680507450994259
22.08170223,1.0680507450994259
22.083719326,1.0681135769524979
22.085681214,1.0680716890504498
22.087632765000002,1.068064707733442
22.089645067000003,1.0681065956354898
22.091637130000002,1.0681903714395855
22.093836984000003,1.0683299977797451
22.095937839,1.0683299977797451
22.097796723000002,1.068378866998801
22.100083392000002,1.0684277362178567
22.101873681,1.0684277362178567
22.103846667000003,1.0683369790967532
22.105809684,1.0682532032926575
22.107780218000002,1.068288109877697
22.109741344,1.068309053828721
22.111782867000002,1.0682950911947051
22.113896693,1.0683369790967532
22.11581923,1.0683369790967532
22.11778498,1.0682950911947051
22.119790573000003,1.068309053828721
22.121758333000002,1.068316035145729
22.123771886,1.0682671659266734
22.125757851000003,1.0682671659266734
22.127859491000002,1.0682532032926575
22.129759292000003,1.0682671659266734
22.131775701000002,1.068309053828721
22.133921017000002,1.068316035145729
22.135879391000003,1.068316035145729
22.137869419,1.0682113153906094
22.139896498000002,1.0681764088055696
22.141758539,1.0681764088055696
22.143714151,1.068127539586514
22.145696063000003,1.0680228198313941
22.147700786,1.0680507450994259
22.149858836,1.068064707733442
22.151778403,1.068029801148402
22.154001511,1.0680088571973783
22.155911200000002,1.0680088571973783
22.157780905000003,1.0680088571973783
22.159749133000002,1.068043763782418
22.161707603,1.068092633001474
22.163846487,1.0681135769524979
22.165750686000003,1.0681484835375377
22.167845712000002,1.068127539586514
22.169762598000002,1.068092633001474
22.171733336000003,1.068043763782418
22.173846477,1.0680228198313941
22.175848353000003,1.0680228198313941
22.177849432000002,1.0679460253443065
22.179838832,1.0676877166150112
22.181826830000002,1.0676597913469792
22.183738578,1.0676248847619394
22.185791870000003,1.0675620529088676
22.187887622,1.0674992210557959
22.189693213,1.067401482617684
22.192098903,1.0673456320816204
22.193816242,1.0673386507646123
22.195803797,1.0673386507646123
22.197843169000002,1.0673945013006763
22.199766756000002,1.0674154452517
22.201865747000003,1.0675620529088676
22.203750044000003,1.0675760155428835
22.205857078,1.0675620529088676
22.207830348,1.0676248847619394
22.209746421000002,1.0677226232000512
22.211746638,1.0679530066613143
22.213860688,1.0681065956354898
22.215735582,1.0681065956354898
22.217711534000003,1.0681903714395855
22.219635785,1.0682322593416336
22.221742595000002,1.0682532032926575
22.223919242,1.0682671659266734
22.225869340000003,1.0681903714395855
22.22767524,1.0681694274885616
22.229853153,1.068085651684466
22.23173255,1.0680018758803702
22.233836037,1.0678482869061947
22.236014723,1.0678482869061947
22.237855844000002,1.0676877166150112
22.239917997000003,1.067478277104772
22.241865604,1.0673735573496523
22.244016079,1.0671780804734288
22.245689238,1.0671571365224048
22.247884708,1.0670524167672852
22.249707369000003,1.0668569398910621
22.251687419000003,1.0667731640869662
22.253832362,1.0667522201359423
22.255748219,1.0667522201359423
22.257899138000003,1.0667731640869662
22.259913052,1.0669337343781495
22.26201079,1.067143173888389
22.264032397,1.067443370519732
22.265780768000003,1.0676458287129633
22.267835620000003,1.0677226232000512
22.270054126,1.0678063990041469
22.271759218,1.0679041374422584
22.273975723000003,1.0679879132463543
22.275949307,1.0679879132463543
22.277961739000002,1.068092633001474
22.279863924,1.0679320627102904
22.281851525,1.0678622495402106
22.284012069000003,1.067764511102099
22.285753414000002,1.0675760155428835
22.287871368,1.0675201650068198
22.289795866000002,1.067401482617684
22.292061545000003,1.0673246881305964
22.293952518,1.0673456320816204
22.296149779,1.0673456320816204
22.298101113,1.0674154452517
22.299867669,1.0673386507646123
22.302002766,1.0672548749605166
22.303941904000002,1.0671361925713811
22.306031750000002,1.0670803420353172
22.307943859,1.0671012859863411
22.309788154000003,1.0671990244244527
22.311775808,1.0671710991564207
22.314128609,1.0672199683754766
22.315990510000002,1.0672199683754766
22.317808473000003,1.0671990244244527
22.319853386000002,1.0672828002285486
22.322053687,1.0673037441795725
22.323776709,1.0673037441795725
22.325984036,1.0673456320816204
22.327923995000003,1.0674573331537478
22.329970791,1.067443370519732
22.331824011000002,1.0674154452517
22.333991831000002,1.06748525842178
22.33605992,1.06748525842178
22.338003496000002,1.0675201650068198
22.340062949,1.0673735573496523
22.341858668,1.0673177068135884
22.343910368000003,1.0672828002285486
22.345883081,1.0672828002285486
22.347963293000003,1.0672758189115406
22.350005437,1.0672828002285486
22.352032058000002,1.0672828002285486
22.353902202,1.0673177068135884
22.355790712,1.0673177068135884
22.357731275000003,1.0673386507646123
22.359749217,1.067443370519732
22.36171201,1.067506202372804
22.363752441000003,1.0675201650068198
22.365750542,1.0674573331537478
22.367816789000003,1.0674573331537478
22.369685791000002,1.067478277104772
22.371677228000003,1.0675201650068198
22.373969955,1.0675480902748518
22.375839663,1.0675480902748518
22.377784585,1.0676039408109155
22.379750409,1.0676039408109155
22.381798651,1.0675760155428835
22.383817996,1.0675201650068198
22.385876160000002,1.0675271463238276
22.387733504,1.067478277104772
22.38975434,1.067478277104772
22.391711125,1.0674363892027239
22.39389479,1.0674573331537478
22.395857167000003,1.0674573331537478
22.397846523000002,1.0674363892027239
22.399794328000002,1.0672618562775247
22.401672188000003,1.0672409123265008
22.403688108,1.0673456320816204
22.405779272,1.0674154452517
22.407915169000002,1.0674573331537478
22.409945002,1.0674573331537478
22.411833684,1.0674992210557959
22.414033237,1.067743567151075
22.416035839000003,1.067743567151075
22.417956712000002,1.068043763782418
22.419799280000003,1.0682741472436812
22.421799510000003,1.0683718856817932
22.423851371,1.0684556614858887
22.425929504000003,1.0684696241199048
22.427865322000002,1.0684347175348647
22.429977597,1.068357923047777
22.431977313,1.068392829632817
22.434258066,1.068378866998801
22.435885059,1.068378866998801
22.437881053,1.0683369790967532
22.440108910000003,1.0682462219756494
22.442007552,1.0681484835375377
22.443801282000003,1.068043763782418
22.4459941,1.0679320627102904
22.447922354000003,1.0679809319293463
22.449957395000002,1.0679530066613143
22.451902513,1.0679879132463543
22.453984067,1.0679460253443065
22.456087150000002,1.0679460253443065
22.457954553,1.0679250813932826
22.459972143,1.0678901748082426
22.461874259000002,1.0678901748082426
22.463975115,1.0678831934912345
22.465862711,1.0678901748082426
22.467938269,1.0679111187592665
22.469852422000002,1.0679669692953304
22.471861344,1.0679111187592665
22.474008621000003,1.0679460253443065
22.476099334,1.0679460253443065
22.477924041,1.0680018758803702
22.479874682000002,1.0680507450994259
22.481912567000002,1.0681135769524979
22.483886312000003,1.0681135769524979
22.485760915,1.068127539586514
22.487840795,1.068064707733442
22.489926922000002,1.0679460253443065
22.492074509000002,1.0678831934912345
22.494180999,1.0678063990041469
22.496302614,1.0678063990041469
22.497870289,1.0677505484680831
22.499941023,1.0675829968598916
22.5022503,1.067478277104772
22.503955906,1.067478277104772
22.505893851,1.0673386507646123
22.507858831,1.0671012859863411
22.509783278,1.067143173888389
22.511971213000002,1.0670803420353172
22.514133951,1.0670803420353172
22.516050976000002,1.0672618562775247
22.517866978,1.0675411089578437
22.520031782,1.0676877166150112
22.52188023,1.0676877166150112
22.523990071,1.0676667726639872
22.525857629,1.0681764088055696
22.527909400000002,1.0684905680709287
22.529851494000003,1.0686371757280961
22.531861273,1.068651138362112
22.533937882,1.0687628394342399
22.535978331000003,1.0687628394342399
22.537926451,1.0688745405063673
22.539982061,1.068679063630144
22.541975144000002,1.0684766054369126
22.544092609,1.0684486801688806
22.545821485,1.0684486801688806
22.547851061000003,1.068378866998801
22.549789328000003,1.0681554648545457
22.551990403,1.0680507450994259
22.553737042,1.0679879132463543
22.555869658000002,1.0679460253443065
22.557757661,1.0679460253443065
22.559689785,1.0678622495402106
22.561705519,1.0677296045170592
22.563700096,1.067764511102099
22.565704596,1.0678273429551708
22.56767599,1.0678622495402106
22.56968496,1.0678622495402106
22.57166975,1.0678901748082426
22.573993163,1.0679320627102904
22.576013707,1.0679809319293463
22.577922217,1.0679809319293463
22.579859201,1.0680507450994259
22.581808019,1.0681903714395855
22.583776409000002,1.0681903714395855
22.585737928,1.0682113153906094
22.587743864,1.0681694274885616
22.589823259000003,1.0681694274885616
22.591769436,1.0681554648545457
22.593818498,1.0681065956354898
22.595886041,1.068043763782418
22.597867813,1.068043763782418
22.599717973,1.0680507450994259
22.601690843,1.0679809319293463
22.603773569,1.0678622495402106
22.605850909,1.067778473736115
22.607869110000003,1.0676388473959555
22.609841199,1.0676388473959555
22.612035788,1.0676597913469792
22.613936355,1.0676597913469792
22.615837193,1.0676667726639872
22.617763828,1.0676667726639872
22.619812986000003,1.0677086605660353
22.621870531000003,1.0679250813932826
22.623803526,1.068064707733442
22.625807627,1.0682252780246255
22.627912676,1.0682950911947051
22.629855589,1.0683718856817932
22.631853592000002,1.0685743438750244
22.634172317,1.068700007581168
22.635737038000002,1.068700007581168
22.637782328,1.0687349141662077
22.639985389000003,1.0687209515321918
22.641790294,1.0687418954832157
22.643851229000003,1.0685603812410085
22.645784075,1.0684347175348647
22.647813961,1.0684067922668328
22.649838305000003,1.068309053828721
22.651897152,1.0682462219756494
22.653727439,1.068092633001474
22.655819802,1.068092633001474
22.65772708,1.068029801148402
22.659724714000003,1.068029801148402
22.661734377000002,1.0679041374422584
22.663663184,1.0678203616381627
22.665805109,1.067743567151075
22.667798485000002,1.0677086605660353
22.669667617,1.067778473736115
22.671718328,1.0678063990041469
22.673729266000002,1.0678203616381627
22.675842015,1.0678622495402106
22.677711210000002,1.0678622495402106
22.679697693,1.0679041374422584
22.681674963000003,1.0680228198313941
22.683699060000002,1.068029801148402
22.685699197,1.068092633001474
22.687732055,1.0681484835375377
22.689679823000002,1.0681484835375377
22.69166658,1.0681903714395855
22.69392733,1.0681764088055696
22.69576971,1.0681764088055696
22.697747300000003,1.068092633001474
22.699697374000003,1.068064707733442
22.701717133000002,1.0679809319293463
22.703701869,1.0679320627102904
22.705671051000003,1.0677854550531227
22.707658576,1.0676667726639872
22.70969119,1.0675201650068198
22.711682454,1.06748525842178
22.713915809000003,1.0674154452517
22.715768229000002,1.0674154452517
22.717709976000002,1.0673246881305964
22.719688121,1.0671152486203572
22.721792296,1.0670105288652374
22.723730684000003,1.0670803420353172
22.725658398,1.0670943046693333
22.727682614000003,1.0673177068135884
22.729683104000003,1.067422426568708
22.731672629000002,1.0676388473959555
22.733787115000002,1.0676807352980031
22.735795475,1.0676807352980031
22.737700394,1.067764511102099
22.739704415000002,1.0682252780246255
22.741651601,1.068316035145729
22.743681374,1.068288109877697
22.745670617000002,1.0683369790967532
22.747679566000002,1.068316035145729
22.749764625,1.0682043340736016
22.751730318,1.0680088571973783
22.753921116,1.0680088571973783
22.755847527,1.0679320627102904
22.757923741000003,1.0677296045170592
22.759990962,1.0675760155428835
22.761766051000002,1.0675760155428835
22.763855264,1.0673177068135884
22.765861078,1.0672409123265008
22.767714292,1.0670943046693333
22.769754555000002,1.0669756222801976
22.771821345000003,1.0669197717441337
22.7738894,1.0670105288652374
22.775819239,1.0670105288652374
22.777946231,1.0670733607183094
22.779785272,1.0672618562775247
22.781938202000003,1.067401482617684
22.78392226,1.0674643144707558
22.785977133000003,1.0676039408109155
22.787793840000003,1.0677994176871388
22.789778518000002,1.067778473736115
22.791899891,1.0678063990041469
22.794126889,1.0678413055891867
22.795836897,1.0678413055891867
22.79792952,1.0678063990041469
22.799845991,1.0678413055891867
22.801916608000003,1.0678273429551708
22.803804545000002,1.0679879132463543
22.805700156,1.0680018758803702
22.807829983,1.0679530066613143
22.80983548,1.0678273429551708
22.811660254000003,1.0678063990041469
22.813984184000002,1.0677226232000512
22.815885304000002,1.0677226232000512
22.817811487,1.067778473736115
22.820117483,1.0675480902748518
22.821739859,1.0675480902748518
22.823744348,1.0673246881305964
22.825908905000002,1.0673945013006763
22.827876659,1.067401482617684
22.829692172,1.0674154452517
22.831739061,1.0673945013006763
22.833854389000003,1.0673945013006763
22.835777525,1.0673945013006763
22.837804099000003,1.067478277104772
22.839866386,1.0676597913469792
22.841763707000002,1.0676597913469792
22.843682267000002,1.0677854550531227
22.845715052000003,1.0678692308572186
22.847703802,1.067778473736115
22.849751763,1.0677086605660353
22.851813136,1.0676388473959555
22.853919776,1.0676248847619394
22.855867842000002,1.0676248847619394
22.857751581000002,1.0676667726639872
22.859847738000003,1.0677086605660353
22.861716243,1.0676667726639872
22.863746929,1.0675480902748518
22.865746177000002,1.0674643144707558
22.867750712000003,1.0673595947156362
22.869848310000002,1.0673456320816204
22.871784577,1.0673595947156362
22.874088061000002,1.0673945013006763
22.875893679,1.0673945013006763
22.877823291000002,1.0675201650068198
22.879785289,1.0676667726639872
22.88189015,1.0676667726639872
22.883791395000003,1.0676388473959555
22.885894587000003,1.0676179034449316
22.888049738000003,1.0676458287129633
22.889800518,1.0677016792490273
22.891911151000002,1.067743567151075
22.894082852,1.0678203616381627
22.896037719000002,1.0678203616381627
22.897922796000003,1.0678413055891867
22.899867397,1.0678622495402106
22.901867012,1.0678482869061947
22.903778142,1.0678273429551708
22.905821179,1.0678482869061947
22.907823241000003,1.0678622495402106
22.909882215,1.0678413055891867
22.912072907000002,1.0678203616381627
22.913983649000002,1.0678203616381627
22.916301168,1.0678203616381627
22.917949283000002,1.0678413055891867
22.919849094,1.0677226232000512
22.9218999,1.0677016792490273
22.923915149000003,1.067764511102099
22.925917029,1.067764511102099
22.927896609,1.0677296045170592
22.929916259000002,1.0676458287129633
22.931945072,1.0676807352980031
22.934011426,1.0676388473959555
22.936011381,1.0676388473959555
22.937804422000003,1.0676877166150112
22.939927452000003,1.0676597913469792
22.941879451000002,1.0676248847619394
22.943967525,1.0676039408109155
22.945982540000003,1.0676039408109155
22.947692957,1.0676388473959555
22.949763048,1.0678413055891867
22.951751909000002,1.0679809319293463
22.953922432000002,1.068085651684466
22.955810025,1.068085651684466
22.957813469,1.0681345209035218
22.959739533,1.0682322593416336
22.961777772,1.0682950911947051
22.963750830000002,1.068316035145729
22.965888293000003,1.0684486801688806
22.967818628,1.0684067922668328
22.969744066,1.068392829632817
22.971760098,1.068357923047777
22.974065472000003,1.0683509417307693
22.975847765,1.0683509417307693
22.977788103,1.068288109877697
22.979867546,1.0681554648545457
22.981848471000003,1.0680507450994259
22.983836813,1.068029801148402
22.986104135,1.0680228198313941
22.987864544,1.0680228198313941
22.989755235,1.0680507450994259
22.991806637,1.068029801148402
22.993842521,1.0681065956354898
22.995855244,1.068127539586514
22.997722747,1.068127539586514
22.999858774,1.0681694274885616
23.001817536,1.0681065956354898
23.003707803,1.0681554648545457
23.005727072000003,1.0682322593416336
23.007657031,1.068357923047777
23.009790927,1.0684486801688806
23.011790336,1.0684137735838408
23.013795958000003,1.068378866998801
23.015818469000003,1.068378866998801
23.017797395000002,1.0684067922668328
23.019937476000003,1.0684696241199048
23.021694779,1.0684696241199048
23.023691851000002,1.0685533999240004
23.025750055000003,1.0683718856817932
23.027878532000003,1.0682671659266734
23.029766035,1.0681135769524979
23.031734259,1.068127539586514
23.034696806000003,1.0681135769524979
23.037482601,1.0681135769524979
23.038385154,1.0680018758803702
23.039768849,1.0680018758803702
23.041770701,1.067743567151075
23.043851022000002,1.0676877166150112
23.045745161000003,1.0678063990041469
23.047793938,1.0678063990041469
23.049726057,1.0677854550531227
23.051722407,1.0677296045170592
23.053960594000003,1.067764511102099
23.056145764,1.067764511102099
23.057906486,1.0678203616381627
23.060100033,1.0680507450994259
23.061914895,1.0680507450994259
23.063891609000002,1.0682043340736016
23.066097752,1.0682252780246255
23.068056785000003,1.0681065956354898
23.069900467,1.0680088571973783
23.071985576000003,1.0678901748082426
23.073875473,1.0677994176871388
23.075760725000002,1.0677994176871388
23.077809098000003,1.067743567151075
23.079769288,1.067743567151075
23.081757527,1.0676248847619394
23.083767455,1.067443370519732
23.085786328,1.0673735573496523
23.08767366,1.0673456320816204
23.089695477000003,1.067401482617684
23.091788198,1.0673945013006763
23.093971196000002,1.0674643144707558
23.095813096,1.0674643144707558
23.097754883,1.0675411089578437
23.099654326000003,1.0676458287129633
23.101733062,1.067743567151075
23.103680131,1.067764511102099
23.105708795,1.0677994176871388
23.107672629000003,1.067778473736115
23.109710546000002,1.0678273429551708
23.111681238000003,1.0679250813932826
23.113840842000002,1.0679250813932826
23.115880969000003,1.0679250813932826
23.117864745000002,1.0679320627102904
23.120091192,1.0679111187592665
23.121895127000002,1.0679111187592665
23.123827295,1.0678482869061947
23.125761213,1.0676877166150112
23.127835484000002,1.0676458287129633
23.129726071,1.0677016792490273
23.131760573,1.0676458287129633
23.133775271,1.0676039408109155
23.135983682000003,1.0676039408109155
23.137838737000003,1.0675829968598916
23.13983654,1.0674573331537478
23.141862444,1.06748525842178
23.14382832,1.0674643144707558
23.145939633,1.067478277104772
23.147907141,1.067506202372804
23.149993519000002,1.067478277104772
23.151856374,1.0674363892027239
23.153888854,1.0675480902748518
23.155873636000003,1.0675480902748518
23.15786007,1.0677226232000512
23.159981082,1.0679879132463543
23.161803688000003,1.0679879132463543
23.163887237,1.068064707733442
23.165761032000002,1.0684347175348647
23.167650302000002,1.0685743438750244
23.169820084,1.0687418954832157
23.171764287000002,1.0688396339213275
23.173842578000002,1.0689164284084152
23.175947497000003,1.0689164284084152
23.177840535,1.069021148163535
23.179709566000003,1.069014166846527
23.181797596000003,1.068923409725423
23.183902965,1.0688117086532956
23.185887197000003,1.0687209515321918
23.187835064,1.0685813251920324
23.189656899000003,1.0684556614858887
23.191766701000002,1.068316035145729
23.19410089,1.0682462219756494
23.195788459000003,1.0682462219756494
23.197806156000002,1.0682113153906094
23.199819007000002,1.0679250813932826
23.201666583,1.0678203616381627
23.203789192000002,1.067778473736115
23.205798527000002,1.067778473736115
23.207737453,1.0678273429551708
23.209749278,1.0678482869061947
23.211853088,1.0678273429551708
23.214113587,1.0678831934912345
23.216099722000003,1.0678831934912345
23.217843898,1.0679111187592665
23.220053757000002,1.0679111187592665
23.221843493,1.0680018758803702
23.223983267,1.068064707733442
23.225964926000003,1.0681065956354898
23.227968775,1.0681135769524979
23.229768250000003,1.068092633001474
23.231909092000002,1.068043763782418
23.234140807000003,1.0680507450994259
23.236012385000002,1.0680507450994259
23.237809912000003,1.068064707733442
23.239851045,1.0680018758803702
23.241684401,1.0679809319293463
23.243707234000002,1.0679530066613143
23.245861207,1.0679669692953304
23.247746078000002,1.0679809319293463
23.249745471,1.0679809319293463
23.251904862,1.0680088571973783
23.254258290000003,1.068029801148402
23.256311857,1.068029801148402
23.257841184,1.0679669692953304
23.259879491000003,1.0678622495402106
23.26193148,1.0677994176871388
23.263820301000003,1.067743567151075
23.26590429,1.0677226232000512
23.267790718,1.0677226232000512
23.269948801,1.0676597913469792
23.271813012000003,1.0676667726639872
23.273944198000002,1.067743567151075
23.275976936000003,1.067743567151075
23.277962957,1.067778473736115
23.279907483000002,1.067778473736115
23.281967918000003,1.0676807352980031
23.283838965,1.0676039408109155
23.285831757,1.0676388473959555
23.287847541,1.0675969594939074
23.289830323,1.0675620529088676
23.29197844,1.0675411089578437
23.294053057000003,1.0675760155428835
23.295863071000003,1.0675760155428835
23.297933161000003,1.0675760155428835
23.299927617,1.0676667726639872
23.301706890000002,1.0676877166150112
23.303870444,1.0676248847619394
23.305925221000003,1.0676248847619394
23.307921924000002,1.0676039408109155
23.309734026,1.0677016792490273
23.311803473,1.0677086605660353
23.314042542000003,1.067778473736115
23.315768709,1.067778473736115
23.317841467,1.0678482869061947
23.319774996000003,1.0679250813932826
23.32188765,1.0679530066613143
23.323961425,1.0679320627102904
23.325920475,1.0679320627102904
23.327874347,1.0679460253443065
23.330206670000003,1.0679460253443065
23.331741675,1.0679460253443065
23.333871646000002,1.0679530066613143
23.335889287,1.0679530066613143
23.337798751,1.0679460253443065
23.339943686,1.068043763782418
23.341871875000002,1.068029801148402
23.343864926000002,1.0680716890504498
23.345887100000002,1.0680716890504498
23.347760968000003,1.0680507450994259
23.349859851,1.0679111187592665
23.35188849,1.0678203616381627
23.353886133000003,1.067778473736115
23.355786394000003,1.067778473736115
23.357823039000003,1.0677226232000512
23.35992551,1.0678063990041469
23.362015308,1.0678203616381627
23.363946116,1.0677296045170592
23.366018817,1.0676667726639872
23.367961676,1.0676667726639872
23.369888321,1.0676597913469792
23.371927728000003,1.0676807352980031
23.37405521,1.067778473736115
23.375959032,1.067778473736115
23.377848008,1.0678831934912345
23.379932875,1.0682043340736016
23.381877695,1.0682043340736016
23.383900909,1.0683718856817932
23.385816037,1.068316035145729
23.387959653000003,1.068378866998801
23.38977712,1.0682671659266734
23.391878362,1.0682322593416336
23.393888602,1.0682322593416336
23.395972013,1.0681484835375377
23.397845523,1.0681484835375377
23.399820819000002,1.0680088571973783
23.401994404,1.0678063990041469
23.403805759,1.0678063990041469
23.405716698000003,1.0675829968598916
23.407700461,1.0675271463238276
23.409677374,1.06748525842178
23.411699159,1.0673386507646123
23.413816468,1.0673735573496523
23.415920668000002,1.0673735573496523
23.417745932000003,1.067401482617684
23.41990136,1.067506202372804
23.421798316,1.067506202372804
23.423756156000003,1.0675829968598916
23.425985407000002,1.0677226232000512
23.427748934,1.067778473736115
23.429737393,1.0678831934912345
23.432082838000003,1.0678831934912345
23.433786031,1.0678831934912345
23.435890931000003,1.0679250813932826
23.437763857,1.0679250813932826
23.439816611,1.0679320627102904
23.441991368,1.0679320627102904
23.443963391,1.0678692308572186
23.445828433000003,1.0678692308572186
23.447868715000002,1.067778473736115
23.449748414000002,1.0676179034449316
23.451840429,1.0676039408109155
23.453929012,1.0676039408109155
23.455863805,1.0675829968598916
23.457765595,1.0675480902748518
23.459825682,1.0675620529088676
23.461766884000003,1.0675271463238276
23.463998364000002,1.0675201650068198
23.465753341000003,1.0675201650068198
23.467753399000003,1.067506202372804
23.469824117,1.0674992210557959
23.471776854,1.0674992210557959
23.473920049,1.067443370519732
23.475905759,1.067443370519732
23.477886498,1.0672828002285486
23.479844019,1.0673735573496523
23.481811926000002,1.0673945013006763
23.483700046000003,1.0673735573496523
23.485802016,1.067443370519732
23.487762711000002,1.067478277104772
23.489769284,1.0675271463238276
23.491687458,1.0675620529088676
23.493821598,1.0676458287129633
23.495890961,1.0676458287129633
23.497743193,1.0676248847619394
23.499734747,1.0676667726639872
23.501718878000002,1.067743567151075
23.503764839000002,1.067743567151075
23.505733656,1.0677086605660353
23.507811257,1.067764511102099
23.509755864000002,1.0677086605660353
23.511856806,1.0677296045170592
23.513895396000002,1.0676807352980031
23.516131665000003,1.0676807352980031
23.517741769,1.0676039408109155
23.519703378000003,1.0676179034449316
23.521888948,1.0676039408109155
23.523708744,1.0676039408109155
23.525724398,1.0675271463238276
23.527781992,1.067443370519732
23.529692702000002,1.0673595947156362
23.531685422000002,1.0672967628625645
23.533932579000002,1.0672828002285486
23.535739372000002,1.0672828002285486
23.537836394000003,1.0672967628625645
23.539909994000002,1.0671222299373653
23.541778522,1.0671361925713811
23.543790427,1.0672129870584688
23.545798400000002,1.0673177068135884
23.547853013,1.067401482617684
23.549752584,1.067506202372804
23.551768176000003,1.0675411089578437
23.553991086,1.0676388473959555
23.555874341000003,1.0676388473959555
23.557856985,1.0677016792490273
23.559888385,1.0675829968598916
23.561796854,1.0675271463238276
23.563924437,1.0675760155428835
23.566079815000002,1.0675411089578437
23.567888663,1.067401482617684
23.569928751000003,1.0672409123265008
23.57187188,1.0670803420353172
23.574139432000003,1.0670314728162613
23.575920678000003,1.0670314728162613
23.577880224,1.0669686409631896
23.579884617,1.0667312761849184
23.581846551,1.0666544816978305
23.583899481000003,1.0667173135509025
23.585865893,1.06682901462303
23.587848665000003,1.0669756222801976
23.589847006000003,1.0671780804734288
23.591909967000003,1.0673386507646123
23.593933567,1.0672967628625645
23.595982952,1.0673246881305964
23.597834876,1.0673246881305964
23.599763843,1.067422426568708
23.601838476,1.067422426568708
23.603730927,1.0674154452517
23.605781512,1.0674363892027239
23.607787948000002,1.0674573331537478
23.609898855,1.067401482617684
23.611676073,1.0673805386666604
23.613889631000003,1.0673456320816204
23.615843882,1.0673456320816204
23.617842206000002,1.0673037441795725
23.619776884,1.0672758189115406
23.621673732,1.0671571365224048
23.623705071,1.0672548749605166
23.625695200000003,1.0672618562775247
23.627680899,1.0673177068135884
23.629706864000003,1.0673177068135884
23.631704946000003,1.0672758189115406
23.633792385000003,1.0673037441795725
23.635917663,1.0673037441795725
23.637877568,1.0672967628625645
23.639796517,1.0673945013006763
23.64176965,1.0673595947156362
23.643799967000003,1.0673246881305964
23.645841833000002,1.0673177068135884
23.647791774,1.0673945013006763
23.649950587000003,1.0674154452517
23.651771126,1.067422426568708
23.653943329,1.0674363892027239
23.655861876000003,1.0674363892027239
23.657834410000003,1.0674573331537478
23.660042811,1.06748525842178
23.661845251000003,1.06748525842178
23.663853782,1.067764511102099
23.665683547,1.0705640192222978
23.667981215,1.0710108235108085
23.669704358,1.070885159804665
23.671755787000002,1.0709828982427765
23.674231357,1.0712551696060877
23.675817216000002,1.0712551696060877
23.677841326000003,1.071757824430662
23.679798574000003,1.07172989916263
23.681876411,1.0716880112605822
23.683904715,1.0718346189177497
23.685770824000002,1.0718346189177497
23.687785185000003,1.072044058427989
23.690054575,1.0721208529150767
23.691759428,1.0721208529150767
23.693920024,1.0722604792552364
23.695839954,1.0722604792552364
23.697963259,1.0733006954894249
23.700124577,1.074264117236526
23.701837167,1.074264117236526
23.703864392,1.074857529182204
23.705808586,1.0761560541456876
23.707743996,1.0767983353104216
23.709702033000003,1.0772241956479083
23.711736501,1.077594205449331
23.714039796,1.077950252616738
23.716030594000003,1.077950252616738
23.717765074000003,1.078557627196432
23.719764995000002,1.0796746379177082
23.721898027,1.0801214422062189
23.723848976000003,1.0801214422062189
23.725791409000003,1.0803099377654342
23.727769441000003,1.0804425827885857
23.72996214,1.0806310783478013
23.731806751,1.0807288167859128
23.733850472,1.0806729662498489
23.735969723,1.0806729662498489
23.737789795,1.0806101343967773
23.740003935,1.0804844706906338
23.74187295,1.0804844706906338
23.743776133,1.080365788301498
23.745785202,1.0802401245953543
23.747787228,1.0802680498633865
23.749819124000002,1.0802191806443304
23.751851143000003,1.0801633301082667
23.753862886,1.080044647719131
23.755914126,1.080044647719131
23.757754287,1.0799748345490512
23.759708105,1.07977237635582
23.761745273000002,1.07977237635582
23.763766165,1.079793320306844
23.765799699000002,1.0798142642578676
23.767949435000002,1.0797304884537722
23.769895016000003,1.0796327500156606
23.771873841,1.0795978434306204
23.77390574,1.079437273139437
23.776110135000003,1.079437273139437
23.777855588,1.0792278336291978
23.779927776,1.0790114128019506
23.781800063000002,1.0787880106576953
23.783992104000003,1.0786693282685595
23.785837778,1.0785855524644639
23.787837436,1.0783551690032007
23.789809904000002,1.0781387481759535
23.792062168,1.077957233933746
23.793930584,1.0778176075935864
23.795897915,1.0778176075935864
23.798188441,1.0777128878384667
23.799865708000002,1.0774685417431873
23.801866634000003,1.0774057098901157
23.803917719,1.0773708033050757
23.805822409,1.077307971452004
23.807814790000002,1.077300990134996
23.809837089000002,1.0773289154030279
23.812110352,1.0773289154030279
23.814048424000003,1.0773498593540518
23.815996153,1.0773498593540518
23.817976881,1.077342878037044
23.819861195,1.077342878037044
23.821895576000003,1.077342878037044
23.823930242000003,1.077342878037044
23.825863543,1.0773289154030279
23.827882757,1.077307971452004
23.829871552,1.0773708033050757
23.831843481,1.077363821988068
23.833946338,1.0774336351581475
23.836085484,1.0774336351581475
23.837986195000003,1.0775104296452354
23.839866439,1.0775104296452354
23.841942000000003,1.0776291120343708
23.843893062000003,1.077615149400355
23.845846357000003,1.0777059065214587
23.847934004000003,1.0777268504724826
23.849781414000002,1.0776640186194109
23.851891766,1.0777059065214587
23.854040060000003,1.0777059065214587
23.856102380000003,1.0777059065214587
23.857834425,1.0777477944235065
23.859846285,1.0777477944235065
23.861948928,1.0776849625704346
23.863920041,1.0776709999364187
23.865844777000003,1.0776360933513789
23.867823329,1.077650055985395
23.870000029,1.0776709999364187
23.871930174000003,1.0777059065214587
23.873758868000003,1.0776640186194109
23.876069982,1.0776709999364187
23.877854124000002,1.0776709999364187
23.879822401000002,1.0777338317894907
23.881969846,1.0778874207636662
23.883837623,1.077950252616738
23.885785785000003,1.077929308665714
23.887943488,1.077936289982722
23.889928486000002,1.0779711965677619
23.891946648,1.0779991218357938
23.893827354000003,1.0779921405187858
23.895984992000002,1.0779921405187858
23.897786884000002,1.0780130844698097
23.899744480000003,1.0779711965677619
23.902075133,1.077957233933746
23.903909341000002,1.077894402080674
23.906051616000003,1.0778525141786262
23.907826576,1.0778525141786262
23.910015872000002,1.0777896823255544
23.911786597000003,1.077650055985395
23.914069119,1.0776360933513789
23.916091251,1.0776360933513789
23.917847964,1.0775453362302752
23.919942109,1.0774266538411394
23.921865648,1.077259102232948
23.923948136,1.077259102232948
23.925931663,1.0771823077458602
23.92790911,1.0770636253567247
23.929837166000002,1.0770217374546769
23.931884628000002,1.0769379616505812
23.934231416000003,1.0769030550655414
23.935875509000002,1.0769030550655414
23.937979482000003,1.0768960737485334
23.939844188000002,1.0768332418954614
23.942162905,1.0767843726764057
23.943839929000003,1.0768053166274294
23.945846668,1.076721540823334
23.947842979,1.0767355034573498
23.94987701,1.076721540823334
23.951899377,1.0767424847743579
23.953979186,1.0767564474083737
23.955959645,1.0767564474083737
23.957766568,1.0767355034573498
23.959739798,1.0767634287253818
23.961732145000003,1.0767355034573498
23.963698147000002,1.0767355034573498
23.965694925,1.076693615555302
23.967873198000003,1.076679652921286
23.969741618,1.07670059687231
23.971753593000003,1.07670059687231
23.973904383,1.0766377650192382
23.975950077,1.0766377650192382
23.977859681,1.0766377650192382
23.979926258000003,1.0764981386790786
23.981919848,1.0765819144831743
23.983822188,1.0765330452641184
23.985904631,1.0764981386790786
23.987810392,1.0765121013130947
23.989934231000003,1.0765609705321504
23.991794718,1.0765330452641184
23.993869403,1.0765190826301025
23.995746905,1.0765190826301025
23.997777727000003,1.0765539892151423
23.99979919,1.0765609705321504
24.001942097,1.0765749331661663
24.003903267000002,1.076616821068214
24.005960503,1.0766307837022302
24.007823215000002,1.076658708970262
24.009981267,1.076693615555302
24.011774329,1.076693615555302
24.013949175,1.07670059687231
24.015775388,1.07670059687231
24.017834324000003,1.076672671604278
24.019799737000003,1.076721540823334
24.021738519000003,1.0768192792614455
24.023823304,1.0767564474083737
24.025847392000003,1.0768751297975094
24.027830360000003,1.0768821111145175
24.029874657,1.0769379616505812
24.031858711,1.0769170176995573
24.03401622,1.0769170176995573
24.035836588000002,1.077007774820661
24.037861135,1.077007774820661
24.039944958000003,1.0770566440397167
24.042010625000003,1.0771264572097967
24.043869314000002,1.0771683451118443
24.045756452000003,1.0771474011608206
24.047807664,1.0771474011608206
24.049893614000002,1.0771404198438126
24.051750279,1.0771264572097967
24.053833115,1.0771892890628683
24.055846008000003,1.0771892890628683
24.057794787000002,1.0772451395989322
24.059790657,1.077342878037044
24.061757078000003,1.0774894856942114
24.063751469000003,1.077608168083347
24.065858152,1.0777338317894907
24.067841549,1.077866476812642
24.069792677000002,1.0780689350058734
24.071790110000002,1.078215542663041
24.074131104000003,1.0783342250521766
24.076070017000003,1.0783342250521766
24.077863258,1.0785436645624158
24.079929714000002,1.079144057825102
24.081890507,1.0795280302605408
24.083870198000003,1.0798770961109396
24.085898919,1.080079554304171
24.087810465,1.0802261619613385
24.089827396,1.080400694886538
24.091851627,1.0805891904457532
24.093988860000003,1.0808474991750483
24.09600146,1.0808474991750483
24.097782013,1.0810499573682797
24.099863402,1.0813710979506468
24.101818609000002,1.0814199671697025
24.103846786000002,1.0816014814119101
24.105805328000002,1.0818039396051413
24.107772016000002,1.081978472530341
24.109812754,1.0820413043834125
24.11174772,1.0821460241385323
24.113826738,1.082229799942628
24.116149916,1.082229799942628
24.117915355,1.0824462207698753
24.119892356,1.0824043328678274
24.121866979,1.0824043328678274
24.123852035000002,1.0824252768188514
24.125779482000002,1.0824881086719231
24.127840177000003,1.0824671647208992
24.129839825,1.082516033939955
24.131717721,1.082509052622947
24.134103819,1.082509052622947
24.13577752,1.0824950899889312
24.137681389,1.0826137723780669
24.140079386,1.0825928284270427
24.141832786000002,1.0825928284270427
24.14378495,1.0825928284270427
24.145768909,1.0826137723780669
24.14774969,1.0826067910610588
24.149755855000002,1.0826137723780669
24.151725703,1.0826067910610588
24.154025245000003,1.0824881086719231
24.155869770000002,1.0824881086719231
24.157966555,1.0824950899889312
24.159935923000003,1.0824950899889312
24.161823105,1.0824252768188514
24.163783903000002,1.0823554636487716
24.165740608,1.0823135757467237
24.167766555,1.082250743893652
24.169820008000002,1.082173949406564
24.171754632000003,1.0821879120405802
24.173988351000002,1.082173949406564
24.17580993,1.082173949406564
24.177816862,1.082250743893652
24.179767052000003,1.082250743893652
24.181817554000002,1.0822716878446759
24.183730152000003,1.0822926317956998
24.185711506,1.0823694262827874
24.187822825,1.0824252768188514
24.189747227,1.0824322581358594
24.191733644000003,1.0825579218420027
24.193875314000003,1.0826067910610588
24.195910269000002,1.0826067910610588
24.197780523000002,1.0827394360842104
24.199812700000003,1.0830745393005932
24.2017323,1.083158315104689
24.203810003,1.0832211469577606
24.205722984,1.0834375677850079
24.207772142000003,1.0835841754421756
24.209825463,1.0836260633442234
24.211799032000002,1.0836260633442234
24.213909485000002,1.083772671001391
24.216064874,1.083772671001391
24.217780245,1.0839960731456462
24.219766564,1.0840309797306862
24.221826201000002,1.0841147555347819
24.223699026000002,1.0841706060708456
24.225795936,1.0842753258259654
24.227827759,1.0842753258259654
24.229851329000002,1.0842753258259654
24.231867499,1.0842543818749413
24.233860573,1.0842474005579334
24.235949247,1.0842474005579334
24.237742117,1.0842962697769891
24.239781493000002,1.0842962697769891
24.241725386000002,1.0842753258259654
24.243688408,1.0842962697769891
24.245964285000003,1.0843102324110052
24.247713524,1.0843102324110052
24.249737723000003,1.0842962697769891
24.251701739,1.0842683445089574
24.253819867,1.0842334379239174
24.255932204,1.0842334379239174
24.257808185000002,1.0841915500218695
24.259933105,1.0842124939728934
24.261729485,1.0842124939728934
24.263717703,1.0841775873878536
24.265707216000003,1.0841915500218695
24.267852921000003,1.0841775873878536
24.269734338000003,1.084135699485806
24.271678292,1.0841915500218695
24.273920791000002,1.0841985313388776
24.275966544000003,1.0841985313388776
24.277942369,1.0841775873878536
24.279831446000003,1.0841915500218695
24.281745497000003,1.0842334379239174
24.283876078000002,1.0842194752899015
24.28571707,1.0842194752899015
24.287727984,1.0842474005579334
24.289797639000003,1.0842124939728934
24.291722989,1.0842543818749413
24.293911740000002,1.0841915500218695
24.295954602000002,1.0841915500218695
24.297793470000002,1.0841985313388776
24.299798908000003,1.0842194752899015
24.301882433000003,1.0842124939728934
24.303742107,1.0841496621198219
24.305764547000003,1.0841496621198219
24.307703409000002,1.084107774217774
24.309830917000003,1.0841147555347819
24.311758450000003,1.0840658863157258
24.313835906,1.084093811583758
24.316090533,1.084093811583758
24.317837421,1.0839681478776144
24.319872167,1.0839681478776144
24.321899315000003,1.0839960731456462
24.32384034,1.0839541852435983
24.325856704000003,1.0839472039265903
24.327772648,1.0839541852435983
24.329844231000003,1.0839332412925744
24.331736764000002,1.0839122973415505
24.333840575,1.0839262599755664
24.335858841,1.0839262599755664
24.33781941,1.0839472039265903
24.33984946,1.0839541852435983
24.341994412000002,1.0839053160245427
24.343742175000003,1.0839053160245427
24.345824362000002,1.0839332412925744
24.347727512000002,1.0839262599755664
24.349829516,1.0839472039265903
24.351839585,1.0839681478776144
24.353897598000003,1.0839681478776144
24.35585967,1.0839681478776144
24.357826306,1.0839122973415505
24.359821909,1.0839332412925744
24.361958679,1.0838704094395026
24.363912033000002,1.0839122973415505
24.365731261,1.0839053160245427
24.367801872,1.0839122973415505
24.369873749,1.0839053160245427
24.371771401,1.0839122973415505
24.374003024,1.0839332412925744
24.375789320000003,1.0839332412925744
24.377734649,1.0839122973415505
24.379701597,1.0839262599755664
24.38193674,1.0839751291946222
24.383702488,1.0839751291946222
24.385716094000003,1.0839472039265903
24.387696439000003,1.084044942364702
24.389695001,1.0840658863157258
24.391695347000002,1.0840519236817099
24.394069046000002,1.0840658863157258
24.395874712,1.0840658863157258
24.397885387000002,1.084135699485806
24.399872463,1.0841566434368297
24.401840028000002,1.0841566434368297
24.403700405000002,1.084135699485806
24.405740733000002,1.0842124939728934
24.407726996,1.0841915500218695
24.409883224,1.0841566434368297
24.411664678,1.0841985313388776
24.41384631,1.0842194752899015
24.41589617,1.0842194752899015
24.417764765,1.0841775873878536
24.419852210000002,1.0841915500218695
24.421760032,1.0841915500218695
24.423722,1.084107774217774
24.425710375,1.0841706060708456
24.427701676,1.0841915500218695
24.429691753,1.084135699485806
24.431668838,1.0841566434368297
24.433969888,1.0841566434368297
24.435788122,1.0841566434368297
24.437743734,1.0841706060708456
24.439780376,1.0841566434368297
24.441778295000002,1.084135699485806
24.443817551000002,1.0841706060708456
24.445790723,1.0841566434368297
24.447839772000002,1.0841566434368297
24.449784977,1.084135699485806
24.451657688,1.0841496621198219
24.453835751000003,1.0841775873878536
24.455840542,1.0841775873878536
24.457753332000003,1.084135699485806
24.459688893000003,1.084093811583758
24.461823220000003,1.0841566434368297
24.463777938,1.084135699485806
24.465736794,1.084135699485806
24.467746971,1.084093811583758
24.469871082,1.084128718168798
24.471746779,1.084135699485806
24.473832727,1.0840728676327338
24.475834247,1.0840728676327338
24.477835205,1.0840728676327338
24.480035689,1.0840728676327338
24.481807874,1.0840728676327338
24.483777840000002,1.0840519236817099
24.485875091,1.0840519236817099
24.487758164000002,1.08408683026675
24.489743756000003,1.084093811583758
24.491676995000002,1.0839890918286383
24.493944546,1.0840519236817099
24.495933308,1.0840519236817099
24.497793896,1.0840519236817099
24.499791406,1.0839960731456462
24.501780945,1.0839472039265903
24.503860754,1.0839890918286383
24.505973856,1.084044942364702
24.507792350000003,1.0839751291946222
24.509753031000002,1.0839332412925744
24.511772125,1.0839681478776144
24.513901789000002,1.0839890918286383
24.515945136000003,1.0839890918286383
24.517784179000003,1.0839960731456462
24.519803769000003,1.0839890918286383
24.521986859000002,1.0839960731456462
24.523822265000003,1.0839122973415505
24.525735662000002,1.0839890918286383
24.527751700000003,1.0839472039265903
24.529723693,1.0839681478776144
24.531699527,1.0840100357796623
24.533903922,1.0839890918286383
24.535893961000003,1.0839890918286383
24.537777434000002,1.0839472039265903
24.539745819,1.0839751291946222
24.541755027,1.0839890918286383
24.544041078000003,1.0840170170966703
24.545913156,1.0839681478776144
24.547991264,1.0839681478776144
24.549866521000002,1.0839681478776144
24.551754027,1.0840170170966703
24.55390634,1.0840100357796623
24.555920316,1.0839960731456462
24.557887607,1.0839960731456462
24.559834918,1.0839960731456462
24.561762398000003,1.0840100357796623
24.563829286,1.0840100357796623
24.565747687,1.0840309797306862
24.567712383,1.0840100357796623
24.569725497,1.0840309797306862
24.571727308,1.0840100357796623
24.573839346000003,1.0840309797306862
24.575859101000002,1.0840309797306862
24.577761589,1.0840170170966703
24.579723141000002,1.0840170170966703
24.581683228000003,1.084044942364702
24.583683308,1.0840309797306862
24.585686628,1.084093811583758
24.587720874000002,1.0840100357796623
24.589714516,1.0840519236817099
24.591865318,1.0840658863157258
24.593957913,1.0840309797306862
24.595944215000003,1.0840309797306862
24.597824611,1.0840309797306862
24.599737626000003,1.0840170170966703
24.601814369000003,1.0840658863157258
24.603797992,1.0840309797306862
24.605771393,1.08408683026675
24.608029836,1.0840728676327338
24.609796706,1.0840728676327338
24.611715481,1.084044942364702
24.613967547,1.0840658863157258
24.615834215000003,1.0840658863157258
24.617844666,1.084093811583758
24.619829496,1.084093811583758
24.621905165,1.0840519236817099
24.623825845000002,1.0840728676327338
24.625820425,1.084044942364702
24.627891695000002,1.0840519236817099
24.629898697,1.084044942364702
24.631852776000002,1.0840658863157258
24.633794642,1.08408683026675
24.635842265,1.08408683026675
24.637811067,1.0840519236817099
24.639758769,1.0840309797306862
24.641867139000002,1.084093811583758
24.643743113000003,1.0840309797306862
24.645728022,1.0840170170966703
24.647815099000002,1.0840658863157258
24.649815649,1.0840658863157258
24.65175499,1.0840658863157258
24.653918995,1.084044942364702
24.655835428000003,1.084044942364702
24.657810043,1.084093811583758
24.660007341,1.0840728676327338
24.661802993000002,1.0840309797306862
24.663756486,1.0840658863157258
24.665993175,1.0840519236817099
24.667830749,1.084044942364702
24.669866068,1.0840658863157258
24.671921373,1.0840519236817099
24.674144684,1.0840519236817099
24.675981847000003,1.0840519236817099
24.677866924,1.084044942364702
24.680078843,1.0840309797306862
24.681736986,1.0840309797306862
24.683796595,1.08408683026675
24.685766593,1.0840728676327338
24.687775433000002,1.0840658863157258
24.689807682,1.0841496621198219
24.691825583,1.084044942364702
24.693884639,1.0840309797306862
24.695902681000003,1.0840309797306862
24.697774763,1.0840519236817099
24.699834704,1.0840519236817099
24.701825237,1.0840728676327338
24.703796877000002,1.0840309797306862
24.705769757000002,1.0840728676327338
24.707802198000003,1.084093811583758
24.709676335,1.084093811583758
24.711845074000003,1.0840658863157258
24.713863109000002,1.08408683026675
24.715808746,1.08408683026675
24.717730832,1.08408683026675
24.719741798,1.08408683026675
24.721748793000003,1.0840728676327338
24.723690655000002,1.084044942364702
24.725745882000002,1.0840658863157258
24.727694641000003,1.084093811583758
24.729713671000003,1.0840658863157258
24.731684892,1.084093811583758
24.733900589,1.0840658863157258
24.735853838,1.0840658863157258
24.737791748000003,1.08408683026675
24.739803573000003,1.0840728676327338
24.741688077000003,1.084044942364702
24.743727272,1.0840728676327338
24.745694886000003,1.0840728676327338
24.747677696,1.0840728676327338
24.749700319000002,1.084093811583758
24.751693287000002,1.08408683026675
24.753826219,1.0840728676327338
24.755794595,1.0840728676327338
24.757764418,1.084044942364702
24.759742929,1.0840519236817099
24.761711184000003,1.0840658863157258
24.763692063,1.0840519236817099
24.765719747000002,1.0840728676327338
24.767700502,1.0840519236817099
24.769701062000003,1.0840658863157258
24.771897598000002,1.084044942364702
24.773728114,1.084044942364702
24.775865097,1.084044942364702
24.777732408000002,1.084044942364702
24.779704526000003,1.0840309797306862
24.781719928,1.0840309797306862
24.783695062000003,1.0840728676327338
24.785728287,1.08408683026675
24.787719888,1.0840519236817099
24.789698612000002,1.084044942364702
24.791710045000002,1.0840658863157258
24.793781185,1.0840728676327338
24.795911213,1.084128718168798
24.797739142,1.084128718168798
24.79978811,1.0840100357796623
24.801732122,1.08408683026675
24.803806313000003,1.0840728676327338
24.805668215,1.0840309797306862
24.807725238000003,1.0840309797306862
24.809703734000003,1.084044942364702
24.811716805000003,1.0840658863157258
24.813948512000003,1.084044942364702
24.815750780000002,1.084044942364702
24.817746236,1.0840728676327338
24.819808859000002,1.0841147555347819
24.821794155000003,1.0840658863157258
24.823716475,1.0840658863157258
24.825772207,1.0840519236817099
24.827863192000002,1.0840519236817099
24.829704210000003,1.0840728676327338
24.8316589,1.0840309797306862
24.833790291000003,1.0840728676327338
24.835835186,1.0840728676327338
24.837762002,1.08408683026675
24.839806126000003,1.084044942364702
24.841745432000003,1.084044942364702
24.843706099000002,1.0840658863157258
24.845685195,1.08408683026675
24.847723747,1.08408683026675
24.849688637,1.0840519236817099
24.851807247,1.084107774217774
24.853736050000002,1.084107774217774
24.855850024000002,1.0840728676327338
24.85776707,1.0840728676327338
24.859761208000002,1.0840658863157258
24.861740438,1.0840658863157258
24.863840626000002,1.0840658863157258
24.865793502000002,1.08408683026675
24.867855859000002,1.0840519236817099
24.869771008,1.0840658863157258
24.871832243,1.0840728676327338
24.873911633000002,1.0840728676327338
24.876015561000003,1.08408683026675
24.877870087,1.08408683026675
24.879848043000003,1.0839960731456462
24.881922805000002,1.0840728676327338
24.883997099000002,1.0840519236817099
24.885803684000003,1.0840519236817099
24.887921225000003,1.0840309797306862
24.890125396000002,1.0840728676327338
24.892160200000003,1.0840728676327338
24.893927372,1.08408683026675
24.896206097,1.08408683026675
24.897758875,1.0840728676327338
24.899856927000002,1.0840728676327338
24.901943014,1.084044942364702
24.903846310000002,1.084044942364702
24.905848244,1.084093811583758
24.907805951,1.0840728676327338
24.909814513,1.08408683026675
24.911751968,1.0840519236817099
24.913827266000002,1.0840309797306862
24.915946033,1.0840309797306862
24.917811522,1.084107774217774
24.919855642,1.0840728676327338
24.921874054,1.084093811583758
24.923929022000003,1.084093811583758
24.925860111000002,1.0840658863157258
24.927826445,1.0840658863157258
24.929851673,1.0840728676327338
24.931924496,1.0840519236817099
24.933728191,1.0840519236817099
24.935975673,1.084093811583758
24.937742483,1.084093811583758
24.940046783000003,1.08408683026675
24.94192096,1.0840519236817099
24.943973339000003,1.08408683026675
24.945732686000003,1.08408683026675
24.947875867,1.0840170170966703
24.949690431,1.0840170170966703
24.951725187,1.084093811583758
24.953767318,1.084093811583758
24.955891469,1.084107774217774
24.957808044,1.084107774217774
24.959773486000003,1.0840519236817099
24.961759413000003,1.0840170170966703
24.963780787,1.0840170170966703
24.965736145,1.084093811583758
24.967778162000002,1.0840658863157258
24.969707189,1.0840519236817099
24.97200945,1.084128718168798
24.973772297,1.084128718168798
24.975994117000003,1.0840658863157258
24.977869932,1.0840658863157258
24.980093921,1.084044942364702
24.981864684,1.084093811583758
24.983891934000003,1.08408683026675
24.985989707,1.0840519236817099
24.987910067,1.084044942364702
24.989864282000003,1.0840728676327338
24.991909807000003,1.0840309797306862
24.994209549,1.08408683026675
24.995839053,1.08408683026675
24.997973447000003,1.08408683026675
24.999774782000003,1.08408683026675
25.001769099,1.0840658863157258
25.003934216,1.0840728676327338
25.005739591,1.0840519236817099
25.007737336,1.0840728676327338
25.009757841000003,1.08408683026675
25.011754138,1.084093811583758
25.013991401000002,1.0840728676327338
25.015987503,1.0840728676327338
25.01786217,1.08408683026675
25.019778198,1.0840728676327338
25.021904444,1.084093811583758
25.023847475,1.0840519236817099
25.025825788000002,1.0840519236817099
25.027870436,1.0840519236817099
25.029770156,1.084107774217774
25.031855432,1.0840519236817099
25.03408157,1.0840519236817099
25.035941519,1.08408683026675
25.037868025,1.08408683026675
25.039798629,1.0840728676327338
25.042100034,1.08408683026675
25.044024715000003,1.0841147555347819
25.046112154000003,1.08408683026675
25.047910085,1.0840658863157258
25.050078222000003,1.0840658863157258
25.051927227,1.0840658863157258
25.053916321000003,1.0841147555347819
25.055871237,1.0841147555347819
25.057838376000003,1.0840728676327338
25.059861811,1.0840658863157258
25.061807414,1.0840728676327338
25.06385956,1.0841147555347819
25.065732483,1.08408683026675
25.067793792,1.0840658863157258
25.069785744,1.0840658863157258
25.071749798000003,1.0840519236817099
25.073767937000003,1.0840658863157258
25.075986826,1.0840658863157258
25.077776871,1.0841147555347819
25.079845884,1.0840309797306862
25.081744566,1.0840309797306862
25.0837484,1.0840519236817099
25.085714672,1.0840728676327338
25.087679701000003,1.084128718168798
25.08973239,1.0840658863157258
25.091758427000002,1.0840728676327338
25.093798167000003,1.084093811583758
25.095792612,1.084093811583758
25.097819294,1.0840309797306862
25.099814228000003,1.084107774217774
25.101805729000002,1.084107774217774
25.103744796,1.084107774217774
25.105707350000003,1.0840658863157258
25.107724763,1.0840519236817099
25.109675167000002,1.084135699485806
25.111723481000002,1.0840728676327338
25.114057672,1.084107774217774
25.115862593000003,1.084107774217774
25.117812283000003,1.0840658863157258
25.119776989000002,1.0840658863157258
25.121759141000002,1.0841147555347819
25.123679148,1.0840658863157258
25.125908619,1.084107774217774
25.12783277,1.084107774217774
25.129874424,1.0840658863157258
25.131744205,1.08408683026675
25.134130613,1.08408683026675
25.135793225,1.08408683026675
25.137869107,1.0840658863157258
25.139878002000003,1.0840728676327338
25.141874988,1.08408683026675
25.143758520000002,1.0840658863157258
25.145813949,1.0840519236817099
25.147852223,1.084044942364702
25.14976377,1.0841147555347819
25.151755696000002,1.084107774217774
25.153924357,1.0840728676327338
25.155922606,1.0840728676327338
25.157863897000002,1.084135699485806
25.159881661,1.0840728676327338
25.161678771000002,1.08408683026675
25.163890126000002,1.0841147555347819
25.165720032000003,1.084044942364702
25.167792053000003,1.08408683026675
25.169761767,1.084135699485806
25.171843445,1.0840728676327338
25.173947894,1.0840728676327338
25.175871307,1.084093811583758
25.177810993,1.0840728676327338
25.179819163,1.0840728676327338
25.18181617,1.0840309797306862
25.183874741,1.084107774217774
25.185788758,1.08408683026675
25.187887537,1.0840519236817099
25.189849027,1.08408683026675
25.192003788,1.0840309797306862
25.193791819,1.084107774217774
25.195975077,1.084128718168798
25.198003613,1.084128718168798
25.199838781,1.0840519236817099
25.201730132,1.0840658863157258
25.203732572,1.08408683026675
25.205731457000002,1.08408683026675
25.2078379,1.084107774217774
25.209820458000003,1.084044942364702
25.211897826,1.0840728676327338
25.213907306000003,1.0840658863157258
25.215842971,1.0840658863157258
25.217836154,1.0840309797306862
25.219854631,1.0840728676327338
25.221764597,1.08408683026675
25.223912961,1.0840728676327338
25.225868143000003,1.0840728676327338
25.227900427,1.084093811583758
25.229892745,1.0840658863157258
25.231725004,1.084107774217774
25.233858969,1.084044942364702
25.235960063,1.084044942364702
25.237938540000002,1.084107774217774
25.239857595,1.084107774217774
25.241936229,1.0840519236817099
25.243758413000002,1.08408683026675
25.245783194,1.0840658863157258
25.247765815,1.08408683026675
25.249772282000002,1.08408683026675
25.252118575,1.0840728676327338
25.25420357,1.0840728676327338
25.256078456,1.0840658863157258
25.258121634000002,1.084093811583758
25.260146313,1.08408683026675
25.261884611000003,1.0840519236817099
25.263826246,1.0841147555347819
25.266013811,1.08408683026675
25.267922736000003,1.0841147555347819
25.269972531,1.0840728676327338
25.271975523000002,1.084107774217774
25.274057315,1.08408683026675
25.276067198000003,1.08408683026675
25.278085971000003,1.0840728676327338
25.280105513000002,1.084044942364702
25.281953688,1.0840728676327338
25.28428556,1.084093811583758
25.285838156,1.084093811583758
25.287894464,1.0840658863157258
25.290029483,1.084107774217774
25.291965931,1.084107774217774
25.294336852,1.0840519236817099
25.295973859,1.0840519236817099
25.298026917,1.084107774217774
25.299879941,1.0840658863157258
25.301947513000002,1.084093811583758
25.303896765,1.084093811583758
25.305950974,1.084107774217774
25.307995729,1.084107774217774
25.309927868000003,1.084107774217774
25.311963593,1.08408683026675
25.313962824,1.08408683026675
25.315935762000002,1.0840658863157258
25.317837628000003,1.0840658863157258
25.319932490000003,1.0841496621198219
25.322000246,1.08408683026675
25.323964438,1.08408683026675
25.325966007,1.084107774217774
25.327861689000002,1.0841566434368297
25.329921203,1.08408683026675
25.331941023000002,1.0840658863157258
25.334091688,1.0840728676327338
25.336127517,1.0840728676327338
25.338058971000002,1.0840658863157258
25.339888111,1.084093811583758
25.342243683000003,1.084093811583758
25.343828206,1.084093811583758
25.345838043,1.0840728676327338
25.347903926,1.08408683026675
25.349884936000002,1.0840658863157258
25.352096441,1.0840658863157258
25.354051129000002,1.0840658863157258
25.356015159000002,1.084093811583758
25.358100213,1.084093811583758
25.359807548000003,1.08408683026675
25.361871178,1.08408683026675
25.364195767000002,1.0840728676327338
25.365901314000002,1.0840728676327338
25.367858342,1.0840728676327338
25.369912298000003,1.0840658863157258
25.371885597000002,1.084107774217774
25.374059712,1.0841147555347819
25.375881788,1.0841147555347819
25.377945997,1.0841496621198219
25.380007901000003,1.0841496621198219
25.382230748,1.0840658863157258
25.383881596000002,1.0840658863157258
25.385932835000002,1.0840309797306862
25.387977699,1.0841147555347819
25.389835971,1.0840100357796623
25.391891709000003,1.08408683026675
25.394064852000003,1.084128718168798
25.396128287000003,1.084128718168798
25.397999612000003,1.0841147555347819
25.399797291000002,1.08408683026675
25.401816875,1.084093811583758
25.403859636,1.084044942364702
25.405814962,1.0840658863157258
25.407959947000002,1.0840728676327338
25.409872475,1.08408683026675
25.411934010000003,1.084093811583758
25.414049643000002,1.084093811583758
25.415944677000002,1.084093811583758
25.417884224,1.084107774217774
25.419841298,1.0841147555347819
25.421992277,1.0841147555347819
25.423880288000003,1.0841147555347819
25.425874175,1.0841147555347819
25.428076093,1.084093811583758
25.429816879,1.084093811583758
25.432087712,1.0840658863157258
25.434205575,1.084093811583758
25.435774293,1.084093811583758
25.437912432,1.0840728676327338
25.439761404000002,1.084093811583758
25.44178331,1.08408683026675
25.443851814000002,1.08408683026675
25.445822007,1.0840728676327338
25.44783388,1.0840728676327338
25.449753973,1.08408683026675
25.451861655000002,1.084044942364702
25.454016510000002,1.0841147555347819
25.455848967,1.0841147555347819
25.457867096,1.08408683026675
25.459902906,1.084093811583758
25.461927124000002,1.0841147555347819
25.463891065000002,1.0841147555347819
25.465758954000002,1.084107774217774
25.467874068,1.084093811583758
25.469857728,1.08408683026675
25.471802020000002,1.0840658863157258
25.474044911,1.08408683026675
25.476198586000002,1.08408683026675
25.478042804,1.0840519236817099
25.479876562,1.08408683026675
25.481861416,1.084107774217774
25.483745834,1.0840728676327338
25.485839174000002,1.0840658863157258
25.487851544,1.084107774217774
25.489747367000003,1.0840170170966703
25.491793146000003,1.08408683026675
25.494006128000002,1.08408683026675
25.495863414000002,1.08408683026675
25.497950130000003,1.0840658863157258
25.499859347,1.0840728676327338
25.501916308000002,1.08408683026675
25.503799637,1.0840728676327338
25.505859249,1.084093811583758
25.507768426000002,1.084107774217774
25.509760988,1.0841496621198219
25.511812519000003,1.084128718168798
25.514211649,1.08408683026675
25.515952312000003,1.08408683026675
25.517778702,1.084107774217774
25.519719781000003,1.0840658863157258
25.521803673,1.084107774217774
25.523818646000002,1.084093811583758
25.525822186000003,1.084128718168798
25.527818317,1.0840658863157258
25.529921686,1.08408683026675
25.531829831000003,1.08408683026675
25.533986765,1.08408683026675
25.536005257000003,1.08408683026675
25.537884196,1.08408683026675
25.539766571,1.08408683026675
25.541901852000002,1.0840728676327338
25.543871243,1.0840728676327338
25.545839193000003,1.08408683026675
25.547825899000003,1.084093811583758
25.549733013,1.084128718168798
25.551813871,1.0840728676327338
25.553952342000002,1.084093811583758
25.555999240000002,1.084093811583758
25.557845266,1.0840728676327338
25.559864947,1.084107774217774
25.561752963,1.084135699485806
25.563869970000002,1.084128718168798
25.565750701000002,1.084107774217774
25.567821909000003,1.0840519236817099
25.569869184,1.0840728676327338
25.571860047,1.084107774217774
25.573907146000003,1.084107774217774
25.575926516000003,1.084107774217774
25.577842218,1.084107774217774
25.579847247,1.0840519236817099
25.581890135000002,1.0840309797306862
25.583777234000003,1.084128718168798
25.586042533,1.0841147555347819
25.587775822,1.0841147555347819
25.589829227000003,1.084128718168798
25.59175253,1.0840728676327338
25.593890409,1.084093811583758
25.595998619000003,1.084093811583758
25.597889063,1.084093811583758
25.599813588,1.084093811583758
25.601871767000002,1.0840658863157258
25.60371767,1.084093811583758
25.605879819000002,1.084128718168798
25.607841426,1.0841147555347819
25.60985531,1.084093811583758
25.611751778000002,1.0840658863157258
25.613882655,1.08408683026675
25.615818603,1.08408683026675
25.617886833,1.084093811583758
25.619855495000003,1.084093811583758
25.621774001000002,1.084044942364702
25.623947725,1.084093811583758
25.625873092000003,1.0841147555347819
25.627857267000003,1.0841147555347819
25.629812524000002,1.084044942364702
25.631819149000002,1.084093811583758
25.633983157000003,1.08408683026675
25.635881037,1.08408683026675
25.637898831,1.0841147555347819
25.639792941000003,1.0840728676327338
25.641759296,1.0840728676327338
25.643759797,1.0841147555347819
25.645798565000003,1.084135699485806
25.647831207000003,1.0840309797306862
25.649790149,1.084128718168798
25.651723476,1.084135699485806
25.653872097,1.084107774217774
25.655858602000002,1.084107774217774
25.657775930000003,1.0841147555347819
25.659738253,1.084093811583758
25.661918736,1.084093811583758
25.663824122,1.084093811583758
25.665738088,1.08408683026675
25.667893375000002,1.084044942364702
25.669791584000002,1.084128718168798
25.67170914,1.0841147555347819
25.673865471000003,1.084107774217774
25.675945362,1.084107774217774
25.677835261000002,1.0840728676327338
25.679807211,1.084093811583758
25.681893416,1.0841147555347819
25.683904682,1.084093811583758
25.685853335,1.08408683026675
25.687837878,1.084107774217774
25.689716636,1.084128718168798
25.691687891,1.084093811583758
25.694039387,1.08408683026675
25.695850302,1.08408683026675
25.697906052,1.084107774217774
25.699786719000002,1.084093811583758
25.701799171,1.084128718168798
25.703768203000003,1.08408683026675
25.705794475,1.0841496621198219
25.707728361,1.084135699485806
25.709750176,1.0840658863157258
25.711780257,1.08408683026675
25.714133407000002,1.084135699485806
25.715922541,1.084135699485806
25.718041390000003,1.084128718168798
25.719823155,1.084107774217774
25.721878776,1.0841566434368297
25.724064239,1.0841566434368297
25.725972704,1.08408683026675
25.727836418000003,1.084128718168798
25.729930307,1.08408683026675
25.732134414,1.0840658863157258
25.734238267000002,1.0840658863157258
25.735814400000002,1.084107774217774
25.737766125,1.084107774217774
25.739723195,1.084135699485806
25.741733159000002,1.084093811583758
25.743701798,1.084107774217774
25.745712893,1.0840309797306862
25.747715722000002,1.084135699485806
25.749687009000002,1.084128718168798
25.751716885,1.08408683026675
25.753813715000003,1.0841496621198219
25.75599842,1.08408683026675
25.757793769000003,1.08408683026675
25.759766693000003,1.084107774217774
25.761698252000002,1.0840658863157258
25.763796178000003,1.084107774217774
25.765922638000003,1.08408683026675
25.768105723,1.084128718168798
25.769848101,1.084128718168798
25.771737611000002,1.08408683026675
25.773805502000002,1.084128718168798
25.775854503,1.084128718168798
25.777772206,1.0840728676327338
25.779778346,1.084107774217774
25.781712375,1.084107774217774
25.783702452,1.0841496621198219
25.785802379000003,1.084128718168798
25.787802993000003,1.0841147555347819
25.789736756,1.0841147555347819
25.791959332,1.084128718168798
25.793759913000002,1.084128718168798
25.795882874,1.0841147555347819
25.797774722000003,1.0841147555347819
25.799740267,1.084093811583758
25.801730088000003,1.0840658863157258
25.803707555000003,1.08408683026675
25.805703179,1.084093811583758
25.807950026,1.084093811583758
25.809736993,1.084093811583758
25.811739117000002,1.0841147555347819
25.813970272000002,1.084128718168798
25.815752730000003,1.084128718168798
25.817710245,1.084093811583758
25.819979410000002,1.0841706060708456
25.821764158,1.0841706060708456
25.823702677,1.08408683026675
25.825753737000003,1.084093811583758
25.827768202,1.084107774217774
25.82975567,1.0840728676327338
25.831717392,1.084128718168798
25.833994264,1.084128718168798
25.835826841000003,1.084128718168798
25.837757153000002,1.084128718168798
25.839824964,1.0841147555347819
25.841765357,1.0841147555347819
25.843741896,1.0840658863157258
25.845686445000002,1.084107774217774
25.847711927000002,1.0841147555347819
25.849722043,1.0840658863157258
25.851724292,1.084107774217774
25.853963712000002,1.084107774217774
25.855918407,1.084107774217774
25.857816139,1.084093811583758
25.859971808,1.084107774217774
25.861811371,1.084128718168798
25.863715188,1.0840728676327338
25.865780986,1.0841496621198219
25.867718739,1.084135699485806
25.869876,1.0841147555347819
25.871890285000003,1.0841147555347819
25.874020421,1.084093811583758
25.876007583000003,1.084093811583758
25.877772071000003,1.08408683026675
25.879838223,1.084093811583758
25.881867859000003,1.084128718168798
25.883800916000002,1.0841566434368297
25.885752135,1.084107774217774
25.88782601,1.0841147555347819
25.889718421,1.0841496621198219
25.891774950000002,1.0840728676327338
25.894003161,1.0840728676327338
25.895865530000002,1.0840728676327338
25.897866966000002,1.0840658863157258
25.899857968000003,1.08408683026675
25.901843978000002,1.0841496621198219
25.90385944,1.0841147555347819
25.905756306,1.0841496621198219
25.907742648000003,1.084093811583758
25.90985849,1.08408683026675
25.911760797000003,1.0840728676327338
25.913904080000002,1.084093811583758
25.915991165,1.084093811583758
25.917912274000003,1.084107774217774
25.919919539000002,1.0840728676327338
25.921730012,1.0841147555347819
25.923702834,1.0841147555347819
25.925760834000002,1.0841496621198219
25.927823128,1.084135699485806
25.929739925000003,1.084128718168798
25.931746024000002,1.084128718168798
25.933825927,1.084093811583758
25.935831565,1.084093811583758
25.937782598000002,1.0841147555347819
25.939940079000003,1.0841496621198219
25.941781937000002,1.084128718168798
25.943760279000003,1.0840728676327338
25.945740892,1.0841566434368297
25.947879949,1.08408683026675
25.949744820000003,1.08408683026675
25.951745408,1.084107774217774
25.954007082,1.0841147555347819
25.956123884,1.0841147555347819
25.957873172000003,1.0841147555347819
25.959855819,1.084128718168798
25.962186201,1.084135699485806
25.963736638,1.084135699485806
25.96575306,1.084107774217774
25.967769559,1.084107774217774
25.969751964,1.084107774217774
25.971747202000003,1.084107774217774
25.973818920000003,1.084107774217774
25.976093454,1.084107774217774
25.977822184,1.08408683026675
25.979722742,1.0840728676327338
25.98182883,1.0841147555347819
25.98373511,1.084135699485806
25.985936952000003,1.08408683026675
25.987885186000003,1.08408683026675
25.989770776,1.0840309797306862
25.99182804,1.0841147555347819
25.993919547,1.0840728676327338
25.996047018000002,1.0840728676327338
25.99779252,1.084093811583758
25.999792984000003,1.0841496621198219
26.001949083000003,1.08408683026675
26.003883795,1.084107774217774
26.005827498000002,1.084135699485806
26.007838770000003,1.084093811583758
26.010026109000002,1.084128718168798
26.011831782,1.08408683026675
26.014050391,1.0840658863157258
26.015768529000002,1.0840658863157258
26.01779273,1.084107774217774
26.019793553000003,1.084107774217774
26.021862350000003,1.084128718168798
26.023734409000003,1.0841496621198219
26.025797263,1.084107774217774
26.027852676000002,1.0841147555347819
26.029844533000002,1.084093811583758
26.031827726000003,1.0841566434368297
26.034700226000002,1.0841566434368297
26.035840658,1.084093811583758
26.037841409000002,1.084135699485806
26.039764849,1.084135699485806
26.041739127000003,1.0841496621198219
26.043713904,1.08408683026675
26.045878126,1.084128718168798
26.047795103000002,1.0841566434368297
26.04981085,1.08408683026675
26.051930881,1.084093811583758
26.054164079000003,1.084135699485806
26.05586308,1.084135699485806
26.057826057000003,1.084128718168798
26.059844455,1.08408683026675
26.06185434,1.084093811583758
26.063744184,1.0840728676327338
26.065711540000002,1.0841147555347819
26.067703655000003,1.0841566434368297
26.069787593,1.084107774217774
26.071707628000002,1.0841566434368297
26.073849566000003,1.0841147555347819
26.076054359,1.0841147555347819
26.077911649,1.084107774217774
26.079825261,1.0841706060708456
26.081956287,1.084093811583758
26.083732029,1.084128718168798
26.085743394,1.0841566434368297
26.087738009000002,1.0841147555347819
26.089767771,1.0841147555347819
26.091813508,1.08408683026675
26.093785262,1.084107774217774
26.095843692000003,1.084107774217774
26.097752215,1.084128718168798
26.099706407000003,1.084107774217774
26.101741229,1.08408683026675
26.103702425,1.084128718168798
26.105802344,1.084093811583758
26.107674001000003,1.084128718168798
26.10968184,1.084135699485806
26.111685616000003,1.084093811583758
26.113800346,1.084093811583758
26.116107449,1.084093811583758
26.11778882,1.084128718168798
26.119861494000002,1.0841147555347819
26.121877087,1.0841147555347819
26.123755155,1.0841496621198219
26.125696163,1.084128718168798
26.127722509,1.0841147555347819
26.129721201000002,1.0841147555347819
26.131779705000003,1.0840309797306862
26.133835202,1.084107774217774
26.135854493,1.084107774217774
26.137749133000003,1.0841147555347819
26.139742000000002,1.084128718168798
26.141725708000003,1.084107774217774
26.143758465,1.0840728676327338
26.145773100000003,1.084044942364702
26.147788871000003,1.084093811583758
26.149892843,1.084128718168798
26.151847728,1.084107774217774
26.153864136000003,1.0841147555347819
26.155827906000003,1.0841147555347819
26.157873524000003,1.0841147555347819
26.159778064,1.0841147555347819
26.161839957,1.084093811583758
26.163853446,1.084093811583758
26.165708494,1.084128718168798
26.167686857000003,1.084128718168798
26.169689917000003,1.084128718168798
26.171770811000002,1.084135699485806
26.173935568,1.084128718168798
26.175841853,1.084128718168798
26.177794404,1.084107774217774
26.179802849,1.084107774217774
26.181764989,1.084093811583758
26.183785271,1.084107774217774
26.185682524,1.084128718168798
26.187817242,1.084107774217774
26.189704886,1.084107774217774
26.191773117,1.0841147555347819
26.193851809,1.084093811583758
26.195960662,1.084093811583758
26.197955824,1.084107774217774
26.199777125,1.0841147555347819
26.201812969000002,1.0841496621198219
26.203775907,1.0840728676327338
26.205751720000002,1.08408683026675
26.207867372000003,1.0841147555347819
26.209872631000003,1.084093811583758
26.211766744000002,1.0841147555347819
26.213921589,1.084128718168798
26.215822971,1.084128718168798
26.217809652000003,1.084093811583758
26.219852925,1.0840309797306862
26.221844224,1.0841147555347819
26.223744337000003,1.084135699485806
26.225779283,1.084107774217774
26.227870801,1.084107774217774
26.229749726,1.084093811583758
26.231777442000002,1.084107774217774
26.234123,1.084107774217774
26.235880791000003,1.084107774217774
26.237826390000002,1.084093811583758
26.239889815,1.084093811583758
26.241895895000003,1.084128718168798
26.243743225000003,1.0841147555347819
26.245875702000003,1.084128718168798
26.247859307000002,1.084128718168798
26.249859733,1.084128718168798
26.251793629,1.08408683026675
26.253930572,1.0841147555347819
26.256030554000002,1.0841147555347819
26.25778954,1.08408683026675
26.259758431,1.084107774217774
26.261739409,1.0840658863157258
26.263744979000002,1.084128718168798
26.265708207000003,1.084093811583758
26.267793777,1.0840519236817099
26.269985925,1.084135699485806
26.271719798000003,1.084135699485806
26.273886984,1.084128718168798
26.275869769000003,1.084128718168798
26.277793449,1.084107774217774
26.279887625,1.084135699485806
26.281778579,1.084135699485806
26.283771960000003,1.084107774217774
26.285754166,1.084093811583758
26.287714591,1.08408683026675
26.289760921000003,1.084107774217774
26.291709926000003,1.084128718168798
26.293812316,1.084135699485806
26.295840995000002,1.084135699485806
26.297821513000002,1.08408683026675
26.299810216,1.0841147555347819
26.301873825,1.0840728676327338
26.30374849,1.084107774217774
26.305764756000002,1.0841566434368297
26.307745397,1.0841147555347819
26.309729048,1.0840728676327338
26.311743239000002,1.0841496621198219
26.313834585000002,1.084128718168798
26.315979781000003,1.084128718168798
26.317862006000002,1.0840728676327338
26.319791593,1.0840728676327338
26.321777809,1.0840728676327338
26.323889406000003,1.084135699485806
26.325696686,1.0841566434368297
26.327886386000003,1.084135699485806
26.329907622,1.08408683026675
26.331859190000003,1.084093811583758
26.334049972000003,1.084128718168798
26.336000411,1.084128718168798
26.337820739,1.084135699485806
26.339784991000002,1.084107774217774
26.341725536000002,1.084128718168798
26.343721795,1.084107774217774
26.345688732000003,1.084107774217774
26.347666774,1.0841147555347819
26.349726626000002,1.084128718168798
26.351719563000003,1.084093811583758
26.353934502,1.0840728676327338
26.355801225,1.0840728676327338
26.357754013,1.084128718168798
26.359693,1.0840728676327338
26.361749214000003,1.084093811583758
26.363704581,1.084128718168798
26.365707795000002,1.08408683026675
26.367734285,1.0841496621198219
26.369739217000003,1.0841147555347819
26.371707714000003,1.084093811583758
26.373904046000003,1.0840728676327338
26.375830357,1.0840728676327338
26.377770253,1.0841147555347819
26.379742368000002,1.084135699485806
26.381762056000003,1.0841147555347819
26.383779695,1.0841147555347819
26.385711194000002,1.084093811583758
26.387766404,1.08408683026675
26.389778402,1.084128718168798
26.391741873,1.0841147555347819
26.393876167000002,1.0841147555347819
26.395918140000003,1.0841147555347819
26.397923584,1.084093811583758
26.39982629,1.084093811583758
26.401935291,1.084107774217774
26.403720066,1.0840519236817099
26.40586263,1.084128718168798
26.407852300000002,1.084093811583758
26.409847946000003,1.0841147555347819
26.411803953000003,1.0841496621198219
26.414046555000002,1.084093811583758
26.415920139,1.084093811583758
26.417831573,1.0840658863157258
26.419777526,1.0841147555347819
26.421750055,1.0841147555347819
26.423723730000003,1.0840728676327338
26.425721177000003,1.0840519236817099
26.427721702000003,1.084093811583758
26.429706518000003,1.0841496621198219
26.431783638000002,1.08408683026675
26.433800266000002,1.084128718168798
26.435831344,1.084128718168798
26.437744707,1.084093811583758
26.439741143000003,1.0841496621198219
26.441753953000003,1.0841496621198219
26.443710819000003,1.084107774217774
26.445745745,1.084107774217774
26.447725595,1.0841496621198219
26.449719519000002,1.0841496621198219
26.4517391,1.0840728676327338
26.453856337,1.0840728676327338
26.455798049000002,1.084135699485806
26.45780814,1.084107774217774
26.459857885,1.084128718168798
26.461788496,1.084128718168798
26.463742691,1.0841496621198219
26.465726415000002,1.084128718168798
26.467902634,1.084093811583758
26.469726482000002,1.084093811583758
26.471693539,1.08408683026675
26.473831441,1.0840658863157258
26.475857376,1.0840658863157258
26.477824868000003,1.084107774217774
26.479776082,1.084107774217774
26.482127735000002,1.0841147555347819
26.483839053,1.0841147555347819
26.485868606,1.084135699485806
26.487884757000003,1.084093811583758
26.489723309000002,1.084093811583758
26.491760504000002,1.084107774217774
26.493739102000003,1.0841566434368297
26.495977551000003,1.084093811583758
26.498013371000003,1.084093811583758
26.499885122000002,1.084044942364702
26.501894309,1.0841147555347819
26.503967294000002,1.084107774217774
26.505888141000003,1.084135699485806
26.507729073,1.0841566434368297
26.509842861000003,1.0841147555347819
26.511765404000002,1.0840519236817099
26.513765425000003,1.0841496621198219
26.516004681000002,1.0841496621198219
26.517858641,1.084107774217774
26.519760729,1.0840728676327338
26.521950868,1.0840728676327338
26.52382309,1.0841496621198219
26.525855043,1.0841566434368297
26.527901647,1.084107774217774
26.529757375000003,1.084128718168798
26.531950351000003,1.084093811583758
26.534000125000002,1.0841147555347819
26.535859775000002,1.0841147555347819
26.5378878,1.0841566434368297
26.540088028000003,1.084107774217774
26.541872943,1.084107774217774
26.54384654,1.084135699485806
26.545821877,1.084135699485806
26.547798693,1.084107774217774
26.549708668,1.084093811583758
26.551956454000003,1.0841566434368297
26.553935511000002,1.0841496621198219
26.555848238000003,1.0841496621198219
26.557837171000003,1.0841147555347819
26.559779351000003,1.0841147555347819
26.562134729,1.0841496621198219
26.564047649000003,1.0841496621198219
26.565810929,1.084135699485806
26.567749895000002,1.084093811583758
26.569834953,1.08408683026675
26.571880892000003,1.084135699485806
26.573935235,1.08408683026675
26.575791043000002,1.08408683026675
26.577786065,1.08408683026675
26.579777993,1.084128718168798
26.581856695000003,1.0841496621198219
26.583814605,1.08408683026675
26.585768570000003,1.08408683026675
26.587706271000002,1.084128718168798
26.589823237,1.084128718168798
26.591853083,1.084093811583758
26.593889273000002,1.084107774217774
26.59593439,1.084107774217774
26.597867139,1.0841566434368297
26.599871460000003,1.08408683026675
26.602067818000002,1.0841147555347819
26.603777145000002,1.0841147555347819
26.605806703000002,1.084128718168798
26.607805649000003,1.0840519236817099
26.609870524,1.0841496621198219
26.611872541,1.0841496621198219
26.61399404,1.084135699485806
26.61580473,1.084135699485806
26.617803687000002,1.084107774217774
26.619858962000002,1.0841566434368297
26.621988561000002,1.084128718168798
26.623983336000002,1.084107774217774
26.625829987000003,1.084093811583758
26.62796626,1.0840728676327338
26.6299397,1.084135699485806
26.631964496000002,1.08408683026675
26.634099321,1.084107774217774
26.635995784000002,1.084107774217774
26.637817834000003,1.084107774217774
26.639872074000003,1.084093811583758
26.641994771,1.084093811583758
26.643976444000003,1.0841147555347819
26.645906810000003,1.0841496621198219
26.647794800000003,1.084128718168798
26.649895760000003,1.084093811583758
26.651888428000003,1.0840728676327338
26.654222377,1.084093811583758
26.656091719000003,1.084093811583758
26.658011942,1.084107774217774
26.659880247,1.0841496621198219
26.661892371,1.084128718168798
26.663887195,1.0841147555347819
26.665881523000003,1.084107774217774
26.667825718000003,1.08408683026675
26.669915016,1.08408683026675
26.671913921,1.084107774217774
26.673991427,1.0841147555347819
26.676246799,1.0841147555347819
26.677820540000003,1.084128718168798
26.679803261,1.0841147555347819
26.681925338000003,1.084128718168798
26.683849437000003,1.084128718168798
26.68585032,1.084107774217774
26.687880502000002,1.084128718168798
26.689815220000003,1.0841496621198219
26.691682594000003,1.0840519236817099
26.693867081,1.084128718168798
26.696082317000002,1.0841566434368297
26.698317212000003,1.0841566434368297
26.699893828,1.0840728676327338
26.701897690000003,1.084135699485806
26.703793795000003,1.084093811583758
26.705913402,1.084107774217774
26.707877582000002,1.0841566434368297
26.709890606000002,1.0841496621198219
26.711859150000002,1.0841496621198219
26.714203383,1.084135699485806
26.715923874,1.084135699485806
26.71803226,1.084135699485806
26.719961963000003,1.084135699485806
26.721941847,1.084135699485806
26.723862893000003,1.084128718168798
26.725956984000003,1.0840728676327338
26.728016058,1.0841147555347819
26.729922052000003,1.0840519236817099
26.731903733000003,1.0841147555347819
26.733965482000002,1.0841566434368297
26.735909402,1.0841566434368297
26.737896855000002,1.08408683026675
26.739771634,1.0841496621198219
26.741792082,1.084093811583758
26.743870123,1.084107774217774
26.745890855000003,1.0841147555347819
26.747880327,1.084107774217774
26.74989392,1.084107774217774
26.752021723000002,1.084128718168798
26.753876256,1.084128718168798
26.755816468000003,1.084135699485806
26.75776245,1.084135699485806
26.759783238,1.084135699485806
26.761759436000002,1.084135699485806
26.763742387,1.0841147555347819
26.765731366,1.0841147555347819
26.767771758000002,1.084135699485806
26.769725042,1.084135699485806
26.771722366000002,1.084107774217774
26.773855020000003,1.084128718168798
26.775960917000003,1.084128718168798
26.77782397,1.084093811583758
26.779815898000003,1.084093811583758
26.781835633,1.084093811583758
26.783873921,1.0841566434368297
26.785960949000003,1.0841496621198219
26.787937896000003,1.084135699485806
26.789930889,1.0841147555347819
26.791834393000002,1.084107774217774
26.793902822000003,1.084093811583758
26.795861099000003,1.084093811583758
26.797817885,1.084135699485806
26.799889025000002,1.084107774217774
26.801820417000002,1.084107774217774
26.803912443,1.0841147555347819
26.805759781000003,1.0841147555347819
26.807958108,1.0840728676327338
26.810083277,1.0840728676327338
26.811742323,1.0841496621198219
26.813801118,1.084107774217774
26.815962210000002,1.0841706060708456
26.817781431,1.0841706060708456
26.819796739,1.084128718168798
26.821868902000002,1.084107774217774
26.823898277,1.08408683026675
26.825919709,1.0841147555347819
26.827900972000002,1.084128718168798
26.829876658000003,1.084135699485806
26.831995619,1.084135699485806
26.833966051,1.084107774217774
26.835899806,1.084107774217774
26.83781537,1.084135699485806
26.84011655,1.0841496621198219
26.842074329000003,1.0841496621198219
26.843749154,1.084093811583758
26.845815911000003,1.084107774217774
26.847955393000003,1.0841496621198219
26.849931038,1.0841496621198219
26.851780369,1.084128718168798
26.853942877,1.08408683026675
26.855847522,1.08408683026675
26.857803167,1.0841566434368297
26.860176247000002,1.0841566434368297
26.861920661000003,1.0841147555347819
26.863964216000003,1.0841147555347819
26.865685856000002,1.0841147555347819
26.867897975,1.084135699485806
26.869880102000003,1.084135699485806
26.871786573,1.084135699485806
26.873866059,1.084128718168798
26.875938856,1.084128718168798
26.877870503,1.084135699485806
26.879841842,1.084107774217774
26.881862632,1.084107774217774
26.883831371000003,1.0841496621198219
26.885896471000002,1.084107774217774
26.887794943000003,1.084135699485806
26.889848483,1.0841496621198219
26.891884211,1.084107774217774
26.893821725000002,1.0840728676327338
26.896110982000003,1.0840728676327338
26.897890994,1.084128718168798
26.900001696,1.084128718168798
26.901855701000002,1.084135699485806
26.903903722000003,1.08408683026675
26.905831932,1.084093811583758
26.907699566,1.084135699485806
26.909861183,1.084107774217774
26.911704905,1.084135699485806
26.913956711,1.084128718168798
26.915807496000003,1.084128718168798
26.91785511,1.084128718168798
26.919771122,1.084135699485806
26.921897615000002,1.0841496621198219
26.923745856,1.084093811583758
26.925768767,1.084093811583758
26.927832351000003,1.0841706060708456
26.92993423,1.0841496621198219
26.931754884,1.0840728676327338
26.934104791000003,1.084128718168798
26.935938385,1.084128718168798
26.937800725000002,1.0841147555347819
26.939954621000002,1.08408683026675
26.942142519,1.08408683026675
26.943764178000002,1.084128718168798
26.945988414000002,1.084128718168798
26.947774067,1.084128718168798
26.949766744,1.0841566434368297
26.951863815000003,1.08408683026675
26.953829958,1.084107774217774
26.955802707,1.084107774217774
26.957879129000002,1.084128718168798
26.959853898000002,1.084128718168798
26.9617405,1.08408683026675
26.963726840000003,1.0841566434368297
26.965752828000003,1.084135699485806
26.967732298,1.084093811583758
26.969730509,1.084135699485806
26.971998567,1.084107774217774
26.973853363,1.084107774217774
26.975857434,1.084107774217774
26.977780195,1.084107774217774
26.979805094000003,1.084107774217774
26.981774215,1.0841496621198219
26.983706644,1.0841496621198219
26.985745156,1.084128718168798
26.987742468,1.084128718168798
26.989707638000002,1.084135699485806
26.991735276,1.084128718168798
26.993983306,1.084128718168798
26.995892283000003,1.084107774217774
26.997814918000003,1.084107774217774
26.999880419,1.084093811583758
27.001865372,1.084128718168798
27.003804207,1.084107774217774
27.005832978,1.0841147555347819
27.007743739000002,1.084128718168798
27.009816636,1.0841496621198219
27.011773801,1.084093811583758
27.013853360000002,1.0841775873878536
27.015930602,1.0841775873878536
27.017816138,1.0841706060708456
27.019899900000002,1.084128718168798
27.021856006,1.084128718168798
27.023852092000002,1.08408683026675
27.025922455000003,1.084128718168798
27.027830526000002,1.084107774217774
27.029850233,1.0841706060708456
27.031918221,1.0841147555347819
27.033862086000003,1.084107774217774
27.036016331000003,1.084107774217774
27.037870819000002,1.084128718168798
27.039904912,1.084128718168798
27.041843999,1.084135699485806
27.043805745,1.0841496621198219
27.045858372,1.0841496621198219
27.047731158,1.0841566434368297
27.049772002,1.0841496621198219
27.051830976,1.0841147555347819
27.053798061000002,1.084107774217774
27.055983489000003,1.084107774217774
27.057886206000003,1.0841496621198219
27.059901872,1.084107774217774
27.061942626,1.08408683026675
27.063738292,1.0841566434368297
27.066088952,1.08408683026675
27.067777420000002,1.084107774217774
27.069730082000003,1.0841496621198219
27.071738858000003,1.084107774217774
27.073856906000003,1.084135699485806
27.075837448,1.084135699485806
27.077795629,1.084107774217774
27.079720522000002,1.0840658863157258
27.081706118000003,1.084128718168798
27.083948657,1.084128718168798
27.086001021,1.0841915500218695
27.087989554,1.084135699485806
27.089726908000003,1.0841147555347819
27.091743608,1.084107774217774
27.093968518,1.0841496621198219
27.095880877000003,1.0841496621198219
27.097845483,1.084128718168798
27.099874890000002,1.084093811583758
27.101786097,1.084128718168798
27.103864369,1.084128718168798
27.105813411000003,1.0841147555347819
27.107839624,1.0841566434368297
27.109921847000003,1.084135699485806
27.111888234000002,1.084107774217774
27.114152709000003,1.084107774217774
27.115937818000003,1.084107774217774
27.117801714000002,1.0841147555347819
27.119931993,1.084107774217774
27.121879246000002,1.084135699485806
27.123854139000002,1.08408683026675
27.125842215000002,1.0841147555347819
27.127864775000003,1.0841147555347819
27.129833856,1.084107774217774
27.131787120000002,1.08408683026675
27.133820129,1.084135699485806
27.135836415,1.084135699485806
27.137775825000002,1.084128718168798
27.139865129,1.084107774217774
27.141857923000003,1.08408683026675
27.143787563,1.08408683026675
27.145715267,1.0841147555347819
27.147740457,1.0841147555347819
27.149688159,1.084135699485806
27.151719159000002,1.0841706060708456
27.154031484,1.0841147555347819
27.155854252,1.0841147555347819
27.157786032,1.08408683026675
27.159729471000002,1.084093811583758
27.161825,1.0841496621198219
27.163777147,1.084107774217774
27.1658116,1.084107774217774
27.167939661000002,1.0841496621198219
27.169841006000002,1.084128718168798
27.172253091,1.0841147555347819
27.174040589,1.0841147555347819
27.175934310000002,1.0841147555347819
27.177866747000003,1.0841147555347819
27.179813728000003,1.0841775873878536
27.18190698,1.084128718168798
27.183851575000002,1.0841566434368297
27.185750576,1.084093811583758
27.187842117000002,1.0841147555347819
27.189838567000002,1.0841147555347819
27.191833197,1.084135699485806
27.194209716000003,1.0841566434368297
27.196085119000003,1.0841566434368297
27.197994127,1.084128718168798
27.199977101,1.0841147555347819
27.202137490000002,1.084135699485806
27.203888687000003,1.0841496621198219
27.205929004,1.0841147555347819
27.207918954,1.0841147555347819
27.209918922,1.0841496621198219
27.212160209,1.0841147555347819
27.214199203000003,1.084135699485806
27.216129435000003,1.084135699485806
27.217954554000002,1.084093811583758
27.219934285,1.0841566434368297
27.222132192,1.084093811583758
27.224180034000003,1.084093811583758
27.226013848,1.084135699485806
27.227909508000003,1.084135699485806
27.230523201,1.084135699485806
27.231786238,1.0841566434368297
27.234114011000003,1.0841496621198219
27.236214715000003,1.0841496621198219
27.238001024000003,1.084107774217774
27.239897863000003,1.0840728676327338
27.241913702,1.0840728676327338
27.243887271000002,1.0841566434368297
27.245758091000003,1.084128718168798
27.24784096,1.0841147555347819
27.2498621,1.0841147555347819
27.25176695,1.084135699485806
27.254221117,1.08408683026675
27.255959613,1.08408683026675
27.257987336000003,1.084128718168798
27.259885932000003,1.0841496621198219
27.262082587000002,1.084135699485806
27.263991619000002,1.0841706060708456
27.265897861000003,1.08408683026675
27.267902855000003,1.084128718168798
27.269860065000003,1.084128718168798
27.271957527,1.084135699485806
27.274006479,1.084135699485806
27.276019991000002,1.084135699485806
27.278190226000003,1.084135699485806
27.280014193000003,1.084107774217774
27.282056805000003,1.0841147555347819
27.284139414000002,1.084093811583758
27.285773596000002,1.084093811583758
27.2880007,1.0841147555347819
27.289947845,1.0841496621198219
27.291922759000002,1.084135699485806
27.294120636000002,1.084093811583758
27.296156080000003,1.084093811583758
27.297885731,1.0841147555347819
27.300094089,1.0841147555347819
27.30189228,1.0841147555347819
27.303846016,1.084135699485806
27.306036483000003,1.0841496621198219
27.308091695,1.084128718168798
27.310042694000003,1.0840658863157258
27.311797644000002,1.0841496621198219
27.314103489,1.084135699485806
27.316054804,1.084135699485806
27.317993491000003,1.084107774217774
27.320393855000003,1.0841147555347819
27.321933255,1.0841147555347819
27.323928238,1.084107774217774
27.325904616000003,1.08408683026675
27.327910646000003,1.084135699485806
27.329937949,1.0841496621198219
27.331854106,1.0841147555347819
27.334016464,1.084135699485806
27.335932858000003,1.084135699485806
27.337849761,1.084093811583758
27.339839506,1.084093811583758
27.341830753,1.084093811583758
27.343836126000003,1.0841496621198219
27.345859236000003,1.084135699485806
27.347734548000002,1.08408683026675
27.349720531000003,1.084128718168798
27.351738363000003,1.0841706060708456
27.353932658,1.084107774217774
27.356003166,1.084128718168798
27.357924628000003,1.084128718168798
27.359976778,1.0841496621198219
27.361964322000002,1.084135699485806
27.363907746000002,1.0841496621198219
27.365909058000003,1.0841496621198219
27.367902727,1.084135699485806
27.369857703,1.0841496621198219
27.371801359000003,1.08408683026675
27.37395893,1.08408683026675
27.375992741,1.0841496621198219
27.377791917000003,1.0841496621198219
27.379868577000003,1.084135699485806
27.381856170000002,1.084135699485806
27.383744564,1.0841147555347819
27.385918143,1.084093811583758
27.387882367000003,1.084093811583758
27.389777921,1.084093811583758
27.391811953,1.084128718168798
27.393845014,1.0841147555347819
27.39589102,1.0841147555347819
27.397903709,1.084135699485806
27.400015807000003,1.084107774217774
27.401808133000003,1.084107774217774
27.403770177000002,1.0841147555347819
27.405872335,1.084135699485806
27.407765962000003,1.084107774217774
27.409883590000003,1.0841147555347819
27.411962401,1.084135699485806
27.413953356,1.084128718168798
27.415972141,1.084128718168798
27.417900837,1.084093811583758
27.419976942,1.084128718168798
27.421855863,1.0841706060708456
27.423844772000002,1.084128718168798
27.4258528,1.084135699485806
27.427850785,1.084107774217774
27.429825708000003,1.084135699485806
27.431800557000003,1.0841147555347819
27.433947072000002,1.084107774217774
27.436000728000003,1.084107774217774
27.437835153,1.0841496621198219
27.439870896000002,1.0841706060708456
27.441946365000003,1.084093811583758
27.443884245000003,1.0841566434368297
27.44580204,1.0841566434368297
27.447760225000003,1.084093811583758
27.449841888,1.084093811583758
27.451853523,1.084135699485806
27.454130044000003,1.084093811583758
27.455910337000002,1.084093811583758
27.457810118,1.0841566434368297
27.459785290000003,1.084107774217774
27.461836138000002,1.084093811583758
27.463845454,1.084107774217774
27.465745025,1.084128718168798
27.467729351000003,1.0841566434368297
27.469914172000003,1.0841496621198219
27.471755421,1.084128718168798
27.473861343000003,1.0841147555347819
27.475959379000003,1.0841147555347819
27.477860915,1.0841496621198219
27.479912821000003,1.0841496621198219
27.482103558000002,1.084107774217774
27.484037949,1.0840728676327338
27.485878262,1.08408683026675
27.487955956,1.0841496621198219
27.489954879000003,1.08408683026675
27.491874638000002,1.0841147555347819
27.493981685,1.0841147555347819
27.496043308,1.0841147555347819
27.497881532,1.0841706060708456
27.499917053,1.084128718168798
27.501907285,1.0840728676327338
27.503968273,1.084128718168798
27.505964144,1.0841147555347819
27.508365963000003,1.0841496621198219
27.509953963,1.0841496621198219
27.511884724,1.084107774217774
27.514163855000003,1.084128718168798
27.516142294,1.084128718168798
27.518052312000002,1.0841775873878536
27.519909107,1.08408683026675
27.521923253,1.08408683026675
27.523980973,1.0841775873878536
27.52582877,1.084128718168798
27.527806635,1.084128718168798
27.529911414,1.084107774217774
27.531873273000002,1.084128718168798
27.534130464,1.084093811583758
27.536019733000003,1.084093811583758
27.53794205,1.0841566434368297
27.540222775,1.084128718168798
27.541958097000002,1.084128718168798
27.543858916,1.084128718168798
27.545911367000002,1.084107774217774
27.547962657000003,1.0841496621198219
27.549932127,1.084128718168798
27.551944465000002,1.0841496621198219
27.554008112,1.084093811583758
27.556255403,1.084093811583758
27.558027188,1.084128718168798
27.560028933,1.0841147555347819
27.562199808000003,1.084135699485806
27.56400168,1.084128718168798
27.565804748,1.084093811583758
27.567937996,1.084128718168798
27.569967302000002,1.084135699485806
27.571881835000003,1.084128718168798
27.573993717,1.0841147555347819
27.576174407000003,1.0841147555347819
27.578010263000003,1.084093811583758
27.579928112,1.0841496621198219
27.581921778,1.0841147555347819
27.58392754,1.084128718168798
27.585934259000002,1.0841147555347819
27.587958757000003,1.084128718168798
27.589872672000002,1.0841496621198219
27.592094775000003,1.084128718168798
27.594230446,1.0841147555347819
27.59599863,1.0841147555347819
27.597938899000003,1.0841147555347819
27.599937123,1.084107774217774
27.602068387000003,1.0840728676327338
27.604217652000003,1.0841147555347819
27.605936848000002,1.0841147555347819
27.607859323000003,1.0841496621198219
27.609872233,1.084135699485806
27.6118513,1.0841147555347819
27.614166038,1.084107774217774
27.615891923000003,1.084107774217774
27.617964766,1.0840728676327338
27.619914058000003,1.08408683026675
27.621960750000003,1.084135699485806
27.623978516,1.084135699485806
27.626152773,1.084107774217774
27.62808871,1.084128718168798
27.629992952000002,1.08408683026675
27.631817669,1.084093811583758
27.633803707000002,1.0841566434368297
27.636158066,1.084107774217774
27.638087249,1.084107774217774
27.640000003,1.084128718168798
27.642106148000003,1.084128718168798
27.643893339,1.084128718168798
27.645904864000002,1.0841566434368297
27.647843542,1.0841147555347819
27.649908227,1.084128718168798
27.651844657,1.084107774217774
27.654338398,1.084107774217774
27.656151056000002,1.084107774217774
27.657972499000003,1.084135699485806
27.659861467000002,1.0841496621198219
27.661956833,1.0841496621198219
27.663741734000002,1.0841496621198219
27.665738327000003,1.0841566434368297
27.667689877,1.084128718168798
27.669769714,1.0841775873878536
27.672032622000003,1.0841566434368297
27.673889603000003,1.084128718168798
27.675803221000002,1.084128718168798
27.677832007000003,1.084107774217774
27.679881377,1.0841496621198219
27.68188138,1.0841566434368297
27.683776218000002,1.084128718168798
27.685836712,1.0840728676327338
27.687795002,1.0841566434368297
27.689881815000003,1.084107774217774
27.691723266,1.084128718168798
27.694045794,1.084128718168798
27.695803218000002,1.084128718168798
27.697854690000003,1.0841147555347819
27.699881274000003,1.0841496621198219
27.701869425,1.084135699485806
27.703817518,1.084135699485806
27.705824115000002,1.084128718168798
27.70783683,1.0841496621198219
27.709694182000003,1.084128718168798
27.711871002000002,1.0841496621198219
27.713821012,1.084135699485806
27.715881812000003,1.084135699485806
27.717806718000002,1.084093811583758
27.720102724,1.0841496621198219
27.721758749000003,1.0841496621198219
27.723732123,1.084128718168798
27.725730690000002,1.0841706060708456
27.727736054,1.0841147555347819
27.729732373,1.0841496621198219
27.731716263000003,1.084107774217774
27.734188399,1.084135699485806
27.735781525,1.084135699485806
27.737805148000003,1.084128718168798
27.739883354000003,1.08408683026675
27.741921988,1.084135699485806
27.743806677000002,1.0841566434368297
27.745772007000003,1.084128718168798
27.748105520000003,1.084128718168798
27.749748571,1.084128718168798
27.751873754000002,1.084107774217774
27.753932856000002,1.0841706060708456
27.756272914,1.0841706060708456
27.757921066,1.0841775873878536
27.759904311000003,1.084135699485806
27.762027566,1.0841566434368297
27.763912102000003,1.084107774217774
27.765872348000002,1.0841147555347819
27.767944621,1.0841496621198219
27.769904623000002,1.084093811583758
27.771906544,1.0841147555347819
27.774142914000002,1.0841496621198219
27.776067929000003,1.0841496621198219
27.777946952,1.084128718168798
27.780248450000002,1.084128718168798
27.78197425,1.0840728676327338
27.783888647,1.084128718168798
27.786126250000002,1.084135699485806
27.787832684,1.084135699485806
27.789877500000003,1.084107774217774
27.791984345000003,1.0841496621198219
27.794346052,1.084128718168798
27.795976543000002,1.084128718168798
27.798030410000003,1.0840728676327338
27.800040352000003,1.084107774217774
27.802000940000003,1.084107774217774
27.803902226,1.084128718168798
27.805890539,1.084135699485806
27.8078353,1.0840519236817099
27.80988812,1.084135699485806
27.811988753,1.084128718168798
27.814073244000003,1.084135699485806
27.815903642000002,1.084135699485806
27.818000045,1.0841496621198219
27.819950916000003,1.084093811583758
27.821976361,1.084107774217774
27.823960351,1.084093811583758
27.825876413000003,1.0841496621198219
27.827859094,1.084135699485806
27.829946993,1.084128718168798
27.831897454000003,1.084093811583758
27.834197605000004,1.0841496621198219
27.836131243,1.0841496621198219
27.838075972000002,1.084128718168798
27.839980221,1.084128718168798
27.841889201,1.084135699485806
27.843951852,1.084128718168798
27.845971588,1.084093811583758
27.847924881,1.084107774217774
27.850129842,1.0841775873878536
27.851959590000003,1.084128718168798
27.854034179000003,1.084093811583758
27.856316656,1.084135699485806
27.857964626,1.084135699485806
27.85996554,1.084128718168798
27.861893260000002,1.084128718168798
27.86400725,1.084128718168798
27.865910042000003,1.0841496621198219
27.867908146,1.084135699485806
27.869959426,1.084135699485806
27.871942190000002,1.084128718168798
27.874024737000003,1.084135699485806
27.876145587000003,1.084135699485806
27.878087026000003,1.0841566434368297
27.880097989000003,1.0841566434368297
27.881795274,1.0841147555347819
27.883906396,1.084107774217774
27.885817883,1.084135699485806
27.887922511000003,1.0841496621198219
27.889924993,1.0841496621198219
27.891973118000003,1.084093811583758
27.894018432000003,1.084135699485806
27.896085773000003,1.084135699485806
27.898028077000003,1.084135699485806
27.899996966000003,1.084135699485806
27.901893540000003,1.084135699485806
27.903896935000002,1.0841566434368297
27.905897928,1.0841706060708456
27.90789231,1.084128718168798
27.910031232,1.0841147555347819
27.911939975000003,1.0841566434368297
27.913975286000003,1.0841566434368297
27.915943029,1.0841566434368297
27.917811476,1.084128718168798
27.919866140000003,1.084128718168798
27.921917024000003,1.0841706060708456
27.923894983,1.0841566434368297
27.925747514,1.084093811583758
27.928018992000002,1.0841566434368297
27.929828411000003,1.0841566434368297
27.931841426000002,1.084107774217774
27.934136270000003,1.0841147555347819
27.936084246,1.0841147555347819
27.937997503000002,1.08408683026675
27.940124752000003,1.08408683026675
27.941934621,1.0841496621198219
27.943744261000003,1.084128718168798
27.945912727000003,1.084135699485806
27.947723677000003,1.0841566434368297
27.949736178000002,1.084093811583758
27.952392108,1.084093811583758
27.953881521000003,1.0841147555347819
27.955898852,1.0841147555347819
27.957816315000002,1.084128718168798
27.959859431,1.084128718168798
27.961900767000003,1.0841496621198219
27.963914111,1.084135699485806
27.965920178,1.084135699485806
27.967920835,1.084093811583758
27.96998779,1.084093811583758
27.971949398000003,1.0841147555347819
27.9738481,1.084107774217774
27.975936846000003,1.084107774217774
27.977907494,1.0840658863157258
27.979875459000002,1.0840658863157258
27.981881240000003,1.0841147555347819
27.983809337,1.084128718168798
27.985935652000002,1.0841496621198219
27.987817204000002,1.084135699485806
27.990142249,1.0841147555347819
27.991800271000002,1.0841147555347819
27.994005241,1.084128718168798
27.995866390000003,1.084128718168798
27.997803092,1.0841147555347819
28.000047376,1.0841147555347819
28.001851714,1.0841147555347819
28.003942576,1.0841147555347819
28.005885122000002,1.0841566434368297
28.007817619,1.0841147555347819
28.009932656,1.0841496621198219
28.01176428,1.08408683026675
28.013879363,1.084093811583758
28.015893243,1.084093811583758
28.017815882,1.08408683026675
28.0199277,1.084135699485806
28.022016905,1.0841496621198219
28.023863785000003,1.084135699485806
28.025943339,1.084135699485806
28.027783928,1.08408683026675
28.029894714,1.084128718168798
28.031882223,1.084135699485806
28.03408813,1.0841496621198219
28.036122349000003,1.0841496621198219
28.037815977,1.084107774217774
28.039836748000003,1.0841496621198219
28.041977645000003,1.0841147555347819
28.043811369,1.084128718168798
28.045728568,1.084093811583758
28.047825381000003,1.0841147555347819
28.049850105,1.0841147555347819
28.051692426000002,1.084128718168798
28.053994447,1.084128718168798
28.056000175,1.084128718168798
28.057920152,1.0841147555347819
28.059919696,1.084107774217774
28.061815204000002,1.0841706060708456
28.063765684000003,1.0841147555347819
28.065734139000003,1.084135699485806
28.067773307000003,1.0841147555347819
28.069799281,1.084093811583758
28.071732861,1.0841566434368297
28.074086222000002,1.0841147555347819
28.075856759,1.0841147555347819
28.077838562,1.0841566434368297
28.079810829000003,1.0841566434368297
28.081758658000002,1.084135699485806
28.083741884000002,1.08408683026675
28.085736493000002,1.084128718168798
28.087835277000003,1.084128718168798
28.089732373,1.084128718168798
28.091895386,1.0841496621198219
28.093887904000002,1.084128718168798
28.095881843,1.084128718168798
28.097784798000003,1.084135699485806
28.099738271000003,1.0841706060708456
28.101802542,1.084135699485806
28.103748409,1.084128718168798
28.105732389000003,1.084128718168798
28.107740086000003,1.084093811583758
28.109749425,1.0841496621198219
28.111766463000002,1.0841566434368297
28.113843441,1.0841496621198219
28.115888733000002,1.0841496621198219
28.117800188,1.084093811583758
28.119766132000002,1.084135699485806
28.121821701000002,1.0841147555347819
28.123772383000002,1.084128718168798
28.125877328,1.0841147555347819
28.127873933,1.0841496621198219
28.129704156000003,1.084128718168798
28.131859987000002,1.084135699485806
28.133873063000003,1.084107774217774
28.135890118000003,1.084107774217774
28.137827683,1.084107774217774
28.139862671000003,1.084128718168798
28.141822532000003,1.0841496621198219
28.143783044000003,1.084135699485806
28.145828083,1.0841147555347819
28.147814500000003,1.084128718168798
28.149725955,1.084135699485806
28.151731742000003,1.0841496621198219
28.153928738,1.0841496621198219
28.155796964,1.0841496621198219
28.157784866,1.0841706060708456
28.159736418,1.0841566434368297
28.161736308000002,1.084128718168798
28.163712930000003,1.084107774217774
28.165774887,1.084107774217774
28.167704333000003,1.084135699485806
28.169775237000003,1.0841496621198219
28.171708472000002,1.084107774217774
28.174143116000003,1.08408683026675
28.175980565000003,1.08408683026675
28.177780549,1.084107774217774
28.179724331000003,1.084128718168798
28.181739927000002,1.0840728676327338
28.183806667000002,1.0841706060708456
28.185798936,1.0841147555347819
28.187750666000003,1.084128718168798
28.190003122,1.0841147555347819
28.191724725,1.0841147555347819
28.193852721000003,1.0841775873878536
28.195877997,1.0841775873878536
28.197816207000002,1.0841147555347819
28.199807392,1.08408683026675
28.201744769,1.0841496621198219
28.203710914000002,1.0841706060708456
28.205708245,1.084135699485806
28.207734813000002,1.084128718168798
28.209771014,1.0841915500218695
28.211840717,1.084128718168798
28.213878579000003,1.0841147555347819
28.215824487000003,1.0841147555347819
28.217795141000003,1.0841147555347819
28.219764433,1.084128718168798
28.221760121000003,1.084093811583758
28.223819848,1.0841147555347819
28.225814728000003,1.0841147555347819
28.227783778000003,1.084128718168798
28.229725606000002,1.084128718168798
28.231706591000002,1.084128718168798
28.233818894000002,1.084135699485806
28.235984985,1.084128718168798
28.237786115000002,1.084128718168798
28.239790927,1.084128718168798
28.241739914,1.084135699485806
28.243692263000003,1.0841566434368297
28.245749632000003,1.084093811583758
28.247709306,1.084093811583758
28.249724826,1.0841496621198219
28.251699338,1.0841147555347819
28.253775962000002,1.0841147555347819
28.255895014,1.084135699485806
28.258023847,1.084135699485806
28.25972806,1.0841706060708456
28.261856229000003,1.0841147555347819
28.263991849000003,1.084135699485806
28.265748883,1.084135699485806
28.267761048,1.084135699485806
28.269980395,1.0841147555347819
28.271766752,1.0841147555347819
28.273836015,1.0841496621198219
28.275942387,1.084135699485806
28.277765546,1.084135699485806
28.279765113000003,1.084135699485806
28.281804916000002,1.084135699485806
28.283753816,1.0840728676327338
28.285748305000002,1.084135699485806
28.28788116,1.084135699485806
28.289896302000002,1.084128718168798
28.291874106,1.08408683026675
28.293739865000003,1.0841566434368297
28.295896215000003,1.0841566434368297
28.297795223,1.0841147555347819
28.299723797000002,1.0841496621198219
28.301879556000003,1.0841566434368297
28.303777258,1.0840728676327338
28.305766767,1.0841566434368297
28.307738192000002,1.0842124939728934
28.309748603000003,1.084135699485806
28.311736635000003,1.0841147555347819
28.313851980000003,1.0841147555347819
28.315836355000002,1.0841147555347819
28.317778181,1.0841566434368297
28.319762396,1.0841147555347819
28.321818667000002,1.084128718168798
28.323817051000002,1.084135699485806
28.325813634000003,1.084128718168798
28.327800588000002,1.0841147555347819
28.329738602000003,1.084107774217774
28.33176466,1.0841147555347819
28.333863734,1.084107774217774
28.335955989000002,1.084107774217774
28.337826565,1.084135699485806
28.339927169000003,1.084128718168798
28.342018988000003,1.084093811583758
28.343782943,1.084093811583758
28.345742067000003,1.084128718168798
28.347785788000003,1.0841147555347819
28.350084573,1.084135699485806
28.351802051000004,1.084135699485806
28.353924928,1.084093811583758
28.356091261000003,1.084093811583758
28.357795706,1.0841147555347819
28.359761586,1.0841706060708456
28.361817956000003,1.0841147555347819
28.363748841000003,1.084135699485806
28.365734648,1.084107774217774
28.367749772000003,1.0841915500218695
28.36974773,1.084135699485806
28.371782869,1.084135699485806
28.374087605000003,1.0841706060708456
28.375826688,1.0841706060708456
28.377764084000002,1.084128718168798
28.379831149,1.084135699485806
28.381807454,1.084128718168798
28.383733843,1.084135699485806
28.385762012,1.0841706060708456
28.387721601000003,1.084093811583758
28.389716217,1.0841706060708456
28.391739963000003,1.084135699485806
28.393998238000002,1.084107774217774
28.395782794000002,1.084107774217774
28.397803706,1.0841147555347819
28.399766742,1.0841147555347819
28.401746168000003,1.0841147555347819
28.403865928000002,1.0841566434368297
28.405742550000003,1.0841147555347819
28.407701658,1.084135699485806
28.409810298,1.084135699485806
28.411891291000003,1.0841496621198219
28.413819958,1.0841566434368297
28.415912090000003,1.0841566434368297
28.417798493000003,1.084135699485806
28.41982708,1.0841566434368297
28.421726678000002,1.084107774217774
28.423746032,1.0841775873878536
28.425847758000003,1.0841147555347819
28.427941680000004,1.084135699485806
28.429804938,1.0841706060708456
28.431948723,1.084128718168798
28.433811355000003,1.084093811583758
28.435881275000003,1.084093811583758
28.437877181,1.084093811583758
28.440016460000002,1.084128718168798
28.441888925,1.084128718168798
28.44387366,1.0841147555347819
28.445930264,1.084128718168798
28.448007523,1.084093811583758
28.449901710000002,1.0841566434368297
28.451866918,1.0841496621198219
28.454105804,1.084128718168798
28.455980704,1.084128718168798
28.457877392,1.0841566434368297
28.45982769,1.0841496621198219
28.461847990000003,1.084107774217774
28.463727624,1.084107774217774
28.465786755000003,1.084135699485806
28.467915646,1.0841147555347819
28.4698497,1.084135699485806
28.471857496000002,1.084107774217774
28.473875263,1.0841566434368297
28.475861354000003,1.0841566434368297
28.477869752,1.084107774217774
28.479861807000002,1.084135699485806
28.481822951,1.084128718168798
28.483826293000003,1.0841147555347819
28.485858755000002,1.084107774217774
28.487811400000002,1.0841147555347819
28.489832430000003,1.0841496621198219
28.491765975000003,1.084135699485806
28.493857186000003,1.08408683026675
28.495882886,1.08408683026675
28.497831411000003,1.0841496621198219
28.499712715,1.084135699485806
28.501730943000002,1.084128718168798
28.503709089,1.0841147555347819
28.50575526,1.0841566434368297
28.507702071,1.0841706060708456
28.509770583,1.0841706060708456
28.511749601,1.0841566434368297
28.513828334000003,1.0841566434368297
28.516066925,1.0841566434368297
28.517852466,1.0841566434368297
28.519898881000003,1.084128718168798
28.521901923,1.0840728676327338
28.523944058,1.0841147555347819
28.525807626000002,1.0841706060708456
28.527783810000003,1.0841496621198219
28.529766372,1.0841496621198219
28.53173289,1.0841147555347819
28.533687423000003,1.0841566434368297
28.535977936000002,1.0841566434368297
28.537756488000003,1.0841566434368297
28.539801689,1.0841706060708456
28.541994851000002,1.084128718168798
28.543809362,1.084128718168798
28.545811,1.0841147555347819
28.547750623000002,1.0841496621198219
28.54978351,1.084128718168798
28.551708303,1.0841147555347819
28.553824925,1.0841147555347819
28.555868571,1.0841147555347819
28.557762891000003,1.0841915500218695
28.559840480000002,1.084135699485806
28.561773314000003,1.084135699485806
28.563774607000003,1.084135699485806
28.565756839000002,1.0841147555347819
28.567782585000003,1.0841147555347819
28.569719331,1.0841496621198219
28.571719028,1.084135699485806
28.573840406000002,1.0841147555347819
28.575967312000003,1.0841147555347819
28.577783938000003,1.084135699485806
28.579881032000003,1.0841566434368297
28.581820945,1.084128718168798
28.583809487000003,1.084128718168798
28.585764419,1.0841496621198219
28.587878816000003,1.084128718168798
28.589801745000003,1.0841496621198219
28.591736388,1.0841147555347819
28.593760642000003,1.0841915500218695
28.595847483,1.0841915500218695
28.597865621,1.0841147555347819
28.599766263000003,1.0841147555347819
28.601795215000003,1.084128718168798
28.603703155,1.0841147555347819
28.60571883,1.084107774217774
28.607752716,1.0841496621198219
28.609808354000002,1.0841496621198219
28.611725833,1.0841566434368297
28.61391499,1.0841496621198219
28.615804221,1.0841496621198219
28.617770115000003,1.084128718168798
28.619811400000003,1.084093811583758
28.621761722000002,1.084093811583758
28.623870825,1.0841706060708456
28.62580711,1.0841496621198219
28.627778878,1.084128718168798
28.629717902000003,1.084135699485806
28.631707752,1.0841566434368297
28.633932878000003,1.0841706060708456
28.635798262,1.0841706060708456
28.637786000000002,1.0841706060708456
28.639765410000003,1.084128718168798
28.641956737,1.0841496621198219
28.643780129000003,1.0841496621198219
28.645743633000002,1.084128718168798
28.647766599,1.0841775873878536
28.649730225000003,1.084135699485806
28.651751407000003,1.0841775873878536
28.653821970000003,1.084135699485806
28.655856030000002,1.084135699485806
28.657770522000003,1.084107774217774
28.659754317,1.0841496621198219
28.661850005,1.0841496621198219
28.663751939,1.084107774217774
28.665754475000004,1.0841566434368297
28.667735211,1.084135699485806
28.669733406000002,1.084128718168798
28.672084475000002,1.0841566434368297
28.674093015,1.0840728676327338
28.676015516000003,1.0840728676327338
28.677917871000002,1.084128718168798
28.680124286,1.084107774217774
28.681965728,1.084107774217774
28.68377106,1.0841706060708456
28.685746799,1.084128718168798
28.687778697000002,1.0841496621198219
28.689792777,1.084135699485806
28.691992517000003,1.084135699485806
28.694101096,1.084135699485806
28.695998665,1.084135699485806
28.698013390000003,1.084107774217774
28.699876653,1.084107774217774
28.701784223,1.084135699485806
28.703974229000004,1.0841566434368297
28.705822251,1.0840728676327338
28.70780444,1.0841566434368297
28.709928232000003,1.0841496621198219
28.711988753000004,1.084093811583758
28.714302210000003,1.084128718168798
28.715971423000003,1.084128718168798
28.717821503000003,1.084107774217774
28.719763112000003,1.0841147555347819
28.721846139,1.0841775873878536
28.723865146,1.08408683026675
28.725852625,1.084093811583758
28.727935382000002,1.0841147555347819
28.729882059,1.0841985313388776
28.731875819000003,1.08408683026675
28.734073359000003,1.0841706060708456
28.736079644,1.0841706060708456
28.737887929000003,1.0841496621198219
28.739949035000002,1.084135699485806
28.741927288000003,1.084128718168798
28.743917922,1.084135699485806
28.745707155,1.0841566434368297
28.747821713,1.084128718168798
28.749752364000003,1.0841147555347819
28.752085088,1.084135699485806
28.754049061000003,1.084135699485806
28.755864867000003,1.0841496621198219
28.757856012,1.084128718168798
28.759759498,1.084135699485806
28.761973207,1.0841147555347819
28.763842444,1.084135699485806
28.765954957,1.0841496621198219
28.767750930000002,1.0841775873878536
28.769926135000002,1.0841147555347819
28.771889309000002,1.0841496621198219
28.773940926,1.084135699485806
28.776040987000002,1.084135699485806
28.777958320000003,1.084135699485806
28.779949334,1.0841496621198219
28.781965166000003,1.0841566434368297
28.783731534,1.084128718168798
28.785732238,1.084135699485806
28.787751738,1.0841147555347819
28.789759328000002,1.0841496621198219
28.791775958000002,1.0841147555347819
28.7938787,1.0841496621198219
28.795859183,1.0841496621198219
28.797782744000003,1.0841566434368297
28.799777124000002,1.0841566434368297
28.801743197,1.08408683026675
28.803753385,1.084135699485806
28.805722151,1.0841706060708456
28.807727166000003,1.084093811583758
28.809727038000002,1.0840728676327338
28.811785216,1.084135699485806
28.813991532000003,1.0841496621198219
28.815875435000002,1.0841496621198219
28.817885968000002,1.0841496621198219
28.819894809,1.084128718168798
28.821761944000002,1.0841147555347819
28.823879543,1.0841147555347819
28.825869243000003,1.084135699485806
28.827837788,1.0841706060708456
28.829911017,1.084107774217774
28.831829684000002,1.0841147555347819
28.834278952000002,1.084128718168798
28.835986086000002,1.084128718168798
28.837905515000003,1.0841496621198219
28.839802610000003,1.0841706060708456
28.84185991,1.084128718168798
28.843780853000002,1.084135699485806
28.845805429000002,1.0841706060708456
28.847800397,1.084128718168798
28.849885235000002,1.084093811583758
28.85184087,1.0841496621198219
28.854068957000003,1.084128718168798
28.856072522,1.084128718168798
28.857895474000003,1.084128718168798
28.85988018,1.084128718168798
28.861960939000003,1.084107774217774
28.863974012000003,1.0841496621198219
28.865845410000002,1.08408683026675
28.867788075000004,1.0841147555347819
28.869969546,1.0841147555347819
28.871966460000003,1.0841147555347819
28.874088663000002,1.084128718168798
28.876036608000003,1.084128718168798
28.877824259,1.084128718168798
28.880010520000003,1.084135699485806
28.881839176000003,1.0841706060708456
28.883893858,1.0841566434368297
28.886118173000003,1.0841147555347819
28.887914335,1.0841566434368297
28.889928063000003,1.084135699485806
28.891938031000002,1.084128718168798
28.893973300000003,1.0841147555347819
28.895970065,1.0841147555347819
28.897932773,1.0841566434368297
28.899857249,1.0841496621198219
28.902075674000002,1.084135699485806
28.903974074,1.084135699485806
28.905992287,1.084128718168798
28.907843123000003,1.084128718168798
28.909763319000003,1.0841566434368297
28.911975117,1.0841496621198219
28.914236049000003,1.084128718168798
28.916218336000004,1.084128718168798
28.91812871,1.0841566434368297
28.920123653,1.0841496621198219
28.922104140000002,1.0841496621198219
28.923801466,1.084128718168798
28.925910509,1.084093811583758
28.927994050000002,1.08408683026675
28.929878801,1.0841147555347819
28.931884956,1.0841496621198219
28.933893443000002,1.0841147555347819
28.936123444000003,1.0841147555347819
28.938135028,1.084135699485806
28.939920974000003,1.084135699485806
28.941858545000002,1.084107774217774
28.943725401000002,1.084135699485806
28.945757271,1.0841147555347819
28.947781469000002,1.084135699485806
28.949761645000002,1.084135699485806
28.951869225000003,1.084128718168798
28.954067418,1.084093811583758
28.955780712000003,1.084093811583758
28.957766299000003,1.0841147555347819
28.959748173,1.0841147555347819
28.96175626,1.084135699485806
28.963769601000003,1.084128718168798
28.965777354,1.0841147555347819
28.967746668,1.084107774217774
28.969772287,1.0841496621198219
28.971723578000002,1.084107774217774
28.973928224,1.084107774217774
28.975960302,1.084107774217774
28.977955509,1.084135699485806
28.980070449000003,1.084128718168798
28.981846732,1.084128718168798
28.983913954000002,1.084128718168798
28.985804306000002,1.084128718168798
28.987841043000003,1.084128718168798
28.989899721,1.0841496621198219
28.991816542000002,1.0840728676327338
28.993850093000002,1.084128718168798
28.996005453000002,1.084128718168798
28.997872227000002,1.0841915500218695
28.999834348,1.084135699485806
29.001822748000002,1.084135699485806
29.003830905,1.084135699485806
29.005816287000002,1.084135699485806
29.007754991000002,1.0841706060708456
29.009792089,1.084107774217774
29.011782717000003,1.084135699485806
29.013974954000002,1.084128718168798
29.015905150000002,1.084128718168798
29.017875863,1.0841566434368297
29.019825568,1.084135699485806
29.021893654000003,1.084107774217774
29.023903692,1.084107774217774
29.025860862000002,1.084093811583758
29.027902478,1.0841566434368297
29.029758053000002,1.0841706060708456
29.031758234,1.084107774217774
29.034255612000003,1.084128718168798
29.035840247000003,1.084128718168798
29.037970126,1.0841496621198219
29.039896837,1.0841496621198219
29.041931374,1.0841147555347819
29.044126870000003,1.0841147555347819
29.045783581000002,1.0841147555347819
29.047885842000003,1.084135699485806
29.04988661,1.0841147555347819
29.051800261,1.084107774217774
29.053968889,1.0841147555347819
29.055974706,1.0841147555347819
29.057903340000003,1.084128718168798
29.059914966,1.0841566434368297
29.062002257000003,1.084135699485806
29.063810461000003,1.084135699485806
29.065918076000003,1.0841915500218695
29.067881093,1.0841706060708456
29.069904372000003,1.0841496621198219
29.071771162,1.084107774217774
29.073955464,1.084107774217774
29.076069561,1.0841147555347819
29.077771693000003,1.0841147555347819
29.079838584,1.084128718168798
29.081767260000003,1.084128718168798
29.083760278000003,1.0841775873878536
29.08576585,1.084135699485806
29.087762342,1.084107774217774
29.089763079,1.084128718168798
29.091738798,1.084128718168798
29.093872518,1.084128718168798
29.095828509,1.084128718168798
29.097916146000003,1.084135699485806
29.099966529000003,1.084135699485806
29.101887764,1.0841147555347819
29.104034480000003,1.0841147555347819
29.105905867,1.0841147555347819
29.10783976,1.0841775873878536
29.109794873000002,1.084128718168798
29.111750501000003,1.084107774217774
29.114172940000003,1.084135699485806
29.116122481,1.084135699485806
29.117855626,1.084135699485806
29.119906642,1.0841496621198219
29.121909085000002,1.084093811583758
29.123914101,1.0841566434368297
29.126128332,1.0841566434368297
29.127921493000002,1.0841147555347819
29.129926555,1.084128718168798
29.131797736000003,1.084128718168798
29.133839123,1.0841566434368297
29.135887664000002,1.0841566434368297
29.137833126,1.0841147555347819
29.139862758000003,1.0841566434368297
29.141907162000003,1.084128718168798
29.143766538,1.084128718168798
29.145767624,1.0841706060708456
29.147765333000002,1.084128718168798
29.149742758000002,1.0841147555347819
29.151744973000003,1.084128718168798
29.153917458000002,1.0841706060708456
29.155874229000002,1.0841706060708456
29.157779745000003,1.0841147555347819
29.159993046,1.0841566434368297
29.161770760000003,1.0841566434368297
29.163755730000002,1.0841496621198219
29.165753964,1.0841566434368297
29.167762527,1.0841775873878536
29.169765738000002,1.084135699485806
29.171729487,1.0841566434368297
29.173856739,1.084135699485806
29.175826625000003,1.084135699485806
29.177800426,1.084107774217774
29.179741782,1.0841706060708456
29.181766613,1.0841775873878536
29.183818726000002,1.084128718168798
29.185757002000003,1.0841496621198219
29.187749460000003,1.084135699485806
29.189756182000004,1.0841496621198219
29.191745756000003,1.084128718168798
29.193804342000004,1.0841566434368297
29.195945282,1.0841566434368297
29.197761833,1.0841566434368297
29.199758769000002,1.084107774217774
29.201806861,1.084128718168798
29.203741638,1.084128718168798
29.205702563000003,1.084135699485806
29.207743328000003,1.084128718168798
29.209774055,1.0841147555347819
29.211742288000003,1.084135699485806
29.213779393000003,1.0841775873878536
