t,value
0.0,-141.7368648967548
0.00015933400000000002,-141.73681463127235
0.00019675200000000002,-141.73681463127235
0.00022529300000000003,-141.73683138643315
0.000253732,-141.7368648967548
0.000276701,-141.7368648967548
0.000303669,-141.7368648967548
0.00032646700000000004,-141.73683138643315
0.00034794700000000003,-141.73691516223724
0.00037722,-141.73688165191564
0.001720252,-141.73683138643315
0.0035870040000000004,-141.73688165191564
0.005537382,-141.73683138643315
0.007553972000000001,-141.73683138643315
0.009492092,-141.73681463127235
0.011572955000000001,-141.73681463127235
0.013752253,-141.73684814159395
0.015549818000000002,-141.73683138643315
0.017649085000000002,-141.73688165191564
0.019697370000000002,-141.73688165191564
0.021691356000000002,-141.7368648967548
0.023585613000000002,-141.73684814159395
0.025664174,-141.73683138643315
0.027587791,-141.73683138643315
0.030293427,-141.73683138643315
0.031630776,-141.73683138643315
0.033510011,-141.73684814159395
0.035584471,-141.73688165191564
0.037553356,-141.73683138643315
0.039532545,-141.73683138643315
0.0416515,-141.73684814159395
0.043518272000000004,-141.7368648967548
0.045535454,-141.73683138643315
0.047524550000000006,-141.73684814159395
0.049506059000000005,-141.73688165191564
0.0514184,-141.73684814159395
0.053608779,-141.73683138643315
0.055428865,-141.73683138643315
0.057415905,-141.73681463127235
0.05941843300000001,-141.73683138643315
0.061536988,-141.7368648967548
0.06349603000000001,-141.73688165191564
0.065573278,-141.73683138643315
0.06742055500000001,-141.73683138643315
0.06943531600000001,-141.73683138643315
0.071451575,-141.73679787611152
0.07345328100000001,-141.73683138643315
0.07544281,-141.7368648967548
0.077439518,-141.73681463127235
0.079443572,-141.73683138643315
0.081459294,-141.7368648967548
0.083442978,-141.73684814159395
0.085444457,-141.73688165191564
0.087441789,-141.73683138643315
0.089435834,-141.73683138643315
0.09142317300000001,-141.73688165191564
0.093500728,-141.7368648967548
0.095446188,-141.73683138643315
0.097437799,-141.73681463127235
0.099421987,-141.7368648967548
0.101460649,-141.7368648967548
0.10344207400000001,-141.73684814159395
0.105400059,-141.7368648967548
0.10743770600000001,-141.73683138643315
0.109442179,-141.73683138643315
0.11141284400000001,-141.7368648967548
0.113434009,-141.73683138643315
0.11543792000000001,-141.73683138643315
0.11750984800000001,-141.7367811209507
0.11945309900000001,-141.73683138643315
0.121413375,-141.73683138643315
0.123425002,-141.73683138643315
0.12541628200000002,-141.73683138643315
0.127442931,-141.73684814159395
0.129415995,-141.73683138643315
0.13144734400000002,-141.73679787611152
0.13344271600000002,-141.73689840707644
0.13545246,-141.73684814159395
0.13744846800000002,-141.73681463127235
0.139397233,-141.73683138643315
0.141397941,-141.73681463127235
0.14343223300000002,-141.7368648967548
0.145460948,-141.73683138643315
0.147454094,-141.73683138643315
0.14940156100000002,-141.73683138643315
0.15143462900000002,-141.7368648967548
0.153431277,-141.73684814159395
0.155419135,-141.7368648967548
0.157432458,-141.73688165191564
0.159431593,-141.7368648967548
0.16141728500000002,-141.73681463127235
0.16340825,-141.7368648967548
0.16542746800000002,-141.73683138643315
0.167407684,-141.7368648967548
0.16944292900000002,-141.73688165191564
0.17144614900000002,-141.73684814159395
0.17345221000000002,-141.7368648967548
0.175428374,-141.7368648967548
0.177430039,-141.73681463127235
0.179435629,-141.7368648967548
0.181449094,-141.73681463127235
0.183439344,-141.7368648967548
0.18544870200000002,-141.73684814159395
0.187463823,-141.7368648967548
0.189421004,-141.73683138643315
0.19145571600000003,-141.73683138643315
0.193432356,-141.7368648967548
0.195423958,-141.73683138643315
0.197413797,-141.73683138643315
0.19942730700000003,-141.73683138643315
0.201444229,-141.73683138643315
0.20340845800000001,-141.73679787611152
0.20542247700000002,-141.73683138643315
0.207424086,-141.73683138643315
0.209431047,-141.73683138643315
0.21142933600000002,-141.73684814159395
0.213429675,-141.73681463127235
0.215428472,-141.73688165191564
0.21742413000000002,-141.73681463127235
0.219418039,-141.7368648967548
0.22143812000000002,-141.73688165191564
0.223430325,-141.73681463127235
0.22541559400000002,-141.73684814159395
0.227444161,-141.73683138643315
0.22945298600000003,-141.73683138643315
0.23145151700000002,-141.73683138643315
0.23341830200000002,-141.73683138643315
0.23543412400000002,-141.73683138643315
0.237402301,-141.7367811209507
0.23950359300000001,-141.73683138643315
0.24140713200000002,-141.7368648967548
0.243444499,-141.73684814159395
0.245426055,-141.73681463127235
0.24744189900000002,-141.7368648967548
0.249425834,-141.73688165191564
0.251416865,-141.73684814159395
0.25346857,-141.73683138643315
0.255434541,-141.73683138643315
0.25745624100000003,-141.73683138643315
0.259400846,-141.73683138643315
0.26142643400000004,-141.7368648967548
0.26342102900000003,-141.7367811209507
0.265404978,-141.73683138643315
0.26744047000000004,-141.73683138643315
0.269410132,-141.73683138643315
0.271420104,-141.73688165191564
0.273465936,-141.73681463127235
0.275434659,-141.73683138643315
0.277435252,-141.73688165191564
0.279433978,-141.73688165191564
0.281400888,-141.73681463127235
0.28344987600000005,-141.73683138643315
0.285446333,-141.73683138643315
0.287416019,-141.7368648967548
0.289421649,-141.73683138643315
0.291429849,-141.7368648967548
0.2934445,-141.7367811209507
0.29540865800000005,-141.73683138643315
0.297449874,-141.7368648967548
0.299431376,-141.73683138643315
0.301399886,-141.73681463127235
0.30343828100000003,-141.73688165191564
0.30541991300000004,-141.73681463127235
0.307409456,-141.7368648967548
0.30945895900000003,-141.73684814159395
0.311439426,-141.7368648967548
0.313475862,-141.73683138643315
0.31550487800000004,-141.73681463127235
0.317428107,-141.7368648967548
0.319401451,-141.73681463127235
0.32141404100000004,-141.73683138643315
0.323429383,-141.73683138643315
0.325453304,-141.73684814159395
0.327431853,-141.73681463127235
0.32944832100000004,-141.7368648967548
0.33140023500000004,-141.73688165191564
0.33341417300000004,-141.73683138643315
0.335468384,-141.73683138643315
0.33750909,-141.73681463127235
0.339544695,-141.73681463127235
0.34142700400000003,-141.73681463127235
0.343403153,-141.73684814159395
0.345396853,-141.7368648967548
0.34740731900000005,-141.73683138643315
0.349407307,-141.73683138643315
0.351441009,-141.73683138643315
0.35345598300000003,-141.73681463127235
0.35543165000000004,-141.7368648967548
0.357449157,-141.73684814159395
0.359425835,-141.73683138643315
0.361404063,-141.7368648967548
0.363458987,-141.73683138643315
0.365426116,-141.73681463127235
0.367443189,-141.73688165191564
0.36946054700000003,-141.73681463127235
0.37141891400000004,-141.73681463127235
0.37344408,-141.73683138643315
0.37543515200000005,-141.73683138643315
0.37743197700000003,-141.73679787611152
0.379462467,-141.73684814159395
0.381445366,-141.73683138643315
0.38343792800000004,-141.73684814159395
0.38545753800000004,-141.73681463127235
0.387423832,-141.73681463127235
0.389411671,-141.73681463127235
0.39143855000000005,-141.73681463127235
0.39352197400000005,-141.7368648967548
0.39549984600000004,-141.73681463127235
0.39747424600000003,-141.73681463127235
0.399483554,-141.73683138643315
0.40151229600000005,-141.73684814159395
0.403515057,-141.73681463127235
0.40551663600000004,-141.7368648967548
0.40756995,-141.7368648967548
0.40949486100000004,-141.73683138643315
0.411433763,-141.73681463127235
0.413616032,-141.73683138643315
0.41549299500000003,-141.73688165191564
0.417541853,-141.73688165191564
0.41953401,-141.7368648967548
0.421557622,-141.73683138643315
0.423490099,-141.7368648967548
0.42544907800000004,-141.7368648967548
0.42743724800000005,-141.73688165191564
0.42942597800000004,-141.7367811209507
0.431404373,-141.7367811209507
0.433462116,-141.7368648967548
0.43546042300000004,-141.73681463127235
0.43741184400000005,-141.7368648967548
0.439444184,-141.73684814159395
0.441415151,-141.7368648967548
0.44345895300000004,-141.7368648967548
0.44546686,-141.73683138643315
0.44742940800000003,-141.73684814159395
0.449421815,-141.7368648967548
0.451460937,-141.73683138643315
0.45345783100000003,-141.73683138643315
0.455492881,-141.73683138643315
0.457427193,-141.73683138643315
0.45941815500000005,-141.7368648967548
0.46143420700000004,-141.73684814159395
0.46341040400000005,-141.73684814159395
0.46545495200000003,-141.73681463127235
0.46745095600000003,-141.73684814159395
0.46945602700000005,-141.73688165191564
0.47148887500000003,-141.73683138643315
0.47343407200000004,-141.73684814159395
0.475453224,-141.7368648967548
0.47743270600000004,-141.73683138643315
0.47943811300000005,-141.73684814159395
0.48146318800000004,-141.7368648967548
0.48344171700000005,-141.73683138643315
0.48545795700000005,-141.7368648967548
0.48740838300000006,-141.73683138643315
0.489446665,-141.73681463127235
0.49145566900000004,-141.73684814159395
0.49344636300000005,-141.73683138643315
0.49545608,-141.73688165191564
0.49743211400000004,-141.73683138643315
0.49948510900000004,-141.73683138643315
0.50142966,-141.73688165191564
0.503418661,-141.7368648967548
0.5054236010000001,-141.73683138643315
0.50744026,-141.73683138643315
0.50948582,-141.7368648967548
0.5114357460000001,-141.73683138643315
0.513446394,-141.7368648967548
0.5154238750000001,-141.73683138643315
0.517436903,-141.73681463127235
0.51943611,-141.73683138643315
0.521434806,-141.73683138643315
0.5234715010000001,-141.7368648967548
0.525410161,-141.73683138643315
0.527437985,-141.73683138643315
0.529411207,-141.73684814159395
0.531430866,-141.73681463127235
0.5334279310000001,-141.7367811209507
0.535401483,-141.73683138643315
0.53746118,-141.73688165191564
0.539411497,-141.73683138643315
0.541422916,-141.7368648967548
0.543500584,-141.73688165191564
0.545458093,-141.7368648967548
0.5474272410000001,-141.7368648967548
0.549439794,-141.7368648967548
0.551429037,-141.73688165191564
0.55345827,-141.73684814159395
0.555433994,-141.73684814159395
0.557409365,-141.73683138643315
0.559398708,-141.73688165191564
0.561445647,-141.73683138643315
0.5634146200000001,-141.73688165191564
0.56543237,-141.7368648967548
0.567450086,-141.73681463127235
0.569422163,-141.7368648967548
0.571411538,-141.73681463127235
0.573403436,-141.73681463127235
0.575440509,-141.73683138643315
0.577432433,-141.73683138643315
0.5795274260000001,-141.73683138643315
0.58141726,-141.73684814159395
0.5834467480000001,-141.7368648967548
0.585405307,-141.73684814159395
0.5874044310000001,-141.7368648967548
0.5893975370000001,-141.73684814159395
0.591449136,-141.73688165191564
0.593436653,-141.73683138643315
0.5954183040000001,-141.7368648967548
0.5974473450000001,-141.7368648967548
0.599400418,-141.73684814159395
0.601407243,-141.73683138643315
0.6034387250000001,-141.73683138643315
0.605421109,-141.73681463127235
0.607464016,-141.73688165191564
0.6094138760000001,-141.73683138643315
0.611469208,-141.73684814159395
0.613418511,-141.73688165191564
0.615553058,-141.73683138643315
0.6174791980000001,-141.73683138643315
0.619630529,-141.7368648967548
0.6216595140000001,-141.73684814159395
0.623646954,-141.73681463127235
0.625549416,-141.73683138643315
0.6274693880000001,-141.73683138643315
0.629432322,-141.7368648967548
0.631422361,-141.7368648967548
0.633454472,-141.7368648967548
0.635447871,-141.73683138643315
0.637441123,-141.73681463127235
0.639564272,-141.7368648967548
0.6415590520000001,-141.7368648967548
0.643542815,-141.73689840707644
0.645497027,-141.73683138643315
0.647492083,-141.7368648967548
0.6495529400000001,-141.7368648967548
0.6514546240000001,-141.73681463127235
0.6535544550000001,-141.7368648967548
0.655432672,-141.73681463127235
0.657505819,-141.73683138643315
0.659463119,-141.73688165191564
0.661439419,-141.73681463127235
0.6634748410000001,-141.73683138643315
0.665420168,-141.73679787611152
0.667533296,-141.73688165191564
0.669522531,-141.73683138643315
0.671501679,-141.7368648967548
0.673478005,-141.7368648967548
0.6755051200000001,-141.73683138643315
0.677602774,-141.73683138643315
0.679447095,-141.73683138643315
0.681500381,-141.73684814159395
0.6835573500000001,-141.73683138643315
0.685435454,-141.73683138643315
0.6875495420000001,-141.7368648967548
0.6895869680000001,-141.73681463127235
0.691616138,-141.7368648967548
0.6934898700000001,-141.73683138643315
0.6955002140000001,-141.73683138643315
0.6974918,-141.7368648967548
0.699496279,-141.73688165191564
0.701424889,-141.73683138643315
0.70348458,-141.73688165191564
0.7055031810000001,-141.7368648967548
0.707483011,-141.73683138643315
0.709518529,-141.73688165191564
0.711465643,-141.73684814159395
0.7134663790000001,-141.73688165191564
0.7154546770000001,-141.73681463127235
0.71752187,-141.73681463127235
0.719526258,-141.73683138643315
0.721475792,-141.73681463127235
0.723509099,-141.7368648967548
0.7254353530000001,-141.73683138643315
0.7274236620000001,-141.7368648967548
0.7294769400000001,-141.73683138643315
0.7314963790000001,-141.73684814159395
0.7334870870000001,-141.7368648967548
0.735485786,-141.73679787611152
0.737456648,-141.73684814159395
0.739464035,-141.73684814159395
0.741510671,-141.73684814159395
0.7434822280000001,-141.73688165191564
0.745457079,-141.7368648967548
0.74750249,-141.7368648967548
0.7494556320000001,-141.73683138643315
0.751552854,-141.73688165191564
0.7535291000000001,-141.7368648967548
0.755545765,-141.7368648967548
0.757511539,-141.73688165191564
0.759465763,-141.73683138643315
0.7616337320000001,-141.7368648967548
0.763430484,-141.73684814159395
0.765417898,-141.73683138643315
0.767424913,-141.73684814159395
0.7694187520000001,-141.73684814159395
0.7715346270000001,-141.73683138643315
0.773472186,-141.73681463127235
0.775480963,-141.7368648967548
0.7774725090000001,-141.7368648967548
0.7795017240000001,-141.73683138643315
0.7814133950000001,-141.73684814159395
0.7834831680000001,-141.73684814159395
0.785476609,-141.73684814159395
0.7874775300000001,-141.73688165191564
0.789500006,-141.73683138643315
0.7914199070000001,-141.73683138643315
0.7934658400000001,-141.73683138643315
0.7954942610000001,-141.7368648967548
0.7975316210000001,-141.73683138643315
0.799464963,-141.7368648967548
0.8015066970000001,-141.7368648967548
0.8034970950000001,-141.73688165191564
0.8055543930000001,-141.73681463127235
0.807438104,-141.73684814159395
0.8094893790000001,-141.73683138643315
0.8114762400000001,-141.73683138643315
0.8134287210000001,-141.73681463127235
0.8154196170000001,-141.73684814159395
0.8174420560000001,-141.73684814159395
0.819423291,-141.73681463127235
0.821438269,-141.73684814159395
0.823436001,-141.7368648967548
0.82540888,-141.73683138643315
0.8274261700000001,-141.73683138643315
0.829431951,-141.73683138643315
0.8314570680000001,-141.73683138643315
0.833540429,-141.73683138643315
0.8354363250000001,-141.73683138643315
0.837462091,-141.73684814159395
0.8394599330000001,-141.73681463127235
0.841432774,-141.73683138643315
0.843427888,-141.73681463127235
0.8454626930000001,-141.73683138643315
0.8474414480000001,-141.73683138643315
0.849458429,-141.73681463127235
0.8514150620000001,-141.73688165191564
0.853416324,-141.73683138643315
0.8554054640000001,-141.73688165191564
0.8574369000000001,-141.73681463127235
0.8594565270000001,-141.7368648967548
0.8614118260000001,-141.73688165191564
0.863459151,-141.73683138643315
0.86544708,-141.73688165191564
0.8675521970000001,-141.73684814159395
0.869448467,-141.73681463127235
0.8714455520000001,-141.73681463127235
0.8735592830000001,-141.73681463127235
0.8754763830000001,-141.7368648967548
0.8774259600000001,-141.7367811209507
0.879421584,-141.73683138643315
0.881465358,-141.73683138643315
0.883484448,-141.7367811209507
0.8854732580000001,-141.73684814159395
0.8875165690000001,-141.7367811209507
0.889486748,-141.73683138643315
0.8914496160000001,-141.7368648967548
0.8935211380000001,-141.73681463127235
0.895493465,-141.73681463127235
0.8974481120000001,-141.7368648967548
0.899454607,-141.73681463127235
0.9014988500000001,-141.7367811209507
0.903496751,-141.73683138643315
0.90547018,-141.73683138643315
0.907423755,-141.73688165191564
0.9094520290000001,-141.73688165191564
0.911437008,-141.73683138643315
0.913459165,-141.73684814159395
0.915480264,-141.7368648967548
0.91743777,-141.73683138643315
0.919546666,-141.73688165191564
0.9214331950000001,-141.73688165191564
0.9235150400000001,-141.73683138643315
0.9254641200000001,-141.7368648967548
0.9275426480000001,-141.73683138643315
0.9294758620000001,-141.73683138643315
0.9314514620000001,-141.73683138643315
0.933500788,-141.7368648967548
0.9354451970000001,-141.73679787611152
0.9374636780000001,-141.73688165191564
0.9394485100000001,-141.7368648967548
0.941484508,-141.73683138643315
0.9435447920000001,-141.73683138643315
0.945435047,-141.73688165191564
0.947469576,-141.73681463127235
0.949489664,-141.73681463127235
0.951434509,-141.73681463127235
0.95343591,-141.73683138643315
0.955452633,-141.7368648967548
0.9574569740000001,-141.73681463127235
0.9594570120000001,-141.73683138643315
0.961443625,-141.73683138643315
0.9634425360000001,-141.73683138643315
0.9654414160000001,-141.7368648967548
0.9674935360000001,-141.73683138643315
0.969466577,-141.73681463127235
0.971475328,-141.73683138643315
0.9735504150000001,-141.73679787611152
0.9754286080000001,-141.7368648967548
0.977438526,-141.73681463127235
0.979642608,-141.73684814159395
0.981498646,-141.7368648967548
0.9835390060000001,-141.7368648967548
0.9855185710000001,-141.73684814159395
0.9874853570000001,-141.73684814159395
0.98956131,-141.73681463127235
0.991541043,-141.73684814159395
0.9935082850000001,-141.73683138643315
0.9953964340000001,-141.73683138643315
0.9974369970000001,-141.73683138643315
0.999505505,-141.73683138643315
1.001439161,-141.73683138643315
1.003496662,-141.73681463127235
1.005613855,-141.73683138643315
1.0075211750000002,-141.73683138643315
1.0095166720000002,-141.73684814159395
1.011475125,-141.73684814159395
1.013479515,-141.73683138643315
1.015434847,-141.7368648967548
1.017458855,-141.73684814159395
1.019447223,-141.7368648967548
1.021425199,-141.73684814159395
1.0236158260000001,-141.73688165191564
1.0255761110000001,-141.7367811209507
1.0275038140000001,-141.73688165191564
1.030360237,-141.73683138643315
1.0315534450000001,-141.73683138643315
1.033643117,-141.7368648967548
1.035618536,-141.7367811209507
1.0375365170000002,-141.73681463127235
1.0395977760000001,-141.7367811209507
1.041477677,-141.7368648967548
1.043515111,-141.73688165191564
1.045497262,-141.73681463127235
1.047449515,-141.73683138643315
1.049418132,-141.73681463127235
1.051414832,-141.73683138643315
1.055646451,-141.73681463127235
1.0557017530000001,-141.73683138643315
1.057481358,-141.7367811209507
1.059464458,-141.73683138643315
1.0614579590000002,-141.73683138643315
1.063445811,-141.7368648967548
1.06543649,-141.73683138643315
1.067423089,-141.73688165191564
1.069440476,-141.73681463127235
1.071484939,-141.73684814159395
1.074692075,-141.7368648967548
1.0754476430000002,-141.7368648967548
1.077410471,-141.73683138643315
1.079418027,-141.73688165191564
1.081451995,-141.7367811209507
1.083430007,-141.73683138643315
1.0854521380000002,-141.73681463127235
1.087469578,-141.73683138643315
1.089479161,-141.73683138643315
1.091463412,-141.73683138643315
1.093458392,-141.73688165191564
1.0966644,-141.7368648967548
1.0974505300000001,-141.73681463127235
1.099431349,-141.73683138643315
1.101447534,-141.7367811209507
1.103470871,-141.73679787611152
1.105451129,-141.73681463127235
1.107479262,-141.7368648967548
1.110626015,-141.73683138643315
1.111444037,-141.7367811209507
1.113477797,-141.73683138643315
1.1154461210000002,-141.73684814159395
1.117434026,-141.7368648967548
1.1194723960000001,-141.73683138643315
1.1214807770000002,-141.73684814159395
1.123452448,-141.7368648967548
1.1255389770000002,-141.73681463127235
1.1296655770000001,-141.73684814159395
1.129706667,-141.73683138643315
1.131483861,-141.73683138643315
1.13487089,-141.73683138643315
1.135489533,-141.73683138643315
1.1406835750000002,-141.73681463127235
1.1407245750000001,-141.73683138643315
1.1414729110000001,-141.73683138643315
1.1434414670000002,-141.7368648967548
1.1454395940000002,-141.73683138643315
1.147478499,-141.73683138643315
1.1494644550000002,-141.73688165191564
1.152631723,-141.73683138643315
1.153466526,-141.73683138643315
1.156525119,-141.73681463127235
1.157466437,-141.7368648967548
1.1595655120000001,-141.7367811209507
1.161577799,-141.73684814159395
1.1636012310000001,-141.73683138643315
1.1656224720000001,-141.73683138643315
1.167572963,-141.73684814159395
1.169610634,-141.73681463127235
1.171656846,-141.73684814159395
1.173550069,-141.73679787611152
1.1754745290000002,-141.73684814159395
1.177627659,-141.73683138643315
1.1796612260000001,-141.73681463127235
1.18158549,-141.73683138643315
1.183846753,-141.73683138643315
1.1856408010000001,-141.73683138643315
1.1876187150000002,-141.73684814159395
1.1895641730000002,-141.7368648967548
1.1915479580000001,-141.73683138643315
1.1934414420000001,-141.73683138643315
1.195517114,-141.7367811209507
1.197570237,-141.73683138643315
1.199565562,-141.73681463127235
1.2014313950000002,-141.73681463127235
1.203445174,-141.73683138643315
1.2055337350000002,-141.73683138643315
1.2075606570000001,-141.73683138643315
1.209447721,-141.73681463127235
1.21154852,-141.7367811209507
1.2135800030000001,-141.73683138643315
1.215559843,-141.73683138643315
1.2174992040000001,-141.73688165191564
1.219417996,-141.73684814159395
1.221499439,-141.73684814159395
1.223557613,-141.73684814159395
1.225449052,-141.73681463127235
1.227564625,-141.73679787611152
1.229563671,-141.7367811209507
1.231521238,-141.73681463127235
1.233530936,-141.73681463127235
1.235609187,-141.73681463127235
1.237437941,-141.73681463127235
1.2395482340000001,-141.73681463127235
1.241442878,-141.73683138643315
1.243423221,-141.73683138643315
1.245475278,-141.7368648967548
1.2474323630000002,-141.73681463127235
1.2495305700000001,-141.73684814159395
1.2515573450000002,-141.73683138643315
1.25345528,-141.73683138643315
1.2555940300000001,-141.73683138643315
1.2577516080000002,-141.73684814159395
1.259589365,-141.73681463127235
1.261617323,-141.73683138643315
1.263606685,-141.73679787611152
1.2655534670000002,-141.73683138643315
1.267618938,-141.73681463127235
1.2696636510000001,-141.73683138643315
1.271573292,-141.73683138643315
1.273558073,-141.73684814159395
1.275777242,-141.73683138643315
1.277635595,-141.73684814159395
1.279609161,-141.73683138643315
1.2816093510000002,-141.73684814159395
1.283651123,-141.7368648967548
1.2855420340000001,-141.73681463127235
1.2876870660000002,-141.73683138643315
1.2895551900000002,-141.73681463127235
1.291656249,-141.7368648967548
1.293581114,-141.73683138643315
1.2957708860000001,-141.7367811209507
1.2975727060000002,-141.73683138643315
1.299814038,-141.73683138643315
1.301615441,-141.73681463127235
1.303416551,-141.73681463127235
1.305583973,-141.73683138643315
1.3075895100000001,-141.73683138643315
1.309593154,-141.73683138643315
1.311454509,-141.73684814159395
1.313592855,-141.73683138643315
1.3155538720000002,-141.73683138643315
1.31740976,-141.73679787611152
1.31949089,-141.73681463127235
1.3214238170000001,-141.7367811209507
1.323637473,-141.73681463127235
1.325625276,-141.7368648967548
1.32743713,-141.73681463127235
1.329587305,-141.73681463127235
1.33147202,-141.73683138643315
1.333606923,-141.7367811209507
1.335551826,-141.73683138643315
1.337470404,-141.73681463127235
1.339573331,-141.73683138643315
1.341447006,-141.73679787611152
1.3434483990000001,-141.73683138643315
1.3455810750000001,-141.73681463127235
1.34829693,-141.73683138643315
1.349551638,-141.73683138643315
1.3516334140000001,-141.73683138643315
1.3538686880000002,-141.73683138643315
1.3555508660000002,-141.73683138643315
1.357602081,-141.73681463127235
1.3595315250000002,-141.73683138643315
1.361551172,-141.7368648967548
1.363870072,-141.73681463127235
1.365765541,-141.73683138643315
1.3674543650000002,-141.73683138643315
1.3696246730000001,-141.7367811209507
1.37149406,-141.73683138643315
1.3734625180000002,-141.73679787611152
1.375600782,-141.73683138643315
1.3775876790000001,-141.73681463127235
1.379449884,-141.73681463127235
1.3814706380000001,-141.73683138643315
1.383496714,-141.7368648967548
1.3854626760000002,-141.73679787611152
1.387573412,-141.73683138643315
1.389547824,-141.73681463127235
1.3914524670000001,-141.7367811209507
1.393592222,-141.7368648967548
1.3956255640000002,-141.73683138643315
1.39752658,-141.7367811209507
1.399598389,-141.73683138643315
1.4015965730000002,-141.7368648967548
1.4036250190000001,-141.73681463127235
1.405506877,-141.7368648967548
1.407606705,-141.73681463127235
1.409570645,-141.7368648967548
1.4115840590000002,-141.7368648967548
1.413608556,-141.73681463127235
1.4154428330000002,-141.73683138643315
1.4176014140000002,-141.73683138643315
1.4194815070000002,-141.73683138643315
1.4215859350000002,-141.73679787611152
1.4236024600000001,-141.73683138643315
1.425633098,-141.73684814159395
1.4276228910000002,-141.73683138643315
1.4295644280000002,-141.73683138643315
1.431419086,-141.73684814159395
1.433602432,-141.73681463127235
1.435663048,-141.73683138643315
1.43757602,-141.73683138643315
1.439576825,-141.73684814159395
1.441558029,-141.73683138643315
1.44355804,-141.73679787611152
1.445562685,-141.73679787611152
1.447638597,-141.7367811209507
1.4496077550000002,-141.7368648967548
1.4515969670000002,-141.73681463127235
1.453662768,-141.7367811209507
1.4554284130000001,-141.73681463127235
1.4574362790000002,-141.73681463127235
1.459415001,-141.73683138643315
1.4616387640000001,-141.73679787611152
1.463459866,-141.73684814159395
1.4656213420000002,-141.73683138643315
1.467559067,-141.73683138643315
1.4694297390000002,-141.73683138643315
1.4714579680000002,-141.7367811209507
1.473537147,-141.73679787611152
1.4754577610000001,-141.7367811209507
1.4774478450000001,-141.73683138643315
1.4795475630000001,-141.73683138643315
1.48150927,-141.7367811209507
1.4835189480000002,-141.73683138643315
1.485505574,-141.73683138643315
1.4874907590000002,-141.73683138643315
1.4894880460000002,-141.73683138643315
1.4914775180000002,-141.7367811209507
1.493482004,-141.73681463127235
1.4954932550000002,-141.73679787611152
1.4975153490000002,-141.73683138643315
1.4994577390000001,-141.73679787611152
1.501444862,-141.73684814159395
1.5035253000000002,-141.73679787611152
1.5058569480000001,-141.73681463127235
1.507436369,-141.73683138643315
1.509562454,-141.7367811209507
1.5115131830000001,-141.7367811209507
1.51345692,-141.73681463127235
1.51553282,-141.73681463127235
1.5174923130000002,-141.73681463127235
1.5195355720000001,-141.73683138643315
1.5215117530000002,-141.73683138643315
1.523580347,-141.7367811209507
1.5255350600000002,-141.73683138643315
1.527445769,-141.73681463127235
1.529576403,-141.7367811209507
1.531468791,-141.7367811209507
1.5335182330000001,-141.73681463127235
1.535670813,-141.7367811209507
1.537433309,-141.73683138643315
1.5395289490000001,-141.73681463127235
1.541499388,-141.73681463127235
1.543578377,-141.73681463127235
1.545634978,-141.73683138643315
1.547546918,-141.73684814159395
1.549448052,-141.73683138643315
1.551598349,-141.7368648967548
1.553533808,-141.73679787611152
1.555594361,-141.73681463127235
1.5575183540000002,-141.73681463127235
1.5594456220000001,-141.7367811209507
1.561591685,-141.73681463127235
1.563546177,-141.73681463127235
1.565492037,-141.7367811209507
1.5675900090000001,-141.73681463127235
1.5695498790000002,-141.73681463127235
1.571441031,-141.73681463127235
1.573472132,-141.73681463127235
1.5754713630000001,-141.73681463127235
1.5774323860000001,-141.73683138643315
1.579628657,-141.73681463127235
1.581464368,-141.73683138643315
1.5835169390000001,-141.73683138643315
1.585509026,-141.73681463127235
1.587521916,-141.7368648967548
1.5894451550000002,-141.7367811209507
1.5915054450000001,-141.73681463127235
1.593564422,-141.7367811209507
1.5954404370000002,-141.73683138643315
1.597623086,-141.73683138643315
1.599555523,-141.7367811209507
1.601459038,-141.7367811209507
1.6035099620000002,-141.7367811209507
1.6056139630000001,-141.73681463127235
1.6075595870000001,-141.73679787611152
1.609567988,-141.73681463127235
1.611519229,-141.7367811209507
1.613601961,-141.73679787611152
1.615629844,-141.73679787611152
1.6175528490000002,-141.73679787611152
1.619551047,-141.73676436578987
1.621613259,-141.73679787611152
1.623463941,-141.73681463127235
1.6255318440000002,-141.73676436578987
1.6274390490000001,-141.73681463127235
1.629676675,-141.73679787611152
1.6315797730000001,-141.73683138643315
1.6335614230000002,-141.73681463127235
1.636664606,-141.7367811209507
1.6381585220000001,-141.7367811209507
1.6407932920000001,-141.73681463127235
1.641576114,-141.73681463127235
1.643534462,-141.73681463127235
1.6454736540000001,-141.7367811209507
1.647482684,-141.7367811209507
1.649466952,-141.7367811209507
1.6514340680000001,-141.73681463127235
1.6535076290000001,-141.73676436578987
1.6555929790000001,-141.7367811209507
1.6574901020000001,-141.7367811209507
1.65948311,-141.73674761062907
1.661440124,-141.7367811209507
1.6634637220000001,-141.73681463127235
1.6654311910000001,-141.73676436578987
1.667467135,-141.73673085546827
1.669427502,-141.73679787611152
1.671455936,-141.7367811209507
1.673455928,-141.7367811209507
1.6754733860000002,-141.73681463127235
1.6774788500000002,-141.7367811209507
1.679430031,-141.73676436578987
1.6814560390000002,-141.7367811209507
1.6834399070000001,-141.7367811209507
1.6854627800000002,-141.7367811209507
1.6874363840000002,-141.73681463127235
1.689443226,-141.73683138643315
1.691461169,-141.73676436578987
1.69344899,-141.7367811209507
1.695420471,-141.73676436578987
1.697443488,-141.7367811209507
1.699448566,-141.73673085546827
1.7014341110000002,-141.7367811209507
1.703495604,-141.73673085546827
1.7054810450000002,-141.7367811209507
1.707535629,-141.73676436578987
1.7103584980000002,-141.73681463127235
1.7131562200000001,-141.73681463127235
1.714407599,-141.73679787611152
1.7163542740000002,-141.73679787611152
1.718764798,-141.73673085546827
1.7206732100000002,-141.73673085546827
1.722057968,-141.7367811209507
1.72433052,-141.7367811209507
1.726215035,-141.73674761062907
1.7283778500000002,-141.73674761062907
1.7304854230000002,-141.7367811209507
1.7330230340000001,-141.7367811209507
1.7343005310000001,-141.73673085546827
1.736723279,-141.73673085546827
1.737937032,-141.73679787611152
1.740507781,-141.73679787611152
1.7416975360000002,-141.73673085546827
1.7448139450000002,-141.73673085546827
1.7459416440000002,-141.73676436578987
1.748416393,-141.73676436578987
1.74957874,-141.73673085546827
1.752724516,-141.73676436578987
1.754649493,-141.73676436578987
1.755667011,-141.73676436578987
1.7583063030000001,-141.73676436578987
1.7605455570000001,-141.73681463127235
1.763191133,-141.73681463127235
1.7642523090000002,-141.73676436578987
1.7668405230000002,-141.73676436578987
1.7682558990000001,-141.73676436578987
1.770866005,-141.73676436578987
1.772400411,-141.73671410030744
1.7757883540000001,-141.73671410030744
1.7768839840000001,-141.73673085546827
1.779272286,-141.73673085546827
1.7812867730000002,-141.73676436578987
1.784096109,-141.73676436578987
1.785306869,-141.7367811209507
1.786659844,-141.7367811209507
1.788292535,-141.7367811209507
1.7904050200000001,-141.73679787611152
1.792544174,-141.73679787611152
1.794471731,-141.73676436578987
1.795721638,-141.73676436578987
1.798463828,-141.73683138643315
1.8008437830000001,-141.73683138643315
1.8021079670000002,-141.7367811209507
1.804578389,-141.7367811209507
1.8054865750000002,-141.73673085546827
1.8080207830000001,-141.73676436578987
1.8107408100000002,-141.73676436578987
1.811665287,-141.73681463127235
1.8138250390000001,-141.73681463127235
1.8154885440000001,-141.73676436578987
1.8175615090000001,-141.7367811209507
1.820486231,-141.7367811209507
1.822561413,-141.73671410030744
1.824821795,-141.73671410030744
1.8258948140000002,-141.73673085546827
1.8284609680000001,-141.73673085546827
1.8295611280000001,-141.7367811209507
1.8318485750000002,-141.73676436578987
1.8336162710000001,-141.73676436578987
1.835802745,-141.7367811209507
1.8382335740000002,-141.7367811209507
1.840637137,-141.73671410030744
1.842291895,-141.73671410030744
1.844676618,-141.7367811209507
1.8471547080000001,-141.7367811209507
1.8482515590000002,-141.7367811209507
1.8506877210000001,-141.7367811209507
1.851977809,-141.73676436578987
1.8545726530000002,-141.73676436578987
1.855787174,-141.73673085546827
1.8583778380000002,-141.73673085546827
1.8613379700000001,-141.7367811209507
1.862378547,-141.7367811209507
1.8643080890000001,-141.73674761062907
1.8661833600000002,-141.73674761062907
1.867877956,-141.73676436578987
1.8700246530000002,-141.73676436578987
1.8716355210000002,-141.73676436578987
1.873526757,-141.73676436578987
1.87551145,-141.73673085546827
1.8774656150000002,-141.73679787611152
1.879474429,-141.73674761062907
1.8814638430000001,-141.7367811209507
1.883431426,-141.7367811209507
1.885446377,-141.73673085546827
1.887497108,-141.7367811209507
1.8894464110000002,-141.73673085546827
1.8914407910000002,-141.7367811209507
1.8934675390000002,-141.73681463127235
1.8954274110000002,-141.7367811209507
1.897451379,-141.73676436578987
1.899453035,-141.7367811209507
1.9014211600000002,-141.73674761062907
1.903459263,-141.73676436578987
1.9054669800000001,-141.7367811209507
1.9074503180000002,-141.73676436578987
1.9094293100000002,-141.73673085546827
1.911420965,-141.73673085546827
1.9134101540000001,-141.7367811209507
1.915481114,-141.73676436578987
1.9174562990000001,-141.7367811209507
1.9194853530000002,-141.73673085546827
1.9214522930000002,-141.73681463127235
1.9234237340000002,-141.73676436578987
1.9254060510000002,-141.7367811209507
1.927437013,-141.7367811209507
1.9294245460000001,-141.73676436578987
1.931430449,-141.7367811209507
1.933475338,-141.7367811209507
1.935625734,-141.73673085546827
1.937525697,-141.7367811209507
1.939469866,-141.7367811209507
1.9414783350000002,-141.7367811209507
1.943445791,-141.73681463127235
1.945417898,-141.73681463127235
1.9474804940000001,-141.73674761062907
1.9494858940000002,-141.73681463127235
1.951431421,-141.73681463127235
1.953459668,-141.73676436578987
1.955473312,-141.7367811209507
1.9574393950000002,-141.73673085546827
1.959505921,-141.73681463127235
1.961430052,-141.73676436578987
1.9634229550000002,-141.73676436578987
1.965448942,-141.7367811209507
1.9674309630000002,-141.73674761062907
1.969483893,-141.7367811209507
1.9714266310000002,-141.73676436578987
1.9734827860000002,-141.73674761062907
1.975427317,-141.73676436578987
1.9774105530000001,-141.7367811209507
1.979451717,-141.73676436578987
1.9814427620000001,-141.73676436578987
1.9834522470000002,-141.7367811209507
1.9854517720000002,-141.7367811209507
1.9874222490000002,-141.73676436578987
1.9894276400000002,-141.7367811209507
1.9914467450000002,-141.73681463127235
1.993445619,-141.7367811209507
1.9954554370000002,-141.73681463127235
1.9975253620000002,-141.73676436578987
1.999502823,-141.73676436578987
2.001469676,-141.73673085546827
2.00344105,-141.7367811209507
2.005433307,-141.7367811209507
2.007465909,-141.73676436578987
2.00943689,-141.73676436578987
2.011451387,-141.73676436578987
2.013445035,-141.73676436578987
2.015427464,-141.73681463127235
2.017466164,-141.73674761062907
2.019455122,-141.73676436578987
2.0214257790000003,-141.73674761062907
2.023475511,-141.73676436578987
2.025421513,-141.73676436578987
2.0274299900000003,-141.73679787611152
2.029443514,-141.7367811209507
2.031651632,-141.7367811209507
2.033564228,-141.7367811209507
2.035668743,-141.73676436578987
2.037552268,-141.7367811209507
2.0395166010000003,-141.7367811209507
2.041442602,-141.73676436578987
2.0435236430000003,-141.73676436578987
2.045516591,-141.73676436578987
2.0475487080000003,-141.73676436578987
2.049476244,-141.73676436578987
2.0515112500000003,-141.7367811209507
2.053438898,-141.73676436578987
2.055481094,-141.73676436578987
2.05749511,-141.73676436578987
2.0594890550000002,-141.73674761062907
2.061541741,-141.73676436578987
2.063447018,-141.73676436578987
2.0655362580000003,-141.73679787611152
2.067448262,-141.73681463127235
2.069454903,-141.73676436578987
2.0714543880000003,-141.7367811209507
2.073529305,-141.7367811209507
2.0754901130000003,-141.73673085546827
2.0774724460000003,-141.7367811209507
2.079519903,-141.73673085546827
2.0814884950000003,-141.73673085546827
2.083551744,-141.73674761062907
2.085546668,-141.73676436578987
2.0875186290000003,-141.73674761062907
2.089518515,-141.73673085546827
2.091514526,-141.73676436578987
2.093547278,-141.73671410030744
2.095569898,-141.73673085546827
2.0976323860000003,-141.73671410030744
2.099479681,-141.7367811209507
2.101523707,-141.73673085546827
2.103519424,-141.73673085546827
2.105485159,-141.73673085546827
2.107572944,-141.73671410030744
2.109536774,-141.73676436578987
2.111452538,-141.73674761062907
2.1136582290000003,-141.7367811209507
2.115551443,-141.73673085546827
2.117583776,-141.73676436578987
2.119596289,-141.73674761062907
2.121455853,-141.73676436578987
2.123470735,-141.73673085546827
2.12546421,-141.73673085546827
2.127567322,-141.73673085546827
2.12951923,-141.7367811209507
2.131470113,-141.73676436578987
2.133464971,-141.73673085546827
2.135532644,-141.73673085546827
2.137588353,-141.7367811209507
2.139646839,-141.73673085546827
2.141538444,-141.73671410030744
2.14355814,-141.73676436578987
2.145472657,-141.73671410030744
2.1474991180000003,-141.7367811209507
2.149453991,-141.73676436578987
2.151515175,-141.73676436578987
2.153446585,-141.73673085546827
2.1554788630000004,-141.73671410030744
2.157537139,-141.73676436578987
2.1594775410000002,-141.73676436578987
2.161571936,-141.73673085546827
2.163491467,-141.73673085546827
2.165504471,-141.73673085546827
2.1674975450000002,-141.73676436578987
2.1695299510000003,-141.7367811209507
2.1714804500000002,-141.73673085546827
2.173521208,-141.73676436578987
2.175565546,-141.73676436578987
2.1774555760000003,-141.73676436578987
2.1795419540000003,-141.7367811209507
2.181568292,-141.73676436578987
2.183583129,-141.73674761062907
2.185475372,-141.7367811209507
2.187488607,-141.73676436578987
2.189577258,-141.73674761062907
2.191589144,-141.73671410030744
2.1935163820000003,-141.7367811209507
2.195522957,-141.7367811209507
2.1975353650000002,-141.73673085546827
2.199563333,-141.73673085546827
2.201545389,-141.73674761062907
2.2034998740000002,-141.73673085546827
2.205435074,-141.73676436578987
2.207466353,-141.73673085546827
2.209522272,-141.7367811209507
2.21145113,-141.73673085546827
2.213483698,-141.73676436578987
2.215490994,-141.73676436578987
2.2174999690000003,-141.73671410030744
2.2195037710000003,-141.73676436578987
2.221443044,-141.73671410030744
2.2235549860000003,-141.73676436578987
2.225556203,-141.73673085546827
2.227492345,-141.73673085546827
2.2296023170000003,-141.7367811209507
2.231470793,-141.73674761062907
2.233513352,-141.7367811209507
2.23550284,-141.73676436578987
2.237572073,-141.73676436578987
2.239464535,-141.73676436578987
2.2414354110000003,-141.73671410030744
2.243466418,-141.7367811209507
2.245566725,-141.7367811209507
2.2474910990000003,-141.73673085546827
2.249528217,-141.73673085546827
2.2515229210000003,-141.73676436578987
2.2535846,-141.7367811209507
2.2555387660000004,-141.73676436578987
2.2574866200000003,-141.73676436578987
2.2595110160000003,-141.73671410030744
2.2614500950000003,-141.73674761062907
2.263488381,-141.73673085546827
2.265488961,-141.73674761062907
2.267561991,-141.73676436578987
2.26949603,-141.73676436578987
2.2715107750000003,-141.73676436578987
2.2735335070000002,-141.73673085546827
2.275438264,-141.7367811209507
2.277523263,-141.73676436578987
2.2794968950000003,-141.73676436578987
2.281615763,-141.73676436578987
2.2834897,-141.73671410030744
2.285493272,-141.73673085546827
2.287555475,-141.73673085546827
2.289415893,-141.73669734514658
2.291497626,-141.73673085546827
2.2934874780000003,-141.73673085546827
2.2955106250000004,-141.73671410030744
2.2975392020000003,-141.73673085546827
2.299477923,-141.73673085546827
2.301515225,-141.73673085546827
2.303543881,-141.73676436578987
2.30553702,-141.73676436578987
2.307539743,-141.73673085546827
2.309507596,-141.73676436578987
2.311576446,-141.7367811209507
2.313594092,-141.73679787611152
2.315560692,-141.73671410030744
2.3175074230000003,-141.7367811209507
2.319475165,-141.73673085546827
2.3215775300000003,-141.73676436578987
2.323559711,-141.73669734514658
2.325485686,-141.73674761062907
2.327611742,-141.7367811209507
2.3295534940000002,-141.73676436578987
2.331504797,-141.73673085546827
2.3334819060000003,-141.7367811209507
2.3354657970000003,-141.73673085546827
2.337465258,-141.73671410030744
2.339541892,-141.73674761062907
2.341464138,-141.73671410030744
2.343544048,-141.73676436578987
2.34546821,-141.73676436578987
2.347416188,-141.73676436578987
2.349471573,-141.73673085546827
2.351418998,-141.73673085546827
2.353456279,-141.7367811209507
2.355469179,-141.73671410030744
2.35744481,-141.73671410030744
2.3594318060000004,-141.7367811209507
2.361455031,-141.73673085546827
2.36341672,-141.73673085546827
2.3654273000000003,-141.73673085546827
2.3674179140000002,-141.7367811209507
2.3694755190000003,-141.73676436578987
2.371466673,-141.73673085546827
2.373437233,-141.7367811209507
2.375444787,-141.73671410030744
2.3774303210000003,-141.73674761062907
2.379461327,-141.73671410030744
2.381438783,-141.73673085546827
2.383430493,-141.73673085546827
2.385471618,-141.73671410030744
2.387451119,-141.73673085546827
2.3894245670000003,-141.73676436578987
2.3914514270000002,-141.73671410030744
2.3934337460000004,-141.7367811209507
2.395416859,-141.73676436578987
2.3974433680000002,-141.73676436578987
2.399424035,-141.73671410030744
2.401495332,-141.73671410030744
2.403466871,-141.73681463127235
2.405434651,-141.73671410030744
2.407431046,-141.73673085546827
2.409411618,-141.73671410030744
2.411554798,-141.73676436578987
2.413435283,-141.73676436578987
2.4154371880000003,-141.73673085546827
2.4174610700000003,-141.73676436578987
2.419442482,-141.73681463127235
2.421493148,-141.73676436578987
2.42343468,-141.73676436578987
2.425437358,-141.73666383482498
2.42742949,-141.73673085546827
2.429427657,-141.73671410030744
2.431460913,-141.73673085546827
2.4334867620000002,-141.73671410030744
2.435424922,-141.73676436578987
2.437406594,-141.73671410030744
2.439450242,-141.7367811209507
2.441428851,-141.7367811209507
2.443467595,-141.73673085546827
2.4454667260000003,-141.7367811209507
2.4474685210000002,-141.7367811209507
2.44943559,-141.73671410030744
2.4514999,-141.73673085546827
2.453449001,-141.7367811209507
2.455438713,-141.73673085546827
2.457449695,-141.73676436578987
2.4594425500000003,-141.73673085546827
2.461455592,-141.73671410030744
2.4634820900000003,-141.73673085546827
2.465446386,-141.7367811209507
2.4674155570000003,-141.73673085546827
2.469444047,-141.73676436578987
2.47144733,-141.73671410030744
2.473445818,-141.73673085546827
2.475479259,-141.73671410030744
2.4774353220000003,-141.7367811209507
2.479424105,-141.73676436578987
2.4814724590000004,-141.73673085546827
2.4834594990000003,-141.73673085546827
2.485440467,-141.73673085546827
2.48743603,-141.73676436578987
2.489461186,-141.73676436578987
2.4914342840000003,-141.73673085546827
2.493426798,-141.73676436578987
2.4954523760000002,-141.7367811209507
2.497428793,-141.73676436578987
2.499522685,-141.7367811209507
2.5015041140000003,-141.7367811209507
2.5034692520000004,-141.73668058998578
2.50547134,-141.73674761062907
2.507436766,-141.73676436578987
2.50943072,-141.73676436578987
2.511472164,-141.7367811209507
2.5134540060000004,-141.73676436578987
2.515431603,-141.73673085546827
2.51748034,-141.73676436578987
2.519450867,-141.73673085546827
2.5214178400000002,-141.73673085546827
2.523468169,-141.73676436578987
2.525449833,-141.73676436578987
2.527431668,-141.73676436578987
2.52943081,-141.7367811209507
2.531488411,-141.73673085546827
2.533448261,-141.73676436578987
2.535468388,-141.7367811209507
2.537469274,-141.73671410030744
2.5394340580000003,-141.73673085546827
2.54142775,-141.73676436578987
2.543442131,-141.73673085546827
2.5454541710000003,-141.73673085546827
2.54746139,-141.73673085546827
2.549450483,-141.7367811209507
2.551454422,-141.7367811209507
2.5534555880000003,-141.73676436578987
2.555435633,-141.73671410030744
2.557436109,-141.7367811209507
2.559467702,-141.73676436578987
2.5614563870000002,-141.73679787611152
2.56343976,-141.73676436578987
2.5654576970000003,-141.73669734514658
2.5674562560000003,-141.73671410030744
2.5694228540000004,-141.73671410030744
2.571434209,-141.73676436578987
2.573468956,-141.7367811209507
2.575498536,-141.73676436578987
2.5774389180000004,-141.73676436578987
2.5794611300000003,-141.73668058998578
2.5815225710000003,-141.73673085546827
2.583431383,-141.73676436578987
2.5854610730000003,-141.73671410030744
2.5874400420000003,-141.7367811209507
2.58942268,-141.73676436578987
2.5916377710000003,-141.73671410030744
2.593526364,-141.73676436578987
2.595440271,-141.73673085546827
2.5974662640000004,-141.73676436578987
2.5994282660000003,-141.7367811209507
2.60146076,-141.73674761062907
2.603462899,-141.73673085546827
2.60544614,-141.73676436578987
2.607457897,-141.73669734514658
2.609457695,-141.73674761062907
2.611452017,-141.73673085546827
2.613451403,-141.73673085546827
2.615480235,-141.73673085546827
2.617432291,-141.73673085546827
2.619426089,-141.7367811209507
2.621449708,-141.73671410030744
2.623450981,-141.7367811209507
2.6254440580000002,-141.73676436578987
2.6274612580000003,-141.73673085546827
2.6294834870000003,-141.73676436578987
2.631472265,-141.73674761062907
2.633419848,-141.73676436578987
2.636137444,-141.73674761062907
2.63788913,-141.73674761062907
2.63996674,-141.73673085546827
2.6416267710000003,-141.73673085546827
2.64362919,-141.73676436578987
2.645474155,-141.73674761062907
2.6474998100000002,-141.73674761062907
2.6494614010000004,-141.73676436578987
2.6517797020000002,-141.73671410030744
2.653563617,-141.73671410030744
2.655502045,-141.73671410030744
2.657566135,-141.73671410030744
2.659567472,-141.73673085546827
2.661613923,-141.73676436578987
2.6634846370000003,-141.73676436578987
2.6654830520000004,-141.7367811209507
2.6675100670000003,-141.73676436578987
2.6694785970000003,-141.73671410030744
2.6714969060000002,-141.73673085546827
2.673542498,-141.73669734514658
2.6755291960000003,-141.73671410030744
2.67765436,-141.73676436578987
2.679448981,-141.73671410030744
2.681427754,-141.7367811209507
2.683529941,-141.73676436578987
2.6855832530000003,-141.73676436578987
2.687502667,-141.73671410030744
2.6895289470000003,-141.73671410030744
2.6915710240000004,-141.73673085546827
2.693504398,-141.7367811209507
2.695492877,-141.7367811209507
2.6974639750000002,-141.73673085546827
2.699645808,-141.73671410030744
2.701532218,-141.73676436578987
2.703500558,-141.73674761062907
2.705525847,-141.73674761062907
2.707438201,-141.73669734514658
2.710110466,-141.7367811209507
2.7115133620000003,-141.7367811209507
2.713570916,-141.73673085546827
2.7155802550000003,-141.7367811209507
2.7175804030000004,-141.73676436578987
2.7195253160000004,-141.73674761062907
2.721542228,-141.7367811209507
2.7234493790000003,-141.73676436578987
2.725475331,-141.73673085546827
2.727490705,-141.73666383482498
2.729434002,-141.73673085546827
2.73147944,-141.73676436578987
2.73343961,-141.73671410030744
2.735444148,-141.73673085546827
2.7376391850000004,-141.73673085546827
2.739538602,-141.73671410030744
2.741593984,-141.7367811209507
2.7435780860000003,-141.73676436578987
2.7455462020000003,-141.73673085546827
2.747580395,-141.73669734514658
2.749420663,-141.7367811209507
2.751589988,-141.73671410030744
2.7535064670000002,-141.73676436578987
2.7554829300000003,-141.73676436578987
2.75758751,-141.73671410030744
2.7595155040000003,-141.73676436578987
2.761425818,-141.73671410030744
2.76357263,-141.73673085546827
2.765578827,-141.73676436578987
2.767470995,-141.73673085546827
2.769570758,-141.73676436578987
2.771587002,-141.73673085546827
2.7734637390000003,-141.7367811209507
2.7755443480000004,-141.73673085546827
2.777465872,-141.7367811209507
2.7795748920000003,-141.73671410030744
2.7815744500000004,-141.7367811209507
2.7836508970000002,-141.73673085546827
2.785543462,-141.73676436578987
2.7875455440000003,-141.73674761062907
2.789458423,-141.73674761062907
2.79174795,-141.73673085546827
2.79352949,-141.73673085546827
2.795484494,-141.73673085546827
2.797490594,-141.73674761062907
2.799542067,-141.73671410030744
2.801485152,-141.73673085546827
2.8036211150000003,-141.73673085546827
2.805652738,-141.73676436578987
2.8077137370000003,-141.73676436578987
2.809711466,-141.73676436578987
2.811796223,-141.73671410030744
2.81348931,-141.73674761062907
2.815739316,-141.7367811209507
2.817711286,-141.73673085546827
2.819474085,-141.73674761062907
2.821812655,-141.73671410030744
2.823753233,-141.73674761062907
2.825683965,-141.73673085546827
2.8275957710000004,-141.73676436578987
2.82979838,-141.73671410030744
2.8315549520000003,-141.73671410030744
2.833591553,-141.73674761062907
2.835780885,-141.73671410030744
2.837596929,-141.73673085546827
2.8396428730000003,-141.73673085546827
2.841785545,-141.73671410030744
2.8435922540000003,-141.7367811209507
2.845653483,-141.73671410030744
2.847571968,-141.73673085546827
2.849561715,-141.73671410030744
2.851507397,-141.73676436578987
2.853456731,-141.73676436578987
2.855490724,-141.73676436578987
2.8574981530000003,-141.73676436578987
2.859432104,-141.7367811209507
2.861574423,-141.73676436578987
2.86349978,-141.73676436578987
2.8654914810000003,-141.73674761062907
2.8675116370000002,-141.73671410030744
2.86947244,-141.73671410030744
2.871473613,-141.73671410030744
2.8735324770000004,-141.73676436578987
2.875482662,-141.73676436578987
2.877554217,-141.73674761062907
2.879980557,-141.73676436578987
2.881992566,-141.73676436578987
2.8836407310000003,-141.73676436578987
2.885597969,-141.7367811209507
2.887627306,-141.73671410030744
2.8895523460000003,-141.73673085546827
2.8916011740000003,-141.73674761062907
2.893517156,-141.73674761062907
2.8954951980000003,-141.73671410030744
2.8975086770000003,-141.73676436578987
2.899752824,-141.7367811209507
2.901584526,-141.73676436578987
2.9035676070000003,-141.7367811209507
2.9057255520000003,-141.73674761062907
2.907600818,-141.73674761062907
2.9097232990000004,-141.7367811209507
2.911488958,-141.73673085546827
2.913495719,-141.73671410030744
2.9157355070000004,-141.73676436578987
2.917538007,-141.73676436578987
2.9195017620000003,-141.73671410030744
2.921490925,-141.73671410030744
2.923484636,-141.73671410030744
2.925446839,-141.73673085546827
2.927737483,-141.73671410030744
2.9299111370000004,-141.73676436578987
2.931579687,-141.73671410030744
2.933612774,-141.73671410030744
2.935495287,-141.73674761062907
2.937531463,-141.73673085546827
2.9394500640000003,-141.73673085546827
2.941501642,-141.73676436578987
2.943500079,-141.73671410030744
2.9455134700000003,-141.73673085546827
2.947462673,-141.73668058998578
2.9494498510000002,-141.73674761062907
2.9515039190000003,-141.73673085546827
2.953469103,-141.73673085546827
2.9555047510000003,-141.73673085546827
2.957625955,-141.73674761062907
2.959459813,-141.73673085546827
2.961435831,-141.7367811209507
2.963483488,-141.73674761062907
2.965445363,-141.73673085546827
2.967480653,-141.73671410030744
2.9694770420000003,-141.73676436578987
2.971613425,-141.73674761062907
2.973671902,-141.73676436578987
2.975507637,-141.73676436578987
2.977508217,-141.73671410030744
2.9795433570000003,-141.7367811209507
2.981433542,-141.73673085546827
2.9834803730000004,-141.73676436578987
2.985469073,-141.7367811209507
2.987463161,-141.73669734514658
2.9895901950000003,-141.73671410030744
2.991627649,-141.73671410030744
2.9935277570000003,-141.73676436578987
2.9954929370000003,-141.73676436578987
2.997436408,-141.73671410030744
2.999448004,-141.73673085546827
3.0014397120000003,-141.73673085546827
3.003511521,-141.73676436578987
3.0056610430000004,-141.73673085546827
3.007523054,-141.73673085546827
3.009480908,-141.73674761062907
3.0115015560000002,-141.73671410030744
3.013548112,-141.73673085546827
3.015434701,-141.7367811209507
3.017460271,-141.73673085546827
3.0195188,-141.73676436578987
3.021458035,-141.73673085546827
3.0234267260000003,-141.7367811209507
3.0254366430000004,-141.73674761062907
3.027588315,-141.73674761062907
3.030547738,-141.73671410030744
3.031842779,-141.73671410030744
3.033634697,-141.73676436578987
3.03562441,-141.73676436578987
3.0376602270000004,-141.73671410030744
3.039511466,-141.73671410030744
3.0415439980000003,-141.73673085546827
3.043463799,-141.73673085546827
3.045553371,-141.73671410030744
3.0476242360000003,-141.7367811209507
3.0495608140000003,-141.73671410030744
3.051467675,-141.73676436578987
3.053616624,-141.73671410030744
3.0557262460000003,-141.73671410030744
3.057565603,-141.73671410030744
3.0595196330000003,-141.73673085546827
3.061638546,-141.73673085546827
3.063488963,-141.73673085546827
3.0654468190000004,-141.73671410030744
3.0674780960000003,-141.73673085546827
3.069477763,-141.73673085546827
3.071449229,-141.73676436578987
3.073515285,-141.73676436578987
3.0757179740000002,-141.73671410030744
3.07753127,-141.73671410030744
3.079499746,-141.73674761062907
3.0816246090000003,-141.73671410030744
3.083532484,-141.73671410030744
3.08548581,-141.73673085546827
3.087444666,-141.73671410030744
3.0895177410000003,-141.73671410030744
3.091453184,-141.73671410030744
3.09353268,-141.73673085546827
3.09571057,-141.73669734514658
3.097504716,-141.73669734514658
3.0994794060000004,-141.73674761062907
3.1014963200000003,-141.73673085546827
3.103491125,-141.73674761062907
3.1054512040000004,-141.73671410030744
3.107525695,-141.73671410030744
3.109470479,-141.73671410030744
3.1114415500000003,-141.73673085546827
3.113590294,-141.73671410030744
3.115631721,-141.73671410030744
3.117555689,-141.73673085546827
3.119550281,-141.73673085546827
3.1214725050000003,-141.73676436578987
3.1234542160000003,-141.73673085546827
3.125505119,-141.73674761062907
3.12747637,-141.73673085546827
3.129541409,-141.73676436578987
3.131670944,-141.7367811209507
3.1336845450000004,-141.7367811209507
3.135756864,-141.73671410030744
3.137569875,-141.73671410030744
3.1395278770000004,-141.73671410030744
3.1415166610000003,-141.73671410030744
3.1438027330000002,-141.73673085546827
3.145532143,-141.73673085546827
3.1475416800000002,-141.73673085546827
3.1497596100000003,-141.73671410030744
3.151498076,-141.73671410030744
3.15359063,-141.73676436578987
3.1557030270000004,-141.73673085546827
3.1575381570000003,-141.73673085546827
3.1595050500000004,-141.73676436578987
3.1615377610000004,-141.73671410030744
3.1635238950000004,-141.73674761062907
3.165562054,-141.73676436578987
3.167565498,-141.73671410030744
3.1695726900000003,-141.73673085546827
3.171509017,-141.73676436578987
3.173630584,-141.73671410030744
3.175553533,-141.73671410030744
3.1775951420000004,-141.73671410030744
3.179718396,-141.73671410030744
3.181529197,-141.73671410030744
3.1835377470000004,-141.73676436578987
3.1856343750000002,-141.73676436578987
3.187518469,-141.73674761062907
3.1895061790000003,-141.7367811209507
3.191566382,-141.73671410030744
3.19349358,-141.73676436578987
3.1957898250000003,-141.73671410030744
3.1976376810000002,-141.73671410030744
3.199556469,-141.73673085546827
3.201966015,-141.7367811209507
3.203508685,-141.7367811209507
3.2054953590000004,-141.73673085546827
3.2075793380000004,-141.73676436578987
3.209491056,-141.73673085546827
3.2115945480000003,-141.73673085546827
3.213613789,-141.73673085546827
3.2157948810000003,-141.73673085546827
3.2175174390000003,-141.73673085546827
3.219542194,-141.73673085546827
3.221546591,-141.73673085546827
3.223668695,-141.73673085546827
3.225464553,-141.7367811209507
3.2277295300000004,-141.7367811209507
3.2296230780000004,-141.7367811209507
3.231545742,-141.73676436578987
3.233593394,-141.73676436578987
3.235532789,-141.73676436578987
3.237536459,-141.73673085546827
3.2394566360000003,-141.73676436578987
3.241617003,-141.73676436578987
3.243692213,-141.73673085546827
3.2455207980000003,-141.73673085546827
3.2475653290000004,-141.73673085546827
3.249480283,-141.73673085546827
3.2515193900000003,-141.73674761062907
3.253559285,-141.73671410030744
3.255727309,-141.73671410030744
3.2575061180000002,-141.73671410030744
3.2594750190000004,-141.73676436578987
3.261754131,-141.73673085546827
3.263543598,-141.73673085546827
3.26550178,-141.73674761062907
3.267515286,-141.73671410030744
3.2695073900000002,-141.73676436578987
3.271483232,-141.73673085546827
3.273536865,-141.73676436578987
3.275637988,-141.73676436578987
3.277563959,-141.73671410030744
3.2796776490000004,-141.73673085546827
3.2815617830000003,-141.73671410030744
3.2836261220000003,-141.73676436578987
3.285571801,-141.73671410030744
3.2875420020000004,-141.73674761062907
3.2895243790000004,-141.73671410030744
3.291582269,-141.73673085546827
3.293698469,-141.73674761062907
3.2957525800000003,-141.73674761062907
3.29763638,-141.73673085546827
3.299472713,-141.73673085546827
3.301538888,-141.73674761062907
3.3035599920000003,-141.73676436578987
3.305472152,-141.73671410030744
3.307637253,-141.73676436578987
3.3095996060000004,-141.73671410030744
3.3116559650000004,-141.73673085546827
3.3135490360000004,-141.7367811209507
3.315578363,-141.7367811209507
3.3175381830000004,-141.73671410030744
3.319493249,-141.73668058998578
3.3215157910000004,-141.73673085546827
3.3235906490000002,-141.73673085546827
3.3254939190000004,-141.73676436578987
3.327492184,-141.73673085546827
3.329606446,-141.7367811209507
3.331565986,-141.73671410030744
3.333594397,-141.73676436578987
3.335908662,-141.73676436578987
3.3375739510000004,-141.73676436578987
3.339579151,-141.73673085546827
3.3415671710000003,-141.73671410030744
3.3434951020000003,-141.73673085546827
3.345507346,-141.73671410030744
3.3474802510000004,-141.73671410030744
3.3494610230000004,-141.73676436578987
3.351730916,-141.73671410030744
3.353560915,-141.73671410030744
3.355710601,-141.73671410030744
3.35758355,-141.73671410030744
3.3595960110000003,-141.73673085546827
3.3615449170000002,-141.73673085546827
3.363613286,-141.73671410030744
3.3655838890000003,-141.7367811209507
3.3675272460000003,-141.73669734514658
3.369660318,-141.73674761062907
3.371579403,-141.73674761062907
3.373516694,-141.73671410030744
3.375798941,-141.73671410030744
3.377585223,-141.73671410030744
3.3795553650000003,-141.73674761062907
3.381590118,-141.73673085546827
3.38350651,-141.73671410030744
3.3855094780000003,-141.73676436578987
3.3878100050000004,-141.73671410030744
3.3895274520000003,-141.73671410030744
3.3915938760000004,-141.73673085546827
3.3938492890000003,-141.73673085546827
3.39561606,-141.73673085546827
3.3975561240000003,-141.73673085546827
3.399511174,-141.73671410030744
3.4016781060000003,-141.73671410030744
3.4035437340000003,-141.73671410030744
3.405467407,-141.73671410030744
3.407482259,-141.73671410030744
3.409459099,-141.73676436578987
3.411458097,-141.73673085546827
3.4138426830000004,-141.73671410030744
3.4156321810000003,-141.73671410030744
3.41757752,-141.73668058998578
3.4195513560000004,-141.73673085546827
3.421577537,-141.73676436578987
3.423473989,-141.73671410030744
3.42558204,-141.73671410030744
3.427575896,-141.73676436578987
3.4295392650000003,-141.73671410030744
3.4317512420000003,-141.7367811209507
3.433525286,-141.7367811209507
3.435625098,-141.73673085546827
3.43753674,-141.73673085546827
3.4395761360000003,-141.73674761062907
3.4416223730000004,-141.73674761062907
3.443613794,-141.7367811209507
3.4455090260000003,-141.7367811209507
3.44754336,-141.73676436578987
3.4495666330000003,-141.73671410030744
3.4515162810000004,-141.73671410030744
3.4536512910000003,-141.73673085546827
3.4556022960000004,-141.73673085546827
3.457552129,-141.73673085546827
3.459480557,-141.7367811209507
3.461940856,-141.73674761062907
3.463598218,-141.73674761062907
3.4656238260000003,-141.73669734514658
3.4675251530000004,-141.73673085546827
3.469619917,-141.73668058998578
3.471561475,-141.73673085546827
3.473585508,-141.73676436578987
3.4757408140000003,-141.73676436578987
3.477731715,-141.73673085546827
3.47976002,-141.73671410030744
3.481698767,-141.73671410030744
3.4835617130000003,-141.73673085546827
3.485447666,-141.73671410030744
3.4875973470000003,-141.73671410030744
3.4894924580000004,-141.73671410030744
3.491572902,-141.73673085546827
3.493987945,-141.73671410030744
3.495713888,-141.73671410030744
3.4976727800000003,-141.73674761062907
3.499590281,-141.73671410030744
3.5015092930000002,-141.73676436578987
3.5036319060000003,-141.73671410030744
3.505706571,-141.7367811209507
3.507527155,-141.73673085546827
3.5096310300000004,-141.73673085546827
3.511475792,-141.73676436578987
3.513664598,-141.73676436578987
3.5157842350000004,-141.73669734514658
3.517559218,-141.73669734514658
3.5195445120000004,-141.73668058998578
3.5217602190000004,-141.73676436578987
3.52346546,-141.7367811209507
3.5254787960000002,-141.73673085546827
3.5274708130000003,-141.73674761062907
3.529592102,-141.73673085546827
3.531502381,-141.7367811209507
3.5336630020000004,-141.73671410030744
3.5360054740000004,-141.73671410030744
3.537736552,-141.73676436578987
3.539531358,-141.73673085546827
3.5418415220000004,-141.73676436578987
3.5436420920000002,-141.73676436578987
3.5456318600000003,-141.7367811209507
3.547834533,-141.73676436578987
3.5495648490000002,-141.73676436578987
3.55157851,-141.73671410030744
3.5539428460000004,-141.73671410030744
3.555680435,-141.73671410030744
3.557723304,-141.73671410030744
3.5596111020000003,-141.73671410030744
3.5615639900000002,-141.73671410030744
3.5635731230000003,-141.7367811209507
3.5655432850000004,-141.7367811209507
3.5675401050000004,-141.73673085546827
3.5695190820000002,-141.73671410030744
3.571539462,-141.73676436578987
3.5737996770000002,-141.73671410030744
3.5758754250000004,-141.73671410030744
3.577596584,-141.73668058998578
3.5795234760000003,-141.7367811209507
3.5815773350000004,-141.73673085546827
3.583555328,-141.73673085546827
3.585642292,-141.73671410030744
3.5875917850000003,-141.73676436578987
3.5895026490000004,-141.73673085546827
3.591530805,-141.7367811209507
3.5936373610000003,-141.73673085546827
3.5959910070000003,-141.73673085546827
3.5976905390000002,-141.73673085546827
3.5995613040000003,-141.73673085546827
3.6015722390000002,-141.7367811209507
3.6036459730000003,-141.73676436578987
3.605626876,-141.73676436578987
3.6075103320000004,-141.73676436578987
3.6097707710000004,-141.73673085546827
3.611645165,-141.73674761062907
3.6136277310000002,-141.73676436578987
3.6156672710000004,-141.73676436578987
3.6176141790000003,-141.73676436578987
3.619586565,-141.73676436578987
3.621443993,-141.73673085546827
3.6236230590000003,-141.73673085546827
3.6258186240000003,-141.73676436578987
3.627515738,-141.73676436578987
3.629606153,-141.73673085546827
3.6317985270000004,-141.73674761062907
3.633744456,-141.73674761062907
3.635709298,-141.73673085546827
3.637717093,-141.73673085546827
3.639574612,-141.7367811209507
3.6416863320000004,-141.73673085546827
3.6435079160000003,-141.73669734514658
3.6455083530000003,-141.73673085546827
3.647623658,-141.7367811209507
3.6495859690000003,-141.73671410030744
3.6515600530000003,-141.73673085546827
3.653594747,-141.73671410030744
3.6557774070000004,-141.73671410030744
3.657599857,-141.73676436578987
3.6595630970000004,-141.73676436578987
3.6616181180000003,-141.73671410030744
3.663495209,-141.73673085546827
3.665501486,-141.73671410030744
3.6675952670000003,-141.73671410030744
3.669459637,-141.73673085546827
3.67155485,-141.7367811209507
3.6738136430000004,-141.73676436578987
3.675706953,-141.73676436578987
3.677573105,-141.73671410030744
3.679601593,-141.73668058998578
3.6817971800000002,-141.73673085546827
3.6836508390000002,-141.73673085546827
3.6856184150000004,-141.73666383482498
3.687540461,-141.73673085546827
3.689495287,-141.73676436578987
3.691520086,-141.73673085546827
3.693569264,-141.73673085546827
3.695753314,-141.73673085546827
3.697664532,-141.73676436578987
3.699568407,-141.73671410030744
3.701651517,-141.73676436578987
3.7035378800000003,-141.73676436578987
3.705512602,-141.73676436578987
3.7075363,-141.73673085546827
3.709485801,-141.73673085546827
3.7115505850000003,-141.73669734514658
3.713646515,-141.73676436578987
3.715685725,-141.73676436578987
3.7175588920000004,-141.73673085546827
3.7195025470000003,-141.73671410030744
3.7214878450000004,-141.73676436578987
3.7234649380000002,-141.73673085546827
3.725563601,-141.73676436578987
3.7275620390000004,-141.7367811209507
3.7295171770000004,-141.7367811209507
3.7314875260000004,-141.73671410030744
3.733598745,-141.73673085546827
3.735795474,-141.73673085546827
3.737678213,-141.73671410030744
3.7394833370000002,-141.73671410030744
3.741750424,-141.73673085546827
3.74376209,-141.73668058998578
3.7459020520000004,-141.73668058998578
3.7475393080000003,-141.73676436578987
3.749552827,-141.73668058998578
3.751832588,-141.73673085546827
3.753671615,-141.73673085546827
3.755843215,-141.73673085546827
3.7577467930000004,-141.73673085546827
3.7595332790000002,-141.73674761062907
3.7615083100000004,-141.73671410030744
3.763552776,-141.73673085546827
3.7655556050000003,-141.73673085546827
3.7675680380000003,-141.73673085546827
3.7695134890000004,-141.73673085546827
3.7715914710000003,-141.73673085546827
3.773787946,-141.73673085546827
3.775583151,-141.73673085546827
3.7776379060000003,-141.73673085546827
3.7794969440000004,-141.73673085546827
3.7814718060000003,-141.73673085546827
3.783512377,-141.73671410030744
3.7855824470000004,-141.73676436578987
3.787458162,-141.73673085546827
3.789488346,-141.73676436578987
3.791469665,-141.73671410030744
3.7935926650000003,-141.7367811209507
3.795659193,-141.7367811209507
3.797559659,-141.73668058998578
3.7995516360000003,-141.73668058998578
3.801486532,-141.73673085546827
3.8035227600000003,-141.73671410030744
3.805544509,-141.73673085546827
3.8075044310000004,-141.73676436578987
3.809564776,-141.73671410030744
3.8117069690000003,-141.73676436578987
3.8135470490000003,-141.73676436578987
3.8156483530000003,-141.73671410030744
3.817513792,-141.73671410030744
3.819526493,-141.73673085546827
3.8214783900000002,-141.7367811209507
3.8234533340000003,-141.73673085546827
3.825469945,-141.73673085546827
3.8275004750000003,-141.73673085546827
3.8295336370000004,-141.73673085546827
3.831499979,-141.7367811209507
3.8336396400000003,-141.7367811209507
3.835632062,-141.73674761062907
3.837553331,-141.73674761062907
3.839512682,-141.73671410030744
3.8414837470000003,-141.73671410030744
3.8435239880000003,-141.73676436578987
3.845490798,-141.73676436578987
3.8475045310000002,-141.73673085546827
3.8495170670000003,-141.73673085546827
3.8514894010000003,-141.7367811209507
3.853595807,-141.73671410030744
3.8555788520000003,-141.73671410030744
3.8575953000000003,-141.73671410030744
3.8595183050000004,-141.73671410030744
3.8615216740000005,-141.73673085546827
3.8634655830000004,-141.73673085546827
3.8655154940000003,-141.73674761062907
3.8674770190000003,-141.73673085546827
3.8695562060000004,-141.73671410030744
3.8714819480000005,-141.73673085546827
3.873685302,-141.73673085546827
3.8757888690000004,-141.73673085546827
3.8775179310000003,-141.73673085546827
3.879520169,-141.73673085546827
3.8815270890000004,-141.73673085546827
3.883494225,-141.73673085546827
3.8854816530000003,-141.73673085546827
3.8875368010000004,-141.73673085546827
3.889537987,-141.73673085546827
3.891519181,-141.73673085546827
3.893561587,-141.7367811209507
3.895609014,-141.7367811209507
3.8975516530000003,-141.73671410030744
3.899524416,-141.73671410030744
3.901501962,-141.73674761062907
3.9034580350000003,-141.73673085546827
3.9056253460000003,-141.7367811209507
3.907532422,-141.7367811209507
3.909512406,-141.73673085546827
3.9115601620000002,-141.73671410030744
3.913503162,-141.73674761062907
3.9156306260000004,-141.73674761062907
3.917571027,-141.7367811209507
3.9195115620000003,-141.7367811209507
3.9214880630000004,-141.73671410030744
3.923526031,-141.73676436578987
3.9256965850000003,-141.73671410030744
3.927496891,-141.73671410030744
3.9294682510000003,-141.73671410030744
3.931504943,-141.73671410030744
3.9337999430000004,-141.73673085546827
3.935624338,-141.73673085546827
3.93756509,-141.73668058998578
3.9396431260000004,-141.73668058998578
3.9414906110000003,-141.73673085546827
3.9434742650000003,-141.73673085546827
3.945503212,-141.73673085546827
3.9475182610000004,-141.73676436578987
3.949554539,-141.73673085546827
3.9515087280000003,-141.7367811209507
3.9535764620000005,-141.73673085546827
3.955617777,-141.73673085546827
3.9575550180000003,-141.73676436578987
3.9595093610000003,-141.73676436578987
3.9615157730000004,-141.73676436578987
3.9634664120000003,-141.73671410030744
3.9655308920000003,-141.7367811209507
3.967485105,-141.73676436578987
3.9695809100000004,-141.7367811209507
3.971496639,-141.73676436578987
3.9735489060000004,-141.73671410030744
3.975631229,-141.73671410030744
3.9775993030000003,-141.7367811209507
3.979628909,-141.7367811209507
3.9815206570000004,-141.73671410030744
3.983517823,-141.73671410030744
3.9855165790000004,-141.73679787611152
3.987488701,-141.73668058998578
3.9895554210000004,-141.73668058998578
3.991466512,-141.73676436578987
3.993496604,-141.73676436578987
3.9956680010000003,-141.7367811209507
3.9975367590000004,-141.7367811209507
3.9995232880000002,-141.73673085546827
4.001472672,-141.73674761062907
4.003454123,-141.73674761062907
4.00547755,-141.73676436578987
4.007516011,-141.73673085546827
4.009590288,-141.73673085546827
4.011524925000001,-141.73671410030744
4.0137128230000005,-141.7367811209507
4.015600128,-141.7367811209507
4.017638467,-141.73673085546827
4.0196464700000005,-141.73673085546827
4.021657714,-141.73671410030744
4.0238744550000005,-141.7367811209507
4.025722054,-141.73674761062907
4.027998902,-141.73674761062907
4.029637637,-141.73674761062907
4.0316918390000005,-141.73673085546827
4.033522941,-141.73673085546827
4.035771092,-141.73668058998578
4.037634998000001,-141.73668058998578
4.0395669210000005,-141.73676436578987
4.041724119,-141.73673085546827
4.043751351,-141.73676436578987
4.045733295000001,-141.73676436578987
4.047576709,-141.7367811209507
4.049924097,-141.7367811209507
4.051574385,-141.73673085546827
4.053669045,-141.73674761062907
4.055739362000001,-141.73674761062907
4.057618437,-141.73671410030744
4.059628978,-141.73669734514658
4.061560654,-141.73676436578987
4.063612386,-141.73673085546827
4.065608321,-141.73676436578987
4.067465565,-141.73671410030744
4.069548329,-141.73673085546827
4.071490933000001,-141.73673085546827
4.073595912,-141.7367811209507
4.075726728,-141.7367811209507
4.077704875,-141.73673085546827
4.079666272,-141.73674761062907
4.081957852,-141.73674761062907
4.083575678,-141.73674761062907
4.0855563560000006,-141.73671410030744
4.087582129,-141.73673085546827
4.0896879760000004,-141.73673085546827
4.09156198,-141.73671410030744
4.093587577,-141.73673085546827
4.095748543,-141.73673085546827
4.097701088,-141.73674761062907
4.099539384,-141.73668058998578
4.10165324,-141.73674761062907
4.10368277,-141.73673085546827
4.105620061000001,-141.73673085546827
4.107673152,-141.73676436578987
4.109693155,-141.73674761062907
4.111664502,-141.7367811209507
4.113579544,-141.73676436578987
4.115858565,-141.73676436578987
4.1176265370000005,-141.73676436578987
4.119635379,-141.73673085546827
4.121545869,-141.73676436578987
4.123565366,-141.7367811209507
4.125551456,-141.73676436578987
4.127535058,-141.73671410030744
4.129561037,-141.73671410030744
4.131500836,-141.73676436578987
4.133497692000001,-141.73676436578987
4.135601418,-141.73676436578987
4.137652511000001,-141.73676436578987
4.1396449550000005,-141.7367811209507
4.141509687,-141.73673085546827
4.1435161240000005,-141.73669734514658
4.145765355,-141.73673085546827
4.1475818,-141.73673085546827
4.149536855,-141.73671410030744
4.151617902,-141.73671410030744
4.1535736210000005,-141.73674761062907
4.155682904,-141.73674761062907
4.157680225,-141.73673085546827
4.159712756,-141.73671410030744
4.161630435,-141.73676436578987
4.163668997,-141.73671410030744
4.1656248620000005,-141.73674761062907
4.167522391,-141.73671410030744
4.169511172,-141.73673085546827
4.171600935,-141.73671410030744
4.173533278,-141.73676436578987
4.175727082,-141.73673085546827
4.177515319,-141.73673085546827
4.1794935870000005,-141.73669734514658
4.1815028540000005,-141.73673085546827
4.183529859,-141.7367811209507
4.185522762000001,-141.73676436578987
4.1874902060000005,-141.7367811209507
4.189476001,-141.73671410030744
4.191467092,-141.73671410030744
4.193580697000001,-141.73671410030744
4.195586372,-141.73671410030744
4.197514128,-141.73673085546827
4.1995376900000005,-141.73676436578987
4.201578249000001,-141.73671410030744
4.203512971,-141.73673085546827
4.205468034,-141.73676436578987
4.2074925610000005,-141.73671410030744
4.209502994,-141.73673085546827
4.211519330000001,-141.73671410030744
4.2135433,-141.7367811209507
4.215768351,-141.7367811209507
4.217548016,-141.73674761062907
4.219473707000001,-141.73676436578987
4.221617286,-141.73673085546827
4.223530800000001,-141.73676436578987
4.22569687,-141.73674761062907
4.227539408,-141.73674761062907
4.2295097440000005,-141.73671410030744
4.2314978420000005,-141.73671410030744
4.233505669,-141.73671410030744
4.2357731670000005,-141.73671410030744
4.237632005,-141.73676436578987
4.239613439,-141.73671410030744
4.2416167830000004,-141.73676436578987
4.243510936,-141.73673085546827
4.245487957,-141.73674761062907
4.247498973,-141.73676436578987
4.249672208000001,-141.73671410030744
4.2514794920000005,-141.73673085546827
4.253602645,-141.73676436578987
4.2561983340000005,-141.73676436578987
4.257596881,-141.73676436578987
4.259571458,-141.73673085546827
4.261546572,-141.73676436578987
4.263691072,-141.73671410030744
4.265497964000001,-141.73671410030744
4.267524691,-141.7367811209507
4.269517228000001,-141.73674761062907
4.271760509,-141.73674761062907
4.273676554000001,-141.73674761062907
4.275752636,-141.73673085546827
4.27759262,-141.73673085546827
4.279515122,-141.73673085546827
4.281503691,-141.73673085546827
4.283549355,-141.73673085546827
4.2855194370000005,-141.73676436578987
4.287479971000001,-141.73673085546827
4.2894861330000005,-141.73668058998578
4.291501938000001,-141.73673085546827
4.293581867,-141.73676436578987
4.295777013,-141.73671410030744
4.297645228,-141.73671410030744
4.299752704,-141.7367811209507
4.301663335000001,-141.73673085546827
4.303550252,-141.73674761062907
4.305536251,-141.73669734514658
4.307599591000001,-141.73669734514658
4.309619707,-141.7367811209507
4.311582027,-141.73674761062907
4.313820828,-141.73673085546827
4.315579917,-141.73673085546827
4.317537487,-141.73673085546827
4.31953544,-141.73673085546827
4.321506562000001,-141.73674761062907
4.323765043,-141.73674761062907
4.3255657880000005,-141.73676436578987
4.327595467,-141.73673085546827
4.3296071640000005,-141.73673085546827
4.331491795000001,-141.73676436578987
4.333621356,-141.73676436578987
4.335583709000001,-141.73676436578987
4.3375763670000005,-141.73673085546827
4.339511071,-141.73671410030744
4.341519377,-141.73676436578987
4.343503459,-141.73673085546827
4.345479983000001,-141.73676436578987
4.348216829,-141.73668058998578
4.349619161000001,-141.73668058998578
4.351736024,-141.7367811209507
4.353673254,-141.7367811209507
4.355660235,-141.73671410030744
4.357528311,-141.73671410030744
4.359518264,-141.73676436578987
4.361485788,-141.7367811209507
4.363498741,-141.73671410030744
4.365770788,-141.7367811209507
4.36751941,-141.7367811209507
4.369533699000001,-141.73673085546827
4.371594153,-141.73673085546827
4.373633077,-141.73671410030744
4.375648388,-141.73671410030744
4.3775905900000005,-141.73674761062907
4.379546425,-141.73674761062907
4.381511914,-141.73671410030744
4.383585391,-141.7367811209507
4.385525375,-141.73673085546827
4.387442126,-141.73668058998578
4.389502825,-141.73676436578987
4.391517772,-141.73676436578987
4.39355875,-141.73669734514658
4.3956349910000005,-141.73669734514658
4.397564567,-141.73673085546827
4.399488548,-141.73669734514658
4.401501542,-141.73674761062907
4.4034957640000005,-141.73671410030744
4.405477423000001,-141.73676436578987
4.407519926,-141.73676436578987
4.409511446000001,-141.7367811209507
4.41152775,-141.73673085546827
4.413633131,-141.73673085546827
4.415651443000001,-141.73673085546827
4.4175461,-141.73673085546827
4.419512725000001,-141.73676436578987
4.421535606,-141.73674761062907
4.423657907,-141.73676436578987
4.425595982,-141.73671410030744
4.427574202000001,-141.73671410030744
4.429499901000001,-141.7367811209507
4.431471102000001,-141.73671410030744
4.433680823,-141.73676436578987
4.435777903,-141.73676436578987
4.43756269,-141.7367811209507
4.439534998,-141.7367811209507
4.441551679000001,-141.73674761062907
4.443507172,-141.73674761062907
4.445484536,-141.7367811209507
4.4474825760000005,-141.73671410030744
4.449674605,-141.73671410030744
4.4516301170000006,-141.73671410030744
4.453542809,-141.73673085546827
4.455710387,-141.73668058998578
4.4578236250000005,-141.73668058998578
4.459550102000001,-141.73671410030744
4.46161588,-141.73673085546827
4.4636335240000005,-141.73674761062907
4.465627656000001,-141.7367811209507
4.467651384,-141.73673085546827
4.469584322,-141.73673085546827
4.471568354,-141.73673085546827
4.473559358,-141.73676436578987
4.475729221,-141.73671410030744
4.47755129,-141.73671410030744
4.479525422,-141.73676436578987
4.481814047,-141.73676436578987
4.483521921,-141.73676436578987
4.485530303,-141.73676436578987
4.487542499,-141.73673085546827
4.489478793,-141.7367811209507
4.491467966,-141.73673085546827
4.493584932,-141.73673085546827
4.495647806,-141.73673085546827
4.497552086000001,-141.73676436578987
4.499598898,-141.7367811209507
4.501692496,-141.73673085546827
4.503495534000001,-141.73673085546827
4.505496323,-141.73673085546827
4.507525632,-141.73676436578987
4.50981974,-141.73671410030744
4.511529326000001,-141.73671410030744
4.513847741,-141.7367811209507
4.5155604480000004,-141.7367811209507
4.51754236,-141.73671410030744
4.519568828000001,-141.73676436578987
4.521563336000001,-141.73676436578987
4.523547559000001,-141.73676436578987
4.525511403,-141.73671410030744
4.527529374,-141.73673085546827
4.529484569,-141.73676436578987
4.531506076,-141.73676436578987
4.533811471,-141.73671410030744
4.535581535,-141.73671410030744
4.537592707,-141.73676436578987
4.539608714,-141.73674761062907
4.541617597,-141.73674761062907
4.543611792,-141.73673085546827
4.54556798,-141.7367811209507
4.547554968,-141.73676436578987
4.549813857,-141.73676436578987
4.551725253,-141.7367811209507
4.553651974,-141.7367811209507
4.555734051,-141.7367811209507
4.55756894,-141.73676436578987
4.55985434,-141.7367811209507
4.5618870330000005,-141.7367811209507
4.563554807,-141.73673085546827
4.565507709,-141.73673085546827
4.567645570000001,-141.73674761062907
4.5695018560000005,-141.73669734514658
4.571466727000001,-141.73669734514658
4.573596166000001,-141.73676436578987
4.575709077,-141.73676436578987
4.577710995,-141.73671410030744
4.579519687,-141.73674761062907
4.581593981,-141.73676436578987
4.583577932,-141.73676436578987
4.585474822,-141.73671410030744
4.58750278,-141.73671410030744
4.589541192,-141.73674761062907
4.59149648,-141.73671410030744
4.59359508,-141.73671410030744
4.595624654,-141.73671410030744
4.59753875,-141.73666383482498
4.599519023,-141.73671410030744
4.601523388,-141.73671410030744
4.603492153,-141.73669734514658
4.605507634,-141.7367811209507
4.6075085520000005,-141.73676436578987
4.609529483,-141.73674761062907
4.611485412,-141.73676436578987
4.6135984830000005,-141.73676436578987
4.6158601720000005,-141.73676436578987
4.6175925520000005,-141.73671410030744
4.619528578000001,-141.73671410030744
4.621606529,-141.73671410030744
4.623484124,-141.73676436578987
4.625560901,-141.73671410030744
4.627494233,-141.73673085546827
4.62947798,-141.73671410030744
4.631495738,-141.73673085546827
4.633624778000001,-141.73671410030744
4.635636468,-141.73671410030744
4.637566984,-141.73673085546827
4.639572922,-141.73673085546827
4.64153905,-141.73671410030744
4.6435018040000005,-141.73676436578987
4.645473298000001,-141.73673085546827
4.64747269,-141.73671410030744
4.649478106,-141.73671410030744
4.651467925,-141.73671410030744
4.653608391000001,-141.73673085546827
4.655651547000001,-141.73673085546827
4.6575301090000005,-141.7367811209507
4.659512386,-141.73671410030744
4.661466354,-141.73668058998578
4.663505487,-141.73668058998578
4.665509432,-141.73673085546827
4.6675151370000005,-141.73676436578987
4.669569346,-141.73671410030744
4.6714821220000005,-141.73676436578987
4.673591625,-141.73671410030744
4.675742492,-141.73671410030744
4.677534528000001,-141.7367811209507
4.679520043,-141.73671410030744
4.681532358,-141.73674761062907
4.683517255,-141.73673085546827
4.685496924000001,-141.73671410030744
4.687486612000001,-141.73673085546827
4.689559717,-141.73671410030744
4.691479561,-141.73673085546827
4.693596427,-141.73673085546827
4.695567199,-141.73673085546827
4.697525134,-141.73671410030744
4.699507068,-141.73676436578987
4.701594872,-141.73673085546827
4.703621825,-141.73673085546827
4.7055205440000005,-141.73673085546827
4.7075002370000005,-141.73673085546827
4.709557591,-141.73676436578987
4.711518897,-141.73668058998578
4.7137615010000005,-141.73673085546827
4.715608943,-141.73673085546827
4.717559724,-141.73671410030744
4.719607805,-141.73679787611152
4.721567665,-141.73671410030744
4.723516739,-141.73671410030744
4.725520397,-141.73673085546827
4.727502215,-141.73671410030744
4.729489694000001,-141.73676436578987
4.731493400000001,-141.73673085546827
4.733703468,-141.73676436578987
4.736012008,-141.73676436578987
4.737607985,-141.73673085546827
4.7395569250000005,-141.73671410030744
4.741497476,-141.73676436578987
4.743479935,-141.73673085546827
4.745575554,-141.73671410030744
4.747483596,-141.73673085546827
4.7495169310000005,-141.73673085546827
4.751582205,-141.73673085546827
4.753622563,-141.73673085546827
4.755651293000001,-141.73673085546827
4.757550333,-141.73673085546827
4.759528238000001,-141.73676436578987
4.761473277,-141.73676436578987
4.763579479000001,-141.73673085546827
4.765522637,-141.73673085546827
4.767484413,-141.73673085546827
4.769480489,-141.73673085546827
4.771497127,-141.73669734514658
4.773606298000001,-141.73671410030744
4.775888050000001,-141.73671410030744
4.7775501600000005,-141.73671410030744
4.779582444,-141.73676436578987
4.781552110000001,-141.73676436578987
4.783496889,-141.73676436578987
4.785485017,-141.73671410030744
4.787502450000001,-141.73676436578987
4.78949313,-141.73669734514658
4.791473636,-141.73676436578987
4.793563828,-141.73673085546827
4.795669574000001,-141.73673085546827
4.797562591,-141.73676436578987
4.7995086780000005,-141.73676436578987
4.801620841,-141.73676436578987
4.8034989370000005,-141.73676436578987
4.805501114,-141.73671410030744
4.807510362,-141.73671410030744
4.809505796000001,-141.73671410030744
4.811484957,-141.73671410030744
4.813651507,-141.73671410030744
4.815645966,-141.73676436578987
4.817528308,-141.73676436578987
4.8195563660000005,-141.73673085546827
4.821478465,-141.73673085546827
4.823497015,-141.73671410030744
4.825526911,-141.73671410030744
4.827500555,-141.73666383482498
4.829485515,-141.73673085546827
4.831544028000001,-141.73676436578987
4.833557751000001,-141.73671410030744
4.8356190770000005,-141.73671410030744
4.8375421,-141.73673085546827
4.839527534,-141.73669734514658
4.8415939,-141.73673085546827
4.843620547,-141.73671410030744
4.845578402,-141.73671410030744
4.847473403,-141.73671410030744
4.849516097,-141.73674761062907
4.851464987,-141.73671410030744
4.853690268,-141.73673085546827
4.855621646,-141.73673085546827
4.857553849,-141.73673085546827
4.859477226,-141.73671410030744
4.861503162,-141.73674761062907
4.8634890980000005,-141.73673085546827
4.865467454,-141.73673085546827
4.867503121,-141.73676436578987
4.869499781,-141.73674761062907
4.87150216,-141.73676436578987
4.873727967000001,-141.73668058998578
4.875681695,-141.73668058998578
4.877583898,-141.73671410030744
4.879606422,-141.73676436578987
4.881599073,-141.73671410030744
4.883581973,-141.73673085546827
4.885508319,-141.73671410030744
4.887502798,-141.73676436578987
4.889466545,-141.73676436578987
4.8914524340000005,-141.73671410030744
4.893570178,-141.73673085546827
4.895645337,-141.73673085546827
4.897548078000001,-141.73671410030744
4.899516226,-141.73673085546827
4.901496819,-141.73676436578987
4.903450961,-141.73671410030744
4.905526712,-141.73673085546827
4.907478237,-141.73671410030744
4.909508786,-141.73676436578987
4.911513852000001,-141.73676436578987
4.91368789,-141.7367811209507
4.915620348,-141.7367811209507
4.917607231000001,-141.73676436578987
4.919584043,-141.73671410030744
4.921479776,-141.73671410030744
4.923514403,-141.73673085546827
4.925597471000001,-141.73671410030744
4.927865431000001,-141.73676436578987
4.929663316,-141.73676436578987
4.93156745,-141.73676436578987
4.933741454000001,-141.73676436578987
4.935624576,-141.73676436578987
4.937632622000001,-141.73676436578987
4.939557747,-141.73673085546827
4.941769389,-141.73673085546827
4.943522475,-141.73673085546827
4.945510831,-141.73674761062907
4.947513947,-141.73676436578987
4.949478421,-141.73676436578987
4.95152123,-141.73671410030744
4.95353854,-141.73673085546827
4.955792784000001,-141.73673085546827
4.957527737,-141.73673085546827
4.959529361,-141.73671410030744
4.961540028,-141.7367811209507
4.963537426,-141.73676436578987
4.965503011,-141.7367811209507
4.967630069,-141.73669734514658
4.969578567,-141.73679787611152
4.9714674500000005,-141.73673085546827
4.973585197,-141.73671410030744
4.975861865000001,-141.73671410030744
4.97770383,-141.73671410030744
4.979637576,-141.7367811209507
4.981599189000001,-141.73674761062907
4.983702337,-141.73671410030744
4.985541078000001,-141.73673085546827
4.987544866,-141.73676436578987
4.989471804,-141.73671410030744
4.991541853,-141.73676436578987
4.993622043,-141.73671410030744
4.995869634,-141.73671410030744
4.997710628,-141.73674761062907
4.999701967,-141.73666383482498
5.001512649,-141.73674761062907
5.003535156,-141.73669734514658
5.005472916,-141.73671410030744
5.007554451000001,-141.73673085546827
5.009590198000001,-141.73673085546827
5.011537757,-141.73673085546827
5.013831914000001,-141.73669734514658
5.015773348000001,-141.73669734514658
5.017643199,-141.73673085546827
5.019569666000001,-141.73673085546827
5.021811481,-141.73669734514658
5.023551463,-141.73669734514658
5.025533208000001,-141.73671410030744
5.027548063,-141.73673085546827
5.029557119000001,-141.73673085546827
5.031609706,-141.73673085546827
5.033841194000001,-141.7367811209507
5.035587957000001,-141.7367811209507
5.037537754000001,-141.73671410030744
5.039634579,-141.73673085546827
5.041529848000001,-141.73673085546827
5.043543394,-141.73671410030744
5.045502529,-141.73666383482498
5.047454909000001,-141.73671410030744
5.049485639,-141.7367811209507
5.051450262,-141.73671410030744
5.053607942,-141.73673085546827
5.055772922,-141.73673085546827
5.057525,-141.73676436578987
5.059507445,-141.73671410030744
5.061518601,-141.73671410030744
5.063511849,-141.73673085546827
5.065485295,-141.7367811209507
5.067579798000001,-141.73671410030744
5.069558249,-141.73674761062907
5.071774749,-141.73676436578987
5.073708917,-141.73676436578987
5.0756257190000005,-141.73671410030744
5.077632244,-141.73671410030744
5.079565883,-141.73671410030744
5.081539424000001,-141.73671410030744
5.0835230330000005,-141.73673085546827
5.085519028,-141.73671410030744
5.087524396,-141.73676436578987
5.089509195000001,-141.73673085546827
5.091489786,-141.73673085546827
5.093738744,-141.73674761062907
5.095752701,-141.73674761062907
5.097713114,-141.73676436578987
5.0995569210000005,-141.7367811209507
5.101521891,-141.73673085546827
5.103533198,-141.73671410030744
5.105661216000001,-141.73668058998578
5.107506311000001,-141.73673085546827
5.109631869,-141.73673085546827
5.111616667000001,-141.73674761062907
5.113829340000001,-141.73676436578987
5.115573478,-141.73676436578987
5.117564189,-141.73668058998578
5.119583464000001,-141.73673085546827
5.121483388000001,-141.73669734514658
5.123520088,-141.7367811209507
5.125585745,-141.73671410030744
5.127516392,-141.73676436578987
5.129523882,-141.73671410030744
5.131485072,-141.73673085546827
5.133747993,-141.73673085546827
5.135576686,-141.73673085546827
5.137554313000001,-141.73668058998578
5.139530727,-141.73668058998578
5.141518847,-141.73671410030744
5.143482964,-141.73673085546827
5.145485164,-141.73676436578987
5.147472047,-141.73673085546827
5.1494952220000005,-141.73673085546827
5.151670769000001,-141.7367811209507
5.153727126000001,-141.7367811209507
5.1557548760000005,-141.73673085546827
5.157679152,-141.73673085546827
5.159644396,-141.73671410030744
5.1615503050000004,-141.73673085546827
5.163609711,-141.73671410030744
5.165653042000001,-141.7367811209507
5.167599164,-141.73673085546827
5.1695657740000005,-141.73674761062907
5.171634770000001,-141.73671410030744
5.173710316,-141.73673085546827
5.175620834,-141.73673085546827
5.1776688040000005,-141.73674761062907
5.1797092010000005,-141.73676436578987
5.181624402000001,-141.73676436578987
5.183553177,-141.73673085546827
5.185686608,-141.73676436578987
5.1875745140000005,-141.73673085546827
5.189671871000001,-141.73676436578987
5.191568388,-141.73673085546827
5.193515108000001,-141.7367811209507
5.195783295,-141.73671410030744
5.197671719000001,-141.73671410030744
5.199543292,-141.7367811209507
5.201662748,-141.73668058998578
5.203549737,-141.73673085546827
5.205533709,-141.73673085546827
5.207602065000001,-141.7367811209507
5.209557656,-141.73673085546827
5.211626816,-141.73671410030744
5.213646737,-141.73676436578987
5.215769063000001,-141.73676436578987
5.2176333900000005,-141.73676436578987
5.219648665,-141.73671410030744
5.221653105000001,-141.73671410030744
5.223575608,-141.73674761062907
5.225612740000001,-141.73673085546827
5.227527794,-141.73669734514658
5.22953137,-141.73673085546827
5.231496915,-141.73673085546827
5.233573982,-141.73671410030744
5.235739228,-141.73671410030744
5.237670959,-141.73673085546827
5.239649402,-141.73673085546827
5.2415394950000005,-141.73668058998578
5.2436141990000005,-141.7367811209507
5.245598171,-141.73671410030744
5.247531576,-141.73671410030744
5.24951437,-141.73673085546827
5.251513149,-141.73676436578987
5.2534719270000005,-141.73673085546827
5.255690308,-141.73676436578987
5.257600652000001,-141.73676436578987
5.259542538000001,-141.73673085546827
5.261585943,-141.73676436578987
5.263547384000001,-141.73671410030744
5.2655097390000005,-141.73673085546827
5.267555115,-141.73671410030744
5.269592912,-141.73673085546827
5.271465643,-141.73673085546827
5.273557981000001,-141.73673085546827
5.275638221,-141.73673085546827
5.277557900000001,-141.73671410030744
5.279568528,-141.73671410030744
5.281675175,-141.73668058998578
5.2836725940000004,-141.73668058998578
5.285535735000001,-141.73673085546827
5.28760237,-141.73673085546827
5.289507433000001,-141.73676436578987
5.291481895,-141.73671410030744
5.2935614300000005,-141.73668058998578
5.295726818,-141.73673085546827
5.297530339000001,-141.73673085546827
5.299699169,-141.73673085546827
5.30151429,-141.73674761062907
5.3036924260000005,-141.73676436578987
5.305566407000001,-141.73671410030744
5.3076264360000005,-141.73668058998578
5.309726761,-141.73671410030744
5.3115806050000005,-141.73671410030744
5.313544863000001,-141.73674761062907
5.315923021000001,-141.73671410030744
5.317772886,-141.73671410030744
5.319555940000001,-141.73671410030744
5.321625495,-141.73671410030744
5.323563804,-141.73674761062907
5.3255718960000005,-141.73676436578987
5.327626088000001,-141.73673085546827
5.329628308,-141.73673085546827
5.331533960000001,-141.73676436578987
5.3335515870000005,-141.7367811209507
5.335711139000001,-141.7367811209507
5.337643203000001,-141.73673085546827
5.339594512000001,-141.73673085546827
5.3417349960000005,-141.73671410030744
5.34391232,-141.73673085546827
5.345639793,-141.73673085546827
5.3476398110000005,-141.73671410030744
5.349595288000001,-141.73673085546827
5.351609848000001,-141.73671410030744
5.353761533,-141.73676436578987
5.3556547430000006,-141.73676436578987
5.357646221,-141.73676436578987
5.359711671,-141.73671410030744
5.361492551,-141.73671410030744
5.363595053,-141.73673085546827
5.365638538000001,-141.73671410030744
5.367482399,-141.73674761062907
5.369525349,-141.73673085546827
5.371561935,-141.73671410030744
5.3739491710000005,-141.73673085546827
5.3755964480000005,-141.73673085546827
5.3776022580000005,-141.73669734514658
5.379661491,-141.73673085546827
5.3816424000000005,-141.73676436578987
5.383504032,-141.73671410030744
5.385527862,-141.73671410030744
5.387610949,-141.73671410030744
5.3894930080000005,-141.73671410030744
5.391575544,-141.73676436578987
5.3939053370000005,-141.73673085546827
5.395628766000001,-141.73673085546827
5.397650134,-141.73673085546827
5.399756656,-141.73673085546827
5.4016588070000005,-141.73673085546827
5.403518179000001,-141.73673085546827
5.405510845,-141.73671410030744
5.407558807,-141.73673085546827
5.409633319,-141.73671410030744
5.41159398,-141.73671410030744
5.413581401,-141.73676436578987
5.415729981,-141.73676436578987
5.4176251970000004,-141.73673085546827
5.419562818,-141.73671410030744
5.421519018000001,-141.73673085546827
5.423512991,-141.73673085546827
5.425784113000001,-141.7367811209507
5.427563703000001,-141.7367811209507
5.429628686,-141.73673085546827
5.43154367,-141.73671410030744
5.433695257,-141.73674761062907
5.4357567950000005,-141.73674761062907
5.437525091,-141.73671410030744
5.439647606,-141.73671410030744
5.44150866,-141.73673085546827
5.443485261,-141.73671410030744
5.445512482000001,-141.73673085546827
5.447727088000001,-141.73674761062907
5.4495365190000005,-141.73676436578987
5.451627778000001,-141.73673085546827
5.453721156,-141.73671410030744
5.4556591160000005,-141.73671410030744
5.457545893000001,-141.73673085546827
5.459580889000001,-141.73669734514658
5.461557434,-141.73673085546827
5.463505884,-141.73671410030744
5.465582685,-141.73671410030744
5.4675414600000005,-141.73671410030744
5.469540401000001,-141.73673085546827
5.471506763000001,-141.73673085546827
5.473750413,-141.7367811209507
5.475615478,-141.7367811209507
5.477548988000001,-141.73674761062907
5.479562785000001,-141.73673085546827
5.481537739,-141.73673085546827
5.483528349,-141.73676436578987
5.485480344,-141.73671410030744
5.48758876,-141.73676436578987
5.489564827000001,-141.73671410030744
5.491484028,-141.73673085546827
5.493637130000001,-141.73676436578987
5.495587405,-141.73676436578987
5.49766446,-141.73671410030744
5.499608135000001,-141.73671410030744
5.501892933000001,-141.73668058998578
5.503555586,-141.73668058998578
5.505547180000001,-141.73673085546827
5.507646993000001,-141.73671410030744
5.509638514000001,-141.73669734514658
5.511809793,-141.73673085546827
5.513650749,-141.7367811209507
5.515641427,-141.7367811209507
5.5175671170000005,-141.73671410030744
5.519520251,-141.73669734514658
5.521617523000001,-141.73671410030744
5.523475132000001,-141.73676436578987
5.525556291,-141.73671410030744
5.5275234300000005,-141.73671410030744
5.529530026000001,-141.73673085546827
5.531639936,-141.73671410030744
5.533838569,-141.73671410030744
5.53580338,-141.73671410030744
5.537712845000001,-141.73673085546827
5.539678135,-141.73673085546827
5.5417372,-141.73673085546827
5.543680719,-141.73673085546827
5.545565477,-141.73676436578987
5.54775779,-141.73676436578987
5.549535383,-141.73668058998578
5.551561477,-141.73674761062907
5.5537860740000005,-141.73673085546827
5.555750772000001,-141.73673085546827
5.557576983000001,-141.73673085546827
5.559631408,-141.73676436578987
5.561565881,-141.73676436578987
5.563618424,-141.73671410030744
5.565548627,-141.7367811209507
5.567701391,-141.73671410030744
5.569605615,-141.73671410030744
5.571664811000001,-141.73671410030744
5.573734996000001,-141.73671410030744
5.575761333,-141.73671410030744
5.577818204000001,-141.73671410030744
5.579734940000001,-141.73676436578987
5.581839402,-141.73673085546827
5.5838282,-141.73673085546827
5.58560124,-141.73673085546827
5.587692294,-141.73673085546827
5.589626107,-141.73671410030744
5.591609591,-141.73673085546827
5.593943276,-141.73674761062907
5.596014082,-141.73674761062907
5.597790302,-141.73674761062907
5.599617397,-141.73671410030744
5.601785802,-141.73671410030744
5.6037002330000005,-141.7367811209507
5.6056796,-141.73673085546827
5.607742353000001,-141.73671410030744
5.609634126,-141.73674761062907
5.611677785,-141.73671410030744
5.613935382,-141.73673085546827
5.615774533000001,-141.73673085546827
5.6176950450000005,-141.73674761062907
5.619662911000001,-141.7367811209507
5.621872598,-141.73668058998578
5.623684604,-141.73674761062907
5.625660266000001,-141.73676436578987
5.627727128,-141.73673085546827
5.629671803,-141.73673085546827
5.631744092,-141.7367811209507
5.634188795,-141.73676436578987
5.635642443,-141.73676436578987
5.637716725000001,-141.73676436578987
5.639647745,-141.73673085546827
5.641725458000001,-141.73673085546827
5.643938961,-141.7367811209507
5.645686636000001,-141.7367811209507
5.647735231,-141.73669734514658
5.6496342980000005,-141.73664707966415
5.651586057,-141.7367811209507
5.653561772000001,-141.73671410030744
5.655769543000001,-141.73671410030744
5.657693809,-141.73676436578987
5.6596141730000005,-141.73671410030744
5.661585376000001,-141.73671410030744
5.663539753,-141.73676436578987
5.665526063000001,-141.73674761062907
5.667583165,-141.73671410030744
5.669515112,-141.73671410030744
5.671517974,-141.7367811209507
5.6738776930000006,-141.73676436578987
5.675601942,-141.73676436578987
5.6775201950000005,-141.73676436578987
5.679567643,-141.73673085546827
5.681568052,-141.73673085546827
5.683552196,-141.73676436578987
5.685504227,-141.73673085546827
5.687534584000001,-141.7367811209507
5.689467369,-141.73673085546827
5.691520874,-141.73676436578987
5.693592344000001,-141.73673085546827
5.695625841,-141.73673085546827
5.697611898000001,-141.73666383482498
5.699610754,-141.73671410030744
5.701579409000001,-141.73673085546827
5.703681288,-141.73671410030744
5.705503679,-141.73668058998578
5.707668535000001,-141.73673085546827
5.709518579,-141.73676436578987
5.7115749220000005,-141.73673085546827
5.713965884,-141.73676436578987
5.715556623,-141.73676436578987
5.71756841,-141.73673085546827
5.719652288000001,-141.73674761062907
5.7215312,-141.73673085546827
5.723787270000001,-141.7367811209507
5.725654586,-141.73671410030744
5.727857802,-141.73671410030744
5.729524438,-141.73671410030744
5.731494778,-141.73671410030744
5.733588065,-141.73676436578987
5.735649937000001,-141.73676436578987
5.737679392,-141.7367811209507
5.739575343,-141.73676436578987
5.7416124360000005,-141.73671410030744
5.743549720000001,-141.73674761062907
5.745480645000001,-141.73676436578987
5.7475416610000005,-141.73669734514658
5.749498792000001,-141.73671410030744
5.751529076000001,-141.73673085546827
5.753649031,-141.73673085546827
5.75573591,-141.73673085546827
5.757540212,-141.73671410030744
5.759515026000001,-141.73676436578987
5.7614908940000005,-141.73673085546827
5.763558809,-141.73671410030744
5.765524096,-141.73673085546827
5.767471581000001,-141.73673085546827
5.769514953000001,-141.73676436578987
5.771513706,-141.73673085546827
5.773778733,-141.73676436578987
5.775669517000001,-141.73676436578987
5.777585914,-141.73673085546827
5.779608366000001,-141.73673085546827
5.78158276,-141.73671410030744
5.783888905,-141.73676436578987
5.785534183,-141.73676436578987
5.787527216,-141.73673085546827
5.789686316,-141.7367811209507
5.791519357,-141.73666383482498
5.793562546,-141.73671410030744
5.795648326,-141.73671410030744
5.797585420000001,-141.73673085546827
5.799630662,-141.73673085546827
5.801541837,-141.73674761062907
5.803577597,-141.73676436578987
5.80558492,-141.73676436578987
5.808007556000001,-141.73668058998578
5.809623472,-141.73668058998578
5.811574888,-141.73671410030744
5.813850906000001,-141.73668058998578
5.815676532,-141.73668058998578
5.81760196,-141.73671410030744
5.819506986,-141.7367811209507
5.821530578,-141.73673085546827
5.823523555,-141.73673085546827
5.825719761,-141.73671410030744
5.827566474,-141.73671410030744
5.829498423,-141.73671410030744
5.831483997,-141.73673085546827
5.833624855,-141.73673085546827
5.835623649,-141.73673085546827
5.837664225,-141.73671410030744
5.839573410000001,-141.73671410030744
5.841520771000001,-141.7367811209507
5.843504126,-141.7367811209507
5.845713326,-141.73673085546827
5.847537578000001,-141.73673085546827
5.84952979,-141.73673085546827
5.8515175720000006,-141.73673085546827
5.8535900970000005,-141.73673085546827
5.8557348330000005,-141.73676436578987
5.857560574000001,-141.73676436578987
5.859564834,-141.73671410030744
5.861494528000001,-141.73676436578987
5.863590602,-141.73673085546827
5.8654919770000005,-141.73671410030744
5.86748649,-141.73673085546827
5.869568528,-141.73673085546827
5.87150323,-141.73671410030744
5.8738193690000005,-141.73673085546827
5.8755876350000005,-141.73673085546827
5.877548706000001,-141.73671410030744
5.879597911,-141.73676436578987
5.881501706000001,-141.73671410030744
5.8835182370000005,-141.73673085546827
5.885568117,-141.73673085546827
5.887582473,-141.73671410030744
5.889486677000001,-141.73676436578987
5.891554926,-141.73671410030744
5.893599287000001,-141.73671410030744
5.895759231,-141.73671410030744
5.8975655950000005,-141.73673085546827
5.899528747000001,-141.75078843539552
5.901558219,-141.76432660533737
5.903521202,-141.7755525630862
5.905598127,-141.7848181670192
5.90751805,-141.79413403643463
5.909464939,-141.80227704459273
5.911519402000001,-141.81043680791166
5.91376214,-141.81879763316041
5.91557752,-141.81879763316041
5.917552573,-141.82875019868698
5.919579548000001,-141.82875019868698
5.921518694,-141.84488541855583
5.923546109,-141.86187515162644
5.925578408000001,-141.87078889718222
5.9275076360000005,-141.88054040077898
5.929741371,-141.88948765665643
5.931535864000001,-141.88948765665643
5.933795091,-141.8997250599169
5.935872236000001,-141.8997250599169
5.937743627000001,-141.9194961496835
5.9396925320000005,-141.9194961496835
5.941638813,-141.93807762303192
5.943687736,-141.95753036474292
5.9455093560000005,-141.96724835801805
5.947475962,-141.9767317790417
5.949464645,-141.9863659965127
5.951494641,-141.99613425527025
5.953857032,-141.99613425527025
5.955852225,-142.0059695346711
5.957631212000001,-142.0059695346711
5.959501358000001,-142.026176258619
5.961536305,-142.04319950201122
5.963582448,-142.05259914723078
5.966098187,-142.0623506508275
5.967759175,-142.0714319479915
5.969714841,-142.08111643094497
5.9719789830000005,-142.09118628259728
5.973629045,-142.09118628259728
5.975838442000001,-142.1022279335771
5.977637743000001,-142.1022279335771
5.979682804,-142.12161365464482
5.981555232000001,-142.1403961899231
5.983534796000001,-142.14957801805198
5.985546288,-142.159212235523
5.9877037810000004,-142.16887996331565
5.989594245,-142.17856444626912
5.991543505,-142.1880813776144
5.993718285000001,-142.19841931183979
5.995901773,-142.20889128735178
5.997632072,-142.20889128735178
5.999657255000001,-142.21932975254208
6.001695440000001,-142.2368388955981
6.003690914000001,-142.24623854081764
6.005650871,-142.25568845151963
6.007619812000001,-142.26562426188536
6.009626421,-142.2750909277482
6.011685518,-142.28387063201743
6.0140493070000005,-142.2932870323978
6.0159097390000005,-142.2932870323978
6.017614313,-142.30446272466418
6.019717313,-142.32126815096578
6.021694808,-142.33081859263268
6.023624314,-142.34015121720896
6.025628984000001,-142.348947676639
6.027586413000001,-142.3581462599287
6.0298482060000005,-142.3674118638617
6.031994067,-142.3674118638617
6.033829858000001,-142.37801788066022
6.035820828,-142.3953427169472
6.038132877000001,-142.3953427169472
6.0396610850000005,-142.4055633650469
6.041654229000001,-142.42251958779588
6.043665013,-142.43170141592475
6.045626005000001,-142.44140265403905
6.048029850000001,-142.45050070636384
6.049785467,-142.45050070636384
6.051661912,-142.46053704769452
6.054107178000001,-142.47885043846986
6.056088628,-142.47885043846986
6.057662382,-142.4887694936748
6.059673031,-142.5071499050934
6.0618214340000005,-142.51644901934802
6.063638050000001,-142.51644901934802
6.06553096,-142.5270215258249
6.06770424,-142.54473173081072
6.069636011,-142.55455025505074
6.071567762000001,-142.56349751092816
6.073638835000001,-142.57308146291672
6.075703576,-142.57308146291672
6.077596242,-142.58410635873574
6.079528551,-142.60247001499351
6.081792751,-142.61242258052008
6.083626784000001,-142.62212381863438
6.085577278000001,-142.63110458483342
6.0875808010000005,-142.6408895987518
6.089601994000001,-142.65070812299183
6.091561678000001,-142.66029207498036
6.093568660000001,-142.67039543695432
6.095828024,-142.68059932989317
6.0976571680000005,-142.68059932989317
6.099674747000001,-142.69135614313907
6.101632509000001,-142.70953549262782
6.103652100000001,-142.71927024106375
6.105583635,-142.7297254614149
6.107611690000001,-142.7389910653479
6.109833987,-142.7481896486376
6.1115671680000005,-142.7481896486376
6.113730115,-142.75928156509985
6.116025056000001,-142.75928156509985
6.117621705,-142.77746091458866
6.119567421,-142.7962266947061
6.121790509,-142.80517395058354
6.123849568000001,-142.81514327127093
6.125545711,-142.8243250993998
6.12767175,-142.83320533463396
6.129741486,-142.84193477342072
6.1317743700000005,-142.8511668670321
6.1338937510000004,-142.86058326741244
6.135830558,-142.86058326741244
6.137936503000001,-142.87061960874308
6.139725941,-142.87061960874308
6.141592759000001,-142.88903353048335
6.1436719570000005,-142.90699506288146
6.1457761820000005,-142.91584178779397
6.1478234160000005,-142.92602892557204
6.149630312,-142.93569665336466
6.151623318,-142.94489523665436
6.153906042,-142.95441216799964
6.155993631,-142.95441216799964
6.157784348000001,-142.96533653285374
6.159640662,-142.96533653285374
6.161806296,-142.9850908674595
6.163873198,-143.00405770950675
6.165657417,-143.01374219246023
6.167634416,-143.02352720637862
6.169953523,-143.0333792409403
6.171945591,-143.04410254386457
6.1739140930000005,-143.05341841327996
6.17605348,-143.05341841327996
6.177822773000001,-143.0643595332949
6.179677068,-143.0643595332949
6.181671647000001,-143.0830080272866
6.1836118540000005,-143.10289640317893
6.18564922,-143.11254737581072
6.187525209,-143.1224999413373
6.189660590000001,-143.13230171041653
6.191595919,-143.1420699691741
6.193542755,-143.1519052485749
6.195768962000001,-143.16229344828278
6.197545069,-143.16229344828278
6.199542121,-143.17313403733277
6.201535791,-143.19158146939466
6.203498692,-143.2011486662224
6.205522488000001,-143.21126878335716
6.207546565,-143.22133863500946
6.209510271,-143.23110689376702
6.211512225000001,-143.24085839736375
6.214039889,-143.2507942077295
6.215751159000001,-143.2507942077295
6.217624420000001,-143.2619028793526
6.219669288,-143.28063514914842
6.221755525000001,-143.29083904208727
6.223627487000001,-143.30049001471912
6.225664979,-143.3098393944562
6.22756341,-143.31935632580144
6.229575681,-143.32887325714674
6.231897842,-143.33850747461776
6.2335438850000005,-143.3483595091794
6.235760453,-143.35842936083168
6.237668183,-143.35842936083168
6.239542018000001,-143.3686667640922
6.241569529,-143.3873822787272
6.243586995,-143.39706676168066
6.24551248,-143.40653342754348
6.247522973000001,-143.41643572758758
6.2495149450000005,-143.4261537208627
6.251544842,-143.43610628638928
6.25374966,-143.44587454514684
6.255783723,-143.44587454514684
6.257565851000001,-143.45678215484008
6.259523125,-143.47608410010375
6.261691063000001,-143.48541672468002
6.263632465000001,-143.49619029308673
6.265707087,-143.50574073475366
6.267770948000001,-143.50574073475366
6.269633429000001,-143.51632999639133
6.271832209,-143.53524657295614
6.273877777,-143.54506509719616
6.276094379000001,-143.54506509719616
6.277719083,-143.55598946205026
6.279618539,-143.5751071005449
6.282031355,-143.58457376640771
6.283643997,-143.58457376640771
6.285638363,-143.59590025512145
6.287752253000001,-143.61436444234417
6.289649322000001,-143.62424998722747
6.291622285000001,-143.63398473566338
6.293848258000001,-143.64388703570748
6.295804631,-143.64388703570748
6.297864617,-143.6545098076668
6.29973686,-143.6545098076668
6.30157389,-143.674783552258
6.303615424,-143.69416927332577
6.305583818000001,-143.7041888594956
6.3076185570000005,-143.71419169050463
6.309626674,-143.72419452151365
6.3115674,-143.7346497418648
6.313599192000001,-143.74451853158726
6.316060148,-143.74451853158726
6.317645129000001,-143.75527534483317
6.319591909000001,-143.77440973848863
6.321686678000001,-143.7836585872608
6.32363472,-143.7933765805359
6.325549575,-143.80351345283148
6.327584701,-143.81299687385513
6.329628406,-143.81299687385513
6.331615327000001,-143.82296619454252
6.333576436,-143.84258648786172
6.335601014000001,-143.84258648786172
6.337592030000001,-143.85347734239417
6.3395486000000005,-143.8728295531403
6.341550158,-143.88254754641537
6.343775526000001,-143.89256713258524
6.345543136000001,-143.89256713258524
6.347549895,-143.90364229388672
6.349517839000001,-143.92222376723515
6.351516714000001,-143.93214282244006
6.353543645,-143.9420283673234
6.355616670000001,-143.9420283673234
6.357806618000001,-143.9522322602622
6.3595624100000006,-143.9522322602622
6.361582384,-143.97225467744113
6.363556452,-143.99148960206148
6.36551517,-144.00172700532198
6.367629051000001,-144.01116016086317
6.369651117,-144.02139756412365
6.37150235,-144.0315009260976
6.373615224000001,-144.04131945033762
6.375650167000001,-144.04131945033762
6.3775933600000005,-144.05252865292562
6.379558186000001,-144.07194788431502
6.381514525,-144.08169938791175
6.383510396,-144.09138387086523
6.385496913000001,-144.10225797023688
6.387547416,-144.1114900638482
6.389514669,-144.12177773259117
6.391531914000001,-144.13173029811773
6.393578754,-144.14186717041332
6.395723116,-144.1524396768902
6.397594547000001,-144.1524396768902
6.399573681000001,-144.1628781420805
6.401569395,-144.1818449841278
6.403500274000001,-144.1915629774029
6.4055427940000005,-144.2020517080757
6.407522236,-144.2110659845964
6.409512427,-144.22098503980132
6.411476629,-144.23080356404134
6.413641516,-144.24052155731644
6.415737900000001,-144.24052155731644
6.417663879,-144.25163022893955
6.41954688,-144.25163022893955
6.421557803000001,-144.27153535999267
6.4235259970000005,-144.29078703977387
6.425526876,-144.30127577044664
6.427514166000001,-144.31044084341474
6.42951719,-144.32047718474539
6.431510021,-144.33056379155855
6.4336065080000004,-144.34046609160265
6.435597683,-144.34046609160265
6.43768384,-144.35144072193918
6.4395786600000005,-144.35144072193918
6.441587336,-144.37144638395725
6.443623305,-144.39017865375305
6.4455876000000005,-144.4005500983001
6.447588088000001,-144.4097486815898
6.449631481000001,-144.41941640938248
6.451553410000001,-144.4292349336225
6.45361911,-144.43930478527477
6.455670146,-144.43930478527477
6.4576493610000005,-144.4506312739885
6.459651573,-144.4506312739885
6.4615928600000005,-144.47026832246857
6.463555165000001,-144.48931894031995
6.465547008000001,-144.50012601904828
6.467596415,-144.50937486782047
6.469611786000001,-144.5190258404523
6.4715686130000005,-144.52886111985313
6.473909374000001,-144.53929958504344
6.475714473,-144.53929958504344
6.477581138000001,-144.55084389084786
6.479602718000001,-144.5694588745179
6.481519145,-144.57957899165268
6.483491484,-144.5890624126763
6.4855289670000005,-144.60022134978186
6.487560584000001,-144.60913509533765
6.489618593,-144.6191546815075
6.491517273,-144.62902347122997
6.49378215,-144.63864093354016
6.495825302,-144.63864093354016
6.497622583,-144.650051198058
6.4995298880000005,-144.66881697817544
6.501593634000001,-144.67826688887743
6.5036123020000005,-144.68852104729876
6.505508129000001,-144.69929461570547
6.507511759000001,-144.70810783029634
6.509554002000001,-144.7179766200188
6.511533448000001,-144.7282977990834
6.513856678000001,-144.73803254751934
6.515655273,-144.73803254751934
6.517582155,-144.7498114255752
6.519556084,-144.76869449181837
6.521520894,-144.77846275057593
6.523515209,-144.78809696804694
6.525538813000001,-144.79937319127822
6.527653740000001,-144.80788481297435
6.529562779000001,-144.80788481297435
6.531541552,-144.817552540767
6.53352918,-144.83739065117686
6.535701853000001,-144.84875065021225
6.5375748410000005,-144.84875065021225
6.539568721,-144.85875348122127
6.541539296000001,-144.8772344236048
6.5435454790000005,-144.88737129590038
6.545502746,-144.89839619171937
6.547502322000001,-144.90660622052076
6.549518319000001,-144.91662580669058
6.551486642,-144.92662863769962
6.553685815000001,-144.9363968964572
6.555595204,-144.9363968964572
6.557576857000001,-144.9481925296739
6.559515161,-144.96690804430887
6.561525008,-144.97660928242314
6.563495359,-144.9865450927889
6.565528487000001,-144.99787158150264
6.567533201000001,-145.00646697900288
6.569519015,-145.0163190135645
6.571530009000001,-145.02607051716126
6.573518760000001,-145.03617387913522
6.575663721000001,-145.04750036784895
6.5776847940000005,-145.04750036784895
6.579550943,-145.05669895113866
6.581511028,-145.0759171205982
6.583530572000001,-145.08566862419497
6.585539554,-145.09709564387362
6.587522011000001,-145.10570779653466
6.589527105,-145.11547605529222
6.591495135000001,-145.12557941726618
6.593545379,-145.135230389898
6.595684802,-145.14692549214973
6.597565651,-145.14692549214973
6.599593295,-145.15644242349504
6.601501204000001,-145.17612973745753
6.60351463,-145.18599852718
6.605630043000001,-145.19771038459257
6.607564377,-145.20670790595247
6.6098696740000005,-145.2166269611574
6.611621882000001,-145.2166269611574
6.613798715000001,-145.22741728472494
6.6157605870000005,-145.22741728472494
6.617636727000001,-145.24816017381903
6.619633169,-145.2661887268604
6.6216885770000005,-145.27583969949228
6.6236487760000005,-145.28587604082296
6.62562345,-145.29710199857175
6.6275984370000005,-145.30516123092576
6.629628596000001,-145.31541538934707
6.63153956,-145.3247145036017
6.633623544000001,-145.3343989865552
6.635657883,-145.3343989865552
6.637625261,-145.34652972298824
6.639623616000001,-145.3646252966729
6.641647785,-145.3749129654159
6.643499764,-145.3849325515857
6.645486695000001,-145.39600771288718
6.647647068,-145.4042512520102
6.649601088000001,-145.41410328657187
6.651564792,-145.42413962790252
6.653619504000001,-145.43420947955482
6.655689002000001,-145.43420947955482
6.657588568,-145.44602186793233
6.659580994000001,-145.4645530757983
6.661535805000001,-145.47447213100324
6.663516617,-145.48420687943917
6.665785456,-145.49608628845996
6.6675575480000004,-145.49608628845996
6.669533295000001,-145.50555295432275
6.671544644000001,-145.52451979637004
6.673635584,-145.5347404444697
6.675589027,-145.5347404444697
6.6775883590000005,-145.54697171186766
6.679620084000001,-145.56551967489446
6.681564664000001,-145.57538846461694
6.683495285,-145.5854080507868
6.685528677000001,-145.5953103508309
6.687826621,-145.60596663311188
6.689549276,-145.60596663311188
6.691541703,-145.6167402015186
6.69362013,-145.63528816454541
6.695655304000001,-145.63528816454541
6.697605548,-145.6470335322796
6.699521784000001,-145.6647772475871
6.701541631,-145.6741601376458
6.703523728,-145.6842802547806
6.7055207,-145.69364638967846
6.7075160170000006,-145.7033811381144
6.709528979000001,-145.71335045880178
6.711513347,-145.72311871755937
6.713660412,-145.73313830372922
6.715671988,-145.73313830372922
6.717537630000001,-145.7454030814488
6.7195412480000005,-145.76301275546976
6.721528791000001,-145.7729318106747
6.723476827000001,-145.78261629362814
6.725516705,-145.79221700077753
6.727528766000001,-145.80265546596786
6.72954289,-145.81247399020785
6.731532777000001,-145.82237629025198
6.73365099,-145.8323623661002
6.735851950000001,-145.8323623661002
6.737719058000001,-145.8442752854426
6.739519403,-145.86220330751908
6.741573037,-145.8715861975778
6.743622072000001,-145.88123717020963
6.745545876,-145.89144106314848
6.7475485850000005,-145.90114230126278
6.749560222,-145.9108770496987
6.751625916,-145.92104743231593
6.7536903630000005,-145.93096648752086
6.755860802000001,-145.93096648752086
6.757640525,-145.94314748943637
6.759670785000001,-145.96077391861812
6.761629841,-145.97049191189322
6.763528031000001,-145.9804444774198
6.765507267,-145.9900116742475
6.767612996,-145.99994748461327
6.7695596490000005,-146.0099503156223
6.771577089,-146.0200034121138
6.7739086770000005,-146.03000624312284
6.775669787,-146.03000624312284
6.7777496710000005,-146.0425726137372
6.779691358,-146.06021579807972
6.781687015,-146.07005107748057
6.783595205,-146.0796852949516
6.785582793000001,-146.08906818501032
6.7876624130000005,-146.0990375056977
6.789546559000001,-146.10924139863658
6.791645546000001,-146.11865779901694
6.793717502000001,-146.12874440583005
6.795981699,-146.12874440583005
6.797715481,-146.1414783280526
6.79979384,-146.1594231052899
6.801760428000001,-146.1696605085504
6.80353382,-146.1793785018255
6.805657715000001,-146.18936457767373
6.807653764,-146.19935065352195
6.809646026,-146.20928646388768
6.811634979000001,-146.21935631553998
6.813825831000001,-146.22927537074494
6.816254119000001,-146.22927537074494
6.817835544,-146.23988138754345
6.819696553,-146.23988138754345
6.821572434,-146.25886498475154
6.8236024550000005,-146.27794911292455
6.825513262,-146.28765035103882
6.827713663000001,-146.29745212011804
6.829535178,-146.3075722372528
6.831667299,-146.3172734753671
6.833821896000001,-146.32766167507495
6.835954872,-146.32766167507495
6.837560682,-146.34006049408111
6.839619896,-146.35708373747337
6.8417977500000005,-146.36720385460814
6.843564509,-146.36720385460814
6.845539657000001,-146.37769258528093
6.847586521,-146.39645836539836
6.849552827,-146.40622662415592
6.851662839,-146.4159948829135
6.853627039,-146.4261652655307
6.855636814,-146.4261652655307
6.8575788520000005,-146.437072875224
6.859563813,-146.4561737585578
6.861621221,-146.46627712053174
6.863602211000001,-146.4760453792893
6.865530067000001,-146.48562933127786
6.867547677,-146.49553163132197
6.869527929,-146.50523286943624
6.871530122,-146.51510165915872
6.873740404,-146.52502071436365
6.875589082,-146.52502071436365
6.8775564760000005,-146.53810649496344
6.879630028,-146.55486165578256
6.881609519,-146.5650655487214
6.883649858,-146.57469976619242
6.885618916,-146.5847361075231
6.887536672,-146.59457138692395
6.889545373000001,-146.60403805278676
6.8915027570000005,-146.6140576389566
6.893619371000001,-146.62419451125217
6.895807958000001,-146.62419451125217
6.897573477000001,-146.63493456933725
6.899500796000001,-146.65428678008337
6.9017767480000005,-146.66370318046373
6.903555066,-146.66370318046373
6.905532745,-146.67479509692603
6.907530588,-146.6930749773797
6.9094977140000005,-146.7032453599969
6.9116455310000005,-146.7130303739153
6.91363561,-146.72350234942726
6.915691505000001,-146.72350234942726
6.917702994000001,-146.73390730429594
6.9195593870000005,-146.73390730429594
6.921583518,-146.75429833501286
6.923597355,-146.77420346606598
6.925521016,-146.77420346606598
6.9275286220000005,-146.78417278675337
6.9294951440000006,-146.80429573489718
6.9315317400000005,-146.8143823417103
6.933634393,-146.8246197449708
6.935690977,-146.8246197449708
6.937562343000001,-146.8353765582167
6.939551121,-146.85422611413824
6.941536494,-146.86372629032272
6.943507033,-146.87324322166796
6.945496089000001,-146.8825423359226
6.9475090250000004,-146.8921597982328
6.949529621000001,-146.90217938440261
6.9515104580000004,-146.91226599121578
6.953691592,-146.92235259802888
6.955594335000001,-146.92235259802888
6.957574076,-146.93352829029524
6.959533329,-146.95226056009105
6.9615328210000005,-146.96186126724044
6.96351309,-146.97167979148045
6.9656145920000005,-146.98136427443393
6.967558555,-146.99173571898095
6.969492935000001,-147.00120238484377
6.9715372570000005,-147.01081984715395
6.973660163000001,-147.02102374009283
6.975647608,-147.02102374009283
6.97757521,-147.03213241171593
6.979514132,-147.0512165398889
6.981540803000001,-147.06066645059096
6.9835358350000005,-147.07076981256486
6.985555253,-147.07076981256486
6.987511422000001,-147.0805045610008
6.9895145460000005,-147.10002432335511
6.991531126000001,-147.1098428475951
6.993626712,-147.11992945440824
6.995597598000001,-147.11992945440824
6.9976733410000005,-147.1306527573325
6.999563936,-147.1306527573325
7.0015695220000005,-147.15030656097335
7.003518269000001,-147.1695079752721
7.0055360140000005,-147.17880708952674
7.007533813,-147.18899422730476
7.00951587,-147.19874573090152
7.011513057,-147.2083631932117
7.013669893,-147.2182654932558
7.015666812,-147.2182654932558
7.017562379,-147.2293574097181
7.019670427,-147.24864259982095
7.021545763000001,-147.24864259982095
7.0235617,-147.25931563726272
7.025694723000001,-147.25931563726272
7.027566993000001,-147.27851705156147
7.02964635,-147.29803681391576
7.031654925000001,-147.30844176878443
7.033737114,-147.30844176878443
7.035667453,-147.31842784463265
7.037555288,-147.31842784463265
7.039555268000001,-147.3382156895601
7.041544615,-147.35735008321552
7.043532424,-147.36718536261637
7.045607466000001,-147.37702064201721
7.047525221000001,-147.38702347302626
7.049489489000001,-147.39638960792414
7.051518430000001,-147.4064259492548
7.053667814000001,-147.41617745285157
7.055620732,-147.41617745285157
7.057591588,-147.42718559350976
7.059521475,-147.44645402845177
7.061505583000001,-147.45585367367127
7.063516913000001,-147.46589001500197
7.065669580000001,-147.47580907020688
7.0676280060000005,-147.48633131120133
7.069616103,-147.4960325493156
7.071599572,-147.50578405291236
7.073890875,-147.51556906683072
7.075683902000001,-147.51556906683072
7.07763688,-147.52721390360003
7.079554808,-147.54500788438997
7.081622727,-147.55470912250428
7.083592105,-147.5645276467443
7.0856537390000005,-147.57458074323577
7.087628239000001,-147.58495218778282
7.0897928320000005,-147.5946534258971
7.091662923,-147.60453897078037
7.093723648,-147.6144412708245
7.095729809000001,-147.6144412708245
7.097617155,-147.6250975531055
7.099621024,-147.64414817095684
7.101590479,-147.65413424680506
7.103524398,-147.66375170911525
7.1055539020000005,-147.6734194369079
7.107521058000001,-147.6838243917766
7.109486899,-147.69350887473004
7.111535481000001,-147.7033441541309
7.113617455000001,-147.71383288480368
7.1156336730000005,-147.71383288480368
7.117557011000001,-147.72450592224547
7.119553733,-147.7439586639565
7.121531455,-147.7535091056234
7.123525798,-147.76342816082837
7.125574568,-147.76342816082837
7.127545868,-147.77333046087247
7.12949441,-147.7930512851566
7.131527362000001,-147.8027525232709
7.13358525,-147.81278886460154
7.135643000000001,-147.81278886460154
7.137564001,-147.82352892268662
7.1395075530000005,-147.84251251989474
7.141557635000001,-147.8521970028482
7.143532561000001,-147.86233387514378
7.145569968,-147.86233387514378
7.147548938000001,-147.8720686235797
7.149518996,-147.8921748165627
7.151530035,-147.90175876855122
7.153598197000001,-147.91174484439944
7.1556790910000005,-147.91174484439944
7.157557908,-147.9226692092535
7.159543264000001,-147.94143498937095
7.161523734,-147.95147133070162
7.163503980000001,-147.96103852752935
7.165758855000001,-147.97079003112609
7.167630953000001,-147.97079003112609
7.169597326000001,-147.98149657888953
7.171606723,-148.00032937965025
7.1735681950000005,-148.01031545549847
7.175903474,-148.01031545549847
7.177738054000001,-148.02103875842272
7.179641609000001,-148.04007262111327
7.181954939000001,-148.050008431479
7.183770148000001,-148.050008431479
7.185561994,-148.06078199988573
7.187503472,-148.0794975145207
7.189607362,-148.0892825284391
7.191527141000001,-148.0995199316996
7.1937454,-148.10955627303025
7.195666189000001,-148.10955627303025
7.197592494,-148.12088276174399
7.199597993,-148.13964854186145
7.201553276,-148.1493162696541
7.203511929,-148.15910128357248
7.205562379000001,-148.16870199072184
7.2078164430000005,-148.17877184237415
7.209551922,-148.17877184237415
7.211567952,-148.19006482076625
7.2138156350000004,-148.20852900798897
7.215621044000001,-148.20852900798897
7.217561707000001,-148.22027437572316
7.219535972,-148.23865478714177
7.221559010000001,-148.24889219040227
7.223519850000001,-148.25866044915983
7.225571212,-148.26841195275657
7.227518538000001,-148.27883366278607
7.229509781000001,-148.28860192154366
7.231676457000001,-148.2985544870702
7.233917068,-148.30905997290384
7.235661874000001,-148.30905997290384
7.237579914,-148.32165985383983
7.239645884000001,-148.3392192623783
7.241679117,-148.3392192623783
7.243532483,-148.34935613467385
7.245869593,-148.36805489414806
7.247543509000001,-148.36805489414806
7.249509469,-148.3795824447916
7.2515551920000005,-148.39712509816925
7.253597476,-148.40744627723384
7.255948128000001,-148.41801878371075
7.257610168,-148.41801878371075
7.259562163,-148.42961335499757
7.261510426,-148.44734031514423
7.263517788000001,-148.45680698100705
7.265534716,-148.46674279137278
7.267644211,-148.47657807077366
7.269613465000001,-148.48686573951662
7.271807807,-148.48686573951662
7.273556051000001,-148.49678479472155
7.2756648760000004,-148.49678479472155
7.277597568,-148.51702502899107
7.279550097,-148.53600862619916
7.28150573,-148.5455088023836
7.2835379940000005,-148.5552100404979
7.285515631000001,-148.56527989215022
7.2874971120000005,-148.57466278220892
7.289534195000001,-148.5844645512881
7.291521574000001,-148.59470195454864
7.293624573000001,-148.60435292718046
7.295684568,-148.60435292718046
7.2975914500000005,-148.61510974042636
7.299574437,-148.63436142020754
7.301527323,-148.6439453721961
7.303495793000001,-148.65381416191858
7.305500090000001,-148.66348188971122
7.307549497,-148.67338418975532
7.309523848,-148.6836551033375
7.311537404,-148.6934903827383
7.313624225000001,-148.70361049987307
7.315688105,-148.70361049987307
7.317594733000001,-148.7142332718324
7.3195334800000005,-148.7335017067744
7.321548721,-148.7432029448887
7.323532682000001,-148.7529376933246
7.3255457250000005,-148.76277297272546
7.327498071000001,-148.77294335534268
7.329544524,-148.78246028668798
7.331508921,-148.79214476964145
7.333636965,-148.80221462129373
7.335645916000001,-148.80221462129373
7.337582144000001,-148.81313898614783
7.339588041000001,-148.8329100759144
7.341506079,-148.8429296620843
7.343500163000001,-148.85237957278628
7.345498892,-148.8625834657251
7.348356976000001,-148.87238523480434
7.350338357,-148.87238523480434
7.351564616,-148.8867946731088
7.3537808060000005,-148.90224293138405
7.355742480000001,-148.90224293138405
7.357581978000001,-148.91361968558022
7.359882479,-148.93181579022985
7.361542412,-148.93181579022985
7.363559755000001,-148.9434271166775
7.365506934000001,-148.96137189391482
7.367536155000001,-148.9712406836373
7.369541803000001,-148.98134404561122
7.371510566,-148.9911290595296
7.373671902000001,-149.00066274603572
7.375668589000001,-149.00066274603572
7.377592072000001,-149.0116876418547
7.379922091,-149.0306042184195
7.381742257000001,-149.040473008142
7.383628454,-149.0507271665633
7.385578538000001,-149.0600095256571
7.387649728,-149.0697107637714
7.389619673,-149.07984763606697
7.3916725880000005,-149.08928079160816
7.393650750000001,-149.09908256068735
7.395682503000001,-149.1090183710531
7.39763602,-149.1090183710531
7.3996285010000005,-149.12014379783702
7.401609535,-149.1389598434369
7.403689684000001,-149.14939830862724
7.405776312,-149.1587979538468
7.4077912370000005,-149.16890131582073
7.409611227,-149.1788371261865
7.411553307,-149.18865565042654
7.413858033,-149.19832337821916
7.415647744,-149.20832620922818
7.417921094,-149.20832620922818
7.419865983,-149.21899924666997
7.421785615,-149.2383179470945
7.42390593,-149.24818673681693
7.425665131000001,-149.25822307814758
7.427611287,-149.26814213335254
7.429788895000001,-149.27789363694927
7.4317287180000005,-149.28798024376243
7.433823673,-149.28798024376243
7.435724525,-149.29764797155505
7.437667607000001,-149.29764797155505
7.439697775000001,-149.31800549195032
7.4417979590000005,-149.33747498882218
7.443931147000001,-149.34751133015283
7.4456408750000005,-149.34751133015283
7.4476709340000005,-149.35900537047476
7.449645506,-149.37763710930562
7.451649859000001,-149.38763994031467
7.453895856000001,-149.39794436421846
7.455807040000001,-149.39794436421846
7.457819783000001,-149.40922058744974
7.459659953,-149.42813716401454
7.461717795,-149.43746978859082
7.463545861,-149.4471542715443
7.465624136000001,-149.45692253030185
7.467566263,-149.46674105454187
7.469673642,-149.4763082513696
7.471569693,-149.48632783753945
7.473793420000001,-149.4964479546742
7.475672980000001,-149.4964479546742
7.4776436230000005,-149.50735556436746
7.479732167000001,-149.52664075447032
7.481874400000001,-149.53607391001148
7.483648134,-149.53607391001148
7.485693768000001,-149.54713231615213
7.4877438530000004,-149.56569703433973
7.489570366000001,-149.5759847030827
7.491578264,-149.58558541023206
7.493861824000001,-149.59511909673816
7.495770597000001,-149.59511909673816
7.497703582000001,-149.6073000986537
7.499612276000001,-149.62502705880036
7.501626685000001,-149.6349628691661
7.503581972,-149.644697617602
7.505528986000001,-149.65434859023387
7.507545985,-149.6644687073686
7.509580209,-149.674069414518
7.511588395,-149.684440859065
7.513598765,-149.69417560750097
7.515954602000001,-149.70466433817373
7.517648132000001,-149.70466433817373
7.519733592000001,-149.71580652011846
7.52181223,-149.73482362764818
7.523624248000001,-149.74469241737066
7.525575043000001,-149.75536545481248
7.527664255,-149.76572014419872
7.529690531000001,-149.7758905268159
7.531616351,-149.7861111749156
7.533848014,-149.796449109141
7.535751066,-149.796449109141
7.537748464000001,-149.80831176300097
7.539648629,-149.80831176300097
7.5416195010000004,-149.82667541925875
7.543756432,-149.84584332323587
7.545670934,-149.85544403038523
7.547641574000001,-149.86474314463987
7.549666149,-149.87504756854364
7.551527222000001,-149.88459801021054
7.553847103000001,-149.89423222768156
7.555778869,-149.89423222768156
7.557740315,-149.90500579608826
7.559642770000001,-149.90500579608826
7.561589061,-149.9247433755332
7.563579698000001,-149.94386101402785
7.565560971000001,-149.95356225214215
7.567803393,-149.96348130734708
7.569678104,-149.973400362552
7.571689321,-149.98358750033006
7.573903136,-149.993506555535
7.575974854,-149.993506555535
7.577671691000001,-150.0046319823189
7.579600039000001,-150.0232804763106
7.581555235000001,-150.03293144894243
7.583575065000001,-150.0423478493228
7.585591863,-150.05280306967396
7.587510892,-150.06237026650166
7.589564802000001,-150.07200448397268
7.591526751000001,-150.0821581114291
7.5938914230000005,-150.0919766356691
7.595926874000001,-150.0919766356691
7.59759675,-150.10286749020156
7.599584131,-150.1220856596611
7.601535232000001,-150.1315020600415
7.603506459,-150.1414881358897
7.605494385,-150.1510218223958
7.607540936,-150.1610916740481
7.609553896,-150.1713458324694
7.611589554,-150.18121462219187
7.613600621000001,-150.19168659770384
7.615654525,-150.19168659770384
7.617660331000001,-150.2030298415784
7.619636821,-150.2030298415784
7.621550794000001,-150.22256635909352
7.6235483550000005,-150.24215314209113
7.625742909,-150.25200517665274
7.6275496060000005,-150.25200517665274
7.629506608000001,-150.26334842052734
7.631535532000001,-150.2822482419313
7.633530059000001,-150.29253591067427
7.635711651,-150.30253874168332
7.637807206000001,-150.30253874168332
7.639610571,-150.31369767878886
7.641662106,-150.3329158482484
7.643873972000001,-150.34241602443285
7.645625706000001,-150.34241602443285
7.647535386,-150.3531225721963
7.649601123,-150.37138569748916
7.651805874000001,-150.3816398559105
7.653636402,-150.3911735424166
7.65569126,-150.3911735424166
7.657653056000001,-150.40179631437593
7.659649489,-150.4213663422127
7.661669926,-150.43095029420124
7.663529428,-150.44076881844126
7.665544875,-150.45070462880702
7.667558911,-150.4603220911172
7.6695547820000005,-150.47059300469934
7.671521309,-150.48037801861773
7.673827789000001,-150.49012952221446
7.675723531,-150.50088633546036
7.677825805,-150.50088633546036
7.6795820610000005,-150.5110734732384
7.681735559000001,-150.53010733592893
7.683549424000001,-150.53010733592893
7.685530365000001,-150.54073010788827
7.687524561000001,-150.55949588800573
7.689671895000001,-150.56939818804983
7.691564925000001,-150.57988691872262
7.693623853,-150.58938709490707
7.695684283,-150.58938709490707
7.697601584,-150.60009364267052
7.6996409770000005,-150.61952962922072
7.701580767,-150.62924762249582
7.703525896,-150.6390996570575
7.705594608,-150.64870036420686
7.707497449000001,-150.6589042571457
7.7095329480000006,-150.66820337140032
7.711539202000001,-150.67828997821348
7.713628454,-150.6881252576143
7.715796643000001,-150.6881252576143
7.717635019,-150.69891558118186
7.719568862000001,-150.71811699548059
7.721536127,-150.72773445779077
7.723588064,-150.73772053363896
7.725581616,-150.74738826143164
7.727581611000001,-150.75765917501377
7.729563169,-150.7677625369877
7.731538173000001,-150.77753079574526
7.733665509000001,-150.78766766804085
7.735935587,-150.79830719516102
7.737616109,-150.79830719516102
7.739656464,-150.8092315600151
7.741779914,-150.82846648463547
7.743558405000001,-150.82846648463547
7.745715179,-150.83875415337843
7.747647925000001,-150.858340936376
7.749573064000001,-150.86820972609848
7.751695472000001,-150.87821255710753
7.753802992000001,-150.88784677457852
7.755880918000001,-150.88784677457852
7.757596943,-150.89826848460802
7.759518977000001,-150.91770447115823
7.761541193,-150.9273889541117
7.763540914000001,-150.93739178512072
7.765532365,-150.94716004387828
7.767521816,-150.95722989553062
7.769594025000001,-150.9670316646098
7.771625672000001,-150.9768166785282
7.773622689000001,-150.98651791664247
7.775681286,-150.98651791664247
7.777758182,-150.99752605730063
7.779590184000001,-151.01662694063447
7.781688971,-151.02614387197974
7.7836999030000005,-151.03621372363205
7.785560436000001,-151.04635059592763
7.787693708000001,-151.0561020995244
7.789661198,-151.06605466505096
7.791682842,-151.07567212736114
7.793897448,-151.085323099993
7.795760311,-151.085323099993
7.797602790000001,-151.0964652819377
7.799795589,-151.11564994107562
7.801804753000001,-151.1255187307981
7.803527422,-151.1255187307981
7.805565208000001,-151.1360409717925
7.807652033,-151.1544884038544
7.809616113000001,-151.16462527615
7.811717829000001,-151.17420922813852
7.8138716530000005,-151.1841617936651
7.8156448560000005,-151.1841617936651
7.817698196,-151.19528722044902
7.819586188000001,-151.21418704185302
7.82178442,-151.22365370771584
7.823616974,-151.23380733517223
7.825541803,-151.2436593697339
7.827570226000001,-151.2537292213862
7.829564128,-151.26389960400343
7.831531109,-151.27373488340427
7.8337563160000006,-151.2832853250712
7.8359654590000005,-151.2940756486387
7.837614360000001,-151.2940756486387
7.839617370000001,-151.30478219640213
7.841657709000001,-151.32316260782073
7.843594105,-151.3330146423824
7.8456603970000005,-151.34259859437097
7.847661855,-151.3526181805408
7.849644821,-151.36298962508786
7.851537576,-151.3729086802928
7.853791370000001,-151.3828109803369
7.855960469,-151.39380236583426
7.857752804,-151.39380236583426
7.8595961160000005,-151.40472673068834
7.861596756000001,-151.423844369183
7.863563779000001,-151.43440012049905
7.865665283,-151.44448672731218
7.867681922,-151.45472413057266
7.8696024410000005,-151.46482749254662
7.871740998000001,-151.47441144453518
7.873897991000001,-151.48397864136288
7.875682976,-151.48397864136288
7.877705531,-151.49458465816141
7.879544283,-151.51284778345428
7.881939225000001,-151.52253226640775
7.883594389000001,-151.52253226640775
7.885504261,-151.53357391738757
7.887691428,-151.55207161493192
7.889697976000001,-151.56249332496142
7.891613681000001,-151.5721275424324
7.893800234,-151.58182878054672
7.89578351,-151.58182878054672
7.897623655,-151.59305473829554
7.8995227880000005,-151.61173674260888
7.901538715000001,-151.62135420491907
7.903533251000001,-151.63149107721466
7.905500289000001,-151.6412258256506
7.907537099000001,-151.65121190149878
7.9095270740000005,-151.6614325495985
7.91164965,-151.6709997464262
7.9136145550000005,-151.6809858222744
7.915676729,-151.6809858222744
7.917581828,-151.6917593906811
7.919580435,-151.71087702917575
7.921835735,-151.72067879825497
7.923538276,-151.72067879825497
7.925519305000001,-151.73185449052133
7.927535474000001,-151.75011761581422
7.929516965,-151.76005342617998
7.93150998,-151.7696373781685
7.933653651,-151.77947265756936
7.935680725,-151.77947265756936
7.937624843000001,-151.7906315946749
7.939563871000001,-151.80943088511398
7.941555174,-151.8193164299973
7.9435360170000004,-151.82911819907648
7.945522171,-151.83871890622584
7.9476529430000005,-151.84902333012963
7.949574915,-151.85862403727901
7.951547252,-151.86859335796638
7.953601369,-151.8786967199403
7.955670534,-151.8786967199403
7.9575947010000005,-151.88923571609558
7.959574541,-151.9087889887715
7.961538633000001,-151.91817187883024
7.963508255000001,-151.92827524080417
7.965542306000001,-151.9381942960091
7.96748978,-151.9485992508778
7.9695468840000006,-151.95806591674062
7.971551986000001,-151.96868868869998
7.973819957000001,-151.97882556099552
7.975675833,-151.97882556099552
7.977625840000001,-151.9905039080865
7.979573182,-152.01010744624486
7.981566413,-152.01952384662525
7.983544357,-152.0293088605436
7.985549841,-152.03857446447662
7.987518864,-152.04886213321956
7.989590343000001,-152.0577088581321
7.991576630000001,-152.06774519946276
7.9935716050000005,-152.07771452015012
7.995964833,-152.08828702662703
7.997585644000001,-152.08828702662703
7.999543212000001,-152.099965373718
8.001633126,-152.11762531322134
8.003570816,-152.11762531322134
8.005534255,-152.12777894067776
8.007522933,-152.14766731657008
8.009546226000001,-152.15658106212587
8.011508392,-152.1663158105618
8.013667029,-152.1760338038369
8.015762346,-152.1760338038369
8.017620763,-152.18739380287226
8.019549384000001,-152.2064276655628
8.021636126,-152.21582731078237
8.023753560000001,-152.22604795888205
8.025568721,-152.22604795888205
8.027651319,-152.23655344471564
8.029651505,-152.255235449029
8.031935048000001,-152.26532205584212
8.033764315,-152.27559296942425
8.035686011000001,-152.27559296942425
8.037650806,-152.28651733427833
8.039835847,-152.3055847072905
8.041597231,-152.31498435251007
8.043566031000001,-152.3246520803027
8.045579039,-152.3344538493819
8.047522466,-152.34492582489386
8.049597725,-152.35439249075668
8.051567362,-152.36411048403178
8.053589707,-152.37406304955837
8.055727471,-152.38448475958788
8.057575229000001,-152.38448475958788
8.059547726,-152.39509077638638
8.061574701,-152.41360522909156
8.063496546,-152.42313891559763
8.065528054000001,-152.4329071743552
8.067508765000001,-152.44406611146076
8.069494195,-152.45282906056917
8.071521500000001,-152.4626475848092
8.073600598,-152.47276770194395
8.075651121,-152.47276770194395
8.077557643,-152.48354127035066
8.079652710000001,-152.5030777878658
8.081598674,-152.51318114983974
8.083503432,-152.52264781570256
8.085546578,-152.53228203317357
8.087502105,-152.54283778448962
8.08955547,-152.55150020263312
8.09153084,-152.56190515750183
8.093645247000001,-152.57148910949036
8.095714123,-152.57148910949036
8.097761703,-152.5825642707918
8.099683913,-152.60158137832155
8.101680852000001,-152.61131612675746
8.10361138,-152.62100060971096
8.105563433,-152.63083588911178
8.107576353,-152.64176025396586
8.109648959000001,-152.65060697887836
8.111568844,-152.66024119634938
8.113933872,-152.66024119634938
8.115798167000001,-152.67027753768005
8.117628137,-152.6914225506338
8.11957112,-152.70053735811942
8.121534127,-152.71035588235947
8.123537064,-152.719939834348
8.125541724,-152.72960756214064
8.127595163,-152.74090054053272
8.129597455,-152.7499818376967
8.131520006,-152.75978360677593
8.133931976000001,-152.76928378296037
8.135764853000001,-152.76928378296037
8.137746968,-152.78131398842854
8.139685835,-152.79919174502254
8.141573193000001,-152.79919174502254
8.143515292,-152.80922808635322
8.145539744,-152.82861380742096
8.147523320000001,-152.8397727445265
8.149522365000001,-152.84840165234837
8.151542234,-152.85825368691005
8.153831286,-152.8681894972758
8.155583278,-152.8681894972758
8.157613703,-152.88003539597494
8.159634151,-152.89841580739355
8.161582479,-152.89841580739355
8.163549614,-152.90818406615108
8.165519982000001,-152.92792164559603
8.167497935,-152.93896329657588
8.169527076000001,-152.94732412182464
8.17152617,-152.957477749281
8.173663354,-152.96712872191287
8.175660467,-152.96712872191287
8.177675626000001,-152.97791904548038
8.179569344,-152.97791904548038
8.181573063,-152.99770689040778
8.183596383000001,-153.01684128406325
8.185514274,-153.0268608702331
8.187522677,-153.03788576605209
8.189533942,-153.04631361194413
8.191522837,-153.0561824016666
8.193569828000001,-153.06581661913762
8.195846493000001,-153.0762215740063
8.197587004,-153.0762215740063
8.199526837,-153.08748104207675
8.201531769,-153.1057274122088
8.203529434,-153.11611561191668
8.205488107,-153.12621897389064
8.207499852,-153.13838322064532
8.209540053000001,-153.14706239394965
8.211536969,-153.15775218655224
8.21362174,-153.1677215072397
8.215773288000001,-153.1677215072397
8.21779195,-153.17849507564637
8.219693446,-153.1971268144773
8.221678391000001,-153.1971268144773
8.223640615,-153.2063589080886
8.225693393,-153.22532575013588
8.227621986,-153.23703760754847
8.229643571,-153.24497955377674
8.231646197,-153.25501589510742
8.233620384,-153.2650689915989
8.235796213,-153.2650689915989
8.237815953,-153.27554096711086
8.239660418,-153.27554096711086
8.241744323,-153.29532881203826
8.243625775,-153.31453022633698
8.245706174,-153.32444928154194
8.247692618,-153.336211404437
8.249901405000001,-153.34440467807755
8.251724484,-153.34440467807755
8.253699421,-153.35491016391114
8.255601123,-153.35491016391114
8.257559266000001,-153.37511688785906
8.259582045,-153.39366485088584
8.26151275,-153.4034331096434
8.263658323000001,-153.41295004098865
8.26560568,-153.4237403645562
8.267594487,-153.43481552585766
8.269524401,-153.44305906498067
8.271518668,-153.45284407889906
8.273813132,-153.4625285618525
8.275576559000001,-153.4625285618525
8.277574636,-153.4743241950692
8.279513654,-153.4924365239147
8.281528436,-153.50171888300852
8.283741426,-153.5116044278918
8.285601561,-153.52210991372542
8.287583203,-153.5314760486233
8.289513804,-153.5412945728633
8.291597552,-153.55144820031973
8.293653398,-153.55144820031973
8.295739083,-153.56175262422352
8.297882648,-153.56175262422352
8.299681906,-153.583383536841
8.301591587,-153.6006748628064
8.303797326,-153.61042636640312
8.305620182,-153.61042636640312
8.307549885,-153.6211664244882
8.309551815,-153.64001598040971
8.311512443,-153.65018636302696
8.313715028,-153.65995462178452
8.315773773,-153.65995462178452
8.317646369,-153.67109680372926
8.319616463000001,-153.68992960448998
8.321623338,-153.6996811080867
8.323560954000001,-153.70951638748755
8.325547018,-153.71921762560183
8.327546932,-153.72901939468102
8.329489751,-153.7387876534386
8.331560442,-153.7485894225178
8.333905591,-153.75906139802976
8.335719527,-153.75906139802976
8.337622863,-153.77058894867332
8.339559201,-153.78880180848375
8.341560843,-153.7982182088641
8.343567160000001,-153.80785242633513
8.34553198,-153.8180898295956
8.347783230000001,-153.82785808835317
8.349557540000001,-153.82785808835317
8.351543196,-153.8388159635289
8.353754731,-153.85751472300308
8.35559154,-153.85751472300308
8.357666112,-153.8689249875209
8.359642242000001,-153.88770752279916
8.361625051,-153.8972747196269
8.36380987,-153.9074451022441
8.365542137,-153.9074451022441
8.367524744,-153.91790032259527
8.369549888,-153.93648179594368
8.371542062000001,-153.94671919920418
8.373740915,-153.95657123376583
8.375828743000001,-153.95657123376583
8.377716783,-153.96784745699713
8.379820533,-153.98636190970228
8.381824159,-153.9962642097464
8.383728464,-154.0066691646151
8.385784371,-154.0163201372469
8.387638599,-154.025853823753
8.390075096,-154.0358231444404
8.391712584,-154.0358231444404
8.393911450000001,-154.0468480402594
8.395627112,-154.0468480402594
8.397610248000001,-154.06700449872483
8.399666701000001,-154.08555246175163
8.401687404,-154.09516992406182
8.403560374000001,-154.10523977571413
8.40561389,-154.1152761170448
8.40756651,-154.1248098035509
8.409633479,-154.13528177906284
8.411509411,-154.14498301717714
8.413968388,-154.15458372432653
8.415724193,-154.15458372432653
8.41769657,-154.16688201236778
8.419587352,-154.16688201236778
8.421681888,-154.18563103732438
8.423652121,-154.20508377903542
8.425532978,-154.21483528263218
8.427530012,-154.2247710929979
8.429528794000001,-154.2342880243432
8.431901366,-154.24415681406566
8.433764353,-154.24415681406566
8.435801382000001,-154.25509793408057
8.437724846,-154.25509793408057
8.439516625000001,-154.2747349825606
8.441550026,-154.29360129364298
8.443661408,-154.3034365730438
8.445618542,-154.3034365730438
8.447626052,-154.3141933862897
8.449643104,-154.33317698349776
8.451543991000001,-154.34294524225535
8.453731728000001,-154.3530318490685
8.456012189,-154.3530318490685
8.457767803000001,-154.3637551519927
8.459577808,-154.38322464886457
8.461557269,-154.39289237665722
8.463590982000001,-154.40277792154052
8.465576874,-154.4129315489969
8.467509156,-154.422649542272
8.469573765,-154.4322334942606
8.471526379,-154.4420520185006
8.473612897,-154.45182027725815
8.475788627,-154.45182027725815
8.477785025000001,-154.46269437662977
8.479613123,-154.48219738382326
8.48159942,-154.49214994934985
8.483565407,-154.50173390133838
8.48563991,-154.51123407752283
8.487556567,-154.5214212153009
8.489531923000001,-154.5313402705058
8.491695315000001,-154.5411252844242
8.493901466,-154.55112811543324
8.495588365,-154.55112811543324
8.497600204000001,-154.56268917639844
8.499567794,-154.5815722426416
8.501571363,-154.59142427720326
8.50375155,-154.60156114949885
8.505567251,-154.61169802179444
8.507655963000001,-154.62161707699937
8.509552746,-154.63130155995285
8.512003104,-154.64130439096186
8.513621493,-154.6516758355089
8.516095505000001,-154.6516758355089
8.517761854,-154.66213105586007
8.519627615000001,-154.66213105586007
8.521909446,-154.6814162459629
8.52364271,-154.6814162459629
8.525701565,-154.70096951863886
8.527973625000001,-154.72030497422415
8.529720247,-154.72993919169517
8.531771122,-154.74004255366907
8.53389544,-154.74974379178337
8.535789928,-154.74974379178337
8.537716113,-154.7613048527486
8.539651568,-154.77988632609703
8.5415781,-154.7899394225885
8.543989128,-154.7899394225885
8.545660358000001,-154.7997411916677
8.547500059,-154.81924419886118
8.549582632,-154.82896219213632
8.55158346,-154.8388309818588
8.553689174,-154.84880030254615
8.55575246,-154.84880030254615
8.557716221,-154.85974142256106
8.559571476,-154.87882555073406
8.561608928,-154.88815817531034
8.563706995,-154.88815817531034
8.565646818000001,-154.8983620682492
8.56754978,-154.91799911672925
8.56951828,-154.92763333420024
8.571572949,-154.93768643069174
8.573846044,-154.94742117912767
8.575718666,-154.94742117912767
8.577592292,-154.95863038171566
8.579657538000001,-154.97769775472784
8.581843897,-154.98731521703803
8.583660551000001,-154.98731521703803
8.585642904,-154.9985579299477
8.587850474,-155.01707238265286
8.589594426,-155.01707238265286
8.591617489,-155.02799674750693
8.593627802,-155.04718140664488
8.595715367,-155.04718140664488
8.597768112,-155.0579717302124
8.599625661000001,-155.0579717302124
8.601635697,-155.0778601061047
8.603685917,-155.0778601061047
8.605589467,-155.09711178588591
8.607523846000001,-155.11708393758235
8.609562642,-155.12663437924925
8.611579482,-155.1366707205799
8.613627869,-155.1366707205799
8.615700164,-155.14709243060943
8.617574214000001,-155.14709243060943
8.619555844,-155.16790234034679
8.621507276,-155.18688593755488
8.623580174,-155.19630233793526
8.625625191000001,-155.2066737824823
8.627534708,-155.21640853091824
8.629616415000001,-155.22579142097695
8.631566978,-155.2363304171322
8.633767114000001,-155.2363304171322
8.635647067,-155.24573006235173
8.637741656000001,-155.24573006235173
8.639536243,-155.26630539983765
8.64149825,-155.28523873156325
8.643626705,-155.29499023516001
8.645568545,-155.30546221067198
8.647475204000001,-155.3148451007307
8.649528336000001,-155.3244625630409
8.651523172000001,-155.33463294565814
8.653851851,-155.34426716312913
8.655630383,-155.34426716312913
8.657601033,-155.3560627963458
8.659604995,-155.37434267679947
8.661552248000001,-155.38437901813015
8.663839385000001,-155.38437901813015
8.665543398,-155.39402999076196
8.667497614,-155.4137340598853
8.669576358,-155.42356933928613
8.671617206,-155.42356933928613
8.673747073000001,-155.43399104931564
8.675599398000001,-155.43399104931564
8.677590367,-155.45480095905302
8.679573344000001,-155.47323163595408
8.681554806000001,-155.4828658534251
8.683562614000001,-155.49281841895169
8.685576502,-155.5029050257648
8.687557882,-155.51280732580892
8.689556446000001,-155.5224415432799
8.691511567000001,-155.53237735364567
8.693674702000001,-155.5419445504734
8.695679795,-155.5419445504734
8.697567733000001,-155.5532542840263
8.69965062,-155.57208708478703
8.701572722,-155.58200613999196
8.703597199,-155.5914728058548
8.705584441000001,-155.60179398491937
8.707543441,-155.61172979528513
8.709844042,-155.62128023695206
8.711626564000001,-155.63188625375057
8.713685376,-155.6415539815432
8.715783514,-155.6415539815432
8.717619609,-155.65231079478912
8.719635924,-155.65231079478912
8.721557308000001,-155.67159598489198
8.723792666000001,-155.6907303785474
8.725611686,-155.70090076116463
8.727543606000001,-155.71076955088714
8.729572522,-155.71998488933767
8.731519453,-155.7299206997034
8.734283335,-155.7399067755516
8.735823688,-155.7399067755516
8.73761187,-155.75316010775953
8.73968323,-155.77004930986524
8.741861313000001,-155.7803872440907
8.743555571,-155.7803872440907
8.745534938,-155.79106028153245
8.747578930000001,-155.8090385690914
8.749563356000001,-155.8191921965478
8.751528868000001,-155.82911125175275
8.753828209,-155.82911125175275
8.755682394,-155.83884600018865
8.757825624,-155.83884600018865
8.759567993000001,-155.85977319605178
8.761627215,-155.87885732422478
8.763523053,-155.88862558298237
8.765589254,-155.89814251432762
8.767558357,-155.90796103856763
8.769668408000001,-155.91828221763222
8.771506651000001,-155.92808398671144
8.773861830000001,-155.93763442837835
8.775693919,-155.93763442837835
8.777613650000001,-155.9499327164196
8.779628006000001,-155.96801153494346
8.781663492,-155.97772952821856
8.783625772,-155.98771560406678
8.785711249,-155.9974671076635
8.787840857,-156.00798934865793
8.789567998,-156.0176570764506
8.791519371,-156.02732480424322
8.793766993,-156.0369925320359
8.795939283000001,-156.0369925320359
8.797622748,-156.0481347139806
8.799582405,-156.06741990408344
8.801702503000001,-156.07715465251934
8.803529296,-156.08705695256347
8.805549645000001,-156.09675819067778
8.807618348,-156.1063924081488
8.809546741,-156.1163952391578
8.81163779,-156.12619700823703
8.813853423000001,-156.1361495737636
8.81584859,-156.1361495737636
8.817593842,-156.1472750005475
8.819776252,-156.16666072161524
8.821679154,-156.177149452288
8.823936749000001,-156.18723605910117
8.825568488,-156.18723605910117
8.827620538,-156.19800962750787
8.829557860000001,-156.21692620407268
8.831532483,-156.22681174895595
8.833860589,-156.23719994866386
8.835653216,-156.23719994866386
8.837699014,-156.24745410708516
8.839719772,-156.24745410708516
8.841621523,-156.26699062460028
8.843559642,-156.2859742218084
8.845704041000001,-156.2958932770133
8.847562253000001,-156.3060301493089
8.849576342,-156.31541303936763
8.851693038,-156.32504725683864
8.853966496,-156.33526790493832
8.855952789,-156.33526790493832
8.857697516,-156.34614200430994
8.859621607000001,-156.3651088463572
8.861551574,-156.37467604318493
8.863606174000001,-156.3847123845156
8.865775739,-156.3946146845597
8.867543504,-156.40470129137285
8.869508157,-156.41405067110992
8.871562521000001,-156.4236513782593
8.873669425000001,-156.43400606764553
8.875672191000001,-156.43400606764553
8.877579386,-156.4449974531429
8.879569839,-156.4638470090644
8.881625783,-156.47384984007346
8.883514597000001,-156.4840202226907
8.885674613,-156.49326907146283
8.887628402,-156.50419343631694
8.889566003,-156.5138108986271
8.891513902,-156.52332782997243
8.893688285000001,-156.5327944958352
8.895660962000001,-156.5327944958352
8.897653556,-156.5440707190665
8.899801069,-156.56290351982722
8.901742255,-156.57340900566084
8.903566774,-156.5829259370061
8.905660427,-156.59244286835136
8.907592897,-156.6024456993604
8.909584234,-156.61223071327876
8.911643394,-156.62209950300127
8.913856318,-156.63166669982897
8.915659239,-156.63166669982897
8.917715253,-156.64294292306028
8.919715615000001,-156.66201029607248
8.921674703,-156.67228120965459
8.923826765000001,-156.6819824477689
8.925626106000001,-156.6819824477689
8.927586446000001,-156.69312462971362
8.929582833000001,-156.7119406753135
8.931599271000001,-156.72140734117633
8.933800306,-156.7313431515421
8.935787711,-156.7313431515421
8.937696038,-156.74216698543125
8.939628045000001,-156.76166999262472
8.941673515,-156.77101937236182
8.943624425000001,-156.78107246885332
8.945654819000001,-156.79112556534483
8.947549839,-156.80044143476022
8.949552681,-156.81014267287452
8.951626666000001,-156.82054762774322
8.953850136,-156.8307682758429
8.955632745,-156.8307682758429
8.957806438,-156.8412570065157
8.959870586000001,-156.86065948274427
8.96159865,-156.86065948274427
8.963568930000001,-156.87081311020066
8.965653075,-156.88988048321286
8.967726394000001,-156.89969900745285
8.96960825,-156.90965157297944
8.971549481,-156.9193025456113
8.97371098,-156.92964047983668
8.975664416,-156.92964047983668
8.977607394000001,-156.9404308034042
8.979519866,-156.95909605255673
8.981507977,-156.96883080099266
8.983555102,-156.97846501846368
8.985578792,-156.98826678754287
8.987544047,-156.9986382320899
8.989719672000001,-157.00840649084748
8.991560875000001,-157.00840649084748
8.993733336,-157.0190962834501
8.995622746,-157.0190962834501
8.997588528000001,-157.0392359867547
8.999621413,-157.0578844807464
9.001555320000001,-157.0679208220771
9.003560516,-157.0777225911563
9.005565327000001,-157.0874573395922
9.00752579,-157.09722559834975
9.009544397,-157.10729545000208
9.011577236,-157.1169464226339
9.013694352,-157.1169464226339
9.015737191000001,-157.12728435685932
9.017642182000001,-157.12728435685932
9.019624740000001,-157.14790995982767
9.021578574000001,-157.16692706735742
9.023503713,-157.17649426418515
9.025568565,-157.18601119553043
9.027548162,-157.19609780234353
9.029561435,-157.20616765399586
9.03159467,-157.21588564727097
9.033859186,-157.21588564727097
9.035742867,-157.22645815374784
9.037797886,-157.22645815374784
9.039730286000001,-157.2468994499472
9.04156983,-157.2659835781202
9.043700927,-157.27578534719942
9.045567794,-157.28587195401252
9.047564105000001,-157.295372130197
9.04979656,-157.30507336831127
9.051599859000001,-157.31519348544603
9.053748779000001,-157.32534711290245
9.055828043,-157.32534711290245
9.057602082,-157.33630498807815
9.059543761,-157.3551712991605
9.061756403,-157.36445365825432
9.063590869,-157.3750094095704
9.065803297,-157.38450958575484
9.067661277000001,-157.39508209223172
9.069715164,-157.40456551325536
9.071643203,-157.41463536490767
9.073786964,-157.42408527560968
9.075963996,-157.42408527560968
9.07785117,-157.43477506821228
9.079655985,-157.43477506821228
9.081650991,-157.45417754444085
9.083654341,-157.47332869325712
9.08562579,-157.4829461555673
9.087644191,-157.49281494528978
9.08963348,-157.50308585887194
9.091561516,-157.51300491407687
9.093838999,-157.52270615219115
9.095726242000001,-157.52270615219115
9.09765668,-157.5342839683172
9.099552995,-157.55284868650477
9.10152783,-157.56263370042316
9.103655321,-157.5721171214468
9.105592474,-157.58193564568683
9.107623625,-157.59183794573093
9.109654136000001,-157.60212561447392
9.111592964,-157.61204466967885
9.11385462,-157.61204466967885
9.115724839,-157.62209776617033
9.117753383,-157.64267310365625
9.119554301,-157.65259215886118
9.121717841,-157.6625949898702
9.123642595,-157.67274861732662
9.125535142,-157.68271793801398
9.127653859,-157.69273752418383
9.129646489,-157.7030251929268
9.131532321,-157.71306153425746
9.133964918,-157.72355026493025
9.135747481000001,-157.72355026493025
9.137777606,-157.73554696007676
9.139656127,-157.75453055728485
9.141709774,-157.76458365377636
9.143571873,-157.77436866769472
9.145589409000001,-157.78373480259262
9.147524441,-157.79350306135018
9.149521733,-157.80313727882123
9.151562066,-157.81255367920156
9.153626121,-157.8223051827983
9.155663016,-157.8223051827983
9.157838176,-157.83286093411436
9.159738894,-157.85226341034294
9.161548249,-157.8618641174923
9.163578101,-157.87156535560658
9.165531894,-157.88163520725888
9.167659587000001,-157.8914537314989
9.169625969,-157.90137278670383
9.171953171,-157.9114929038386
9.173573423,-157.9114929038386
9.175854935,-157.9224005135319
9.177617731,-157.9224005135319
9.179579756,-157.9419202758862
9.181609004,-157.96108817986328
9.183602127,-157.97099047990739
9.185607341,-157.9810603315597
9.187541247,-157.9905102422617
9.189505561,-157.99999366328532
9.191564283,-158.00979543236454
9.193576379000001,-158.02021714239405
9.195616835000001,-158.02990162534752
9.197671809000001,-158.02990162534752
9.199602666,-158.04060817311094
9.201552606,-158.06006091482197
9.203553891,-158.06956109100642
9.205544517,-158.0797817391061
9.207533279,-158.08968403915023
9.209556999,-158.09983766660662
9.211554060000001,-158.10992427341975
9.213539813,-158.12007790087617
9.215757692,-158.13110279669516
9.217799287,-158.13110279669516
9.219674151000001,-158.1413234447948
9.221753472000001,-158.16060863489764
9.223611738,-158.16060863489764
9.225616101,-158.17047742462015
9.227573187,-158.1898799008487
9.22977677,-158.19924603574663
9.231660249,-158.20980178706267
9.233853522,-158.21933547356878
9.235888081,-158.21933547356878
9.237601957,-158.23029334874448
9.239584337,-158.24909263918357
9.241558502,-158.2589949392277
9.243547807,-158.26893074959344
9.245533416,-158.27846443609954
9.247615574000001,-158.28821593969627
9.24971152,-158.29850360843923
9.251653569,-158.30830537751842
9.253576823000001,-158.3179898604719
9.255785832,-158.32817699824992
9.257636742,-158.32817699824992
9.259628695,-158.33903434246076
9.261549823000001,-158.357816877739
9.263599676,-158.36797050519542
9.265642219,-158.37783929491786
9.267669982000001,-158.38740649174562
9.269627149,-158.39750985371955
9.271591605000001,-158.40732837795957
9.273537152000001,-158.4169458402698
9.275633194000001,-158.4169458402698
9.277687699000001,-158.42813828769698
9.279579713,-158.42813828769698
9.281571758,-158.44774182585536
9.283534234000001,-158.46689297467165
9.285510192,-158.47642666117773
9.287533432,-158.48616140961366
9.289531757,-158.496415568035
9.291546625,-158.50608329582764
9.293623223,-158.51608612683663
9.295688401000001,-158.51608612683663
9.297596535,-158.52677591943927
9.299526781,-158.54602759922045
9.301550533,-158.5557623476564
9.303529916,-158.56554736157477
9.305562589,-158.57534913065396
9.307551071,-158.5855530235928
9.309554525000001,-158.59523750654628
9.311556029,-158.60517331691204
9.313628408000001,-158.61502535147372
9.31564099,-158.61502535147372
9.317613385000001,-158.6257151440763
9.319813191,-158.6450338445008
9.321559639,-158.6450338445008
9.323553038,-158.65590794387245
9.325540129,-158.6743721310951
9.327495463,-158.68412363469184
9.329551144,-158.69364056603712
9.331498468000001,-158.70369366252862
9.333643793,-158.71346192128618
9.335673682000001,-158.71346192128618
9.337658827,-158.7245705929093
9.339633454000001,-158.7438222726905
9.341623539,-158.75395914498606
9.343518354,-158.76376091406527
9.345505367000001,-158.77311029380235
9.347576441000001,-158.783146635133
9.349525368,-158.79343430387598
9.351514318000001,-158.80321931779434
9.353573813,-158.81293731106945
9.355747825,-158.82362710367207
9.357858387,-158.83334509694717
9.359668483,-158.83334509694717
9.361609627,-158.84371654149422
9.363561269,-158.8625325870941
9.365643647,-158.87201600811775
9.367601183000001,-158.88250473879057
9.369644043000001,-158.89190438401008
9.371629384,-158.9018066840542
9.373845317,-158.91184302538488
9.375778438000001,-158.91184302538488
9.377613965,-158.9231527589378
9.37968214,-158.94166721164297
9.381753136,-158.95202190102918
9.383582351000001,-158.9616561185002
9.385564293,-158.97134060145368
9.38763344,-158.9811591256937
9.389567300000001,-158.99102791541617
9.391592816000001,-159.00141611512404
9.393930853,-159.01096655679095
9.395662168000001,-159.01096655679095
9.397733343,-159.02252761775614
9.399693627000001,-159.04072372240574
9.401732765,-159.05037469503756
9.403732965000001,-159.06049481217235
9.405676163,-159.07007876416088
9.407857831000001,-159.0797129816319
9.409716804,-159.09005091585732
9.411706365,-159.0998694400973
9.413772952,-159.1095539230508
9.415920876000001,-159.1095539230508
9.417752504000001,-159.12079663596043
9.419872141,-159.14013209154572
9.421682698000001,-159.14013209154572
9.423682296,-159.15045327061034
9.425727579,-159.16983899167806
9.427663232,-159.18052878428068
9.429669318,-159.19041432916399
9.43172271,-159.20050093597715
9.434032759,-159.2114085456704
9.435891095,-159.2114085456704
9.437664548,-159.22213184859461
9.43972733,-159.24230506222088
9.4417095,-159.2521068313001
9.443720808,-159.26169078328863
9.445703083,-159.2718946762275
9.447645143,-159.2815959143418
9.449757963,-159.2913306627777
9.451805515,-159.30186965893293
9.454120423,-159.3113698351174
9.455886631,-159.3113698351174
9.457869948,-159.32182505546854
9.459781077,-159.32182505546854
9.461717617000001,-159.34134481782286
9.463775841,-159.36094835598126
9.465869114,-159.37075012506045
9.467647782,-159.38065242510456
9.469820092,-159.39050445966623
9.471709285000001,-159.40064133196182
9.473961378,-159.41051012168427
9.475771568,-159.41051012168427
9.477732264,-159.42267436843898
9.479694102,-159.44122233146578
9.48167855,-159.45063873184614
9.483639552000001,-159.4608091144634
9.485751579,-159.47042657677355
9.487610729,-159.4800272839229
9.48972333,-159.4902646871834
9.49176347,-159.50043506980063
9.493828431,-159.51015306307573
9.495946187000001,-159.51015306307573
9.497656443,-159.52107742792984
9.499662477000001,-159.54001075965547
9.501620629000001,-159.549594711644
9.503677933,-159.55976509426122
9.505627978000001,-159.56936580141058
9.507564579,-159.57930161177634
9.50976262,-159.58928768762456
9.51168833,-159.58928768762456
9.513872113000001,-159.5998434389406
9.515615365,-159.5998434389406
9.517598797,-159.62067010383882
9.519634767000001,-159.63923482202645
9.521884332,-159.64937169432204
9.523590829,-159.64937169432204
9.525528642000001,-159.66041334530186
9.527502356000001,-159.6783078570567
9.529539714,-159.68844472935228
9.531527692000001,-159.69821298810984
9.533864723,-159.70813204331478
9.535735053,-159.70813204331478
9.537582914000001,-159.7200784729788
9.539646614,-159.73837510859332
9.541875557000001,-159.74866277733628
9.543567756,-159.74866277733628
9.545564678,-159.75990549024593
9.547563356000001,-159.77823563618207
9.549527725,-159.7883222429952
9.551625892,-159.7979229501446
9.553866182,-159.80816035340507
9.555849313000001,-159.81866583923866
9.55768297,-159.81866583923866
9.559575525000001,-159.8292718560372
9.561591144000001,-159.84763551229497
9.563523396,-159.85750430201745
9.565637180000001,-159.8671050091668
9.567680751000001,-159.8768732679244
9.569542881,-159.88685934377258
9.571534825,-159.8966611128518
9.573820662000001,-159.90663043353916
9.575667597,-159.90663043353916
9.577791889,-159.91782288096636
9.579639432,-159.93689025397856
9.581669187000001,-159.94630665435892
9.583634612,-159.94630665435892
9.585593583000001,-159.95667809890597
9.587621922,-159.97576222707897
9.589631464,-159.9858990993746
9.591567353,-159.99553331684558
9.593779319000001,-160.00550263753294
9.595676506,-160.00550263753294
9.597660340000001,-160.0163599817438
9.599562697000001,-160.0163599817438
9.601713918,-160.03599703022383
9.603566299,-160.055248710005
9.605519518000001,-160.06473213102865
9.607675145,-160.0744836346254
9.609550614,-160.084989120459
9.611577989,-160.09423796923113
9.613825415,-160.10437484152675
9.615649767,-160.10437484152675
9.617634882,-160.1152656960592
9.619663161,-160.1152656960592
9.621742034,-160.13429955874975
9.623641583000001,-160.13429955874975
9.625703296000001,-160.15445601721518
9.627600944000001,-160.17348987990573
9.62957461,-160.18376079348783
9.631648643,-160.19277507000857
9.633749942000001,-160.2029789629474
9.635618064,-160.2029789629474
9.637590668000001,-160.21432220682198
9.639598397,-160.21432220682198
9.641551556000001,-160.23337282467335
9.643595402,-160.2525742389721
9.645677819000001,-160.26262733546358
9.647656021000001,-160.27217777713048
9.649753661,-160.28290108005473
9.651566137000001,-160.29228397011343
9.653645844000001,-160.30176739113708
9.655688736,-160.30176739113708
9.657583126,-160.3124571837397
9.659546157000001,-160.33288172477825
9.661551664000001,-160.3418289806557
9.663560714,-160.35203287359454
9.665566278,-160.36195192879947
9.667555111,-160.37153588078803
9.669578941000001,-160.38247700080294
9.671535113000001,-160.3915582979669
9.673668988000001,-160.40124278092037
9.675667484,-160.40124278092037
9.677683146000001,-160.41226767673936
9.679582464000001,-160.41226767673936
9.681571206000001,-160.43227333875743
9.683541597000001,-160.45147475305617
9.685549035000001,-160.46117599117045
9.687550353,-160.47136312894847
9.689528307,-160.48211994219437
9.69156373,-160.4908828913028
9.693639923000001,-160.50096949811592
9.695654077,-160.50096949811592
9.697586454000001,-160.51154200459277
9.699570816000001,-160.53116229791203
9.701560232,-160.54012630895025
9.703541553,-160.5499615883511
9.705558473,-160.5598638883952
9.707541263000001,-160.5700845364949
9.709534742,-160.5807073084542
9.71155328,-160.58972158497494
9.713768114,-160.59964064017987
9.715642685,-160.59964064017987
9.717573509000001,-160.61083308760706
9.719594313,-160.6301182777099
9.721636854,-160.63898175778323
9.723683918,-160.64915214040045
9.725681436,-160.65930576785686
9.727585661,-160.66878918888048
9.729641225,-160.679579512448
9.731516764,-160.6886775647728
9.7335686,-160.6979599238666
9.735685546000001,-160.70794599971484
9.737612746,-160.70794599971484
9.739617453000001,-160.71845148554843
9.741570546,-160.73798800306355
9.743585040000001,-160.74767248601702
9.745530125,-160.75774233766933
9.747571537,-160.76752735158772
9.749530969,-160.77841820612016
9.751535182000001,-160.7870303587812
9.753990496,-160.79694941398614
9.755952432,-160.79694941398614
9.757751564000001,-160.80797430980513
9.759764877,-160.82806374762728
9.761581342000001,-160.83717855511287
9.763651241,-160.84651117968914
9.76566805,-160.85693288971868
9.767590712,-160.8670530068534
9.769792319,-160.87817843363734
9.771643151000001,-160.8873099962838
9.773889345,-160.8973798479361
9.775699902000001,-160.8973798479361
9.777663995000001,-160.9082539473077
9.779818303,-160.92839365061232
9.78163011,-160.92839365061232
9.783623087,-160.93866456419448
9.785871583,-160.95736332366863
9.787595304,-160.95736332366863
9.789669596000001,-160.9678185440198
9.791633575,-160.98693618251443
9.793804295000001,-160.99675470675442
9.795745618,-160.99675470675442
9.797745749,-161.00759529580444
9.79979845,-161.02716532364119
9.801715051,-161.02716532364119
9.803765881,-161.03693358239872
9.805550272000001,-161.05585015896355
9.807675776,-161.06560166256028
9.809552420000001,-161.06560166256028
9.811532895000001,-161.0771627235255
9.813643276,-161.09545935914002
9.815674547,-161.09545935914002
9.817626046,-161.10636696883327
9.819641065,-161.126590447942
9.821645031000001,-161.1355377038194
9.823620163000001,-161.14535622805943
9.825582240000001,-161.15495693520882
9.827552576,-161.1644571113933
9.829526142,-161.1755155175339
9.831535957,-161.18390985310427
9.833913716000001,-161.1941640115256
9.835675981000001,-161.1941640115256
9.837618673000001,-161.20453545607265
9.839639219,-161.20453545607265
9.841579088000001,-161.22485946614628
9.843689413,-161.24307232595666
9.845572483,-161.2532427085739
9.847572904,-161.262960701849
9.849772035,-161.262960701849
9.851567167,-161.27433745604523
9.853866056000001,-161.2928686639112
9.855902275,-161.2928686639112
9.857608253,-161.3040778664992
9.859645482000001,-161.32413379399972
9.861842468,-161.33239408828356
9.863614831000001,-161.34256447090078
9.865632136,-161.35234948481917
9.867557681000001,-161.361816150682
9.869607788000001,-161.37344423229047
9.871811351,-161.38138617851874
9.873903432,-161.39175762306579
9.875851358,-161.39175762306579
9.877894607,-161.40284953952806
9.879622081,-161.40284953952806
9.881630608,-161.42344163217481
9.883593098,-161.44183879875422
9.885685479000001,-161.45174109879835
9.887673362000001,-161.46226333979277
9.889569335000001,-161.46226333979277
9.891618985000001,-161.4737741352755
9.893840936,-161.49264044635788
9.895669856000001,-161.49264044635788
9.897587756,-161.50322970799556
9.89958852,-161.52378829032065
9.901579194,-161.53193129847875
9.903660934000001,-161.54138120918077
9.905614464000001,-161.54138120918077
9.907588242000001,-161.55163536760207
9.909657956,-161.57261282894763
9.911576868000001,-161.57261282894763
9.913844249,-161.58094014387476
9.915732106,-161.58094014387476
9.917657013000001,-161.60148197103905
9.919770237,-161.60148197103905
9.921688278000001,-161.62220810497232
9.923712163000001,-161.640487985426
9.925592828000001,-161.65034001998765
9.927568688000001,-161.65958886875984
9.929706599000001,-161.66969223073377
9.931558852,-161.67974532722525
9.933818484000001,-161.68961411694775
9.935655403,-161.68961411694775
9.937595531000001,-161.70099087114394
9.939602549,-161.70099087114394
9.941598337,-161.72156620862987
9.943540030000001,-161.73941045490224
9.945587176,-161.74897765172997
9.947622535,-161.75896372757816
9.949588163000001,-161.75896372757816
9.951588673,-161.77075936079487
9.953651898,-161.7887041380322
9.955797187,-161.7887041380322
9.957753177,-161.79944419611726
9.959980700000001,-161.79944419611726
9.96169285,-161.82042165746282
9.963601786,-161.8382323934136
9.965930014000001,-161.84766554895475
9.967624047000001,-161.84766554895475
9.969674744,-161.85885799638194
9.971670059000001,-161.87707085619235
9.973885024000001,-161.88739203525694
9.975745526,-161.88739203525694
9.97765882,-161.89848395171921
9.979798013,-161.9173670179624
9.98157068,-161.92735309381058
9.983563962,-161.93660194258277
9.985633339000001,-161.94680583552162
9.987569931000001,-161.956775156209
9.989632321,-161.9664931494841
9.991637798000001,-161.9766132666189
9.99385082,-161.98613019796414
9.995729955,-161.98613019796414
9.997942223,-161.99690376637085
9.999652625000001,-161.99690376637085
10.001598098,-162.0182665964153
10.003708394,-162.03597680140112
10.005577332000001,-162.0458455911236
10.007587853,-162.05536252246887
10.009558854,-162.06529833283463
10.011631958,-162.07515036739628
10.013878393,-162.0846170332591
10.015769876,-162.0846170332591
10.017737720000001,-162.09594352197283
10.019722558,-162.11512818111075
10.021696919,-162.1248796847075
10.023662658000001,-162.13535166021947
10.025680170000001,-162.144751305439
10.027561275,-162.15416770581936
10.029626910000001,-162.16388569909446
10.032109851000001,-162.17383826462105
10.033653513,-162.17383826462105
10.03593588,-162.18581820460673
10.037841398000001,-162.18581820460673
10.039670866,-162.20456722956337
10.041788185000001,-162.22324923387671
10.043754722000001,-162.23387200583602
10.046013528000001,-162.2431878752515
10.047711773000001,-162.2431878752515
10.049713418000001,-162.25419601590966
10.05162688,-162.27272722377563
10.053766502,-162.28279707542794
10.055842554,-162.28279707542794
10.057704438,-162.29310149933173
10.059800049000001,-162.31236993427373
10.061709941,-162.31236993427373
10.063694158,-162.32309323719798
10.065663993000001,-162.34195954828036
10.067592565,-162.35159376575137
10.069571929,-162.36166361740368
10.071569505000001,-162.37144863132204
10.073716192000001,-162.38123364524043
10.075800549,-162.38123364524043
10.077608026,-162.39227529622025
10.079616583,-162.41174479309208
10.081866,-162.41174479309208
10.083567392,-162.42142927604556
10.085564483,-162.44148520354608
10.087787826000001,-162.45158856552004
10.089601158,-162.45158856552004
10.091564887,-162.46428897742095
10.093599430000001,-162.48129546565238
10.095742431000001,-162.49170042052106
10.097617361000001,-162.49170042052106
10.099584471,-162.50166974120845
10.101580643,-162.50166974120845
10.103596637,-162.5206868487382
10.105606681000001,-162.5206868487382
10.107546081,-162.54042442818314
10.109516495000001,-162.5602457834322
10.111594121000001,-162.5602457834322
10.113722864000001,-162.56974595961665
10.115723014,-162.56974595961665
10.117620966,-162.59074017612303
10.119658819000001,-162.60982430429604
10.121562076,-162.60982430429604
10.123563761,-162.61989415594832
10.12557377,-162.63907881508626
10.127538401,-162.64879680836137
10.129605184,-162.65861533260139
10.131638719000001,-162.66870193941452
10.133646238,-162.67888907719254
10.135642597,-162.67888907719254
10.137680652,-162.6890929701314
10.139588697,-162.6890929701314
10.141565751,-162.7084284257167
10.143570015,-162.72746228840725
10.145595980000001,-162.73769969166776
10.147517645,-162.74756848139023
10.149506362,-162.7570854127355
10.151572095,-162.76690393697555
10.153715631,-162.7771245850752
10.155629194000001,-162.7771245850752
10.157727053,-162.78816623605502
10.159723429000001,-162.80708281261985
10.161637156000001,-162.80708281261985
10.163579431,-162.81688458169904
10.165740338,-162.83605248567613
10.167684799,-162.84639041990155
10.169631771,-162.85614192349828
10.171885798,-162.86599395805996
10.173860148000001,-162.86599395805996
10.175748729,-162.87748799838187
10.177929207,-162.89625377849933
10.179832129000001,-162.89625377849933
10.181633925,-162.90679277465458
10.183672018000001,-162.92532398252055
10.185653516,-162.9353603238512
10.187600779,-162.94511182744796
10.189631896,-162.95482982072306
10.19170573,-162.9648494068929
10.193783461,-162.9749862791885
10.195822111,-162.9749862791885
10.197812383,-162.98574309243438
10.199592813,-162.98574309243438
10.201875347000001,-163.0049109964115
10.20364458,-163.0244475139266
10.205632782,-163.03384715914615
10.207821751,-163.04393376595928
10.209636265,-163.0539365969683
10.211641685,-163.0634702834744
10.213878150000001,-163.0634702834744
10.215813757000001,-163.07382497286062
10.217764721,-163.07382497286062
10.219573222000001,-163.09431653454246
10.22161793,-163.11346768335872
10.223678944000001,-163.12343700404614
10.225532237000001,-163.13295393539138
10.227789748000001,-163.14280596995306
10.229587438000001,-163.14280596995306
10.23186124,-163.1538811312545
10.233719314,-163.1726134010503
10.235863828000001,-163.1726134010503
10.237731154,-163.1834539901003
10.239598477000001,-163.20258838375577
10.241874844,-163.21220584606593
10.24374511,-163.21220584606593
10.245681256000001,-163.22358260026218
10.247721556,-163.24197976684158
10.249644111,-163.25199935301143
10.251798106,-163.26180112209062
10.253955629,-163.26180112209062
10.255844202,-163.27222283212015
10.257684518000001,-163.27222283212015
10.259670287,-163.29276465928442
10.261787141000001,-163.3115639497235
10.263717807,-163.32168406685824
10.265691844000001,-163.33158636690237
10.267643645000001,-163.3411703188909
10.269897357000001,-163.35108937409586
10.271586113000001,-163.36124300155228
10.273733313000001,-163.37107828095307
10.275797391000001,-163.37107828095307
10.277639517,-163.3819523803247
10.279901695000001,-163.40117054978427
10.281712455000001,-163.4109890740243
10.283854998,-163.42048925020876
10.285701292,-163.42048925020876
10.287614413,-163.43107851184647
10.289586457,-163.45027992614519
10.291713681000001,-163.4601654710285
10.293709392,-163.4709390394352
10.295961782000001,-163.4709390394352
10.29779268,-163.4810926668916
10.299658817000001,-163.4810926668916
10.301686696,-163.50101455310556
10.303624632,-163.52008192611777
10.305557745,-163.53006800196596
10.307515935000001,-163.53966870911532
10.309521336000001,-163.5490683543349
10.311595579,-163.559154961148
10.313595983,-163.56934209892603
10.315788689000001,-163.5795459918649
10.317600539,-163.5795459918649
10.319621007,-163.59016876382424
10.321763895,-163.60905183006741
10.323672526000001,-163.60905183006741
10.325619589,-163.61985890879578
10.327707668,-163.6387922405214
10.329670058000001,-163.64837619250997
10.331778201,-163.65852981996633
10.333764657000001,-163.65852981996633
10.335916098,-163.6692531228906
10.337779039,-163.6692531228906
10.339743002,-163.6888399058882
10.341580352000001,-163.70794078922202
10.343625336,-163.71727341379827
10.345632151,-163.7277788996319
10.348542249000001,-163.73719530001225
10.349760428000002,-163.73719530001225
10.351760649000001,-163.7521241483021
10.353825128,-163.76676815885804
10.355692390000002,-163.76676815885804
10.357662173000001,-163.77774278919458
10.359702091,-163.79721228606644
10.361655721,-163.80682974837663
10.363654863,-163.8168828448681
10.365594305,-163.8262657349268
10.367588939000001,-163.83603399368437
10.369920985,-163.84630490726653
10.371599596000001,-163.85577157312935
10.37375561,-163.86599222122902
10.375789915,-163.86599222122902
10.377689960000001,-163.87638042093687
10.379666396000001,-163.895364018145
10.381801090000002,-163.90531658367155
10.383629743,-163.9156880282186
10.385718986,-163.92507091827733
10.387637533000001,-163.93542560766355
10.389688688000001,-163.9451938664211
10.391552668000001,-163.95481132873132
10.393636619,-163.9640936878251
10.3959123,-163.97505156300085
10.39763563,-163.97505156300085
10.399582763000002,-163.986428317197
10.401646560000001,-164.00450713572087
10.403624706,-164.01476129414223
10.405538708,-164.02442902193485
10.407563407000001,-164.03404648424507
10.409584703,-164.04418335654063
10.411522273000001,-164.0543202288362
10.413750806000001,-164.06380364985984
10.415753517,-164.06380364985984
10.417997854000001,-164.0745437079449
10.419594163000001,-164.09449910448052
10.421526925,-164.10404954614742
10.423634255000001,-164.1140188668348
10.425519367000001,-164.1238038807532
10.427637774,-164.13358889467162
10.429821287000001,-164.14389331857535
10.431633884,-164.15414747699668
10.434175592,-164.1633293051256
10.435742935,-164.1633293051256
10.437633046,-164.17544328639784
10.439624757,-164.19286865364973
10.441827905,-164.2030055259453
10.443711468,-164.2030055259453
10.445613192000001,-164.2133937256532
10.44763459,-164.23236056770045
10.449650041,-164.2421958471013
10.451537231000001,-164.2519138403764
10.45375942,-164.26186640590296
10.455883491,-164.26186640590296
10.457665529,-164.27285779140033
10.459638043,-164.29205920569908
10.461801322000001,-164.30176044381335
10.463602697,-164.30176044381335
10.465560344,-164.31191407126974
10.467861718,-164.33096468912112
10.469684693000001,-164.34123560270325
10.471557764,-164.35086982017427
10.473811735,-164.36083914086166
10.47578187,-164.36083914086166
10.477687562,-164.37166297475085
10.479579046000001,-164.37166297475085
10.481582098,-164.39118273710514
10.483584646,-164.41045117204717
10.485549736000001,-164.4200351240357
10.487671555,-164.4300044447231
10.489567722,-164.44000727573214
10.491521482000001,-164.4499598412587
10.493805234,-164.4594097519607
10.495692965,-164.4594097519607
10.497640895,-164.47055193390545
10.499846116,-164.4894350001486
10.501594177000001,-164.49947134147928
10.503532367,-164.5090552934678
10.505527354,-164.51862249029554
10.507575012,-164.52859181098296
10.509775511,-164.53876219360018
10.511855184,-164.5494017207203
10.513728442000001,-164.5494017207203
10.515907571000001,-164.559069448513
10.517644151,-164.559069448513
10.519625112,-164.57895782440528
10.521621041000001,-164.59814248354323
10.523588015000001,-164.6078437216575
10.525622949,-164.61799734911392
10.527563992000001,-164.62774885271065
10.52954038,-164.63773492855884
10.531562417,-164.64753669763806
10.533759187000001,-164.65765681477282
10.535953020000001,-164.65765681477282
10.537815409,-164.6684136280187
10.539649303000001,-164.68769881812156
10.5415658,-164.69714872882355
10.543560607,-164.70684996693785
10.545559414000001,-164.7166349808562
10.547583477,-164.72636972929214
10.549722485,-164.73652335674853
10.55156561,-164.74654294291838
10.553722034000002,-164.75641173264086
10.555668511,-164.75641173264086
10.557636426,-164.76738636297742
10.559632494,-164.78635320502468
10.561885892000001,-164.7962555050688
10.563569967000001,-164.7962555050688
10.565560542,-164.8071966250837
10.567558274000001,-164.82554352618067
10.569546030000001,-164.83551284686806
10.571528782000001,-164.84528110562562
10.573630547,-164.85509962986563
10.575673392,-164.85509962986563
10.577598331,-164.86597372923725
10.579579225,-164.88522540901846
10.581741242000001,-164.8958481809778
10.583590184,-164.90487921265932
10.585646809,-164.91436263368294
10.587638589,-164.92434870953116
10.589566762,-164.93428451989692
10.591655509,-164.94386847188548
10.593879537000001,-164.94386847188548
10.595807238,-164.95398858902024
10.597787633000001,-164.97421206812894
10.599716313,-164.98416463365552
10.601536475000001,-164.99388262693063
10.603571759000001,-165.00311472054196
10.605562166,-165.01330185832
10.607583537,-165.02305336191674
10.609595628000001,-165.0331734790515
10.611545166,-165.04309253425646
10.614005061,-165.05279377237076
10.615824120000001,-165.05279377237076
10.617772693000001,-165.06428781269267
10.619636586,-165.08295306184522
10.621725694,-165.0928386067285
10.62421969,-165.10292521354162
10.625721881,-165.10292521354162
10.627598194,-165.11413441612962
10.629769442,-165.13176084531136
10.631688719000001,-165.14198149341104
10.633979994,-165.15146491443468
10.635849904,-165.15146491443468
10.637641434,-165.1623390138063
10.639631457,-165.18165771423077
10.641632939,-165.19137570750587
10.643634513,-165.201093700781
10.645672265,-165.21076142857365
10.647690601,-165.22057995281367
10.649668201,-165.2306665596268
10.651708058,-165.24090396288727
10.653854664,-165.25067222164483
10.655968092,-165.25067222164483
10.657894449,-165.26142903489074
10.659807113000001,-165.2807309801544
10.661609573,-165.2905327492336
10.663707952000001,-165.30023398734787
10.666011625000001,-165.31052165609083
10.667631882,-165.3202899148484
10.669637433,-165.3298236013545
10.671648929,-165.33959186011205
10.673947389,-165.34952767047778
10.675771292,-165.34952767047778
10.677812862000001,-165.36068660758335
10.679741521,-165.36068660758335
10.681623851000001,-165.37997179768618
10.683627953,-165.3988548639294
10.685630421,-165.40874040881266
10.687634090000001,-165.41904483271645
10.689623983,-165.42856176406173
10.69171009,-165.43844730894503
10.693772410000001,-165.4485841812406
10.695837482,-165.4485841812406
10.697890883000001,-165.45922370836075
10.699843298000001,-165.45922370836075
10.701700249,-165.47926288070045
10.703690584,-165.49851456048162
10.705653697,-165.50801473666607
10.707622052000001,-165.51830240540906
10.709638555000002,-165.5276852954678
10.711701654,-165.53772163679844
10.713880938,-165.54733909910863
10.715809855,-165.54733909910863
10.717658209000001,-165.5589504255563
10.719760323000001,-165.5589504255563
10.721753019000001,-165.5782021053375
10.723802716,-165.59907903571815
10.725537719,-165.60923266317457
10.727641921,-165.61945331127424
10.729546329000001,-165.62959018356983
10.731533274,-165.6394589732923
10.73382113,-165.64932776301478
10.735662196,-165.64932776301478
10.737617036000001,-165.66103962042735
10.739609858000001,-165.66103962042735
10.741614434,-165.67943678700678
10.743553959000002,-165.70012941061842
10.745535511,-165.70978038325026
10.747577448000001,-165.71964917297274
10.749633416,-165.7297860452683
10.75156812,-165.7393867524177
10.753787297,-165.74845129442085
10.755650356,-165.74845129442085
10.757647127,-165.7596940073305
10.759630060000001,-165.7596940073305
10.761605078,-165.77820846003561
10.763590814,-165.79814710141042
10.765551414,-165.80766403275572
10.767584981,-165.81776739472963
10.769521441,-165.82755240864802
10.771545861,-165.83720338127986
10.773652088,-165.84715594680642
10.775708637000001,-165.84715594680642
10.777664345,-165.85774520844413
10.779628189,-165.85774520844413
10.781592779,-165.87724821563762
10.783586693,-165.8969522847609
10.785623331,-165.90685458480505
10.787556440000001,-165.91674012968835
10.789559379,-165.92612301974705
10.791571193000001,-165.93620962656018
10.794147988,-165.9461957024084
10.795677466,-165.9461957024084
10.797738353000002,-165.95998519976254
10.799881569,-165.9758858473799
10.801577648,-165.9758858473799
10.803733939,-165.98686047771645
10.805593539,-166.00539168558242
10.807550611,-166.0152604753049
10.809773554000001,-166.0152604753049
10.811570235000001,-166.02509575470575
10.813803626,-166.04493386511564
10.815619548,-166.04493386511564
10.817579892000001,-166.0563441296335
10.819586054,-166.07482507201695
10.821565744,-166.08461008593534
10.823569448,-166.09432807921044
10.825724675,-166.10448170666686
10.827626437000001,-166.10448170666686
10.829528731,-166.11523851991277
10.831770921,-166.13388701390446
10.833617316000002,-166.13388701390446
10.835718201,-166.14501244068836
10.837611848,-166.14501244068836
10.839589095000001,-166.16461597884677
10.841577608000001,-166.18339851412503
10.843711006000001,-166.19313326256096
10.845689922,-166.20328689001735
10.847550360000001,-166.213138924579
10.849823970000001,-166.2229071833366
10.851624855,-166.2229071833366
10.853771511000001,-166.2342001617287
10.855644448000001,-166.2342001617287
10.857724622000001,-166.25387072053036
10.859580696,-166.2723684180747
10.861646112,-166.28205290102818
10.86357957,-166.2923238146103
10.865608387,-166.30190776659887
10.8676151,-166.31216192502015
10.869584809000001,-166.32203071474265
10.871542312,-166.33174870801773
10.873888446,-166.34153372193614
10.875703734,-166.34153372193614
10.877598138000002,-166.35297749677562
10.87961677,-166.35297749677562
10.881589045,-166.37147519431994
10.883582950000001,-166.39121277376492
10.885559542000001,-166.40069619478854
10.887623162,-166.41066551547593
10.889610873,-166.42040026391183
10.891667737,-166.43023554331268
10.893900546000001,-166.43023554331268
10.895757922000001,-166.44033890528664
10.897606365000001,-166.44033890528664
10.899721171000001,-166.4608807324509
10.901590851,-166.47976379869408
10.903578877000001,-166.48953205745164
10.905641204,-166.49976946071214
10.907711858,-166.50931990237905
10.909582257,-166.5194400195138
10.911632555,-166.52942609536203
10.913875197000001,-166.53922786444122
10.915843092000001,-166.53922786444122
10.917664567000001,-166.55015222929532
10.919682247,-166.5696887468104
10.921692974,-166.5696887468104
10.923600106,-166.579272698799
10.925553493,-166.5986081543843
10.927542348000001,-166.60835965798103
10.929593342,-166.6184797751158
10.931562793000001,-166.62823127871252
10.933880577,-166.62823127871252
10.935667466,-166.63825086488237
10.93764456,-166.65872567140337
10.939825621,-166.66857770596505
10.941695502,-166.67816165795358
10.943798710000001,-166.68786289606788
10.945557076,-166.69761439966462
10.947567878000001,-166.70805286485495
10.949575339,-166.7179048994166
10.951569228,-166.72794124074727
10.953806681000001,-166.7381953991686
10.955736585,-166.7381953991686
10.957613977000001,-166.74895221241448
10.959600756,-166.76843846444714
10.961583636,-166.77800566127488
10.963574524,-166.78777392003244
10.965612205000001,-166.79757568911162
10.967618148000001,-166.80704235497444
10.969534789,-166.81667657244546
10.971591625,-166.82659562765042
10.973717128,-166.8364811725337
10.975739788,-166.8364811725337
10.97763461,-166.84757308899597
10.979750969000001,-166.86699232038535
10.981572112,-166.87620765883588
10.983575718,-166.88605969339756
10.985635113,-166.89592848312003
10.987613342000001,-166.90581402800333
10.989649773,-166.9155152661176
10.991587996,-166.92573591421728
10.993816089000001,-166.9358895416737
10.99568552,-166.9358895416737
10.997620511000001,-166.94696470297512
10.999549349,-166.96568021761013
11.001736243,-166.97516363863377
11.003601774,-166.98545130737674
11.005657710000001,-166.99493472840035
11.007697365,-167.00488729392694
11.009594575000001,-167.01472257332776
11.011568377000001,-167.0246416285327
11.013885238,-167.0343596218078
11.015715715,-167.0343596218078
11.017711521,-167.0456526001999
11.019594161,-167.06470321805128
11.021596549,-167.0748065800252
11.023662826,-167.08447430781789
11.025675147000001,-167.0944938939877
11.027565381,-167.10456374564004
11.029567168,-167.1144492905233
11.032272342,-167.1144492905233
11.033731218000002,-167.1244018560499
11.035910441,-167.1244018560499
11.037977997,-167.14623383059725
11.039811997000001,-167.14623383059725
11.041675999,-167.1659546548814
11.043577996000002,-167.18550792755732
11.045572112,-167.195728575657
11.047570773,-167.2053460379672
11.049546387000001,-167.21521482768966
11.051558087,-167.2245977177484
11.053894011,-167.23419842489776
11.055619017000001,-167.23419842489776
11.057642265,-167.24503901394775
11.059577798000001,-167.2638885698693
11.061744937,-167.27350603217948
11.063610596,-167.28391098704816
11.065563875,-167.2934949390367
11.067630464,-167.30321293231182
11.069652249,-167.3131822529992
11.071645456,-167.32300077723923
11.073831336000001,-167.33280254631842
11.075735935,-167.33280254631842
11.077595135000001,-167.34421281083627
11.079591856,-167.36292832547124
11.081617016000001,-167.37256254294223
11.083677677,-167.382498353308
11.085592505000001,-167.39233363270887
11.087907131000001,-167.40223593275297
11.089643983,-167.40223593275297
11.091659222,-167.41317705276785
11.093837421,-167.4316077296689
11.095752114000001,-167.4316077296689
11.097773783000001,-167.44336985256396
11.09956183,-167.4614151607662
11.101787308,-167.47116666436293
11.103687029000001,-167.47116666436293
11.105653486000001,-167.4824261324334
11.107575475,-167.50102436094264
11.109610509000001,-167.51096017130837
11.111592768000001,-167.52081220587004
11.113804685,-167.53042966818026
11.115718786,-167.53042966818026
11.117702769000001,-167.54125350206942
11.119679860000002,-167.56048842668977
11.121731325,-167.57094364704093
11.123632215,-167.58054435419032
11.125654679,-167.5902455923046
11.127648392000001,-167.59976252364987
11.130088697000001,-167.60971508917643
11.131904727,-167.60971508917643
11.133829578,-167.6207064746738
11.135623357,-167.6207064746738
11.137631474,-167.6407121366919
11.139802529,-167.65939414100524
11.141844324000001,-167.66939697201423
11.143967313000001,-167.67904794464607
11.145749844000001,-167.68935236854983
11.147790973000001,-167.69870174828694
11.14962601,-167.70852027252695
11.151767613,-167.71874092062663
11.153867432,-167.72867673099236
11.155831823000002,-167.72867673099236
11.157862464,-167.74001997486695
11.159679965,-167.7597743094727
11.161709198,-167.7694923027478
11.163638735000001,-167.77947837859605
11.165662886000002,-167.78919637187113
11.167769569,-167.79886409966377
11.169699997,-167.80881666519036
11.171669772000001,-167.8187524755561
11.173664064,-167.8286212652786
11.175743437000001,-167.8286212652786
11.177599667,-167.8391267511122
11.179573623000001,-167.8579763070337
11.181556093000001,-167.86796238288193
11.183599645000001,-167.8775295797097
11.185800124,-167.88748214523625
11.187587421,-167.88748214523625
11.189565307,-167.89870810298504
11.191565946,-167.91715553504696
11.193606611,-167.9270913454127
11.195779731,-167.93752981060302
11.197620379,-167.93752981060302
11.199613429000001,-167.94771694838107
11.201631014,-167.96708591428802
11.203569237,-167.97688768336718
11.205592605000001,-167.98618679762183
11.207602434,-167.99672579377707
11.209788021000001,-168.006644848982
11.211555708,-168.01669794547348
11.213657198,-168.02594679424567
11.21591714,-168.03653605588337
11.217732919000001,-168.03653605588337
11.219721493000002,-168.04737664493334
11.221586471,-168.06619269053326
11.223595472000001,-168.07596094929082
11.225641235000001,-168.08608106642558
11.227680452000001,-168.09628495936443
11.229697493000002,-168.10704177261033
11.23154903,-168.11670950040295
11.233636862000001,-168.12629345239154
11.235672069000001,-168.12629345239154
11.237644268,-168.13689946919004
11.239640832000001,-168.1555982286642
11.241794899,-168.16578536644224
11.243638970000001,-168.16578536644224
11.245545758,-168.1763243625975
11.247636049,-168.19502312207166
11.249572780000001,-168.2054783424228
11.251533,-168.21574925600495
11.253662746,-168.22493108413383
11.255667734000001,-168.22493108413383
11.257864903000002,-168.23630783833002
11.259730538000001,-168.25599515229254
11.261672198000001,-168.26571314556764
11.263683372000001,-168.27579975238078
11.265599887,-168.2851156217962
11.267582467,-168.29538653537833
11.269711182,-168.305054263171
11.271586552,-168.31552623868296
11.273596869,-168.32465780132938
11.275965609,-168.33479467362497
11.277634026000001,-168.33479467362497
11.279602174,-168.34685838941473
11.281611449000001,-168.36446806343568
11.283607275000001,-168.37408552574587
11.285612827000001,-168.38402133611163
11.287601509,-168.39367230874345
11.289791133000001,-168.40407726361212
11.291586529,-168.40407726361212
11.293989636000001,-168.41513566975277
11.295956509000002,-168.41513566975277
11.297641650000001,-168.43534239370067
11.299666093,-168.45415843930056
11.301602175000001,-168.46427855643532
11.303563766,-168.4734268742426
11.305560884,-168.48317837783932
11.307726813,-168.4930471675618
11.30957278,-168.5029159572843
11.311560258,-168.51347170860032
11.313772362,-168.52267029189005
11.315683852000001,-168.52267029189005
11.317657675000001,-168.53414757705116
11.319597594000001,-168.55328197070662
11.321579146000001,-168.56402202879167
11.323569138,-168.5733714085288
11.325642153,-168.5833742395378
11.327631713,-168.59408078730127
11.329575502,-168.60423441475766
11.331725878,-168.61534308638073
11.333818042,-168.6249437935301
11.335853023,-168.6249437935301
11.337759749,-168.63565034129354
11.339947804000001,-168.65513659332623
11.341611593000001,-168.65513659332623
11.343552859,-168.66647983720077
11.345581452000001,-168.6839219596135
11.347561596,-168.69417611803482
11.349674711,-168.70381033550584
11.351574189,-168.71475145552074
11.353897883,-168.72381599752387
11.355650473,-168.72381599752387
11.357623975000001,-168.73586295815284
11.359596810000001,-168.75335534604804
11.361558135000001,-168.76432997638457
11.36355396,-168.77280808775907
11.365581716000001,-168.78271038780318
11.367582769,-168.7928807704204
11.369623987,-168.80293386691187
11.371689437,-168.80293386691187
11.373749723000001,-168.81410955917823
11.375654223000002,-168.81410955917823
11.377673527,-168.83403144539224
11.379643815000001,-168.83403144539224
11.381611074,-168.853785779998
11.383733184,-168.87313799074414
11.385721004,-168.88287273918004
11.387596679000001,-168.8925404669727
11.389668374000001,-168.90239250153434
11.391835699000001,-168.9135011731574
11.393816249,-168.9225824703214
11.395947148000001,-168.9225824703214
11.397698371,-168.933087956155
11.399573113,-168.95222234981048
11.40167635,-168.96269432532247
11.403682751,-168.97162482603906
11.405569199,-168.98151037092236
11.407593204000001,-168.99117809871498
11.409694103000001,-169.00108039875911
11.411658880000001,-169.01222258070385
11.413575869,-169.0206001611134
11.415818198,-169.03123968823357
11.417723568000001,-169.03123968823357
11.419685186,-169.04208027728356
11.421718700000001,-169.061868122211
11.423578317,-169.07076511260595
11.425593901000001,-169.08038257491614
11.427612387,-169.09040216108596
11.42965867,-169.1000531337178
11.431609005,-169.1112288259842
11.433802256,-169.11980746832356
11.435737510000001,-169.11980746832356
11.437684331000002,-169.13059779189112
11.439664935000001,-169.14986622683313
11.441534671000001,-169.1607905916872
11.4436415,-169.16915141693596
11.445641566,-169.17913749278418
11.447580848000001,-169.18940840636628
11.449795946,-169.19872427578173
11.45161798,-169.19872427578173
11.453848872,-169.21028533674695
11.455714681,-169.21028533674695
11.457707457000001,-169.23007318167438
11.459731371,-169.24912379952573
11.461719641,-169.25989736793247
11.463606555,-169.26879435832743
11.465687356,-169.2783280448335
11.467583526,-169.2881298139127
11.469709886,-169.298199665565
11.471740223000001,-169.30942562331384
11.473626531,-169.31827234822637
11.475685505000001,-169.31827234822637
11.477716408000001,-169.3287275685775
11.479717563000001,-169.34841488254
11.481655336000001,-169.35917169578588
11.483559627,-169.36796815521595
11.485586296000001,-169.37713322818402
11.487561368000001,-169.3872701004796
11.489566101000001,-169.39687080762897
11.491566095000001,-169.40813027569945
11.493722254000001,-169.4166754077172
11.495641513,-169.4166754077172
11.497625858000001,-169.42795163094848
11.499720163000001,-169.44708602460395
11.501619105000001,-169.44708602460395
11.503570259,-169.4584962891218
11.505593025000001,-169.4766086179673
11.507568396,-169.4866784696196
11.509559972,-169.49642997321635
11.511516062,-169.50773970676926
11.513676633000001,-169.51569840815836
11.515741904,-169.51569840815836
11.517646157000001,-169.52687410042472
11.519568661000001,-169.54584094247198
11.521545755,-169.55715067602492
11.523530188,-169.56532719450465
11.525668490000001,-169.57514571874466
11.527649987,-169.58576849070403
11.529533358,-169.59562052526567
11.53164853,-169.60667893140632
11.533695484,-169.60667893140632
11.535850459,-169.61552565631882
11.537637884,-169.61552565631882
11.5396388,-169.63569886994506
11.541656409000002,-169.65635798323507
11.543651857,-169.6651376875043
11.545638246000001,-169.67495621174433
11.547710373000001,-169.68492553243172
11.549715048000001,-169.6954310182653
11.551652829,-169.70689154826562
11.553742470000001,-169.71490051513717
11.555643266,-169.71490051513717
11.557594149000002,-169.7259589212778
11.55955355,-169.7443560878572
11.561854581,-169.75559880076688
11.563593741,-169.75559880076688
11.565562164000001,-169.7650654666297
11.567557402,-169.78366369513893
11.569641012,-169.79375030195206
11.571571551,-169.8053448732389
11.57404971,-169.81343761591458
11.57595637,-169.81343761591458
11.577715351,-169.82521649397043
11.57971498,-169.84337908829835
11.581744047,-169.85483961829868
11.583617957000001,-169.8630831574217
11.585586498000001,-169.87273413005352
11.587687990000001,-169.88283749202745
11.589600572,-169.8926560162675
11.591626969,-169.90445164948414
11.593884778000001,-169.91276220925045
11.595819672000001,-169.91276220925045
11.597708596,-169.92326769508406
11.599669906,-169.94241884390033
11.601750725,-169.95382910841818
11.603613146,-169.95382910841818
11.605620996,-169.96222344398856
11.607574868,-169.98154214441305
11.609583058,-169.99137742381387
11.611560630000001,-170.0013467445013
11.613930991,-170.01108149293722
11.615796753000001,-170.01108149293722
11.617647087,-170.02301116744044
11.619598213000002,-170.04117376176842
11.621629187,-170.05077446891775
11.62354243,-170.06055948283614
11.625639695,-170.07037800707616
11.627593497000001,-170.08024679679866
11.629684084,-170.09008207619948
11.631709189,-170.10031947945998
11.633879451,-170.11035582079063
11.635706496000001,-170.11035582079063
11.637606306,-170.12101210307162
11.639576609,-170.14004596576217
11.641661694000002,-170.1494288558209
11.64371477,-170.16001811745858
11.645740495,-170.16987015202025
11.64761751,-170.16987015202025
11.649678109,-170.17955463497373
11.651699243000001,-170.1989738663631
11.653903428000001,-170.20890967672887
11.655631218,-170.20890967672887
11.657665753,-170.22104041316192
11.659613588000001,-170.22104041316192
11.661667696,-170.23906896620332
11.663592191000001,-170.25833740114535
11.665548892,-170.26805539442043
11.667689033,-170.27829279768096
11.669583864000002,-170.28827887352915
11.671711241,-170.29818117357325
11.673615703000001,-170.30851910779867
11.675719303000001,-170.30851910779867
11.67760877,-170.31912512459718
11.679610514,-170.33867839727316
11.681565004000001,-170.34831261474415
11.683545432,-170.3579803425368
11.685551659000001,-170.3684020525663
11.687789089,-170.37833786293206
11.689584202,-170.37833786293206
11.691586387000001,-170.3896643516458
11.693843300000001,-170.40916735883928
11.695803361000001,-170.42005821337173
11.697700389000001,-170.42005821337173
11.699632878000001,-170.4305301888837
11.701675628,-170.4495472964134
11.703740158,-170.45949986194
11.705669293000001,-170.45949986194
11.707571442,-170.46925136553673
11.709575265000002,-170.48739720470388
11.711532324,-170.4973162599088
11.713720221,-170.50721855995292
11.715869625,-170.50721855995292
11.717831203000001,-170.51837749705848
11.719634174000001,-170.53789725941277
11.721741688000002,-170.54738068043642
11.723636791,-170.55703165306824
11.725596469000001,-170.56716852536383
11.727589265,-170.57700380476467
11.729810007000001,-170.58692285996958
11.73178174,-170.59702622194357
11.733815538,-170.60711282875667
11.735780683000002,-170.60711282875667
11.737773538,-170.61810421425403
11.73974491,-170.63670244276327
11.741765587000002,-170.6466047428074
11.743838507000001,-170.65667459445973
11.745615992000001,-170.65667459445973
11.747766162000001,-170.66684497707692
11.749651855000002,-170.6859961258932
11.751553398,-170.69578113981157
11.753822516000001,-170.70608556371536
11.755758202,-170.70608556371536
11.757770410000001,-170.717512583394
11.759775707000001,-170.717512583394
11.761783253,-170.7370993663916
11.76372308,-170.75665263906754
11.765837819000001,-170.76610254976956
11.767744903,-170.77572001207974
11.769751405000001,-170.7854044950332
11.771792485,-170.79510573314747
11.774091270000001,-170.8050080331916
11.775816398,-170.8050080331916
11.777891392,-170.81569782579422
11.779722851,-170.81569782579422
11.781702483,-170.83515056750522
11.783771579000001,-170.85492165727183
11.785702786,-170.86480720215513
11.787640669,-170.87477652284252
11.789592690000001,-170.88431020934863
11.791595574,-170.89449734712665
11.793670636,-170.90404778879358
11.795758045000001,-170.90404778879358
11.797722440000001,-170.91513970525585
11.799641956,-170.91513970525585
11.801659953000001,-170.9346092021277
11.803765888000001,-170.95446406769838
11.806331932,-170.95446406769838
11.8077321,-170.96453391935069
11.809761612,-170.96453391935069
11.811697134000001,-170.9848579294243
11.813927326,-171.00389179211487
11.815870804000001,-171.00389179211487
11.817714614000002,-171.01498370857712
11.819810154,-171.01498370857712
11.821746554,-171.03366571289047
11.82371253,-171.05328600620967
11.825789421000001,-171.0627359169117
11.827894133000001,-171.07327491306694
11.829783532,-171.082624292804
11.83177406,-171.09244281704403
11.83388055,-171.1026634651437
11.835867213,-171.1026634651437
11.837724085000001,-171.11378889192764
11.839760127,-171.11378889192764
11.841747226,-171.13252116172342
11.843713878,-171.1521917205251
11.846209293000001,-171.1621442860517
11.847678957000001,-171.1621442860517
11.849743067,-171.17318593703152
11.851584677,-171.191298265877
11.853766561,-171.191298265877
11.855777151000002,-171.20141838301177
11.857702179,-171.20141838301177
11.859732111000001,-171.22187643437195
11.861567673000001,-171.24137944156544
11.863659971,-171.2508125971066
11.865742225,-171.26079867295482
11.867651553,-171.270600442034
11.86971061,-171.270600442034
11.871761432000001,-171.28051949723894
11.873780954,-171.30020681120146
11.875640725,-171.30020681120146
11.877602183,-171.31160032055845
11.879651359,-171.3305168971233
11.881612932000001,-171.3305168971233
11.883585081000001,-171.34092185199196
11.885587743,-171.361580965282
11.887572114000001,-171.3716675720951
11.88964469,-171.3823406095369
11.891547432000001,-171.39279582988803
11.893678035,-171.40226249575085
11.895698369000002,-171.40226249575085
11.897662879,-171.41333765705232
11.89959073,-171.41333765705232
11.901592617,-171.43210343716976
11.903541614,-171.45091948276968
11.905575417000001,-171.46020184186347
11.907579342,-171.47017116255086
11.909649276000001,-171.47977186970024
11.911741558000001,-171.49017682456892
11.913767688,-171.5000456142914
11.915825525,-171.51091971366301
11.917650527000001,-171.51091971366301
11.9195869,-171.5210398307978
11.921587757000001,-171.53958779382458
11.923645526000001,-171.5493225422605
11.925688389000001,-171.55949292487773
11.927629439,-171.569194162992
11.929646306,-171.57892891142794
11.931633567,-171.5895014179048
11.93361173,-171.5992026560191
11.935862148,-171.60928926283222
11.937919161,-171.61917480771552
11.939773637,-171.61917480771552
11.941701206000001,-171.62969704870994
11.943845158,-171.64811097045018
11.945708513000001,-171.64811097045018
11.947725824,-171.6590688456259
11.949710382000001,-171.67796866702992
11.951587575000001,-171.6879379877173
11.953656737000001,-171.6975722051883
11.955684484,-171.6975722051883
11.957815847,-171.70844630455994
11.959649402,-171.70844630455994
11.961713362000001,-171.72808335303998
11.963563852,-171.74715072605215
11.965730633000002,-171.75735461899103
11.967616992,-171.76718989839185
11.969664063000002,-171.77699166747107
11.971665379000001,-171.78724582589237
11.97368984,-171.79718163625813
11.976021319,-171.8069498950157
11.977692071,-171.8069498950157
11.979705579,-171.81830989405105
11.981625857000001,-171.83799720801358
11.983660036000002,-171.84825136643488
11.9856996,-171.85880711775093
11.987636685,-171.86916180713717
11.989654947,-171.86916180713717
11.99164983,-171.87934894491522
11.993833432,-171.8989357279128
11.99565164,-171.8989357279128
11.997678582,-171.91019519598328
11.999697305000002,-171.91019519598328
12.001723695,-171.92795566645154
12.003616894,-171.94739165300177
12.005724067000001,-171.95709289111605
12.007748655,-171.96768215275375
12.009660478,-171.97778551472769
12.011593705000001,-171.98772132509347
12.013675427,-171.99782468706738
12.015668762,-171.99782468706738
12.017648174000001,-172.00915117578114
12.019634759,-172.00915117578114
12.021621075,-172.02912332747755
12.023585515,-172.04871011047516
12.025566307,-172.0582102866596
12.027555299000001,-172.0676601973616
12.029672899000001,-172.07705984258112
12.032338989000001,-172.07705984258112
12.033742756,-172.08733075616328
12.035670515000001,-172.08733075616328
12.037661023,-172.10894491361998
12.039643698,-172.127191283752
12.041602575,-172.13684225638386
12.043570966,-172.14672780126713
12.045572453,-172.15636201873815
12.04761229,-172.16608001201325
12.049898889000001,-172.1766357633293
12.051587093,-172.1766357633293
12.05377488,-172.18789523139978
12.055653148000001,-172.18789523139978
12.057642148000001,-172.20721393182424
12.059636301000001,-172.22596295678088
12.06188464,-172.2357814810209
12.063609138,-172.2357814810209
12.065593694,-172.24695717328726
12.067580433000002,-172.2652873192234
12.069592858,-172.2752566399108
12.071564042,-172.28504165382918
12.073749389000001,-172.294692626461
12.075751566000001,-172.294692626461
12.077627079,-172.3063039529087
12.079647591,-172.32498595722203
12.081584808,-172.33490501242696
12.083655911000001,-172.34440518861143
12.085559038000001,-172.3547096125152
12.087527913,-172.36405899225227
12.089590304000001,-172.37389427165314
12.091559984,-172.38453379877328
12.093687782,-172.39450311946067
12.095737759,-172.39450311946067
12.097638172,-172.40574583237031
12.099611477000002,-172.4255001669761
12.101609821,-172.43533544637694
12.103712673,-172.4453717877076
12.105571221,-172.45512329130435
12.107617184,-172.46485803974025
12.109679245,-172.47474358462352
12.111745536,-172.4847799259542
12.113811419000001,-172.49433036762113
12.115742518000001,-172.49433036762113
12.117694212,-172.50537201860095
12.119561159000002,-172.52341732680318
12.121612363,-172.5341406297274
12.123660456000001,-172.54357378526862
12.125638185000001,-172.5535598611168
12.127638566,-172.5633448750352
12.129560622000001,-172.57334770604425
12.131557219000001,-172.58276410642458
12.13375004,-172.59273342711197
12.135741613,-172.59273342711197
12.13764963,-172.60414369162982
12.139688454000002,-172.60414369162982
12.141571238000001,-172.6230100027122
12.143558078000002,-172.64229519281503
12.145750582000002,-172.65186238964276
12.147578869,-172.66183171033012
12.149773221,-172.67148268296194
12.151672327,-172.68198816879553
12.153827409000002,-172.69175642755312
12.155641361,-172.69175642755312
12.157699677,-172.70281483369376
12.159658293000001,-172.72163087929366
12.161618143,-172.7311813209606
12.163589532000001,-172.7407317626275
12.165757738,-172.7507345936365
12.167613796000001,-172.76051960755493
12.169653629,-172.7702543559908
12.171561063,-172.78029069732148
12.173939983,-172.7900757112399
12.175760558,-172.7900757112399
12.177854496,-172.8013854447928
12.179816222000001,-172.82070414521726
12.181615497000001,-172.82070414521726
12.183648565,-172.83077399686957
12.185616389000002,-172.84980785956012
12.187652335000001,-172.85939181154868
12.189618745,-172.86954543900507
12.191711304,-172.87953151485328
12.194081089,-172.8892495081284
12.195893465000001,-172.8892495081284
12.197755885000001,-172.90104514134507
12.199726442000001,-172.9192747563163
12.201708692,-172.9292608321645
12.203622896,-172.93907935640453
12.205591728,-172.94894814612704
12.207617009000002,-172.95895097713603
12.209682663,-172.96888678750182
12.211570763000001,-172.97857127045526
12.213861736,-172.9892945733795
12.215748328,-172.9892945733795
12.217706349,-172.99974979373064
12.219673455,-173.0190517389943
12.221633988,-173.02910483548578
12.223597437,-173.03899038036909
12.225653657,-173.04904347686056
12.227924196,-173.05914683883455
12.229722141,-173.05914683883455
12.23159891,-173.0702387552968
12.233815986000002,-173.08920559734406
12.235885024,-173.08920559734406
12.237812096,-173.1001634725198
12.239610048000001,-173.11894600779803
12.241615693,-173.12873102171645
12.243696250000001,-173.13838199434826
12.245654303,-173.1476140879596
12.247577649,-173.1581865944365
12.24955315,-173.16758623965603
12.251699673000001,-173.17730423293114
12.253577267,-173.18739083974427
12.255748045,-173.19741042591411
12.257633502000001,-173.19741042591411
12.259643088,-173.20835154592902
12.261553869,-173.22746918442368
12.263682877,-173.23713691221633
12.265595382,-173.24717325354698
12.267714459,-173.25697502262616
12.269702184000002,-173.25697502262616
12.271566216,-173.26722918104753
12.273729537000001,-173.2861960230948
12.276094751,-173.2861960230948
12.277647668,-173.29712038794884
12.279777114000002,-173.3162212712827
12.281640195000001,-173.32627436777418
12.283951625,-173.33612640233582
12.285621224000002,-173.33612640233582
12.287594298,-173.34708427751153
12.289621315000002,-173.36553170957342
12.291571069000002,-173.37561831638655
12.293903038000002,-173.38526928901837
12.29586388,-173.38526928901837
12.297947537,-173.3961266332292
12.299703240000001,-173.41551235429694
12.301701215000001,-173.4250963062855
12.303580249000001,-173.43488132020389
12.305696617,-173.4445490479965
12.307665527000001,-173.45446810320146
12.309690315000001,-173.46478928226603
12.311676034000001,-173.47440674457624
12.313665576,-173.48445984106772
12.315759774,-173.48445984106772
12.317632082000001,-173.49550149204754
12.319593657,-173.51518880601003
12.321629875000001,-173.52554349539628
12.323654027,-173.53578089865678
12.325589451,-173.54650420158103
12.327843685000001,-173.5565572980725
12.329757780000001,-173.5672470906751
12.331600272000001,-173.57649593944728
12.334050683000001,-173.58592909498844
12.335679545000001,-173.58592909498844
12.337711449,-173.59754042143612
12.339623472000001,-173.6148317474015
12.341667579000001,-173.6246502716415
12.343557995000001,-173.6339158755745
12.345587915000001,-173.64403599270926
12.347569505000001,-173.65437392693468
12.349541867000001,-173.66432649246124
12.351592969,-173.6741617718621
12.353655045,-173.68449970608748
12.355772509000001,-173.695105722886
12.357633632,-173.695105722886
12.359623335,-173.70520908485997
12.361565351000001,-173.7239916201382
12.3635844,-173.73332424471448
12.365573474000001,-173.74322654475858
12.367553544000002,-173.75306182415943
12.369581289000001,-173.76293061388193
12.371583013,-173.7728831794085
12.373647038000001,-173.78266819332686
12.375726601,-173.78266819332686
12.377640365000001,-173.79325745496456
12.379631378000001,-173.81242535894168
12.381545777000001,-173.82249521059398
12.383563108,-173.83216293838663
12.385566777000001,-173.84206523843073
12.387654547,-173.8519005178316
12.389608569,-173.862607065595
12.391649126,-173.87222452790522
12.393896309,-173.8817414592505
12.395739852,-173.8817414592505
12.397681077000001,-173.89283337571277
12.399740779,-173.91183372808166
12.401824913,-173.92151821103513
12.403772453,-173.92151821103513
12.405591892,-173.93207396235118
12.407657658000002,-173.95092351827273
12.409592424000001,-173.9609598596034
12.411559358000002,-173.97096269061242
12.413693713,-173.9809320112998
12.415769912,-173.9809320112998
12.41787296,-173.99234227581763
12.419740776000001,-174.0126830410521
12.421611599,-174.02256858593537
12.423590943,-174.03258817210525
12.425887777000002,-174.04290935116984
12.427695562,-174.0535656334508
12.429576111000001,-174.0632668715651
12.431599738000001,-174.07285082355367
12.433857569,-174.08312173713577
12.435667173,-174.08312173713577
12.437834926,-174.09386179522087
12.439961073000001,-174.09386179522087
12.441609307,-174.11291241307222
12.443567865,-174.1314268657774
12.445842532,-174.14102757292673
12.447719099,-174.15163358972526
12.449728077000001,-174.1609662143015
12.451705738000001,-174.17093553498896
12.453923035,-174.18092161083712
12.455735001,-174.18092161083712
12.457787306,-174.1919297514953
12.459623111,-174.21093010386423
12.461594865,-174.22038001456622
12.463731789,-174.2299974768764
12.465583765000002,-174.24025163529774
12.467624357,-174.2497853218038
12.469577037,-174.25967086668712
12.471601868,-174.2696234322137
12.473784890000001,-174.27939169097127
12.475724232000001,-174.27939169097127
12.477621328000001,-174.29098626225812
12.479583504,-174.30958449076735
12.481847106,-174.31928572888165
12.483621296,-174.31928572888165
12.485606545000001,-174.330277114379
12.487614634000002,-174.34872454644088
12.489780912,-174.35876088777158
12.491646397,-174.3687804739414
12.493879458,-174.37876654978962
12.495746799,-174.37876654978962
12.497677833000001,-174.38923852530158
12.499718985000001,-174.4085237154044
12.501942935,-174.4085237154044
12.503626212,-174.41812442255377
12.505730320000001,-174.43772796071218
12.507664727000002,-174.4476302607563
12.509616036,-174.45810223626827
12.511561069,-174.46812182243812
12.51396781,-174.46812182243812
12.515717862,-174.47817491892962
12.517697937000001,-174.49955450413484
12.519789932,-174.50938978353568
12.521757397,-174.50938978353568
12.523637324000001,-174.51979473840436
12.525780164,-174.538543763361
12.527702181,-174.54849632888755
12.529880091,-174.55823107732348
12.531792859000001,-174.56868629767465
12.534083692000001,-174.57801892225092
12.535759647,-174.57801892225092
12.537676162,-174.58906057323074
12.539735096000001,-174.60792688431306
12.541862608,-174.61808051176948
12.543632471,-174.62804983245687
12.545853722,-174.63776782573197
12.547738664,-174.6478879428667
12.549629983,-174.6573881190512
12.551658065000002,-174.66724015361282
12.553906526,-174.67675708495813
12.555751538,-174.67675708495813
12.557662513,-174.68769820497303
12.559730945,-174.70726823280978
12.561559947000001,-174.7168354296375
12.563854331,-174.72655342291264
12.565732476,-174.73719295003278
12.567565952,-174.74630775751837
12.569810135,-174.75607601627595
12.571750358000001,-174.75607601627595
12.573766835,-174.76700038113006
12.576120872,-174.7863190815545
12.577752972,-174.7863190815545
12.579648153,-174.79818173541446
12.581755456000002,-174.81592545072192
12.583576085,-174.82579424044442
12.585713100000001,-174.83527766146804
12.587643386000002,-174.84517996151214
12.589834565,-174.85496497543053
12.591663094000001,-174.86505158224367
12.593785921,-174.87508792357437
12.595770449000002,-174.87508792357437
12.597749186000001,-174.8857274506945
12.599698794,-174.9051634372447
12.601614104000001,-174.91546786114847
12.603609196,-174.92530314054932
12.605631591000002,-174.93542325768408
12.607710008000002,-174.94581145739198
12.6096745,-174.95551269550623
12.611590407000001,-174.9655490368369
12.613872554,-174.97581995041907
12.615667176,-174.97581995041907
12.617619262000002,-174.98778313524392
12.619626913000001,-175.00602950537595
12.621884348,-175.01618313283237
12.623597254000002,-175.01618313283237
12.625601712,-175.02690643575664
12.627610977000002,-175.0450857852454
12.629644177000001,-175.0548037785205
12.631623571,-175.06423693406168
12.633847167,-175.07410572378416
12.635641489000001,-175.07410572378416
12.637654293,-175.0860353982874
12.63983666,-175.10460011647498
12.641771099000001,-175.10460011647498
12.643726517000001,-175.11552448132906
12.645730376000001,-175.13455834401964
12.647661465,-175.14528164694391
12.64962307,-175.15481533345
12.651565282,-175.1648014092982
12.653697589,-175.1743518509651
12.655707192000001,-175.1743518509651
12.657653027,-175.18524270549756
12.659621156,-175.18524270549756
12.661625520000001,-175.2039414649717
12.663569829,-175.22359526861257
12.665536066000001,-175.23348081349587
12.667573027000001,-175.24299774484112
12.669628605000002,-175.25333567906654
12.671592389,-175.2631877136282
12.673771444000002,-175.27319054463726
12.675816374,-175.27319054463726
12.677667714,-175.28384682691822
12.679704739,-175.28384682691822
12.681745254,-175.30309850669943
12.683594819000001,-175.32261826905372
12.685628496000001,-175.33245354845457
12.687686491000001,-175.3423558484987
12.689753752000001,-175.35204033145212
12.691727093,-175.36232800019508
12.693683255000002,-175.3721465244351
12.69567902,-175.3721465244351
12.697631759,-175.38276929639446
12.699591711,-175.4020042210148
12.701627278,-175.41147088687765
12.703573830000002,-175.4215742488516
12.705545709,-175.43149330405652
12.707633771000001,-175.4410772560451
12.709665794000001,-175.45131465930558
12.711634478,-175.46101589741988
12.713898372000001,-175.4712030351979
12.715723231,-175.4712030351979
12.717631265000001,-175.48335052679178
12.719822516,-175.50188173465776
12.721717247,-175.51201860695335
12.723628438,-175.52235654117877
12.725800356,-175.53217506541878
12.727851266,-175.54276432705646
12.729628632,-175.55248232033156
12.731621291000002,-175.56216680328504
12.733796186000001,-175.57188479656014
12.735708815,-175.57188479656014
12.737635316,-175.5830437336657
12.739639867000001,-175.60164196217497
12.741755278000001,-175.61141022093253
12.743622638000002,-175.62132927613746
12.745680373,-175.6308294523219
12.747596261,-175.64058095591864
12.749805811000002,-175.65088537982243
12.751891842000001,-175.66107251760047
12.753844990000001,-175.67068997991066
12.755999739,-175.67068997991066
12.757722622000001,-175.68117871058345
12.759705991,-175.70064820745526
12.761805857,-175.71014838363976
12.763788536000002,-175.7200841940055
12.765773914,-175.73030484210517
12.767696675000002,-175.7397882631288
12.769587175000002,-175.74945599092146
12.771786991,-175.75965988386034
12.773842671,-175.76951191842195
12.7757234,-175.76951191842195
12.777670717000001,-175.7801179352205
12.779724719,-175.79926908403678
12.781685087000001,-175.8091043634376
12.783643567,-175.81907368412502
12.785655114,-175.82894247384746
12.787540476,-175.8382415881021
12.789593899000002,-175.84807686750295
12.791769911000001,-175.85848182237163
12.793722681,-175.85848182237163
12.795724863,-175.86932241142162
12.797608931000001,-175.86932241142162
12.799615735000001,-175.88877515313263
12.80159699,-175.90745715744598
12.803581739,-175.91759402974157
12.805595228000001,-175.92737904365995
12.807583000000001,-175.93743214015146
12.809616764000001,-175.94740146083885
12.811566460000002,-175.95720322991804
12.813708418000001,-175.96692122319317
12.815733599000001,-175.96692122319317
12.817668182,-175.97792936385133
12.819595857000001,-175.99686269557694
12.821642507,-176.00668121981698
12.823571066000001,-176.01638245793126
12.825726693,-176.0262177373321
12.827610314000001,-176.0262177373321
12.829625554000001,-176.0370080608996
12.831700750000001,-176.05671213002296
12.833741847,-176.06668145071035
12.835796649,-176.06668145071035
12.837645717000001,-176.0770696504182
12.839717940000002,-176.09637159568186
12.841659556000002,-176.10598905799208
12.843584009,-176.1155730099806
12.845600956,-176.12540828938145
12.847620887000001,-176.13526032394313
12.849579053000001,-176.14566527881178
12.851583611,-176.15560108917754
12.853686598000001,-176.16560392018656
12.855728666000001,-176.16560392018656
12.857643716,-176.17686338825703
12.859636448000002,-176.19631612996807
12.861875829,-176.2060676335648
12.863725934000001,-176.21627152650368
12.865862872000001,-176.22597276461795
12.867631555,-176.23570751305388
12.86962759,-176.24490609634358
12.871573696,-176.25475813090523
12.873694369,-176.2644258586979
12.875854471,-176.2644258586979
12.877674460000001,-176.27548426483852
12.879649052000001,-176.29456839301153
12.881624461000001,-176.3044874482165
12.883568175,-176.31418868633077
12.885598389,-176.32362184187193
12.88756659,-176.33337334546866
12.889612922000001,-176.34416366903622
12.891598937000001,-176.35354655909495
12.893720176,-176.36326455237005
12.895738794000001,-176.36326455237005
12.897642987000001,-176.37432295851067
12.899696330000001,-176.39298820766322
12.901686789000001,-176.4032256109237
12.903605643,-176.41277605259063
12.905559154,-176.42239351490082
12.907581018,-176.43206124269344
12.909546087,-176.44187976693345
12.911592886000001,-176.45164802569101
12.913679773,-176.4620194702381
12.915701988,-176.4620194702381
12.917703327000002,-176.47240766994594
12.919645696000002,-176.47240766994594
12.921580411,-176.49216200455174
12.923615942000001,-176.51144719465455
12.925659066000001,-176.52123220857294
12.927638358000001,-176.53089993636559
12.929587407000001,-176.54085250189218
12.931644709,-176.5508385777404
12.933894848000001,-176.56114300164413
12.935795652000001,-176.56114300164413
12.937840076,-176.57139716006546
12.939747959,-176.5910174533847
12.941688055,-176.60046736408668
12.943731517000002,-176.61082205347293
12.945732376,-176.62032222965738
12.947656953000001,-176.63017426421902
12.949705905,-176.6400598091023
12.951683387000001,-176.6498615781815
12.953941590000001,-176.66046759498002
12.955878493,-176.66046759498002
12.957889415,-176.67107361177855
12.959910426,-176.69047608800713
12.962062745,-176.70039514321206
12.963755894,-176.710314198417
12.965788454,-176.7201494778178
12.967571368000002,-176.72971667464557
12.969655900000001,-176.7393676472774
12.971608919000001,-176.7490018647484
12.973654727000001,-176.7598592089592
12.975736942000001,-176.7598592089592
12.977634076000001,-176.76986203996825
12.979588022000002,-176.78909696458862
12.981600479,-176.79859714077307
12.983595537000001,-176.80942097466223
12.985615107000001,-176.8186530682736
12.987739084000001,-176.8282872857446
12.98959533,-176.83834038223608
12.991594968000001,-176.84807513067202
12.993685763,-176.85871465779218
12.995714778,-176.85871465779218
12.997721545000001,-176.86870073364037
12.999592095,-176.88771784117012
13.001611926,-176.89726828283702
13.003677234000001,-176.90825966833438
13.005582907,-176.91700586228197
13.007622663000001,-176.92677412103953
13.009613998,-176.93684397269183
13.011569691,-176.94662898661022
13.013876369,-176.95750308598184
13.015726938,-176.95750308598184
13.017633377000001,-176.96763995827743
13.019638913000001,-176.98662355548552
13.021616470000001,-176.99619075231328
13.024002131000001,-177.00731617909716
13.025790675000001,-177.01607912820558
13.027852152000001,-177.02609871437542
13.029725247,-177.0357329318464
13.0319099,-177.0454174147999
13.033816958000001,-177.0454174147999
13.035795157,-177.05684443447856
13.037612251,-177.05684443447856
13.039727312,-177.07671605521006
13.041719622,-177.09516348727195
13.043609947,-177.10618838309094
13.045712755,-177.11511888380753
13.047717185000002,-177.12461905999203
13.049590697000001,-177.13452136003613
13.05155955,-177.144725252975
13.053715477,-177.15563286266826
13.055862831,-177.16484820111876
13.057743264,-177.16484820111876
13.059707346000001,-177.17734755108987
13.061735761000001,-177.1947226528593
13.063747482,-177.20593185544732
13.065610945000001,-177.21539852131014
13.067752917,-177.22488194233378
13.069656249000001,-177.23478424237788
13.071637046000001,-177.2450216456384
13.073702295,-177.25618058274395
13.075701784000001,-177.25618058274395
13.077643947,-177.26571426925005
13.079578998,-177.28441302872417
13.081564695,-177.29354459137065
13.083592215000001,-177.3046365078329
13.085590702000001,-177.31333243629805
13.087565470000001,-177.3232682466638
13.089608307,-177.33315379154712
13.091589545000001,-177.34335768448597
13.093663679,-177.35465066287807
13.095795583000001,-177.35465066287807
13.097643046,-177.36366493939875
13.099567183000001,-177.38284959853667
13.10162058,-177.39224924375623
13.103591869,-177.40376003923896
13.105584589000001,-177.41223815061346
13.107571027,-177.42227449194414
13.109563363000001,-177.43221030230987
13.111545092,-177.44189478526334
13.113736206,-177.4533050497812
13.115667083,-177.4533050497812
13.117633538000002,-177.4630062878955
13.119640086,-177.48163802672636
13.121573131000002,-177.4916408577354
13.123563298,-177.5027495293585
13.125680191,-177.51094280299907
13.127695756000001,-177.52118020625954
13.129656498000001,-177.53098197533873
13.131707323,-177.54080049957878
13.134058922000001,-177.5521437434533
13.135839855,-177.5521437434533
13.137721287000002,-177.56258220864365
13.13978965,-177.5804934755593
13.14157911,-177.5906303478549
13.143644411,-177.60177252979966
13.145668646,-177.61009984472676
13.147624129,-177.62015294121827
13.14974658,-177.63042385480037
13.151731489000001,-177.64010833775384
13.15394212,-177.6517029090407
13.155943610000001,-177.6517029090407
13.157858564000001,-177.66105228877777
13.159748214,-177.68045476500635
13.161857168000001,-177.69017275828142
13.163781691,-177.69017275828142
13.165761225,-177.70201865698058
13.167586093,-177.71992992389627
13.169610208000002,-177.72966467233218
13.171584937,-177.73973452398448
13.173706338,-177.73973452398448
13.175753916000001,-177.75116154366313
13.177632635,-177.75116154366313
13.179603306,-177.77017865119288
13.181627231,-177.7888439003454
13.183615097,-177.80052224743633
13.185575058000001,-177.80889982784592
13.187608498000001,-177.8187015969251
13.189647563000001,-177.82885522438153
13.191563508000002,-177.83907587248117
13.193726774,-177.84855929350482
13.195716622,-177.84855929350482
13.197637687,-177.85961769964544
13.199634477,-177.87860129685353
13.201584246000001,-177.88855386238015
13.203611236,-177.89785297663477
13.205564825000002,-177.9081238902169
13.207722973000001,-177.917841883492
13.209640291000001,-177.92823008319988
13.211730106000001,-177.9376129732586
13.213736082,-177.94950913744017
13.215853781000002,-177.94950913744017
13.217700423,-177.95877474137316
13.219606658,-177.95877474137316
13.221612343,-177.97812695211928
13.22358539,-177.9989703721783
13.225569830000001,-178.00733119742705
13.227592691000002,-178.0171664768279
13.229597906,-178.0277557384656
13.231593504000001,-178.03795963140445
13.233650731000001,-178.0505930226621
13.235696369000001,-178.0505930226621
13.237681917000002,-178.05994240239917
13.239691070000001,-178.08068529149327
13.241679190000001,-178.0908556741105
13.243626441,-178.10219891798505
13.245593188,-178.1102916606607
13.247824322000001,-178.1203447571522
13.249659402,-178.1203447571522
13.251559467000002,-178.131202101363
13.253670424000001,-178.15016894341025
13.255681248,-178.15016894341025
13.257612188000001,-178.1611435737468
13.259607839000001,-178.1801271709549
13.261644949,-178.1899289400341
13.263556731000001,-178.19961342298757
13.265555783000002,-178.20933141626264
13.267610900000001,-178.21960232984483
13.269647512,-178.22955489537136
13.271626229,-178.2395744815412
13.273802703000001,-178.2395744815412
13.275736163000001,-178.24999619157074
13.277629913,-178.24999619157074
13.279651750000001,-178.27119147000695
13.281577462000001,-178.29061070139636
13.283584141,-178.3004794911188
13.285636968,-178.31093471146997
13.287588839000001,-178.32085376667493
13.289600116,-178.3311581905787
13.291567706,-178.341228042231
13.293851181,-178.35072821841544
13.295728065,-178.35072821841544
13.297656173,-178.3616190729479
13.299571582,-178.38065293563847
13.301614138000001,-178.3899017844106
13.303602684000001,-178.40002190154536
13.305715271,-178.40937128128246
13.307552132000001,-178.41932384680902
13.309599518,-178.4293434329789
13.31154556,-178.43939652947034
13.313873304000001,-178.44924856403202
13.315815651000001,-178.44924856403202
13.317710979000001,-178.46047452178087
13.319812070000001,-178.47991050833105
13.321669809000001,-178.47991050833105
13.323703937000001,-178.49058354577286
13.325613584000001,-178.50924879492538
13.327650467000002,-178.51903380884377
13.329648137000001,-178.52865127115396
13.331612325,-178.53836926442904
13.333790362,-178.5485731573679
13.335746342,-178.5485731573679
13.337689679,-178.55927970513133
13.339674608000001,-178.578581650395
13.341877259,-178.58804831625784
13.343825263000001,-178.59816843339257
13.345796917000001,-178.60813775408
13.347702324,-178.61795627831998
13.349791461,-178.62789208868574
13.351907373000001,-178.63846459516265
13.354016298000001,-178.64835014004592
13.355784884,-178.64835014004592
13.357767701,-178.65976040456377
13.359741084000001,-178.65976040456377
13.361733737000002,-178.67902883950578
13.363703322000001,-178.69851509153844
13.365619332000001,-178.70833361577846
13.367725789000001,-178.71803485389273
13.369663548,-178.7277193368462
13.371862874000001,-178.73780594365934
13.373793636,-178.73780594365934
13.375824657,-178.7480936124023
13.377797775000001,-178.7480936124023
13.379608534,-178.76789821249054
13.381591169,-178.78694883034188
13.383599546000001,-178.79778941939188
13.385615713,-178.80682045107338
13.387700223000001,-178.81673950627834
13.389748162,-178.82682611309147
13.391713796000001,-178.83641006508
13.393664393000002,-178.8461950789984
13.395696545000002,-178.8461950789984
13.397655446000002,-178.85691838192264
13.399614533000001,-178.87640463395533
13.401790711,-178.8859550756222
13.403627214,-178.8859550756222
13.405631969000002,-178.8965443372599
13.407602624,-178.9156954860762
13.409808036000001,-178.92559778612033
13.411769418,-178.936002740989
13.414070241000001,-178.9452515897612
13.415720004,-178.9452515897612
13.417701782,-178.9580357774662
13.419683652000002,-178.97522657246662
13.421650854000001,-178.98519589315404
13.423606888,-178.99484686578586
13.425584565000001,-179.00436379713113
13.427657420000001,-179.01428285233607
13.429598376000001,-179.02445323495328
13.431602644000002,-179.0338193698512
13.433646597000001,-179.04393948698595
13.435787023000001,-179.05449523830202
13.437623398000001,-179.05449523830202
13.439679537,-179.06469913124087
13.441759588,-179.08421889359516
13.443709204000001,-179.08421889359516
13.445721886000001,-179.0943892762124
13.44760005,-179.0943892762124
13.449602522000001,-179.11422738662225
13.451606511000001,-179.13332826995608
13.453692907,-179.1429624874271
13.455724661000001,-179.1429624874271
13.457685239000002,-179.1536020145473
13.459632108000001,-179.17297098045418
13.461579832,-179.18247115663866
13.463571025,-179.1923064360395
13.465606204,-179.2022087360836
13.467640390000001,-179.21222832225345
13.469592134,-179.22275056324787
13.471564958,-179.2325523323271
13.47366929,-179.2423876117279
13.475682173000001,-179.2423876117279
13.477644641000001,-179.2534125075469
13.479605139,-179.2729155147404
13.481643678000001,-179.2831529180009
13.483595092000002,-179.29337356610057
13.485604677000001,-179.30324235582304
13.487645049000001,-179.30324235582304
13.489632862,-179.31374784165666
13.491667701,-179.33343515561916
13.494306046,-179.3438066001662
13.495735442,-179.3438066001662
13.497654847000002,-179.35585356079514
13.49965906,-179.3726924974184
13.501725675000001,-179.3823937355327
13.503712678000001,-179.39191066687798
13.505591224000002,-179.40152812918814
13.507819507,-179.41166500148373
13.509761513,-179.42208671151323
13.511608565000001,-179.43145284641116
13.513870709,-179.44123786032952
13.515882212000001,-179.44123786032952
13.517897174000002,-179.4521454700228
13.519709457000001,-179.4713133739999
13.521595291,-179.48096434663174
13.52362113,-179.4909169121583
13.525712447,-179.50083596736323
13.527748814,-179.5106209812816
13.529610973,-179.520590301969
13.531628049,-179.5304758468523
13.533799843,-179.54036139173562
13.535759367,-179.54036139173562
13.537721549,-179.5512857565897
13.539778711,-179.5703028641194
13.541776227000001,-179.58003761255534
13.543690680000001,-179.59017448485093
13.545647714000001,-179.5997751920003
13.547602358,-179.60962722656194
13.549621747000002,-179.62004893659144
13.551668873,-179.6302528295303
13.553849397,-179.64045672246917
13.555842571000001,-179.64045672246917
13.557689620000001,-179.65226911084667
13.559703176000001,-179.67205695577405
13.561669275000002,-179.6822440935521
13.563587905,-179.69224692456115
13.565701011000002,-179.702082203962
13.567753613,-179.712085034971
13.569684867000001,-179.72238945887477
13.571657728000002,-179.7316047973253
13.573839941000001,-179.74157411801272
13.575771993,-179.74157411801272
13.577774300000002,-179.7527665654399
13.57973636,-179.77128101814506
13.581613744,-179.78052986691722
13.583646273000001,-179.79059971856952
13.585729147,-179.80083712183003
13.587781834000001,-179.81082319767822
13.589788347,-179.82102709061712
13.591660801000002,-179.8313650248425
13.593713511,-179.84150189713807
13.595827948,-179.84150189713807
13.597837048,-179.85256030327872
13.599906624,-179.87224761724124
13.601680064000002,-179.87224761724124
13.603743725000001,-179.88276985823566
13.605594431,-179.90148537287064
13.607816509000001,-179.91086826292937
13.609781374,-179.91086826292937
13.611695349000001,-179.9218428932659
13.613920120000001,-179.940273570167
13.615826122000001,-179.940273570167
13.617769765,-179.95091309728713
13.619592621,-179.97041610448062
13.621665984000002,-179.9800503219516
13.623764017000001,-179.990203949408
13.625663928000002,-180.00030731138196
13.628029081000001,-180.00990801853132
13.629766533000002,-180.00990801853132
13.631668069000002,-180.0211674866018
13.633879058000002,-180.03968193930694
13.635860175000001,-180.03968193930694
13.63777611,-180.0508408764125
13.639896189000002,-180.07042765941011
13.641816414000001,-180.08011214236353
13.643865343000002,-180.08011214236353
13.645640585,-180.09068464884044
13.647857827000001,-180.10955095992279
13.64981794,-180.10955095992279
13.651722427000001,-180.12039154897278
13.653832656,-180.13893951199958
13.656125345000001,-180.13893951199958
13.657798340000001,-180.1502492455525
13.659893657000001,-180.16955119081615
13.661636611,-180.17952051150354
13.663625185,-180.18947307703013
13.665648936,-180.19929160127015
13.667656703,-180.20927767711837
13.669725412,-180.2195485907005
13.671679998,-180.2295346665487
13.673850564,-180.23918563918053
13.675897963,-180.23918563918053
13.677669203,-180.25026080048198
13.679607533,-180.2690098254386
13.681595199,-180.2782921845324
13.683588631000001,-180.28851283263208
13.685579867000001,-180.29791247785164
13.687569011,-180.3076807366092
13.689630885000001,-180.3177673434223
13.691557306,-180.328172298291
13.693870898,-180.3378902915661
13.69580715,-180.3378902915661
13.697663281,-180.34948486285293
13.699856923,-180.36878680811662
13.701808702000001,-180.37875612880399
13.703672718,-180.3887086943306
13.705648609,-180.3985439737314
13.707706856000001,-180.40839600829307
13.709712574000001,-180.41841559446294
13.711617983,-180.42840167031113
13.713851254000001,-180.438974176788
13.715662920000002,-180.438974176788
13.717708749000002,-180.4503341758234
13.719729150000001,-180.46888213885018
13.721702057000002,-180.47839907019548
13.723681394000002,-180.48783222573664
13.725612879000002,-180.49781830158486
13.72761726,-180.50751953969913
13.729629295,-180.5171202468485
13.73166602,-180.52747493623474
13.733869834,-180.53704213306247
13.735903959000002,-180.53704213306247
13.737665003,-180.5480000082382
13.73987231,-180.56758679123578
13.741640309000001,-180.56758679123578
13.743662771,-180.57859493189395
13.745565359,-180.59742773265467
13.747556471000001,-180.6071122156081
13.749633332,-180.61724908790373
13.751577163,-180.62738596019932
13.753861635000002,-180.6369364018662
13.755739089,-180.6369364018662
13.757999118,-180.64799480800684
13.759733540000001,-180.66744754971788
13.761980866,-180.6770650120281
13.763888077,-180.6770650120281
13.765707642,-180.68765427366577
13.767641697,-180.7064870744265
13.769945942000001,-180.71652341575717
13.771794301000002,-180.72677757417847
13.774011415,-180.7365290777752
13.776088279000001,-180.7365290777752
13.777939862,-180.74802311809717
13.779736972,-180.766101936621
13.781676462,-180.77612152279085
13.783638873000001,-180.78597355735252
13.785611443,-180.79574181611008
13.787608870000001,-180.80604624001387
13.789705129000001,-180.81611609166617
13.791589685000002,-180.82601839171028
13.793826184,-180.83588718143275
13.795733181000001,-180.83588718143275
13.797740409000001,-180.84724718046814
13.799840818000002,-180.8663815741236
13.801662298,-180.8663815741236
13.803623321000002,-180.87665248770574
13.805613993000001,-180.89582039168283
13.807576707,-180.90563891592285
13.809663069,-180.9155747262886
13.811592694000002,-180.92577861922746
13.813793872000002,-180.93531230573356
13.815863258,-180.93531230573356
13.817639688000002,-180.94640422219584
13.819607057,-180.9659742500326
13.821641916,-180.9756252226644
13.823671886000001,-180.98561129851262
13.825596087000001,-180.99537955727018
13.827633865000001,-181.0052483469927
13.829701353,-181.01536846412745
13.831715429,-181.02515347804584
13.833840059000002,-181.03477094035603
13.835841611000001,-181.03477094035603
13.837730675000001,-181.04557801908436
13.839636565000001,-181.04557801908436
13.841628172,-181.06570096722814
13.843613449000001,-181.08480185056197
13.845613152,-181.0947209057669
13.847615061,-181.10440538872038
13.849594711000002,-181.11400609586977
13.851638716,-181.1242937646127
13.854016808,-181.13409553369192
13.855653129,-181.13409553369192
13.85765795,-181.1471310488092
13.859640027000001,-181.16442237477457
13.86163707,-181.1740733474064
13.863657754,-181.1842604851844
13.865598914000001,-181.1941292749069
13.867571419,-181.2038137578604
13.869598270000001,-181.21396738531675
13.871576874,-181.22402048180825
13.873945626000001,-181.23382225088747
13.875712039000001,-181.23382225088747
13.877764910000002,-181.24508171895792
13.87963154,-181.24508171895792
13.881722254000001,-181.26481929840287
13.883669128000001,-181.28442283656128
13.885565517000002,-181.29393976790655
13.887645947000001,-181.30419392632786
13.889705642000001,-181.31421351249773
13.891589326,-181.32421634350675
13.894086772000001,-181.33411864355085
13.895796404,-181.33411864355085
13.897667253000002,-181.3459812974108
13.89970403,-181.36357421627093
13.901612929,-181.37330896470684
13.903599291,-181.38307722346443
13.905599188,-181.39274495125704
13.907657048,-181.40294884419592
13.90964594,-181.4128343890792
13.911740993,-181.4226529133192
13.913765968000002,-181.43272276497154
13.915746941,-181.43272276497154
13.917644221000002,-181.4438984572379
13.919759265000001,-181.4631501370191
13.921843271,-181.47333727479716
13.923636382000002,-181.47333727479716
13.925569887,-181.48360818837926
13.927683449000002,-181.502625295909
13.929621452000001,-181.51281243368706
13.931645801,-181.52239638567562
13.933720435000001,-181.53229868571972
13.935724091,-181.53229868571972
13.937623480000001,-181.5431225196089
13.939619941,-181.56182127908303
13.941666115,-181.57194139621782
13.943658546,-181.5818101859403
13.94559583,-181.59157844469786
13.947619708000001,-181.60146398958116
13.949647137000001,-181.61176841348492
13.951595915,-181.62168746868986
13.953887961000001,-181.63165678937725
13.955678014,-181.63165678937725
13.957629587000001,-181.64321785034247
13.959845640000001,-181.66164852724353
13.961642650000002,-181.67185242018238
13.963608145,-181.68155365829668
13.965632187,-181.69182457187878
13.967602301000001,-181.70174362708374
13.969574534000001,-181.71193076486176
13.971578793,-181.7220173716749
13.973826801000001,-181.73228828525703
13.975701767,-181.73228828525703
13.977655924,-181.74339695688013
13.979632400000002,-181.76281618826954
13.981664940000002,-181.77229960929316
13.983583191000001,-181.78235270578463
13.985753529,-181.79178586132582
13.98766097,-181.80222432651615
13.989622907000001,-181.8115401959316
13.991835482,-181.82117441340262
13.993643078000002,-181.82117441340262
13.995713009000001,-181.83250090211635
13.997639188,-181.83250090211635
13.999629956000001,-181.85198715414901
14.001618114000001,-181.8717582439156
14.003575163,-181.88124166493924
14.005563202000001,-181.89129476143071
14.007572941000001,-181.9010797753491
14.009801272,-181.9109820753932
14.011827781000001,-181.9213870302619
14.013687565000001,-181.93115528901947
14.015930919,-181.93115528901947
14.017667867,-181.94137593711915
14.019579937000001,-181.96037628948807
14.021616346,-181.96992673115497
14.023634069000002,-181.98011386893302
14.025617834,-181.98961404511746
14.02757779,-181.99975091741305
14.029571353000001,-182.00966997261798
14.031989520000002,-182.0195555175013
14.033632913000002,-182.0195555175013
14.035779965000001,-182.03185380554254
14.037640045000002,-182.03185380554254
14.039639425,-182.0507201166249
14.041609951000002,-182.06967020351135
14.043569201,-182.079153624535
14.045574134,-182.08862029039778
14.047584092000001,-182.09895822462323
14.049573894000002,-182.10869297305914
14.051572214,-182.11859527310327
14.053860158,-182.12839704218246
14.05569357,-182.12839704218246
14.057626894,-182.14046075797225
14.059653412000001,-182.14046075797225
14.061607657000001,-182.15882441423
14.063594194,-182.17867927980072
14.065577674,-182.1885480695232
14.067604683,-182.1988860037486
14.069573413,-182.209039631205
14.071843449000001,-182.21902570705322
14.073817325,-182.22917933450964
14.075754621000002,-182.22917933450964
14.077657952000001,-182.24003667872043
14.079635218000002,-182.25948942043146
14.081868096000001,-182.26887231049017
14.083895745000001,-182.26887231049017
14.085660508,-182.27966263405773
14.0879785,-182.29834463837108
14.089634555000002,-182.29834463837108
14.091721735,-182.30935277902924
14.093665493000001,-182.3283028659157
14.095709861000001,-182.3283028659157
14.097661555,-182.33884186207092
14.099594533000001,-182.35839513474687
14.101684857,-182.36826392446935
14.103757864,-182.37907100319768
14.105561498,-182.38875548615115
14.107694659000002,-182.3984734794263
14.109594137,-182.40879465849088
14.111627034000001,-182.41869695853498
14.11381098,-182.42864952406154
14.115799284000001,-182.42864952406154
14.117773342000001,-182.43957388891562
14.119673103,-182.45870828257108
14.121814859,-182.46790686586078
14.123753477000001,-182.46790686586078
14.125727942000001,-182.47864692394586
14.127718130000002,-182.4969603147212
14.12977262,-182.50706367669514
14.131597562000001,-182.5170665077042
14.133883323000001,-182.526717480336
14.135835452,-182.526717480336
14.137713848,-182.53789317260237
14.139706828000001,-182.55696054561457
14.141628697000002,-182.5662596598692
14.143614756000002,-182.57641328732558
14.145754638000001,-182.58599723931414
14.147595602,-182.59625139773547
14.149736393000001,-182.60585210488483
14.151612720000001,-182.6155533429991
14.153948536000001,-182.6256902152947
14.155670393000001,-182.6256902152947
14.157755264,-182.6379382378535
14.159741974000001,-182.6557824841259
14.161791421,-182.66538319127525
14.163636072000001,-182.67548655324921
14.165778856000001,-182.68517103620266
14.167876928,-182.69478849851285
14.169694015000001,-182.7045735124312
14.171888809,-182.71439203667126
14.173893464,-182.72452890896682
14.175860982000001,-182.72452890896682
14.177675213,-182.73459876061915
14.179702376000002,-182.75448713651147
14.181832768000001,-182.76418837462575
14.183756375000002,-182.77469386045934
14.185834926,-182.78424430212627
14.187707924000001,-182.79396229540137
14.189996549000002,-182.803445716425
14.191703142000001,-182.803445716425
14.193978467,-182.81458789836975
14.195965471000001,-182.81458789836975
14.197965957000001,-182.83425845717142
14.199821336000001,-182.85335934050525
14.201860608,-182.86322813022772
14.203685483000001,-182.87336500252331
14.205727179,-182.88311650612005
14.207669058,-182.89288476487764
14.209707321000002,-182.9028373304042
14.211777442,-182.91268936496584
14.213969703,-182.92237384791932
14.215849160000001,-182.92237384791932
14.217722504000001,-182.93343225405994
14.219771865,-182.95270068900194
14.221740359,-182.96260298904605
14.223697358,-182.97242151328612
14.225817989000001,-182.9817708930232
14.22767802,-182.9922763788568
14.229740216000001,-183.00184357568452
14.231723662,-183.0114610379947
14.233844401,-183.0214303586821
14.23581071,-183.0214303586821
14.237614908000001,-183.03200286515897
14.239795323000001,-183.05147236203084
14.241645265,-183.06135790691414
14.243652489,-183.07115967599333
14.245698306000001,-183.08094468991172
14.247583125,-183.09067943834762
14.249640682,-183.10054822807012
14.251656826000001,-183.11046728327503
14.253772436,-183.1202355420326
14.255693466,-183.1202355420326
14.257754776,-183.13137772397735
14.259711708000001,-183.13137772397735
14.261728702000001,-183.15004297312984
14.263765347000001,-183.16999836966548
14.265718232000001,-183.1797498732622
14.267615756000001,-183.18960190782386
14.269570108000002,-183.19975553528027
14.271825961000001,-183.20952379403784
14.273740835000002,-183.20952379403784
14.27586213,-183.21989523858488
14.277678489000001,-183.21989523858488
14.279802810000001,-183.24050408639243
14.281792944000001,-183.25940390779644
14.283729402,-183.26959104557446
14.285734279000001,-183.2801467968905
14.287718343000002,-183.2901831382212
14.289658441,-183.3004372966425
14.291813646000001,-183.3104066173299
14.294259613000001,-183.32086183768106
14.295756355000002,-183.32086183768106
14.297810952,-183.33205428510823
14.299905228,-183.35095410651223
14.301925152,-183.35095410651223
14.303664994,-183.36129204073765
14.305838579000001,-183.38087882373523
14.307774099000001,-183.39081463410096
14.309791542000001,-183.40026454480298
14.311771351,-183.4098484967915
14.313816947000001,-183.41931516265436
14.315793165,-183.41931516265436
14.317646081000001,-183.42982064848795
14.319646489,-183.44868695957032
14.321870175,-183.458723300901
14.323678113000001,-183.46937958318196
14.325709357000001,-183.4787122077582
14.327654168,-183.48853073199822
14.329553118000002,-183.4985503181681
14.331575729,-183.50810075983503
14.333873605,-183.5181538563265
14.335695177000002,-183.5181538563265
14.337682503000002,-183.52916199698467
14.339952977000001,-183.54859798353488
14.34169424,-183.55813167004098
14.343829434000002,-183.56825178717574
14.345731987,-183.57766818755607
14.347585945,-183.58725213954463
14.349920413000001,-183.59745603248348
14.351653669000001,-183.60799502863875
14.353954187000001,-183.6175789806273
14.356069486,-183.6175789806273
14.358013283,-183.62826877322993
14.359626018,-183.647252370438
14.361896003,-183.65685307758739
14.363968355,-183.66672186730986
14.365761143,-183.6768252292838
14.367821564000002,-183.68667726384547
14.36975357,-183.6966968500153
14.371679858,-183.70643159845125
14.373831655,-183.7166522465509
14.375822218000001,-183.7166522465509
14.377670769000002,-183.72779442849566
14.379664243,-183.74704610827683
14.381661697,-183.7563787328531
14.383645842000002,-183.76623076741473
14.385566787,-183.77616657778051
14.387731780000001,-183.78591808137725
14.389761399000001,-183.79610521915527
14.391698127000002,-183.80645990854154
14.393936852000001,-183.80645990854154
14.395662208000001,-183.8164292292289
14.397582518,-183.8364516464078
14.399765165000002,-183.84578427098407
14.401628115000001,-183.85634002230012
14.403645180000002,-183.8657899330021
14.405724150000001,-183.87587653981524
14.407589686000001,-183.88599665695003
14.409548084,-183.8956978950643
14.411588111,-183.90546615382186
14.413816644,-183.91613919126365
14.415906037000001,-183.91613919126365
14.417675351000002,-183.92744892481656
14.419817444000001,-183.94656656331122
14.421775087,-183.95682072173256
14.423594932,-183.96680679758074
14.425777066,-183.97684313891142
14.427596549,-183.9868124595988
14.429620205,-183.99629588062245
14.431626101,-184.00608089454082
14.433800574000001,-184.01660313553526
14.435868025000001,-184.01660313553526
14.437698240000001,-184.02717564201214
14.439681447000002,-184.04656136307986
14.441713081000001,-184.0563966424807
14.443734234,-184.06588006350438
14.445806925000001,-184.07593315999586
14.447650578000001,-184.0858019497183
14.449793653,-184.09503404332966
14.451653074000001,-184.10553952916328
14.453812247,-184.11535805340327
14.455840149,-184.11535805340327
14.457643709000001,-184.12601433568426
14.459679897000001,-184.14516548450055
14.461922327000002,-184.15515156034877
14.463836341,-184.16572406682565
14.465758222000002,-184.17517397752763
14.467655579,-184.1843390504957
14.469623523000001,-184.19444241246964
14.471637992000002,-184.20397609897577
14.474211068,-184.21374435773333
14.475643132,-184.21374435773333
14.477689880000002,-184.22746683444421
14.47970107,-184.24425550558496
14.481634982000001,-184.24425550558496
14.483615476,-184.2553976875297
14.485591466,-184.2745655915068
14.487621936,-184.2836803989924
14.489677438000001,-184.29393455741376
14.491581570000001,-184.30418871583507
14.494142112,-184.31404075039674
14.495738197000001,-184.31404075039674
14.497662614000001,-184.3262720177947
14.499761367000001,-184.3447362050174
14.501721927,-184.35519142536856
14.503652955000002,-184.3651439908951
14.5058109,-184.37554894576382
14.507904904,-184.38521667355644
14.509657816,-184.39543732165615
14.511610811,-184.40497100816225
14.513688053000001,-184.41489006336715
14.516036399,-184.41489006336715
14.517744650000001,-184.42581442822126
14.519755270000001,-184.4457363144352
14.521621115,-184.4557056351226
14.523741899000001,-184.46557442484507
14.525585957,-184.47634799325178
14.527565221000001,-184.4851947181643
14.529727655,-184.4949964872435
14.531592102000001,-184.50521713534317
14.533974692000001,-184.51528698699548
14.535828878,-184.51528698699548
14.537663381000002,-184.5268648031215
14.539635870000001,-184.546552117084
14.541636884,-184.55675601002287
14.543585391,-184.56716096489154
14.545599663,-184.5781355952281
14.547822637000001,-184.58696556497978
14.549587480000001,-184.59691813050634
14.551614513,-184.60690420635459
14.553794104000001,-184.616588689308
14.556095263000001,-184.616588689308
14.557654055,-184.62808272962997
14.559692104000002,-184.64653016169183
14.561909039000001,-184.6562816652886
14.563719158000001,-184.6562816652886
14.565717551,-184.6673400714292
14.567848600000001,-184.685519420918
14.56963196,-184.685519420918
14.571619297000002,-184.69667835802355
14.573835775000001,-184.7152933416936
14.575773089,-184.7152933416936
14.577740463000001,-184.72661983040737
14.579828982,-184.72661983040737
14.581713173,-184.74624012372658
14.583718335,-184.7657598860809
14.585639119000001,-184.77658371997006
14.587680198000001,-184.78559799649074
14.589733464,-184.79576837910798
14.591555547,-184.80496696239769
14.59371194,-184.81476873147687
14.595838603,-184.81476873147687
14.59766012,-184.82609522019064
14.599661482,-184.8446431832174
14.601708386,-184.85454548326155
14.603680348000001,-184.86428023169745
14.605806564000002,-184.8753386378381
14.607889080000001,-184.88477179337926
14.609745556,-184.8943222350462
14.611813404000001,-184.90424129025112
14.61378241,-184.90424129025112
14.615781490000002,-184.91422736609934
14.617669574,-184.91422736609934
14.619773735,-184.9346686622987
14.621649940000001,-184.95353497338104
14.623805494,-184.96331998729943
14.625722094,-184.97471349665645
14.627726694000001,-184.98324187351338
14.629717099,-184.99289284614522
14.631656508,-185.0031134942449
14.633767923,-185.01256340494692
14.635801178000001,-185.01256340494692
14.637891366000002,-185.02410771075128
14.639673882,-185.02410771075128
14.641610977000001,-185.0432923698892
14.643797265000002,-185.06246027386632
14.645663607000001,-185.07353543516777
14.64763117,-185.0819632810598
14.649800363,-185.09216717399866
14.651787850000002,-185.10188516727376
14.653819968,-185.1122566118208
14.655918484,-185.1122566118208
14.657877070000001,-185.12306369054917
14.659874821,-185.12306369054917
14.661731917000001,-185.14233212549118
14.663796981,-185.16138274334256
14.665704014000001,-185.17267572173463
14.667650139000001,-185.181354895039
14.669768692000002,-185.19095560218835
14.671617883000001,-185.20084114707166
14.673710884,-185.2105926506684
14.675788658,-185.2105926506684
14.677752594000001,-185.22235477356344
14.679747051000001,-185.24058438853467
14.681865832000002,-185.25055370922203
14.683714582,-185.2604057437837
14.685865600000001,-185.27151441540678
14.687848126,-185.28041140580174
14.68977587,-185.28992833714702
14.691702881000001,-185.30019925072915
14.69384018,-185.30963240627037
14.696144635000001,-185.30963240627037
14.697901225,-185.3213275085221
14.699815677,-185.33930579608105
14.701691553000002,-185.3491410754819
14.704113058,-185.35934496842074
14.705805585,-185.35934496842074
14.707775022000002,-185.37107358099416
14.709723643,-185.38955452337768
14.711688294000002,-185.39962437503
14.713912229000002,-185.40942614410918
14.715861337000002,-185.40942614410918
14.718010105000001,-185.42172443215043
14.719882871000001,-185.4404902122679
14.722022702,-185.45027522618628
14.723665400000002,-185.45027522618628
14.725713464,-185.46168549070413
14.727755416,-185.4806690879122
14.729592125000002,-185.4910907979417
14.731634483,-185.50082554637763
14.733868679,-185.5106943361001
14.735878596000001,-185.5106943361001
14.737750906,-185.52295911381972
14.739784878,-185.54085362557456
14.741895937,-185.55080619110115
14.743752556,-185.56052418437622
14.745617451000001,-185.57149881471278
14.747629879000002,-185.5795077815843
14.749714652000002,-185.58951061259336
14.751649230000002,-185.59931238167255
14.75389127,-185.6094324988073
14.755889821,-185.6094324988073
14.757673394000001,-185.62211615554742
14.759738241,-185.64059709793094
14.761654847,-185.65051615313584
14.763712392,-185.66061951510983
14.765612269000002,-185.6703375083849
14.767583189000002,-185.68012252230332
14.769686618000001,-185.68968971913102
14.771789631,-185.6996590398184
14.773731977,-185.7096953811491
14.775756606000002,-185.7096953811491
14.777683803,-185.72135697307922
14.779619193,-185.73915095386914
14.781613062000002,-185.74846682328462
14.783677077,-185.75873773686672
14.785581933000001,-185.7686903023933
14.787581280000001,-185.77857584727658
14.789595514,-185.78876298505463
14.791585858000001,-185.79905065379756
14.793739426,-185.80901997448498
14.795749723,-185.80901997448498
14.797633339,-185.82130150736543
14.799620941,-185.8393300604068
14.801578765,-185.84891401239537
14.8035841,-185.85888333308276
14.805594021000001,-185.8687186124836
14.807574705,-185.8787717089751
14.809639028000001,-185.8886740090192
14.811570503,-185.89931353613937
14.813779245000001,-185.90901477425365
14.815699648,-185.90901477425365
14.817643492,-185.9218492274411
14.819599441000001,-185.9399448011258
14.821612022,-185.94974657020498
14.823628231,-185.95995046314385
14.825588652,-185.97008733543942
14.827587505,-185.97990585967943
14.829587621000002,-185.99031081454814
14.831581335000001,-186.0004141765221
14.833835985,-186.01063482462177
14.835669902000001,-186.01063482462177
14.837648949,-186.02350278813086
14.839897904,-186.04092815538277
14.841621715,-186.04092815538277
14.843590266000001,-186.05195305120176
14.845613197,-186.0695627252227
14.847620582000001,-186.07941475978436
14.849588901,-186.08923328402437
14.851765287000001,-186.09891776697785
14.853933295000001,-186.10927245636407
14.855770877000001,-186.10927245636407
14.857761672,-186.12192260278252
14.860002375,-186.12192260278252
14.861805769,-186.13969982841164
14.863709490000002,-186.15920283560513
14.866066824,-186.16887056339777
14.867811660000001,-186.16887056339777
14.869844337000002,-186.18033109339808
14.871748044,-186.19872825997749
14.873832819,-186.20881486679062
14.875802479,-186.20881486679062
14.877747259000001,-186.22126395127924
14.879686209,-186.23880660465687
14.881622273000001,-186.24904400791738
14.883643927000001,-186.25854418410185
14.885759023,-186.2686810563974
14.887649502,-186.2790692561053
14.889576793000002,-186.28877049421956
14.891586983000002,-186.2986727942637
14.893835702,-186.30864211495108
14.895821126000001,-186.30864211495108
14.897768623000001,-186.32189544715902
14.899754025000002,-186.33945485569748
14.901628737000001,-186.34932364541996
14.903760626,-186.3593432315898
14.905658431,-186.368776387131
14.907681044,-186.37887974910495
14.909757116000002,-186.38918417300872
14.911633069,-186.39910322821365
14.913785264000001,-186.40855313891564
14.915815873000001,-186.41951101409137
14.91790375,-186.41951101409137
14.919973616,-186.43045213410628
14.921853218,-186.44963679324417
14.9235824,-186.45958935877078
14.925653004,-186.46893873850786
14.927690766000001,-186.47880752823033
14.929695528000002,-186.48912870729492
14.931653602,-186.49886345573083
14.933714172,-186.50856469384513
14.93576988,-186.50856469384513
14.937628503000001,-186.5193885277343
14.939763342000001,-186.53833861462076
14.941810737,-186.53833861462076
14.943650482,-186.54850899723795
14.945597097,-186.56766014605427
14.947809618,-186.57739489449017
14.949614823000001,-186.58739772549922
14.951626184,-186.5972832703825
14.953798547000002,-186.60695099817514
14.955860269,-186.60695099817514
14.957804109000001,-186.61807642495907
14.959754268000001,-186.63766320795665
14.961747158000001,-186.64774981476975
14.963748586000001,-186.65805423867354
14.965642918,-186.6679062732352
14.967639738,-186.6776242665103
14.96967186,-186.68789518009245
14.971730321,-186.69796503174476
14.974030982,-186.70786733178886
14.975834519000001,-186.70786733178886
14.977849780000001,-186.71922733082425
14.979881705,-186.71922733082425
14.981834501000002,-186.7390319309125
14.983718771000001,-186.75791499715567
14.985629229,-186.7670968252845
14.987820344000001,-186.77699912532864
14.989711778,-186.78668360828212
14.991995833,-186.79603298801922
14.993849133000001,-186.8066054944961
14.995912668,-186.8066054944961
14.997792787000002,-186.81679263227414
14.99968609,-186.836630742684
15.001716100000001,-186.84636549111994
15.003596269,-186.85625103600321
15.005610155000001,-186.8664549289421
15.007696858000001,-186.87639073930782
15.009792663,-186.8865276116034
15.01164842,-186.89684879066803
15.013927570000002,-186.9068181113554
15.015843211000002,-186.9068181113554
15.01787623,-186.91770896588784
15.019855791000001,-186.93729574888545
15.021722021,-186.947248314412
15.023792363,-186.95741869702923
15.025753551000001,-186.96730424191253
15.027618823000001,-186.97722329711743
15.029696984000001,-186.98722612812648
15.032375546,-186.99719544881387
15.033972608000001,-186.99719544881387
15.035934458000002,-187.0108676600423
15.037939844,-187.0108676600423
15.039918358000001,-187.02807521020355
15.041885731,-187.0470085419292
15.043872404000002,-187.0569108419733
15.045991445,-187.06646128364022
15.047722513,-187.0767824627048
15.05017452,-187.086399925015
15.051870163,-187.086399925015
15.053695756000002,-187.09747508631645
15.056025632,-187.09747508631645
15.058035452,-187.1169445831883
15.059677735000001,-187.1367156729549
15.061750526,-187.1465006868733
15.063654136,-187.15657053852559
15.065800255000001,-187.16670741082115
15.067823928000001,-187.17664322118694
15.069859134000001,-187.18699791057315
15.071869108000001,-187.19669914868743
15.073878740000001,-187.2067354900181
15.076077267,-187.2067354900181
15.077772307000002,-187.217676610033
15.079845954000001,-187.23696180013584
15.081665591,-187.24636144535538
15.083683814,-187.25607943863048
15.085697592,-187.26566339061904
15.087680338,-187.2758672835579
15.089772241,-187.28555176651136
15.091647052,-187.29535353559058
15.094139903,-187.3054736527253
15.095844259000001,-187.3054736527253
15.097814723,-187.31757087883676
15.099721371000001,-187.33564969736062
15.101742769000001,-187.34573630417376
15.103626057000001,-187.355437542288
15.105685732000001,-187.36477016686428
15.107645155,-187.3752086320546
15.109571025000001,-187.38519470790283
15.111617377000002,-187.39521429407267
15.113683217,-187.4054852076548
15.115746832000001,-187.4054852076548
15.117705664,-187.4165101034738
15.119654238,-187.4165101034738
15.121609568,-187.4366330516176
15.123610016,-187.4559685072029
15.12575104,-187.46632319658912
15.127658816,-187.4769794788701
15.129568243000001,-187.4865801860195
15.131619307000001,-187.4962311586513
15.133979143000001,-187.50643505159016
15.135823462000001,-187.50643505159016
15.137657589000002,-187.51856578802324
15.139900225000002,-187.5360581759184
15.141631327,-187.5360581759184
15.143745161000002,-187.54658041691283
15.145747934000001,-187.5648267870449
15.14791042,-187.5755333348083
15.149703501000001,-187.5755333348083
15.151637388000001,-187.5859215345162
15.153750225000001,-187.60513970397577
15.155902622000001,-187.60513970397577
15.157657841,-187.61649970301113
15.159696422000001,-187.63556707602334
15.161700190000001,-187.64577096896218
15.163619432,-187.6560083722227
15.165686637,-187.66550854840713
15.167622569,-187.67552813457698
15.169608175,-187.68566500687257
15.171582142,-187.69539975530847
15.173758816000001,-187.69539975530847
15.175977336,-187.7050339727795
15.177873369,-187.7050339727795
15.179709863000001,-187.72576010671278
15.181777819,-187.74464317295596
15.183713643,-187.75446169719598
15.185717122000002,-187.76416293531028
15.187636289,-187.7739982147111
15.189646365000002,-187.78428588345406
15.191584873000002,-187.79381956996014
15.193745392,-187.8035040529136
15.195857314000001,-187.8035040529136
15.197752565000002,-187.81432788680277
15.199791381,-187.83374711819218
15.201899202000002,-187.84388399048774
15.203829597,-187.8537025147278
15.205655786000001,-187.8537025147278
15.207741332000001,-187.86315242542977
15.209644616,-187.88307431164372
15.211650355000002,-187.8927587945972
15.213963844,-187.90309672882262
15.215837086,-187.90309672882262
15.217746331,-187.91326711143984
15.219702378000001,-187.93307171152807
15.221677876000001,-187.9422032741745
15.223682328,-187.95195477777122
15.225871793000001,-187.96204138458438
15.227714617,-187.97229554300569
15.229832161000001,-187.98169518822525
15.231747905,-187.99193259148572
15.234037797000001,-188.0015500537959
15.235766948,-188.0015500537959
15.237649129000001,-188.01337919733425
15.239738632000002,-188.03132397457154
15.24166944,-188.04122627461564
15.243755102000002,-188.05106155401648
15.245735206,-188.06144975372436
15.247624691,-188.0711845021603
15.249594817,-188.0810868022044
15.251692554000002,-188.09105612289179
15.253824000000002,-188.09105612289179
15.255711739,-188.10186320162015
15.257679013,-188.10186320162015
15.259639713,-188.12257258039259
15.261650979,-188.1419750566212
15.263629019000001,-188.15139145700155
15.265687547,-188.1607408367386
15.267607783,-188.17119605708976
15.269607664,-188.18036113005783
15.271610937,-188.18999534752885
15.273832338,-188.20004844402033
15.275789531000001,-188.20004844402033
15.277880465,-188.21098956403523
15.279643711,-188.23019097833398
15.281659673000002,-188.23962413387514
15.283634943000001,-188.24945941327599
15.285792386,-188.25922767203355
15.287684457000001,-188.26961587174142
15.289622261000002,-188.27911604792587
15.291617241,-188.28911887893491
15.294044176000002,-188.29868607576262
15.295940569,-188.29868607576262
15.297799243000002,-188.30979474738575
15.299964762,-188.32904642716693
15.301620031,-188.33891521688943
15.303722253,-188.34846565855634
15.305641217000002,-188.35831769311798
15.307808036,-188.36791840026734
15.309836988,-188.37805527256293
15.31183904,-188.3879743277679
15.313836968,-188.39759179007808
15.315762234000001,-188.39759179007808
15.317635785,-188.40891827879182
15.319623583,-188.42749975214025
15.321625507,-188.4373015212194
15.323602353000002,-188.44722057642437
15.325711995,-188.45690505937785
15.327749093000001,-188.46724299360324
15.32967548,-188.4771620488082
15.331883851,-188.48661195951018
15.333777669000002,-188.48661195951018
15.335795865000001,-188.49706717986135
15.337790274000001,-188.49706717986135
15.339810493000002,-188.5169890660753
15.341875817000002,-188.5366261145553
15.343660576000001,-188.5366261145553
15.345683215000001,-188.54661219040355
15.347728120000001,-188.56584711502393
15.349652771,-188.57573265990723
15.35174098,-188.5860538389718
15.353740518,-188.59595613901593
15.35571505,-188.59595613901593
15.357722478000001,-188.607064810639
15.359690644,-188.62680239008398
15.361711282000002,-188.63667117980646
15.363727371000001,-188.64669076597627
15.365580283000002,-188.6562412076432
15.367601264000001,-188.66554032189785
15.369643766000001,-188.67542586678115
15.371600699000002,-188.68519412553871
15.373757603000001,-188.69496238429625
15.375759914000001,-188.69496238429625
15.377660625,-188.70610456624098
15.379632478000001,-188.72507140828824
15.381846276000001,-188.73497370833235
15.383621066000002,-188.73497370833235
15.385638824,-188.7461829109204
15.387793406,-188.76468060846472
15.389683242,-188.76468060846472
15.391607556,-188.77563848364045
15.393883,-188.79428697763214
15.395778592000001,-188.79428697763214
15.397630825,-188.80484272894822
15.399595235000001,-188.8240106329253
15.401747756,-188.83386266748698
15.403635752000001,-188.84378172269192
15.405664498,-188.85328189887636
15.407686853000001,-188.86353605729767
15.409733778000001,-188.8732875608944
15.411698498000002,-188.88352496415493
15.413818659,-188.89317593678675
15.415915738,-188.89317593678675
15.417770339,-188.90384897422854
15.419846431000002,-188.9233352262612
15.421767456000001,-188.9331202401796
15.423899686,-188.9425701508816
15.425794521,-188.95279079898125
15.427760742,-188.96225746484407
15.42982424,-188.9719754581192
15.431771968000001,-188.98204530977148
15.433928905,-188.99181356852904
15.435967170000001,-188.99181356852904
15.437852970000002,-189.00285521950886
15.439843993,-189.02200636832518
15.441769142000002,-189.03143952386634
15.443770445,-189.04135857907127
15.445744904000001,-189.05107657234637
15.447573673,-189.06114642399868
15.449790153,-189.07068011050478
15.451847449,-189.08090075860446
15.453913519,-189.08090075860446
15.455969614,-189.09103763090002
15.4579745,-189.09103763090002
15.459785210000001,-189.11152919258183
15.461874561,-189.13032848302095
15.463942033,-189.1404486001557
15.465790827000001,-189.15048494148638
15.467593707,-189.16043750701292
15.469783332,-189.17013874512722
15.471641275000001,-189.18022535194035
15.47369864,-189.18975903844643
15.475911616000001,-189.20043207588824
15.477788297000002,-189.20043207588824
15.479741952000001,-189.21107160300838
15.481636033000001,-189.22972009700013
15.483811151000001,-189.2393208041495
15.485739586000001,-189.25007761739536
15.487712696000001,-189.2598291209921
15.489781151,-189.26941307298065
15.491623541000001,-189.279667231402
15.494036888,-189.28978734853672
15.495906132000002,-189.28978734853672
15.497814975,-189.30195159529143
15.499668588,-189.32026498606677
15.501719644000001,-189.3299997345027
15.503701992000002,-189.34010309647664
15.505708495,-189.34988811039503
15.507727141,-189.35980716559996
15.509647733000001,-189.36992728273472
15.511624719,-189.37895831441622
15.513824546,-189.38884385929953
15.515782802,-189.38884385929953
15.517713353000001,-189.39968444834952
15.519652941,-189.41881884200498
15.521715624,-189.42855359044088
15.523648207,-189.43838886984173
15.525611699,-189.44805659763438
15.527694890000001,-189.4580259183218
15.529647590000002,-189.46759311514953
15.531634945,-189.477646211641
15.534186344,-189.48763228748922
15.53570357,-189.48763228748922
15.537694020000002,-189.50009812713864
15.539714887,-189.51757375987302
15.54173587,-189.52724148766566
15.543605797000001,-189.53736160480045
15.545600651,-189.54684502582407
15.547570023,-189.55651275361672
15.549595946,-189.56611346076608
15.551614159000001,-189.5763843743482
15.553745439000002,-189.58620289858823
15.55572487,-189.58620289858823
15.557709174000001,-189.59724454956805
15.559789635000001,-189.61664702579665
15.561665942000001,-189.61664702579665
15.563629541000001,-189.62671687744893
15.565597505000001,-189.64568371949622
15.567748758,-189.65523416116312
15.569636798000001,-189.66515321636805
15.571738897000001,-189.67522306802036
15.573856104,-189.68509185774283
15.575957567000001,-189.68509185774283
15.577652064,-189.6958989364712
15.579689418000001,-189.71493279916174
15.58207589,-189.72480158888422
15.583631946,-189.72480158888422
15.585616517000002,-189.73612807759798
15.587634626000002,-189.75455875449902
15.589630295000001,-189.76482966808115
15.591757424,-189.774849254251
15.593724157,-189.78552229169279
15.595986304,-189.78552229169279
15.59774361,-189.79648016686852
15.599635561000001,-189.8164020530825
15.601704080000001,-189.8261200463576
15.603624721000001,-189.83647473574382
15.605693412,-189.84615921869727
15.607700841000002,-189.8558939671332
15.609610597000001,-189.8657962671773
15.611616566,-189.8753969743267
15.613852008,-189.8851987434059
15.615747359,-189.8851987434059
15.617635341000002,-189.8962403943857
15.619615846,-189.91457054032185
15.621638605000001,-189.92425502327535
15.623633754,-189.93390599590714
15.625777495000001,-189.94405962336356
15.627647728000001,-189.94405962336356
15.629638237000002,-189.95500074337846
15.631621117000002,-189.97408487155147
15.633696351000001,-189.98410445772132
15.635682175000001,-189.98410445772132
15.637652522000002,-189.99474398484148
15.639656984,-190.01397890946185
15.641626853000002,-190.02369690273693
15.643709031,-190.03333112020798
15.645638027,-190.0436020337901
15.647578498000001,-190.05298492384884
15.649586545000002,-190.06268616196311
15.651686410000002,-190.07270574813296
15.653863580000001,-190.08309394784084
15.655804926000002,-190.08309394784084
15.657727016,-190.09406857817737
15.659718996,-190.11276733765152
15.66162255,-190.12196592094122
15.663615666,-190.1318179555029
15.665618918000002,-190.14168674522537
15.667586009,-190.15172308655607
15.669630394,-190.16159187627852
15.671666908,-190.1719298105039
15.673841452000001,-190.1820499276387
15.675730527,-190.1820499276387
15.677736084000001,-190.19319210958344
15.679624101000002,-190.21157252100204
15.681634389000001,-190.22105594202566
15.683613411000001,-190.231310100447
15.685881643,-190.24094431791798
15.687636156000002,-190.24094431791798
15.689642123,-190.25212001018434
15.691593467,-190.2709695661059
15.6938469,-190.28063729389856
15.695738326,-190.28063729389856
15.697725620000002,-190.2920643135772
15.699666199000001,-190.2920643135772
15.701640607000002,-190.31134950368005
15.703631981000001,-190.3317237792361
15.705605512000002,-190.3414920379937
15.707770832000001,-190.3516456654501
15.709729092000002,-190.3620673754796
15.711615550000001,-190.3720534513278
15.713809524,-190.38162064815555
15.715740932000001,-190.38162064815555
15.717669223000001,-190.39301415751257
15.719641948000001,-190.4111599966797
15.721645199000001,-190.4205093764168
15.723632035000001,-190.43037816613926
15.725635313000002,-190.44017993521845
15.727725965000001,-190.45045084880059
15.729621429000002,-190.46028612820143
15.731622579000001,-190.46992034567245
15.733775001000001,-190.48007397312884
15.735941714,-190.48007397312884
15.737749627000001,-190.49116588959112
15.739726769,-190.51008246615592
15.741664566,-190.51008246615592
15.743653736,-190.5196831733053
15.745608714000001,-190.5392867114637
15.747626196,-190.5489209289347
15.749750716000001,-190.55873945317475
15.751797945000002,-190.56879254966623
15.753842256,-190.56879254966623
15.755817227000001,-190.5797336696811
15.758095152000001,-190.5797336696811
15.759637543,-190.6000241694331
15.761663909000001,-190.61944340082252
15.763831482,-190.62946298699237
15.765866727,-190.62946298699237
15.767640598000002,-190.64109106860084
15.769828307000001,-190.6605773206335
15.771672582,-190.67126711323613
15.774026236000001,-190.68130345456677
15.775670001000002,-190.68130345456677
15.777693183,-190.69293153617525
15.779690606,-190.71129519243306
15.78165055,-190.72097967538653
15.783651585000001,-190.73101601671718
15.785743351,-190.74093507192214
15.787925069000002,-190.75035147230247
15.78976034,-190.76047158943726
15.791725139,-190.77027335851645
15.793892256000001,-190.7795892279319
15.795779888,-190.7795892279319
15.797778637,-190.79145188179186
15.799732774,-190.81041872383912
15.80163641,-190.82035453420485
15.803763020000002,-190.83040763069636
15.805661139000001,-190.8409466268516
15.807767798,-190.85089919237817
15.809567251,-190.8615219643375
15.811692923,-190.87132373341672
15.813744400000001,-190.88156113667722
15.815894241,-190.8922509292798
15.817827580000001,-190.8922509292798
15.819816368000001,-190.9028904564
15.821840266,-190.9213546436227
15.823646977000001,-190.93124018850597
15.825912221000001,-190.94131004015827
15.827643864,-190.94131004015827
15.829650468,-190.95191605695678
15.831664057000001,-190.97068183707424
15.833907583,-190.9801987684195
15.83579585,-190.9801987684195
15.837750331,-190.9907545197356
15.839779333000001,-191.0101905062858
15.841763572000001,-191.02021009245564
15.843852306,-191.03044749571615
15.845663838,-191.03999793738305
15.847677742,-191.04986672710555
15.849654630000002,-191.05986955811454
15.851670626,-191.06968808235456
15.853851155000001,-191.07974117884606
15.855853145000001,-191.07974117884606
15.857948402000002,-191.09084985046914
15.859747397000001,-191.10946483413923
15.86163731,-191.1187136829114
15.863733888,-191.12885055520698
15.865780455000001,-191.13888689653766
15.867673717,-191.14887297238585
15.869738956,-191.1587920275908
15.871703889,-191.16856028634837
15.873739589000001,-191.1781442383369
15.87602603,-191.1781442383369
15.877889037000001,-191.18937019608575
15.879771475000002,-191.20872240683184
15.882035230000001,-191.21860795171511
15.883913389000002,-191.21860795171511
15.885846483000002,-191.22958258205168
15.888006494,-191.24905207892354
15.889890589,-191.26026128151153
15.891883912,-191.27014682639484
15.893944923000001,-191.2800156161173
15.895939793,-191.2800156161173
15.897940465000001,-191.29072216388073
15.899902745,-191.3094209233549
15.901872071000001,-191.31910540630838
15.903787797000001,-191.32837101024137
15.905775233000002,-191.33820628964222
15.907822691000002,-191.3480080587214
15.90986265,-191.3480080587214
15.911877206000002,-191.358144931017
15.914003161,-191.358144931017
15.915952091000001,-191.3775809175672
15.917833488000001,-191.3775809175672
15.919988122000001,-191.39834056182212
15.921776807,-191.41754197612084
15.923816692,-191.42710917294858
15.925818579000001,-191.43716226944008
15.927795996,-191.44711483496664
15.929717225000001,-191.45696686952832
15.931910587,-191.46670161796422
15.933812210000001,-191.4765704076867
15.935736305,-191.4765704076867
15.937662702,-191.48789689640043
15.939664241000001,-191.50662916619626
15.941622949000001,-191.516196363024
15.943622121,-191.52608190790727
15.945622094,-191.5359674527906
15.947613668,-191.54598703896045
15.949572161,-191.55545370482326
15.951616426000001,-191.56523871874163
15.953711408,-191.57532532555476
15.955778813,-191.57532532555476
15.957634452,-191.58603187331818
15.959748152000001,-191.6056521666374
15.961624180000001,-191.6151188325002
15.963619475000002,-191.6248200706145
15.965801176000001,-191.63482290162355
15.967726789,-191.64539540810043
15.969579293,-191.65504638073224
15.971997510000001,-191.66437900530852
15.973935326000001,-191.67439859147834
15.975891911000001,-191.67439859147834
15.977790970000001,-191.6853732218149
15.979824685,-191.70457463611365
15.981866907,-191.71449369131858
15.983620353000001,-191.72421168459366
15.985764805,-191.73377888142142
15.987585899,-191.74386548823452
15.989653122000002,-191.75324837829325
15.991664212000002,-191.7636030676795
15.993848669,-191.77325404031131
15.995754021000002,-191.77325404031131
15.997760303000002,-191.78471457031162
15.999710843,-191.80349710558988
16.001897316,-191.81309781273924
16.003707096,-191.82301686794418
16.005667192,-191.83305320927485
16.007716225,-191.8437765121991
16.009763853000003,-191.8533939745093
16.011705656,-191.86353084680488
16.013881046,-191.87365096393964
16.015734699,-191.87365096393964
16.017671529,-191.88504447329663
16.019858398,-191.90499986983224
16.021696853,-191.91506972148457
16.023883870000002,-191.9250557973328
16.025714918000002,-191.9250557973328
16.027739663000002,-191.9361979792775
16.029700011000003,-191.9547459423043
16.033077552,-191.9641120772022
16.034039827,-191.9641120772022
16.035866441,-191.98155419961492
16.037707707000003,-191.98155419961492
16.039757506,-191.99393626346026
16.041949380000002,-192.01263502293443
16.043792006,-192.02303997780314
16.045682712,-192.03267419527415
16.047602303,-192.04302888466037
16.049758849,-192.0522442231109
16.051772655,-192.06236434024567
16.053976948000003,-192.07250121254125
16.055935147,-192.07250121254125
16.05776505,-192.08382770125502
16.059845125000002,-192.10219135751277
16.061940222,-192.11211041271773
16.063756108,-192.12176138534954
16.066082186000003,-192.1317139508761
16.067713147000003,-192.1317139508761
16.069744078,-192.1425210296045
16.071868395000003,-192.161186278757
16.073876407,-192.1710718236403
16.075979021000002,-192.1710718236403
16.077824206000003,-192.18199618849437
16.079763933000002,-192.20113058214983
16.081699285000003,-192.21091559606822
16.083808073,-192.2203655067702
16.085627998,-192.23011701036697
16.087685741,-192.24087382361287
16.089712417,-192.2500053862593
16.091766302,-192.25985742082094
16.093886713,-192.27001104827735
16.09576145,-192.27001104827735
16.09776669,-192.28068408571914
16.099730177,-192.30018709291264
16.101722649000003,-192.31008939295674
16.103588381,-192.31953930365873
16.105820522000002,-192.3292908072555
16.108046489,-192.34061729596922
16.109840539,-192.3499666757063
16.111710384000002,-192.3499666757063
16.11381194,-192.36025434444926
16.115676803,-192.36025434444926
16.117681645,-192.38106425418664
16.119672594,-192.38106425418664
16.121623654,-192.40085209911405
16.12364771,-192.4209415369362
16.125588079,-192.43094436794524
16.127576721,-192.44217032569406
16.129572028000002,-192.45063168190774
16.131641802,-192.46046696130855
16.133770889,-192.46046696130855
16.135779568,-192.4708384058556
16.137647694,-192.4708384058556
16.139617217,-192.49161480527135
16.141641203000002,-192.50979415476016
16.143632484,-192.51932784126623
16.145623625000002,-192.52934742743608
16.147621444000002,-192.54035556809424
16.149621106,-192.54908500688106
16.151593679,-192.5589537966035
16.154123434000002,-192.56862152439615
16.155806842,-192.56862152439615
16.157662945000002,-192.58075226082923
16.159647825,-192.59881432419226
16.161783245000002,-192.60838152102
16.164010491000003,-192.61868594492378
16.165748954,-192.61868594492378
16.167646551,-192.62902387914917
16.169645652,-192.64777290410578
16.171625111,-192.65780924543645
16.173915195,-192.66732617678176
16.175738961,-192.66732617678176
16.177725298000002,-192.67880346194286
16.179671656,-192.6975524868995
16.181621532,-192.70705266308394
16.183660800000002,-192.71697171828887
16.185735883,-192.72699130445872
16.187656524,-192.73830103801163
16.189663352,-192.74671212874284
16.191643624,-192.7567149597519
16.193891272000002,-192.7663659323837
16.195703194,-192.7663659323837
16.197650185,-192.77779295206236
16.199599249000002,-192.79659224250145
16.201598765,-192.80620970481164
16.20367908,-192.81673194580608
16.205911236000002,-192.82770657614262
16.207617845,-192.82770657614262
16.209623131,-192.8395189645201
16.211608953000002,-192.85836852044164
16.213828002,-192.86822055500332
16.21579579,-192.86822055500332
16.217759163,-192.87927896114394
16.219748952,-192.87927896114394
16.221758058000002,-192.89889925446315
16.223967355000003,-192.91761476909815
16.225717292000002,-192.9274835588206
16.227692587,-192.9384079236747
16.229602732,-192.9465676869936
16.231591821000002,-192.95665429380676
16.233868100000002,-192.966355531921
16.235653931,-192.966355531921
16.237819225000003,-192.97798361352952
16.239807569,-192.99671588332535
16.241686862,-193.00636685595714
16.243619568,-193.01621889051881
16.245580620000002,-193.02632225249275
16.247661967000003,-193.0360905112503
16.249643316,-193.04627764902835
16.251618921000002,-193.05591186649934
16.253807481000003,-193.05591186649934
16.255761684,-193.06588118718676
16.257715251,-193.08736130335691
16.259626266,-193.09587292505304
16.261621832,-193.10544012188075
16.263639495,-193.1153591770857
16.265624665,-193.1250939255216
16.268040829,-193.13709062066812
16.269760562000002,-193.13709062066812
16.271629464,-193.14647351072682
16.273888042,-193.164803656663
16.275861381000002,-193.164803656663
16.277784970000003,-193.17556046990887
16.279773502,-193.19469486356434
16.28196887,-193.20496577714647
16.283717824,-193.20496577714647
16.285666235,-193.21594040748303
16.287715978,-193.23375114343378
16.289657686,-193.2440220570159
16.291682004000002,-193.25367302964773
16.29399857,-193.25367302964773
16.295825415,-193.26345804356612
16.297966488,-193.28529001811347
16.299741172,-193.28529001811347
16.301807775,-193.2939859465786
16.303649453000002,-193.31322087119898
16.305599836000003,-193.32307290576065
16.307746305000002,-193.33334381934276
16.309644125000002,-193.3435309571208
16.311730894,-193.35321544007428
16.31376572,-193.36341933301313
16.315711888000003,-193.36341933301313
16.317643267,-193.37461178044032
16.319657164000002,-193.39351160184432
16.32164371,-193.4034809225317
16.323620807,-193.41355077418402
16.325624216,-193.4233190329416
16.327719044000002,-193.4335731913629
16.32965288,-193.44332469495964
16.331628448,-193.4532605053254
16.333829562000002,-193.46361519471162
16.335693692,-193.46361519471162
16.337689679,-193.47492492826456
16.339703741,-193.4939420357943
16.341667345,-193.50354274294367
16.343663313,-193.51336126718368
16.345749113,-193.52287819852893
16.34872911,-193.53489164883626
16.349827445000003,-193.53489164883626
16.351682279000002,-193.54846332909977
16.354122968000002,-193.56309058449492
16.355984606,-193.56309058449492
16.357668911,-193.5757072205917
16.359727978000002,-193.5926801985015
16.361633887,-193.602364681455
16.363638887,-193.6120994298909
16.365631192000002,-193.62166662671862
16.367590818,-193.63163594740604
16.369611074,-193.64130367519866
16.37163687,-193.6512897510469
16.373884956,-193.66152715430738
16.375770514000003,-193.66152715430738
16.377875185,-193.67211641594508
16.379730783,-193.69133458540463
16.381613146,-193.70086827191076
16.383593294,-193.71035169293438
16.385630818000003,-193.72055558587323
16.387661197,-193.73040762043487
16.389675317000002,-193.74022614467492
16.391610158000002,-193.75058083406114
16.393825849000002,-193.76041611346199
16.39610696,-193.76041611346199
16.397667421,-193.7720441950705
16.399623423,-193.79049162713235
16.401637558,-193.8000085584776
16.403652583,-193.8099611240042
16.405589054,-193.81981315856584
16.407600506,-193.82944737603685
16.40960235,-193.83955073801081
16.411575137,-193.84933575192917
16.413799105000002,-193.85928831745576
16.415729729000002,-193.85928831745576
16.417674352000002,-193.87198872935664
16.419609109,-193.89050318206182
16.421694489,-193.90020442017612
16.423612422,-193.91089421277871
16.425570216,-193.920411144124
16.427643289000002,-193.93024642352484
16.429633636000002,-193.94081893000174
16.431631162000002,-193.9506039439201
16.433786109,-193.9506039439201
16.435775037000003,-193.96055650944666
16.437647971,-193.96055650944666
16.439705039,-193.9832429971958
16.441666813,-194.00035001639213
16.443654929,-194.0098669477374
16.445732318,-194.01970222713825
16.447759694000002,-194.0301574474894
16.449691444000003,-194.04009325785515
16.451610887,-194.04954316855716
16.453811818000002,-194.05916063086732
16.455713734,-194.05916063086732
16.457652362,-194.0703363231337
16.459713616000002,-194.0891691238944
16.461695893,-194.0995573236023
16.463670733,-194.1090910101084
16.465652356,-194.1090910101084
16.467612112,-194.11884251370515
16.469609315,-194.13807743832552
16.471623521,-194.14792947288717
16.473881318,-194.15794905905702
16.47565893,-194.15794905905702
16.4776585,-194.16945985453978
16.479621974,-194.1882926553005
16.481594969,-194.19780958664577
16.483601335,-194.20774539701154
16.485641103000003,-194.21791577962875
16.487640743,-194.22751648677811
16.489636301,-194.23735176617896
16.491615763000002,-194.24730433170552
16.493960081,-194.25693854917654
16.495680768,-194.25693854917654
16.497676033,-194.26890173400142
16.499637963,-194.28703081800774
16.501649247,-194.29653099419218
16.503631825,-194.30675164229189
16.505626732,-194.31633559428042
16.507608511,-194.32620438400286
16.509626285,-194.33597264276045
16.511609481,-194.3459084531262
16.5138426,-194.3557102222054
16.515853441,-194.3557102222054
16.517725275,-194.36696969027585
16.519747318,-194.3859867978056
16.521749171,-194.39610691494036
16.52361994,-194.40547304983826
16.525643286,-194.4152413085958
16.527766353,-194.42532791540896
16.529697287,-194.43526372577472
16.531705922,-194.4454173532311
16.533694939,-194.4557217771349
16.535752661,-194.4557217771349
16.537778261,-194.46646183521997
16.539878862000002,-194.48680260045438
16.541949430000003,-194.48680260045438
16.543703575000002,-194.49750914821783
16.545715616000003,-194.5172467276628
16.547817311,-194.52729982415428
16.549718852,-194.5378053099879
16.551754066,-194.54705415876003
16.553867143,-194.55680566235677
16.55582755,-194.55680566235677
16.557741478,-194.56764625140679
16.559749368000002,-194.58696495183125
16.561697175000003,-194.596900762197
16.563629433000003,-194.60650146934637
16.565628451000002,-194.61591786972673
16.567623922000003,-194.62598772137903
16.569632322,-194.6358397559407
16.571816891,-194.64544046309007
16.573723412,-194.65551031474237
16.575750366,-194.65551031474237
16.577676869,-194.66618335218416
16.579690228,-194.68506641842734
16.581846845,-194.6950692494364
16.583667031,-194.6950692494364
16.585656135,-194.70594334880798
16.587782383,-194.72459184279973
16.589696128,-194.73519785959823
16.591702506,-194.74478181158676
16.593847638,-194.74478181158676
16.595804527000002,-194.75418145680632
16.597767561,-194.75418145680632
16.599829116000002,-194.77470652880976
16.601615827,-194.79405873955588
16.603616905000003,-194.80374322250935
16.605724634,-194.81372929835754
16.607689048,-194.82361484324088
16.609598899,-194.83353389844578
16.611806786000002,-194.84333566752503
16.613920289,-194.85337200885567
16.615929771,-194.85337200885567
16.617676122000002,-194.86421259790563
16.619619009,-194.8836820947775
16.621627163,-194.8934000880526
16.623636566000002,-194.90373802227802
16.625620911000002,-194.91402569102095
16.627627106000002,-194.92399501170837
16.629773630000003,-194.9339978427174
16.631739928000002,-194.94490545241067
16.633718174000002,-194.9542883424694
16.635733907000002,-194.9542883424694
16.637758319,-194.9642073976743
16.639733425,-194.98384444615436
16.641731925000002,-194.98384444615436
16.643788501,-194.99346190846452
16.645721588,-195.01283087437147
16.647797616000002,-195.02249860216412
16.649671058000003,-195.03293706735445
16.651637877000002,-195.04280585707693
16.653734317,-195.05262438131695
16.655758269,-195.05262438131695
16.657669613,-195.0636157668143
16.659669284,-195.08251558821829
16.661689022,-195.09216656085013
16.663702479,-195.10213588153752
16.665704689000002,-195.11218897802902
16.667595276,-195.12205776775147
16.669590191,-195.13139039232775
16.67160983,-195.14107487528122
16.673791333,-195.15134578886335
16.675699351000002,-195.15134578886335
16.677664715000002,-195.1621696227525
16.679673502,-195.1810526889957
16.681619836,-195.19107227516554
16.68359732,-195.20067298231493
16.685628744000002,-195.21050826171574
16.687589375,-195.22056135820725
16.68963514,-195.2303463721256
16.691638037,-195.24044973409957
16.693826527000002,-195.25035203414367
16.695752119,-195.25035203414367
16.697658182,-195.26124288867615
16.699619463,-195.27982436202456
16.701643489000002,-195.2893915588523
16.703707457,-195.29957869663033
16.705701294,-195.3095312621569
16.707632179,-195.31929952091446
16.709599019000002,-195.32896724870713
16.711605168000002,-195.3384841800524
16.713822106000002,-195.34841999041814
16.715778571,-195.34841999041814
16.717687406,-195.35961243784533
16.719693288000002,-195.37841172828442
16.721798081,-195.3882805180069
16.723630410000002,-195.3882805180069
16.725593297,-195.39868547287557
16.727658758,-195.41756853911878
16.729628621,-195.42787296302254
16.731649294,-195.43759095629764
16.733696287,-195.44766080794994
16.735722488,-195.44766080794994
16.737646291,-195.4581998041052
16.73965142,-195.47731744259983
16.741728979,-195.48706894619656
16.743646634,-195.48706894619656
16.745634371,-195.49722257365298
16.74763739,-195.51670882568564
16.749612543,-195.52654410508646
16.751609706,-195.53637938448733
16.753767639,-195.54623141904895
16.755730694,-195.54623141904895
16.757656993,-195.5574071113153
16.759640803,-195.57637395336263
16.761643988,-195.58630976372837
16.763630000000003,-195.5962288189333
16.765610534,-195.60593005704757
16.767705702,-195.6159161328958
16.769643964,-195.62665619098087
16.771750077,-195.63624014296943
16.773762357000003,-195.646008401727
16.775693,-195.646008401727
16.777927025,-195.6574186662448
16.779833131,-195.67687140795584
16.781965135,-195.68674019767832
16.783773062,-195.68674019767832
16.785771678,-195.69749701092422
16.78774543,-195.71522397107088
16.789681943,-195.7255786604571
16.791682176000002,-195.73497830567663
16.793837881,-195.74451199218274
16.795962525,-195.74451199218274
16.79766385,-195.75617358411287
16.799915578,-195.77482207810456
16.801848531,-195.77482207810456
16.803702642,-195.7860312806926
16.805691804000002,-195.8040430785732
16.807852501,-195.81451505408512
16.809883597000002,-195.82413251639534
16.811802087,-195.83467151255056
16.813906232,-195.83467151255056
16.815910882,-195.84407115777012
16.81792108,-195.84407115777012
16.819785476,-195.86439516784372
16.821638267,-195.88322796860444
16.823783827,-195.89296271704035
16.825836622,-195.9027979964412
16.827711085,-195.91270029648533
16.829935744,-195.92270312749437
16.831758970000003,-195.92270312749437
16.833866244,-195.93416365749465
16.835843689,-195.93416365749465
16.837769221000002,-195.9534991130799
16.839739423,-195.97223138287575
16.841729755,-195.98174831422102
16.843809605,-195.98174831422102
16.845684062,-195.9916171039435
16.847680112000003,-196.01133792822762
16.849636613,-196.0214748005232
16.851697463,-196.03132683508488
16.853868409,-196.04109509384244
16.855854117,-196.04109509384244
16.857746123000002,-196.0526896651293
16.859741163000002,-196.0714386900859
16.86176489,-196.08127396948674
16.863831597,-196.09151137274722
16.865819754,-196.101815796651
16.867826366000003,-196.11150027960448
16.869828741000003,-196.1212350280404
16.871913482,-196.1312881245319
16.873730552,-196.1312881245319
16.875980763,-196.1411569142544
16.877832158,-196.1411569142544
16.879778358,-196.16163172077538
16.881736645,-196.18054829734015
16.883889336,-196.1902998009369
16.885746485000002,-196.20087230741382
16.887826515,-196.21043950424155
16.889662201,-196.22022451815994
16.891752327000003,-196.22992575627418
16.894075637,-196.23966050471012
16.895758078,-196.23966050471012
16.897686625000002,-196.25133885180108
16.899722726,-196.26987005966706
16.901794873,-196.2792864600474
16.903914625000002,-196.28940657718218
16.905848922,-196.2997612665684
16.907854743,-196.30937872887858
16.909830510000003,-196.31968315278237
16.911766711000002,-196.32928385993173
16.913830453000003,-196.32928385993173
16.915789687,-196.33885105675947
16.917763593,-196.33885105675947
16.919738754,-196.35905778070736
16.921736004,-196.3783262156494
16.923727495,-196.387993943442
16.925721996,-196.39806379509434
16.927763882,-196.39806379509434
16.92978295,-196.40846874996302
16.931724917,-196.4273518162062
16.933852033,-196.43701954399884
16.936126326,-196.43701954399884
16.937845325,-196.4486978910898
16.939851011000002,-196.46729611959904
16.941800563,-196.47766756414612
16.94378761,-196.47766756414612
16.945635556000003,-196.48715098516973
16.947812618,-196.50672101300648
16.94964134,-196.51684113014124
16.951666214,-196.5261569995567
16.953799453000002,-196.5261569995567
16.955793376000003,-196.53627711669145
16.957844744000003,-196.55665139224755
16.959882834000002,-196.56616832359282
16.961664782,-196.5760203581545
16.963886513000002,-196.5853194724091
16.965761324000002,-196.595523365348
16.967699091,-196.60550944119615
16.969707181,-196.6150766380239
16.971757173,-196.624978938068
16.974036426,-196.63466342102151
16.975762051,-196.63466342102151
16.977837315000002,-196.64650931972062
16.979877118,-196.66482271049597
16.981747108,-196.67506011375644
16.983758560000002,-196.67506011375644
16.985642881,-196.6845602899409
16.987817103,-196.70423084874255
16.989920123,-196.70423084874255
16.991706979,-196.71532276520486
16.993823554000002,-196.71532276520486
16.995804626,-196.73417232112638
16.997703224000002,-196.75427851410936
16.999627630000003,-196.76387922125872
17.001757621,-196.77396582807185
17.003777367,-196.7836168007037
17.006112010000002,-196.79397149008992
17.007755594000002,-196.79397149008992
17.009720065,-196.8048288343007
17.011738922000003,-196.8230081837895
17.013850741000002,-196.83311154576344
17.015916945,-196.83311154576344
17.017739289,-196.84403591061755
17.01977231,-196.8631032836297
17.021724373,-196.87260345981417
17.023667446,-196.87260345981417
17.025764272,-196.88275708727056
17.027625065000002,-196.90259519768045
17.029648289,-196.91231319095553
17.032318352,-196.922366287447
17.033807632000002,-196.922366287447
17.035906586,-196.9358877022281
17.037718903000002,-196.9358877022281
17.039707228,-196.95309525238937
17.041661242,-196.9716934808986
17.043677764,-196.9716934808986
17.045667811,-196.98179684287254
17.047724518000003,-197.00156793263915
17.04989756,-197.01167129461308
17.051748201000002,-197.01167129461308
17.053886413,-197.0231485797742
17.055819384,-197.0231485797742
17.057784405,-197.0437239172601
17.059661565000003,-197.06292533155886
17.061652886,-197.07292816256788
17.063753621,-197.07292816256788
17.065766353,-197.08306503486344
17.067839441,-197.10300367623822
17.069769314000002,-197.11300650724726
17.071751023,-197.12307635889957
17.073851107,-197.13277759701387
17.075840171,-197.13277759701387
17.077797127,-197.14366845154632
17.079853552,-197.16268555907604
17.081718698,-197.1727386555675
17.083702275,-197.1727386555675
17.085797052,-197.18319387591865
17.087682843,-197.2019596560361
17.089618808,-197.2122640799399
17.09165193,-197.2218647870893
17.094135652000002,-197.23181735261582
17.095796327000002,-197.23181735261582
17.098001382,-197.24471882644656
17.09989049,-197.24471882644656
17.101851314,-197.2620604178944
17.103850943,-197.28112779090657
17.106003507,-197.29104684611153
17.107691012,-197.29104684611153
17.109671773000002,-197.30228955902118
17.111773846000002,-197.32070348076138
17.113857361,-197.32070348076138
17.116016179000002,-197.33132625272074
17.117774453000003,-197.33132625272074
17.119740837000002,-197.35146595602535
17.121740897000002,-197.3702484913036
17.123643844,-197.37979893297052
17.125712351,-197.39005309139185
17.12784556,-197.40022347400907
17.129723723,-197.40972365019354
17.131816491000002,-197.41927409186042
17.133890578000003,-197.4295785157642
17.135806181,-197.4295785157642
17.137766206000002,-197.44041910481417
17.139791637000002,-197.44041910481417
17.141637592000002,-197.45941945718312
17.143654156,-197.47890570921578
17.145650104,-197.48875774377743
17.14764508,-197.4990454125204
17.149755397,-197.50879691611715
17.151695994,-197.5185986851963
17.153637120000003,-197.52897012974339
17.155754294,-197.52897012974339
17.157680553000002,-197.53962641202438
17.159687569000003,-197.55911266405704
17.161638286000002,-197.56883065733214
17.163634678,-197.5786156712505
17.165628142000003,-197.58866876774198
17.167684920000003,-197.59835325069545
17.169642082,-197.60885873652907
17.171620763,-197.61857672980418
17.173810463000002,-197.62827796791845
17.176050702,-197.62827796791845
17.177687494,-197.63963796695384
17.179633005,-197.6586885848052
17.181668834,-197.66807147486395
17.183650448,-197.67842616425017
17.185599872,-197.6876415027007
17.187670032,-197.69751029242317
17.189646437,-197.7078649818094
17.191601494,-197.7172311167073
17.193965220000003,-197.7269658651432
17.195856510000002,-197.7269658651432
17.197809062,-197.7386442122342
17.199677609000002,-197.75720893042177
17.201741654000003,-197.76737931303902
17.203672042,-197.77711406147495
17.20569699,-197.7865974824986
17.207652465000002,-197.79658355834675
17.209754724,-197.8065026135517
17.211750901000002,-197.81633789295256
17.213835887000002,-197.8262904584791
17.216095777,-197.83676243399108
17.217833877,-197.83676243399108
17.219802054000002,-197.8471673888598
17.221749909,-197.8659164138164
17.223846729,-197.87550036580492
17.225815235000002,-197.88565399326134
17.228045766,-197.89525470041073
17.229862244,-197.90507322465072
17.231635397,-197.91515983146385
17.233933537000002,-197.92494484538224
17.235730951,-197.92494484538224
17.23789785,-197.93596974120126
17.239844088,-197.95542248291227
17.24174341,-197.96503994522246
17.24370246,-197.97475793849756
17.245802464,-197.98464348338086
17.247970990000002,-197.99399286311797
17.249728272000002,-198.00407946993107
17.251795837,-198.01378070804537
17.253852036,-198.02373327357193
17.255781166000002,-198.02373327357193
17.257881825000002,-198.03442306617455
17.259738452,-198.05406011465456
17.261707747000003,-198.0639624146987
17.26359561,-198.0734290805615
17.265659864,-198.08289574642433
17.267619156000002,-198.0932839461322
17.269630287000002,-198.1027338568342
17.271607618,-198.11231780882275
17.273696721,-198.12267249820897
17.275768149,-198.12267249820897
17.277741784,-198.13342931145488
17.279834872000002,-198.152781522201
17.281750363,-198.1632032322305
17.283617008,-198.1726531429325
17.285728302000003,-198.182706239424
17.287746383,-198.19282635655873
17.289638524,-198.20236004306486
17.291677377000003,-198.21222883278733
17.293891044000002,-198.2223657050829
17.295789250000002,-198.2223657050829
17.297748824000003,-198.2330554976855
17.299706313,-198.25232393262755
17.301675135,-198.26234351879737
17.303702628,-198.27207826723333
17.305780663,-198.2835387972336
17.307788139,-198.29320652502625
17.309750114,-198.30307531474872
17.311634172,-198.31287708382794
17.313697726,-198.3223772600124
17.315895108,-198.3223772600124
17.317726392,-198.33291625616764
17.319753727000002,-198.35161501564178
17.321875506,-198.36150056052512
17.323649186,-198.37140286056922
17.325678061,-198.38081926094955
17.32770382,-198.3909226229235
17.329639033,-198.40100922973664
17.331799642,-198.41092828494158
17.333857791,-198.42074680918157
17.335806448,-198.42074680918157
17.337834841,-198.4317046843573
17.339705313,-198.4317046843573
17.341643663000003,-198.45127471219408
17.343779483000002,-198.47037559552788
17.345775930000002,-198.4805292229843
17.347831617,-198.49039801270678
17.349679864000002,-198.49039801270678
17.351755993,-198.50018302662517
17.353800262,-198.51966927865783
17.355894018,-198.51966927865783
17.357752957000002,-198.53030880577796
17.359847337,-198.5499123439364
17.361890398,-198.55976437849804
17.36366256,-198.55976437849804
17.365740275,-198.56963316822052
17.367812907,-198.58920319605727
17.369640083,-198.59925629254874
17.371577664,-198.60899104098468
17.373875524000002,-198.61869227909898
17.375742864,-198.61869227909898
17.377941672000002,-198.63013605393846
17.379690971000002,-198.63013605393846
17.381633675,-198.65067788110272
17.383665832000002,-198.67083433956813
17.385636655000003,-198.68132307024092
17.387679997,-198.6913426564108
17.389596028,-198.70129522193736
17.391918227,-198.71054407070955
17.393643639,-198.72054690171856
17.395832715,-198.73061675337087
17.397784314000003,-198.73061675337087
17.399849512,-198.74033474664597
17.401743408,-198.7593518541757
17.403669691,-198.76868447875196
17.405637333,-198.7785867787961
17.407654532000002,-198.7891927955946
17.409771436,-198.7989275440305
17.411608837000003,-198.808796333753
17.413944857,-198.8190504921743
17.415769921000003,-198.8190504921743
17.417883509000003,-198.8299078363851
17.419783947000003,-198.8299078363851
17.421764028000002,-198.84944435390025
17.423738476,-198.86841119594752
17.425825555,-198.87822972018753
17.42774095,-198.8887016956995
17.429619448,-198.89813485124068
17.431670392,-198.90781933419416
17.434160784,-198.9179226961681
17.435913499,-198.9179226961681
17.43802032,-198.92983561551048
17.439787044000003,-198.94747879985306
17.441956899,-198.95779997891765
17.443743843,-198.9673839309062
17.445780063,-198.9769176174123
17.447964264,-198.98738959292427
17.449834474,-198.99740917909412
17.451837202,-199.00679206915282
17.454010755000002,-199.01659383823207
17.455808199,-199.01659383823207
17.457856723000003,-199.02785330630252
17.459751316000002,-199.02785330630252
17.461731243000003,-199.0465018002942
17.463664062,-199.0658372558795
17.465724353000002,-199.07550498367215
17.467910257,-199.08585967305837
17.469805998000002,-199.09582899374578
17.471834295,-199.10631772441857
17.473997503,-199.11590167640713
17.475868918,-199.11590167640713
17.477785507,-199.12714438931675
17.479824243,-199.1453069836447
17.481732932,-199.15485742531163
17.483710362,-199.16467594955165
17.485643631000002,-199.17442745314838
17.487763617000002,-199.18446379447906
17.48973261,-199.19433258420153
17.491663044000003,-199.204385680693
17.493709652,-199.21463983911437
17.495706484,-199.21463983911437
17.497836806000002,-199.22524585591285
17.499671557000003,-199.22524585591285
17.501681615000003,-199.2455028453432
17.503606212,-199.26451995287294
17.505670129000002,-199.27469033549016
17.50765857,-199.284894228429
17.509761253,-199.29498083524214
17.511722664,-199.3053522797892
17.513941207000002,-199.31502000758184
17.516026135,-199.31502000758184
17.517873568000002,-199.32591086211428
17.519824022,-199.3447939283575
17.521849262,-199.35410979777288
17.523895814,-199.36384454620884
17.525901837000003,-199.3739143978611
17.527852109,-199.38348159468887
17.529812761000002,-199.3935849566628
17.531761982000003,-199.40333646025954
17.533919568,-199.4130879638563
17.53585276,-199.4130879638563
17.537747815,-199.42443120773086
17.539760291,-199.44376666331615
17.542016739,-199.4532668395006
17.543649969,-199.4532668395006
17.54581818,-199.4641912043547
17.547848845,-199.4822867780394
17.549689288,-199.49225609872676
17.551693828,-199.50195733684106
17.553712044,-199.51172559559862
17.555781949,-199.51172559559862
17.557695963,-199.5224656536837
17.559665352,-199.54139898540933
17.561664466,-199.55133479577506
17.563658758000003,-199.56103603388937
17.565636806,-199.5706032307171
17.567630128,-199.58057255140446
17.569583778000002,-199.5907429340217
17.571641737,-199.6001090689196
17.573946771000003,-199.61014541025025
17.575844898,-199.61014541025025
17.577763729,-199.62227614668333
17.579726042,-199.6402879445639
17.581618412,-199.650005937839
17.583647000000003,-199.65984121723986
17.585592347000002,-199.6695089450325
17.587601329,-199.67926044862926
17.589626676,-199.6896318931763
17.591614951,-199.69921584516484
17.593796870000002,-199.69921584516484
17.595784048000002,-199.70901761424403
17.597708662000002,-199.70901761424403
17.599656972000002,-199.72997832042878
17.601614611000002,-199.74894516247608
17.603606569,-199.75854586962544
17.605646929000002,-199.76843141450874
17.607901794,-199.7784342455178
17.609659028,-199.78865489361743
17.611726931,-199.79837288689257
17.613758620000002,-199.80797359404193
17.615779369000002,-199.80797359404193
17.617752529,-199.81901524502175
17.619884228,-199.83848474189358
17.621786137,-199.8485545935459
17.623958118,-199.85832285230347
17.625788369000002,-199.85832285230347
17.627726161000002,-199.86926397231835
17.630098639,-199.8881302834007
17.631868944,-199.89794880764074
17.634192833,-199.90746573898602
17.636024292000002,-199.90746573898602
17.637871906,-199.91949594445416
17.639902488,-199.91949594445416
17.641799520000003,-199.93809417296342
17.643892796,-199.957496649192
17.645723778,-199.96684602892907
17.647775496,-199.97634620511351
17.649900519000003,-199.98728732512842
17.651717989,-199.99628484648832
17.653708808,-200.0063546981406
17.655824745,-200.0063546981406
17.657803266000002,-200.01696071493913
17.659884117,-200.0368993563139
17.661643050000002,-200.04653357378493
17.663803365,-200.05591646384366
17.665638979,-200.06580200872693
17.667670858,-200.0757210639319
17.669726484,-200.08639410137366
17.67163357,-200.09555917434173
17.673845285000002,-200.1049755747221
17.675831366,-200.1049755747221
17.677786913000002,-200.1161847773101
17.679760486000003,-200.13575480514686
17.68183329,-200.1454392881003
17.683735900000002,-200.1550399952497
17.685624435,-200.16505958141957
17.687779501,-200.17444247147827
17.689758779,-200.18518252956332
17.691951018,-200.19411303027994
17.693959298,-200.19411303027994
17.69586589,-200.2051044157773
17.697681448,-200.2051044157773
17.699651648,-200.22559597745914
17.701646749000002,-200.24541733270817
17.703600582,-200.25543691887802
17.705637299000003,-200.26594240471164
17.707710361,-200.27607927700723
17.709597926,-200.2871879486303
17.711717269,-200.2962189803118
17.713683856,-200.30645638357234
17.715740392,-200.30645638357234
17.717683398000002,-200.31687809360182
17.719650944,-200.33686700045908
17.721593002000002,-200.34547915312012
17.723619647,-200.35511337059114
17.725696223,-200.36523348772587
17.727712323000002,-200.37526982905655
17.729701697,-200.38570829424688
17.731655337,-200.3949068775366
17.734211988000002,-200.40432327791694
17.735802307,-200.40432327791694
17.737678993,-200.41824681655768
17.739707783,-200.4354376115581
17.741694031,-200.44450215356127
17.743723921,-200.45435418812292
17.745711718000003,-200.4641392020413
17.747638107,-200.47370639886904
17.749810796000002,-200.4846977843664
17.751638822,-200.49362828508302
17.753774869,-200.503078195785
17.755744505000003,-200.503078195785
17.757663116,-200.51438792933791
17.759653708000002,-200.53425955006944
17.761626888000002,-200.5431732956252
17.76366987,-200.5528075130962
17.765606965,-200.56281034410526
17.767743836,-200.57234403061133
17.769728304,-200.58358674352098
17.771637332,-200.5925172442376
17.773689043,-200.6021347065478
17.775813932000002,-200.61212078239598
17.77782959,-200.62267653371205
17.779686956000003,-200.6330479782591
17.781765237000002,-200.6421292754231
17.78373023,-200.6421292754231
17.785621170000002,-200.6520315754672
17.787676375,-200.67135027589165
17.789772774,-200.68259298880133
17.791643849,-200.6910711001758
17.793941925000002,-200.70104042086322
17.7958326,-200.70104042086322
17.79775703,-200.71286956440153
17.799833269,-200.73213799934354
17.801741491,-200.74105174489932
17.803747105,-200.75053516592297
17.805659776000002,-200.76016938339396
17.80767358,-200.7703397660112
17.809699828,-200.78159923408165
17.8117082,-200.79016112126024
17.813766034,-200.80006342130437
17.815756903,-200.80006342130437
17.817821704,-200.8111385826058
17.819848621000002,-200.8111385826058
17.821764363,-200.83188147169992
17.823781585000003,-200.8503959244051
17.825821211,-200.8503959244051
17.827753193,-200.86086789991703
17.829722622000002,-200.8814935028854
17.831650352,-200.8900721452248
17.833940689000002,-200.89984040398235
17.835785078,-200.89984040398235
17.837851361000002,-200.910714503354
17.839863035,-200.93085420665858
17.841817473000003,-200.93919827674654
17.843653834,-200.94918435259476
17.845592212,-200.95881857006574
17.847690966000002,-200.9684695426976
17.849612774,-200.9800976243061
17.85178587,-200.98859249084137
17.853891064000003,-200.9985115460463
17.85595559,-200.9985115460463
17.857845875000002,-201.0093521350963
17.859905872000002,-201.0294918384009
17.861782436000002,-201.03781915332803
17.863893715,-201.0475203914423
17.865778787,-201.0572383847174
17.867869012,-201.06704015379665
17.869808296000002,-201.07840015283202
17.871724745,-201.08682799872406
17.873856809,-201.09649572651668
17.875735543,-201.09649572651668
17.877854326,-201.1075373774965
17.879840767,-201.12779436692682
17.88167391,-201.13622221281886
17.883708164,-201.1457223890033
17.885755339000003,-201.15559117872579
17.887689478000002,-201.16542645812663
17.88974238,-201.1753120030099
17.891634242000002,-201.18536509950144
17.893998348,-201.19518362374143
17.895754088,-201.19518362374143
17.897883037,-201.20592368182648
17.899741591,-201.20592368182648
17.901744224,-201.2268341225288
17.90368141,-201.24467836880117
17.905681552,-201.25448013788042
17.907884527,-201.2644662137286
17.909698898000002,-201.2762115814628
17.911650809,-201.28395246576127
17.913807931,-201.29434066546912
17.915880504,-201.29434066546912
17.917756022000003,-201.30503045807174
17.919903128,-201.32610845038224
17.92174688,-201.33445252047017
17.923649577000003,-201.34422077922775
17.925633074,-201.35393877250283
17.927713615000002,-201.36374054158202
17.929782787,-201.3758377676935
17.93180726,-201.38401428617323
17.933950394,-201.3937155242875
17.935955693,-201.4044723375334
17.937803293,-201.4044723375334
17.940024461,-201.41509510949274
17.941858664,-201.43382737928854
17.94381671,-201.4441485583531
17.945771861,-201.45353144841184
17.94778617,-201.4625792352542
17.950026023,-201.47278312819304
17.951947079,-201.48258489727223
17.953764311,-201.49247044215554
17.955777321,-201.49247044215554
17.95766089,-201.5028586418634
17.959642524,-201.52274701775576
17.961652569,-201.5325152765133
17.963601182,-201.54245108687905
17.965631014,-201.55193450790267
17.967647246000002,-201.5618535631076
17.969657645,-201.57165533218685
17.971644776,-201.58154087707013
17.973708204,-201.59129238066686
17.97580245,-201.59129238066686
17.977743418000003,-201.60161355973148
17.979742681,-201.62306016557994
17.981810748,-201.63101886696901
17.983693326,-201.63101886696901
17.985630021000002,-201.6413735563553
17.987583376,-201.6599382745429
17.989620015,-201.6694216955665
17.991616412000003,-201.67994393656093
17.993747641000002,-201.689762460801
17.995767706000002,-201.689762460801
17.997693072,-201.700971663389
17.999637971000002,-201.7204076499392
18.001642984,-201.72987431580202
18.003633709000002,-201.73992741229347
18.005625859000002,-201.7498799778201
18.007620493,-201.75938015400453
18.0096347,-201.76891384051063
18.011729749,-201.77915124377114
18.014092963,-201.78927136090587
18.015806839,-201.78927136090587
18.017744826,-201.80051407381552
18.019836578,-201.81933011941544
18.021676955,-201.82886380592151
18.023636927000002,-201.83915147466448
18.025679526,-201.8490705298694
18.027851988000002,-201.85924091248663
18.029657518,-201.85924091248663
18.033000277000003,-201.87162297633196
18.033823566000002,-201.87162297633196
18.035769553,-201.89695677949052
18.037655948,-201.89695677949052
18.039666452000002,-201.91104786973943
18.04166366,-201.93090273531013
18.043685785,-201.94100609728406
18.045654176000003,-201.9510089282931
18.047583659,-201.9604755941559
18.049639654,-201.97007630130528
18.051643653000003,-201.9802466839225
18.05375412,-201.9802466839225
18.055766509,-201.9899479220368
18.057657483,-201.9899479220368
18.059677878000002,-202.00985305308993
18.061663661,-202.02850154708165
18.063699663,-202.03895676743278
18.065661441,-202.04879204683365
18.067794423000002,-202.05845977462627
18.069658051,-202.05845977462627
18.071633778000002,-202.07104290040147
18.073899226,-202.08783157154227
18.075783310000002,-202.08783157154227
18.077711422,-202.09969422540217
18.079726529000002,-202.11815841262487
18.081715857000003,-202.12809422299063
18.083684222000002,-202.1380300333564
18.085724139,-202.14763074050578
18.087621457,-202.15776761280134
18.089606057,-202.16711699253844
18.091655839,-202.17685174097437
18.093730751000002,-202.18713940971733
18.095719041000002,-202.18713940971733
18.09767987,-202.1976113852293
18.09965491,-202.2169635959754
18.101606507,-202.22627946539083
18.103620905,-202.2361482551133
18.105645868,-202.2462516170873
18.107659363,-202.25630471357874
18.109679933000002,-202.26590542072813
18.111653074,-202.27626011011438
18.113721718,-202.28617916531925
18.11581777,-202.28617916531925
18.117737432000002,-202.29839367755645
18.119748229000002,-202.3178799295891
18.121702758,-202.32877078412156
18.123806803,-202.3393768009201
18.125648329,-202.3393768009201
18.127637181,-202.3501671244876
18.129637560000003,-202.36910045621326
18.131571617000002,-202.3793713697954
18.133784423,-202.3889553217839
18.135699027,-202.3889553217839
18.137704680000002,-202.4001142588895
18.139722864,-202.41896381481098
18.141616858000003,-202.42826292906562
18.143632159000003,-202.43772959492847
18.145646049,-202.44763189497257
18.147628204,-202.4572661124436
18.149580987,-202.4670846366836
18.151643461000003,-202.47676911963708
18.154236522,-202.48725785030985
18.155715794000002,-202.48725785030985
18.157781509,-202.49952262802944
18.159712454,-202.5170485262463
18.161724873,-202.52690056080792
18.163715731,-202.53663530924385
18.165723461000002,-202.5464370783231
18.167757035,-202.55654044029703
18.169663401,-202.56634220937622
18.171659192,-202.57597642684723
18.174206194,-202.58623058526854
18.17602432,-202.58623058526854
18.177842383,-202.59859589395307
18.179829784000002,-202.6158034441143
18.181778058000003,-202.6259068060883
18.183814757,-202.63532320646863
18.185928882000002,-202.64512497554782
18.187766139,-202.65574774750718
18.189794335000002,-202.66516414788754
18.191947761,-202.6749491618059
18.194184818,-202.68480119636757
18.19611535,-202.68480119636757
18.197722214000002,-202.69597688863396
18.199894742,-202.71452485166074
18.201799313000002,-202.72456119299142
18.203962261,-202.73411163465832
18.205852395,-202.73411163465832
18.207748974,-202.7453711027288
18.209707602,-202.76398608639883
18.211726033,-202.77415646901605
18.214091423000003,-202.78365664520055
18.215788163000003,-202.78365664520055
18.217906851000002,-202.79556956454297
18.219836073,-202.81401699660483
18.221773781,-202.82328260053782
18.223720494000002,-202.83310112477784
18.22570868,-202.84322124191263
18.227699736,-202.85270466293625
18.229750839,-202.86297557651835
18.231647838,-202.8727941007584
18.233972876000003,-202.88266289048087
18.235885801000002,-202.88266289048087
18.237878665,-202.8945758098233
18.239632951,-202.91295622124187
18.241709437,-202.92282501096435
18.243840099,-202.9330121487424
18.245732287000003,-202.94303173491227
18.247738611000003,-202.95323562785111
18.249698169000002,-202.96332223466428
18.251633559000002,-202.973626658568
18.253906834000002,-202.98366299989866
18.255835401000002,-202.98366299989866
18.257793558,-202.99510677473816
18.259745538,-202.99510677473816
18.261700548,-203.01487786450474
18.263754456,-203.03327503108414
18.265843578000002,-203.04297626919845
18.267667411,-203.04297626919845
18.269721649,-203.05374983760515
18.271650280000003,-203.0723145557928
18.273897902,-203.08216659035443
18.275760089000002,-203.08216659035443
18.277696487,-203.09339254810325
18.279657370000002,-203.11227561434643
18.281630645,-203.1217925456917
18.283682153,-203.1314100080019
18.285624477000002,-203.1418317180314
18.287613059,-203.1512648735726
18.289641461000002,-203.1609661116869
18.29162114,-203.17133755623394
18.293751114000003,-203.18095501854413
18.295776885000002,-203.18095501854413
18.297708893,-203.19204693500637
18.299643868,-203.2113823905917
18.301614961000002,-203.22063123936383
18.303647259,-203.23026545683487
18.305705612,-203.24051961525615
18.307803976000002,-203.25015383272716
18.309649970000002,-203.26029070502278
18.311816578000002,-203.27012598442363
18.313703023000002,-203.2801958360759
18.315880056,-203.2801958360759
18.317891819,-203.2912877525382
18.319653891,-203.3115112316469
18.321740878,-203.3216481039425
18.323764157,-203.33233789654508
18.325649553,-203.34260881012725
18.327619713,-203.35282945822692
18.329813225000002,-203.3628490443968
18.331948634,-203.373203733783
18.333775191,-203.383022258023
18.335875943,-203.383022258023
18.337675951,-203.39434874673677
18.339812855,-203.41336585426646
18.341780392,-203.41336585426646
18.343657867,-203.4240556468691
18.34564419,-203.442871692469
18.347657143000003,-203.4526734615482
18.349705574,-203.4625590064315
18.351615964,-203.47269587872705
18.353734908,-203.4818944620168
18.35578325,-203.4818944620168
18.357680180000003,-203.4930031336399
18.359689684000003,-203.4930031336399
18.36165883,-203.5122883237427
18.363651671,-203.53205941350933
18.36563984,-203.5418444274277
18.367645837,-203.55156242070282
18.369631421,-203.56173280332004
18.371625356000003,-203.57163510336414
18.373883693,-203.5815709137299
18.375720152,-203.5815709137299
18.377701132000002,-203.59345032275064
18.379622122,-203.61203179609907
18.381646304,-203.6222021787163
18.383627612,-203.63138400684522
18.385648613,-203.64108524495947
18.387669608,-203.6509875450036
18.389624846,-203.66094011053016
18.391643716,-203.67035651091055
18.393745779,-203.68045987288448
18.395852041,-203.69094860355725
18.397706604,-203.69094860355725
18.399659111000002,-203.7013870687476
18.401721886,-203.7202868901516
18.403644703,-203.7303399866431
18.405647004000002,-203.7399742041141
18.407630046,-203.74980948351492
18.409629436,-203.75944370098594
18.411641603,-203.76941302167336
18.41379559,-203.77929856655663
18.415828327,-203.77929856655663
18.417728289000003,-203.79047425882302
18.419732232,-203.80982646956912
18.421692863,-203.8196449938091
18.423703827,-203.8293462319234
18.425699284,-203.83933230777163
18.427610693000002,-203.84913407685082
18.429656955000002,-203.85861749787443
18.431646735,-203.86878788049165
18.433703462,-203.87850587376678
18.435857832,-203.87850587376678
18.437681101000003,-203.88904486992203
18.439716662000002,-203.90858138743715
18.441855486,-203.91858421844617
18.443679891000002,-203.91858421844617
18.445671723,-203.92929076620962
18.447850066,-203.9482911185785
18.44969227,-203.9482911185785
18.451780581,-203.9588636250554
18.453771670000002,-203.978266101284
18.455985063,-203.978266101284
18.457744364,-203.9891737109772
18.459671561,-204.00845890108008
18.461770404000003,-204.01832769080255
18.463935721000002,-204.0282635011683
18.465797153,-204.0282635011683
18.467721123,-204.0393721727914
18.469951537,-204.05771907388836
18.471667602,-204.05771907388836
18.47391191,-204.0686099284208
18.475790909,-204.0686099284208
18.47776575,-204.08854856979556
18.479811272000003,-204.1072975947522
18.481771730000002,-204.11688154674079
18.483751255,-204.1272529912878
18.485728857,-204.13638455393428
18.487702533,-204.14630360913915
18.489736018000002,-204.1562226643441
18.491712534,-204.16627576083562
18.493794484000002,-204.17607752991483
18.495842099,-204.17607752991483
18.497727425,-204.1867338121958
18.49970275,-204.1867338121958
18.501672224,-204.20603575745943
18.503699914000002,-204.22584035754764
18.505952685,-204.23549133017954
18.507776345,-204.23549133017954
18.509750967000002,-204.24681781889325
18.511651630000003,-204.2653155164376
18.513699998,-204.27516755099924
18.51596525,-204.28543846458138
18.517731439000002,-204.28543846458138
18.519761552000002,-204.2962455433097
18.521814041000003,-204.2962455433097
18.523727596,-204.31465946504994
18.525777862,-204.33433002385163
18.527645125,-204.34398099648345
18.529711619,-204.3537325000802
18.531776111000003,-204.364036923984
18.533924102,-204.37410677563628
18.535776098,-204.37410677563628
18.53771843,-204.3849808750079
18.539704739,-204.40371314480373
18.541713182000002,-204.4134311380788
18.543778674000002,-204.42329992780128
18.545744152,-204.43316871752376
18.547665387000002,-204.44313803821117
18.549756390000002,-204.45324140018514
18.551750006000002,-204.4628085970128
18.553813273,-204.4731967967207
18.555854484,-204.4837525480368
18.557772481,-204.4837525480368
18.559717378000002,-204.494291544192
18.561715615,-204.494291544192
18.563917705,-204.51322487591767
18.565881179,-204.53272788311116
18.567750172,-204.542747469281
18.569871745,-204.55330322059703
18.571808253,-204.55330322059703
18.574042253000002,-204.5637249306266
18.5759639,-204.5637249306266
18.577913023,-204.5863946632149
18.579657152000003,-204.6051436881715
18.581882503000003,-204.61445955758694
18.583834694,-204.62454616440004
18.585951137000002,-204.63411336122778
18.587777214000003,-204.6438983751462
18.590009529,-204.65304669295344
18.591794808,-204.65304669295344
18.594013951,-204.66303276880166
18.595708244,-204.66303276880166
18.597873171,-204.68389294402147
18.599781921,-204.7029100515512
18.601875919,-204.7029100515512
18.603740610000003,-204.71230969677072
18.605980527,-204.7320305210549
18.60789803,-204.7416144730434
18.609841231,-204.7519188969472
18.611871788000002,-204.7616201350615
18.613818170000002,-204.77168998671382
18.616070529,-204.78186036933104
18.617673396,-204.78186036933104
18.619731328,-204.79290202031083
18.621842353,-204.81052844949258
18.623740648000002,-204.82121824209517
18.625734089,-204.83048384602822
18.62763065,-204.8404866770372
18.629732393,-204.85047275288542
18.632009760000003,-204.86044207357278
18.633806792,-204.87054543554675
18.635870427,-204.87054543554675
18.637740934,-204.88138602459674
18.639784997,-204.90075499050366
18.641804455000003,-204.90075499050366
18.643751365,-204.91072431119105
18.6457033,-204.92974141872082
18.647765118000002,-204.9394594119959
18.649742134,-204.94906011914526
18.651653063,-204.95909646047596
18.654106799,-204.96946790502298
18.655890017,-204.96946790502298
18.657760763000002,-204.9819169895116
18.660000877,-205.00100111768464
18.661758259000003,-205.00100111768464
18.663688723,-205.01323238508257
18.665721495,-205.0319478997176
18.667675594000002,-205.0422523236214
18.669727233,-205.0518362756099
18.671667754,-205.06197314790552
18.673824789,-205.07217704084437
18.675891652,-205.07217704084437
18.677853297000002,-205.0824144441048
18.679860452,-205.0824144441048
18.681764276000003,-205.10255414740948
18.683756971,-205.1206329659333
18.685821735,-205.13020016276104
18.68765699,-205.14016948344846
18.689767849000003,-205.14992098704516
18.691878093,-205.15973951128524
18.693811748,-205.1702617522796
18.695764177,-205.1702617522796
18.697811925,-205.1807169726308
18.699746918000002,-205.1807169726308
18.701766616,-205.2003540211108
18.703666462,-205.21927059767563
18.705798553,-205.22925667352385
18.707720759,-205.23900817712058
18.709666416,-205.2490110081296
18.711758380000003,-205.25867873592227
18.713923211,-205.25867873592227
18.715738755,-205.268983159826
18.717951273,-205.2894077008646
18.719655145,-205.2894077008646
18.721687250000002,-205.30004722798472
18.72366158,-205.3183941290817
18.725660768,-205.3281288775176
18.727649941000003,-205.3377463398278
18.729637764,-205.34788321212338
18.73170881,-205.35790279829322
18.733745201,-205.36802291542799
18.735797458,-205.36802291542799
18.737744329,-205.3788970147996
18.739627053,-205.39793087749018
18.741862006,-205.4074980743179
18.743683674,-205.4074980743179
18.745682016,-205.4185229701369
18.747670326,-205.4372384847719
18.749665232,-205.4475429086757
18.751710948,-205.45737818807652
18.754008804,-205.46768261198025
18.755755925000003,-205.46768261198025
18.757712063,-205.480215472273
18.759636941,-205.4984115769226
18.761758956,-205.50838089760998
18.763727217,-205.51902042473017
18.765615715000003,-205.52855411123625
18.767652468,-205.53852343192364
18.769638378,-205.548492752611
18.77172489,-205.5583447871727
18.773812373000002,-205.56886702816712
18.775803413000002,-205.56886702816712
18.777706303000002,-205.579439534644
18.779678150000002,-205.59850690765617
18.781712572,-205.59850690765617
18.783644416,-205.6079065528757
18.785660719000003,-205.62730902910425
18.787629826,-205.63702702237939
18.789630119,-205.6467450156545
18.79170182,-205.65661380537696
18.793723662,-205.66685120863747
18.795780383,-205.66685120863747
18.797680473,-205.677457225436
18.799663452,-205.69699374295112
18.801668825,-205.7066279604221
18.803680426,-205.71661403627033
18.805718216000002,-205.72653309147526
18.807677316,-205.73656943280594
18.809630193,-205.74613662963364
18.811706599,-205.75548600937074
18.813775636000003,-205.76590771940027
18.816031082000002,-205.76590771940027
18.817729635000003,-205.77664777748532
18.819674853000002,-205.7959329675882
18.822042926,-205.80546665409426
18.823652313,-205.80546665409426
18.825646857000002,-205.8168098979688
18.827649641,-205.83495573713594
18.829618274,-205.84484128201927
18.831735389000002,-205.85449225465106
18.833773146000002,-205.85449225465106
18.835801535,-205.86511502661043
18.837885306,-205.86511502661043
18.839838022000002,-205.8855898331314
18.841909001,-205.9049420438775
18.843700779000002,-205.91487785424326
18.845878824,-205.92442829591022
18.847738894000003,-205.93409602370284
18.849980606000003,-205.9443166718025
18.851738582,-205.9443166718025
18.853820275,-205.95527454697825
18.855897153,-205.97424138902554
18.857714479000002,-205.97424138902554
18.859813809000002,-205.98493118162813
18.861686816000002,-206.0041493510877
18.863949232,-206.01448728531307
18.865809648000003,-206.01448728531307
18.867753234000002,-206.0255121811321
18.869784852000002,-206.04535029154198
18.871766147000002,-206.05558769480248
18.873912895,-206.06537270872084
18.875786758,-206.06537270872084
18.877794650000002,-206.0769505248469
18.879856543000002,-206.0962357149497
18.881720979,-206.10588668758152
18.883909493,-206.1156381911783
18.885781075,-206.12535618445338
18.887756522,-206.13539252578406
18.889741486000002,-206.14546237743633
18.891671026,-206.1552809016764
18.893701943,-206.16558532558014
18.895935275000003,-206.1758729943231
18.897794854,-206.1758729943231
18.899749101,-206.18614390790523
18.901675921000002,-206.20452431932387
18.903681913,-206.21405800582997
18.905679097,-206.22397706103484
18.907712577,-206.23401340236555
18.909757551000002,-206.2437649059623
18.911755593000002,-206.25360018536313
18.913831793,-206.263804078302
18.915845929,-206.27427605381394
18.917676193000002,-206.27427605381394
18.919713322,-206.2845469673961
18.921624201,-206.30341327847844
18.923650292,-206.31301398562783
18.925642598,-206.32318436824505
18.927644669000003,-206.33306991312833
18.929617873,-206.34278790640346
18.931708387,-206.35265669612593
18.934060865000003,-206.36309516131624
18.935785858000003,-206.36309516131624
18.937696501,-206.3739189952054
18.939896655000002,-206.39241669274975
18.941752725,-206.39241669274975
18.943698653000002,-206.4028551579401
18.945754514,-206.4219392861131
18.947708237,-206.4317578103531
18.949700264,-206.4419114378095
18.951638553000002,-206.45159592076297
18.953873404,-206.46139768984216
18.955745083,-206.46139768984216
18.957669498,-206.47237232017872
18.959644689,-206.49135591738678
18.961666175,-206.50161007580812
18.963625938,-206.5112275381183
18.965653554000003,-206.52096228655424
18.967661653,-206.5311661794931
18.969623008000003,-206.5411690105021
18.971650202000003,-206.55085349345558
18.973753022,-206.5609233451079
18.975789605000003,-206.5609233451079
18.977775639,-206.5716801583538
18.979807599,-206.59109938974316
18.981849501000003,-206.60088440366158
18.983674614,-206.610753193384
18.985752844,-206.62048794181996
18.987744892000002,-206.63008864896932
18.989667905,-206.6405941348029
18.991827673,-206.650127821309
18.993782082000003,-206.650127821309
18.995799945,-206.6602814487654
18.997685455000003,-206.6602814487654
18.999673446000003,-206.68062221399987
19.001665301000003,-206.6992874631524
19.003675934,-206.70950811125206
19.005633346,-206.7191590838839
19.007671807,-206.7291284045713
19.009634485,-206.73931554234935
19.011656941000002,-206.7491173114285
19.013735328000003,-206.7588855701861
19.015980099,-206.7588855701861
19.01772576,-206.76986020052263
19.019774481000002,-206.78894432869566
19.021679163,-206.79864556680997
19.023714606000002,-206.8086819081406
19.025653696000003,-206.81824910496834
19.027635890000003,-206.8282686911382
19.029615519,-206.83783588796592
19.032391231000002,-206.84777169833168
19.03528158,-206.84777169833168
19.036117360000002,-206.8618962989022
19.03765093,-206.8618962989022
19.039681526000003,-206.88004213806937
19.041763075000002,-206.89793664982417
19.043752360000003,-206.9074703363303
19.045624072000003,-206.91752343282175
19.047609995000002,-206.9269900986846
19.049655156,-206.9367248471205
19.051657878,-206.9470292710243
19.053866708,-206.95679752978182
19.055707773,-206.95679752978182
19.057734546000002,-206.96814077365642
19.059640828000003,-206.98672224700482
19.061691372000002,-206.99647375060158
19.063610169,-207.00620849903754
19.065631174,-207.01621133004653
19.06767872,-207.02641522298538
19.069767707,-207.0363342781903
19.071749735,-207.0468900295064
19.073907307000002,-207.05674206406803
19.075896606,-207.06713026377588
19.077733993000002,-207.06713026377588
19.079868838,-207.07766925993118
19.081770207,-207.09690418455156
19.083754818000003,-207.10683999491727
19.085739515,-207.11665851915734
19.087668188000002,-207.12667810532716
19.089643358,-207.13594370926015
19.091740597,-207.1456952128569
19.093774778,-207.15561426806184
19.095876895,-207.15561426806184
19.097840923,-207.16672293968492
19.099866029,-207.18589084366204
19.101744103,-207.195340754364
19.103824454,-207.20514252344324
19.105867359,-207.21559774379438
19.107653475000003,-207.22506440965716
19.109723193,-207.2346148513241
19.111913797,-207.24496954071034
19.113849134000002,-207.24496954071034
19.115873307,-207.25597768136848
19.117745671,-207.25597768136848
19.119734847,-207.275296381793
19.121773473,-207.29438050996598
19.12372248,-207.30414876872356
19.125772821,-207.31413484457178
19.1277133,-207.32391985849014
19.129622459,-207.33362109660442
19.131706938,-207.34372445857838
19.133773668,-207.35352622765757
19.13579833,-207.35352622765757
19.137701481,-207.36446734767247
19.139720072000003,-207.36446734767247
19.141665149,-207.38366876197122
19.143652629,-207.40343985173783
19.145602665000002,-207.41292327276145
19.147610369000002,-207.42254073507164
19.149646614,-207.4324765454374
19.151648837,-207.44249613160727
19.153723589000002,-207.45249896261626
19.155757853,-207.45249896261626
19.157942953000003,-207.463272531023
19.16002112,-207.4825577211258
19.161747463,-207.4825577211258
19.163854762,-207.49361612726642
19.165720444,-207.5121473351324
19.167745405,-207.5220328800157
19.169667588000003,-207.5323373039195
19.171754553,-207.54237364525017
19.173682042000003,-207.5522759452943
19.175865388000002,-207.56326733079166
19.177669400000003,-207.56326733079166
19.179684638,-207.57402414403754
19.181702692,-207.59324231349711
19.183632219,-207.60311110321953
19.18564474,-207.61262803456484
19.187672425000002,-207.62227900719668
19.189626222,-207.63189646950687
19.191676061000003,-207.6413631353697
19.193956711000002,-207.65163404895182
19.195867800000002,-207.65163404895182
19.198005088000002,-207.66242437251935
19.19989555,-207.68191062455202
19.201855422,-207.6916286178271
19.203906659,-207.70169846947942
19.205749434,-207.71168454532764
19.207929368000002,-207.7215365798893
19.209842411,-207.7215365798893
19.211791047000002,-207.73264525151237
19.213648416,-207.75149480743391
19.215797618,-207.7611625352266
19.218075382000002,-207.7611625352266
19.219680059,-207.77200312427655
19.221764169,-207.7911040076104
19.223886322000002,-207.80132465571006
19.225855105,-207.81115993511088
19.22764206,-207.820877928386
19.229676621000003,-207.8302608184447
19.231783258,-207.84031391493622
19.233863112,-207.85004866337215
19.235803089,-207.85004866337215
19.237701835000003,-207.86083898693968
19.239729302,-207.87997338059515
19.24167149,-207.8899594564433
19.243656845,-207.89964393939678
19.245655915,-207.90949597395846
19.247668377,-207.91938151884173
19.249854619,-207.92918328792098
19.251686306,-207.92918328792098
19.253979778,-207.94015791825748
19.255933130000003,-207.95935933255623
19.257799158,-207.95935933255623
19.259787885,-207.96976428742494
19.261776467,-207.98859708818566
19.263782066,-207.99826481597833
19.265786769,-208.00892109825926
19.267730721,-208.018303988318
19.269657397,-208.02773714385916
19.271721608,-208.0381420987279
19.273838748000003,-208.04791035748542
19.275808071,-208.04791035748542
19.277714797,-208.05868392589213
19.279667709,-208.07788534019087
19.281642655000002,-208.08736876121455
19.283793521,-208.0971537751329
19.285739142,-208.10779330225307
19.287666392000002,-208.11719294747257
19.289690563,-208.12667636849622
19.291643027000003,-208.1369137717567
19.293966167,-208.14664852019266
19.295763549,-208.14664852019266
19.297687061,-208.15852792921345
19.299639987000003,-208.17672403386302
19.301656264000002,-208.18671010971124
19.30366335,-208.19651187879043
19.305659667,-208.20666550624682
19.307762797000002,-208.21660131661258
19.309771435000002,-208.22729110921523
19.311664473,-208.2372101644201
19.313840808000002,-208.24667683028295
19.315824308,-208.24667683028295
19.317678668000003,-208.25771848126277
19.319719228,-208.27643399589772
19.321702284,-208.28642007174594
19.323656633000002,-208.29602077889533
19.325700505,-208.30542042411489
19.327651264,-208.31580862382273
19.329648796,-208.3254931067762
19.33160994,-208.33581428584083
19.333744256000003,-208.3449961139697
19.336218196,-208.35587021334132
19.337776482000002,-208.35587021334132
19.339702995,-208.36637569917494
19.341751333,-208.38529227573974
19.343650369000002,-208.39484271740665
19.345667558000002,-208.40456071068175
19.347739663000002,-208.4145802968516
19.349825744,-208.42459988302141
19.352159147000002,-208.43515563433755
19.353923569000003,-208.43515563433755
19.355885492000002,-208.4455438340454
19.357749776000002,-208.4455438340454
19.359738181,-208.4653316789728
19.361908564,-208.48438229682415
19.363785538000002,-208.49411704526008
19.365729085,-208.50378477305276
19.367692671,-208.5136368076144
19.369676389000002,-208.52333804572865
19.371751191,-208.5340278383313
19.373944491,-208.54319291129934
19.375772243,-208.54319291129934
19.377805202,-208.55443562420902
19.379783691,-208.55443562420902
19.381902297,-208.57335220077383
19.383813977000003,-208.5927546770024
19.385670795000003,-208.60257320124245
19.387694932000002,-208.61225768419587
19.389619760000002,-208.62239455649149
19.39173062,-208.63350322811453
19.393864689,-208.64291962849492
19.395762671,-208.64291962849492
19.397758799,-208.65399478979637
19.399722552,-208.67374912440218
19.401732244,-208.68448918248723
19.403690485000002,-208.6937380312594
19.405692534,-208.7037241071076
19.407764593,-208.7138107139207
19.409801656000003,-208.72388056557304
19.411685013,-208.7348887062312
19.413790520000003,-208.743802451787
19.415799053,-208.743802451787
19.417817072000002,-208.75521271630487
19.419785476,-208.77332504515033
19.421773554,-208.7836294690541
19.423695789,-208.79255996977074
19.425795513,-208.8025292904581
19.427883624,-208.81226403889403
19.429761493,-208.82256846279782
19.431655980000002,-208.8329734176665
19.433936827,-208.84237306288605
19.435751438,-208.84237306288605
19.43775269,-208.85383359288633
19.439841413,-208.872766924612
19.442001843,-208.88327241044558
19.443664836,-208.88327241044558
19.445884725000003,-208.8936438549926
19.447732955000003,-208.91142108062175
19.449745226,-208.9213904013091
19.451699705000003,-208.93208019391176
19.453826149,-208.94091016366343
19.455993363,-208.94091016366343
19.457759823,-208.95245446946782
19.459714065,-208.9710526979771
19.461731976000003,-208.98162520445396
19.463656309,-208.99063948097466
19.465664864,-209.0003239639281
19.467772941,-209.01036030525879
19.469742405,-209.02016207433797
19.47164179,-209.03122048047865
19.473754773,-209.0398828986221
19.475831694,-209.0398828986221
19.477870987000003,-209.0510250805669
19.479890201,-209.07007569841824
19.482194211,-209.08101681843314
19.483797816000003,-209.08101681843314
19.485953402,-209.09103640460296
19.487840266000003,-209.10931628505665
19.489814733000003,-209.11948666767387
19.49193318,-209.13037752220632
19.493918211,-209.13967663646096
19.495986493,-209.13967663646096
19.497955165,-209.15028265325944
19.499952648,-209.17015427399096
19.501881713,-209.1812126801316
19.503800498,-209.19052854954708
19.505781192,-209.20051462539524
19.507818781,-209.21081904929903
19.509884016,-209.22112347320282
19.51190403,-209.23253373772064
19.513869526,-209.24091131813023
19.515880244,-209.24091131813023
19.517841908,-209.25141680396382
19.519761276,-209.27058470794094
19.52202889,-209.2812577453827
19.523906783,-209.28981963256132
19.525877524000002,-209.2998392187312
19.527887027000002,-209.31004311167004
19.530027287000003,-209.31979461526677
19.531809309,-209.33122163494542
19.53403398,-209.33978352212398
19.536023116000003,-209.33978352212398
19.537925968,-209.35077490762137
19.53986631,-209.370076852885
19.542225648000002,-209.3810179728999
19.543982983000003,-209.3810179728999
19.545889349000003,-209.390551659406
19.547994391,-209.4094347256492
19.549865522,-209.4193370256933
19.551794705000002,-209.43099861762346
19.553857401000002,-209.43942646351545
19.555865188000002,-209.43942646351545
19.557795786,-209.4505518902994
19.559865077,-209.470507286835
19.561724831000003,-209.470507286835
19.563851067,-209.48183377554875
19.565801472,-209.5003817385755
19.567951872000002,-209.51038456958455
19.569841141,-209.51038456958455
19.571816373,-209.52114138283045
19.573941964000003,-209.5403763074508
19.57598553,-209.5403763074508
19.577775809000002,-209.55155199971716
19.579724526,-209.55155199971716
19.581701786,-209.57157441689603
19.58363464,-209.59151305827083
19.585615957,-209.60149913411905
19.587686396000002,-209.6114349444848
19.589795114,-209.6213875100114
19.591731826,-209.6331998983889
19.594007338,-209.64182880621075
19.595808947000002,-209.64182880621075
19.597719637,-209.6532558258894
19.599665577,-209.67222266793664
19.60170924,-209.68393452534926
19.603736159,-209.69258018833196
19.605750292,-209.70271706062752
19.607928695000002,-209.71271989163657
19.609897494000002,-209.72273947780639
19.611813372,-209.734451335219
19.613880595,-209.7425273227338
19.616019530000003,-209.7425273227338
19.617987873,-209.75412189402064
19.619888781,-209.77339032896268
19.621727071000002,-209.77339032896268
19.623731115000002,-209.7853200034659
19.625870775000003,-209.80383445617105
19.627764561000003,-209.81360271492863
19.629738488,-209.82375634238502
19.631599053000002,-209.83357486662507
19.633751603,-209.8434771666692
19.635841187,-209.8434771666692
19.637712446000002,-209.85463610377468
19.639776037,-209.87407209032494
19.641779692,-209.88546559968194
19.643686932,-209.89397722137807
19.645642968,-209.90325958047185
19.647667418,-209.91292730826453
19.649683896000003,-209.9228631186303
19.651719392,-209.93435715895222
19.65372981,-209.94253367743195
19.655816896,-209.94253367743195
19.657696399000002,-209.9528883668182
19.65969236,-209.97227408788592
19.661891519,-209.98385190401197
19.663782269000002,-209.98385190401197
19.665685162000003,-209.99323479407067
19.667677857,-210.01179951225828
19.669651448,-210.0217185674632
19.671628752,-210.03130251945177
19.674014083000003,-210.04088647144033
19.675768909000002,-210.04088647144033
19.677700313000003,-210.05264859433535
19.679724834,-210.0710792712364
19.681781065000003,-210.08103183676303
19.683652119,-210.09085036100302
19.685665655,-210.10083643685127
19.687807849000002,-210.11104032979011
19.689741119,-210.12072481274356
19.691766979,-210.13262097692515
19.693943802,-210.14096504701308
19.695776379,-210.14096504701308
19.697813129,-210.1512024502736
19.699713404,-210.1512024502736
19.701732187,-210.17100705036182
19.703642807,-210.19017495433891
19.705695151,-210.1998426821316
19.707874474,-210.2097282270149
19.709748681,-210.22013318188354
19.711761468000002,-210.22976739935456
19.713821379000002,-210.2393345961823
19.715812426000003,-210.2393345961823
19.717723131,-210.25062757457442
19.719769028,-210.26956090630003
19.72172037,-210.27892704119793
19.723630336000003,-210.2889466273678
19.725739865,-210.29883217225105
19.727620734000002,-210.30886851358173
19.729651048,-210.31851948621357
19.731679845000002,-210.32880715495654
19.734015827,-210.3385754137141
19.735902782,-210.3385754137141
19.737720187,-210.34983488178455
19.739675689000002,-210.36839959997218
19.741672150000003,-210.3778830209958
19.743667007000003,-210.38805340361301
19.745718747,-210.3977378865665
19.747808401,-210.40794177950536
19.749656639,-210.41755924181555
19.751806722,-210.42744478669883
19.753787900000003,-210.43716277997393
19.756109617,-210.43716277997393
19.757714261,-210.4484222480444
19.759746646,-210.46717127300101
19.761878788,-210.4767887353112
19.763676833,-210.4767887353112
19.765708980000003,-210.48793091725594
19.767680118,-210.50661292156929
19.769675575,-210.51680005934733
19.771832169,-210.52671911455226
19.773891751,-210.5364371078274
19.776190115000002,-210.5364371078274
19.777750229000002,-210.5472776968774
19.779692732,-210.56636182505036
19.781701425,-210.57577822543072
19.783687035,-210.5859653632088
19.785865065000003,-210.59583415293127
19.787777052000003,-210.60565267717126
19.789684931,-210.61533716012474
19.791782826000002,-210.6253064808121
19.793823980000003,-210.63510824989135
19.795824097,-210.63510824989135
19.797819377,-210.64626718699688
19.799793407000003,-210.6653513151699
19.801739154,-210.6751530842491
19.803751291,-210.68467001559438
19.805657392,-210.69430423306534
19.807680022,-210.70464216729079
19.809606695000003,-210.7147287741039
19.811674113000002,-210.72434623641408
19.813807668000003,-210.73490198773015
19.816033813,-210.74520641163394
19.817677812000003,-210.74520641163394
19.819775342,-210.75641561422194
19.8216429,-210.7747457601581
19.823683392,-210.78448050859402
19.825682843000003,-210.79460062572875
19.827637395,-210.8045364360945
19.829635122000003,-210.81401985711813
19.831982843000002,-210.82405619844883
19.83376622,-210.83420982590522
19.835781749000002,-210.83420982590522
19.837875111000002,-210.84505041495524
19.839891574000003,-210.84505041495524
19.841815554,-210.86503932181247
19.843811136000003,-210.88432451191528
19.845817512,-210.89399223970793
19.847697223,-210.90391129491286
19.849812231,-210.91404816720845
19.851668152000002,-210.92393371209172
19.85391153,-210.93366846052768
19.855786552,-210.93366846052768
19.857785312,-210.9450452147239
19.859699957,-210.96402881193197
19.861706474000002,-210.97362951908136
19.863694285,-210.98334751235643
19.865754271,-210.99286444370173
19.867904559000003,-211.00300131599732
19.869859845,-211.01327222957946
19.87178166,-211.02260485415573
19.873981473,-211.03228933710918
19.875783874,-211.03228933710918
19.877704887,-211.0433477432498
19.87984457,-211.06244862658363
19.881827814,-211.06244862658363
19.883690892,-211.07250172307516
19.885810757,-211.09153558576568
19.887685819,-211.10180649934782
19.889616921000002,-211.111608268427
19.891788318,-211.12117546525474
19.893863218,-211.13121180658544
19.895757672000002,-211.13121180658544
19.897864948000002,-211.14270584690738
19.899756702,-211.16142136154232
19.901858478,-211.17125664094317
19.903983453000002,-211.18102489970076
19.905786345000003,-211.19086017910158
19.907832173000003,-211.20049439657254
19.909882495,-211.21046371725996
19.911869878,-211.22021522085672
19.914073029,-211.23015103122248
19.915992963,-211.23015103122248
19.917838442,-211.24134347864967
19.919746201000002,-211.26076271003905
19.922065757000002,-211.27027964138432
19.923851681000002,-211.2807013514138
19.925853240000002,-211.2907544479053
19.927864387,-211.30087456504006
19.92978145,-211.31161462312517
19.931731433,-211.3222541502453
19.933876688,-211.33178783675137
19.935893574,-211.33178783675137
19.937874195000003,-211.34331538739497
19.939798005,-211.36246653621123
19.941932999000002,-211.37322334945716
19.943771573000003,-211.37322334945716
19.945759092000003,-211.38235491210358
19.947805098,-211.40091963029118
19.949778342000002,-211.41093921646106
19.951820096000002,-211.42075774070108
19.953826876,-211.43030818236798
19.955965734000003,-211.44066287175423
19.95782106,-211.44066287175423
19.959830557,-211.45155372628668
19.961753841,-211.4707048751029
19.96365257,-211.4804061132172
19.965688909,-211.49005708584906
19.967814377,-211.5001101823405
19.969673827,-211.51031407527938
19.971951891,-211.5196634550165
19.973829034,-211.5196634550165
19.975698973,-211.53058781987056
19.977641256000002,-211.54987300997342
19.979678139,-211.5599428616257
19.981747535,-211.56971112038323
19.983653999,-211.58004905460868
19.985745700000003,-211.58964976175804
19.987683587000003,-211.60007147178757
19.989831703,-211.60972244441936
19.991718402,-211.6203284612179
19.993708469,-211.62999618901057
19.995888126,-211.64031736807513
19.997993362000003,-211.64031736807513
19.999831828,-211.65109093648186
20.001751102,-211.66989022692093
20.003729816,-211.67934013762292
20.005775485,-211.6893597237928
20.007762385,-211.69907771706792
20.009707159,-211.70892975162957
20.011729492,-211.7190331136035
20.014092692000002,-211.7288013723611
20.015737279,-211.7288013723611
20.017851890000003,-211.7402283920397
20.019632733,-211.7587595999057
20.021641371,-211.7684775931808
20.023668905,-211.77861446547638
20.025887007,-211.78888537905854
20.027853555,-211.79883794458507
20.029757649,-211.80929316493626
20.031628829000002,-211.8189944030505
20.034054606,-211.82908100986367
20.035789688,-211.82908100986367
20.037711595,-211.84183168724704
20.039681821000002,-211.85991050577087
20.041739756000002,-211.87038248128283
20.043631535000003,-211.88068690518662
20.045629164,-211.89012006072778
20.047668423,-211.90037421914909
20.049657172,-211.91037705015813
20.051677953000002,-211.91991073666424
20.053736075,-211.930215160568
20.055866486000003,-211.9405195844718
20.057712539,-211.9405195844718
20.059792864000002,-211.9509412945013
20.061685097,-211.9696568091363
20.063749191000003,-211.97970990562777
20.065662691,-211.9897797572801
20.067745113,-211.9995982815201
20.069688160000002,-212.00965137801157
20.071774664000003,-212.01962069869896
20.074047262,-212.02950624358226
20.075950068,-212.02950624358226
20.077800804000002,-212.04063167036617
20.079807679,-212.0594644711269
20.081768291,-212.068813850864
20.083711412,-212.07878317155138
20.085866290000002,-212.08868547159548
20.087758431,-212.09890611969516
20.090015856,-212.10879166457846
20.091738292000002,-212.10879166457846
20.093860517,-212.11995060168402
20.095892398,-212.11995060168402
20.097810112,-212.1397887120939
20.099696501,-212.1588225747844
20.101950131000002,-212.1686243438636
20.103831248000002,-212.1686243438636
20.10572428,-212.17980003612996
20.107941396,-212.1991522468761
20.109809255000002,-212.1991522468761
20.111761512,-212.2102441633384
20.114047221,-212.2294958431196
20.115939001,-212.2294958431196
20.117715200000003,-212.24119094537133
20.119831361000003,-212.24119094537133
20.12176519,-212.25988970484553
20.123705435,-212.2796607946121
20.125732363,-212.28954633949542
20.127697944,-212.29944863953952
20.129831097,-212.30961902215674
20.131738555000002,-212.3194040360751
20.133754613,-212.32969170481806
20.135889039000002,-212.3402977216166
20.137879493,-212.3402977216166
20.139841070000003,-212.35076969712856
20.141714648,-212.36993760110565
20.143749585000002,-212.37999069759715
20.145895716000002,-212.3903118766617
20.147846485000002,-212.40078385217373
20.150028024,-212.40078385217373
20.151798781,-212.41098774511258
20.153753345000002,-212.43075883487916
20.15613128,-212.43075883487916
20.157806905,-212.44143187232098
20.159907581000002,-212.44143187232098
20.161746774,-212.4605327556548
20.163757045,-212.47966714931027
20.165726318,-212.49008885933975
20.167763794000003,-212.49942148391602
20.169803024,-212.50918974267356
20.171865352,-212.51936012529077
20.173785574,-212.52865923954542
20.175852697,-212.52865923954542
20.177904480000002,-212.53990195245507
20.179885144,-212.53990195245507
20.181752988,-212.5593546941661
20.183702372000003,-212.57838855685668
20.185740865,-212.58837463270484
20.187784766,-212.59836070855306
20.189857035000003,-212.59836070855306
20.191856297,-212.6083635395621
20.19394935,-212.6083635395621
20.195768994,-212.62838595674097
20.197769037,-212.64834135327655
20.199726543,-212.64834135327655
20.201997162,-212.65782477430022
20.203943143,-212.67752884342352
20.205782602000003,-212.6876657157191
20.208021472000002,-212.69751775028078
20.209998096,-212.69751775028078
20.211876948,-212.7086264219039
20.214114059,-212.72709060912658
20.215921627,-212.73774689140757
20.217882812000003,-212.73774689140757
20.219958082,-212.74795078434641
20.222127897,-212.76700140219776
20.223962448,-212.76700140219776
20.225954208,-212.77809331866004
20.227924169,-212.79662452652602
20.230173042,-212.80661060237423
20.231895354000002,-212.80661060237423
20.234144723,-212.8182889494652
20.236219943000002,-212.83700446410018
20.237879766000002,-212.83700446410018
20.239805752000002,-212.8476104808987
20.241827335,-212.86614168876469
20.243877048,-212.87606074396962
20.245792143000003,-212.8857117166014
20.247762346000002,-212.89539619955488
20.249914598,-212.90544929604638
20.251883529,-212.91590451639752
20.253805145,-212.92533767193868
20.255981826000003,-212.93646309872258
20.257876901,-212.93646309872258
20.259810088000002,-212.9469685845562
20.261858768,-212.96586840596018
20.263772680000002,-212.9755026234312
20.265799147000003,-212.98491902381159
20.267822089000003,-212.99477105837323
20.269790787,-213.00495819615128
20.271945231,-213.0152793752159
20.273706819,-213.0255335336372
20.276096854000002,-213.03528503723393
20.277721182,-213.03528503723393
20.279686476000002,-213.04748279431027
20.281768720000002,-213.06539406122593
20.283686568,-213.06539406122593
20.285700287,-213.07571524029052
20.287694522000002,-213.09486638910684
20.289696665,-213.09486638910684
20.291642030000002,-213.10480219947254
20.293785091,-213.1240036137713
20.295799917,-213.1240036137713
20.297727836,-213.13506201991197
20.299716651,-213.13506201991197
20.301709566,-213.15424667904983
20.303664108,-213.1736826656001
20.305681059,-213.18407086530794
20.307648355,-213.1936715724573
20.309811722000003,-213.20333930024995
20.311685346,-213.20333930024995
20.313802775000003,-213.2140626031742
20.315874827000002,-213.2140626031742
20.317698291000003,-213.23410177551392
20.319714525000002,-213.23410177551392
20.321684336,-213.25353776206413
20.323654521,-213.27339262763482
20.325680564000002,-213.28334519316135
20.327637238,-213.29364961706514
20.329696748,-213.29364961706514
20.331640326000002,-213.30360218259173
20.333756781,-213.32342353784077
20.335758403,-213.32342353784077
20.337698468000003,-213.33449869914222
20.339771686000002,-213.35309692765148
20.342013128,-213.36331757575115
20.343654982,-213.36331757575115
20.345664944000003,-213.37432571640932
20.347850194000003,-213.3923207591291
20.349684209000003,-213.3923207591291
20.351632533,-213.40332889978728
20.353785228,-213.4222622315129
20.355719712000003,-213.4222622315129
20.357887027,-213.4338232924781
20.36027762,-213.45364464772717
20.361827257,-213.45364464772717
20.363717684,-213.46595969092925
20.365853116,-213.48373691655837
20.367779009000003,-213.49424240239196
20.369715164000002,-213.50394364050626
20.371757883,-213.5141307782843
20.373887112000002,-213.5243011609015
20.37593023,-213.5243011609015
20.377958717000002,-213.53510823962986
20.379854002000002,-213.53510823962986
20.381675023,-213.555197677452
20.383729431000003,-213.57433207110748
20.385774039,-213.58421761599075
20.387702619000002,-213.59443826409043
20.389854444,-213.59443826409043
20.391696079000003,-213.60393844027487
20.393930668000003,-213.62344144746842
20.395844446,-213.62344144746842
20.397878028,-213.63460038457396
20.399832577,-213.63460038457396
20.401753253000003,-213.65326563372648
20.403723879,-213.67325454058368
20.405754723,-213.68290551321556
20.407712973000002,-213.6927910580988
20.409707781,-213.7030954820026
20.411643268000002,-213.71319884397658
20.413810835,-213.71319884397658
20.415797782000002,-213.72288332693
20.417676515,-213.72288332693
20.419639776,-213.74382727795398
20.421664658,-213.76316273353925
20.42375466,-213.77306503358335
20.425929434,-213.78311813007488
20.427776697000002,-213.79300367495816
20.429788375,-213.80325783337943
20.431754344,-213.8129423163329
20.433762180000002,-213.8226435544472
20.435776591,-213.8226435544472
20.437767988,-213.83361818478377
20.439747982,-213.85300390585152
20.441724576000002,-213.85300390585152
20.443726505,-213.86297322653888
20.445689409,-213.88235894760666
20.447647108,-213.89200992023848
20.449626311000003,-213.90199599608667
20.451646949,-213.91181452032671
20.453980789000003,-213.9216833100492
20.455939268,-213.9216833100492
20.457799725,-213.93295953328044
20.45979552,-213.95194313048856
20.461661979000002,-213.96176165472858
20.463666612,-213.97218336475805
20.465678382,-213.98235374737533
20.467642676,-213.99232306806272
20.469624671000002,-214.0030798813086
20.471615149,-214.01328377424744
20.473831928000003,-214.02333687073897
20.475779040000003,-214.02333687073897
20.477721838,-214.03590324135328
20.479698297000002,-214.0537809979473
20.481701884,-214.06363303250896
20.483717435000003,-214.07371963932212
20.485616044,-214.0833706119539
20.487610977000003,-214.0923346229922
20.489665338000002,-214.10206937142812
20.491654431,-214.11215597824125
20.493791679,-214.12167290958652
20.495901016,-214.12167290958652
20.497692211,-214.13247998831486
20.499684527000003,-214.1517484232569
20.501716381,-214.16143290621034
20.503694775,-214.17167030947084
20.505614276000003,-214.18128777178103
20.507724493,-214.19063715151813
20.50964987,-214.20124316831667
20.511633088,-214.21072658934028
20.513996943000002,-214.22039431713293
20.516006131,-214.22039431713293
20.517881291000002,-214.23136894746943
20.519787797000003,-214.25057036176818
20.521838229,-214.26050617213394
20.523898182,-214.2702576757307
20.525870797,-214.27990864836252
20.527748915,-214.2902298274271
20.529948787000002,-214.29979702425484
20.53185419,-214.30949826236915
20.534022114000003,-214.30949826236915
20.535861366000002,-214.31991997239865
20.538013154,-214.31991997239865
20.539826524000002,-214.33984185861257
20.541872455,-214.3593616209669
20.544066670000003,-214.36877802134725
20.545882201,-214.37866356623056
20.547843444,-214.38875017304366
20.54987021,-214.39843465599714
20.551806804,-214.40912444859978
20.553920402000003,-214.40912444859978
20.555811839,-214.41889270735732
20.55785441,-214.41889270735732
20.55969543,-214.43871406260638
20.561688371000002,-214.45816680431741
20.563993362,-214.46788479759252
20.565709573000003,-214.47813895601385
20.567757221,-214.4876726425199
20.569827145,-214.4976084528857
20.571866835,-214.50735995648242
20.573967346,-214.517865442316
20.575824488000002,-214.517865442316
20.577837081000002,-214.52919193102977
20.57983445,-214.5479577111472
20.581817399000002,-214.55779299054805
20.583813126000003,-214.56824821089918
20.585720634,-214.57845210383803
20.587804398000003,-214.58880679322428
20.589786735,-214.59949658582693
20.591724432000003,-214.60911404813712
20.593853193,-214.60911404813712
20.595733861000003,-214.6193346962368
20.59771426,-214.63902201019923
20.599780183,-214.64837138993633
20.601783932,-214.65803911772903
20.603979073,-214.6674722732702
20.605851771,-214.67749185944
20.607975813000003,-214.6872098527151
20.609811859,-214.69717917340253
20.611917359,-214.7067128599086
20.613980891,-214.71710105961645
20.616086507000002,-214.7279584038273
20.617952016,-214.7279584038273
20.619934678,-214.73874872739484
20.621779494000002,-214.7566432391497
20.623952757,-214.76667958048037
20.625792302,-214.76667958048037
20.627790106000003,-214.77695049406248
20.629989436000002,-214.79581680514482
20.631832481,-214.8059871877621
20.63384147,-214.8059871877621
20.635754412,-214.81657644939975
20.63767791,-214.83576110853767
20.639705549000002,-214.84546234665194
20.641685382000002,-214.85507980896213
20.643747536000003,-214.86493184352383
20.645678629000003,-214.87501845033694
20.647650643000002,-214.88498777102433
20.649654299,-214.89455496785206
20.651826359,-214.90477561595173
20.653791144000003,-214.914476854066
20.655912311,-214.914476854066
20.657790946000002,-214.92556877052832
20.659776248,-214.94487071579192
20.661826193,-214.95468924003194
20.663830232000002,-214.96432345750296
20.665668737,-214.9740414507781
20.667714448,-214.98357513728416
20.669872660000003,-214.9934774373283
20.671775297,-215.00344675801563
20.673707356,-215.01370091643702
20.675841567000003,-215.02397183001915
20.677878221,-215.02397183001915
20.679718487000002,-215.03472864326503
20.681773486,-215.05366197499066
20.683703422,-215.05366197499066
20.685703604,-215.06364805083885
20.687674503,-215.08315105803234
20.689645371,-215.0935057474186
20.691652859,-215.10365937487498
20.693751323,-215.11406432974366
20.695789117,-215.11406432974366
20.697706472,-215.12534055297496
20.69968815,-215.14522892886728
20.701681851,-215.15514798407222
20.703645048000002,-215.1649497531514
20.705663283,-215.17439966385345
20.707641973,-215.18416792261098
20.709660264,-215.19370160911706
20.711717534,-215.20331907142727
20.71387001,-215.20331907142727
20.715785003,-215.21322137147138
20.71771,-215.21322137147138
20.719671745000003,-215.23351187122339
20.721644870000002,-215.2527635510046
20.7236698,-215.26256532008375
20.725678417,-215.27260166141443
20.727668708000003,-215.28240343049362
20.729669931,-215.2922387098945
20.73167072,-215.30205723413448
20.733982409000003,-215.31207682030433
20.735815694000003,-215.31207682030433
20.737851036000002,-215.32404000512926
20.739814805,-215.32404000512926
20.741752367,-215.3422528649396
20.74385719,-215.36180613761556
20.745719569000002,-215.37175870314215
20.747863922,-215.38130914480905
20.749694655000003,-215.3908930967976
20.751676029000002,-215.40066135555514
20.75398079,-215.4109992897806
20.756042031,-215.4109992897806
20.757730111,-215.42204094076038
20.759828386000002,-215.44095751732522
20.761736962,-215.4506420002787
20.763752896,-215.46015893162397
20.765913705000003,-215.4699271903815
20.767843882,-215.48028187976774
20.769678118,-215.4899496075604
20.771726078,-215.4998351524437
20.773853558000003,-215.50955314571877
20.775877438000002,-215.50955314571877
20.777700705,-215.5210136757191
20.779827704000002,-215.54009780389205
20.781672204000003,-215.54981579716724
20.783705627,-215.55981862817623
20.785646291000003,-215.57017331756248
20.787771256000003,-215.58010912792824
20.789790522,-215.5905811034402
20.791840322000002,-215.60016505542876
20.793929995000003,-215.61080458254887
20.796371159,-215.6212598029
20.797798297,-215.6212598029
20.799720840000003,-215.63484823832437
20.80165483,-215.65024623111717
20.803668362,-215.66008151051798
20.805662127,-215.669900034758
20.807665786,-215.6795174970682
20.809665515000003,-215.68938628679066
20.811927719,-215.69907076974414
20.813861722000002,-215.69907076974414
20.815824436,-215.71027997233216
20.817862115,-215.71027997233216
20.819724438,-215.72963218307825
20.821814855000003,-215.74868280092966
20.823671087,-215.75866887677788
20.825849847,-215.76853766650035
20.827734655,-215.77879182492163
20.829782996000002,-215.78840928723181
20.831660644000003,-215.79829483211512
20.833872026,-215.80777825313874
20.835731810000002,-215.80777825313874
20.837711305000003,-215.8191885176566
20.839798884,-215.8377532358442
20.841743695,-215.84800739426555
20.843735510000002,-215.85784267366637
20.845704807,-215.86757742210233
20.847648493,-215.87724514989495
20.849635285,-215.88704691897416
20.851678470000003,-215.89676491224924
20.853939185,-215.89676491224924
20.856014222000002,-215.906700722615
20.857810606,-215.906700722615
20.859706494,-215.92764467363892
20.86172763,-215.94749953920962
20.863754395,-215.95678189830343
20.865791180000002,-215.9670193015639
20.867718075000003,-215.9772399496636
20.869752633,-215.98759463904986
20.87178846,-215.9979995939185
20.873989055000003,-216.00815322137495
20.875871161000003,-216.00815322137495
20.87780867,-216.01964726169686
20.879871809,-216.03894920696047
20.881835703,-216.03894920696047
20.883827317,-216.04938767215083
20.885862153,-216.0679188800168
20.887833078,-216.0774860768446
20.889658138,-216.08720407011967
20.891719437000003,-216.09692206339474
20.893842713,-216.10685787376053
20.895733454000002,-216.10685787376053
20.897737072,-216.11818436247427
20.899725334000003,-216.13773763515022
20.901695435,-216.14782424196332
20.903652971,-216.158044890063
20.905659209000003,-216.167863414303
20.907635458,-216.17806730724186
20.909649747,-216.18800311760762
20.911688266000002,-216.19845833795875
20.913866497,-216.20884653766666
20.915739038,-216.20884653766666
20.917707482,-216.22032382282777
20.91969045,-216.2395419922873
20.921749740000003,-216.24920972008
20.923755641,-216.2596481852703
20.925665733000002,-216.26970128176177
20.927894084000002,-216.27918470278544
20.929674176000002,-216.27918470278544
20.931674046,-216.2898577402272
20.934068908,-216.3083721929324
20.935830645000003,-216.3083721929324
20.937756412000002,-216.32018458130992
20.93984706,-216.33782776565243
20.941744657,-216.34764628989248
20.943734921,-216.35738103832838
20.945664322000002,-216.36738386933737
20.947763559000002,-216.3774537209897
20.949732794000003,-216.38745655199872
20.951798755000002,-216.39699023850486
20.953889436,-216.40731141756942
20.955891018000003,-216.40731141756942
20.957807913,-216.4180347204937
20.959706107000002,-216.43711884866667
20.961803072000002,-216.4465855145295
20.963834648000002,-216.45658834553856
20.96576378,-216.46640686977852
20.967708882,-216.47619188369694
20.969712432,-216.486010407937
20.971749834,-216.496013238946
20.9740578,-216.50603282511582
20.975948962,-216.50603282511582
20.977876216000002,-216.5167896383617
20.979798636,-216.5356559494441
20.981970837000002,-216.5452734117543
20.983741433000002,-216.5555945908189
20.985673744,-216.5652120531291
20.987830199,-216.57501382220823
20.989884713000002,-216.58536851159448
20.991861848000003,-216.5952875667994
20.993979869,-216.60530715296923
20.996009369000003,-216.60530715296923
20.998063422,-216.61582939396368
20.999883344,-216.61582939396368
21.001894521,-216.6355167079262
21.004085410000002,-216.6546511015817
21.005844806000002,-216.664536646465
21.007915909,-216.67396980200616
21.009811059,-216.6838888572111
21.011878640000003,-216.69360685048616
21.01393411,-216.70414584664144
21.015900668,-216.70414584664144
21.017776422,-216.7145675566709
21.019888388000002,-216.7338024812913
21.021776764000002,-216.74303457490262
21.023762558,-216.75350655041464
21.025623515000003,-216.76304023692072
21.027645986,-216.77300955760813
21.029622618,-216.78277781636567
21.03167694,-216.7925293199624
21.03383646,-216.80347043997733
21.03585556,-216.80347043997733
21.037778091,-216.81374135355944
21.039771713,-216.81374135355944
21.041779006000002,-216.83309356430553
21.043755644,-216.85249604053413
21.045734641000003,-216.86196270639695
21.047711274,-216.87164718935043
21.049784278,-216.8813651826255
21.051912878,-216.891418279117
21.054039768000003,-216.90202429591554
21.055950712,-216.911893085638
21.057790472,-216.911893085638
21.059889063,-216.92306877790435
21.061884085000003,-216.94106382062412
21.063847027,-216.95131797904543
21.065752781,-216.9605165623352
21.067822279,-216.97036859689683
21.069886988,-216.98020387629765
21.071801309,-216.99025697278918
21.074033117000003,-217.00071219314032
21.076067226000003,-217.00071219314032
21.07771352,-217.01126794445636
21.079793149,-217.02979915232234
21.081781174,-217.03975171784893
21.083997873,-217.0505085310948
21.085757436,-217.0505085310948
21.087715938000002,-217.06042758629974
21.089741475,-217.0792436318996
21.091747228000003,-217.08874380808408
21.094091863000003,-217.09958439713407
21.095745963000002,-217.09958439713407
21.097750353000002,-217.11072657907883
21.099699856,-217.12880539760266
21.102100715000002,-217.1383893495912
21.103707871,-217.1383893495912
21.105924093000002,-217.14951477637513
21.107946096000003,-217.16791194295453
21.109897169,-217.17814934621504
21.111887622,-217.1878338291685
21.113922887,-217.19897601111325
21.115961259000002,-217.19897601111325
21.117986368,-217.20909612824798
21.119836231,-217.2289677489795
21.122112377,-217.23863547677217
21.123706147,-217.23863547677217
21.125718607,-217.25001223096834
21.127730699,-217.26839264238697
21.129857488000003,-217.278395473396
21.131782939,-217.28843181472666
21.133854715000002,-217.28843181472666
21.135753629,-217.29855193186145
21.137744320000003,-217.31780361164263
21.139943025,-217.3272367671838
21.141703767000003,-217.3272367671838
21.143718302,-217.33819464235953
21.145862295,-217.35702744312024
21.147831175,-217.36676219155618
21.149758642000002,-217.37679853288682
21.15175717,-217.38643275035784
21.153734671000002,-217.3975079116593
21.155743501,-217.3975079116593
21.157802126,-217.40700808784376
21.159844603,-217.40700808784376
21.161719215,-217.42711428082674
21.163789819,-217.44700265671904
21.16589864,-217.45645256742105
21.167749134,-217.46598625392716
21.169884817,-217.47563722655894
21.171991815000002,-217.48528819919082
21.173787138,-217.48528819919082
21.175852503,-217.49654766726124
21.177837825,-217.49654766726124
21.180040342,-217.51591663316822
21.181816286,-217.53501751650202
21.183755435000002,-217.54589161587367
21.185796182,-217.5545875443388
21.187878164,-217.56452335470456
21.189709642,-217.56452335470456
21.191779829,-217.57536394375455
21.193844757,-217.59538636093342
21.195749305,-217.59538636093342
21.197719026,-217.6053556816208
21.199806419,-217.6243560339897
21.201707343000002,-217.6243560339897
21.203664246000002,-217.63491178530577
21.205649882000003,-217.6542975063735
21.207666902,-217.66446788899077
21.209788903,-217.67445396483893
21.21191332,-217.6845405716521
21.214145105,-217.69591732584828
21.215960555000002,-217.69591732584828
21.217887425,-217.70608770846547
21.219833662000003,-217.72590906371454
21.22187308,-217.73679991824704
21.224002794,-217.74764050729698
21.225847588,-217.74764050729698
21.227791666,-217.75690611123
21.229743999,-217.77557136038251
21.231721532,-217.7852893536576
21.233852426000002,-217.79607967722512
21.235769816,-217.79607967722512
21.237753950000002,-217.8057138946961
21.240109305,-217.82463047126095
21.241794382000002,-217.82463047126095
21.243864121,-217.83555483611505
21.245876502,-217.85416981978508
21.247760098,-217.86410563015087
21.249828678,-217.87434303341138
21.251754739000003,-217.88387671991742
21.25390427,-217.8953875154002
21.255795995,-217.8953875154002
21.257819586,-217.904485567725
21.259844378,-217.904485567725
21.261736753,-217.9237372475062
21.263839267,-217.94446338143948
21.265878179,-217.95362845440755
21.267763668,-217.9631788960745
21.269762748,-217.97256178613318
21.271707028,-217.98246408617732
21.274032439000003,-217.9941926987507
21.275733685000002,-217.9941926987507
21.277714206000002,-218.00464791910184
21.279667916,-218.02239163440933
21.281672156000003,-218.03221015864938
21.283641508000002,-218.04382148509703
21.285656646,-218.05179694164693
21.287653584,-218.06191705878175
21.289690475,-218.07181935882585
21.291670768000003,-218.08170490370915
21.293791173000002,-218.09336649563923
21.295795739000003,-218.09336649563923
21.297727905000002,-218.10216295506928
21.299713486,-218.12138112452885
21.301685184,-218.13103209716067
21.303617191,-218.14076684559657
21.305658401000002,-218.15050159403253
21.307635222000002,-218.16073899729304
21.309685322,-218.17052401121143
21.311646373000002,-218.1809624764017
21.313823358,-218.19078100064175
21.315732625000003,-218.19078100064175
21.317698415000002,-218.20192318258648
21.319674033000002,-218.22122512785015
21.321730368,-218.23101014176848
21.323769136000003,-218.24285604046761
21.325635468,-218.25126713119883
21.327652662000002,-218.26049922481025
21.329636897,-218.27046854549758
21.331633885000002,-218.28020329393354
21.333845194000002,-218.29012234913841
21.335711434,-218.29012234913841
21.337693136000002,-218.30158287913875
21.339732114,-218.32054972118604
21.341658965,-218.33056930735586
21.343650695,-218.34020352482688
21.34563193,-218.3498209871371
21.347644234,-218.35989083878937
21.349653889000002,-218.3696088320645
21.351769995,-218.37946086662615
21.35384968,-218.37946086662615
21.355735717,-218.39154133757674
21.357694682,-218.40948611481406
21.359708796,-218.41913708744585
21.361646365000002,-218.42887183588184
21.363702262,-218.43879089108674
21.365687959000002,-218.44889425306064
21.367680849000003,-218.45904788051703
21.369675045,-218.46868209798805
21.371651794,-218.47878545996204
21.373837222000002,-218.48831914646811
21.375734545,-218.48831914646811
21.377680621,-218.499545104217
21.379705577000003,-218.499545104217
21.381674026000002,-218.51836114981685
21.383695546000002,-218.53811548442263
21.385677072,-218.5476826812504
21.387655038000002,-218.557350409043
21.389698691000003,-218.5677050984292
21.391641021,-218.57782521556402
21.393819165,-218.57782521556402
21.395796880000002,-218.58781129141218
21.397785557000002,-218.58781129141218
21.399761653000002,-218.60924114209988
21.401845335,-218.62897872154485
21.403722017,-218.638881021589
21.405722048,-218.64901789388455
21.407845123,-218.65910450069765
21.409668059,-218.66917435234998
21.411657703000003,-218.6789593662684
21.413907212,-218.68891193179493
21.415729736000003,-218.68891193179493
21.417761155,-218.7000038482572
21.41973807,-218.71876962837462
21.421821684,-218.72835358036318
21.423810404,-218.72835358036318
21.425720678,-218.7402497445448
21.427676398000003,-218.75755782567097
21.429656048000002,-218.76732608442856
21.431913722,-218.7776305083323
21.433853292000002,-218.78775062546708
21.436157166,-218.7982896216223
21.43791733,-218.7982896216223
21.439948604,-218.80968313097935
21.441963203,-218.80968313097935
21.443923816,-218.82826460432773
21.445896303,-218.84790165280785
21.447926904000003,-218.8579547492993
21.449941090000003,-218.86827592836391
21.451882509,-218.87841280065948
21.453888567,-218.88871722456327
21.455916258000002,-218.88871722456327
21.457755679,-218.9001107339203
21.459719765000003,-218.9190105553243
21.461736648000002,-218.92874530376022
21.463729885000003,-218.93869786928676
21.465803880000003,-218.9481980454712
21.46793177,-218.9584354487317
21.469824680000002,-218.96803615588107
21.471753601,-218.97834057978486
21.474217714,-218.988242879829
21.475804802000003,-218.988242879829
21.477776401,-218.99963638918598
21.479750485,-219.0186702518765
21.481822768,-219.02832122450835
21.48388941,-219.03808948326594
21.485960932,-219.04844417265218
21.487855571,-219.05801136947989
21.489735476,-219.06759532146842
21.491773173000002,-219.0776149076383
21.494102893,-219.08733290091342
21.495826541,-219.08733290091342
21.497791983000003,-219.0986426344663
21.499865776,-219.11781053844345
21.501862497,-219.12791390041735
21.503664442,-219.13774917981823
21.505687021,-219.14718233535942
21.507681256,-219.15700085959938
21.509818194,-219.16743932478974
21.511773026,-219.17784427965842
21.513736391000002,-219.17784427965842
21.515819553,-219.18778009002418
21.517699555,-219.18778009002418
21.519710933000002,-219.207986813972
21.521676817000003,-219.22705418698425
21.523839756,-219.23710728347572
21.525695554000002,-219.23710728347572
21.527664586,-219.24796462768657
21.529712737,-219.26716604198532
21.531666937,-219.277386690085
21.533903357,-219.28723872464664
21.535873756,-219.28723872464664
21.537849557,-219.2981295791791
21.539831426000003,-219.31783364830238
21.541806196,-219.32803754124126
21.543642652000003,-219.33783931032042
21.545834696,-219.3478588964903
21.547649245000002,-219.35831411684143
21.54974225,-219.368082375599
21.551771256000002,-219.37868839239755
21.553805401,-219.38885877501477
21.555898435,-219.38885877501477
21.557778262000003,-219.39959883309982
21.55987313,-219.41918561609742
21.561836102,-219.4285685061561
21.563709034000002,-219.43815245814466
21.565749359,-219.4480212478672
21.567768337,-219.4575884446949
21.569821365000003,-219.4674739895782
21.571747494,-219.47722549317493
21.573880929,-219.48749640675703
21.575799669000002,-219.48749640675703
21.577854972,-219.4983872612895
21.579903926,-219.4983872612895
21.581728748,-219.51854371975492
21.583814879000002,-219.53814725791332
21.585721828,-219.54820035440483
21.58780442,-219.557449203177
21.589816184,-219.56755256515092
21.591956688,-219.57743811003422
21.594021483000002,-219.57743811003422
21.595930461000002,-219.58769226845558
21.597889893,-219.60791574756428
21.59992588,-219.61743267890952
21.60180044,-219.62741875475774
21.603803775000003,-219.63727078931942
21.605713100000003,-219.64710606872026
21.607830005,-219.6571256548901
21.609770433,-219.66704471009504
21.612082917000002,-219.67691349981752
21.613911503,-219.67691349981752
21.61601911,-219.68808919208382
21.617760523,-219.68808919208382
21.619843674000002,-219.70737438218674
21.621893991,-219.72672659293283
21.624435619,-219.73728234424888
21.62582825,-219.73728234424888
21.627759356000002,-219.7486926087667
21.6299125,-219.7668887134163
21.631664482,-219.77699207539027
21.633799211000003,-219.78692788575603
21.635809103,-219.78692788575603
21.637760057,-219.79833815027385
21.63988905,-219.81804221939717
21.64175476,-219.82789425395885
21.643947565,-219.83798086077192
21.645888409,-219.84841932596228
21.647763076,-219.85800327795084
21.649895937,-219.86807312960315
21.651866922,-219.8785953705976
21.653873256,-219.8883803845159
21.655789332,-219.8883803845159
21.657699042,-219.89940528033492
21.659927772,-219.91780244691432
21.661765734000003,-219.92755395051108
21.663952639,-219.93710439217804
21.665809859000003,-219.93710439217804
21.667683608,-219.94812928799703
21.669780289000002,-219.96647618909395
21.671794905000002,-219.97614391688663
21.673877945,-219.9865488717553
21.675986256,-219.9865488717553
21.677774379000002,-219.99690356114155
21.679738988,-220.01647358897833
21.681746864,-220.0262586028967
21.683738097000003,-220.0359933513326
21.686042030000003,-220.0460464478241
21.687777996,-220.0460464478241
21.689726348,-220.05703783332143
21.691758223,-220.07551877570498
21.693919838000003,-220.0854378309099
21.695888914,-220.0854378309099
21.697858776,-220.09637895092482
21.699913986000002,-220.115814937475
21.70189328,-220.12615287170047
21.703782693,-220.13593788561877
21.70589593,-220.1463428404875
21.708027181000002,-220.15636242665735
21.709787650000003,-220.16646578863129
21.711913604000003,-220.17615027158473
21.713988538000002,-220.17615027158473
21.716108368,-220.1867562883833
21.717939580000003,-220.1867562883833
21.719860553,-220.20624254041596
21.721843061,-220.2254774650363
21.724032139000002,-220.23544678572372
21.725959488,-220.2451647789988
21.727768211,-220.2451647789988
21.729833456,-220.25508383420373
21.731862862,-220.27450306559314
21.733996843,-220.28460642756707
21.735893859,-220.28460642756707
21.737838708,-220.29569834402935
21.739986204,-220.31461492059418
21.741952781000002,-220.32423238290437
21.744113102,-220.33418494843093
21.745898017000002,-220.33418494843093
21.747906626000002,-220.34470718942535
21.749848969000002,-220.36385833824164
21.751841691000003,-220.37377739344657
21.754160034,-220.38347863156085
21.756002002000002,-220.38347863156085
21.757899639,-220.3948721409179
21.759926688,-220.4131520213716
21.762009338000002,-220.4229705456116
21.763834052,-220.4330906627464
21.765837796000003,-220.44265785957407
21.767640526,-220.4524763838141
21.769767318000003,-220.46283107320033
21.771722183,-220.4727668835661
21.773863758,-220.48258540780614
21.776175175000002,-220.48258540780614
21.777776647,-220.49428051005788
21.779870127000002,-220.51237608374254
21.781851792,-220.52209407701764
21.783928994,-220.53209690802672
21.78582305,-220.54233431128722
21.787948532,-220.55171720134592
21.789882220000003,-220.56205513557128
21.791804971,-220.5714882911125
21.794185923,-220.58170893921218
21.796016318000003,-220.58170893921218
21.797820449,-220.59383967564523
21.799821629,-220.61160014611355
21.802132524,-220.62121760842376
21.803858373,-220.62121760842376
21.80572065,-220.63210846295615
21.807963602,-220.6504888743748
21.809762768000002,-220.66084356376103
21.81182919,-220.6704107605887
21.8140256,-220.6804471019194
21.815880788,-220.6804471019194
21.817709766,-220.69117040484363
21.819732238,-220.71025453301664
21.821815695,-220.7200060366134
21.823737439000002,-220.7297407850493
21.825745648,-220.7397436160584
21.827716462,-220.7397436160584
21.829675171,-220.74991399867557
21.831677723000002,-220.76961806779892
21.834231318,-220.77982196073776
21.835812952,-220.77982196073776
21.837743224,-220.79206998329653
21.839783318000002,-220.81024933278536
21.841922734,-220.8203024292768
21.843738105,-220.8203024292768
21.845698421,-220.83144461122154
21.847817161000002,-220.8504952290729
21.849724222000003,-220.86079965297668
21.851839993000002,-220.87095328043307
21.853770592,-220.88107339756786
21.855929961,-220.88107339756786
21.857963796,-220.8916459040447
21.859829736000002,-220.9113834834897
21.861739819,-220.92095068031742
21.863823316,-220.93100377680892
21.865948141,-220.94107362846123
21.867888898,-220.95054029432407
21.870059050000002,-220.9606771666196
21.871877469,-220.9705794666637
21.873972833,-220.97967751898852
21.875939519000003,-220.97967751898852
21.877913685000003,-220.9905013528777
21.879849345,-221.00941792944252
21.881822909,-221.01925320884334
21.8838747,-221.0293733259781
21.88582594,-221.03945993279123
21.887870791,-221.03945993279123
21.889831542000003,-221.049764356695
21.891835768,-221.06864742293817
21.894061711000003,-221.07875078491213
21.896002491,-221.07875078491213
21.897994765,-221.0895578636405
21.899842175,-221.10860848149184
21.901866921,-221.11852753669677
21.903865167000003,-221.12804446804208
21.905852398,-221.13776246131715
21.907901034,-221.14806688522094
21.909899553000002,-221.15833779880307
21.911877657,-221.168441160777
21.913912726000003,-221.168441160777
21.915976908,-221.17827644017788
21.917884731,-221.17827644017788
21.919859345000003,-221.19908634991523
21.921871952,-221.21833802969644
21.923853886,-221.21833802969644
21.925890278,-221.22877649488674
21.927919983000002,-221.24868162593987
21.929829281,-221.25863419146648
21.931799504,-221.2684527157065
21.934258725000003,-221.2787571396103
21.935959018000002,-221.2787571396103
21.938038943000002,-221.29140728602871
21.939875928000003,-221.30950285971338
21.941849576000003,-221.31927111847097
21.9438903,-221.32903937722853
21.945837917000002,-221.3384557776089
21.947762154000003,-221.3384557776089
21.949837439000003,-221.3480899950799
21.951896274000003,-221.36772704355994
21.953861338000003,-221.37754556779993
21.955810563,-221.37754556779993
21.958040962000002,-221.38823536040258
21.959778581000002,-221.40753730566624
21.961779994,-221.41775795376589
21.963876883,-221.42759323316676
21.965957112,-221.42759323316676
21.967949773,-221.43752904353252
21.969888145000002,-221.45758497103301
21.971920725,-221.4673029643081
21.974090147000002,-221.47760738821194
21.976046517,-221.47760738821194
21.977879546,-221.48893387692564
21.979948025000002,-221.48893387692564
21.981864453,-221.5083195979934
21.983812481,-221.5273534606839
21.985721671,-221.53690390235084
21.987721187000002,-221.54653811982183
21.989725025000002,-221.5565577059917
21.991823787,-221.56604112701532
21.993961524000003,-221.56604112701532
21.995850121,-221.57669740929632
21.997786244,-221.596920888405
21.999782552000003,-221.60648808523274
22.001913298,-221.61670873333242
22.003798059,-221.62729799497018
22.005980511,-221.6368316814762
22.007813363,-221.6368316814762
22.009818877,-221.6474712085964
22.011745721,-221.6661867232314
22.013697363000002,-221.67560312361172
22.015923215,-221.68568973042488
22.017802328000002,-221.68568973042488
22.019763508,-221.6966643607614
22.021787306,-221.71561444764785
22.023908032,-221.72541621672704
22.025962215,-221.73585468191735
22.027830821000002,-221.73585468191735
22.029737639,-221.74580724744393
22.031685122000003,-221.7648411101345
22.033804872,-221.7648411101345
22.035892298,-221.7754136166114
22.037977908000002,-221.7754136166114
22.039872834,-221.79583815764988
22.041785787000002,-221.79583815764988
22.043777869000003,-221.8147044687323
22.045775885,-221.83444204817724
22.047968307,-221.84441136886466
22.049855163,-221.84441136886466
22.051684405,-221.8559221643474
22.053749624,-221.87413502415782
22.055800162,-221.87413502415782
22.057745072000003,-221.88470753063464
22.059793776000003,-221.90421053782813
22.061802039,-221.90421053782813
22.063790669000003,-221.91404581722898
22.065707628000002,-221.93356557958327
22.067655426,-221.9437024518789
22.069672162,-221.9535209761189
22.071655536,-221.96318870391156
22.073845213000002,-221.9730910039557
22.075754160000002,-221.9730910039557
22.077735002,-221.98428345138282
22.079821231,-222.00345135535997
22.08170223,-222.00345135535997
22.083719326,-222.0137390241029
22.085681214,-222.03289017291917
22.087632765000002,-222.0428092281241
22.089645067000003,-222.05225913882614
22.091637130000002,-222.0623122353176
22.093836984000003,-222.07203022859267
22.095937839,-222.07203022859267
22.097796723000002,-222.08325618634154
22.100083392000002,-222.10212249742392
22.101873681,-222.10212249742392
22.103846667000003,-222.11329818969023
22.105809684,-222.1316283356264
22.107780218000002,-222.14194951469102
22.109741344,-222.15186856989595
22.111782867000002,-222.16177086994006
22.113896693,-222.1716061493409
22.11581923,-222.1716061493409
22.11778498,-222.18234620742595
22.119790573000003,-222.2019329904236
22.121758333000002,-222.21148343209046
22.123771886,-222.2215700389036
22.125757851000003,-222.23192472828984
22.127859491000002,-222.24176000769063
22.129759292000003,-222.2517795938605
22.131775701000002,-222.2621845487292
22.133921017000002,-222.27220413489903
22.135879391000003,-222.27220413489903
22.137869419,-222.28363115457768
22.139896498000002,-222.302966610163
22.141758539,-222.302966610163
22.143714151,-222.31318725826267
22.145696063000003,-222.33252271384796
22.147700786,-222.34235799324884
22.149858836,-222.3527461929567
22.151778403,-222.3623804104277
22.154001511,-222.3726178136882
22.155911200000002,-222.3726178136882
22.157780905000003,-222.38399456788437
22.159749133000002,-222.40287763412755
22.161707603,-222.41293073061902
22.163846487,-222.42338595097021
22.165750686000003,-222.4333050061751
22.167845712000002,-222.44429639167248
22.169762598000002,-222.45431597784233
22.171733336000003,-222.4643690743338
22.173846477,-222.47452270179025
22.175848353000003,-222.47452270179025
22.177849432000002,-222.4858994559864
22.179838832,-222.5055532596273
22.181826830000002,-222.51562311127958
22.183738578,-222.52515679778568
22.185791870000003,-222.53490830138244
22.187887622,-222.54444198788852
22.189693213,-222.5547966772748
22.192098903,-222.56422983281595
22.193816242,-222.57386405028694
22.195803797,-222.57386405028694
22.197843169000002,-222.58435278095973
22.199766756000002,-222.60367148138423
22.201865747000003,-222.6130376162821
22.203750044000003,-222.6233420401859
22.205857078,-222.63346215732065
22.207830348,-222.64323041607818
22.209746421000002,-222.65371914675097
22.211746638,-222.66368846743842
22.213860688,-222.67360752264335
22.215735582,-222.67360752264335
22.217711534000003,-222.68490050103543
22.219635785,-222.7036997914745
22.221742595000002,-222.71346805023208
22.223919242,-222.7236384328493
22.225869340000003,-222.7327197300133
22.22767524,-222.7424544784492
22.229853153,-222.7523400233325
22.23173255,-222.76215854757248
22.233836037,-222.77206084761661
22.236014723,-222.77206084761661
22.237855844000002,-222.78315276407892
22.239917997000003,-222.8025384851466
22.241865604,-222.81242403002992
22.244016079,-222.8217566546062
22.245689238,-222.8314243823989
22.247884708,-222.84159476501608
22.249707369000003,-222.85154733054267
22.251687419000003,-222.86165069251655
22.253832362,-222.87140219611334
22.255748219,-222.87140219611334
22.257899138000003,-222.88267841934461
22.259913052,-222.9013939339796
22.26201079,-222.91092762048572
22.264032397,-222.92074614472568
22.265780768000003,-222.93078248605642
22.267835620000003,-222.9403831932058
22.270054126,-222.95097245484345
22.271759218,-222.96030507941973
22.273975723000003,-222.96998956237317
22.275949307,-222.96998956237317
22.277961739000002,-222.981215520122
22.279863924,-223.0004671999032
22.281851525,-223.0102354586608
22.284012069000003,-223.01991994161423
22.285753414000002,-223.02972171069342
22.287871368,-223.03935592816447
22.289795866000002,-223.04967710722903
22.292061545000003,-223.05939510050413
22.293952518,-223.07008489310675
22.296149779,-223.07008489310675
22.298101113,-223.08042282733217
22.299867669,-223.09945669002272
22.302002766,-223.10904064201128
22.303941904000002,-223.11924453495013
22.306031750000002,-223.12872795597374
22.307943859,-223.13839568376645
22.309788154000003,-223.14834824929298
22.311775808,-223.15811650805054
22.314128609,-223.1677172151999
22.315990510000002,-223.1677172151999
22.317808473000003,-223.17889290746632
22.319853386000002,-223.19807756660424
22.322053687,-223.20801337697
22.323776709,-223.20801337697
22.325984036,-223.21885396601994
22.327923995000003,-223.2367484777748
22.329970791,-223.2469021052312
22.331824011000002,-223.25656983302383
22.333991831000002,-223.26653915371128
22.33605992,-223.26653915371128
22.338003496000002,-223.277865642425
22.340062949,-223.29663142254245
22.341858668,-223.3062991503351
22.343910368000003,-223.31636900198737
22.345883081,-223.3259361988151
22.347963293000003,-223.33558717144695
22.350005437,-223.3458748401899
22.352032058000002,-223.3458748401899
22.353902202,-223.35688298084807
22.355790712,-223.35688298084807
22.357731275000003,-223.3767546015796
22.359749217,-223.39553713685783
22.36171201,-223.40515459916804
22.363752441000003,-223.41520769565955
22.365750542,-223.4249927095779
22.367816789000003,-223.43476096833544
22.369685791000002,-223.44476379934449
22.371677228000003,-223.45468285454947
22.373969955,-223.46475270620172
22.375839663,-223.46475270620172
22.377784585,-223.4759786639506
22.379750409,-223.4953308746967
22.381798651,-223.50504886797182
22.383817996,-223.51598998798667
22.385876160000002,-223.52547340901035
22.387733504,-223.53577783291408
22.38975434,-223.54564662263655
22.391711125,-223.55526408494674
22.39389479,-223.56533393659907
22.395857167000003,-223.56533393659907
22.397846523000002,-223.57624154629232
22.399794328000002,-223.59465546803258
22.401672188000003,-223.60408862357377
22.403688108,-223.61365582040148
22.405779272,-223.6233905688374
22.407915169000002,-223.63392956499266
22.409945002,-223.64346325149873
22.411833684,-223.65391847184992
22.414033237,-223.66365322028582
22.416035839000003,-223.66365322028582
22.417956712000002,-223.67452731965744
22.419799280000003,-223.69359469266962
22.421799510000003,-223.70317864465818
22.423851371,-223.71282961729003
22.425929504000003,-223.72320106183707
22.427865322000002,-223.73301958607706
22.429977597,-223.74243598645748
22.431977313,-223.75227126585827
22.434258066,-223.76242489331466
22.435885059,-223.76242489331466
22.437881053,-223.7734665442945
22.440108910000003,-223.79246689666337
22.442007552,-223.80205084865193
22.443801282000003,-223.81168506612295
22.4459941,-223.8219224693835
22.447922354000003,-223.83137238008547
22.449957395000002,-223.84124116980794
22.451902513,-223.85114346985208
22.453984067,-223.86111279053947
22.456087150000002,-223.86111279053947
22.457954553,-223.871718807338
22.459972143,-223.8914563867829
22.461874259000002,-223.90117438005802
22.463975115,-223.9111437007454
22.465862711,-223.92146487980997
22.467938269,-223.93165201758802
22.469852422000002,-223.94152080731052
22.471861344,-223.95212682410906
22.474008621000003,-223.96228045156545
22.476099334,-223.96228045156545
22.477924041,-223.9738247573698
22.479874682000002,-223.99388068487036
22.481912567000002,-224.00379974007524
22.483886312000003,-224.00379974007524
22.485760915,-224.0139701226925
22.487840795,-224.0332218024737
22.489926922000002,-224.04334191960848
22.492074509000002,-224.0529761370795
22.494180999,-224.06239253745983
22.496302614,-224.06239253745983
22.497870289,-224.0739200881034
22.499941023,-224.0922837443612
22.5022503,-224.10178392054564
22.503955906,-224.10178392054564
22.505893851,-224.1132109402243
22.507858831,-224.13175890325113
22.509783278,-224.14196279619
22.511971213000002,-224.15176456526913
22.514133951,-224.15176456526913
22.516050976000002,-224.16181766176064
22.517866978,-224.18207465119096
22.520031782,-224.19157482737546
22.52188023,-224.19157482737546
22.523990071,-224.20213057869148
22.525857629,-224.22101364493471
22.527909400000002,-224.23081541401388
22.529851494000003,-224.24051665212818
22.531861273,-224.25040219701148
22.533937882,-224.26065635543276
22.535978331000003,-224.26065635543276
22.537926451,-224.27137965835703
22.539982061,-224.29046378653007
22.541975144000002,-224.3004666175391
22.544092609,-224.31058673467388
22.545821485,-224.31058673467388
22.547851061000003,-224.321041955025
22.549789328000003,-224.33984124546407
22.551990403,-224.35036348645846
22.553737042,-224.36083546197045
22.555869658000002,-224.37149174425144
22.557757661,-224.37149174425144
22.559689785,-224.3823490884622
22.561705519,-224.40203640242473
22.563700096,-224.41205598859457
22.565704596,-224.4225279641065
22.56767599,-224.4318773438436
22.56968496,-224.4415450716363
22.57166975,-224.45156465780613
22.573993163,-224.46094754786483
22.576013707,-224.47145303369842
22.577922217,-224.47145303369842
22.579859201,-224.4817239472806
22.581808019,-224.5004394619156
22.583776409000002,-224.5004394619156
22.585737928,-224.5110622338749
22.587743864,-224.5305317307468
22.589823259000003,-224.5405848272383
22.591769436,-224.55122435435842
22.593818498,-224.56116016472413
22.595886041,-224.5722185708648
22.597867813,-224.5722185708648
22.599717973,-224.58312618055805
22.601690843,-224.60219355357023
22.603773569,-224.61201207781025
22.605850909,-224.62246729816144
22.607869110000003,-224.63190045370257
22.609841199,-224.64160169181687
22.612035788,-224.65133644025278
22.613936355,-224.65133644025278
22.615837193,-224.66261266348408
22.617763828,-224.66261266348408
22.619812986000003,-224.68032286846994
22.621870531000003,-224.70022799952307
22.623803526,-224.70997950311977
22.625807627,-224.7205520095967
22.627912676,-224.72980085836883
22.629855589,-224.73961938260888
22.631853592000002,-224.74962221361787
22.634172317,-224.75989312720006
22.635737038000002,-224.75989312720006
22.637782328,-224.77175578106002
22.639985389000003,-224.78939896540257
22.641790294,-224.79956934801976
22.643851229000003,-224.80915330000832
22.645784075,-224.81959176519868
22.647813961,-224.82889087945333
22.649838305000003,-224.83840781079854
22.651897152,-224.84809229375205
22.653727439,-224.8579610834745
22.655819802,-224.8579610834745
22.65772708,-224.86912002058008
22.659724714000003,-224.86912002058008
22.661734377000002,-224.88820414875306
22.663663184,-224.90767364562493
22.665805109,-224.9184304588708
22.667798485000002,-224.92811494182428
22.669667617,-224.93776591445607
22.671718328,-224.94734986644463
22.673729266000002,-224.95750349390107
22.675842015,-224.9685619000417
22.677711210000002,-224.9685619000417
22.679697693,-224.9783636691209
22.681674963000003,-224.99714620439912
22.683699060000002,-225.0067636667093
22.685699197,-225.01745345931195
22.687732055,-225.02631693938525
22.689679823000002,-225.03655434264581
22.69166658,-225.04613829463437
22.69392733,-225.0559065533919
22.69576971,-225.0559065533919
22.697747300000003,-225.06763516596533
22.699697374000003,-225.0861998841529
22.701717133000002,-225.09578383614146
22.703701869,-225.10600448424114
22.705671051000003,-225.1168283181303
22.707658576,-225.12518914337906
22.70969119,-225.13527575019222
22.711682454,-225.14512778475384
22.713915809000003,-225.15504683995877
22.715768229000002,-225.15504683995877
22.717709976000002,-225.1665576354415
22.719688121,-225.18515586395077
22.721792296,-225.19497438819084
22.723730684000003,-225.20561391531095
22.725658398,-225.2159518495364
22.727682614000003,-225.2243126747851
22.729683104000003,-225.23449981256314
22.731672629000002,-225.24426807132073
22.733787115000002,-225.2539860645958
22.735795475,-225.2539860645958
22.737700394,-225.26551361523943
22.739704415000002,-225.283894026658
22.741651601,-225.29374606121965
22.743681374,-225.30376564738953
22.745670617000002,-225.31484080869097
22.747679566000002,-225.32326865458302
22.749764625,-225.33332175107452
22.751730318,-225.34367644046074
22.753921116,-225.34367644046074
22.755847527,-225.3534614543791
22.757923741000003,-225.37376870929194
22.759990962,-225.38377154030093
22.761766051000002,-225.38377154030093
22.763855264,-225.39439431226026
22.765861078,-225.41460103620818
22.767714292,-225.42292835113525
22.769754555000002,-225.43273012021447
22.771821345000003,-225.4425151341329
22.7738894,-225.45273578223257
22.775819239,-225.45273578223257
22.777946231,-225.4641460467504
22.779785272,-225.48249294784733
22.781938202000003,-225.49194285854932
22.78392226,-225.501794893111
22.785977133000003,-225.51323866795045
22.787793840000003,-225.5221859238279
22.789778518000002,-225.531719610334
22.791899891,-225.54143760360907
22.794126889,-225.55167500686957
22.795836897,-225.55167500686957
22.79792952,-225.5633365987997
22.799845991,-225.58136515184108
22.801916608000003,-225.59118367608113
22.803804545000002,-225.60123677257266
22.805700156,-225.61252975096474
22.807829983,-225.62097435201756
22.80983548,-225.63074261077514
22.811660254000003,-225.640393583407
22.813984184000002,-225.65044667989844
22.815885304000002,-225.65044667989844
22.817811487,-225.6623093337584
22.820117483,-225.68053894872963
22.821739859,-225.68053894872963
22.823744348,-225.69181517196094
22.825908905000002,-225.71156950656666
22.827876659,-225.7201481489061
22.829692172,-225.72963156992972
22.831739061,-225.73955062513465
22.833854389000003,-225.7495199458221
22.835777525,-225.7495199458221
22.837804099000003,-225.76133233419955
22.839866386,-225.77971274561813
22.841763707000002,-225.77971274561813
22.843682267000002,-225.789916638557
22.845715052000003,-225.8108270792593
22.847703802,-225.81895333225663
22.849751763,-225.82872159101422
22.851813136,-225.8389925045963
22.853919776,-225.84840890497665
22.855867842000002,-225.84840890497665
22.857751581000002,-225.86028831399742
22.859847738000003,-225.87826660155636
22.861716243,-225.88778353290164
22.863746929,-225.8978701397148
22.865746177000002,-225.90971603841393
22.867750712000003,-225.91745692271235
22.869848310000002,-225.92761055016874
22.871784577,-225.93739556408715
22.874088061000002,-225.9471638228447
22.875893679,-225.9471638228447
22.877823291000002,-225.95924429379534
22.879785289,-225.9771890710326
22.88189015,-225.9870746159159
22.883791395000003,-225.99697691596
22.885894587000003,-226.0088563249808
22.888049738000003,-226.0169825779781
22.889800518,-226.02665030577072
22.891911151000002,-226.03646883001076
22.894082852,-226.0467564987537
22.896037719000002,-226.0467564987537
22.897922796000003,-226.05878670422186
22.899867397,-226.07661419533343
22.901867012,-226.0859635750705
22.903778142,-226.0959161405971
22.905821179,-226.10570115451546
22.907823241000003,-226.11551967875548
22.909882215,-226.1254387339604
22.912072907000002,-226.135206992718
22.913983649000002,-226.1455616821042
22.916301168,-226.1455616821042
22.917949283000002,-226.1577091736981
22.919849094,-226.17558693029216
22.9218999,-226.18517088228066
22.923915149000003,-226.1953915303804
22.925917029,-226.1953915303804
22.927896609,-226.20782385970818
22.929916259000002,-226.22576863694545
22.931945072,-226.23608981601
22.934011426,-226.24595860573254
22.936011381,-226.24595860573254
22.937804422000003,-226.25899412084982
22.939927452000003,-226.27636922261928
22.941879451000002,-226.28610397105518
22.943967525,-226.29587222981277
22.945982540000003,-226.29587222981277
22.947692957,-226.30773488367274
22.949763048,-226.3252775370504
22.951751909000002,-226.33519659225533
22.953922432000002,-226.34483080972635
22.955810025,-226.34483080972635
22.957813469,-226.3575814871097
22.959739533,-226.37509063016572
22.961777772,-226.3845572960285
22.963750830000002,-226.39440933059015
22.965888293000003,-226.40454620288574
22.967818628,-226.4150014232369
22.969744066,-226.42466915102952
22.971760098,-226.4346384717169
22.974065472000003,-226.44482560949496
22.975847765,-226.44482560949496
22.977788103,-226.45766006268244
22.979867546,-226.47498489896944
22.981848471000003,-226.4850379954609
22.983836813,-226.4944711510021
22.986104135,-226.5040048375082
22.987864544,-226.5040048375082
22.989755235,-226.5150967539705
22.991806637,-226.53366147215806
22.993842521,-226.54358052736302
22.995855244,-226.5533487861206
22.997722747,-226.5533487861206
22.999858774,-226.56425639581383
23.001817536,-226.5832399930219
23.003707803,-226.59277367952802
23.005727072000003,-226.60297757246687
23.007657031,-226.61267881058114
23.009790927,-226.62244706933873
23.011790336,-226.63258394163435
23.013795958000003,-226.64233544523105
23.015818469000003,-226.64233544523105
23.017797395000002,-226.6534106065325
23.019937476000003,-226.67289685856517
23.021694779,-226.67289685856517
23.023691851000002,-226.68338558923796
23.025750055000003,-226.70176600065653
23.027878532000003,-226.71208717972118
23.029766035,-226.72214027621266
23.031734259,-226.73143939046727
23.034696806000003,-226.74199514178335
23.037482601,-226.74199514178335
23.038385154,-226.7566559075001
23.039768849,-226.7566559075001
23.041770701,-226.7739137231438
23.043851022000002,-226.79148988684304
23.045745161000003,-226.80159324881703
23.047793938,-226.81154581434362
23.049726057,-226.82089519408066
23.051722407,-226.83069696315988
23.053960594000003,-226.84068303900807
23.056145764,-226.84068303900807
23.057906486,-226.85189224159612
23.060100033,-226.87100988009075
23.061914895,-226.87100988009075
23.063891609000002,-226.88128079367291
23.066097752,-226.90041518732832
23.068056785000003,-226.91073636639297
23.069900467,-226.92053813547216
23.071985576000003,-226.93042368035546
23.073875473,-226.9404265113645
23.075760725000002,-226.9404265113645
23.077809098000003,-226.95088173171564
23.079769288,-226.95088173171564
23.081757527,-226.97061931116056
23.083767455,-226.98923429483062
23.085786328,-226.99910308455313
23.08767366,-227.00892160879314
23.089695477000003,-227.01857258142496
23.091788198,-227.028759719203
23.093971196000002,-227.03887983633777
23.095813096,-227.03887983633777
23.097754883,-227.04972042538773
23.099654326000003,-227.06907263613388
23.101733062,-227.07850579167504
23.103680131,-227.0887096846139
23.105708795,-227.09869576046214
23.107672629000003,-227.10864832598867
23.109710546000002,-227.11836631926383
23.111681238000003,-227.12840266059447
23.113840842000002,-227.13812065386958
23.115880969000003,-227.13812065386958
23.117864745000002,-227.14949740806577
23.120091192,-227.16839722946978
23.121895127000002,-227.16839722946978
23.123827295,-227.17952265625368
23.125761213,-227.19786955735066
23.127835484000002,-227.20767132642982
23.129726071,-227.2174395851874
23.131760573,-227.22725810942745
23.133775271,-227.23757928849201
23.135983682000003,-227.23757928849201
23.137838737000003,-227.24816855012972
23.13983654,-227.2679228847355
23.141862444,-227.27826081896092
23.14382832,-227.28789503643193
23.145939633,-227.29789786744092
23.147907141,-227.30831957747043
23.149993519000002,-227.31812134654965
23.151856374,-227.32799013627212
23.153888854,-227.33738978149168
23.155873636000003,-227.33738978149168
23.15786007,-227.34797904312936
23.159981082,-227.36676157840765
23.161803688000003,-227.36676157840765
23.163887237,-227.37748488133187
23.165761032000002,-227.39690411272124
23.167650302000002,-227.40667237147883
23.169820084,-227.41628983378905
23.171764287000002,-227.42610835802904
23.173842578000002,-227.43597714775152
23.175947497000003,-227.43597714775152
23.177840535,-227.44735390194774
23.179709566000003,-227.46611968206517
23.181797596000003,-227.47610575791336
23.183902965,-227.4863096508522
23.185887197000003,-227.49574280639342
23.187835064,-227.50589643384987
23.189656899000003,-227.51556416164246
23.191766701000002,-227.52534917556085
23.19410089,-227.53558657882138
23.195788459000003,-227.53558657882138
23.197806156000002,-227.54692982269592
23.199819007000002,-227.56534374443615
23.201666583,-227.5750114722288
23.203789192000002,-227.58481324130804
23.205798527000002,-227.59515117553343
23.207737453,-227.60510374105996
23.209749278,-227.61470444820932
23.211853088,-227.62495860663066
23.214113587,-227.63439176217184
23.216099722000003,-227.63439176217184
23.217843898,-227.645584209599
23.220053757000002,-227.66438350003813
23.221843493,-227.67443659652957
23.223983267,-227.68430538625205
23.225964926000003,-227.69429146210027
23.227968775,-227.70404296569706
23.229768250000003,-227.71392851058033
23.231909092000002,-227.72356272805135
23.234140807000003,-227.73323045584397
23.236012385000002,-227.73323045584397
23.237809912000003,-227.74450667907527
23.239851045,-227.76357405208745
23.241684401,-227.7733255556842
23.243707234000002,-227.78304354895928
23.245861207,-227.79311340061162
23.247746078000002,-227.8029486800125
23.249745471,-227.81328661423788
23.251904862,-227.82305487299547
23.254258290000003,-227.83297392820035
23.256311857,-227.83297392820035
23.257841184,-227.84391504821528
23.259879491000003,-227.86293215574503
23.26193148,-227.87244908709025
23.263820301000003,-227.88272000067238
23.26590429,-227.89223693201765
23.267790718,-227.90225651818756
23.269948801,-227.91212530791
23.271813012000003,-227.9223459560097
23.273944198000002,-227.93167858058598
23.275976936000003,-227.93167858058598
23.277962957,-227.94265321092246
23.279907483000002,-227.9620221768294
23.281967918000003,-227.97199149751683
23.283838965,-227.98130736693227
23.285831757,-227.99085780859917
23.287847541,-228.00109521185968
23.289830323,-228.01108128770787
23.29197844,-228.02093332226954
23.294053057000003,-228.0309026429569
23.295863071000003,-228.0309026429569
23.297933161000003,-228.04194429393675
23.299927617,-228.0608106050191
23.301706890000002,-228.07066263958077
23.303870444,-228.0800455296395
23.305925221000003,-228.0800455296395
23.307921924000002,-228.09003160548767
23.309734026,-228.11028859491805
23.311803473,-228.1198725469066
23.314042542000003,-228.12974133662908
23.315768709,-228.12974133662908
23.317841467,-228.14083325309133
23.319774996000003,-228.15964929869122
23.32188765,-228.16916623003652
23.323961425,-228.1793701229754
23.325920475,-228.1793701229754
23.327874347,-228.18992587429142
23.330206670000003,-228.20892622666034
23.331741675,-228.20892622666034
23.333871646000002,-228.21978357087116
23.335889287,-228.21978357087116
23.337798751,-228.23863312679268
23.339943686,-228.2585885233283
23.341871875000002,-228.26825625112093
23.343864926000002,-228.2782758372908
23.345887100000002,-228.2782758372908
23.347760968000003,-228.2880943615308
23.349859851,-228.30778167549332
23.35188849,-228.31813636487954
23.353886133000003,-228.328005154602
23.355786394000003,-228.328005154602
23.357823039000003,-228.33933164331572
23.35992551,-228.35819795439812
23.362015308,-228.36776515122585
23.363946116,-228.37783500287816
23.366018817,-228.38758650647492
23.367961676,-228.38758650647492
23.369888321,-228.39874544358042
23.371927728000003,-228.4173436720897
23.37405521,-228.42712868600807
23.375959032,-228.42712868600807
23.377848008,-228.43786874409318
23.379932875,-228.45717068935681
23.381877695,-228.45717068935681
23.383900909,-228.46690543779272
23.385816037,-228.48659275175524
23.387959653000003,-228.49699770662392
23.38977712,-228.50720159956276
23.391878362,-228.51676879639055
23.393888602,-228.51676879639055
23.395972013,-228.52760938544048
23.397845523,-228.52760938544048
23.399820819000002,-228.54795015067495
23.401994404,-228.56728560626024
23.403805759,-228.56728560626024
23.405716698000003,-228.5783105020792
23.407700461,-228.59694224091012
23.409677374,-228.60681103063257
23.411699159,-228.6165290239077
23.413816468,-228.62664914104246
23.415920668000002,-228.62664914104246
23.417745932000003,-228.63759026105737
23.41990136,-228.65665763406955
23.421798316,-228.65665763406955
23.423756156000003,-228.66706258893825
23.425985407000002,-228.68581161389486
23.427748934,-228.69655167197993
23.429737393,-228.70628642041584
23.432082838000003,-228.71597090336934
23.433786031,-228.71597090336934
23.435890931000003,-228.7273811678872
23.437763857,-228.7273811678872
23.439816611,-228.74740358506605
23.441991368,-228.74740358506605
23.443963391,-228.7668060612946
23.445828433000003,-228.7668060612946
23.447868715000002,-228.78669443718695
23.449748414000002,-228.806515792436
23.451840429,-228.8160494789421
23.453929012,-228.8160494789421
23.455863805,-228.82678953702714
23.457765595,-228.84667791291952
23.459825682,-228.85659696812445
23.461766884000003,-228.86711920911884
23.463998364000002,-228.8769377333589
23.465753341000003,-228.8769377333589
23.467753399000003,-228.8884485288416
23.469824117,-228.9071975537982
23.471776854,-228.9071975537982
23.473920049,-228.9174684673804
23.475905759,-228.9174684673804
23.477886498,-228.93846268388677
23.479844019,-228.9573960156124
23.481811926000002,-228.9671977846916
23.483700046000003,-228.97760273956027
23.485802016,-228.98742126380031
23.487762711000002,-228.99750787061342
23.489769284,-229.00749394646166
23.491687458,-229.01709465361103
23.493821598,-229.0267456262428
23.495890961,-229.0267456262428
23.497743193,-229.03765323593615
23.499734747,-229.05660332282255
23.501718878000002,-229.0663380712585
23.503764839000002,-229.0760057990511
23.505733656,-229.08564001652212
23.507811257,-229.09569311301365
23.509755864000002,-229.10556190273613
23.511856806,-229.11519612020712
23.513895396000002,-229.1255340544325
23.516131665000003,-229.1255340544325
23.517741769,-229.13654219509073
23.519703378000003,-229.15550903713796
23.521888948,-229.16502596848326
23.523708744,-229.16502596848326
23.525724398,-229.17590006785485
23.527781992,-229.1949171753846
23.529692702000002,-229.2048362305895
23.531685422000002,-229.21438667225644
23.533932579000002,-229.22443976874797
23.535739372000002,-229.22443976874797
23.537836394000003,-229.2354311542453
23.539909994000002,-229.25428071016682
23.541778522,-229.26396519312027
23.543790427,-229.27383398284277
23.545798400000002,-229.2837362828869
23.547853013,-229.29350454164444
23.549752584,-229.30313875911546
23.551768176000003,-229.31324212108944
23.553991086,-229.32297686952532
23.555874341000003,-229.32297686952532
23.557856985,-229.3341693169525
23.559888385,-229.35298536255243
23.561796854,-229.36265309034505
23.563924437,-229.37270618683655
23.566079815000002,-229.3823739146292
23.567888663,-229.3923599904774
23.569928751000003,-229.40271467986364
23.57187188,-229.41256671442534
23.574139432000003,-229.42258630059516
23.575920678000003,-229.42258630059516
23.577880224,-229.4335441757709
23.579884617,-229.45192458718947
23.581846551,-229.4618436423944
23.583899481000003,-229.4714108392222
23.585865893,-229.48112883249726
23.587848665000003,-229.49099762221974
23.589847006000003,-229.50076588097727
23.591909967000003,-229.51102003939863
23.593933567,-229.52050346042222
23.595982952,-229.53134404947224
23.597834876,-229.53134404947224
23.599763843,-229.54174900434091
23.601838476,-229.5605147844584
23.603730927,-229.57038357418085
23.605781512,-229.58065448776296
23.607787948000002,-229.59017141910823
23.609898855,-229.59980563657928
23.611676073,-229.60985873307075
23.613889631000003,-229.6194426850593
23.615843882,-229.6194426850593
23.617842206000002,-229.63038380507422
23.619776884,-229.6497360158203
23.621673732,-229.65901837491413
23.623705071,-229.6689709404407
23.625695200000003,-229.67880621984153
23.627680899,-229.68837341666926
23.629706864000003,-229.6985773096081
23.631704946000003,-229.70846285449144
23.633792385000003,-229.71856621646535
23.635917663,-229.71856621646535
23.637877568,-229.72915547810308
23.639796517,-229.74818934079363
23.64176965,-229.7579073340687
23.643799967000003,-229.7680274512035
23.645841833000002,-229.77787948576514
23.647791774,-229.78803311322153
23.649950587000003,-229.797901902944
23.651771126,-229.80772042718402
23.653943329,-229.81727086885093
23.655861876000003,-229.81727086885093
23.657834410000003,-229.8280947027401
23.660042811,-229.83062473202378
23.661845251000003,-229.83062473202378
23.663853782,-229.82745800662897
23.665683547,-229.83181434844198
23.667981215,-229.83151275554718
23.669704358,-229.83164679683375
23.671755787000002,-229.832735882287
23.674231357,-229.8334563542022
23.675817216000002,-229.8334563542022
23.677841326000003,-229.8338417229011
23.679798574000003,-229.83496431867596
23.681876411,-229.835701545752
23.683904715,-229.8363717521848
23.685770824000002,-229.8363717521848
23.687785185000003,-229.83705871377833
23.690054575,-229.83782945117605
23.691759428,-229.83782945117605
23.693920024,-229.83801375794502
23.695839954,-229.83801375794502
23.697963259,-229.83839912664388
23.700124577,-229.83866720921702
23.701837167,-229.83866720921702
23.703864392,-229.83871747469945
23.705808586,-229.83888502630765
23.707743996,-229.8389855572726
23.709702033000003,-229.83905257791582
23.711736501,-229.8391531088807
23.714039796,-229.83923688468485
23.716030594000003,-229.83923688468485
23.717765074000003,-229.83925363984568
23.719764995000002,-229.83938768113222
23.721898027,-229.83938768113222
23.723848976000003,-229.83938768113222
23.725791409000003,-229.8394714569363
23.727769441000003,-229.8394714569363
23.72996214,-229.8394714569363
23.731806751,-229.8394714569363
23.733850472,-229.8394714569363
23.735969723,-229.8394714569363
23.737789795,-229.8394714569363
23.740003935,-229.83948821209714
23.74187295,-229.83948821209714
23.743776133,-229.8394714569363
23.745785202,-229.83942119145385
23.747787228,-229.8394714569363
23.749819124000002,-229.8395217224188
23.751851143000003,-229.83958874306208
23.753862886,-229.83968927402697
23.755914126,-229.83968927402697
23.757754287,-229.83972278434865
23.759708105,-229.84005788756497
23.761745273000002,-229.84022543917314
23.763766165,-229.84039299078137
23.765799699000002,-229.84071133883694
23.767949435000002,-229.8410464420533
23.769895016000003,-229.84141505559128
23.771873841,-229.8418004242902
23.77390574,-229.84211877234574
23.776110135000003,-229.84211877234574
23.777855588,-229.84230307911474
23.779927776,-229.8424371204013
23.781800063000002,-229.84250414104457
23.783992104000003,-229.84248738588374
23.785837778,-229.8424371204013
23.787837436,-229.8424371204013
23.789809904000002,-229.84238685491886
23.792062168,-229.84238685491886
23.793930584,-229.84230307911474
23.795897915,-229.84230307911474
23.798188441,-229.84228632395397
23.799865708000002,-229.84225281363229
23.801866634000003,-229.84230307911474
23.803917719,-229.84225281363229
23.805822409,-229.8423533445972
23.807814790000002,-229.84238685491886
23.809837089000002,-229.8423533445972
23.812110352,-229.84240361007969
23.814048424000003,-229.8424371204013
23.815996153,-229.8424371204013
23.817976881,-229.8424538755621
23.819861195,-229.8424538755621
23.821895576000003,-229.8424538755621
23.823930242000003,-229.8424371204013
23.825863543,-229.84240361007969
23.827882757,-229.8424371204013
23.829871552,-229.8424371204013
23.831843481,-229.8424538755621
23.833946338,-229.84248738588374
23.836085484,-229.84248738588374
23.837986195000003,-229.84248738588374
23.839866439,-229.84248738588374
23.841942000000003,-229.8424371204013
23.843893062000003,-229.84248738588374
23.845846357000003,-229.84248738588374
23.847934004000003,-229.84248738588374
23.849781414000002,-229.84248738588374
23.851891766,-229.8424538755621
23.854040060000003,-229.84248738588374
23.856102380000003,-229.84248738588374
23.857834425,-229.8424538755621
23.859846285,-229.8424538755621
23.861948928,-229.8425376513662
23.863920041,-229.84248738588374
23.865844777000003,-229.84248738588374
23.867823329,-229.84248738588374
23.870000029,-229.84248738588374
23.871930174000003,-229.84248738588374
23.873758868000003,-229.84248738588374
23.876069982,-229.8424538755621
23.877854124000002,-229.8424538755621
23.879822401000002,-229.84248738588374
23.881969846,-229.84248738588374
23.883837623,-229.84250414104457
23.885785785000003,-229.8424538755621
23.887943488,-229.8424538755621
23.889928486000002,-229.84248738588374
23.891946648,-229.8424538755621
23.893827354000003,-229.8424538755621
23.895984992000002,-229.8424538755621
23.897786884000002,-229.8424371204013
23.899744480000003,-229.8424371204013
23.902075133,-229.8424538755621
23.903909341000002,-229.84248738588374
23.906051616000003,-229.8424538755621
23.907826576,-229.8424538755621
23.910015872000002,-229.8424538755621
23.911786597000003,-229.8424371204013
23.914069119,-229.8424538755621
23.916091251,-229.8424538755621
23.917847964,-229.8424538755621
23.919942109,-229.84238685491886
23.921865648,-229.8423365894364
23.923948136,-229.84230307911474
23.925931663,-229.84225281363229
23.92790911,-229.84220254814983
23.929837166000002,-229.84221930331063
23.931884628000002,-229.84216903782817
23.934231416000003,-229.84216903782817
23.935875509000002,-229.84216903782817
23.937979482000003,-229.84206850686328
23.939844188000002,-229.84206850686328
23.942162905,-229.84205175170246
23.943839929000003,-229.84205175170246
23.945846668,-229.84205175170246
23.947842979,-229.84201824138083
23.94987701,-229.84206850686328
23.951899377,-229.84205175170246
23.953979186,-229.84201824138083
23.955959645,-229.84201824138083
23.957766568,-229.84205175170246
23.959739798,-229.84201824138083
23.961732145000003,-229.84196797589837
23.963698147000002,-229.84200148622
23.965694925,-229.84196797589837
23.967873198000003,-229.84200148622
23.969741618,-229.84196797589837
23.971753593000003,-229.84196797589837
23.973904383,-229.84196797589837
23.975950077,-229.84196797589837
23.977859681,-229.84196797589837
23.979926258000003,-229.84196797589837
23.981919848,-229.84196797589837
23.983822188,-229.84195122073754
23.985904631,-229.84200148622
23.987810392,-229.84200148622
23.989934231000003,-229.84196797589837
23.991794718,-229.84196797589837
23.993869403,-229.84195122073754
23.995746905,-229.84195122073754
23.997777727000003,-229.84195122073754
23.99979919,-229.84191771041588
24.001942097,-229.84190095525508
24.003903267000002,-229.84195122073754
24.005960503,-229.84190095525508
24.007823215000002,-229.84195122073754
24.009981267,-229.84195122073754
24.011774329,-229.84195122073754
24.013949175,-229.84190095525508
24.015775388,-229.84190095525508
24.017834324000003,-229.84186744493343
24.019799737000003,-229.84195122073754
24.021738519000003,-229.84196797589837
24.023823304,-229.84200148622
24.025847392000003,-229.84205175170246
24.027830360000003,-229.84206850686328
24.029874657,-229.84216903782817
24.031858711,-229.84216903782817
24.03401622,-229.84216903782817
24.035836588000002,-229.84225281363229
24.037861135,-229.84225281363229
24.039944958000003,-229.84221930331063
24.042010625000003,-229.84216903782817
24.043869314000002,-229.84221930331063
24.045756452000003,-229.84220254814983
24.047807664,-229.84216903782817
24.049893614000002,-229.84206850686328
24.051750279,-229.84206850686328
24.053833115,-229.84196797589837
24.055846008000003,-229.84196797589837
24.057794787000002,-229.84196797589837
24.059790657,-229.84206850686328
24.061757078000003,-229.84200148622
24.063751469000003,-229.84201824138083
24.065858152,-229.84195122073754
24.067841549,-229.84201824138083
24.069792677000002,-229.84205175170246
24.071790110000002,-229.84201824138083
24.074131104000003,-229.84201824138083
24.076070017000003,-229.84201824138083
24.077863258,-229.84196797589837
24.079929714000002,-229.84190095525508
24.081890507,-229.84195122073754
24.083870198000003,-229.84190095525508
24.085898919,-229.84195122073754
24.087810465,-229.84191771041588
24.089827396,-229.84190095525508
24.091851627,-229.84191771041588
24.093988860000003,-229.84195122073754
24.09600146,-229.84195122073754
24.097782013,-229.84191771041588
24.099863402,-229.84191771041588
24.101818609000002,-229.84191771041588
24.103846786000002,-229.84191771041588
24.105805328000002,-229.84190095525508
24.107772016000002,-229.84186744493343
24.109812754,-229.8418506897726
24.11174772,-229.84181717945103
24.113826738,-229.84186744493343
24.116149916,-229.84186744493343
24.117915355,-229.84190095525508
24.119892356,-229.84186744493343
24.121866979,-229.84186744493343
24.123852035000002,-229.84186744493343
24.125779482000002,-229.8418506897726
24.127840177000003,-229.84186744493343
24.129839825,-229.8418506897726
24.131717721,-229.84190095525508
24.134103819,-229.84190095525508
24.13577752,-229.84191771041588
24.137681389,-229.84191771041588
24.140079386,-229.84181717945103
24.141832786000002,-229.84181717945103
24.14378495,-229.8418506897726
24.145768909,-229.84186744493343
24.14774969,-229.84186744493343
24.149755855000002,-229.84190095525508
24.151725703,-229.84186744493343
24.154025245000003,-229.84191771041588
24.155869770000002,-229.84191771041588
24.157966555,-229.84186744493343
24.159935923000003,-229.84186744493343
24.161823105,-229.84181717945103
24.163783903000002,-229.84186744493343
24.165740608,-229.84186744493343
24.167766555,-229.84190095525508
24.169820008000002,-229.84186744493343
24.171754632000003,-229.8418506897726
24.173988351000002,-229.84186744493343
24.17580993,-229.84186744493343
24.177816862,-229.84186744493343
24.179767052000003,-229.84186744493343
24.181817554000002,-229.84186744493343
24.183730152000003,-229.8418506897726
24.185711506,-229.84181717945103
24.187822825,-229.8418506897726
24.189747227,-229.8418506897726
24.191733644000003,-229.84186744493343
24.193875314000003,-229.84190095525508
24.195910269000002,-229.84190095525508
24.197780523000002,-229.84195122073754
24.199812700000003,-229.84191771041588
24.2017323,-229.84190095525508
24.203810003,-229.8418506897726
24.205722984,-229.8418506897726
24.207772142000003,-229.8418506897726
24.209825463,-229.84186744493343
24.211799032000002,-229.84186744493343
24.213909485000002,-229.84190095525508
24.216064874,-229.84190095525508
24.217780245,-229.84190095525508
24.219766564,-229.84186744493343
24.221826201000002,-229.84186744493343
24.223699026000002,-229.84190095525508
24.225795936,-229.84186744493343
24.227827759,-229.84181717945103
24.229851329000002,-229.8418506897726
24.231867499,-229.84181717945103
24.233860573,-229.84186744493343
24.235949247,-229.84186744493343
24.237742117,-229.84186744493343
24.239781493000002,-229.84186744493343
24.241725386000002,-229.84191771041588
24.243688408,-229.84190095525508
24.245964285000003,-229.84181717945103
24.247713524,-229.84181717945103
24.249737723000003,-229.84186744493343
24.251701739,-229.84186744493343
24.253819867,-229.84186744493343
24.255932204,-229.84186744493343
24.257808185000002,-229.84190095525508
24.259933105,-229.84195122073754
24.261729485,-229.84195122073754
24.263717703,-229.84191771041588
24.265707216000003,-229.84190095525508
24.267852921000003,-229.84195122073754
24.269734338000003,-229.84191771041588
24.271678292,-229.84186744493343
24.273920791000002,-229.84186744493343
24.275966544000003,-229.84186744493343
24.277942369,-229.84191771041588
24.279831446000003,-229.84190095525508
24.281745497000003,-229.84190095525508
24.283876078000002,-229.84186744493343
24.28571707,-229.84191771041588
24.287727984,-229.84191771041588
24.289797639000003,-229.84191771041588
24.291722989,-229.8418506897726
24.293911740000002,-229.84186744493343
24.295954602000002,-229.84186744493343
24.297793470000002,-229.8418506897726
24.299798908000003,-229.84181717945103
24.301882433000003,-229.8418506897726
24.303742107,-229.84186744493343
24.305764547000003,-229.84191771041588
24.307703409000002,-229.84195122073754
24.309830917000003,-229.84186744493343
24.311758450000003,-229.84181717945103
24.313835906,-229.84176691396854
24.316090533,-229.84176691396854
24.317837421,-229.8418506897726
24.319872167,-229.8418506897726
24.321899315000003,-229.84186744493343
24.32384034,-229.8418506897726
24.325856704000003,-229.84191771041588
24.327772648,-229.84181717945103
24.329844231000003,-229.8418506897726
24.331736764000002,-229.84181717945103
24.333840575,-229.84181717945103
24.335858841,-229.84181717945103
24.33781941,-229.84171664848608
24.33984946,-229.8418506897726
24.341994412000002,-229.8418506897726
24.343742175000003,-229.8418506897726
24.345824362000002,-229.84190095525508
24.347727512000002,-229.84181717945103
24.349829516,-229.84181717945103
24.351839585,-229.8418506897726
24.353897598000003,-229.84181717945103
24.35585967,-229.84181717945103
24.357826306,-229.84181717945103
24.359821909,-229.84186744493343
24.361958679,-229.84186744493343
24.363912033000002,-229.84181717945103
24.365731261,-229.84176691396854
24.367801872,-229.84176691396854
24.369873749,-229.84181717945103
24.371771401,-229.8418506897726
24.374003024,-229.84181717945103
24.375789320000003,-229.84181717945103
24.377734649,-229.8418506897726
24.379701597,-229.8418506897726
24.38193674,-229.84186744493343
24.383702488,-229.84186744493343
24.385716094000003,-229.8418506897726
24.387696439000003,-229.84181717945103
24.389695001,-229.84181717945103
24.391695347000002,-229.84181717945103
24.394069046000002,-229.84181717945103
24.395874712,-229.84181717945103
24.397885387000002,-229.84176691396854
24.399872463,-229.84176691396854
24.401840028000002,-229.84176691396854
24.403700405000002,-229.84171664848608
24.405740733000002,-229.8417334036469
24.407726996,-229.84171664848608
24.409883224,-229.84176691396854
24.411664678,-229.84176691396854
24.41384631,-229.8418506897726
24.41589617,-229.8418506897726
24.417764765,-229.8418506897726
24.419852210000002,-229.8418004242902
24.421760032,-229.8418004242902
24.423722,-229.84171664848608
24.425710375,-229.84176691396854
24.427701676,-229.84176691396854
24.429691753,-229.84186744493343
24.431668838,-229.84181717945103
24.433969888,-229.8418004242902
24.435788122,-229.8418004242902
24.437743734,-229.84181717945103
24.439780376,-229.84181717945103
24.441778295000002,-229.84181717945103
24.443817551000002,-229.8417334036469
24.445790723,-229.84176691396854
24.447839772000002,-229.8417334036469
24.449784977,-229.8418004242902
24.451657688,-229.8418004242902
24.453835751000003,-229.84176691396854
24.455840542,-229.84176691396854
24.457753332000003,-229.8418506897726
24.459688893000003,-229.84181717945103
24.461823220000003,-229.84190095525508
24.463777938,-229.8418506897726
24.465736794,-229.84186744493343
24.467746971,-229.8418506897726
24.469871082,-229.84186744493343
24.471746779,-229.8418506897726
24.473832727,-229.84181717945103
24.475834247,-229.84181717945103
24.477835205,-229.84186744493343
24.480035689,-229.84186744493343
24.481807874,-229.84181717945103
24.483777840000002,-229.8418506897726
24.485875091,-229.84181717945103
24.487758164000002,-229.84186744493343
24.489743756000003,-229.84190095525508
24.491676995000002,-229.84181717945103
24.493944546,-229.84186744493343
24.495933308,-229.84186744493343
24.497793896,-229.84186744493343
24.499791406,-229.8418506897726
24.501780945,-229.84186744493343
24.503860754,-229.84186744493343
24.505973856,-229.8418506897726
24.507792350000003,-229.8418506897726
24.509753031000002,-229.84190095525508
24.511772125,-229.84186744493343
24.513901789000002,-229.8418506897726
24.515945136000003,-229.8418506897726
24.517784179000003,-229.84181717945103
24.519803769000003,-229.84181717945103
24.521986859000002,-229.84186744493343
24.523822265000003,-229.84181717945103
24.525735662000002,-229.84181717945103
24.527751700000003,-229.84181717945103
24.529723693,-229.84181717945103
24.531699527,-229.8418004242902
24.533903922,-229.84186744493343
24.535893961000003,-229.84186744493343
24.537777434000002,-229.84181717945103
24.539745819,-229.84181717945103
24.541755027,-229.84186744493343
24.544041078000003,-229.8418506897726
24.545913156,-229.84181717945103
24.547991264,-229.84181717945103
24.549866521000002,-229.84181717945103
24.551754027,-229.84181717945103
24.55390634,-229.84181717945103
24.555920316,-229.8418506897726
24.557887607,-229.8418506897726
24.559834918,-229.8418506897726
24.561762398000003,-229.8418004242902
24.563829286,-229.8418004242902
24.565747687,-229.8418506897726
24.567712383,-229.84181717945103
24.569725497,-229.84181717945103
24.571727308,-229.84181717945103
24.573839346000003,-229.84176691396854
24.575859101000002,-229.84176691396854
24.577761589,-229.8418506897726
24.579723141000002,-229.8418506897726
24.581683228000003,-229.84181717945103
24.583683308,-229.8418506897726
24.585686628,-229.8418506897726
24.587720874000002,-229.84181717945103
24.589714516,-229.84186744493343
24.591865318,-229.84181717945103
24.593957913,-229.8418506897726
24.595944215000003,-229.8418506897726
24.597824611,-229.84186744493343
24.599737626000003,-229.84186744493343
24.601814369000003,-229.84190095525508
24.603797992,-229.84186744493343
24.605771393,-229.84186744493343
24.608029836,-229.8418506897726
24.609796706,-229.8418506897726
24.611715481,-229.8418506897726
24.613967547,-229.8418506897726
24.615834215000003,-229.8418506897726
24.617844666,-229.84181717945103
24.619829496,-229.84181717945103
24.621905165,-229.84181717945103
24.623825845000002,-229.84190095525508
24.625820425,-229.84195122073754
24.627891695000002,-229.84196797589837
24.629898697,-229.84196797589837
24.631852776000002,-229.84191771041588
24.633794642,-229.84186744493343
24.635842265,-229.84186744493343
24.637811067,-229.84181717945103
24.639758769,-229.84181717945103
24.641867139000002,-229.84190095525508
24.643743113000003,-229.84190095525508
24.645728022,-229.84190095525508
24.647815099000002,-229.8418506897726
24.649815649,-229.84181717945103
24.65175499,-229.8418506897726
24.653918995,-229.84186744493343
24.655835428000003,-229.84186744493343
24.657810043,-229.84190095525508
24.660007341,-229.84191771041588
24.661802993000002,-229.84190095525508
24.663756486,-229.84190095525508
24.665993175,-229.84186744493343
24.667830749,-229.8418506897726
24.669866068,-229.8418506897726
24.671921373,-229.84186744493343
24.674144684,-229.84186744493343
24.675981847000003,-229.84186744493343
24.677866924,-229.84186744493343
24.680078843,-229.84181717945103
24.681736986,-229.84181717945103
24.683796595,-229.8418004242902
24.685766593,-229.84181717945103
24.687775433000002,-229.84176691396854
24.689807682,-229.84186744493343
24.691825583,-229.84186744493343
24.693884639,-229.84186744493343
24.695902681000003,-229.84186744493343
24.697774763,-229.84181717945103
24.699834704,-229.84181717945103
24.701825237,-229.84181717945103
24.703796877000002,-229.84186744493343
24.705769757000002,-229.8418506897726
24.707802198000003,-229.84186744493343
24.709676335,-229.84181717945103
24.711845074000003,-229.84181717945103
24.713863109000002,-229.84181717945103
24.715808746,-229.84181717945103
24.717730832,-229.8418506897726
24.719741798,-229.8418506897726
24.721748793000003,-229.84186744493343
24.723690655000002,-229.84181717945103
24.725745882000002,-229.84181717945103
24.727694641000003,-229.84190095525508
24.729713671000003,-229.84186744493343
24.731684892,-229.84191771041588
24.733900589,-229.8418506897726
24.735853838,-229.8418506897726
24.737791748000003,-229.84181717945103
24.739803573000003,-229.84186744493343
24.741688077000003,-229.84186744493343
24.743727272,-229.84186744493343
24.745694886000003,-229.84181717945103
24.747677696,-229.8418506897726
24.749700319000002,-229.84171664848608
24.751693287000002,-229.84181717945103
24.753826219,-229.84186744493343
24.755794595,-229.84186744493343
24.757764418,-229.84186744493343
24.759742929,-229.84186744493343
24.761711184000003,-229.8418506897726
24.763692063,-229.84186744493343
24.765719747000002,-229.84176691396854
24.767700502,-229.84186744493343
24.769701062000003,-229.84181717945103
24.771897598000002,-229.84181717945103
24.773728114,-229.84181717945103
24.775865097,-229.84176691396854
24.777732408000002,-229.84176691396854
24.779704526000003,-229.8418506897726
24.781719928,-229.84186744493343
24.783695062000003,-229.84190095525508
24.785728287,-229.84186744493343
24.787719888,-229.8418506897726
24.789698612000002,-229.84186744493343
24.791710045000002,-229.84181717945103
24.793781185,-229.84186744493343
24.795911213,-229.84186744493343
24.797739142,-229.84186744493343
24.79978811,-229.84186744493343
24.801732122,-229.84186744493343
24.803806313000003,-229.84186744493343
24.805668215,-229.8418506897726
24.807725238000003,-229.84186744493343
24.809703734000003,-229.84186744493343
24.811716805000003,-229.84186744493343
24.813948512000003,-229.8418506897726
24.815750780000002,-229.8418506897726
24.817746236,-229.84186744493343
24.819808859000002,-229.84190095525508
24.821794155000003,-229.84190095525508
24.823716475,-229.84190095525508
24.825772207,-229.84195122073754
24.827863192000002,-229.84195122073754
24.829704210000003,-229.84186744493343
24.8316589,-229.84190095525508
24.833790291000003,-229.84186744493343
24.835835186,-229.84186744493343
24.837762002,-229.84186744493343
24.839806126000003,-229.84181717945103
24.841745432000003,-229.84181717945103
24.843706099000002,-229.8418506897726
24.845685195,-229.84181717945103
24.847723747,-229.84181717945103
24.849688637,-229.84181717945103
24.851807247,-229.84181717945103
24.853736050000002,-229.84181717945103
24.855850024000002,-229.84186744493343
24.85776707,-229.84186744493343
24.859761208000002,-229.8418506897726
24.861740438,-229.84181717945103
24.863840626000002,-229.84181717945103
24.865793502000002,-229.84181717945103
24.867855859000002,-229.8418506897726
24.869771008,-229.84181717945103
24.871832243,-229.84181717945103
24.873911633000002,-229.84181717945103
24.876015561000003,-229.84181717945103
24.877870087,-229.84181717945103
24.879848043000003,-229.8418506897726
24.881922805000002,-229.8418506897726
24.883997099000002,-229.8418506897726
24.885803684000003,-229.84191771041588
24.887921225000003,-229.8418506897726
24.890125396000002,-229.8418506897726
24.892160200000003,-229.8418506897726
24.893927372,-229.84181717945103
24.896206097,-229.84181717945103
24.897758875,-229.8417334036469
24.899856927000002,-229.84176691396854
24.901943014,-229.8418506897726
24.903846310000002,-229.8418506897726
24.905848244,-229.84181717945103
24.907805951,-229.84176691396854
24.909814513,-229.84176691396854
24.911751968,-229.84181717945103
24.913827266000002,-229.84181717945103
24.915946033,-229.84181717945103
24.917811522,-229.84181717945103
24.919855642,-229.84186744493343
24.921874054,-229.84181717945103
24.923929022000003,-229.84181717945103
24.925860111000002,-229.8418506897726
24.927826445,-229.84181717945103
24.929851673,-229.84181717945103
24.931924496,-229.84181717945103
24.933728191,-229.84181717945103
24.935975673,-229.84181717945103
24.937742483,-229.84181717945103
24.940046783000003,-229.84176691396854
24.94192096,-229.84181717945103
24.943973339000003,-229.8418506897726
24.945732686000003,-229.84181717945103
24.947875867,-229.84181717945103
24.949690431,-229.84181717945103
24.951725187,-229.84181717945103
24.953767318,-229.84181717945103
24.955891469,-229.8418506897726
24.957808044,-229.8418506897726
24.959773486000003,-229.84176691396854
24.961759413000003,-229.84176691396854
24.963780787,-229.84176691396854
24.965736145,-229.84171664848608
24.967778162000002,-229.84181717945103
24.969707189,-229.8418506897726
24.97200945,-229.8418004242902
24.973772297,-229.8418004242902
24.975994117000003,-229.8418004242902
24.977869932,-229.8418004242902
24.980093921,-229.84181717945103
24.981864684,-229.84181717945103
24.983891934000003,-229.8418004242902
24.985989707,-229.84181717945103
24.987910067,-229.8418004242902
24.989864282000003,-229.8418506897726
24.991909807000003,-229.84181717945103
24.994209549,-229.84176691396854
24.995839053,-229.84176691396854
24.997973447000003,-229.84181717945103
24.999774782000003,-229.84181717945103
25.001769099,-229.8418506897726
25.003934216,-229.84181717945103
25.005739591,-229.84181717945103
25.007737336,-229.84181717945103
25.009757841000003,-229.84176691396854
25.011754138,-229.84171664848608
25.013991401000002,-229.8418004242902
25.015987503,-229.8418004242902
25.01786217,-229.84186744493343
25.019778198,-229.84196797589837
25.021904444,-229.8418506897726
25.023847475,-229.84186744493343
25.025825788000002,-229.84186744493343
25.027870436,-229.84181717945103
25.029770156,-229.84186744493343
25.031855432,-229.84190095525508
25.03408157,-229.84190095525508
25.035941519,-229.8418506897726
25.037868025,-229.8418506897726
25.039798629,-229.84186744493343
25.042100034,-229.84191771041588
25.044024715000003,-229.84186744493343
25.046112154000003,-229.84186744493343
25.047910085,-229.84186744493343
25.050078222000003,-229.8418506897726
25.051927227,-229.8418506897726
25.053916321000003,-229.84181717945103
25.055871237,-229.84181717945103
25.057838376000003,-229.8418004242902
25.059861811,-229.84186744493343
25.061807414,-229.84190095525508
25.06385956,-229.84186744493343
25.065732483,-229.84181717945103
25.067793792,-229.84186744493343
25.069785744,-229.8418004242902
25.071749798000003,-229.84176691396854
25.073767937000003,-229.84186744493343
25.075986826,-229.84186744493343
25.077776871,-229.84181717945103
25.079845884,-229.8418506897726
25.081744566,-229.8418506897726
25.0837484,-229.84186744493343
25.085714672,-229.84181717945103
25.087679701000003,-229.84176691396854
25.08973239,-229.84181717945103
25.091758427000002,-229.84186744493343
25.093798167000003,-229.8418506897726
25.095792612,-229.8418506897726
25.097819294,-229.84181717945103
25.099814228000003,-229.84181717945103
25.101805729000002,-229.84181717945103
25.103744796,-229.84181717945103
25.105707350000003,-229.84181717945103
25.107724763,-229.84181717945103
25.109675167000002,-229.84186744493343
25.111723481000002,-229.8418506897726
25.114057672,-229.8418506897726
25.115862593000003,-229.8418506897726
25.117812283000003,-229.84181717945103
25.119776989000002,-229.84181717945103
25.121759141000002,-229.84181717945103
25.123679148,-229.84181717945103
25.125908619,-229.84181717945103
25.12783277,-229.8418506897726
25.129874424,-229.84181717945103
25.131744205,-229.84181717945103
25.134130613,-229.8418004242902
25.135793225,-229.8418004242902
25.137869107,-229.84181717945103
25.139878002000003,-229.84176691396854
25.141874988,-229.84171664848608
25.143758520000002,-229.84176691396854
25.145813949,-229.8418004242902
25.147852223,-229.84186744493343
25.14976377,-229.84181717945103
25.151755696000002,-229.8418004242902
25.153924357,-229.8418506897726
25.155922606,-229.8418506897726
25.157863897000002,-229.8418506897726
25.159881661,-229.84186744493343
25.161678771000002,-229.84181717945103
25.163890126000002,-229.84186744493343
25.165720032000003,-229.84181717945103
25.167792053000003,-229.8418506897726
25.169761767,-229.8418506897726
25.171843445,-229.84191771041588
25.173947894,-229.84191771041588
25.175871307,-229.8418506897726
25.177810993,-229.84181717945103
25.179819163,-229.8418506897726
25.18181617,-229.8418506897726
25.183874741,-229.84186744493343
25.185788758,-229.84181717945103
25.187887537,-229.84186744493343
25.189849027,-229.84186744493343
25.192003788,-229.84186744493343
25.193791819,-229.84190095525508
25.195975077,-229.84181717945103
25.198003613,-229.84181717945103
25.199838781,-229.8418506897726
25.201730132,-229.84186744493343
25.203732572,-229.84186744493343
25.205731457000002,-229.8418506897726
25.2078379,-229.8418506897726
25.209820458000003,-229.84181717945103
25.211897826,-229.84181717945103
25.213907306000003,-229.84181717945103
25.215842971,-229.84181717945103
25.217836154,-229.8418506897726
25.219854631,-229.84181717945103
25.221764597,-229.84186744493343
25.223912961,-229.8418506897726
25.225868143000003,-229.84181717945103
25.227900427,-229.84181717945103
25.229892745,-229.8418004242902
25.231725004,-229.84171664848608
25.233858969,-229.84181717945103
25.235960063,-229.84181717945103
25.237938540000002,-229.8418004242902
25.239857595,-229.8418004242902
25.241936229,-229.84176691396854
25.243758413000002,-229.84181717945103
25.245783194,-229.84181717945103
25.247765815,-229.8418004242902
25.249772282000002,-229.8418506897726
25.252118575,-229.8418004242902
25.25420357,-229.8418004242902
25.256078456,-229.84181717945103
25.258121634000002,-229.84181717945103
25.260146313,-229.84181717945103
25.261884611000003,-229.84186744493343
25.263826246,-229.84176691396854
25.266013811,-229.84181717945103
25.267922736000003,-229.8418004242902
25.269972531,-229.84181717945103
25.271975523000002,-229.84190095525508
25.274057315,-229.84190095525508
25.276067198000003,-229.84190095525508
25.278085971000003,-229.84181717945103
25.280105513000002,-229.84176691396854
25.281953688,-229.84171664848608
25.28428556,-229.84176691396854
25.285838156,-229.84176691396854
25.287894464,-229.84181717945103
25.290029483,-229.8418506897726
25.291965931,-229.84181717945103
25.294336852,-229.84186744493343
25.295973859,-229.84186744493343
25.298026917,-229.8418506897726
25.299879941,-229.84181717945103
25.301947513000002,-229.8418506897726
25.303896765,-229.84181717945103
25.305950974,-229.8418004242902
25.307995729,-229.8418506897726
25.309927868000003,-229.84181717945103
25.311963593,-229.8418506897726
25.313962824,-229.8418506897726
25.315935762000002,-229.84176691396854
25.317837628000003,-229.84176691396854
25.319932490000003,-229.84181717945103
25.322000246,-229.8418506897726
25.323964438,-229.8418506897726
25.325966007,-229.84181717945103
25.327861689000002,-229.84181717945103
25.329921203,-229.84186744493343
25.331941023000002,-229.84186744493343
25.334091688,-229.84181717945103
25.336127517,-229.84181717945103
25.338058971000002,-229.8418506897726
25.339888111,-229.84181717945103
25.342243683000003,-229.8418506897726
25.343828206,-229.8418506897726
25.345838043,-229.8418004242902
25.347903926,-229.8418004242902
25.349884936000002,-229.84176691396854
25.352096441,-229.84181717945103
25.354051129000002,-229.84181717945103
25.356015159000002,-229.84181717945103
25.358100213,-229.84181717945103
25.359807548000003,-229.84181717945103
25.361871178,-229.84181717945103
25.364195767000002,-229.8417334036469
25.365901314000002,-229.8417334036469
25.367858342,-229.84181717945103
25.369912298000003,-229.8418506897726
25.371885597000002,-229.8418004242902
25.374059712,-229.8418506897726
25.375881788,-229.8418506897726
25.377945997,-229.84181717945103
25.380007901000003,-229.8418004242902
25.382230748,-229.84181717945103
25.383881596000002,-229.84181717945103
25.385932835000002,-229.84181717945103
25.387977699,-229.8418506897726
25.389835971,-229.8418506897726
25.391891709000003,-229.84181717945103
25.394064852000003,-229.8418004242902
25.396128287000003,-229.8418004242902
25.397999612000003,-229.84181717945103
25.399797291000002,-229.8418506897726
25.401816875,-229.84186744493343
25.403859636,-229.8418506897726
25.405814962,-229.8418506897726
25.407959947000002,-229.84186744493343
25.409872475,-229.84186744493343
25.411934010000003,-229.84186744493343
25.414049643000002,-229.84190095525508
25.415944677000002,-229.84190095525508
25.417884224,-229.8418506897726
25.419841298,-229.84186744493343
25.421992277,-229.84186744493343
25.423880288000003,-229.84186744493343
25.425874175,-229.8418506897726
25.428076093,-229.84190095525508
25.429816879,-229.84190095525508
25.432087712,-229.8418506897726
25.434205575,-229.8418506897726
25.435774293,-229.8418506897726
25.437912432,-229.84186744493343
25.439761404000002,-229.84186744493343
25.44178331,-229.84181717945103
25.443851814000002,-229.8418506897726
25.445822007,-229.84181717945103
25.44783388,-229.8418506897726
25.449753973,-229.8418506897726
25.451861655000002,-229.84190095525508
25.454016510000002,-229.84191771041588
25.455848967,-229.84191771041588
25.457867096,-229.84191771041588
25.459902906,-229.84181717945103
25.461927124000002,-229.8418506897726
25.463891065000002,-229.8418506897726
25.465758954000002,-229.84181717945103
25.467874068,-229.84190095525508
25.469857728,-229.84181717945103
25.471802020000002,-229.84186744493343
25.474044911,-229.84181717945103
25.476198586000002,-229.84181717945103
25.478042804,-229.8418506897726
25.479876562,-229.8418506897726
25.481861416,-229.84186744493343
25.483745834,-229.84190095525508
25.485839174000002,-229.84191771041588
25.487851544,-229.8418506897726
25.489747367000003,-229.8418004242902
25.491793146000003,-229.8418004242902
25.494006128000002,-229.84181717945103
25.495863414000002,-229.84181717945103
25.497950130000003,-229.84186744493343
25.499859347,-229.84181717945103
25.501916308000002,-229.8418004242902
25.503799637,-229.8418506897726
25.505859249,-229.84186744493343
25.507768426000002,-229.84186744493343
25.509760988,-229.84186744493343
25.511812519000003,-229.84181717945103
25.514211649,-229.8418004242902
25.515952312000003,-229.8418004242902
25.517778702,-229.84181717945103
25.519719781000003,-229.8418506897726
25.521803673,-229.84181717945103
25.523818646000002,-229.84176691396854
25.525822186000003,-229.84176691396854
25.527818317,-229.84176691396854
25.529921686,-229.84176691396854
25.531829831000003,-229.84176691396854
25.533986765,-229.8417334036469
25.536005257000003,-229.8417334036469
25.537884196,-229.8418004242902
25.539766571,-229.84181717945103
25.541901852000002,-229.84176691396854
25.543871243,-229.84186744493343
25.545839193000003,-229.8418004242902
25.547825899000003,-229.84176691396854
25.549733013,-229.8418506897726
25.551813871,-229.8418004242902
25.553952342000002,-229.84186744493343
25.555999240000002,-229.84186744493343
25.557845266,-229.84191771041588
25.559864947,-229.84181717945103
25.561752963,-229.84181717945103
25.563869970000002,-229.84186744493343
25.565750701000002,-229.8418506897726
25.567821909000003,-229.84181717945103
25.569869184,-229.84181717945103
25.571860047,-229.8418004242902
25.573907146000003,-229.8418004242902
25.575926516000003,-229.8418004242902
25.577842218,-229.84186744493343
25.579847247,-229.8418506897726
25.581890135000002,-229.84186744493343
25.583777234000003,-229.84186744493343
25.586042533,-229.84181717945103
25.587775822,-229.84181717945103
25.589829227000003,-229.84186744493343
25.59175253,-229.84181717945103
25.593890409,-229.84186744493343
25.595998619000003,-229.84186744493343
25.597889063,-229.8418004242902
25.599813588,-229.8418004242902
25.601871767000002,-229.84186744493343
25.60371767,-229.8418506897726
25.605879819000002,-229.84181717945103
25.607841426,-229.84186744493343
25.60985531,-229.84181717945103
25.611751778000002,-229.84181717945103
25.613882655,-229.84181717945103
25.615818603,-229.84181717945103
25.617886833,-229.8418004242902
25.619855495000003,-229.8418004242902
25.621774001000002,-229.84181717945103
25.623947725,-229.8418004242902
25.625873092000003,-229.84181717945103
25.627857267000003,-229.8418506897726
25.629812524000002,-229.84181717945103
25.631819149000002,-229.8418506897726
25.633983157000003,-229.84181717945103
25.635881037,-229.84181717945103
25.637898831,-229.84181717945103
25.639792941000003,-229.8418506897726
25.641759296,-229.84186744493343
25.643759797,-229.84181717945103
25.645798565000003,-229.84186744493343
25.647831207000003,-229.84186744493343
25.649790149,-229.84186744493343
25.651723476,-229.8418506897726
25.653872097,-229.84181717945103
25.655858602000002,-229.84181717945103
25.657775930000003,-229.8418506897726
25.659738253,-229.84181717945103
25.661918736,-229.8418004242902
25.663824122,-229.84181717945103
25.665738088,-229.84181717945103
25.667893375000002,-229.84181717945103
25.669791584000002,-229.84181717945103
25.67170914,-229.84181717945103
25.673865471000003,-229.8418506897726
25.675945362,-229.8418506897726
25.677835261000002,-229.84190095525508
25.679807211,-229.8418506897726
25.681893416,-229.84186744493343
25.683904682,-229.84181717945103
25.685853335,-229.8418506897726
25.687837878,-229.84181717945103
25.689716636,-229.84181717945103
25.691687891,-229.8418506897726
25.694039387,-229.84186744493343
25.695850302,-229.84186744493343
25.697906052,-229.84181717945103
25.699786719000002,-229.8418506897726
25.701799171,-229.84181717945103
25.703768203000003,-229.8418506897726
25.705794475,-229.84186744493343
25.707728361,-229.84186744493343
25.709750176,-229.84186744493343
25.711780257,-229.84190095525508
25.714133407000002,-229.8418506897726
25.715922541,-229.8418506897726
25.718041390000003,-229.84186744493343
25.719823155,-229.84186744493343
25.721878776,-229.84186744493343
25.724064239,-229.84186744493343
25.725972704,-229.8418506897726
25.727836418000003,-229.84186744493343
25.729930307,-229.84186744493343
25.732134414,-229.84186744493343
25.734238267000002,-229.84186744493343
25.735814400000002,-229.84186744493343
25.737766125,-229.84186744493343
25.739723195,-229.84186744493343
25.741733159000002,-229.84186744493343
25.743701798,-229.8418506897726
25.745712893,-229.84186744493343
25.747715722000002,-229.8418506897726
25.749687009000002,-229.84186744493343
25.751716885,-229.84186744493343
25.753813715000003,-229.84191771041588
25.75599842,-229.84186744493343
25.757793769000003,-229.84186744493343
25.759766693000003,-229.84186744493343
25.761698252000002,-229.84191771041588
25.763796178000003,-229.84186744493343
25.765922638000003,-229.84186744493343
25.768105723,-229.8418506897726
25.769848101,-229.8418506897726
25.771737611000002,-229.8418506897726
25.773805502000002,-229.84190095525508
25.775854503,-229.84190095525508
25.777772206,-229.84186744493343
25.779778346,-229.84186744493343
25.781712375,-229.8418506897726
25.783702452,-229.84181717945103
25.785802379000003,-229.8418506897726
25.787802993000003,-229.84181717945103
25.789736756,-229.84176691396854
25.791959332,-229.84181717945103
25.793759913000002,-229.84181717945103
25.795882874,-229.84176691396854
25.797774722000003,-229.84176691396854
25.799740267,-229.8418506897726
25.801730088000003,-229.8418506897726
25.803707555000003,-229.8418506897726
25.805703179,-229.84186744493343
25.807950026,-229.84186744493343
25.809736993,-229.84186744493343
25.811739117000002,-229.84190095525508
25.813970272000002,-229.8418506897726
25.815752730000003,-229.8418506897726
25.817710245,-229.84181717945103
25.819979410000002,-229.84190095525508
25.821764158,-229.84190095525508
25.823702677,-229.84195122073754
25.825753737000003,-229.84181717945103
25.827768202,-229.8418004242902
25.82975567,-229.84186744493343
25.831717392,-229.84181717945103
25.833994264,-229.84181717945103
25.835826841000003,-229.84181717945103
25.837757153000002,-229.84186744493343
25.839824964,-229.84186744493343
25.841765357,-229.84186744493343
25.843741896,-229.84186744493343
25.845686445000002,-229.84186744493343
25.847711927000002,-229.8418506897726
25.849722043,-229.84181717945103
25.851724292,-229.84181717945103
25.853963712000002,-229.84181717945103
25.855918407,-229.84181717945103
25.857816139,-229.8418506897726
25.859971808,-229.84190095525508
25.861811371,-229.84191771041588
25.863715188,-229.84186744493343
25.865780986,-229.84186744493343
25.867718739,-229.8418506897726
25.869876,-229.84186744493343
25.871890285000003,-229.84186744493343
25.874020421,-229.84190095525508
25.876007583000003,-229.84190095525508
25.877772071000003,-229.84186744493343
25.879838223,-229.84186744493343
25.881867859000003,-229.84186744493343
25.883800916000002,-229.84186744493343
25.885752135,-229.8418506897726
25.88782601,-229.8418004242902
25.889718421,-229.84181717945103
25.891774950000002,-229.84181717945103
25.894003161,-229.84181717945103
25.895865530000002,-229.84181717945103
25.897866966000002,-229.84186744493343
25.899857968000003,-229.84181717945103
25.901843978000002,-229.8418506897726
25.90385944,-229.8418004242902
25.905756306,-229.84190095525508
25.907742648000003,-229.8418506897726
25.90985849,-229.8418506897726
25.911760797000003,-229.84181717945103
25.913904080000002,-229.84181717945103
25.915991165,-229.84181717945103
25.917912274000003,-229.84181717945103
25.919919539000002,-229.84181717945103
25.921730012,-229.84181717945103
25.923702834,-229.84176691396854
25.925760834000002,-229.8418004242902
25.927823128,-229.8418506897726
25.929739925000003,-229.8418004242902
25.931746024000002,-229.84181717945103
25.933825927,-229.84181717945103
25.935831565,-229.84181717945103
25.937782598000002,-229.84181717945103
25.939940079000003,-229.8418004242902
25.941781937000002,-229.84181717945103
25.943760279000003,-229.8418004242902
25.945740892,-229.84181717945103
25.947879949,-229.8418004242902
25.949744820000003,-229.8418004242902
25.951745408,-229.84181717945103
25.954007082,-229.84181717945103
25.956123884,-229.84181717945103
25.957873172000003,-229.8418506897726
25.959855819,-229.8418506897726
25.962186201,-229.84186744493343
25.963736638,-229.84186744493343
25.96575306,-229.84181717945103
25.967769559,-229.84186744493343
25.969751964,-229.8418506897726
25.971747202000003,-229.84181717945103
25.973818920000003,-229.8418004242902
25.976093454,-229.8418004242902
25.977822184,-229.84176691396854
25.979722742,-229.8418004242902
25.98182883,-229.84181717945103
25.98373511,-229.84176691396854
25.985936952000003,-229.84186744493343
25.987885186000003,-229.84186744493343
25.989770776,-229.84176691396854
25.99182804,-229.8418506897726
25.993919547,-229.84181717945103
25.996047018000002,-229.84181717945103
25.99779252,-229.84190095525508
25.999792984000003,-229.84186744493343
26.001949083000003,-229.84186744493343
26.003883795,-229.84181717945103
26.005827498000002,-229.84190095525508
26.007838770000003,-229.8418506897726
26.010026109000002,-229.84186744493343
26.011831782,-229.84186744493343
26.014050391,-229.8418506897726
26.015768529000002,-229.8418506897726
26.01779273,-229.84186744493343
26.019793553000003,-229.8418506897726
26.021862350000003,-229.8418506897726
26.023734409000003,-229.84186744493343
26.025797263,-229.84181717945103
26.027852676000002,-229.84181717945103
26.029844533000002,-229.84181717945103
26.031827726000003,-229.84181717945103
26.034700226000002,-229.84181717945103
26.035840658,-229.84186744493343
26.037841409000002,-229.84186744493343
26.039764849,-229.84186744493343
26.041739127000003,-229.8418506897726
26.043713904,-229.8418506897726
26.045878126,-229.84181717945103
26.047795103000002,-229.84181717945103
26.04981085,-229.8418506897726
26.051930881,-229.8418506897726
26.054164079000003,-229.8418506897726
26.05586308,-229.8418506897726
26.057826057000003,-229.84181717945103
26.059844455,-229.84186744493343
26.06185434,-229.8418506897726
26.063744184,-229.84186744493343
26.065711540000002,-229.8418506897726
26.067703655000003,-229.84196797589837
26.069787593,-229.84191771041588
26.071707628000002,-229.84186744493343
26.073849566000003,-229.84181717945103
26.076054359,-229.84181717945103
26.077911649,-229.8418004242902
26.079825261,-229.8418506897726
26.081956287,-229.84186744493343
26.083732029,-229.84190095525508
26.085743394,-229.8418506897726
26.087738009000002,-229.84186744493343
26.089767771,-229.84186744493343
26.091813508,-229.84186744493343
26.093785262,-229.84186744493343
26.095843692000003,-229.84186744493343
26.097752215,-229.84186744493343
26.099706407000003,-229.8418506897726
26.101741229,-229.84191771041588
26.103702425,-229.84191771041588
26.105802344,-229.8418506897726
26.107674001000003,-229.84186744493343
26.10968184,-229.84186744493343
26.111685616000003,-229.84181717945103
26.113800346,-229.84186744493343
26.116107449,-229.84186744493343
26.11778882,-229.84186744493343
26.119861494000002,-229.84181717945103
26.121877087,-229.84181717945103
26.123755155,-229.8418506897726
26.125696163,-229.84190095525508
26.127722509,-229.8418506897726
26.129721201000002,-229.8418506897726
26.131779705000003,-229.84181717945103
26.133835202,-229.84181717945103
26.135854493,-229.84181717945103
26.137749133000003,-229.84181717945103
26.139742000000002,-229.84186744493343
26.141725708000003,-229.8418506897726
26.143758465,-229.84181717945103
26.145773100000003,-229.84181717945103
26.147788871000003,-229.84181717945103
26.149892843,-229.84181717945103
26.151847728,-229.84181717945103
26.153864136000003,-229.8418004242902
26.155827906000003,-229.8418004242902
26.157873524000003,-229.84181717945103
26.159778064,-229.84181717945103
26.161839957,-229.84181717945103
26.163853446,-229.84181717945103
26.165708494,-229.8418004242902
26.167686857000003,-229.8418004242902
26.169689917000003,-229.8418506897726
26.171770811000002,-229.84181717945103
26.173935568,-229.84181717945103
26.175841853,-229.84181717945103
26.177794404,-229.8418506897726
26.179802849,-229.84181717945103
26.181764989,-229.84181717945103
26.183785271,-229.8418506897726
26.185682524,-229.84181717945103
26.187817242,-229.84181717945103
26.189704886,-229.84186744493343
26.191773117,-229.8418506897726
26.193851809,-229.8418506897726
26.195960662,-229.8418506897726
26.197955824,-229.84181717945103
26.199777125,-229.8418506897726
26.201812969000002,-229.84181717945103
26.203775907,-229.84181717945103
26.205751720000002,-229.8418506897726
26.207867372000003,-229.84181717945103
26.209872631000003,-229.84181717945103
26.211766744000002,-229.8418506897726
26.213921589,-229.84181717945103
26.215822971,-229.84181717945103
26.217809652000003,-229.84181717945103
26.219852925,-229.84181717945103
26.221844224,-229.84181717945103
26.223744337000003,-229.84181717945103
26.225779283,-229.84181717945103
26.227870801,-229.84181717945103
26.229749726,-229.84176691396854
26.231777442000002,-229.84181717945103
26.234123,-229.84181717945103
26.235880791000003,-229.84181717945103
26.237826390000002,-229.84181717945103
26.239889815,-229.8418004242902
26.241895895000003,-229.84181717945103
26.243743225000003,-229.8418506897726
26.245875702000003,-229.8418004242902
26.247859307000002,-229.8418004242902
26.249859733,-229.84181717945103
26.251793629,-229.8418004242902
26.253930572,-229.8418506897726
26.256030554000002,-229.8418506897726
26.25778954,-229.84176691396854
26.259758431,-229.84191771041588
26.261739409,-229.84186744493343
26.263744979000002,-229.84186744493343
26.265708207000003,-229.84181717945103
26.267793777,-229.84181717945103
26.269985925,-229.84181717945103
26.271719798000003,-229.84181717945103
26.273886984,-229.84186744493343
26.275869769000003,-229.84186744493343
26.277793449,-229.84190095525508
26.279887625,-229.8418506897726
26.281778579,-229.8418506897726
26.283771960000003,-229.8418004242902
26.285754166,-229.84181717945103
26.287714591,-229.84176691396854
26.289760921000003,-229.8417334036469
26.291709926000003,-229.84181717945103
26.293812316,-229.84181717945103
26.295840995000002,-229.84181717945103
26.297821513000002,-229.8418004242902
26.299810216,-229.84181717945103
26.301873825,-229.8418506897726
26.30374849,-229.8418004242902
26.305764756000002,-229.84176691396854
26.307745397,-229.8417334036469
26.309729048,-229.84176691396854
26.311743239000002,-229.84181717945103
26.313834585000002,-229.8418004242902
26.315979781000003,-229.8418004242902
26.317862006000002,-229.84186744493343
26.319791593,-229.84186744493343
26.321777809,-229.8418506897726
26.323889406000003,-229.8418004242902
26.325696686,-229.8417334036469
26.327886386000003,-229.84181717945103
26.329907622,-229.84181717945103
26.331859190000003,-229.8418506897726
26.334049972000003,-229.84181717945103
26.336000411,-229.84181717945103
26.337820739,-229.84181717945103
26.339784991000002,-229.8418506897726
26.341725536000002,-229.8418506897726
26.343721795,-229.8418004242902
26.345688732000003,-229.84176691396854
26.347666774,-229.8418004242902
26.349726626000002,-229.84176691396854
26.351719563000003,-229.84181717945103
26.353934502,-229.84181717945103
26.355801225,-229.84181717945103
26.357754013,-229.8418506897726
26.359693,-229.8418004242902
26.361749214000003,-229.8418004242902
26.363704581,-229.8417334036469
26.365707795000002,-229.84176691396854
26.367734285,-229.84176691396854
26.369739217000003,-229.84176691396854
26.371707714000003,-229.8418004242902
26.373904046000003,-229.84186744493343
26.375830357,-229.84186744493343
26.377770253,-229.8418506897726
26.379742368000002,-229.8418004242902
26.381762056000003,-229.84186744493343
26.383779695,-229.84181717945103
26.385711194000002,-229.84181717945103
26.387766404,-229.8418506897726
26.389778402,-229.8418506897726
26.391741873,-229.8418506897726
26.393876167000002,-229.8418004242902
26.395918140000003,-229.8418004242902
26.397923584,-229.84186744493343
26.39982629,-229.84186744493343
26.401935291,-229.84186744493343
26.403720066,-229.84181717945103
26.40586263,-229.84186744493343
26.407852300000002,-229.8418004242902
26.409847946000003,-229.84181717945103
26.411803953000003,-229.8418506897726
26.414046555000002,-229.84181717945103
26.415920139,-229.84181717945103
26.417831573,-229.8418506897726
26.419777526,-229.8418506897726
26.421750055,-229.8418506897726
26.423723730000003,-229.84186744493343
26.425721177000003,-229.8418506897726
26.427721702000003,-229.84186744493343
26.429706518000003,-229.8418506897726
26.431783638000002,-229.84186744493343
26.433800266000002,-229.8418004242902
26.435831344,-229.8418004242902
26.437744707,-229.84181717945103
26.439741143000003,-229.8418506897726
26.441753953000003,-229.8418506897726
26.443710819000003,-229.8418506897726
26.445745745,-229.8418004242902
26.447725595,-229.8418506897726
26.449719519000002,-229.84181717945103
26.4517391,-229.8418506897726
26.453856337,-229.8418506897726
26.455798049000002,-229.8418506897726
26.45780814,-229.84176691396854
26.459857885,-229.84176691396854
26.461788496,-229.84176691396854
26.463742691,-229.84171664848608
26.465726415000002,-229.8418506897726
26.467902634,-229.8418506897726
26.469726482000002,-229.8418506897726
26.471693539,-229.84186744493343
26.473831441,-229.8418506897726
26.475857376,-229.8418506897726
26.477824868000003,-229.8418004242902
26.479776082,-229.84181717945103
26.482127735000002,-229.84181717945103
26.483839053,-229.84181717945103
26.485868606,-229.84181717945103
26.487884757000003,-229.84186744493343
26.489723309000002,-229.8418506897726
26.491760504000002,-229.84186744493343
26.493739102000003,-229.84186744493343
26.495977551000003,-229.84181717945103
26.498013371000003,-229.84181717945103
26.499885122000002,-229.84186744493343
26.501894309,-229.8418506897726
26.503967294000002,-229.84186744493343
26.505888141000003,-229.84181717945103
26.507729073,-229.84186744493343
26.509842861000003,-229.8418506897726
26.511765404000002,-229.8418506897726
26.513765425000003,-229.8418506897726
26.516004681000002,-229.8418506897726
26.517858641,-229.84181717945103
26.519760729,-229.84186744493343
26.521950868,-229.84186744493343
26.52382309,-229.84181717945103
26.525855043,-229.84186744493343
26.527901647,-229.84181717945103
26.529757375000003,-229.84186744493343
26.531950351000003,-229.84181717945103
26.534000125000002,-229.8418506897726
26.535859775000002,-229.8418506897726
26.5378878,-229.84186744493343
26.540088028000003,-229.84186744493343
26.541872943,-229.84186744493343
26.54384654,-229.8418506897726
26.545821877,-229.84181717945103
26.547798693,-229.84186744493343
26.549708668,-229.84181717945103
26.551956454000003,-229.8418506897726
26.553935511000002,-229.8418506897726
26.555848238000003,-229.8418506897726
26.557837171000003,-229.84186744493343
26.559779351000003,-229.84186744493343
26.562134729,-229.84181717945103
26.564047649000003,-229.84181717945103
26.565810929,-229.8418004242902
26.567749895000002,-229.8418004242902
26.569834953,-229.84181717945103
26.571880892000003,-229.8418506897726
26.573935235,-229.8418004242902
26.575791043000002,-229.8418004242902
26.577786065,-229.8418506897726
26.579777993,-229.84186744493343
26.581856695000003,-229.84186744493343
26.583814605,-229.84186744493343
26.585768570000003,-229.84186744493343
26.587706271000002,-229.84181717945103
26.589823237,-229.84176691396854
26.591853083,-229.84181717945103
26.593889273000002,-229.8418506897726
26.59593439,-229.8418506897726
26.597867139,-229.84181717945103
26.599871460000003,-229.84181717945103
26.602067818000002,-229.8418506897726
26.603777145000002,-229.8418506897726
26.605806703000002,-229.84181717945103
26.607805649000003,-229.84181717945103
26.609870524,-229.8418506897726
26.611872541,-229.8418506897726
26.61399404,-229.84181717945103
26.61580473,-229.84181717945103
26.617803687000002,-229.8418004242902
26.619858962000002,-229.84181717945103
26.621988561000002,-229.84176691396854
26.623983336000002,-229.84181717945103
26.625829987000003,-229.84186744493343
26.62796626,-229.84181717945103
26.6299397,-229.84186744493343
26.631964496000002,-229.84186744493343
26.634099321,-229.84181717945103
26.635995784000002,-229.84181717945103
26.637817834000003,-229.84181717945103
26.639872074000003,-229.8418004242902
26.641994771,-229.8418004242902
26.643976444000003,-229.84186744493343
26.645906810000003,-229.84186744493343
26.647794800000003,-229.84181717945103
26.649895760000003,-229.8418004242902
26.651888428000003,-229.84181717945103
26.654222377,-229.84186744493343
26.656091719000003,-229.84186744493343
26.658011942,-229.84181717945103
26.659880247,-229.84181717945103
26.661892371,-229.84176691396854
26.663887195,-229.84186744493343
26.665881523000003,-229.8418506897726
26.667825718000003,-229.8418506897726
26.669915016,-229.84181717945103
26.671913921,-229.84181717945103
26.673991427,-229.84181717945103
26.676246799,-229.84181717945103
26.677820540000003,-229.84181717945103
26.679803261,-229.84186744493343
26.681925338000003,-229.84186744493343
26.683849437000003,-229.84186744493343
26.68585032,-229.84181717945103
26.687880502000002,-229.84181717945103
26.689815220000003,-229.84186744493343
26.691682594000003,-229.84190095525508
26.693867081,-229.84186744493343
26.696082317000002,-229.8418506897726
26.698317212000003,-229.8418506897726
26.699893828,-229.84186744493343
26.701897690000003,-229.84181717945103
26.703793795000003,-229.8418506897726
26.705913402,-229.8418506897726
26.707877582000002,-229.84181717945103
26.709890606000002,-229.84186744493343
26.711859150000002,-229.84186744493343
26.714203383,-229.84186744493343
26.715923874,-229.84186744493343
26.71803226,-229.84186744493343
26.719961963000003,-229.8418506897726
26.721941847,-229.8418506897726
26.723862893000003,-229.84186744493343
26.725956984000003,-229.84186744493343
26.728016058,-229.84186744493343
26.729922052000003,-229.84186744493343
26.731903733000003,-229.84181717945103
26.733965482000002,-229.84186744493343
26.735909402,-229.84186744493343
26.737896855000002,-229.8418506897726
26.739771634,-229.84181717945103
26.741792082,-229.84186744493343
26.743870123,-229.8418506897726
26.745890855000003,-229.84181717945103
26.747880327,-229.8418506897726
26.74989392,-229.84186744493343
26.752021723000002,-229.8418506897726
26.753876256,-229.8418506897726
26.755816468000003,-229.84186744493343
26.75776245,-229.84186744493343
26.759783238,-229.8418506897726
26.761759436000002,-229.8418506897726
26.763742387,-229.8418506897726
26.765731366,-229.8418004242902
26.767771758000002,-229.8418004242902
26.769725042,-229.8418004242902
26.771722366000002,-229.84181717945103
26.773855020000003,-229.84186744493343
26.775960917000003,-229.84186744493343
26.77782397,-229.8418004242902
26.779815898000003,-229.84181717945103
26.781835633,-229.84181717945103
26.783873921,-229.8418506897726
26.785960949000003,-229.84186744493343
26.787937896000003,-229.84186744493343
26.789930889,-229.8418506897726
26.791834393000002,-229.84186744493343
26.793902822000003,-229.84181717945103
26.795861099000003,-229.84181717945103
26.797817885,-229.8418506897726
26.799889025000002,-229.84191771041588
26.801820417000002,-229.84191771041588
26.803912443,-229.84186744493343
26.805759781000003,-229.8418506897726
26.807958108,-229.8418506897726
26.810083277,-229.8418506897726
26.811742323,-229.84186744493343
26.813801118,-229.84181717945103
26.815962210000002,-229.8418506897726
26.817781431,-229.8418506897726
26.819796739,-229.84181717945103
26.821868902000002,-229.84181717945103
26.823898277,-229.84181717945103
26.825919709,-229.84181717945103
26.827900972000002,-229.84181717945103
26.829876658000003,-229.8418004242902
26.831995619,-229.8418004242902
26.833966051,-229.84176691396854
26.835899806,-229.84176691396854
26.83781537,-229.8418004242902
26.84011655,-229.8418004242902
26.842074329000003,-229.8418004242902
26.843749154,-229.8418004242902
26.845815911000003,-229.8417334036469
26.847955393000003,-229.84181717945103
26.849931038,-229.84181717945103
26.851780369,-229.84176691396854
26.853942877,-229.84181717945103
26.855847522,-229.84181717945103
26.857803167,-229.84181717945103
26.860176247000002,-229.8418506897726
26.861920661000003,-229.8418506897726
26.863964216000003,-229.84181717945103
26.865685856000002,-229.84176691396854
26.867897975,-229.8418004242902
26.869880102000003,-229.84186744493343
26.871786573,-229.84181717945103
26.873866059,-229.8418506897726
26.875938856,-229.8418506897726
26.877870503,-229.84186744493343
26.879841842,-229.84176691396854
26.881862632,-229.84181717945103
26.883831371000003,-229.8418506897726
26.885896471000002,-229.84186744493343
26.887794943000003,-229.8418004242902
26.889848483,-229.84181717945103
26.891884211,-229.84181717945103
26.893821725000002,-229.8418004242902
26.896110982000003,-229.8418004242902
26.897890994,-229.84176691396854
26.900001696,-229.84176691396854
26.901855701000002,-229.84181717945103
26.903903722000003,-229.8418506897726
26.905831932,-229.8418506897726
26.907699566,-229.8418506897726
26.909861183,-229.84176691396854
26.911704905,-229.84181717945103
26.913956711,-229.84186744493343
26.915807496000003,-229.84186744493343
26.91785511,-229.8418506897726
26.919771122,-229.8418506897726
26.921897615000002,-229.84181717945103
26.923745856,-229.84181717945103
26.925768767,-229.84186744493343
26.927832351000003,-229.84181717945103
26.92993423,-229.84181717945103
26.931754884,-229.84181717945103
26.934104791000003,-229.84181717945103
26.935938385,-229.84181717945103
26.937800725000002,-229.84186744493343
26.939954621000002,-229.84181717945103
26.942142519,-229.84181717945103
26.943764178000002,-229.84186744493343
26.945988414000002,-229.84186744493343
26.947774067,-229.84186744493343
26.949766744,-229.84186744493343
26.951863815000003,-229.84190095525508
26.953829958,-229.84190095525508
26.955802707,-229.84190095525508
26.957879129000002,-229.84186744493343
26.959853898000002,-229.84186744493343
26.9617405,-229.8418506897726
26.963726840000003,-229.84181717945103
26.965752828000003,-229.84181717945103
26.967732298,-229.84176691396854
26.969730509,-229.84181717945103
26.971998567,-229.84181717945103
26.973853363,-229.84181717945103
26.975857434,-229.84186744493343
26.977780195,-229.84186744493343
26.979805094000003,-229.8418004242902
26.981774215,-229.84176691396854
26.983706644,-229.84181717945103
26.985745156,-229.84176691396854
26.987742468,-229.8418004242902
26.989707638000002,-229.84181717945103
26.991735276,-229.8418506897726
26.993983306,-229.8418506897726
26.995892283000003,-229.84181717945103
26.997814918000003,-229.84181717945103
26.999880419,-229.8418506897726
27.001865372,-229.84181717945103
27.003804207,-229.84181717945103
27.005832978,-229.84181717945103
27.007743739000002,-229.84186744493343
27.009816636,-229.8418506897726
27.011773801,-229.84181717945103
27.013853360000002,-229.8418004242902
27.015930602,-229.8418004242902
27.017816138,-229.84181717945103
27.019899900000002,-229.8418506897726
27.021856006,-229.8418506897726
27.023852092000002,-229.84176691396854
27.025922455000003,-229.84181717945103
27.027830526000002,-229.8418004242902
27.029850233,-229.8418506897726
27.031918221,-229.84186744493343
27.033862086000003,-229.84186744493343
27.036016331000003,-229.84186744493343
27.037870819000002,-229.8418004242902
27.039904912,-229.8418004242902
27.041843999,-229.84186744493343
27.043805745,-229.8418506897726
27.045858372,-229.8418506897726
27.047731158,-229.8417334036469
27.049772002,-229.84190095525508
27.051830976,-229.8418506897726
27.053798061000002,-229.84186744493343
27.055983489000003,-229.84186744493343
27.057886206000003,-229.8418506897726
27.059901872,-229.84186744493343
27.061942626,-229.84181717945103
27.063738292,-229.84186744493343
27.066088952,-229.84181717945103
27.067777420000002,-229.8418506897726
27.069730082000003,-229.8418506897726
27.071738858000003,-229.84181717945103
27.073856906000003,-229.84181717945103
27.075837448,-229.84181717945103
27.077795629,-229.84186744493343
27.079720522000002,-229.84186744493343
27.081706118000003,-229.84186744493343
27.083948657,-229.84181717945103
27.086001021,-229.84181717945103
27.087989554,-229.84181717945103
27.089726908000003,-229.84181717945103
27.091743608,-229.8418004242902
27.093968518,-229.84181717945103
27.095880877000003,-229.84181717945103
27.097845483,-229.8418004242902
27.099874890000002,-229.8418506897726
27.101786097,-229.84176691396854
27.103864369,-229.84181717945103
27.105813411000003,-229.8418004242902
27.107839624,-229.8418506897726
27.109921847000003,-229.8418004242902
27.111888234000002,-229.8418506897726
27.114152709000003,-229.8418506897726
27.115937818000003,-229.8418506897726
27.117801714000002,-229.84186744493343
27.119931993,-229.84181717945103
27.121879246000002,-229.84181717945103
27.123854139000002,-229.84181717945103
27.125842215000002,-229.8418004242902
27.127864775000003,-229.84186744493343
27.129833856,-229.8418506897726
27.131787120000002,-229.8418506897726
27.133820129,-229.8418506897726
27.135836415,-229.8418506897726
27.137775825000002,-229.8418506897726
27.139865129,-229.84186744493343
27.141857923000003,-229.84181717945103
27.143787563,-229.84181717945103
27.145715267,-229.84181717945103
27.147740457,-229.84181717945103
27.149688159,-229.84181717945103
27.151719159000002,-229.84181717945103
27.154031484,-229.8418004242902
27.155854252,-229.8418004242902
27.157786032,-229.84181717945103
27.159729471000002,-229.8418004242902
27.161825,-229.84176691396854
27.163777147,-229.84176691396854
27.1658116,-229.84181717945103
27.167939661000002,-229.8418004242902
27.169841006000002,-229.8418004242902
27.172253091,-229.84176691396854
27.174040589,-229.84176691396854
27.175934310000002,-229.84176691396854
27.177866747000003,-229.84176691396854
27.179813728000003,-229.84181717945103
27.18190698,-229.84181717945103
27.183851575000002,-229.84181717945103
27.185750576,-229.84176691396854
27.187842117000002,-229.84176691396854
27.189838567000002,-229.84176691396854
27.191833197,-229.84181717945103
27.194209716000003,-229.8418506897726
27.196085119000003,-229.8418506897726
27.197994127,-229.84181717945103
27.199977101,-229.84181717945103
27.202137490000002,-229.84181717945103
27.203888687000003,-229.84186744493343
27.205929004,-229.8418506897726
27.207918954,-229.8418004242902
27.209918922,-229.8418506897726
27.212160209,-229.84181717945103
27.214199203000003,-229.84181717945103
27.216129435000003,-229.84181717945103
27.217954554000002,-229.84181717945103
27.219934285,-229.84181717945103
27.222132192,-229.8418506897726
27.224180034000003,-229.8418506897726
27.226013848,-229.8418506897726
27.227909508000003,-229.84181717945103
27.230523201,-229.84186744493343
27.231786238,-229.84181717945103
27.234114011000003,-229.8418506897726
27.236214715000003,-229.8418506897726
27.238001024000003,-229.8418506897726
27.239897863000003,-229.84181717945103
27.241913702,-229.84181717945103
27.243887271000002,-229.84186744493343
27.245758091000003,-229.8418506897726
27.24784096,-229.84181717945103
27.2498621,-229.84181717945103
27.25176695,-229.8418506897726
27.254221117,-229.84181717945103
27.255959613,-229.84181717945103
27.257987336000003,-229.84186744493343
27.259885932000003,-229.84181717945103
27.262082587000002,-229.84186744493343
27.263991619000002,-229.84186744493343
27.265897861000003,-229.84181717945103
27.267902855000003,-229.84186744493343
27.269860065000003,-229.84186744493343
27.271957527,-229.84186744493343
27.274006479,-229.84190095525508
27.276019991000002,-229.84190095525508
27.278190226000003,-229.84181717945103
27.280014193000003,-229.84186744493343
27.282056805000003,-229.84186744493343
27.284139414000002,-229.84190095525508
27.285773596000002,-229.84186744493343
27.2880007,-229.84186744493343
27.289947845,-229.84181717945103
27.291922759000002,-229.8418506897726
27.294120636000002,-229.84186744493343
27.296156080000003,-229.84186744493343
27.297885731,-229.84186744493343
27.300094089,-229.84181717945103
27.30189228,-229.84181717945103
27.303846016,-229.8418506897726
27.306036483000003,-229.8418506897726
27.308091695,-229.84186744493343
27.310042694000003,-229.84186744493343
27.311797644000002,-229.8418506897726
27.314103489,-229.84186744493343
27.316054804,-229.84186744493343
27.317993491000003,-229.84181717945103
27.320393855000003,-229.84181717945103
27.321933255,-229.84181717945103
27.323928238,-229.84181717945103
27.325904616000003,-229.84186744493343
27.327910646000003,-229.8418506897726
27.329937949,-229.8418506897726
27.331854106,-229.84186744493343
27.334016464,-229.84181717945103
27.335932858000003,-229.84181717945103
27.337849761,-229.84181717945103
27.339839506,-229.8418506897726
27.341830753,-229.84181717945103
27.343836126000003,-229.84181717945103
27.345859236000003,-229.8418506897726
27.347734548000002,-229.84186744493343
27.349720531000003,-229.84186744493343
27.351738363000003,-229.8418506897726
27.353932658,-229.84190095525508
27.356003166,-229.8418506897726
27.357924628000003,-229.8418506897726
27.359976778,-229.84186744493343
27.361964322000002,-229.8418506897726
27.363907746000002,-229.84186744493343
27.365909058000003,-229.84186744493343
27.367902727,-229.84176691396854
27.369857703,-229.8418004242902
27.371801359000003,-229.84181717945103
27.37395893,-229.84181717945103
27.375992741,-229.84181717945103
27.377791917000003,-229.84181717945103
27.379868577000003,-229.8418506897726
27.381856170000002,-229.8418506897726
27.383744564,-229.8418506897726
27.385918143,-229.8418506897726
27.387882367000003,-229.84186744493343
27.389777921,-229.84190095525508
27.391811953,-229.84191771041588
27.393845014,-229.84186744493343
27.39589102,-229.84186744493343
27.397903709,-229.84186744493343
27.400015807000003,-229.84186744493343
27.401808133000003,-229.84186744493343
27.403770177000002,-229.84186744493343
27.405872335,-229.84186744493343
27.407765962000003,-229.8418506897726
27.409883590000003,-229.84186744493343
27.411962401,-229.84186744493343
27.413953356,-229.84190095525508
27.415972141,-229.84190095525508
27.417900837,-229.84186744493343
27.419976942,-229.84186744493343
27.421855863,-229.84181717945103
27.423844772000002,-229.8418506897726
27.4258528,-229.84191771041588
27.427850785,-229.84195122073754
27.429825708000003,-229.84186744493343
27.431800557000003,-229.84190095525508
27.433947072000002,-229.8418506897726
27.436000728000003,-229.8418506897726
27.437835153,-229.8418506897726
27.439870896000002,-229.84186744493343
27.441946365000003,-229.84186744493343
27.443884245000003,-229.84186744493343
27.44580204,-229.84190095525508
27.447760225000003,-229.84186744493343
27.449841888,-229.84186744493343
27.451853523,-229.8418506897726
27.454130044000003,-229.84186744493343
27.455910337000002,-229.84186744493343
27.457810118,-229.8418506897726
27.459785290000003,-229.84181717945103
27.461836138000002,-229.84181717945103
27.463845454,-229.84186744493343
27.465745025,-229.84181717945103
27.467729351000003,-229.84181717945103
27.469914172000003,-229.84186744493343
27.471755421,-229.8418506897726
27.473861343000003,-229.84190095525508
27.475959379000003,-229.84190095525508
27.477860915,-229.8418506897726
27.479912821000003,-229.84181717945103
27.482103558000002,-229.84186744493343
27.484037949,-229.8418506897726
27.485878262,-229.8418506897726
27.487955956,-229.8418506897726
27.489954879000003,-229.8418506897726
27.491874638000002,-229.8418506897726
27.493981685,-229.84181717945103
27.496043308,-229.84181717945103
27.497881532,-229.84186744493343
27.499917053,-229.84190095525508
27.501907285,-229.84186744493343
27.503968273,-229.84181717945103
27.505964144,-229.8418506897726
27.508365963000003,-229.84186744493343
27.509953963,-229.84186744493343
27.511884724,-229.84191771041588
27.514163855000003,-229.84181717945103
27.516142294,-229.84181717945103
27.518052312000002,-229.84176691396854
27.519909107,-229.8418004242902
27.521923253,-229.8418004242902
27.523980973,-229.84181717945103
27.52582877,-229.8418506897726
27.527806635,-229.84186744493343
27.529911414,-229.84176691396854
27.531873273000002,-229.84181717945103
27.534130464,-229.84181717945103
27.536019733000003,-229.84181717945103
27.53794205,-229.84186744493343
27.540222775,-229.84181717945103
27.541958097000002,-229.84181717945103
27.543858916,-229.8418506897726
27.545911367000002,-229.84181717945103
27.547962657000003,-229.8418506897726
27.549932127,-229.84186744493343
27.551944465000002,-229.84181717945103
27.554008112,-229.84186744493343
27.556255403,-229.84186744493343
27.558027188,-229.8418004242902
27.560028933,-229.84181717945103
27.562199808000003,-229.84181717945103
27.56400168,-229.84186744493343
27.565804748,-229.84186744493343
27.567937996,-229.8418506897726
27.569967302000002,-229.84181717945103
27.571881835000003,-229.8418506897726
27.573993717,-229.84181717945103
27.576174407000003,-229.84181717945103
27.578010263000003,-229.84186744493343
27.579928112,-229.84186744493343
27.581921778,-229.8418506897726
27.58392754,-229.84181717945103
27.585934259000002,-229.84181717945103
27.587958757000003,-229.8418506897726
27.589872672000002,-229.84186744493343
27.592094775000003,-229.8418506897726
27.594230446,-229.84190095525508
27.59599863,-229.84190095525508
27.597938899000003,-229.84181717945103
27.599937123,-229.8418506897726
27.602068387000003,-229.84186744493343
27.604217652000003,-229.8418506897726
27.605936848000002,-229.8418506897726
27.607859323000003,-229.84186744493343
27.609872233,-229.8418506897726
27.6118513,-229.84190095525508
27.614166038,-229.84181717945103
27.615891923000003,-229.84181717945103
27.617964766,-229.84186744493343
27.619914058000003,-229.8418506897726
27.621960750000003,-229.8418506897726
27.623978516,-229.8418506897726
27.626152773,-229.8418506897726
27.62808871,-229.8418506897726
27.629992952000002,-229.84186744493343
27.631817669,-229.8418506897726
27.633803707000002,-229.8418506897726
27.636158066,-229.84186744493343
27.638087249,-229.84186744493343
27.640000003,-229.84181717945103
27.642106148000003,-229.84181717945103
27.643893339,-229.84186744493343
27.645904864000002,-229.84181717945103
27.647843542,-229.84181717945103
27.649908227,-229.84181717945103
27.651844657,-229.84181717945103
27.654338398,-229.84190095525508
27.656151056000002,-229.84190095525508
27.657972499000003,-229.84181717945103
27.659861467000002,-229.84176691396854
27.661956833,-229.8418506897726
27.663741734000002,-229.8418506897726
27.665738327000003,-229.8418506897726
27.667689877,-229.84181717945103
27.669769714,-229.8418506897726
27.672032622000003,-229.84181717945103
27.673889603000003,-229.84181717945103
27.675803221000002,-229.84181717945103
27.677832007000003,-229.84186744493343
27.679881377,-229.8418506897726
27.68188138,-229.84181717945103
27.683776218000002,-229.84181717945103
27.685836712,-229.84181717945103
27.687795002,-229.84186744493343
27.689881815000003,-229.84186744493343
27.691723266,-229.84181717945103
27.694045794,-229.84186744493343
27.695803218000002,-229.84186744493343
27.697854690000003,-229.84186744493343
27.699881274000003,-229.84186744493343
27.701869425,-229.84186744493343
27.703817518,-229.8418506897726
27.705824115000002,-229.8418506897726
27.70783683,-229.84181717945103
27.709694182000003,-229.8418506897726
27.711871002000002,-229.84181717945103
27.713821012,-229.8418506897726
27.715881812000003,-229.8418506897726
27.717806718000002,-229.8418506897726
27.720102724,-229.8418506897726
27.721758749000003,-229.8418506897726
27.723732123,-229.8418506897726
27.725730690000002,-229.84181717945103
27.727736054,-229.8418506897726
27.729732373,-229.84190095525508
27.731716263000003,-229.8418506897726
27.734188399,-229.84186744493343
27.735781525,-229.84186744493343
27.737805148000003,-229.84186744493343
27.739883354000003,-229.84190095525508
27.741921988,-229.84186744493343
27.743806677000002,-229.8418506897726
27.745772007000003,-229.84186744493343
27.748105520000003,-229.84186744493343
27.749748571,-229.84186744493343
27.751873754000002,-229.8418506897726
27.753932856000002,-229.84186744493343
27.756272914,-229.84186744493343
27.757921066,-229.8418506897726
27.759904311000003,-229.8418506897726
27.762027566,-229.8418506897726
27.763912102000003,-229.84190095525508
27.765872348000002,-229.84186744493343
27.767944621,-229.84186744493343
27.769904623000002,-229.84186744493343
27.771906544,-229.84186744493343
27.774142914000002,-229.84186744493343
27.776067929000003,-229.84186744493343
27.777946952,-229.84190095525508
27.780248450000002,-229.84190095525508
27.78197425,-229.8418506897726
27.783888647,-229.84186744493343
27.786126250000002,-229.84190095525508
27.787832684,-229.84190095525508
27.789877500000003,-229.84186744493343
27.791984345000003,-229.8418506897726
27.794346052,-229.8418506897726
27.795976543000002,-229.8418506897726
27.798030410000003,-229.8418506897726
27.800040352000003,-229.84186744493343
27.802000940000003,-229.84190095525508
27.803902226,-229.84186744493343
27.805890539,-229.8418506897726
27.8078353,-229.8418506897726
27.80988812,-229.84186744493343
27.811988753,-229.8418506897726
27.814073244000003,-229.8418506897726
27.815903642000002,-229.8418506897726
27.818000045,-229.84181717945103
27.819950916000003,-229.84186744493343
27.821976361,-229.84186744493343
27.823960351,-229.84186744493343
27.825876413000003,-229.84186744493343
27.827859094,-229.84186744493343
27.829946993,-229.8418506897726
27.831897454000003,-229.84186744493343
27.834197605000004,-229.84186744493343
27.836131243,-229.84186744493343
27.838075972000002,-229.84181717945103
27.839980221,-229.84181717945103
27.841889201,-229.8418004242902
27.843951852,-229.84181717945103
27.845971588,-229.8418004242902
27.847924881,-229.8418004242902
27.850129842,-229.84190095525508
27.851959590000003,-229.8418506897726
27.854034179000003,-229.84176691396854
27.856316656,-229.8418004242902
27.857964626,-229.8418004242902
27.85996554,-229.8418004242902
27.861893260000002,-229.84186744493343
27.86400725,-229.8418506897726
27.865910042000003,-229.84181717945103
27.867908146,-229.8418506897726
27.869959426,-229.8418506897726
27.871942190000002,-229.84181717945103
27.874024737000003,-229.8418004242902
27.876145587000003,-229.8418004242902
27.878087026000003,-229.84186744493343
27.880097989000003,-229.84186744493343
27.881795274,-229.8418004242902
27.883906396,-229.8418004242902
27.885817883,-229.84181717945103
27.887922511000003,-229.8418506897726
27.889924993,-229.8418506897726
27.891973118000003,-229.84181717945103
27.894018432000003,-229.84181717945103
27.896085773000003,-229.84181717945103
27.898028077000003,-229.84181717945103
27.899996966000003,-229.84181717945103
27.901893540000003,-229.8418506897726
27.903896935000002,-229.84181717945103
27.905897928,-229.84181717945103
27.90789231,-229.84181717945103
27.910031232,-229.84186744493343
27.911939975000003,-229.84181717945103
27.913975286000003,-229.8418506897726
27.915943029,-229.8418506897726
27.917811476,-229.84176691396854
27.919866140000003,-229.84176691396854
27.921917024000003,-229.84186744493343
27.923894983,-229.84186744493343
27.925747514,-229.84186744493343
27.928018992000002,-229.8418004242902
27.929828411000003,-229.8418004242902
27.931841426000002,-229.84186744493343
27.934136270000003,-229.84186744493343
27.936084246,-229.84186744493343
27.937997503000002,-229.84190095525508
27.940124752000003,-229.84190095525508
27.941934621,-229.84186744493343
27.943744261000003,-229.84186744493343
27.945912727000003,-229.84190095525508
27.947723677000003,-229.84186744493343
27.949736178000002,-229.8418506897726
27.952392108,-229.84186744493343
27.953881521000003,-229.84186744493343
27.955898852,-229.84186744493343
27.957816315000002,-229.84191771041588
27.959859431,-229.84191771041588
27.961900767000003,-229.84186744493343
27.963914111,-229.84190095525508
27.965920178,-229.84190095525508
27.967920835,-229.84181717945103
27.96998779,-229.84186744493343
27.971949398000003,-229.84186744493343
27.9738481,-229.84191771041588
27.975936846000003,-229.84191771041588
27.977907494,-229.84190095525508
27.979875459000002,-229.84190095525508
27.981881240000003,-229.84186744493343
27.983809337,-229.84186744493343
27.985935652000002,-229.84186744493343
27.987817204000002,-229.8418506897726
27.990142249,-229.8418506897726
27.991800271000002,-229.8418506897726
27.994005241,-229.84186744493343
27.995866390000003,-229.84186744493343
27.997803092,-229.84186744493343
28.000047376,-229.84186744493343
28.001851714,-229.84186744493343
28.003942576,-229.84191771041588
28.005885122000002,-229.84186744493343
28.007817619,-229.84186744493343
28.009932656,-229.84190095525508
28.01176428,-229.84190095525508
28.013879363,-229.84190095525508
28.015893243,-229.84190095525508
28.017815882,-229.84186744493343
28.0199277,-229.84186744493343
28.022016905,-229.84186744493343
28.023863785000003,-229.84186744493343
28.025943339,-229.84186744493343
28.027783928,-229.84186744493343
28.029894714,-229.84186744493343
28.031882223,-229.8418506897726
28.03408813,-229.84186744493343
28.036122349000003,-229.84186744493343
28.037815977,-229.8418506897726
28.039836748000003,-229.84186744493343
28.041977645000003,-229.84190095525508
28.043811369,-229.84191771041588
28.045728568,-229.84186744493343
28.047825381000003,-229.84190095525508
28.049850105,-229.84186744493343
28.051692426000002,-229.8418506897726
28.053994447,-229.84190095525508
28.056000175,-229.84190095525508
28.057920152,-229.84186744493343
28.059919696,-229.84186744493343
28.061815204000002,-229.84190095525508
28.063765684000003,-229.8418506897726
28.065734139000003,-229.8418506897726
28.067773307000003,-229.84186744493343
28.069799281,-229.84186744493343
28.071732861,-229.84186744493343
28.074086222000002,-229.84186744493343
28.075856759,-229.84186744493343
28.077838562,-229.84186744493343
28.079810829000003,-229.84186744493343
28.081758658000002,-229.8418506897726
28.083741884000002,-229.84186744493343
28.085736493000002,-229.84191771041588
28.087835277000003,-229.8418506897726
28.089732373,-229.8418506897726
28.091895386,-229.8418506897726
28.093887904000002,-229.8418506897726
28.095881843,-229.8418506897726
28.097784798000003,-229.84186744493343
28.099738271000003,-229.8418506897726
28.101802542,-229.84191771041588
28.103748409,-229.84186744493343
28.105732389000003,-229.84186744493343
28.107740086000003,-229.84186744493343
28.109749425,-229.84191771041588
28.111766463000002,-229.84191771041588
28.113843441,-229.84191771041588
28.115888733000002,-229.84191771041588
28.117800188,-229.84191771041588
28.119766132000002,-229.84186744493343
28.121821701000002,-229.84186744493343
28.123772383000002,-229.84191771041588
28.125877328,-229.84190095525508
28.127873933,-229.84186744493343
28.129704156000003,-229.84195122073754
28.131859987000002,-229.84191771041588
28.133873063000003,-229.84191771041588
28.135890118000003,-229.84191771041588
28.137827683,-229.84195122073754
28.139862671000003,-229.84196797589837
28.141822532000003,-229.84195122073754
28.143783044000003,-229.84191771041588
28.145828083,-229.8418506897726
28.147814500000003,-229.84186744493343
28.149725955,-229.84195122073754
28.151731742000003,-229.84195122073754
28.153928738,-229.84191771041588
28.155796964,-229.84191771041588
28.157784866,-229.84186744493343
28.159736418,-229.84190095525508
28.161736308000002,-229.84191771041588
28.163712930000003,-229.84186744493343
28.165774887,-229.84186744493343
28.167704333000003,-229.84190095525508
28.169775237000003,-229.84186744493343
28.171708472000002,-229.84195122073754
28.174143116000003,-229.84186744493343
28.175980565000003,-229.84186744493343
28.177780549,-229.84190095525508
28.179724331000003,-229.84190095525508
28.181739927000002,-229.84186744493343
28.183806667000002,-229.84186744493343
28.185798936,-229.84186744493343
28.187750666000003,-229.84186744493343
28.190003122,-229.84186744493343
28.191724725,-229.84190095525508
28.193852721000003,-229.84190095525508
28.195877997,-229.84190095525508
28.197816207000002,-229.84191771041588
28.199807392,-229.84191771041588
28.201744769,-229.84191771041588
28.203710914000002,-229.84190095525508
28.205708245,-229.84186744493343
28.207734813000002,-229.84186744493343
28.209771014,-229.84195122073754
28.211840717,-229.84191771041588
28.213878579000003,-229.84186744493343
28.215824487000003,-229.84186744493343
28.217795141000003,-229.84191771041588
28.219764433,-229.84186744493343
28.221760121000003,-229.84190095525508
28.223819848,-229.84190095525508
28.225814728000003,-229.84190095525508
28.227783778000003,-229.84190095525508
28.229725606000002,-229.84186744493343
28.231706591000002,-229.84186744493343
28.233818894000002,-229.84186744493343
28.235984985,-229.84186744493343
28.237786115000002,-229.84186744493343
28.239790927,-229.84191771041588
28.241739914,-229.84186744493343
28.243692263000003,-229.84186744493343
28.245749632000003,-229.84191771041588
28.247709306,-229.8418506897726
28.249724826,-229.84191771041588
28.251699338,-229.84191771041588
28.253775962000002,-229.84191771041588
28.255895014,-229.84195122073754
28.258023847,-229.84195122073754
28.25972806,-229.84195122073754
28.261856229000003,-229.84195122073754
28.263991849000003,-229.84186744493343
28.265748883,-229.84186744493343
28.267761048,-229.84190095525508
28.269980395,-229.84186744493343
28.271766752,-229.84190095525508
28.273836015,-229.84191771041588
28.275942387,-229.84191771041588
28.277765546,-229.84191771041588
28.279765113000003,-229.84190095525508
28.281804916000002,-229.84190095525508
28.283753816,-229.84196797589837
28.285748305000002,-229.84191771041588
28.28788116,-229.84186744493343
28.289896302000002,-229.8418506897726
28.291874106,-229.8418506897726
28.293739865000003,-229.84190095525508
28.295896215000003,-229.84190095525508
28.297795223,-229.84186744493343
28.299723797000002,-229.8418506897726
28.301879556000003,-229.84186744493343
28.303777258,-229.84190095525508
28.305766767,-229.84186744493343
28.307738192000002,-229.84191771041588
28.309748603000003,-229.84190095525508
28.311736635000003,-229.84186744493343
28.313851980000003,-229.84186744493343
28.315836355000002,-229.84186744493343
28.317778181,-229.84190095525508
28.319762396,-229.84186744493343
28.321818667000002,-229.84190095525508
28.323817051000002,-229.84190095525508
28.325813634000003,-229.84191771041588
28.327800588000002,-229.84190095525508
28.329738602000003,-229.84186744493343
28.33176466,-229.84186744493343
28.333863734,-229.84190095525508
28.335955989000002,-229.84190095525508
28.337826565,-229.84190095525508
28.339927169000003,-229.84190095525508
28.342018988000003,-229.84191771041588
28.343782943,-229.84191771041588
28.345742067000003,-229.84195122073754
28.347785788000003,-229.84195122073754
28.350084573,-229.84191771041588
28.351802051000004,-229.84191771041588
28.353924928,-229.84190095525508
28.356091261000003,-229.84190095525508
28.357795706,-229.84190095525508
28.359761586,-229.84191771041588
28.361817956000003,-229.84191771041588
28.363748841000003,-229.84186744493343
28.365734648,-229.84190095525508
28.367749772000003,-229.84190095525508
28.36974773,-229.84186744493343
28.371782869,-229.84186744493343
28.374087605000003,-229.84190095525508
28.375826688,-229.84190095525508
28.377764084000002,-229.84190095525508
28.379831149,-229.84186744493343
28.381807454,-229.84186744493343
28.383733843,-229.84190095525508
28.385762012,-229.84190095525508
28.387721601000003,-229.84190095525508
28.389716217,-229.84190095525508
28.391739963000003,-229.84190095525508
28.393998238000002,-229.84186744493343
28.395782794000002,-229.84186744493343
28.397803706,-229.84186744493343
28.399766742,-229.84186744493343
28.401746168000003,-229.8418506897726
28.403865928000002,-229.84190095525508
28.405742550000003,-229.84186744493343
28.407701658,-229.84191771041588
28.409810298,-229.84186744493343
28.411891291000003,-229.84191771041588
28.413819958,-229.84186744493343
28.415912090000003,-229.84186744493343
28.417798493000003,-229.84190095525508
28.41982708,-229.84186744493343
28.421726678000002,-229.84186744493343
28.423746032,-229.8418506897726
28.425847758000003,-229.84186744493343
28.427941680000004,-229.84191771041588
28.429804938,-229.84190095525508
28.431948723,-229.84186744493343
28.433811355000003,-229.84186744493343
28.435881275000003,-229.84186744493343
28.437877181,-229.84191771041588
28.440016460000002,-229.84186744493343
28.441888925,-229.84186744493343
28.44387366,-229.84186744493343
28.445930264,-229.84190095525508
28.448007523,-229.84190095525508
28.449901710000002,-229.84186744493343
28.451866918,-229.84186744493343
28.454105804,-229.84190095525508
28.455980704,-229.84190095525508
28.457877392,-229.84190095525508
28.45982769,-229.84186744493343
28.461847990000003,-229.84181717945103
28.463727624,-229.8418506897726
28.465786755000003,-229.84190095525508
28.467915646,-229.84186744493343
28.4698497,-229.8418506897726
28.471857496000002,-229.84186744493343
28.473875263,-229.8418506897726
28.475861354000003,-229.8418506897726
28.477869752,-229.8418506897726
28.479861807000002,-229.84186744493343
28.481822951,-229.84186744493343
28.483826293000003,-229.84186744493343
28.485858755000002,-229.84186744493343
28.487811400000002,-229.84186744493343
28.489832430000003,-229.84186744493343
28.491765975000003,-229.84186744493343
28.493857186000003,-229.84186744493343
28.495882886,-229.84186744493343
28.497831411000003,-229.84186744493343
28.499712715,-229.84191771041588
28.501730943000002,-229.84191771041588
28.503709089,-229.84191771041588
28.50575526,-229.84190095525508
28.507702071,-229.84191771041588
28.509770583,-229.8418506897726
28.511749601,-229.84190095525508
28.513828334000003,-229.84190095525508
28.516066925,-229.84190095525508
28.517852466,-229.8418506897726
28.519898881000003,-229.84190095525508
28.521901923,-229.84191771041588
28.523944058,-229.84186744493343
28.525807626000002,-229.84190095525508
28.527783810000003,-229.84195122073754
28.529766372,-229.84190095525508
28.53173289,-229.84191771041588
28.533687423000003,-229.84191771041588
28.535977936000002,-229.84186744493343
28.537756488000003,-229.84186744493343
28.539801689,-229.84190095525508
28.541994851000002,-229.84190095525508
28.543809362,-229.84190095525508
28.545811,-229.84191771041588
28.547750623000002,-229.84186744493343
28.54978351,-229.84186744493343
28.551708303,-229.84191771041588
28.553824925,-229.84190095525508
28.555868571,-229.84190095525508
28.557762891000003,-229.84191771041588
28.559840480000002,-229.84191771041588
28.561773314000003,-229.84191771041588
28.563774607000003,-229.84190095525508
28.565756839000002,-229.84186744493343
28.567782585000003,-229.84191771041588
28.569719331,-229.84190095525508
28.571719028,-229.84186744493343
28.573840406000002,-229.84186744493343
28.575967312000003,-229.84186744493343
28.577783938000003,-229.84190095525508
28.579881032000003,-229.84190095525508
28.581820945,-229.84190095525508
28.583809487000003,-229.8418506897726
28.585764419,-229.8418506897726
28.587878816000003,-229.8418506897726
28.589801745000003,-229.84190095525508
28.591736388,-229.84190095525508
28.593760642000003,-229.84191771041588
28.595847483,-229.84191771041588
28.597865621,-229.84191771041588
28.599766263000003,-229.84191771041588
28.601795215000003,-229.84186744493343
28.603703155,-229.84190095525508
28.60571883,-229.84186744493343
28.607752716,-229.84190095525508
28.609808354000002,-229.84190095525508
28.611725833,-229.84186744493343
28.61391499,-229.8418506897726
28.615804221,-229.8418506897726
28.617770115000003,-229.84191771041588
28.619811400000003,-229.84191771041588
28.621761722000002,-229.84181717945103
28.623870825,-229.8418506897726
28.62580711,-229.84186744493343
28.627778878,-229.84190095525508
28.629717902000003,-229.84190095525508
28.631707752,-229.84191771041588
28.633932878000003,-229.84190095525508
28.635798262,-229.84190095525508
28.637786000000002,-229.84190095525508
28.639765410000003,-229.84186744493343
28.641956737,-229.8418506897726
28.643780129000003,-229.8418506897726
28.645743633000002,-229.8418506897726
28.647766599,-229.84181717945103
28.649730225000003,-229.84186744493343
28.651751407000003,-229.84186744493343
28.653821970000003,-229.84186744493343
28.655856030000002,-229.84186744493343
28.657770522000003,-229.84186744493343
28.659754317,-229.84191771041588
28.661850005,-229.84191771041588
28.663751939,-229.84186744493343
28.665754475000004,-229.84181717945103
28.667735211,-229.84181717945103
28.669733406000002,-229.84186744493343
28.672084475000002,-229.84196797589837
28.674093015,-229.84186744493343
28.676015516000003,-229.84186744493343
28.677917871000002,-229.84186744493343
28.680124286,-229.84186744493343
28.681965728,-229.84186744493343
28.68377106,-229.84181717945103
28.685746799,-229.84181717945103
28.687778697000002,-229.84186744493343
28.689792777,-229.8418506897726
28.691992517000003,-229.84186744493343
28.694101096,-229.84186744493343
28.695998665,-229.84186744493343
28.698013390000003,-229.84186744493343
28.699876653,-229.84186744493343
28.701784223,-229.84190095525508
28.703974229000004,-229.84186744493343
28.705822251,-229.84181717945103
28.70780444,-229.84190095525508
28.709928232000003,-229.84186744493343
28.711988753000004,-229.84190095525508
28.714302210000003,-229.84186744493343
28.715971423000003,-229.84186744493343
28.717821503000003,-229.84191771041588
28.719763112000003,-229.84191771041588
28.721846139,-229.8418506897726
28.723865146,-229.84186744493343
28.725852625,-229.84186744493343
28.727935382000002,-229.84186744493343
28.729882059,-229.84186744493343
28.731875819000003,-229.84186744493343
28.734073359000003,-229.84181717945103
28.736079644,-229.84181717945103
28.737887929000003,-229.84186744493343
28.739949035000002,-229.84190095525508
28.741927288000003,-229.8418506897726
28.743917922,-229.84181717945103
28.745707155,-229.84186744493343
28.747821713,-229.84186744493343
28.749752364000003,-229.8418506897726
28.752085088,-229.84186744493343
28.754049061000003,-229.84186744493343
28.755864867000003,-229.84186744493343
28.757856012,-229.84186744493343
28.759759498,-229.8418506897726
28.761973207,-229.84186744493343
28.763842444,-229.84186744493343
28.765954957,-229.84190095525508
28.767750930000002,-229.84190095525508
28.769926135000002,-229.84190095525508
28.771889309000002,-229.84190095525508
28.773940926,-229.84186744493343
28.776040987000002,-229.84186744493343
28.777958320000003,-229.84186744493343
28.779949334,-229.8418506897726
28.781965166000003,-229.84190095525508
28.783731534,-229.84186744493343
28.785732238,-229.84186744493343
28.787751738,-229.84186744493343
28.789759328000002,-229.8418506897726
28.791775958000002,-229.8418506897726
28.7938787,-229.8418506897726
28.795859183,-229.8418506897726
28.797782744000003,-229.84186744493343
28.799777124000002,-229.84190095525508
28.801743197,-229.84186744493343
28.803753385,-229.84186744493343
28.805722151,-229.8418506897726
28.807727166000003,-229.84181717945103
28.809727038000002,-229.84186744493343
28.811785216,-229.84181717945103
28.813991532000003,-229.84186744493343
28.815875435000002,-229.84186744493343
28.817885968000002,-229.84186744493343
28.819894809,-229.84186744493343
28.821761944000002,-229.84186744493343
28.823879543,-229.84190095525508
28.825869243000003,-229.84186744493343
28.827837788,-229.84190095525508
28.829911017,-229.84186744493343
28.831829684000002,-229.84186744493343
28.834278952000002,-229.84190095525508
28.835986086000002,-229.84190095525508
28.837905515000003,-229.84186744493343
28.839802610000003,-229.8418506897726
28.84185991,-229.84186744493343
28.843780853000002,-229.8418506897726
28.845805429000002,-229.84190095525508
28.847800397,-229.8418506897726
28.849885235000002,-229.8418506897726
28.85184087,-229.8418506897726
28.854068957000003,-229.84186744493343
28.856072522,-229.84186744493343
28.857895474000003,-229.84186744493343
28.85988018,-229.84186744493343
28.861960939000003,-229.84191771041588
28.863974012000003,-229.84186744493343
28.865845410000002,-229.84186744493343
28.867788075000004,-229.8418506897726
28.869969546,-229.84186744493343
28.871966460000003,-229.84186744493343
28.874088663000002,-229.84186744493343
28.876036608000003,-229.84186744493343
28.877824259,-229.84181717945103
28.880010520000003,-229.84186744493343
28.881839176000003,-229.84190095525508
28.883893858,-229.84186744493343
28.886118173000003,-229.84191771041588
28.887914335,-229.84190095525508
28.889928063000003,-229.84186744493343
28.891938031000002,-229.84191771041588
28.893973300000003,-229.8418506897726
28.895970065,-229.8418506897726
28.897932773,-229.84186744493343
28.899857249,-229.84186744493343
28.902075674000002,-229.84186744493343
28.903974074,-229.84186744493343
28.905992287,-229.8418506897726
28.907843123000003,-229.84186744493343
28.909763319000003,-229.84186744493343
28.911975117,-229.8418506897726
28.914236049000003,-229.84181717945103
28.916218336000004,-229.84181717945103
28.91812871,-229.84190095525508
28.920123653,-229.84186744493343
28.922104140000002,-229.84186744493343
28.923801466,-229.84191771041588
28.925910509,-229.84181717945103
28.927994050000002,-229.8418506897726
28.929878801,-229.84186744493343
28.931884956,-229.84186744493343
28.933893443000002,-229.84186744493343
28.936123444000003,-229.84186744493343
28.938135028,-229.84186744493343
28.939920974000003,-229.84186744493343
28.941858545000002,-229.8418506897726
28.943725401000002,-229.84186744493343
28.945757271,-229.84181717945103
28.947781469000002,-229.84186744493343
28.949761645000002,-229.8418506897726
28.951869225000003,-229.8418506897726
28.954067418,-229.84190095525508
28.955780712000003,-229.84190095525508
28.957766299000003,-229.84186744493343
28.959748173,-229.8418506897726
28.96175626,-229.84181717945103
28.963769601000003,-229.8418506897726
28.965777354,-229.84181717945103
28.967746668,-229.84186744493343
28.969772287,-229.84186744493343
28.971723578000002,-229.84186744493343
28.973928224,-229.84186744493343
28.975960302,-229.84186744493343
28.977955509,-229.8418506897726
28.980070449000003,-229.8418506897726
28.981846732,-229.8418004242902
28.983913954000002,-229.84186744493343
28.985804306000002,-229.84181717945103
28.987841043000003,-229.84186744493343
28.989899721,-229.8418506897726
28.991816542000002,-229.8418506897726
28.993850093000002,-229.84181717945103
28.996005453000002,-229.84181717945103
28.997872227000002,-229.8418506897726
28.999834348,-229.8418004242902
29.001822748000002,-229.8418506897726
29.003830905,-229.84181717945103
29.005816287000002,-229.84181717945103
29.007754991000002,-229.84190095525508
29.009792089,-229.84186744493343
29.011782717000003,-229.84186744493343
29.013974954000002,-229.84186744493343
29.015905150000002,-229.84186744493343
29.017875863,-229.8418506897726
29.019825568,-229.84186744493343
29.021893654000003,-229.8418506897726
29.023903692,-229.8418506897726
29.025860862000002,-229.8418506897726
29.027902478,-229.84186744493343
29.029758053000002,-229.84186744493343
29.031758234,-229.84186744493343
29.034255612000003,-229.8418506897726
29.035840247000003,-229.8418506897726
29.037970126,-229.84186744493343
29.039896837,-229.84181717945103
29.041931374,-229.84186744493343
29.044126870000003,-229.84186744493343
29.045783581000002,-229.84186744493343
29.047885842000003,-229.84195122073754
29.04988661,-229.84190095525508
29.051800261,-229.84191771041588
29.053968889,-229.8418506897726
29.055974706,-229.8418506897726
29.057903340000003,-229.84186744493343
29.059914966,-229.84190095525508
29.062002257000003,-229.84186744493343
29.063810461000003,-229.84186744493343
29.065918076000003,-229.84190095525508
29.067881093,-229.84186744493343
29.069904372000003,-229.8418506897726
29.071771162,-229.84186744493343
29.073955464,-229.84186744493343
29.076069561,-229.84186744493343
29.077771693000003,-229.84186744493343
29.079838584,-229.84186744493343
29.081767260000003,-229.84190095525508
29.083760278000003,-229.84186744493343
29.08576585,-229.84186744493343
29.087762342,-229.8418506897726
29.089763079,-229.8418506897726
29.091738798,-229.8418506897726
29.093872518,-229.84190095525508
29.095828509,-229.84190095525508
29.097916146000003,-229.8418506897726
29.099966529000003,-229.8418506897726
29.101887764,-229.8418506897726
29.104034480000003,-229.84191771041588
29.105905867,-229.84191771041588
29.10783976,-229.84190095525508
29.109794873000002,-229.84191771041588
29.111750501000003,-229.84191771041588
29.114172940000003,-229.84190095525508
29.116122481,-229.84190095525508
29.117855626,-229.84186744493343
29.119906642,-229.84190095525508
29.121909085000002,-229.84190095525508
29.123914101,-229.84186744493343
29.126128332,-229.84186744493343
29.127921493000002,-229.84190095525508
29.129926555,-229.84186744493343
29.131797736000003,-229.84191771041588
29.133839123,-229.84186744493343
29.135887664000002,-229.84186744493343
29.137833126,-229.84191771041588
29.139862758000003,-229.84190095525508
29.141907162000003,-229.84186744493343
29.143766538,-229.84186744493343
29.145767624,-229.84181717945103
29.147765333000002,-229.84181717945103
29.149742758000002,-229.84181717945103
29.151744973000003,-229.84186744493343
29.153917458000002,-229.84186744493343
29.155874229000002,-229.84186744493343
29.157779745000003,-229.84190095525508
29.159993046,-229.8418506897726
29.161770760000003,-229.8418506897726
29.163755730000002,-229.84190095525508
29.165753964,-229.84186744493343
29.167762527,-229.84186744493343
29.169765738000002,-229.84190095525508
29.171729487,-229.84186744493343
29.173856739,-229.8418506897726
29.175826625000003,-229.8418506897726
29.177800426,-229.84186744493343
29.179741782,-229.8418506897726
29.181766613,-229.84181717945103
29.183818726000002,-229.8418506897726
29.185757002000003,-229.8418004242902
29.187749460000003,-229.8418506897726
29.189756182000004,-229.84181717945103
29.191745756000003,-229.8418506897726
29.193804342000004,-229.84176691396854
29.195945282,-229.8418506897726
29.197761833,-229.8418506897726
29.199758769000002,-229.84190095525508
29.201806861,-229.84186744493343
29.203741638,-229.84186744493343
29.205702563000003,-229.84186744493343
29.207743328000003,-229.8418506897726
29.209774055,-229.8418506897726
29.211742288000003,-229.84186744493343
29.213779393000003,-229.8418506897726
