t,value
0.9885954100000001,-6.158
0.9889493770000001,-6.158
0.990907626,-6.216
0.992941756,-6.216
0.9947296880000001,-6.104
0.9967273170000001,-6.075
0.9987270450000001,-6.24
1.0007808980000001,-6.24
1.002659961,-6.075
1.0046685830000002,-6.368
1.006644241,-6.368
1.0086497170000002,-6.377
1.0105962640000001,-6.377
1.0126144940000001,-6.158
1.014598284,-6.261
1.016647487,-6.121
1.018639193,-6.265000000000001
1.020823516,-6.178
1.022700344,-6.178
1.024668343,-6.183
1.026629601,-6.211
1.0287236100000001,-6.236
1.0307208250000002,-5.997
1.0327037940000001,-6.319
1.0346215920000001,-6.046
1.036637435,-6.393
1.0386331960000001,-6.1530000000000005
1.0408084290000001,-6.178
1.042654161,-6.178
1.044656967,-6.203
1.046754798,-6.212
1.048708787,-6.158
1.0507207840000001,-6.158
1.052721354,-6.269
1.054685147,-6.187
1.056621473,-6.348
1.058619011,-6.269
1.060918991,-5.968
1.0628946700000002,-5.968
1.06492998,-6.051
1.066848234,-6.154
1.06877565,-6.245
1.070973709,-6.022
1.072756067,-6.261
1.074687795,-6.29
1.0767455590000001,-6.38
1.078760219,-6.1290000000000004
1.081111511,-6.149
1.082772123,-6.149
1.084757007,-6.055
1.0867081570000001,-6.1000000000000005
1.088688004,-6.236
1.090701141,-5.997
1.0926392200000001,-6.29
1.0946479930000002,-6.2410000000000005
1.096622294,-6.2410000000000005
1.09863415,-6.24
1.100823673,-6.232
1.102810281,-6.232
1.104662033,-6.216
1.106757779,-6.211
1.1090082300000002,-6.154
1.110702733,-6.154
1.112747733,-6.154
1.114749875,-6.344
1.11665232,-6.187
1.1188130360000001,-6.104
1.120878289,-6.079
1.122695851,-6.079
1.1246557910000001,-6.183
1.126646926,-6.1000000000000005
1.1286686140000002,-6.384
1.1306230430000002,-6.158
1.13261457,-6.2940000000000005
1.1347239900000001,-6.183
1.136646304,-6.269
1.138617974,-6.261
1.1410498660000001,-6.104
1.1427028430000001,-6.104
1.144655846,-6.096
1.14671636,-6.1000000000000005
1.148776316,-6.162
1.1508360210000002,-6.207
1.152822542,-6.051
1.154715433,-6.269
1.156722056,-6.149
1.158596983,-6.203
1.160971409,-6.138
1.1628243790000001,-6.138
1.1648364070000001,-6.244
1.1668146750000001,-6.187
1.1687970060000001,-6.377
1.170627627,-6.071
1.172731035,-6.232
1.1747779440000001,-6.2410000000000005
1.1766479330000001,-6.186
1.179004258,-6.323
1.1809528790000001,-6.323
1.182813437,-6.261
1.1849856760000002,-6.261
1.186821606,-6.261
1.18864184,-6.2700000000000005
1.1907092220000002,-6.104
1.192783394,-6.186
1.1948866280000001,-6.075
1.196825883,-6.2860000000000005
1.1986856240000001,-6.109
1.2009895130000001,-6.095
1.202717942,-6.095
1.2047081290000001,-6.154
1.2066834910000002,-6.154
1.20866676,-6.133
1.210836545,-6.368
1.212752729,-6.183
1.2146399890000001,-6.125
1.2167818240000001,-6.178
1.218654656,-6.364
1.221102125,-6.179
1.2228744870000001,-6.179
1.224770233,-6.1290000000000004
1.226625788,-5.997
1.228623998,-6.236
1.230631601,-6.29
1.232629997,-6.154
1.234711168,-6.187
1.2367534770000002,-6.163
1.2386703460000001,-6.178
1.241012252,-6.187
1.242817014,-6.187
1.244692801,-6.212
1.246622778,-6.179
1.248669645,-6.236
1.2506939270000001,-6.2940000000000005
1.2526396260000001,-6.179
1.254683277,-6.187
1.2567273110000001,-6.211
1.2586273060000002,-6.1000000000000005
1.260920338,-6.372
1.262709008,-6.372
1.264664154,-6.273
1.2667766980000001,-6.212
1.2686109970000001,-6.1000000000000005
1.2707408290000002,-6.319
1.272755166,-6.2940000000000005
1.2747179180000001,-6.265000000000001
1.2766365560000001,-6.154
1.2789421170000002,-6.1000000000000005
1.280941026,-6.1000000000000005
1.2827016290000002,-6.216
1.2847807370000002,-6.2940000000000005
1.2866408580000002,-6.236
1.288609635,-6.1290000000000004
1.290639334,-6.29
1.2926567,-6.293
1.294634081,-6.29
1.2966318460000001,-6.174
1.2986145290000002,-6.174
1.300826732,-6.026
1.3026630430000001,-6.026
1.304671104,-6.104
1.3066530520000001,-6.265000000000001
1.3086271520000001,-6.212
1.310620681,-6.158
1.3126286230000002,-6.212
1.314644946,-6.199
1.316615182,-6.133
1.318837716,-6.15
1.3208062980000002,-6.15
1.32270065,-6.232
1.324639512,-6.232
1.326620884,-6.187
1.3286039900000002,-6.236
1.3306312820000001,-6.133
1.3326361800000002,-6.138
1.334776726,-6.1290000000000004
1.3368667360000002,-6.236
1.338639584,-6.236
1.3408571500000002,-6.071
1.342701885,-6.071
1.3446496970000001,-6.15
1.3466721700000002,-6.29
1.348641232,-6.207
1.350655509,-6.154
1.352625814,-6.158
1.354638319,-6.104
1.3566199890000001,-6.347
1.358655395,-6.216
1.3611413600000002,-6.104
1.3626752610000001,-6.104
1.364670384,-6.179
1.36673705,-6.365
1.3686454250000002,-6.236
1.3706181780000002,-6.236
1.372602455,-6.2940000000000005
1.3746515240000001,-6.133
1.37660845,-6.24
1.3786526890000002,-6.257000000000001
1.3810449340000002,-6.133
1.3829764930000001,-6.133
1.384684714,-6.154
1.3867314320000002,-6.315
1.388696292,-6.203
1.390705514,-6.339
1.392670706,-6.08
1.3946526620000002,-6.2940000000000005
1.396628554,-6.265000000000001
1.398659917,-6.426
1.4008655440000002,-6.2860000000000005
1.40266709,-6.2860000000000005
1.4047196590000002,-6.1530000000000005
1.406656342,-6.1530000000000005
1.408639172,-6.282
1.4106707200000002,-6.221
1.4126121930000002,-6.075
1.4146052800000002,-6.265000000000001
1.416723943,-6.125
1.418717926,-6.178
1.420952505,-6.08
1.4226723650000002,-6.08
1.424680817,-6.257000000000001
1.4266712810000002,-6.397
1.4287806870000002,-6.24
1.430737814,-6.207
1.432654133,-6.257000000000001
1.4346413150000001,-6.158
1.4366465460000002,-6.158
1.438631132,-6.1240000000000006
1.4409394960000002,-6.15
1.4427308540000001,-6.15
1.4447099540000001,-6.154
1.4467795030000001,-6.154
1.4486679100000002,-6.265000000000001
1.4506486360000002,-6.236
1.4526998290000002,-6.372
1.454693733,-6.252
1.4566512,-6.232
1.4586345930000002,-6.343
1.4608276020000002,-6.187
1.4628770930000001,-6.187
1.4647961310000002,-6.236
1.466703566,-6.149
1.468851678,-6.207
1.47065975,-6.29
1.472688043,-6.319
1.474773805,-6.178
1.476832597,-6.207
1.478852781,-6.001
1.481037015,-6.2410000000000005
1.482932025,-6.2410000000000005
1.4846571240000002,-6.212
1.4869333530000002,-6.154
1.488667632,-6.154
1.4908169910000002,-6.2940000000000005
1.49276117,-6.207
1.4948441140000002,-6.207
1.496910616,-6.323
1.49897743,-6.257000000000001
1.5010183380000002,-6.351
1.5029773750000002,-6.351
1.504865096,-6.051
1.50687974,-6.051
1.508730402,-6.212
1.510773551,-6.096
1.5129194590000001,-6.096
1.5148282700000002,-6.282
1.51684204,-6.1290000000000004
1.518669086,-6.3100000000000005
1.521001236,-6.319
1.523260668,-6.319
1.52472476,-6.269
1.526807894,-6.323
1.528694639,-6.29
1.530685093,-6.2940000000000005
1.532680845,-6.203
1.5346870570000002,-6.212
1.5365985420000001,-6.187
1.538740162,-6.269
1.540795892,-6.269
1.542776455,-6.269
1.544779222,-6.236
1.546665452,-6.347
1.548701436,-6.269
1.550677268,-6.187
1.5527161170000001,-6.133
1.554650018,-6.315
1.556676535,-6.261
1.5587417540000001,-6.203
1.5610392700000002,-6.265000000000001
1.562793539,-6.265000000000001
1.5646539030000002,-6.261
1.5668887420000002,-6.133
1.5687111710000001,-6.257000000000001
1.570609944,-6.328
1.5727885080000001,-6.187
1.574907475,-6.154
1.5769596590000001,-6.257000000000001
1.5786828160000002,-6.162
1.581120923,-6.2860000000000005
1.5826997200000001,-6.2860000000000005
1.5848261430000001,-6.203
1.586824448,-6.319
1.588641344,-6.24
1.59060879,-6.212
1.592797137,-6.257000000000001
1.5948103070000001,-6.323
1.596623904,-6.191
1.598818112,-6.046
1.6007652920000002,-6.046
1.602795994,-6.191
1.6047551960000002,-6.191
1.606673209,-6.34
1.6087148900000001,-6.158
1.610713373,-6.215
1.612640397,-6.319
1.614724177,-6.344
1.6167260970000001,-6.15
1.618623002,-6.207
1.620977823,-6.2700000000000005
1.622783016,-6.2700000000000005
1.6247840340000002,-6.178
1.6267446920000002,-6.372
1.628803451,-6.1290000000000004
1.630754116,-6.261
1.6326412140000002,-6.261
1.634814416,-6.377
1.6366986010000002,-6.48
1.6389744140000002,-6.29
1.640828073,-6.187
1.6429899030000001,-6.187
1.6447599540000002,-6.187
1.646678271,-6.187
1.6487473410000002,-6.183
1.650672817,-6.158
1.652697161,-6.158
1.654929437,-6.211
1.656674135,-6.178
1.6588471280000001,-6.046
1.6611068830000002,-6.2940000000000005
1.662854032,-6.2940000000000005
1.6646937970000002,-6.4510000000000005
1.666727682,-6.4510000000000005
1.668828543,-6.207
1.6706482820000002,-6.104
1.6729627640000002,-6.212
1.6747455210000002,-6.401
1.6766143210000002,-6.232
1.678631443,-6.228
1.68089667,-6.125
1.6826777830000001,-6.125
1.684689939,-6.232
1.6866680340000002,-6.232
1.688647709,-6.15
1.6907819160000002,-6.265000000000001
1.6926565370000002,-6.1290000000000004
1.694623494,-6.149
1.6966626470000001,-6.319
1.6986507320000002,-6.365
1.7008669,-6.046
1.7028077570000002,-6.046
1.7047998750000002,-6.125
1.7068311980000002,-6.257000000000001
1.709121844,-6.125
1.7107171710000002,-6.216
1.71294976,-6.216
1.714734758,-6.269
1.71707084,-6.261
1.718716689,-6.203
1.7209274280000002,-6.372
1.7228128420000002,-6.372
1.7246964900000001,-6.207
1.726735745,-6.299
1.7286600170000002,-6.261
1.730673608,-6.232
1.7327496420000001,-6.2700000000000005
1.7348593680000002,-6.2940000000000005
1.7367832580000002,-6.211
1.7386412960000002,-6.368
1.7409562150000002,-6.216
1.7426904040000002,-6.216
1.7446695970000001,-6.158
1.7467545750000002,-6.261
1.7486319140000002,-6.125
1.750634693,-6.2410000000000005
1.752636947,-6.2410000000000005
1.7546705740000001,-6.331
1.7566651320000002,-6.212
1.758655767,-6.236
1.7609577710000002,-6.245
1.7627370130000002,-6.245
1.764741278,-6.179
1.7667179400000002,-6.265000000000001
1.768730716,-6.315
1.770697532,-6.236
1.772808965,-6.236
1.7747079000000001,-6.178
1.7767044340000002,-6.075
1.77886201,-6.1000000000000005
1.7810896420000002,-6.216
1.783056672,-6.216
1.784822487,-6.319
1.786731427,-6.314
1.788676775,-6.314
1.790672988,-6.3100000000000005
1.792592573,-6.3100000000000005
1.794673017,-6.162
1.796651967,-6.2860000000000005
1.798600927,-6.075
1.8008158900000002,-6.162
1.802694095,-6.162
1.8046472500000001,-6.178
1.806824822,-6.221
1.8086453910000002,-6.221
1.8106316070000001,-6.319
1.812668729,-5.997
1.8146503920000001,-6.207
1.816666316,-6.119
1.818688901,-6.265000000000001
1.8208519380000001,-6.285
1.822656424,-6.285
1.8246800900000002,-6.178
1.8266875850000002,-6.022
1.828636195,-6.236
1.8306816110000002,-6.236
1.8326423840000001,-6.343
1.8346466540000002,-6.026
1.8366111680000001,-6.285
1.838656349,-6.212
1.841025683,-6.138
1.8426682030000001,-6.138
1.8447414030000002,-6.079
1.8466540070000002,-6.079
1.848619502,-6.2860000000000005
1.85066846,-6.1000000000000005
1.852713022,-5.989
1.8546405030000002,-6.187
1.856642077,-6.1290000000000004
1.858647162,-6.158
1.860810223,-6.163
1.862663439,-6.163
1.8646571900000002,-6.046
1.866720726,-6.046
1.8686919640000001,-6.236
1.8706995160000002,-6.212
1.872668175,-6.212
1.8746323770000002,-6.158
1.876643014,-6.29
1.878606012,-6.29
1.880798283,-6.343
1.882642117,-6.343
1.8846838810000002,-6.256
1.8868322780000002,-6.212
1.888770789,-6.212
1.890653138,-6.207
1.892720146,-6.203
1.894729158,-6.104
1.896713086,-6.2940000000000005
1.898724815,-6.186
1.900866246,-6.186
1.9027993740000002,-6.207
1.904772514,-6.207
1.9069657880000002,-6.071
1.909062998,-6.207
1.910803916,-6.207
1.9127220450000002,-6.236
1.9147507430000001,-6.178
1.917101213,-6.183
1.918815125,-6.183
1.9209638590000002,-6.24
1.923105564,-6.24
1.924739087,-6.046
1.926751147,-6.328
1.9287565080000002,-6.067
1.9307295610000001,-6.2940000000000005
1.932668239,-6.207
1.9347336350000002,-6.347
1.9368260320000001,-6.269
1.938616488,-6.187
1.94090439,-6.211
1.942788382,-6.211
1.944689461,-6.2940000000000005
1.946992438,-6.373
1.9487849730000002,-6.373
1.9507909650000002,-6.1530000000000005
1.9528157080000001,-6.265000000000001
1.954922999,-6.158
1.9567441380000001,-6.158
1.958792933,-6.211
1.960966055,-6.29
1.962820685,-6.29
1.9649144040000002,-6.265000000000001
1.9668280050000002,-6.1000000000000005
1.9687397050000002,-6.187
1.9709827430000002,-6.149
1.9726723560000001,-6.149
1.974655158,-6.125
1.976601089,-6.319
1.978806553,-6.125
1.9810350300000001,-6.154
1.9827153510000002,-6.154
1.9848263220000002,-6.228
1.986843922,-6.187
1.9887376090000002,-6.232
1.9906226720000002,-6.207
1.9927782010000001,-6.2940000000000005
1.9946481260000002,-6.232
1.9967360100000002,-6.203
1.9986337610000002,-6.212
2.0007606950000003,-6.1000000000000005
2.0027660480000002,-6.154
2.004857489,-6.232
2.0066252060000003,-6.215
2.0087399770000003,-6.132000000000001
2.010826824,-6.308
2.012748052,-6.3100000000000005
2.014727582,-6.2860000000000005
2.0167932250000002,-6.109
2.018736864,-6.216
2.021017274,-6.207
2.0227462650000003,-6.207
2.024689169,-6.236
2.026624168,-6.1290000000000004
2.028642682,-6.216
2.0306154750000003,-6.29
2.03260125,-6.158
2.034634934,-6.2410000000000005
2.036623296,-6.046
2.038652404,-6.125
2.0408830040000003,-6.215
2.042674904,-6.215
2.044668287,-6.104
2.046711386,-5.997
2.0486778930000002,-6.148
2.050657056,-6.236
2.0527553110000003,-6.075
2.05462667,-6.095
2.056618266,-6.212
2.0586369700000002,-6.228
2.06080924,-6.202
2.062673021,-6.202
2.064669636,-6.026
2.0666423540000003,-6.1290000000000004
2.068619452,-6.133
2.070639948,-6.104
2.072623395,-6.154
2.074600464,-6.109
2.076619189,-6.212
2.0786575110000003,-6.178
2.080855127,-6.236
2.082687145,-6.236
2.0846379440000002,-5.9430000000000005
2.086610613,-6.299
2.0887495250000003,-6.212
2.090773686,-6.299
2.0926361680000003,-6.216
2.094752872,-6.236
2.0966551250000003,-6.236
2.098625818,-6.046
2.1008086280000002,-6.319
2.102666257,-6.319
2.104674674,-6.2860000000000005
2.1066457300000003,-6.207
2.108836932,-6.207
2.110639212,-6.133
2.112605898,-6.231
2.114632196,-6.236
2.116630294,-6.212
2.118621858,-6.08
2.1209410820000003,-6.236
2.123030093,-6.236
2.124725648,-6.273
2.1266806430000003,-6.002
2.128782381,-6.265000000000001
2.13065877,-6.054
2.1325965090000003,-6.236
2.1346489810000002,-6.026
2.136711563,-6.393
2.1386731510000003,-6.397
2.1407784970000003,-6.232
2.142829567,-6.232
2.144758591,-6.154
2.146691729,-6.051
2.1486253410000002,-6.236
2.150629319,-6.211
2.152642992,-6.211
2.154614817,-6.232
2.156593636,-6.1000000000000005
2.158648125,-6.344
2.160833668,-6.125
2.1628097530000003,-6.125
2.164700187,-6.236
2.166674227,-6.236
2.168629824,-6.228
2.170619458,-6.245
2.1726403640000003,-6.183
2.174779421,-6.1290000000000004
2.176758064,-6.1240000000000006
2.178699865,-6.1240000000000006
2.180983517,-6.08
2.1829368970000003,-6.08
2.1847486430000003,-6.381
2.186920545,-6.154
2.188748383,-6.187
2.1906692540000003,-6.232
2.192717195,-6.014
2.194648075,-6.179
2.1967268570000003,-6.022
2.198852752,-6.051
2.2009373460000003,-6.051
2.202792294,-6.154
2.204834318,-6.261
2.206814151,-6.261
2.208776412,-6.269
2.210745813,-6.216
2.212741892,-6.24
2.2146292560000003,-6.2700000000000005
2.216734507,-6.1000000000000005
2.21884628,-6.178
2.2209988800000002,-6.265000000000001
2.222969156,-6.265000000000001
2.2247491910000003,-6.096
2.226973462,-6.104
2.2288586510000004,-6.104
2.230731289,-6.212
2.232738157,-6.183
2.2349092180000003,-6.158
2.236737631,-6.48
2.238793903,-6.265000000000001
2.240921269,-6.134
2.242782849,-6.134
2.244758344,-6.182
2.246752312,-6.183
2.248785089,-6.372
2.250770647,-6.104
2.252655925,-6.422
2.254718231,-6.216
2.25665651,-6.344
2.2588151030000003,-6.162
2.260938276,-6.162
2.262778752,-6.228
2.264770314,-6.2700000000000005
2.266763632,-6.154
2.2687825910000003,-6.1000000000000005
2.27062189,-6.1290000000000004
2.272711429,-6.257000000000001
2.274764127,-6.257000000000001
2.276652388,-6.158
2.278826383,-6.377
2.280880706,-6.162
2.282909124,-6.162
2.2848200800000003,-6.232
2.286772354,-6.187
2.288742026,-6.215
2.290816148,-6.071
2.292656568,-6.002
2.2946183700000002,-6.021
2.296612683,-6.154
2.298648327,-6.203
2.300884806,-6.104
2.302717304,-6.104
2.30463891,-6.319
2.3066327600000003,-6.3340000000000005
2.308640354,-6.1290000000000004
2.310633021,-6.182
2.3126609200000003,-6.324
2.314715839,-6.079
2.316674127,-6.079
2.318630234,-6.207
2.320819875,-6.2410000000000005
2.322673569,-6.2410000000000005
2.3246440550000003,-6.24
2.326865341,-6.095
2.3287285260000004,-6.1530000000000005
2.330638561,-6.1530000000000005
2.332641376,-6.05
2.334627122,-6.187
2.3366752660000003,-6.183
2.338755716,-6.022
2.3410664910000003,-6.149
2.3428070940000003,-6.149
2.344811349,-6.261
2.346898169,-6.245
2.348934335,-6.125
2.3507836710000003,-6.212
2.3527683390000003,-6.426
2.354758534,-6.216
2.3566492720000003,-6.075
2.3587672580000003,-6.183
2.3610261510000004,-6.079
2.3628151,-6.079
2.364794664,-6.022
2.3669986130000003,-6.183
2.3690875350000002,-6.179
2.370829415,-6.1290000000000004
2.372783503,-6.187
2.3747132370000004,-6.121
2.376760918,-6.347
2.3789145670000003,-6.202
2.381123111,-6.211
2.382743847,-6.211
2.3847407570000003,-6.204
2.3868084680000003,-6.1290000000000004
2.388799741,-6.1290000000000004
2.390731886,-6.1290000000000004
2.392743989,-6.422
2.3947009120000002,-6.207
2.396769684,-6.183
2.398706759,-6.211
2.4011515770000003,-6.211
2.402833716,-6.207
2.404712663,-6.154
2.406689927,-6.231
2.408686185,-6.207
2.41072129,-6.207
2.412692278,-6.1290000000000004
2.414711038,-6.265000000000001
2.416697992,-6.075
2.4186941980000003,-6.314
2.420887732,-6.1000000000000005
2.422729292,-6.1000000000000005
2.42478106,-6.372
2.426744509,-6.042
2.4287092030000004,-6.319
2.430699771,-6.133
2.432736949,-6.212
2.434648542,-6.187
2.4366492020000003,-6.178
2.438682946,-6.158
2.4408420900000003,-6.158
2.442793947,-6.104
2.4446556160000004,-6.104
2.4466715380000004,-6.236
2.448748017,-6.212
2.450820037,-6.104
2.452725048,-6.265000000000001
2.454732739,-6.373
2.456681084,-6.323
2.458670074,-6.393
2.460916434,-6.2940000000000005
2.4627088070000003,-6.2940000000000005
2.4646965510000003,-6.183
2.4666812780000003,-6.236
2.468657302,-6.133
2.470631178,-6.183
2.4726519490000003,-6.026
2.474618769,-6.269
2.476703895,-6.2
2.4787534410000003,-6.319
2.480842061,-6.026
2.4827069180000003,-6.026
2.4846891280000003,-6.216
2.486655088,-6.202
2.488674895,-6.319
2.490643962,-6.186
2.4926154040000004,-5.948
2.494626621,-6.265000000000001
2.4967469860000002,-6.236
2.4987040510000003,-6.154
2.500999717,-6.133
2.50299963,-6.133
2.5047600230000002,-6.282
2.506808092,-6.315
2.508699474,-6.2940000000000005
2.510678344,-6.2940000000000005
2.512792493,-6.15
2.5146452850000003,-6.187
2.516670076,-6.252
2.519159143,-6.147
2.520857807,-6.147
2.5228665070000003,-6.075
2.5249955490000002,-6.158
2.5266934400000003,-6.158
2.528735219,-6.299
2.530772128,-6.211
2.5329172730000002,-6.15
2.5347142390000004,-6.15
2.536670604,-6.29
2.538664056,-6.178
2.540767955,-6.377
2.542771708,-6.377
2.544774232,-6.232
2.546729871,-6.232
2.5486425870000002,-6.1290000000000004
2.550654606,-6.212
2.5526426030000002,-6.158
2.554600669,-6.1000000000000005
2.5566328720000002,-6.207
2.5586410930000003,-6.163
2.5608265780000004,-6.154
2.562721852,-6.154
2.5647081330000003,-6.125
2.566619072,-6.1290000000000004
2.568637678,-6.183
2.5708044720000003,-6.1290000000000004
2.5726154610000003,-6.026
2.5747498010000003,-6.178
2.5767675320000003,-6.1290000000000004
2.578638928,-6.182
2.5808765740000004,-6.212
2.582739497,-6.212
2.584680584,-6.314
2.586633301,-6.236
2.588730913,-6.0840000000000005
2.590710882,-6.054
2.5926138780000003,-6.232
2.594650628,-6.133
2.5966157780000003,-6.022
2.598626559,-6.162
2.600807071,-6.315
2.602729365,-6.315
2.604658005,-6.261
2.606620752,-6.261
2.6086360120000003,-6.2940000000000005
2.6106065550000004,-6.178
2.612648742,-6.162
2.6147233190000003,-6.095
2.616667838,-6.183
2.618792978,-6.422
2.621055794,-6.422
2.623008901,-6.2940000000000005
2.6251223670000003,-6.29
2.6266733500000004,-6.29
2.6289354400000002,-6.211
2.6306898270000003,-6.211
2.632642867,-6.1240000000000006
2.634611896,-6.311
2.636751261,-6.265000000000001
2.6387429890000003,-6.348
2.640912497,-6.046
2.642706625,-6.046
2.6446710920000003,-6.269
2.646623247,-6.133
2.648631668,-6.204
2.650652383,-6.323
2.6526084940000003,-6.24
2.6546540000000003,-6.203
2.656639863,-6.2860000000000005
2.6586572530000003,-6.299
2.660826805,-6.158
2.6626669410000003,-6.158
2.664637081,-6.257000000000001
2.6666453900000002,-6.104
2.668650716,-6.207
2.670639394,-6.2860000000000005
2.67265779,-6.154
2.674643037,-6.228
2.6766167330000004,-6.265000000000001
2.678638856,-6.183
2.6807839860000002,-6.377
2.6829635350000003,-6.377
2.6847224880000002,-6.364
2.686775301,-6.236
2.68885109,-6.071
2.690654744,-6.071
2.6926578890000004,-6.372
2.694638731,-6.183
2.6966186320000003,-6.1240000000000006
2.698627682,-6.216
2.7008899090000003,-6.257000000000001
2.7027241870000003,-6.257000000000001
2.7047284310000004,-6.055
2.706713675,-6.261
2.708667192,-6.261
2.710633796,-6.257000000000001
2.712616956,-6.1000000000000005
2.714625051,-6.29
2.716703309,-6.348
2.718633596,-6.203
2.7209754960000003,-6.335
2.7227464880000003,-6.335
2.724661443,-6.1290000000000004
2.726697591,-6.1290000000000004
2.7286590260000003,-6.149
2.730625839,-6.228
2.7326386350000003,-6.075
2.7346356910000003,-6.096
2.736705799,-6.2700000000000005
2.7386537480000004,-5.997
2.7408613340000003,-6.2700000000000005
2.742653104,-6.2700000000000005
2.744648241,-6.265000000000001
2.746645548,-6.236
2.748616503,-6.1290000000000004
2.750663106,-6.08
2.7526380610000003,-6.269
2.754727495,-6.282
2.75666711,-6.046
2.7586439250000003,-6.216
2.760827103,-6.2410000000000005
2.7626980860000003,-6.2410000000000005
2.764679653,-6.203
2.766642709,-6.134
2.768670025,-6.134
2.770661472,-6.319
2.77265378,-6.046
2.774630296,-6.104
2.7766034680000002,-6.1290000000000004
2.778645425,-6.236
2.781031016,-6.236
2.782774189,-6.212
2.784697661,-6.212
2.786706864,-6.162
2.788658331,-6.149
2.7907856680000003,-6.2940000000000005
2.792649304,-6.051
2.794647511,-6.265000000000001
2.796619615,-6.183
2.798631963,-6.212
2.800826324,-6.236
2.802678759,-6.236
2.8046599320000003,-6.183
2.806641109,-6.236
2.8086959080000002,-6.29
2.8107390750000003,-6.183
2.812701133,-6.24
2.81469218,-6.269
2.816621635,-6.173
2.818676663,-6.133
2.820933676,-6.339
2.82279136,-6.339
2.8247473540000003,-6.046
2.826805068,-6.046
2.829051411,-6.368
2.8306734270000002,-6.315
2.832657413,-6.3100000000000005
2.8346951330000003,-6.204
2.836660901,-6.158
2.8387022710000003,-6.236
2.841033685,-6.043
2.842678519,-6.043
2.844769035,-6.372
2.8467365680000003,-6.265000000000001
2.848813448,-6.1000000000000005
2.850642715,-6.311
2.852684005,-6.2700000000000005
2.854691444,-6.138
2.856684071,-6.311
2.858794451,-6.344
2.8609588710000002,-6.158
2.8627479570000003,-6.158
2.864728254,-6.245
2.867040056,-6.158
2.868732789,-6.158
2.8706975470000002,-6.046
2.8728085250000004,-6.1000000000000005
2.874678911,-6.256
2.8766231490000003,-6.1000000000000005
2.8787247550000004,-6.154
2.88096486,-6.186
2.8831019330000003,-6.186
2.8847368880000004,-6.207
2.886795912,-6.207
2.888706383,-6.212
2.890667409,-6.232
2.892686689,-6.207
2.894686634,-6.183
2.8966565380000002,-6.314
2.8986991300000002,-6.138
2.9008806270000003,-6.228
2.9027713480000004,-6.228
2.9047445610000002,-6.187
2.906753773,-6.1240000000000006
2.908836979,-6.15
2.9107148410000003,-6.2410000000000005
2.9126788660000003,-6.149
2.914716523,-6.158
2.9167244250000004,-6.134
2.918966638,-6.328
2.921131254,-6.15
2.9228746820000002,-6.15
2.9249947020000002,-6.1080000000000005
2.926747139,-6.046
2.92891109,-6.319
2.9307742930000003,-6.319
2.932653751,-6.257000000000001
2.934930209,-6.055
2.936739649,-6.2700000000000005
2.9387657920000003,-6.046
2.940952744,-6.022
2.942745765,-6.022
2.944770782,-6.187
2.946806166,-6.236
2.9487757140000004,-6.261
2.950771351,-6.344
2.9527190080000003,-6.182
2.954624146,-6.203
2.9567507340000003,-6.265000000000001
2.958776985,-6.182
2.9609152940000003,-6.365
2.962782164,-6.365
2.964796776,-6.154
2.9666251050000003,-6.158
2.969047568,-6.319
2.970646175,-6.29
2.972748385,-6.104
2.97470493,-6.212
2.976680768,-6.15
2.9786624830000004,-6.08
2.9808081630000003,-6.174
2.982794202,-6.174
2.984792895,-6.154
2.9868844300000004,-6.204
2.9889149390000003,-6.2780000000000005
2.991638832,-6.1240000000000006
2.992860078,-6.1240000000000006
2.9949050080000004,-6.261
2.9967235430000003,-6.212
2.998831558,-6.211
3.001070174,-6.265000000000001
3.003220627,-6.265000000000001
3.0047697070000003,-6.1530000000000005
3.006945017,-6.203
3.008745461,-6.104
3.010673191,-6.232
3.012831759,-6.1000000000000005
3.0146519470000004,-6.253
3.016730195,-6.109
3.018689524,-6.368
3.020963651,-6.154
3.0229363150000004,-6.154
3.024894035,-6.178
3.0268504010000004,-6.2860000000000005
3.028850866,-6.203
3.0307937110000003,-6.406
3.032912469,-6.095
3.034755441,-6.3100000000000005
3.0367497410000004,-6.166
3.038722969,-6.216
3.040958138,-6.162
3.042833626,-6.162
3.0448171470000003,-6.1000000000000005
3.046822912,-6.1530000000000005
3.048680425,-6.261
3.050745826,-6.219
3.052759848,-6.178
3.054657884,-6.178
3.0567475980000003,-6.191
3.0586430510000002,-6.311
3.0609776230000003,-6.232
3.0627853590000003,-6.232
3.064777659,-6.154
3.066618101,-6.12
3.0687936540000003,-6.2940000000000005
3.0707067980000002,-6.319
3.0727437120000003,-6.2940000000000005
3.074853576,-6.368
3.0768158170000004,-6.138
3.078646387,-6.261
3.0809652610000002,-6.24
3.0827888900000002,-6.24
3.0847086900000003,-6.125
3.0867945640000003,-6.319
3.088803989,-6.125
3.0906283180000003,-6.212
3.092719611,-6.187
3.094728185,-6.176
3.0965973840000003,-6.125
3.098636157,-6.075
3.1009057500000003,-6.121
3.102712194,-6.121
3.1046737990000004,-6.096
3.106640944,-6.207
3.1086442720000003,-6.2860000000000005
3.110618809,-6.187
3.1126155640000004,-6.2
3.114622294,-6.1000000000000005
3.1166333450000003,-6.344
3.1186590770000002,-6.183
3.120809393,-6.348
3.1226724530000003,-6.348
3.124702752,-6.203
3.1267339900000004,-6.1530000000000005
3.1286968920000002,-6.183
3.130664366,-6.104
3.13271502,-6.261
3.134626154,-6.314
3.136737113,-6.072
3.138842076,-6.257000000000001
3.1410274950000003,-6.215
3.142791325,-6.215
3.144785204,-6.1290000000000004
3.146825735,-6.2940000000000005
3.148758244,-6.319
3.150818983,-6.2940000000000005
3.152878245,-6.104
3.1548331970000003,-6.104
3.156734175,-6.232
3.158729843,-6.154
3.160818169,-6.154
3.1626922040000003,-6.183
3.164841064,-6.2940000000000005
3.166635931,-6.2940000000000005
3.168655965,-6.24
3.170635696,-6.207
3.172622348,-6.071
3.174682835,-6.236
3.176652138,-6.245
3.1787523330000003,-6.2700000000000005
3.1808147800000004,-6.2700000000000005
3.1826631830000003,-6.207
3.184629006,-6.15
3.1866812330000003,-6.133
3.1886304940000003,-6.1530000000000005
3.190647654,-6.207
3.1926666530000003,-6.261
3.1946317950000003,-6.2940000000000005
3.196712514,-6.2940000000000005
3.1986452620000003,-6.046
3.2008647760000004,-6.183
3.2027029440000003,-6.183
3.2046789110000002,-6.07
3.2066352630000003,-6.2860000000000005
3.2086534820000003,-6.1290000000000004
3.210637842,-6.269
3.2126476640000003,-6.216
3.214605197,-6.212
3.2166366290000004,-6.303
3.218609176,-6.216
3.2208578890000004,-6.265000000000001
3.222875461,-6.265000000000001
3.2246368980000004,-6.178
3.226645989,-6.29
3.2286347280000003,-6.207
3.2306233050000004,-6.183
3.2325997170000003,-6.046
3.234737806,-6.29
3.2366879030000004,-6.29
3.238663304,-6.245
3.2408296410000004,-6.245
3.242670904,-6.22
3.2447038580000003,-6.104
3.246647206,-6.315
3.2486300960000003,-6.315
3.250662311,-6.216
3.252809152,-6.187
3.254818643,-6.187
3.2566795290000004,-6.282
3.258804898,-6.282
3.260841719,-6.138
3.2627058190000002,-6.138
3.26468082,-6.203
3.2666255860000004,-6.216
3.268665662,-6.245
3.2706449670000004,-6.154
3.2726507490000003,-6.207
3.2746496080000003,-6.158
3.276982014,-6.179
3.278749126,-6.179
3.280855464,-6.207
3.282693183,-6.207
3.284677009,-6.348
3.2867750840000003,-6.315
3.2886722830000004,-6.315
3.290664457,-6.183
3.2926443840000004,-6.261
3.2946420090000004,-6.051
3.2966224000000004,-6.261
3.2986162930000003,-6.075
3.3008309130000004,-6.261
3.3026866580000003,-6.261
3.304674481,-6.24
3.3066572040000004,-6.211
3.3086571940000002,-6.2700000000000005
3.31064325,-6.158
3.3127203880000002,-6.15
3.3146331740000003,-6.311
3.3166607810000004,-6.187
3.3189999950000004,-6.162
3.321049244,-6.187
3.3227950020000003,-6.187
3.324782565,-6.154
3.3268158650000004,-6.343
3.3287938140000004,-6.187
3.330797966,-6.261
3.33297173,-6.245
3.334836838,-6.2410000000000005
3.3367869210000003,-6.2700000000000005
3.338821572,-6.319
3.34102158,-6.096
3.3428093000000003,-6.096
3.3447480670000003,-6.154
3.3467399490000003,-6.1370000000000005
3.3487257020000003,-6.207
3.350781537,-6.179
3.3526311630000003,-6.183
3.35473218,-6.343
3.3567987450000003,-6.204
3.358739067,-6.183
3.360980118,-6.125
3.362729686,-6.125
3.3646752010000003,-6.2
3.3667345560000004,-6.29
3.3687541910000003,-6.154
3.37067365,-6.211
3.372747668,-6.183
3.374798177,-6.183
3.376665834,-6.215
3.378647967,-6.022
3.3808353660000003,-6.186
3.382681394,-6.186
3.384725506,-6.183
3.386634276,-6.336
3.3886610910000003,-6.372
3.3907389570000004,-6.125
3.392659064,-6.125
3.3946272320000004,-6.216
3.396632744,-6.2410000000000005
3.398660807,-6.232
3.4008876100000003,-6.236
3.402661842,-6.236
3.404666106,-6.1000000000000005
3.4066740920000003,-6.075
3.408618585,-6.1530000000000005
3.410602329,-6.232
3.4126580840000003,-6.0840000000000005
3.414784924,-6.282
3.416628395,-6.207
3.418961748,-6.154
3.4208791140000003,-6.154
3.4227125320000003,-6.261
3.424685529,-6.261
3.4266557420000003,-6.29
3.428739058,-6.187
3.430632865,-6.154
3.432675595,-6.187
3.434722116,-6.187
3.436783423,-6.265000000000001
3.438656914,-6.265000000000001
3.440879421,-6.174
3.44267732,-6.174
3.444651463,-6.232
3.446711634,-6.216
3.4487415030000004,-6.265000000000001
3.4506663260000003,-6.265000000000001
3.452642328,-6.192
3.454752328,-6.24
3.456886534,-6.212
3.458840905,-6.401
3.4609543890000003,-6.079
3.462779498,-6.079
3.46478769,-6.232
3.466736499,-6.196
3.46884709,-6.1000000000000005
3.4707227890000003,-6.207
3.4726498450000003,-6.1080000000000005
3.474736748,-6.154
3.476728522,-6.339
3.4788154610000004,-6.392
3.480992826,-6.392
3.482829267,-6.183
3.484887418,-6.154
3.4867751480000004,-6.336
3.488806541,-6.319
3.4907503380000002,-6.236
3.4926788940000004,-6.236
3.494741589,-6.372
3.496749422,-6.1290000000000004
3.4986460430000004,-6.104
3.5009864680000002,-6.285
3.502878323,-6.285
3.504694118,-6.236
3.506760481,-6.199
3.5087848530000003,-6.314
3.510756306,-6.2860000000000005
3.5129996350000003,-6.257000000000001
3.514676487,-6.1370000000000005
3.5167004750000004,-6.017
3.518722631,-6.212
3.520916885,-6.212
3.5227727360000003,-6.274
3.5246576320000003,-6.274
3.5267314240000003,-5.939
3.528631083,-6.133
3.530983693,-5.993
3.532760312,-6.154
3.534666644,-6.154
3.536702843,-6.183
3.5386579520000003,-6.1000000000000005
3.540873507,-6.022
3.543107586,-6.022
3.544878327,-6.158
3.546886776,-6.104
3.5488438500000004,-6.1000000000000005
3.5507393030000003,-6.314
3.552815223,-6.1290000000000004
3.555018485,-6.203
3.556684595,-6.335
3.5586141760000003,-6.183
3.560841919,-6.183
3.562781482,-6.2940000000000005
3.564704829,-6.2940000000000005
3.566665575,-6.236
3.5686748710000002,-6.319
3.5706012570000003,-6.319
3.572618384,-6.183
3.574635106,-6.397
3.57661936,-6.373
3.578734254,-6.232
3.580813163,-6.232
3.58267316,-6.211
3.5847385110000003,-6.022
3.58673361,-6.207
3.5887395700000004,-6.046
3.59068623,-6.046
3.5926771090000003,-6.104
3.5947240440000003,-6.162
3.5966787090000003,-6.1290000000000004
3.598629491,-6.204
3.600824755,-6.204
3.602780847,-6.315
3.604690385,-6.315
3.6066775630000003,-6.075
3.6086542550000003,-6.236
3.610783156,-6.236
3.612641517,-6.265000000000001
3.6147306990000003,-6.252
3.6166863350000003,-6.046
3.6187178550000003,-6.265000000000001
3.620985457,-6.265000000000001
3.6228074780000004,-6.187
3.624722862,-6.187
3.626758509,-6.261
3.628670349,-6.1290000000000004
3.6307042340000004,-6.1290000000000004
3.632676279,-6.372
3.6347290950000004,-6.216
3.636659353,-6.136
3.638667925,-6.4510000000000005
3.640818073,-6.4510000000000005
3.642776673,-6.364
3.6448608320000004,-6.256
3.646749615,-6.256
3.648800607,-6.223
3.650946107,-6.223
3.65271281,-6.212
3.6547206200000004,-6.232
3.656959044,-6.146
3.658801795,-6.104
3.6608499180000003,-6.104
3.662841138,-6.187
3.664678067,-6.187
3.666745784,-6.104
3.668948004,-6.1610000000000005
3.670835116,-6.1610000000000005
3.6726937960000003,-6.236
3.674708072,-6.24
3.676982536,-6.163
3.6787394300000003,-6.344
3.680855734,-6.344
3.6827395070000004,-6.344
3.6847359350000004,-6.236
3.686739311,-6.236
3.6887019260000002,-6.204
3.690928012,-6.183
3.692824487,-6.183
3.6947001270000004,-6.212
3.69683216,-6.232
3.69886574,-6.405
3.700975236,-6.405
3.702824123,-6.178
3.7047878460000003,-6.178
3.706640301,-6.344
3.7086323300000004,-6.158
3.7107239420000004,-6.158
3.7127475590000003,-6.261
3.7146396210000003,-6.426
3.7166364610000002,-5.89
3.718789269,-6.236
3.720838837,-6.236
3.7229111080000004,-6.261
3.7248221600000004,-6.261
3.7268558740000004,-6.246
3.728751812,-6.207
3.730812402,-6.178
3.7327890900000003,-6.158
3.734967396,-6.187
3.736672625,-6.187
3.738664973,-6.154
3.7409673600000004,-6.154
3.7427796110000005,-6.154
3.7447907270000003,-6.042
3.746920545,-6.2940000000000005
3.7489164140000004,-6.2940000000000005
3.7507449970000004,-6.211
3.752804675,-6.228
3.7549756120000004,-6.265000000000001
3.756736302,-6.265000000000001
3.758744125,-6.162
3.760995718,-6.162
3.7628721950000004,-6.178
3.7647483320000004,-6.178
3.7666568880000004,-6.265000000000001
3.768943494,-6.075
3.7709379050000003,-6.075
3.772756402,-6.046
3.774876877,-6.08
3.776971736,-5.997
3.7787195330000003,-5.997
3.781088022,-6.285
3.782756065,-6.285
3.7846578300000004,-6.245
3.786691491,-6.187
3.788932318,-6.187
3.7906943940000004,-5.972
3.7926847230000003,-5.997
3.794685583,-6.207
3.7966991570000004,-6.203
3.7986628980000003,-6.075
3.8010086770000004,-6.075
3.8027574580000003,-6.179
3.804694055,-6.179
3.806661838,-6.344
3.808859925,-6.104
3.8109802260000003,-6.075
3.813065538,-6.104
3.8150347640000004,-6.104
3.8167902230000004,-6.1000000000000005
3.8189914000000003,-6.246
3.8211821660000003,-6.246
3.8230634300000004,-6.154
3.8248029810000004,-6.154
3.8270789940000003,-6.071
3.8288163120000003,-6.1290000000000004
3.830726745,-6.1290000000000004
3.832887764,-6.216
3.8347321350000003,-6.207
3.8367362220000003,-6.095
3.8387883480000005,-6.183
3.8414809570000004,-6.183
3.842769564,-6.1080000000000005
3.844775609,-6.154
3.846817897,-6.154
3.848783919,-6.257000000000001
3.850834749,-6.265000000000001
3.8528352800000003,-6.1000000000000005
3.854828711,-6.1290000000000004
3.8569531410000004,-6.211
3.8587409960000003,-6.042
3.8610130060000003,-6.042
3.86272946,-6.179
3.8647718450000004,-6.158
3.8672053400000004,-6.397
3.8686929250000004,-6.397
3.870741449,-6.402
3.872684968,-6.402
3.874715854,-6.24
3.8766913200000004,-6.187
3.878822829,-6.207
3.88088492,-6.402
3.8827439120000005,-6.402
3.8848477040000002,-6.154
3.8867562830000004,-6.154
3.8887212190000002,-6.236
3.8907005160000003,-6.257000000000001
3.892673992,-6.2940000000000005
3.8946922600000002,-6.187
3.89668106,-6.314
3.898727194,-5.988
3.9008150230000003,-5.988
3.902727929,-5.939
3.9047638790000003,-6.154
3.9066635020000002,-6.154
3.9087155940000002,-6.207
3.910696949,-6.236
3.9126378190000004,-6.29
3.9147546030000004,-6.179
3.916714794,-6.244
3.918679319,-6.348
3.9206497070000004,-6.211
3.9228588,-6.075
3.9246858700000002,-6.075
3.9267545310000003,-6.187
3.928791003,-6.344
3.9309265160000004,-6.183
3.9328035160000003,-6.1370000000000005
3.9347580200000003,-6.178
3.936753136,-6.203
3.938760856,-6.211
3.9409443680000003,-6.211
3.942892274,-6.187
3.944828331,-6.1290000000000004
3.9467846630000003,-6.314
3.948664995,-6.051
3.950703395,-6.339
3.952733454,-6.319
3.9546936830000003,-6.236
3.9566539,-6.055
3.958748452,-6.154
3.960852161,-6.154
3.9629245920000002,-6.344
3.9648384310000004,-6.344
3.966687562,-6.29
3.968722543,-6.187
3.970789292,-6.228
3.9726659520000003,-6.265000000000001
3.9748307460000003,-6.247
3.9767137710000005,-6.339
3.9787779000000003,-6.191
3.9810140400000003,-6.203
3.9827431620000002,-6.203
3.984727131,-6.1290000000000004
3.986733885,-6.154
3.988766796,-6.149
3.9907845890000004,-6.125
3.992670823,-6.212
3.994815448,-6.158
3.9967216930000005,-6.0120000000000005
3.9986835050000002,-6.125
4.001013715,-6.2940000000000005
4.002979535000001,-6.2940000000000005
4.004709704000001,-6.134
4.006782063,-6.183
4.008681314,-6.158
4.010707311,-6.178
4.012782422,-6.203
4.014735167,-6.232
4.016657027,-6.179
4.018688729,-6.207
4.020876181,-6.1000000000000005
4.022675966,-6.1000000000000005
4.0248110740000005,-6.236
4.026738144,-6.236
4.0286859680000005,-6.017
4.030633708,-6.256
4.038800087,-6.154
4.038854636,-6.212
4.038887303,-6.133
4.038923294,-6.096
4.040666774,-6.29
4.042796022,-6.261
4.044792402000001,-6.261
4.046849094000001,-6.273
4.048744814,-6.273
4.050725839,-6.232
4.052662072,-6.133
4.0546767,-6.096
4.056695906,-6.476
4.058660315,-6.319
4.0607322450000005,-6.075
4.0637885350000005,-6.261
4.064643061,-6.12
4.0666341610000005,-6.236
4.068735478000001,-6.178
4.0708712270000005,-6.29
4.073543014,-6.29
4.074717906,-6.352
4.076653793,-6.154
4.0799042420000005,-6.158
4.0806604470000005,-6.1080000000000005
4.082635965000001,-6.232
4.084652336,-6.191
4.08701626,-6.183
4.0890085,-6.24
4.0911407550000005,-6.24
4.095784109,-6.236
4.095841432,-6.323
4.097180251,-6.216
4.098659625000001,-6.211
4.100677024,-6.348
4.102673423000001,-6.1370000000000005
4.104664651,-6.236
4.106729570000001,-6.125
4.1089577550000005,-6.2410000000000005
4.110885799,-6.265000000000001
4.112697155,-6.265000000000001
4.114707463,-6.2
4.116663836,-6.183
4.118759483,-6.166
4.120714582000001,-6.166
4.122665125,-6.12
4.126078394,-6.236
4.126661956,-6.051
4.1286955370000005,-6.173
4.130649898000001,-6.269
4.1369736800000005,-6.236
4.1370465990000005,-6.236
4.137114123,-6.207
4.1386506800000005,-6.187
4.140802968,-6.228
4.142957905,-6.154
4.144799465,-6.29
4.146995107,-6.178
4.148897009000001,-6.178
4.150731002000001,-6.1530000000000005
4.152821906000001,-6.203
4.154707171,-6.265000000000001
4.1566961110000005,-6.236
4.158666614,-6.022
4.160792085000001,-6.212
4.1628687740000005,-6.212
4.164874941,-6.447
4.166902584000001,-6.447
4.168686189000001,-6.261
4.170780363,-6.187
4.1728703650000005,-6.08
4.1747411340000005,-6.08
4.17667025,-6.187
4.178708065,-6.12
4.180791542000001,-6.328
4.182858781,-6.328
4.1848835090000005,-6.1370000000000005
4.186895267000001,-6.183
4.188723125,-6.183
4.19071939,-6.149
4.19266481,-6.042
4.194706833000001,-6.1000000000000005
4.196677784,-6.096
4.198644915,-6.261
4.201087201,-6.204
4.202774304,-6.204
4.204936358,-6.236
4.206727782000001,-6.236
4.208947545,-6.022
4.2117901820000005,-6.022
4.213417238,-6.162
4.214976919000001,-6.162
4.218061208,-6.232
4.21900601,-6.232
4.221398398,-6.149
4.223691051,-6.149
4.225077656,-6.133
4.227592906,-6.133
4.228886532000001,-6.229
4.232242284000001,-6.229
4.23350204,-6.154
4.234794171,-6.154
4.237922125,-6.175
4.239999952000001,-6.175
4.241251827,-6.232
4.242914726,-6.232
4.246143523000001,-6.285
4.247387157,-6.285
4.249606859,-6.256
4.250788397,-6.256
4.254044235,-6.183
4.255323516000001,-6.183
4.258463484,-6.323
4.25972416,-6.323
4.261078328,-6.323
4.263139444,-6.232
4.265737834,-6.232
4.2671489650000005,-6.187
4.270371257,-6.187
4.271621083,-6.051
4.272953707,-6.051
4.276267528,-6.158
4.277664719000001,-6.158
4.279020549,-6.046
4.28148073,-6.046
4.28391722,-6.172
4.285162966000001,-6.172
4.287729213,-6.203
4.289733383000001,-6.203
4.291432702000001,-6.265000000000001
4.294482283000001,-6.265000000000001
4.295784595000001,-6.1080000000000005
4.297138092,-6.1080000000000005
4.300122095,-6.257000000000001
4.3016247850000005,-6.257000000000001
4.302880023,-6.211
4.306161119,-6.211
4.30742531,-6.203
4.309704068,-6.203
4.310968858,-6.216
4.314139402,-6.216
4.315189583,-6.232
4.316671680000001,-6.232
4.318720838,-6.26
4.320980243,-6.26
4.322911728,-6.046
4.324693595,-6.046
4.326695132,-6.2410000000000005
4.32878571,-6.055
4.33075088,-6.051
4.332673573,-6.1290000000000004
4.334790989,-6.1240000000000006
4.336717515,-6.079
4.3386796510000005,-6.261
4.340873254,-6.196
4.342728835,-6.196
4.34468806,-6.2940000000000005
4.346723044,-6.2940000000000005
4.348706389,-6.2940000000000005
4.350649984,-6.1000000000000005
4.352648084,-6.104
4.354640732,-6.309
4.356637790000001,-6.207
4.358810501000001,-6.125
4.3608432210000005,-6.125
4.362774086,-6.265000000000001
4.364851659,-6.239
4.366785124000001,-6.422
4.368719362,-6.2860000000000005
4.370827449,-6.158
4.372788432,-6.1290000000000004
4.37487279,-6.1000000000000005
4.3767378930000005,-6.1000000000000005
4.378743975,-6.0920000000000005
4.3809758510000005,-6.109
4.382729183,-6.109
4.384694984,-6.154
4.386748592,-6.075
4.388691621,-6.29
4.390721485,-6.149
4.392746162,-6.199
4.394775962000001,-6.183
4.396643905,-6.203
4.398739534000001,-6.261
4.401031511,-6.1000000000000005
4.402752158,-6.1000000000000005
4.404720381000001,-6.158
4.407000216,-6.1290000000000004
4.408783687000001,-6.1290000000000004
4.4107027510000005,-6.236
4.412717880000001,-6.104
4.414738726,-6.03
4.416695192000001,-6.368
4.4189557520000005,-6.207
4.421088148,-6.315
4.422688374000001,-6.315
4.424729609,-6.1290000000000004
4.426707156,-6.162
4.428955472,-6.204
4.43073694,-6.376
4.432740205,-6.372
4.434698354,-6.104
4.436674423,-6.149
4.438679903000001,-6.393
4.440841876,-6.265000000000001
4.442699128,-6.265000000000001
4.444670974,-6.339
4.446672043,-6.212
4.448713513,-6.265000000000001
4.450691816,-6.211
4.452628274,-6.183
4.454678928,-6.154
4.456709045,-6.265000000000001
4.458665366,-6.228
4.460778955,-6.3100000000000005
4.462801248,-6.3100000000000005
4.464790101,-6.079
4.466733908,-6.079
4.468767153,-6.158
4.470640486000001,-6.216
4.472643236000001,-6.2
4.474779015,-6.24
4.476845158000001,-6.149
4.478831853,-6.15
4.481039906,-6.1290000000000004
4.482786443,-6.1290000000000004
4.484706428,-6.046
4.486713194,-6.24
4.488883893000001,-6.183
4.490670582,-6.364
4.492655736000001,-6.1000000000000005
4.494646015000001,-6.158
4.496780133000001,-6.261
4.498702434,-6.162
4.501001299,-6.071
4.502741999,-6.071
4.504719036,-6.319
4.506936566,-6.207
4.508746347000001,-6.257000000000001
4.510757164,-6.022
4.5126469380000005,-6.236
4.5146324170000005,-6.232
4.516668903,-6.236
4.518642084000001,-6.163
4.5208806,-6.22
4.522741401,-6.22
4.524690402,-6.202
4.5267385760000005,-6.269
4.528696626,-6.269
4.53066174,-6.178
4.532645811,-6.232
4.53461802,-6.232
4.5366458530000005,-6.319
4.538660919000001,-6.265000000000001
4.540909513,-6.071
4.5427090560000005,-6.071
4.544715443,-5.993
4.546755490000001,-6.051
4.548725279,-6.319
4.550653028,-6.311
4.552645979,-6.104
4.554738017,-6.282
4.556729098,-6.215
4.558691249000001,-6.215
4.560882899,-6.245
4.562706591,-6.245
4.564676567,-6.1000000000000005
4.566662340000001,-6.187
4.568761318,-6.158
4.570749489000001,-6.187
4.572675627000001,-6.187
4.57475276,-6.183
4.576713102,-6.022
4.5786826210000005,-6.187
4.581192709000001,-6.154
4.582716807000001,-6.154
4.58472068,-6.1690000000000005
4.586855414,-6.149
4.588783025000001,-6.149
4.590684533,-6.265000000000001
4.592646634,-6.236
4.594773706000001,-6.306
4.596653148000001,-6.2700000000000005
4.59866622,-6.2410000000000005
4.6008581180000006,-6.298
4.602691761,-6.298
4.60469646,-6.352
4.606628032000001,-6.265000000000001
4.608673586,-6.2410000000000005
4.610656764000001,-6.207
4.612632787,-6.261
4.614678137,-6.198
4.616640194,-6.236
4.6186459950000005,-6.269
4.6208228,-6.203
4.622687473,-6.203
4.624691616000001,-6.236
4.6266385130000005,-6.211
4.628757048000001,-6.163
4.63070761,-6.2700000000000005
4.632642977000001,-6.34
4.634644689,-6.212
4.6366605540000005,-6.282
4.638690797000001,-6.211
4.640842225,-6.187
4.6430429,-6.187
4.644679397,-6.315
4.646706622,-6.319
4.648721596000001,-6.125
4.650666917000001,-6.1530000000000005
4.652627986000001,-6.364
4.654630831,-6.183
4.6566532590000005,-6.154
4.6586637810000004,-6.261
4.660846149,-6.348
4.662731935,-6.348
4.6646876530000005,-6.186
4.666887905,-6.022
4.668671637,-6.022
4.6706775050000005,-6.215
4.672632861,-6.162
4.674628979,-6.154
4.676639572,-6.1290000000000004
4.67866844,-6.311
4.6809016990000005,-6.1000000000000005
4.682737961,-6.1000000000000005
4.684668370000001,-6.071
4.686656956,-6.236
4.688644365,-6.216
4.690632816,-6.265000000000001
4.692662881,-6.343
4.69467805,-6.163
4.696761217000001,-6.162
4.698750164000001,-6.2860000000000005
4.700913755,-6.2860000000000005
4.702789432,-6.422
4.704781232,-6.422
4.706789391,-6.2860000000000005
4.708717707,-6.154
4.710889413,-6.228
4.71284027,-6.1610000000000005
4.714690127,-6.08
4.716683258000001,-6.022
4.718686777,-6.211
4.721030827,-6.083
4.72272464,-6.083
4.724751121000001,-6.08
4.726862012000001,-6.158
4.728733508,-6.158
4.730710973,-6.216
4.732670539,-6.158
4.734701041,-6.293
4.736801168,-6.162
4.738971942,-6.158
4.740841952,-6.158
4.742786669,-6.261
4.7447125230000005,-6.2940000000000005
4.746793038,-6.022
4.748687082,-6.154
4.7506844180000005,-6.2860000000000005
4.752785502,-6.397
4.754746936,-6.2860000000000005
4.756697592,-6.154
4.758740157,-6.088
4.760942982,-6.1290000000000004
4.762857662,-6.1290000000000004
4.764845456000001,-6.319
4.766698659,-6.319
4.768675761,-6.1530000000000005
4.770632514,-6.187
4.772624818000001,-6.29
4.774638225,-6.183
4.776675361000001,-6.319
4.778675356,-6.216
4.780799554000001,-6.12
4.782778137,-6.12
4.784682523,-6.221
4.786898809,-6.013
4.788779326,-6.314
4.790701548,-6.183
4.7926285580000005,-6.158
4.794739322,-6.257000000000001
4.79663549,-6.285
4.798671207,-6.351
4.800933580000001,-6.2700000000000005
4.802813586,-6.2700000000000005
4.8046871200000005,-6.236
4.806800966,-6.257000000000001
4.808679775,-6.257000000000001
4.810667409000001,-6.0840000000000005
4.812659046,-6.311
4.814637458,-6.319
4.816636961,-6.154
4.818657900000001,-6.24
4.820923495000001,-6.1000000000000005
4.822660029000001,-6.1000000000000005
4.824667153,-6.257000000000001
4.826659799000001,-6.2410000000000005
4.828644964,-6.261
4.830625572000001,-6.269
4.832667415,-6.026
4.834649791,-6.075
4.836724061,-6.368
4.83895367,-6.183
4.841377421000001,-6.183
4.842718649,-6.178
4.844774285000001,-6.187
4.846742592,-6.12
4.848684085,-6.12
4.8506575750000005,-6.202
4.8526552480000005,-6.1290000000000004
4.854625715,-6.236
4.8566613610000005,-6.2410000000000005
4.858660748,-6.261
4.860926473,-6.055
4.8627151600000005,-6.055
4.864675625,-6.231
4.867346468,-6.1290000000000004
4.868713577,-6.1290000000000004
4.8706957300000004,-6.232
4.872656726000001,-6.29
4.874658022,-6.363
4.876668574,-6.154
4.878688312,-6.24
4.880824697,-6.24
4.882691869,-6.1000000000000005
4.884652652000001,-6.314
4.8867278590000005,-6.207
4.888750631000001,-6.211
4.890824108,-6.236
4.892729201,-6.257000000000001
4.8946584070000005,-6.207
4.896626789,-6.2860000000000005
4.898647252,-6.212
4.901057478,-6.2860000000000005
4.902767541,-6.2860000000000005
4.9047364710000005,-6.29
4.906817152,-6.298
4.908679553000001,-6.183
4.910653734,-6.1080000000000005
4.912748136,-6.071
4.91474024,-6.183
4.917037125,-6.236
4.918837529,-6.236
4.9209163,-6.261
4.922848231000001,-6.261
4.924765124,-6.1370000000000005
4.926670177,-6.2940000000000005
4.92883997,-6.157
4.930813748,-6.157
4.932772592,-6.212
4.934803995,-6.29
4.936813343000001,-6.29
4.938711664,-6.324
4.941077248,-6.324
4.942768311,-6.207
4.944903248,-6.2860000000000005
4.946638711,-6.157
4.948659352,-6.212
4.950742102,-6.211
4.95293729,-6.265000000000001
4.954713787,-6.178
4.956685726,-6.158
4.958824198,-6.211
4.9610081720000005,-6.211
4.9627978950000005,-6.125
4.964814716,-6.29
4.96676885,-6.29
4.968672828,-6.2
4.970698953,-6.232
4.972943225000001,-6.104
4.974875789,-6.236
4.9767065310000005,-6.203
4.979239072,-6.252
4.981096553,-6.252
4.982816526000001,-6.2940000000000005
4.984954346,-6.261
4.9869345030000005,-6.261
4.988784659,-6.245
4.990736271,-6.179
4.992712598000001,-6.192
4.99475524,-6.323
4.996768487000001,-6.104
4.998760460000001,-6.29
5.001045397,-6.363
5.002728098,-6.363
5.00478721,-6.133
5.006726024000001,-6.162
5.008732797,-6.393
5.010673526000001,-6.026
5.012649713,-6.236
5.014706221,-6.022
5.016658725,-6.15
5.018699402,-6.2940000000000005
5.020888768000001,-6.2940000000000005
5.022756224,-6.282
5.024805442,-6.104
5.026807885,-6.203
5.028805739,-6.245
5.030832328000001,-6.322
5.032769065,-6.368
5.034726808,-6.216
5.036812126,-6.245
5.038809922,-6.29
5.0408720030000005,-6.29
5.042744293,-6.253
5.044740780000001,-6.212
5.046688265,-6.29
5.048765895000001,-6.319
5.050689510000001,-6.207
5.052689745,-6.364
5.054647942,-6.186
5.056714005,-6.055
5.0587210250000005,-6.166
5.060963829,-6.2410000000000005
5.062693941,-6.2410000000000005
5.06475597,-6.232
5.066687245000001,-6.139
5.0686445430000004,-6.178
5.070806107,-6.154
5.072724011,-6.232
5.074752093000001,-6.1290000000000004
5.076905599000001,-6.253
5.078847288,-6.319
5.0808667750000005,-6.319
5.082828350000001,-6.055
5.084770555,-6.187
5.086794295000001,-6.195
5.088736353000001,-6.245
5.090810114,-6.204
5.092686098000001,-6.244
5.094793259,-6.397
5.097000983,-6.2700000000000005
5.098961406,-6.046
5.100972165,-6.046
5.102734377,-6.018
5.104696248000001,-6.018
5.106647346,-6.207
5.1086506190000005,-6.232
5.110722838,-6.207
5.112781643,-6.1290000000000004
5.114836456,-6.207
5.116705868,-6.162
5.118694269000001,-6.075
5.120806698,-6.075
5.122684761,-6.183
5.124731255,-6.261
5.126679833000001,-6.207
5.128669233,-6.154
5.130644568,-6.149
5.132666708,-6.207
5.134673392000001,-6.311
5.1366276090000005,-6.204
5.138619206,-6.182
5.1408929500000005,-6.183
5.142730413000001,-6.183
5.144686060000001,-6.022
5.146687445,-6.236
5.148658329000001,-6.109
5.150642725,-6.075
5.152675104,-6.187
5.154654841,-6.046
5.156628023000001,-6.186
5.15861591,-6.075
5.160854372,-6.183
5.162707249,-6.183
5.1646739020000005,-6.257000000000001
5.166870148,-6.236
5.168673223000001,-6.236
5.170661248,-6.29
5.172722055,-6.216
5.174665822000001,-6.2940000000000005
5.176628547,-6.22
5.178661066,-6.245
5.180962275000001,-6.1290000000000004
5.182755119,-6.1290000000000004
5.184737002,-6.022
5.1868834370000005,-6.154
5.188659767000001,-6.154
5.19067152,-6.104
5.1926636760000005,-6.104
5.194642463,-6.319
5.196657951000001,-6.203
5.198646473,-6.182
5.200852487000001,-6.183
5.20269571,-6.183
5.205002749,-6.2170000000000005
5.206936201,-6.2170000000000005
5.209032871000001,-6.154
5.210837828000001,-6.154
5.212716186000001,-6.257000000000001
5.21481608,-6.178
5.216769639000001,-6.202
5.218828814,-6.216
5.221091743000001,-6.207
5.222687714,-6.207
5.224720079,-6.24
5.226793317,-6.121
5.228900139,-6.154
5.230783462000001,-6.221
5.2327863930000005,-6.221
5.234655992,-6.314
5.236647117,-6.104
5.238675887,-6.1240000000000006
5.240845361000001,-6.203
5.2427296740000005,-6.203
5.244754021,-6.187
5.246696656,-6.158
5.24878893,-6.207
5.250772342,-6.133
5.252774647000001,-6.1000000000000005
5.254670285,-6.319
5.256706514,-6.187
5.258734422000001,-6.1290000000000004
5.261016423,-6.095
5.262757716,-6.095
5.264796727,-6.257000000000001
5.266645702,-6.133
5.268722594000001,-6.236
5.270716896000001,-6.415
5.27263197,-6.125
5.27480053,-6.261
5.276827086,-6.2700000000000005
5.278738677000001,-6.265000000000001
5.281150493,-6.1000000000000005
5.283159861000001,-6.1000000000000005
5.284840623,-6.2940000000000005
5.286849458000001,-6.158
5.288783464000001,-6.339
5.290754719000001,-6.3100000000000005
5.292777162,-6.046
5.294675143,-6.2700000000000005
5.296748855000001,-6.104
5.299084029,-6.232
5.301155410000001,-5.986
5.302916758,-5.986
5.304798304,-6.1290000000000004
5.306719994000001,-6.236
5.308943317000001,-6.299
5.310834575,-6.187
5.312979191,-6.178
5.314825936,-6.261
5.3169503030000005,-6.109
5.318654189,-6.261
5.321064972,-6.211
5.323044319,-6.211
5.324778544,-6.236
5.326811493,-6.236
5.328790290000001,-6.178
5.330766057,-6.2860000000000005
5.3326751560000005,-6.261
5.334727816,-6.125
5.3367996810000005,-6.216
5.338786433,-6.183
5.341058301,-6.203
5.342727348,-6.203
5.344775308,-6.046
5.346797292000001,-6.183
5.348800072,-6.265000000000001
5.3508272980000005,-6.186
5.352808729,-6.315
5.354747564,-6.323
5.357024200000001,-6.207
5.358839668000001,-6.207
5.361011831,-6.178
5.362859391000001,-6.178
5.364839315,-6.393
5.366797146000001,-6.2700000000000005
5.369006663,-6.2700000000000005
5.370804464000001,-6.183
5.372853321,-6.207
5.374836248,-6.15
5.376722911000001,-6.154
5.379016050000001,-6.162
5.38102454,-6.186
5.382738261,-6.186
5.384702457,-6.071
5.386635739,-6.319
5.38871549,-6.2940000000000005
5.390659237,-6.216
5.392706434,-6.187
5.394630395,-6.212
5.3966463440000005,-6.203
5.398657803000001,-6.187
5.400892422,-5.985
5.402727663,-5.985
5.404664628,-6.247
5.40665145,-6.187
5.408653093000001,-6.2940000000000005
5.410647015,-6.207
5.4126530530000005,-6.203
5.414662742,-6.265000000000001
5.416675787,-6.257000000000001
5.418644417,-6.187
5.4208430960000005,-6.154
5.422732811,-6.154
5.4247090380000005,-6.186
5.426685089,-6.406
5.4286373580000005,-6.158
5.430765055,-6.24
5.4327220050000005,-6.29
5.434682980000001,-6.183
5.436663836,-6.265000000000001
5.438650874,-6.212
5.440902209000001,-6.173
5.442871934,-6.173
5.444708756000001,-6.216
5.446698723,-6.405
5.448638328,-6.079
5.450643687,-6.298
5.452719640000001,-6.187
5.454691276,-6.138
5.456852875,-6.022
5.458681439,-5.993
5.460847545,-6.212
5.462717155,-6.212
5.464658116000001,-6.1530000000000005
5.466637636000001,-6.257000000000001
5.468679388,-6.125
5.470657881,-6.285
5.472745431000001,-6.104
5.474865366,-6.109
5.476803012,-6.109
5.478865001,-6.178
5.480891375000001,-6.407
5.4828504360000005,-6.407
5.484679816000001,-6.24
5.486912714000001,-6.24
5.488749329,-6.187
5.490782166000001,-6.046
5.492810584000001,-6.261
5.494722083,-6.261
5.496757612000001,-6.154
5.498764689000001,-6.343
5.500979498,-6.125
5.502789897,-6.125
5.504774272000001,-6.207
5.506787476,-6.207
5.508700467000001,-6.29
5.510781226000001,-6.216
5.512727252,-6.368
5.514812099,-6.133
5.51671618,-6.071
5.5187983,-6.133
5.521019532,-6.314
5.522688775000001,-6.314
5.5247989660000005,-6.368
5.526768438,-6.211
5.52865992,-6.157
5.530677064000001,-6.183
5.532637324,-6.163
5.534740305000001,-6.299
5.536639426000001,-6.268
5.5387529110000004,-6.2940000000000005
5.540954392000001,-6.232
5.54272293,-6.232
5.544706392,-6.319
5.546695253,-6.192
5.54873155,-6.192
5.550685208,-6.22
5.552650143,-6.261
5.5546932920000005,-6.154
5.556636356,-6.125
5.558664863000001,-6.204
5.5608908580000005,-6.216
5.563008475,-6.216
5.5647228890000004,-6.08
5.566796503,-6.257000000000001
5.568685527,-6.257000000000001
5.570790878,-6.051
5.572741813,-6.236
5.5748844570000005,-6.348
5.576769796000001,-6.207
5.578835914000001,-6.207
5.580997351000001,-6.174
5.582982937000001,-6.174
5.584818597,-6.075
5.586755612,-6.258
5.588962382,-6.245
5.59088511,-6.269
5.592670131,-6.269
5.594651423,-6.207
5.596669358000001,-6.1290000000000004
5.598758203,-6.1080000000000005
5.6011854770000005,-6.207
5.602779993,-6.207
5.604736652000001,-6.265000000000001
5.606741166,-6.261
5.608830123000001,-6.187
5.610774267,-6.3100000000000005
5.61271186,-6.042
5.614633395,-6.319
5.616733411,-6.055
5.618783489,-6.1240000000000006
5.621076706,-6.2860000000000005
5.622752366,-6.2860000000000005
5.6246901970000005,-6.261
5.62674956,-6.055
5.628940506,-5.9430000000000005
5.630794591000001,-6.1000000000000005
5.6326640160000006,-6.24
5.634763759,-6.178
5.636745633,-6.265000000000001
5.638704137,-6.265000000000001
5.640937869,-6.138
5.64268095,-6.138
5.644692837,-6.042
5.646648371,-6.132000000000001
5.6487558600000005,-6.393
5.650671939,-6.319
5.652682081,-6.203
5.654641121,-6.1290000000000004
5.656620693000001,-6.071
5.658731058000001,-6.075
5.6608637900000005,-6.075
5.662721250000001,-6.315
5.664820366000001,-6.315
5.666737783,-6.109
5.6688094950000005,-6.109
5.670745625,-6.1000000000000005
5.6726371570000005,-6.075
5.6746635880000005,-5.972
5.676654227,-6.343
5.678689680000001,-6.315
5.681045955,-6.29
5.682830629000001,-6.29
5.6846993370000005,-6.207
5.68664712,-6.212
5.688717143000001,-6.207
5.690726969,-6.373
5.692724213,-6.319
5.694656897000001,-6.051
5.696648764000001,-6.104
5.698675811,-6.104
5.700859069000001,-6.319
5.702921092,-6.319
5.704731126,-6.29
5.706960888,-6.198
5.708699898000001,-6.198
5.7107194230000005,-6.212
5.712736171,-6.158
5.714768971000001,-6.2940000000000005
5.716703109,-6.2940000000000005
5.718902897,-6.236
5.720934894,-6.2940000000000005
5.722784332000001,-6.2940000000000005
5.72479473,-6.232
5.7267459480000005,-6.183
5.728909743,-6.104
5.730772122,-6.34
5.7326357230000005,-6.182
5.734731557,-6.046
5.736642343000001,-6.207
5.738706389000001,-6.207
5.7409651450000005,-6.179
5.742823642,-6.179
5.744674155,-6.154
5.746677963000001,-6.216
5.7487497990000005,-6.158
5.7510895060000005,-6.2410000000000005
5.752935631000001,-6.2410000000000005
5.754859073,-6.104
5.756965279,-6.1240000000000006
5.759028503000001,-6.397
5.760849205,-6.397
5.762823318000001,-6.178
5.764743618000001,-6.178
5.766788666,-6.261
5.7686555230000005,-6.261
5.7706795060000005,-6.319
5.772650184000001,-6.203
5.774816969000001,-6.315
5.7767352800000005,-6.187
5.7787092620000005,-6.236
5.780960403000001,-6.319
5.783101495,-6.319
5.784756396000001,-6.154
5.786815078,-5.989
5.7889992370000005,-5.989
5.790820559,-6.025
5.792807381,-6.054
5.794755211,-6.207
5.7966578460000004,-6.15
5.798767505000001,-6.1290000000000004
5.800889817000001,-6.1290000000000004
5.802778834000001,-6.146
5.804808137,-6.319
5.806655569,-6.154
5.808785956,-6.154
5.810721416000001,-6.125
5.812966240000001,-6.265000000000001
5.815020441000001,-6.265000000000001
5.816761353,-6.315
5.81874053,-6.24
5.8210493660000004,-6.377
5.822770208000001,-6.377
5.824736404,-6.158
5.826768488000001,-6.158
5.828745217000001,-6.178
5.830722845,-6.319
5.832732373000001,-6.166
5.834722687,-6.162
5.83671775,-6.154
5.838725061000001,-6.29
5.841625435,-6.1290000000000004
5.842724410000001,-6.1290000000000004
5.844673127,-6.212
5.846738376,-6.1290000000000004
5.848625178000001,-6.24
5.850660074,-6.182
5.852654058000001,-6.1000000000000005
5.854653902000001,-6.154
5.856767489,-6.3
5.858684753,-6.125
5.860977192,-6.1080000000000005
5.862786043000001,-6.1080000000000005
5.864663080000001,-6.261
5.867442963,-6.2940000000000005
5.868708055,-6.2940000000000005
5.870688747,-6.071
5.872642895,-6.348
5.874946856,-6.232
5.876684728000001,-6.232
5.878727617,-6.146
5.880824410000001,-6.146
5.882807538000001,-6.104
5.88468837,-6.104
5.886675555,-6.261
5.888684889,-6.079
5.8907515660000005,-6.231
5.892758387000001,-6.08
5.894767777,-6.232
5.896767586,-6.2700000000000005
5.898810127,-6.232
5.901107317,-6.207
5.902806463,-6.207
5.904834974000001,-6.212
5.907116506,-6.368
5.909137929000001,-6.187
5.9108057380000005,-6.187
5.9127507,-6.232
5.914903077,-6.1080000000000005
5.917005318,-6.368
5.918687485,-6.211
5.921140731,-6.293
5.922928623000001,-6.293
5.92486446,-6.352
5.926753016,-6.154
5.928989292000001,-6.1290000000000004
5.930892620000001,-6.216
5.9328694550000005,-6.319
5.934873554,-6.104
5.937032411000001,-6.261
5.938998768,-6.343
5.940975010000001,-6.343
5.942864181,-6.15
5.944826126000001,-6.29
5.9468090380000005,-6.2860000000000005
5.948686264,-6.373
5.950707166,-6.104
5.952832907,-6.324
5.954769811,-6.323
5.9569236750000005,-6.24
5.958911767,-6.178
5.961041890000001,-6.1240000000000006
5.962794845,-6.1240000000000006
5.964770400000001,-6.203
5.966849893,-6.075
5.968912937000001,-6.344
5.970974157000001,-6.29
5.9728859420000004,-6.207
5.974865848,-6.24
5.977038149,-6.265000000000001
5.978971986,-6.265000000000001
5.981105110000001,-6.071
5.982958215,-6.071
5.98501697,-6.046
5.9867590470000005,-6.046
5.988945608000001,-6.212
5.990764333,-6.154
5.992878328000001,-6.207
5.994777078,-6.15
5.996688625,-6.154
5.998797317,-6.364
6.001154619,-6.187
6.0028225090000005,-6.187
6.004771339,-6.154
6.006778734,-6.212
6.008703720000001,-6.08
6.010758719,-6.212
6.012814698000001,-6.261
6.014749626,-6.191
6.016738135000001,-6.1290000000000004
6.0186901960000005,-6.167
6.021013294,-6.227
6.022840234,-6.227
6.024853241000001,-6.12
6.026869069,-6.178
6.028833973,-6.324
6.030795479,-6.154
6.032771021,-6.236
6.03463243,-6.104
6.0367666170000005,-6.109
6.038719075,-6.261
6.040955167000001,-6.178
6.042803758000001,-6.178
6.044796570000001,-6.364
6.046794661000001,-6.29
6.048784156,-6.256
6.050773411000001,-6.183
6.052773666,-6.187
6.054676508,-6.212
6.056780194000001,-6.232
6.058673918,-6.051
6.060995060000001,-6.071
6.062830695000001,-6.071
6.064884545,-6.216
6.066758254000001,-6.261
6.068735684,-6.2860000000000005
6.070646937,-6.154
6.0726505600000005,-6.232
6.074662222000001,-6.29
6.076638323,-6.104
6.078651638,-6.051
6.080855242,-6.261
6.082849382,-6.261
6.084722013,-6.182
6.086684654000001,-6.29
6.088800922000001,-6.149
6.090688931000001,-6.149
6.092662775,-6.178
6.0946539,-6.2860000000000005
6.096632833,-6.2410000000000005
6.098844313000001,-6.178
6.101144943,-6.178
6.103014972,-6.207
6.104779451000001,-6.183
6.1070965170000004,-6.261
6.1088046160000005,-6.24
6.111054028000001,-6.158
6.112851662000001,-6.24
6.114903494,-6.2940000000000005
6.116807877,-6.207
6.1189446190000005,-6.265000000000001
6.121080431,-6.315
6.122820094000001,-6.315
6.124811985,-6.377
6.126775344,-6.104
6.1288148300000005,-6.162
6.130832322000001,-6.055
6.1328339110000005,-6.1290000000000004
6.1347164880000005,-6.368
6.136752885000001,-6.2940000000000005
6.1387868260000005,-6.154
6.140862534,-6.265000000000001
6.142912052000001,-6.265000000000001
6.144723996000001,-6.319
6.146752919000001,-6.319
6.148810527,-6.212
6.150742593,-6.245
6.152829131000001,-6.203
6.154666474000001,-6.372
6.156767674,-6.178
6.158907376,-6.2410000000000005
6.160961097,-6.2410000000000005
6.162815093000001,-6.3180000000000005
6.164688989,-6.15
6.166694853,-6.204
6.168804959,-6.133
6.17069341,-6.1290000000000004
6.17270054,-6.183
6.174657992,-6.1290000000000004
6.176651763000001,-6.232
6.178652535,-6.1000000000000005
6.180876854,-6.236
6.1827200090000005,-6.236
6.184722393,-6.154
6.186824018,-6.319
6.188765688,-6.1370000000000005
6.1907239370000005,-6.339
6.192695843,-6.199
6.1948757080000005,-6.183
6.196665607000001,-6.368
6.198794587,-6.109
6.201055241000001,-6.133
6.202787622000001,-6.133
6.204975534000001,-6.075
6.206806405,-6.075
6.208846039,-6.199
6.2108129320000005,-6.211
6.212812936000001,-6.1530000000000005
6.21476141,-6.022
6.216780021000001,-6.319
6.218888025,-6.1240000000000006
6.221072792,-6.265000000000001
6.223254363000001,-6.265000000000001
6.224821454000001,-6.1610000000000005
6.226912390000001,-6.1000000000000005
6.229066512,-6.1000000000000005
6.2307896320000005,-6.1000000000000005
6.232787013,-6.104
6.2347701220000005,-6.1290000000000004
6.236817459,-6.2410000000000005
6.238889143000001,-6.265000000000001
6.241013814,-6.22
6.242988598,-6.22
6.244997469,-6.285
6.246702903,-6.265000000000001
6.248745811,-6.183
6.250755385000001,-6.1290000000000004
6.252800456,-6.163
6.254832091000001,-6.133
6.256801678,-6.199
6.258782978,-6.154
6.261134187000001,-6.183
6.2629617170000005,-6.183
6.264800803,-6.055
6.266952583,-6.228
6.268791845,-6.228
6.270773448000001,-6.22
6.272718956,-6.051
6.274756945,-6.1160000000000005
6.277423270000001,-6.2940000000000005
6.278818761,-6.2940000000000005
6.280944956000001,-6.182
6.282784926000001,-6.182
6.2847495900000006,-6.183
6.286722924,-6.133
6.288744686,-6.149
6.290669555,-6.15
6.292925598,-6.113
6.294904274,-6.236
6.297063583000001,-6.236
6.299112744,-6.121
6.301198739,-6.121
6.302769239000001,-6.212
6.304955748,-6.319
6.307027528000001,-6.261
6.3088805400000005,-6.211
6.310840322000001,-6.104
6.3129351950000006,-6.319
6.314661061000001,-6.158
6.316784872,-6.15
6.31886461,-6.183
6.321003480000001,-6.29
6.322895252,-6.29
6.324872451,-6.183
6.327011357000001,-6.158
6.328941658000001,-6.24
6.331099904,-6.211
6.33293129,-6.187
6.334976815,-6.1290000000000004
6.3366672490000004,-6.079
6.338784804,-6.15
6.340978679,-6.306
6.342972733000001,-6.306
6.344827918,-6.187
6.346778234,-6.221
6.348647495000001,-5.968
6.3507509550000005,-6.202
6.352790383,-6.212
6.354656828,-6.1290000000000004
6.356778867,-6.319
6.358759326,-6.2940000000000005
6.360939314,-6.179
6.362704445,-6.179
6.3646827980000005,-6.178
6.366674870000001,-6.22
6.368654287,-6.381
6.370665236000001,-6.211
6.3726687,-6.232
6.374660218000001,-6.08
6.376645296,-6.158
6.3786415860000005,-6.265000000000001
6.380889479,-6.1000000000000005
6.3827606040000004,-6.1000000000000005
6.384731676,-6.182
6.3866920910000005,-6.182
6.388751072000001,-6.29
6.390713614,-6.311
6.392785743,-6.075
6.394698742,-6.183
6.396659725,-6.138
6.398667627,-6.178
6.400864856,-6.183
6.402814692000001,-6.183
6.404688439,-6.29
6.406870775000001,-6.187
6.408684222000001,-6.187
6.410667856000001,-6.2860000000000005
6.412714621,-6.232
6.414652554000001,-5.993
6.416663076000001,-6.319
6.418661190000001,-6.207
6.421042547000001,-6.125
6.422695698,-6.125
6.424685039000001,-6.154
6.4266577730000005,-6.2410000000000005
6.4288123310000005,-6.1240000000000006
6.430633350000001,-6.24
6.432689223000001,-6.2940000000000005
6.434764523,-6.022
6.436965302000001,-6.158
6.438961901000001,-6.232
6.441031125,-6.232
6.442771153000001,-6.203
6.444764613,-6.071
6.446726115000001,-6.154
6.448684872,-6.2860000000000005
6.450698517,-6.223
6.452678447,-6.212
6.454663245000001,-6.071
6.4567265,-6.343
6.458687867,-6.447
6.460902831,-6.12
6.462983658000001,-6.12
6.464713638,-6.163
6.466738532000001,-6.29
6.468855101000001,-6.365
6.470695523000001,-6.365
6.472683713,-6.24
6.474634924,-6.154
6.476669845,-6.24
6.478658246,-6.4510000000000005
6.481001729000001,-6.1240000000000006
6.482705003,-6.1240000000000006
6.484690535,-6.2700000000000005
6.4866482350000005,-6.257000000000001
6.4886340570000005,-6.368
6.490671782000001,-6.29
6.492659938,-6.154
6.494720839,-6.392
6.496927294000001,-6.265000000000001
6.49866161,-6.211
6.500939802,-6.026
6.50268435,-6.026
6.5046952330000005,-6.096
6.5066538750000005,-6.05
6.508686150000001,-6.174
6.510679873000001,-6.1000000000000005
6.512838319,-6.368
6.514679847,-6.187
6.516646303000001,-6.261
6.518976299,-6.187
6.521002563000001,-6.1290000000000004
6.522843508,-6.1290000000000004
6.524696541000001,-6.212
6.526690366,0.101
6.528663229,-3.831
6.530624805,-1.946
6.532678827000001,-0.047
6.534636900000001,0.375
6.5366785510000005,0.293
6.538744594000001,0.182
6.540881946000001,-0.423
6.542808925,-0.423
6.544717941,-0.5660000000000001
6.546705083,0.074
6.5488629000000005,3.395
6.550813848000001,3.395
6.552703565000001,1.868
6.5547293170000005,1.037
6.556784127,1.183
6.558826527000001,1.609
6.5609477510000005,1.928
6.562750384,1.928
6.564709222,1.934
6.566742321,1.934
6.568698132000001,2.287
6.570747069,0.997
6.572729992,1.211
6.5747325960000005,1.964
6.576739821,1.93
6.5786993250000005,1.746
6.580880154000001,0.96
6.582859547,0.96
6.584672048000001,0.847
6.586665871,0.726
6.588752952,1.436
6.590717668000001,1.491
6.5926705640000005,1.247
6.594680078000001,0.757
6.596653596,0.505
6.598635000000001,0.154
6.600893153,0.161
6.602703499,0.161
6.604665287,0.625
6.606640985,0.775
6.6086675360000005,0.765
6.610646316,0.313
6.612659409000001,0.2
6.6148273930000006,0.17400000000000002
6.616640522,-0.092
6.61871044,-0.05
6.621094923,-0.012
6.622785054,-0.012
6.624779279,-0.242
6.6269415810000005,-0.324
6.628731225,-0.324
6.630685497,0.03
6.632700097000001,-0.08
6.634658186,0.05
6.636738685,0.081
6.638770718000001,-0.017
6.640897342000001,0.269
6.642698978,0.269
6.644688739,0.451
6.646692292,-0.006
6.648679871000001,0.279
6.650636869,0.506
6.652676925000001,0.512
6.654651692000001,0.506
6.656711921,0.5740000000000001
6.658647986,0.645
6.660852781,0.527
6.662719777,0.527
6.664731486,0.968
6.666742206,1.176
6.668839248,1.5350000000000001
6.670684036000001,1.5350000000000001
6.6726842170000005,1.336
6.674639374000001,1.338
6.676644725,1.264
6.678671446,1.235
6.680935152,1.477
6.682702346,1.477
6.684850242,1.312
6.6868205640000005,1.292
6.688875886000001,0.964
6.690676271,0.774
6.692825889000001,1.105
6.694978996000001,0.916
6.696920579,0.916
6.698793716000001,0.593
6.700970192000001,0.378
6.7029226820000005,0.378
6.704831464000001,0.363
6.7067565170000005,0.211
6.708711729,0.211
6.710773846,0.394
6.712813721000001,-0.082
6.714832107,-0.325
6.71665834,-0.47000000000000003
6.718800134,-0.226
6.721012604,-0.044
6.72277651,-0.044
6.724774726000001,0.044
6.726780231,0.317
6.728905142,0.41400000000000003
6.730757345000001,0.224
6.7327422640000005,0.362
6.734773425,0.423
6.736783627,0.367
6.738810880000001,0.47000000000000003
6.740985243000001,0.426
6.743084597,0.426
6.7447802910000005,0.41200000000000003
6.746956181000001,0.326
6.748748503000001,-0.14400000000000002
6.750757912,-0.185
6.752743914000001,-0.378
6.754695944000001,-0.281
6.756765354000001,-0.33
6.758687669,-0.371
6.761041939,-0.489
6.762921362,-0.489
6.764712966,-0.47300000000000003
6.766715383,-0.098
6.768662478,-0.212
6.770682879000001,-0.392
6.772664969,-0.183
6.774642947,-0.091
6.776643432,-0.1
6.778677337,-0.252
6.7810159080000005,-0.509
6.783060140000001,-0.509
6.784707859,-0.513
6.786811352000001,-0.713
6.788802228000001,-0.785
6.790722478,-1.111
6.792648916,-1.016
6.794669324,-1.291
6.796669071,-1.298
6.798683115,-1.205
6.800970888,-1.476
6.802689883,-1.476
6.804677591000001,-1.264
6.806773150000001,-1.153
6.808833346,-1.176
6.810790682,-1.295
6.812878585,-1.336
6.814961799000001,-1.543
6.816964711000001,-1.352
6.8186777030000005,-1.352
6.820887504000001,-1.391
6.822996794000001,-1.391
6.824793399000001,-1.622
6.826837367,-1.622
6.828830573,-1.514
6.830788244000001,-1.722
6.832865218,-1.5290000000000001
6.834825081000001,-1.933
6.836839677,-1.561
6.838675622,-1.979
6.840892104000001,-2.011
6.843461335000001,-2.011
6.84484635,-2.231
6.846896809,-2.466
6.848743283,-2.205
6.850642054000001,-2.399
6.852631527000001,-2.471
6.854754678000001,-2.605
6.8568062890000006,-2.461
6.858672443000001,-2.609
6.860945539,-2.39
6.862707072,-2.39
6.864663817,-2.34
6.867546821,-2.305
6.8689393260000005,-2.305
6.870895821,-2.564
6.8726646570000005,-2.273
6.874945141,-2.456
6.876812818,-2.486
6.878745100000001,-2.426
6.881011161,-2.426
6.88294954,-2.335
6.88490216,-2.557
6.886879411000001,-2.438
6.888755217000001,-2.464
6.890743003000001,-2.565
6.892735878000001,-2.748
6.894778027,-2.846
6.896733246,-3.286
6.898648043000001,-3.021
6.9009982700000005,-3.349
6.902735000000001,-3.349
6.904716929,-3.418
6.906715472,-3.598
6.908938266000001,-3.383
6.910948382000001,-3.438
6.912799119000001,-3.446
6.914777557000001,-3.632
6.916759185,-3.656
6.9186814750000005,-3.617
6.921055977000001,-3.617
6.922784304,-3.531
6.924921488000001,-3.531
6.926794908000001,-3.382
6.928793246000001,-3.637
6.930624425,-3.747
6.932677186,-3.727
6.934868487,-3.865
6.9367863540000005,-4.203
6.938703005000001,-4.223
6.9408700660000004,-4.134
6.9428041160000005,-4.134
6.944830383,-4.349
6.946751457,-4.538
6.948861024,-4.797
6.950686778000001,-4.797
6.952659861000001,-5.022
6.954743703,-4.977
6.956710064,-5.1160000000000005
6.958701960000001,-5.223
6.9609612830000005,-4.992
6.962793735000001,-4.992
6.964752114,-5.2540000000000004
6.966938213000001,-5.134
6.968866996,-5.226
6.970844909,-5.303
6.972803167,-5.275
6.974850109,-5.437
6.976784911,-5.187
6.9788949250000005,-5.115
6.980983567,-5.115
6.9829905640000005,-5.029
6.985014121000001,-4.958
6.9870494690000005,-4.958
6.988882595000001,-4.6930000000000005
6.990827859,-4.659
6.992940782000001,-4.729
6.994711983,-4.782
6.9966481410000005,-4.695
6.9986640840000005,-4.816
7.000920093,-4.711
7.002711875,-4.711
7.0046822760000005,-4.558
7.006730082000001,-4.876
7.008725514000001,-4.771
7.010676301,-4.779
7.012686289,-5.029
7.014656772,-4.88
7.016689261000001,-4.6370000000000005
7.0186916440000005,-4.434
7.02083536,-4.434
7.022705179000001,-4.57
7.024743752,-4.841
7.026677208000001,-4.371
7.0286740000000005,-4.744
7.030673647,-4.651
7.0326689060000005,-4.697
7.034774378000001,-4.698
7.036643389000001,-4.792
7.038633077,-4.75
7.040866373,-4.749
7.042706687000001,-4.749
7.044680208000001,-4.937
7.046688042,-5.2540000000000004
7.048686308000001,-5.1690000000000005
7.050654888,-5.452
7.0526552890000005,-5.45
7.054652057,-5.594
7.056669886000001,-5.603
7.058824519000001,-5.664
7.060856666,-5.664
7.062817155,-5.938
7.064808967,-5.938
7.066694447000001,-6.023
7.068663764,-5.458
7.070649950000001,-5.627
7.07266407,-5.675
7.074625528,-5.547
7.076747265000001,-5.22
7.07886764,-5.303
7.08088558,-5.303
7.082790373000001,-5.666
7.084858369000001,-5.666
7.086677679,-5.444
7.0888049870000005,-5.26
7.090829621,-5.1930000000000005
7.0927853690000005,-5.167
7.094650961,-5.159
7.096749279000001,-5.24
7.0987894240000005,-5.039
7.101106626000001,-5.239
7.103040805,-5.239
7.104843198,-5.09
7.1068457810000005,-5.228
7.109088023000001,-5.223
7.11079986,-5.223
7.112772979000001,-4.994
7.114823043,-4.924
7.1167708450000005,-4.712
7.11885864,-4.647
7.121198485000001,-4.831
7.1229321510000005,-4.831
7.124860976000001,-4.759
7.126760495,-4.638
7.129100308000001,-4.781
7.130849482,-4.88
7.1330232680000005,-4.867
7.134801318,-4.769
7.136775161,-4.769
7.13911123,-4.7250000000000005
7.141066054,-4.9030000000000005
7.142994156,-4.9030000000000005
7.144775572,-4.866
7.146937792,-4.795
7.149100183000001,-4.694
7.151018124,-4.729
7.1528998260000005,-4.853
7.155047891000001,-4.853
7.156864774000001,-4.761
7.158952263000001,-4.812
7.160985499000001,-4.812
7.162933281000001,-4.783
7.164656993,-4.821
7.166669677000001,-5.0040000000000004
7.168673197,-4.9030000000000005
7.170647752000001,-4.822
7.172650955000001,-4.844
7.174804829,-4.83
7.177008958,-4.886
7.178747762,-4.7170000000000005
7.181038419,-4.9430000000000005
7.182694313000001,-4.9430000000000005
7.184810939,-4.8870000000000005
7.186800472000001,-4.745
7.188799823,-4.6610000000000005
7.190669058,-4.569
7.192662164000001,-4.628
7.194733401000001,-4.78
7.196876255,-4.875
7.198675384,-4.798
7.200873626000001,-5.018
7.202732519,-5.018
7.204695239,-5.006
7.206661984,-5.345
7.208822852000001,-5.289
7.210751637,-5.3020000000000005
7.212730943,-5.315
7.214651499,-5.249
7.216758879,-5.16
7.218756268000001,-4.9830000000000005
7.220962903,-4.932
7.2227434530000005,-4.932
7.2247572270000004,-5.156
7.226661611000001,-4.073
7.228839119000001,-4.257
7.230750383,-4.257
7.232702048,-4.0120000000000005
7.234671974,-4.284
7.236620308000001,-4.233
7.238688141000001,-4.1770000000000005
7.240871315000001,-4.1770000000000005
7.2427744590000005,-4.313
7.2447055460000005,-4.313
7.246696109,-4.103
7.248681028,-5.2780000000000005
7.250750528,-5.133
7.252800115,-5.481
7.254839096,-5.471
7.256823772000001,-5.239
7.2589760000000005,-5.457
7.260913736000001,-5.493
7.262705938000001,-5.493
7.264686452,-5.432
7.266677614000001,-4.554
7.268692242,-4.61
7.270675469,-4.147
7.27275292,-4.235
7.274682707,-4.2700000000000005
7.276616338,-4.425
7.2786738500000006,-4.18
7.280830160000001,-4.282
7.282822201,-4.282
7.284865358,-4.36
7.286757121000001,-4.36
7.288795521000001,-4.438
7.290757298000001,-5.207
7.292684041,-5.188
7.294682497,-5.247
7.296832028000001,-5.42
7.298943304000001,-5.237
7.30104864,-5.389
7.3029914400000004,-5.389
7.304885072,-5.3790000000000004
7.306773317,-5.3790000000000004
7.308737056000001,-4.633
7.310680111000001,-4.465
7.31274799,-4.202
7.314701939000001,-4.482
7.3166373590000005,-4.22
7.3188414,-4.664
7.3211357690000005,-4.706
7.322891522000001,-4.706
7.324710722000001,-4.491
7.326758947,-4.491
7.328747509,-5.807
7.330738859,-5.784
7.3326789770000005,-6.102
7.334784223000001,-5.86
7.336749738000001,-5.86
7.338831826000001,-5.8740000000000006
7.341039758000001,-5.908
7.342978889,-5.908
7.344730725000001,-5.977
7.347044544,-5.223
7.349010944000001,-5.223
7.350734438000001,-5.132
7.352819875000001,-4.993
7.354936355,-5.098
7.356835502,-5.098
7.358807055000001,-5.203
7.361068079000001,-5.07
7.362831205000001,-5.07
7.3648090580000005,-5.033
7.366970378,-5.033
7.368856353000001,-5.228
7.370983536000001,-5.213
7.372806854,-5.081
7.374738725,-5.0200000000000005
7.376936397000001,-5.0200000000000005
7.378852799000001,-5.249
7.380994007000001,-5.295
7.382736558,-5.295
7.384735694000001,-5.132
7.386794147000001,-5.132
7.388717343000001,-4.8340000000000005
7.390786222,-4.6850000000000005
7.392711952000001,-4.4590000000000005
7.394669797000001,-4.664
7.396822510000001,-4.78
7.3987825350000005,-5.11
7.400904408000001,-5.182
7.402799181000001,-5.182
7.404710065000001,-5.075
7.406686269000001,-5.075
7.408692723000001,-5.746
7.410653783000001,-5.745
7.412649097,-5.9350000000000005
7.414673165000001,-5.933
7.416781044,-5.721
7.418673826,-5.827
7.420962902,-5.804
7.422812213,-5.804
7.424743704000001,-5.801
7.4267014080000004,-5.801
7.428693677,-5.855
7.430666682,-5.745
7.432817057,-5.907
7.434643885000001,-5.908
7.436757952000001,-5.694
7.438685700000001,-5.801
7.4409631,-5.854
7.442829522,-5.854
7.444882121000001,-5.854
7.446840835000001,-5.854
7.4487848240000005,-5.638
7.450785887,-5.753
7.452648262,-5.9190000000000005
7.454721419,-5.671
7.456678038000001,-5.807
7.458695872000001,-5.705
7.460974793,-5.705
7.463004409000001,-5.705
7.4647062260000006,-5.7
7.466944977000001,-5.7
7.468838506000001,-5.694
7.470702507,-5.699
7.4726366340000006,-5.651
7.4746762680000005,-5.7490000000000006
7.4768934400000004,-5.7490000000000006
7.478666777000001,-5.567
7.4809004340000005,-5.763
7.482753489,-5.763
7.484675735000001,-5.549
7.486760083,-5.689
7.488675032000001,-5.25
7.490678953000001,-5.485
7.492758984000001,-5.508
7.494661891000001,-5.363
7.496702979,-5.363
7.498807663000001,-5.189
7.50101904,-5.362
7.502698550000001,-5.362
7.504780520000001,-5.187
7.50676961,-5.187
7.508670855,-5.437
7.510789655000001,-5.265
7.512665286000001,-5.162
7.514709971,-5.341
7.516834595000001,-5.159
7.518666772,-5.134
7.520882304000001,-5.327
7.522746565,-5.327
7.524712803000001,-5.3020000000000005
7.526778586000001,-5.3020000000000005
7.528700415,-5.199
7.530653283,-4.984
7.532667032000001,-5.125
7.534669007000001,-4.553
7.536755295000001,-4.987
7.538696852,-4.711
7.54081414,-4.711
7.543078993000001,-5.037
7.54497746,-5.037
7.54678276,-4.8950000000000005
7.548786794000001,-5.0520000000000005
7.5506633700000005,-5.086
7.552966399000001,-5.114
7.554733202,-4.979
7.556844757,-5.029
7.558728761,-5.0280000000000005
7.560892162,-5.197
7.5628053920000005,-5.197
7.564740974,-4.973
7.566848906000001,-4.954
7.568751043000001,-5.057
7.570722435,-5.38
7.5727261210000005,-5.1080000000000005
7.574675966,-5.578
7.576653080000001,-5.228
7.578739099000001,-5.537
7.580926735,-5.433
7.582729611,-5.433
7.584770922000001,-5.168
7.586726927000001,-5.486
7.588800165,-5.397
7.590669229,-5.556
7.592796771000001,-5.4670000000000005
7.594844177000001,-5.343
7.5967759710000005,-5.343
7.5987605920000005,-5.521
7.601043902000001,-5.235
7.603057633000001,-5.235
7.604744341000001,-5.275
7.606816641000001,-5.264
7.608910658,-4.9670000000000005
7.610739990000001,-5.057
7.612639604000001,-5.024
7.61470125,-5.125
7.616902071,-5.073
7.618733049,-4.761
7.620965143,-4.795
7.6229382370000005,-4.795
7.624768644,-4.6450000000000005
7.6269158610000005,-4.807
7.628853792,-4.767
7.6307521330000005,-4.575
7.632651244000001,-4.803
7.634831565000001,-4.707
7.636662272000001,-4.662
7.638804247,-4.659
7.640971911,-4.705
7.642841516000001,-4.705
7.644785914000001,-4.745
7.646793108000001,-4.696
7.648744094,-4.885
7.650743,-4.891
7.652748861,-4.8
7.6547424920000005,-4.695
7.656680222,-4.7940000000000005
7.658741766,-4.889
7.660987058000001,-4.931
7.662930285000001,-4.931
7.664870838000001,-4.883
7.666953248,-5.027
7.668817410000001,-4.9350000000000005
7.670849144000001,-5.082
7.672730004000001,-4.985
7.674831089,-5.07
7.676811737,-4.947
7.6788260290000006,-5.122
7.681008212,-5.2700000000000005
7.682886030000001,-5.2700000000000005
7.684776645,-5.3790000000000004
7.686724346,-5.2940000000000005
7.688743464000001,-5.381
7.690724153000001,-5.49
7.692716000000001,-5.2410000000000005
7.694682746000001,-5.292
7.696714862,-5.261
7.698753276000001,-5.397
7.700990562,-5.136
7.702916185,-5.136
7.704770676000001,-5.291
7.706773174,-5.291
7.7088029030000005,-6.314
7.710852743,-6.203
7.712847069,-6.4190000000000005
7.714813629000001,-6.284
7.716805385000001,-6.311
7.718779889,-6.1530000000000005
7.721138644000001,-6.2860000000000005
7.7227823010000005,-6.2860000000000005
7.724783974,-6.192
7.726802876000001,-5.402
7.728825443000001,-5.3
7.730718984,-5.324
7.732686976,-5.306
7.735022262,-5.406
7.7370166440000006,-5.406
7.738794927000001,-5.168
7.741014086000001,-4.9030000000000005
7.7429704610000005,-4.9030000000000005
7.7447767370000005,-4.871
7.7469602150000005,-4.641
7.748815807000001,-4.683
7.750979336,-4.58
7.752756832,-4.58
7.754706241,-4.67
7.756739382,-4.8790000000000004
7.758701438,-5.1290000000000004
7.760991895,-4.945
7.7628553280000006,-4.945
7.764799016,-5.071
7.7666604150000005,-5.071
7.768703924,-4.965
7.770825391000001,-5.206
7.77271944,-5.021
7.7747089140000005,-5.019
7.776726941000001,-4.965
7.778779031000001,-4.963
7.78090374,-5.147
7.782704261,-5.147
7.784745719000001,-5.206
7.786717638000001,-5.1370000000000005
7.789040117000001,-5.097
7.791144329000001,-5.097
7.792789789,-5.085
7.7947948490000005,-5.226
7.796698599000001,-5.34
7.798850719000001,-5.303
7.801106371,-5.4350000000000005
7.802988836000001,-5.4350000000000005
7.804819683000001,-5.474
7.806776343,-5.453
7.808660923000001,-5.222
7.810656366000001,-5.309
7.8127539850000005,-5.2410000000000005
7.814711885,-5.204
7.816713508,-5.335
7.818829417000001,-5.369
7.821019104,-5.4350000000000005
7.822782161,-5.4350000000000005
7.824932603000001,-5.309
7.826767784,-5.296
7.8288524420000005,-5.296
7.830778664,-5.488
7.832886837,-5.402
7.834788048,-5.378
7.836672948,-5.333
7.8388697370000004,-5.151
7.840989112000001,-5.151
7.843006821,-5.151
7.844867339,-5.221
7.846907657000001,-5.2540000000000004
7.84878135,-5.2540000000000004
7.8507398450000005,-5.175
7.8527443,-5.206
7.854894797000001,-5.214
7.856898284000001,-5.303
7.858838341,-5.034
7.861089196000001,-5.353
7.8630171980000005,-5.353
7.864874616000001,-5.134
7.867787533,-5.224
7.868868594,-5.224
7.870791549000001,-5.279
7.872792502,-5.352
7.8748176590000005,-5.244
7.876774761,-5.33
7.878683049,-5.369
7.881009105,-5.277
7.882732472000001,-5.277
7.8847540700000005,-5.482
7.886713660000001,-5.534
7.888693076000001,-5.452
7.89066718,-5.113
7.8926628910000005,-5.259
7.894706095,-5.275
7.896668794000001,-5.468
7.898685873000001,-5.45
7.900896114000001,-5.416
7.9027492200000005,-5.416
7.904733576000001,-5.382
7.906734746000001,-5.363
7.908825534000001,-5.421
7.910842635000001,-5.575
7.912754442000001,-5.541
7.914800972,-5.58
7.916777624000001,-5.513
7.918738996,-5.363
7.920904102000001,-5.628
7.922714926,-5.628
7.924739853,-5.572
7.926755459000001,-5.223
7.928818216000001,-5.378
7.930760109,-5.261
7.932773161,-5.22
7.934752329,-5.272
7.936669868,-5.36
7.93868358,-5.223
7.941163188000001,-5.186
7.942794333,-5.186
7.944790485,-5.098
7.946962481000001,-4.996
7.948771859000001,-5.046
7.950878855000001,-4.7700000000000005
7.952740631,-5.082
7.954907252000001,-4.908
7.956942678000001,-4.872
7.958847820000001,-4.94
7.960977477,-4.961
7.962878470000001,-4.961
7.964885636000001,-5.045
7.966958898000001,-5.407
7.968667375000001,-5.251
7.970757681,-5.392
7.972780571,-5.392
7.9747340410000005,-5.392
7.976771708,-5.456
7.9789763240000005,-5.469
7.980858878,-5.521
7.982730867000001,-5.521
7.984691852,-5.405
7.9868122690000005,-5.0440000000000005
7.988757045000001,-5.031
7.990812185,-5.0200000000000005
7.992805508000001,-5.082
7.994748402000001,-5.1450000000000005
7.996759055,-5.057
7.998737080000001,-5.058
8.000972967000001,-5.058
8.002766677,-5.058
8.004701298,-5.102
8.006688555,-4.9910000000000005
8.008884601,-5.449
8.010706761,-5.522
8.012851713,-5.4750000000000005
8.014875693,-5.644
8.016776139000001,-5.8180000000000005
8.018792376,-5.735
8.020974787,-5.753
8.022812228000001,-5.753
8.024826867,-5.851
8.026817130000001,-5.851
8.028912747,-5.827
8.030847426000001,-5.804
8.032805015000001,-5.745
8.034789839,-5.799
8.036716504000001,-5.857
8.038700059,-5.805
8.040970772,-5.664
8.042911662,-5.664
8.044887501,-5.692
8.046747135,-5.692
8.048795074000001,-5.72
8.050801083,-5.694
8.052681838,-5.346
8.054798209000001,-5.51
8.056838557,-5.5920000000000005
8.058698794,-5.455
8.060851248,-5.376
8.06272489,-5.376
8.064699556,-5.39
8.066672097,-5.399
8.068700504,-5.282
8.070673122,-5.133
8.072682235,-5.099
8.074736971,-5.344
8.076664795000001,-5.239
8.078783056,-4.877
8.080987718000001,-5.095
8.082858923,-5.095
8.085012645,-5.162
8.086881768000001,-5.255
8.088845542000001,-5.341
8.090775393000001,-5.251
8.092735319,-5.28
8.095210813000001,-5.48
8.097064879000001,-5.259
8.098684253,-5.259
8.100999087,-5.485
8.102741463000001,-5.485
8.104700687000001,-5.731
8.106686115,-5.774
8.10869042,-5.773
8.110671828000001,-5.805
8.112656098,-5.461
8.114668591000001,-5.621
8.116658859000001,-5.602
8.118698434,-5.539
8.121025264,-5.667
8.122840166000001,-5.667
8.124910764000001,-5.5600000000000005
8.126661687,-5.7780000000000005
8.128823359,-5.64
8.130759451000001,-5.773
8.132750661000001,-5.832
8.134655345,-5.757000000000001
8.136770887,-5.671
8.13876665,-5.6930000000000005
8.140976617,-5.5280000000000005
8.142866431,-5.643
8.144857498,-5.831
8.146737466000001,-5.357
8.148730495,-5.349
8.150724964,-5.609
8.152689503000001,-5.644
8.154697094000001,-5.644
8.156782243,-5.696
8.158658945,-5.591
8.160962538,-5.643
8.162824198000001,-5.643
8.164760816000001,-5.713
8.166868216000001,-5.168
8.168873295000001,-5.117
8.170655624,-5.3260000000000005
8.172757398,-5.273
8.174909237000001,-5.416
8.176793164000001,-5.292
8.178994349,-5.063
8.181004904,-5.08
8.182778466,-5.08
8.184773913,-5.17
8.186788054,-5.4
8.188757462,-5.433
8.190659368,-5.421
8.192694464,-5.414
8.194807176000001,-5.538
8.196715762,-5.678
8.198711801,-5.793
8.200865105,-5.868
8.202737018,-5.868
8.204719688,-5.827
8.206798622,-6.026
8.208970726,-5.908
8.210780245,-5.908
8.212713525,-5.934
8.214704909,-5.745
8.216826961,-6.0
8.21865432,-5.939
8.220913474000001,-5.724
8.223134455,-5.724
8.224723014,-5.98
8.226805516,-5.79
8.228888133,-5.773
8.230719142,-5.965
8.232698664,-5.91
8.234777025,-5.759
8.236745353,-5.675
8.238834374,-5.7780000000000005
8.241029204,-5.825
8.242806481,-5.825
8.244769925,-5.666
8.24680927,-5.32
8.248902369000001,-5.2940000000000005
8.250735592,-5.2940000000000005
8.252847951,-5.376
8.25479462,-5.26
8.256771767,-5.156
8.25871976,-5.136
8.260948203,-5.273
8.262776968,-5.273
8.264723849000001,-5.098
8.266680902000001,-4.945
8.268713046,-5.228
8.270699096000001,-5.138
8.272643088,-5.1850000000000005
8.274663876,-5.288
8.276656404,-5.367
8.278905871000001,-5.25
8.280899786,-5.238
8.282810834000001,-5.238
8.284727559,-5.251
8.286666871000001,-5.159
8.288662183000001,-5.289
8.290649822,-5.521
8.292670450000001,-5.341
8.294665842,-5.41
8.296824008,-5.355
8.298871337000001,-5.279
8.300967416,-5.237
8.30274424,-5.237
8.30481209,-5.474
8.306669019000001,-5.3260000000000005
8.308810396,-5.274
8.310784426,-5.519
8.312759987,-5.469
8.314667279,-5.469
8.316676767,-5.7010000000000005
8.318728492,-5.942
8.320867275000001,-5.646
8.322714471000001,-5.646
8.32471215,-5.5440000000000005
8.326700214,-5.857
8.328744786,-5.994
8.330644920000001,-6.016
8.332637865,-5.881
8.334693403000001,-6.015000000000001
8.336667585,-5.96
8.338665857,-6.0440000000000005
8.340862761,-5.936
8.342740932,-5.936
8.344706051000001,-6.066
8.346690782000001,-5.857
8.348692782,-5.939
8.350659926,-5.914
8.352731129,-5.907
8.354761298,-5.892
8.356713348000001,-5.772
8.358733167,-5.857
8.360901031000001,-5.86
8.362717217,-5.86
8.364692806,-5.857
8.366694768,-5.851
8.368686711,-5.832
8.370667513,-5.775
8.372664183000001,-5.774
8.374678137,-5.6930000000000005
8.376674298000001,-5.557
8.378850888,-5.402
8.380853576,-5.655
8.382759528000001,-5.655
8.384702531,-5.431
8.386658288000001,-5.197
8.388634827,-5.07
8.390679035,-5.416
8.392659173,-5.238
8.394702221000001,-5.029
8.396829627,-5.123
8.398847530000001,-5.4
8.401158318,-5.3420000000000005
8.402920128,-5.3420000000000005
8.404864250000001,-5.264
8.406969077000001,-5.652
8.408779176000001,-5.369
8.410983375,-5.578
8.412820596000001,-5.578
8.414837008000001,-5.578
8.416775887,-5.4
8.418701778,-5.572
8.420989275,-5.625
8.422813251000001,-5.625
8.424706455,-5.541
8.426684419,-5.117
8.428828557000001,-5.397
8.430852579,-5.575
8.432841585,-5.575
8.434908824,-5.335
8.436977684,-5.495
8.438871612,-5.42
8.441116665000001,-5.805
8.442893487000001,-5.805
8.444923612,-5.408
8.446801526,-5.597
8.448823889,-5.734
8.451015265,-5.547
8.452836583,-5.453
8.454934566,-5.612
8.456794338,-5.561
8.458848014,-5.508
8.461028814,-5.561
8.462757726000001,-5.561
8.464722492,-5.681
8.466827955000001,-5.4350000000000005
8.468748767000001,-5.614
8.470805533,-5.681
8.472787303,-5.4750000000000005
8.474666477000001,-5.667
8.47672443,-5.896
8.478840261,-5.8180000000000005
8.481037051000001,-5.861
8.482830375,-5.861
8.48479941,-5.962
8.486744974,-5.746
8.488733965,-5.882000000000001
8.490688611000001,-5.827
8.492927119,-5.695
8.494840183,-5.695
8.496775592,-5.939
8.498680145,-5.646
8.501036159,-5.6690000000000005
8.502860823,-5.6690000000000005
8.504750233000001,-5.65
8.506703729,-5.815
8.508721047,-5.615
8.510666863,-5.9670000000000005
8.512691745,-5.821
8.514649264,-5.658
8.516753819,-5.734
8.518755925,-5.784
8.521100086,-5.8020000000000005
8.522814756,-5.8020000000000005
8.524722043,-5.713
8.526779209,-5.221
8.528773240000001,-5.3790000000000004
8.530777196,-5.292
8.532671978,-5.3260000000000005
8.534712885000001,-5.327
8.53669693,-5.3790000000000004
8.538840006000001,-5.362
8.540952024000001,-5.362
8.542706646000001,-5.362
8.544707293,-5.414
8.546746199000001,-5.502
8.54879232,-5.643
8.550709854,-5.643
8.55276014,-5.538
8.554732797,-5.247
8.556722481000001,-5.437
8.558662142000001,-5.166
8.560749084000001,-5.069
8.56282659,-5.069
8.564737309,-5.341
8.566746933000001,-4.954
8.568771907,-4.793
8.570719603,-5.087
8.572664814000001,-4.913
8.574679183,-4.811
8.576669623,-4.7170000000000005
8.578787923,-4.972
8.580865118,-4.972
8.582803642,-4.8790000000000004
8.584770405,-4.94
8.586724431,-4.7620000000000005
8.588669642000001,-5.021
8.590785834,-4.953
8.592844068,-4.781
8.594856593000001,-4.916
8.596670202,-5.022
8.598732883,-4.999
8.600776864,-4.945
8.602860731,-4.945
8.604772835,-4.8950000000000005
8.607018753,-4.963
8.608768192000001,-4.963
8.610851233,-5.093
8.612785177000001,-5.166
8.614742121,-5.308
8.616730204000001,-5.188
8.618709326000001,-5.188
8.621117448,-5.195
8.622979885000001,-5.195
8.624867865,-5.3180000000000005
8.626963904,-4.955
8.628950078,-5.069
8.630732098000001,-4.993
8.632910454000001,-5.082
8.634807982,-4.928
8.636788008,-5.25
8.638743022,-5.082
8.641084367000001,-5.28
8.642786714000001,-5.28
8.644786038000001,-5.469
8.646799512000001,-5.187
8.648730024,-5.344
8.651094237,-5.363
8.652753422,-5.329
8.654846068000001,-5.186
8.656667239,-5.3100000000000005
8.659013563,-5.186
8.661160464,-5.17
8.662819018,-5.17
8.664793904,-5.367
8.666756115,-5.118
8.668729288,-5.118
8.670742151,-5.081
8.672657824,-5.134
8.674767585,-5.206
8.676739040000001,-5.203
8.678695436,-5.488
8.680986188,-5.602
8.682823105,-5.602
8.684773203,-5.409
8.686811539,-5.811
8.68874925,-5.8950000000000005
8.690740847,-5.675
8.692700248000001,-6.018
8.694695808,-5.909
8.697011305,-5.639
8.698776146,-5.7490000000000006
8.700891657,-5.7490000000000006
8.702830826000001,-5.946
8.704818519,-5.89
8.706758693000001,-6.104
8.708845317,-5.997
8.710909798000001,-6.109
8.712808394000001,-6.212
8.71478218,-6.1000000000000005
8.716771999,-6.1000000000000005
8.718814624,-6.104
8.720959565000001,-6.1000000000000005
8.722783532000001,-6.1000000000000005
8.72479326,-5.914
8.726690810000001,-6.2330000000000005
8.728822774000001,-6.149
8.730816704,-6.097
8.732830611,-6.23
8.734647348000001,-6.0680000000000005
8.736743747,-6.122
8.738674246,-6.338
8.740871711,-6.071
8.742906214000001,-6.071
8.744754238,-6.317
8.746838192,-6.258
8.748855043,-5.5600000000000005
8.750841983,-5.533
8.752828117,-5.586
8.754754538,-5.534
8.756751467,-5.586
8.758776047000001,-5.638
8.761005999,-5.507
8.762804429000001,-5.507
8.764758481000001,-5.397
8.766844819000001,-5.86
8.768722074000001,-5.938
8.7708022,-6.033
8.772838294000001,-5.889
8.774769502,-5.8660000000000005
8.776756923,-5.872
8.778793984,-5.872
8.781145906,-5.987
8.782806739,-5.987
8.784727662,-5.8500000000000005
8.786776719,-5.559
8.788737426,-5.559
8.790690738,-5.644
8.792650968,-5.574
8.794671789,-5.569
8.796668589000001,-5.496
8.798693667,-5.561
8.800899376,-5.508
8.802767413,-5.508
8.804695611000001,-5.59
8.806688677,-5.581
8.808714374000001,-5.4750000000000005
8.810784139,-5.623
8.812705755000001,-5.623
8.814823504000001,-5.538
8.816707234,-5.538
8.818694914,-5.378
8.820907445000001,-5.474
8.822736688,-5.474
8.824710487,-5.506
8.826700661,-5.623
8.828736722,-5.655
8.830756835,-5.665
8.832690888,-5.815
8.83466551,-5.849
8.836695638,-5.698
8.838671839,-5.795
8.840999766000001,-5.756
8.843381165,-5.756
8.844755482,-5.68
8.846678592,-5.626
8.848704965000001,-5.8
8.850784112000001,-5.481
8.852693434,-5.586
8.854732893000001,-5.503
8.856854352000001,-5.539
8.858785569,-5.324
8.860953867000001,-5.49
8.862790862,-5.49
8.864743864000001,-5.542
8.867557863,-5.252
8.868702743,-5.252
8.870715072000001,-5.208
8.872693311,-5.208
8.874680527,-5.296
8.87666495,-5.399
8.878677823,-5.484
8.880880487,-5.484
8.882730330000001,-5.4670000000000005
8.884760128,-5.373
8.886662563,-5.99
8.888725246,-5.885
8.890661306,-5.908
8.892707557000001,-5.9670000000000005
8.894676971,-5.832
8.896663067,-5.772
8.898827961,-6.016
8.901090060000001,-5.992
8.902754828,-5.992
8.904748748000001,-5.747
8.906752729,-5.559
8.908667271,-5.639
8.910668948000001,-5.612
8.912702604,-5.585
8.914648810000001,-5.612
8.91665191,-5.6930000000000005
8.918683677,-5.666
8.920998162,-5.8
8.923237387,-5.8
8.924730012000001,-5.5920000000000005
8.926712653000001,-5.642
8.928701332000001,-5.904
8.930678116000001,-5.988
8.932705809,-6.014
8.934682693000001,-5.934
8.936670329,-5.854
8.938671770000001,-5.804
8.940857750000001,-5.803
8.942824399000001,-5.803
8.94473089,-5.803
8.946665672,-5.832
8.948699594,-5.784
8.950680532,-5.696
8.952797752,-5.642
8.954663885,-5.642
8.956673147,-5.696
8.958783567000001,-5.771
8.960932831000001,-5.753
8.962851301,-5.753
8.964753381000001,-5.803
8.966699843,-5.832
8.968688331000001,-5.534
8.970654704000001,-5.465
8.972682145,-5.514
8.974693624,-5.314
8.976766358,-5.377
8.97892869,-5.462
8.980983472,-5.442
8.982847183,-5.442
8.984815132000001,-5.422
8.986661770000001,-5.432
8.988732121,-5.309
8.990786066,-5.325
8.992953433,-5.325
8.994890204,-5.295
8.996896323000001,-5.033
8.999065713,-5.033
9.001076693,-5.173
9.003281918,-5.173
9.004955298,-5.376
9.006937117000001,-5.188
9.008968263,-5.1770000000000005
9.010902438,-5.097
9.012739349,-5.125
9.014807135,-5.057
9.016997733,-5.1370000000000005
9.018825692,-5.069
9.021124546000001,-4.978
9.022924943000001,-4.978
9.025022624,-4.994
9.026720618,-5.354
9.028949873,-5.381
9.030673987,-5.381
9.032959277,-5.239
9.034899249,-5.38
9.036878094,-5.251
9.038959833,-5.33
9.041117100000001,-5.3660000000000005
9.042849254,-5.3660000000000005
9.044856302000001,-5.341
9.046838519000001,-5.456
9.048913488,-5.25
9.0507007,-5.3420000000000005
9.052989353000001,-5.325
9.054734665,-5.216
9.056796682,-5.4830000000000005
9.058828927,-5.421
9.061019411,-5.472
9.062716208000001,-5.472
9.064714223000001,-5.256
9.066695069000001,-5.046
9.06866362,-5.061
9.070676134000001,-4.992
9.07270491,-4.902
9.074650405,-4.902
9.076683353,-5.034
9.078671202,-5.176
9.080849071000001,-5.118
9.082758382,-5.118
9.084710319000001,-5.013
9.086678172000001,-5.013
9.088682809,-5.413
9.090654996000001,-5.219
9.092656564,-5.437
9.094675343,-5.429
9.096670147000001,-5.412
9.09865716,-5.473
9.100900081,-5.577
9.102757969,-5.577
9.104692347,-5.243
9.106776846,-5.275
9.108760595,-5.134
9.11064547,-5.348
9.112669928,-5.227
9.114679921,-5.3950000000000005
9.116659217,-5.296
9.118667481000001,-5.348
9.120930335,-5.207
9.122752791,-5.207
9.124744268,-5.296
9.126765863000001,-5.364
9.128671178000001,-5.182
9.130787863,-5.263
9.132870939,-5.263
9.134703501,-5.453
9.136760104,-5.235
9.13878959,-5.37
9.140964503000001,-5.213
9.142724655,-5.213
9.144720131,-5.392
9.146747294,-5.46
9.148696077,-5.46
9.150689888,-5.398
9.152718242,-5.393
9.154671633000001,-5.534
9.156643567,-5.392
9.158689779000001,-5.279
9.160884857000001,-5.4430000000000005
9.162778628,-5.4430000000000005
9.164732837,-5.41
9.166738711,-5.074
9.168661504000001,-5.006
9.170669797,-5.279
9.172665415,-5.195
9.1747099,-5.2170000000000005
9.176718358,-5.267
9.178673299,-5.267
9.180848268,-5.16
9.182721559,-5.16
9.184715354,-5.341
9.186698137,-5.096
9.188698915,-5.272
9.190766281,-5.168
9.192743369,-5.265
9.194710571,-5.265
9.196706107,-5.297
9.198661933,-5.243
9.200859063000001,-5.266
9.202757944,-5.266
9.204706007,-5.154
9.206677798000001,-4.558
9.208671449,-4.239
9.21067157,-4.453
9.212804911000001,-4.549
9.214729785000001,-4.549
9.216675886,-4.307
9.218777662,-4.485
9.220865013000001,-4.485
9.222754667,-4.291
9.224712721000001,-4.291
9.226724627000001,-4.465
9.228761212,-5.609
9.230801471000001,-5.714
9.232837091,-5.696
9.234916643,-5.643
9.236692774,-5.82
9.238655705000001,-5.625
9.240962516,-5.7490000000000006
9.242837521,-5.7490000000000006
9.244746981,-5.681
9.246989578,-5.4350000000000005
9.248810645,-5.4350000000000005
9.25068459,-5.642
9.252983729,-5.623
9.254749774,-5.623
9.256690609000001,-5.466
9.258783579000001,-5.485
9.260982509,-5.346
9.262828747,-5.346
9.264830602,-5.473
9.267005714,-5.7410000000000005
9.268961043000001,-5.7410000000000005
9.270926297,-5.763
9.273014912,-5.688
9.274910569000001,-5.688
9.277694893000001,-5.481
9.278817116,-5.481
9.28087284,-5.203
9.283046653000001,-5.6770000000000005
9.284886203000001,-5.6770000000000005
9.286794395000001,-5.368
9.288726849000001,-5.133
9.290782737,-5.191
9.292855209,-5.369
9.29499463,-5.369
9.296753361,-5.17
9.298870281000001,-5.259
9.300960755,-5.243
9.302833016000001,-5.243
9.304781621,-5.236
9.306740433,-5.311
9.308772746,-5.414
9.310769746,-5.256
9.312705307,-5.2940000000000005
9.314773459000001,-5.3260000000000005
9.316726046000001,-5.206
9.318690185000001,-5.344
9.321059079000001,-5.5360000000000005
9.32274361,-5.5360000000000005
9.324701603000001,-5.452
9.326669857,-5.221
9.328695974,-5.327
9.330655301,-5.397
9.332661865,-5.572
9.334699501000001,-5.572
9.336695927000001,-5.414
9.338656692,-5.346
9.340925756,-5.5200000000000005
9.342725221,-5.5200000000000005
9.344744655000001,-5.256
9.346924852,-5.5200000000000005
9.348700645000001,-5.5200000000000005
9.350709522,-5.414
9.352672407,-5.397
9.354802403,-5.397
9.356677443,-5.288
9.358686039,-5.5040000000000004
9.360959151000001,-5.362
9.362735551,-5.362
9.364727625,-5.362
9.366685803000001,-5.399
9.368694278000001,-5.3260000000000005
9.370681912,-5.485
9.372672776,-5.33
9.374732056000001,-5.433
9.376747603,-5.502
9.378790458000001,-5.328
9.380988233,-5.538
9.382892173,-5.538
9.384802713000001,-5.433
9.386796915000001,-5.239
9.388750417,-5.309
9.390821635,-5.168
9.392745372,-5.3260000000000005
9.394871988,-5.397
9.396790038,-5.414
9.398913509,-5.541
9.401016522,-5.541
9.402752706000001,-5.401
9.404744859000001,-5.401
9.406707445,-5.448
9.408697045,-5.328
9.410688232,-5.508
9.412771848,-5.594
9.415037449,-5.349
9.416953015,-5.5280000000000005
9.418941460000001,-5.422
9.420653639000001,-5.508
9.422936277,-5.508
9.424778833000001,-5.508
9.426723978,-5.455
9.428704810000001,-5.369
9.430699747,-5.574
9.432674055000001,-5.567
9.434666298,-5.549
9.436734936,-6.117
9.438674627000001,-5.574
9.44110938,-5.89
9.442890922,-5.89
9.444714430000001,-5.939
9.446746023000001,-5.827
9.448699876000001,-5.885
9.450661418000001,-5.939
9.452712212,-5.553
9.454792846,-5.646
9.456686574,-5.687
9.458809266000001,-5.8420000000000005
9.460851887,-5.8420000000000005
9.462740463000001,-5.4830000000000005
9.464776017,-5.559
9.466776112,-6.0040000000000004
9.468778405,-5.987
9.470734776,-6.163
9.472752666,-6.11
9.474684398,-5.8660000000000005
9.476663804000001,-6.181
9.478670382,-5.8420000000000005
9.4808663,-5.8180000000000005
9.482744139000001,-5.8180000000000005
9.48471568,-5.914
9.486692523,-6.095
9.48868105,-6.095
9.490662293,-6.096
9.492674935,-5.9350000000000005
9.4947434,-5.907
9.496688143,-6.096
9.498800936,-6.0680000000000005
9.500994327,-5.964
9.502873535,-5.964
9.504845681,-5.813
9.506687374,-5.782
9.50868683,-5.8
9.510681339000001,-5.613
9.512701913,-5.5600000000000005
9.514766634,-5.75
9.516830765,-5.646
9.518688874,-5.589
9.521040049,-5.7780000000000005
9.522860923000001,-5.7780000000000005
9.524760800000001,-5.614
9.526813716000001,-5.9190000000000005
9.52883751,-5.675
9.530684365,-5.729
9.532703211000001,-5.705
9.5346784,-5.634
9.536701368000001,-5.557
9.538758218,-5.718
9.541050777,-5.803
9.542852306,-5.803
9.54480713,-5.598
9.54681801,-5.642
9.548808207,-5.889
9.550785601000001,-5.747
9.552761284,-5.696
9.554658253000001,-5.642
9.556756809000001,-5.907
9.558950397,-5.936
9.560901633,-5.936
9.562855248,-5.88
9.564775644000001,-5.88
9.566715888000001,-5.851
9.568677536000001,-5.799
9.570688104,-5.934
9.572676477,-5.987
9.57466117,-5.831
9.576696923,-5.857
9.578683872000001,-5.88
9.580874674,-5.907
9.582751375,-5.907
9.584720175000001,-5.939
9.586663349,-5.964
9.588706403,-6.045
9.590661514,-6.045
9.592674015,-6.042
9.594708878,-5.9110000000000005
9.596843852000001,-5.621
9.598667200000001,-5.8420000000000005
9.601030501,-5.86
9.602872924000001,-5.86
9.604714640000001,-5.8180000000000005
9.606802311000001,-5.346
9.608687250000001,-5.146
9.610659225000001,-5.1770000000000005
9.612738605,-5.315
9.614900813,-5.284
9.616674885,-5.267
9.618730134,-5.337
9.620832779,-5.23
9.622718037,-5.23
9.624703746,-5.398
9.626936073000001,-5.635
9.628782298,-5.697
9.630678196,-5.774
9.632980733,-5.667
9.634912288,-5.634
9.63679124,-5.655
9.638740997000001,-5.463
9.640898243,-5.508
9.64287165,-5.508
9.644701236000001,-5.643
9.646702549,-5.643
9.648906338,-5.397
9.650657684,-5.469
9.652684329000001,-5.257
9.654661107,-5.466
9.656668554000001,-5.291
9.658693598000001,-5.402
9.660851672,-5.402
9.662741573,-5.368
9.664679141,-5.309
9.666664028000001,-5.368
9.668654673,-5.469
9.670686431,-5.449
9.672728271,-5.4110000000000005
9.674718731,-5.4350000000000005
9.676674709,-5.614
9.678700286,-5.508
9.68100504,-5.522
9.682717321,-5.522
9.684693833,-5.561
9.686697489,-5.522
9.688712818,-5.5360000000000005
9.690704735,-5.416
9.692716323,-5.696
9.694671558000001,-5.469
9.696663868,-5.508
9.698905328,-5.489
9.701136882,-5.401
9.702894632000001,-5.401
9.704747774000001,-5.4350000000000005
9.706738731,-5.469
9.708867209000001,-5.367
9.710729502000001,-5.454
9.712743737,-5.432
9.714676334,-5.329
9.716806057000001,-5.522
9.718826991,-5.466
9.720955476,-5.503
9.722733028,-5.503
9.724851951,-5.5200000000000005
9.726895519000001,-5.628
9.72887188,-5.494
9.730792092,-5.635
9.732802375,-5.581
9.734730672000001,-5.5280000000000005
9.736756806,-5.508
9.738719795,-5.508
9.740953749,-5.561
9.742716148000001,-5.561
9.744979355,-5.508
9.746898801,-5.541
9.748733099,-5.6000000000000005
9.750741559,-5.541
9.752730174,-5.678
9.754715418,-5.502
9.756668042000001,-5.626
9.758730394,-5.6080000000000005
9.761039219,-5.538
9.762767739000001,-5.538
9.764800619,-5.5200000000000005
9.766700535,-5.3260000000000005
9.768945395000001,-5.503
9.770824858000001,-5.369
9.772920559000001,-5.271
9.774834266000001,-5.452
9.776696844,-5.442
9.778908717,-5.57
9.780985211,-5.484
9.782758971,-5.484
9.784703002,-5.463
9.786772167,-5.602
9.788779217,-5.602
9.790713739000001,-5.635
9.792780877,-5.508
9.794760255,-5.655
9.796659935000001,-5.519
9.798713165,-5.503
9.800842536000001,-5.398
9.802720402,-5.398
9.804685909,-5.3790000000000004
9.806732518,-5.3790000000000004
9.808766438000001,-5.24
9.810804802,-5.221
9.812746203000001,-5.416
9.81469601,-5.275
9.816708708,-5.005
9.818730096000001,-5.03
9.821047269000001,-4.992
9.822759418,-4.992
9.824717754,-4.9670000000000005
9.826664859000001,-4.963
9.828729393000001,-4.913
9.830704343,-5.014
9.832662224,-5.063
9.834715885000001,-5.144
9.836657545000001,-5.199
9.838652603,-4.965
9.841092194,-5.171
9.843078191,-5.171
9.844786333,-5.164
9.846717232000001,-4.6530000000000005
9.848769499000001,-4.688
9.850665605000001,-4.816
9.852711869,-4.8100000000000005
9.854816246,-4.837
9.856754067,-4.745
9.858728573,-4.702
9.860939348,-4.787
9.862746951,-4.787
9.864727696000001,-4.718
9.866712719,-4.971
9.868879807,-4.971
9.870831860000001,-5.249
9.872737984,-5.064
9.874659724,-5.071
9.876737427,-5.44
9.878711338,-5.136
9.881002814,-5.289
9.88276837,-5.289
9.884899431000001,-5.599
9.886813612000001,-5.4830000000000005
9.888776638000001,-5.601
9.890811904000001,-5.601
9.892682441,-5.385
9.894738787000001,-5.392
9.896800690000001,-5.437
9.898887376000001,-5.422
9.901100173000001,-5.422
9.902960692,-5.384
9.904770939,-5.384
9.906692819,-5.393
9.908786863000001,-5.417
9.910828483000001,-5.261
9.912671593,-5.2620000000000005
9.914720082,-5.275
9.916809396000001,-5.12
9.918666989,-5.228
9.920995639000001,-5.237
9.92296483,-5.237
9.924716745000001,-5.1850000000000005
9.926675151000001,-5.3790000000000004
9.928676083000001,-5.11
9.930970777,-5.139
9.932752610000001,-5.029
9.934744377000001,-5.029
9.936677933,-4.996
9.938754255000001,-5.114
9.941124147,-5.168
9.9430847,-5.168
9.944996703000001,-5.628
9.946954397,-5.655
9.949165445,-5.872
9.950749998000001,-5.872
9.952719175,-6.026
9.954984859000001,-6.097
9.956708846000002,-6.261
9.958791769000001,-5.9190000000000005
9.961085218000001,-5.9670000000000005
9.963111614,-5.9670000000000005
9.964796751000002,-5.98
9.966913177,-6.103
9.968711454000001,-6.061
9.970700713000001,-6.114
9.972939052000001,-6.103
9.974904774,-6.103
9.976680328,-6.061
9.978786972,-6.0600000000000005
9.981238425,-6.111
9.982846556,-6.111
9.985019849,-6.279
9.986732838,-6.136
9.988867389000001,-6.1530000000000005
9.990716161,-6.1530000000000005
9.992735838,-6.222
9.994714938000001,-6.118
9.996719877,-6.258
9.998715849,-5.996
10.000916140000001,-6.158
10.002774038,-6.158
10.004740261,-6.043
10.00670047,-5.9110000000000005
10.008714444,-6.007000000000001
10.010698851,-5.9030000000000005
10.012672425,-5.972
10.01480027,-6.194
10.016758193000001,-5.836
10.018678874,-5.956
10.021031058,-6.072
10.022771289000001,-6.072
10.024773363000001,-5.853
10.02667892,-5.988
10.028821302,-5.827
10.030752782,-5.881
10.032716684,-5.639
10.034760711,-5.907
10.03672111,-5.799
10.038671042,-5.8
10.040828377,-5.881
10.042839704,-5.881
10.044719841000001,-6.097
10.046778501,-5.908
10.048730691000001,-5.908
10.050710771,-5.937
10.052707013000001,-5.937
10.054696622,-5.939
10.056681144,-6.018
10.058665433,-5.993
10.061046081,-5.865
10.062750192000001,-5.865
10.064748245,-6.022
10.066753882,-5.8660000000000005
10.068778464000001,-5.782
10.070736446000002,-5.925
10.072689270000001,-5.9430000000000005
10.074679960000001,-5.681
10.076750316,-5.695
10.078697422000001,-5.724
10.081103036,-5.836
10.082961245,-5.836
10.084831329,-5.774
10.086948974,-5.885
10.088743474000001,-5.939
10.090675713000001,-5.996
10.092700179000001,-5.936
10.094691786,-5.728
10.096681508000001,-5.885
10.098682396000001,-5.885
10.100907438,-5.933
10.102793356000001,-5.933
10.104754705000001,-6.018
10.10675045,-5.914
10.108696986,-5.936
10.110690582,-6.1290000000000004
10.112963661,-5.958
10.114759844,-6.1000000000000005
10.116722938,-6.072
10.118831937000001,-6.021
10.120843439000001,-6.096
10.12280509,-6.096
10.124916504,-6.026
10.126919785,-6.104
10.128886012,-5.729
10.130872897000001,-5.796
10.132822348000001,-5.997
10.134791346,-5.815
10.136791763000002,-5.73
10.138794502000001,-6.007000000000001
10.14105252,-5.739
10.142800756,-5.739
10.144907514,-5.773
10.146810100000001,-5.841
10.148811499,-5.896
10.150822094,-6.01
10.152689078,-5.926
10.154765862000001,-5.878
10.156803405,-6.016
10.158680563,-6.016
10.160920987,-5.948
10.16273863,-5.948
10.164743407000001,-6.022
10.166759391000001,-5.836
10.168695109000002,-5.807
10.170689075,-5.832
10.172681547,-5.7780000000000005
10.174719232000001,-5.854
10.176737727,-5.747
10.178940934,-5.638
10.181064957,-5.638
10.182968974000001,-5.882000000000001
10.184758055000001,-5.666
10.187089712,-5.6690000000000005
10.188801989,-5.723
10.190784641,-5.721
10.192979049,-5.782
10.194680680000001,-5.621
10.196654434000001,-5.675
10.198675788000001,-5.7780000000000005
10.201060704000001,-5.699
10.202753879000001,-5.699
10.204802504,-5.773
10.206922136000001,-5.8
10.208970053,-5.8260000000000005
10.210683311,-5.832
10.212966660000001,-5.8790000000000004
10.214906993000001,-5.881
10.216870799,-5.857
10.218894811,-5.699
10.220880245,-5.699
10.222824882000001,-5.857
10.224787526,-5.857
10.226749303,-5.9110000000000005
10.228720464,-6.041
10.230718190000001,-6.07
10.232791822000001,-5.962
10.234743004,-5.961
10.236707354,-5.961
10.238861372,-6.069
10.240920222000002,-5.934
10.242789799,-5.934
10.244703425,-6.069
10.246736188,-5.586
10.248972876,-5.505
10.250841414,-5.373
10.252773548,-5.453
10.254720805,-5.507
10.256774178,-5.53
10.258666157,-5.775
10.260972621,-5.397
10.262774455,-5.397
10.264865882,-5.458
10.266721005,-5.962
10.268728225,-6.119
10.270754961000002,-5.994
10.272784521,-6.016
10.2746688,-6.016
10.27677424,-6.095
10.278915657,-5.909
10.280980398,-5.988
10.282855609,-5.988
10.284841680000001,-5.854
10.286797189000001,-5.747
10.288789258000001,-5.5840000000000005
10.290835846,-5.857
10.292757136,-5.646
10.294676339,-5.857
10.296755536000001,-5.617
10.298678669000001,-5.7780000000000005
10.30084845,-5.7780000000000005
10.302812408000001,-5.75
10.304737516000001,-5.75
10.306688559000001,-5.881
10.308684018000001,-6.109
10.310658231000001,-5.949
10.312670695000001,-5.8180000000000005
10.314689819,-6.05
10.316688351,-6.189
10.318862941,-6.189
10.320972813000001,-6.243
10.322770689,-6.243
10.324882288000001,-5.82
10.326814248,-6.139
10.328761121000001,-6.159
10.330956787,-6.306
10.332834359000001,-6.298
10.334679368000002,-6.349
10.336659315,-6.349
10.338839327,-6.295
10.341046915000002,-6.308
10.342885294,-6.308
10.344888642,-6.1160000000000005
10.346828093000001,-6.1160000000000005
10.348706128,-5.925
10.350777869,-5.719
10.352838003,-5.668
10.354691694000001,-5.962
10.356750641000001,-5.827
10.358849462,-5.9350000000000005
10.361000220000001,-5.774
10.362869552000001,-5.774
10.364819780000001,-5.9350000000000005
10.366833346,-5.775
10.368713247,-5.746
10.370781333,-5.801
10.373022348000001,-5.827
10.374697672,-5.8260000000000005
10.376663792,-5.67
10.378775877,-5.696
10.380953175,-5.857
10.383081036,-5.857
10.384967101,-5.7780000000000005
10.386881521000001,-5.724
10.388879564,-6.075
10.390699064000001,-5.939
10.392829276,-5.831
10.394722546,-6.072
10.396714389000001,-5.9590000000000005
10.398702818,-5.922
10.400877981,-5.988
10.402729703,-5.988
10.404712783,-6.017
10.406664624000001,-5.885
10.408700158,-5.812
10.410686521,-5.704
10.412656754,-5.765
10.414696609,-5.727
10.416670704000001,-5.8420000000000005
10.418692019,-6.01
10.420892343,-5.796
10.422916279,-5.796
10.424773455,-5.907
10.426955242,-5.997
10.428814727,-5.997
10.430766251000001,-6.094
10.432908874,-6.126
10.434927331,-6.179
10.436831405000001,-6.2010000000000005
10.438988772,-5.934
10.441111376,-5.9190000000000005
10.442962732,-5.9190000000000005
10.444770951,-5.782
10.446908656000002,-5.782
10.448925691000001,-5.964
10.45105447,-5.8
10.453101944,-5.773
10.454900393,-5.908
10.456921056,-5.829
10.458891757,-5.829
10.461069913000001,-5.801
10.462822155000001,-5.801
10.464714925000001,-5.774
10.466727774,-5.774
10.468822316,-5.666
10.470680771000001,-5.746
10.472679620000001,-5.666
10.474725735,-5.773
10.476787819,-5.722
10.479076926000001,-5.746
10.481273261,-5.881
10.483141777,-5.881
10.484750907,-5.854
10.48670697,-5.827
10.488742352000001,-5.773
10.490698824,-5.854
10.49264409,-5.801
10.494685306000001,-5.881
10.496645135000001,-5.801
10.498660528,-5.747
10.500767917000001,-5.8
10.502841206000001,-5.8
10.504765888000001,-5.88
10.506773405,-5.864
10.508776766,-5.907
10.510807530000001,-5.856
10.512855875000001,-5.753
10.514790907,-5.8950000000000005
10.516730151,-6.003
10.518976138000001,-5.8180000000000005
10.520957734000001,-5.889
10.522875225,-5.889
10.524818265,-5.8580000000000005
10.526733892000001,-6.05
10.528751474,-6.179
10.530726475,-6.215
10.532699714000001,-6.308
10.534686532,-6.148
10.536688695,-6.148
10.538677322,-6.179
10.540910505000001,-6.126
10.542743359000001,-6.126
10.544754806,-6.064
10.546776404000001,-6.344
10.548820681,-5.882000000000001
10.550723803,-6.232
10.552664751,-6.015000000000001
10.554687178,-5.6160000000000005
10.556762729,-5.7
10.558772121,-5.622
10.560931897000001,-5.643
10.562777536,-5.643
10.564714661,-5.57
10.566723616,-5.203
10.568688801,-5.468
10.57069206,-5.156
10.572683465,-5.272
10.574703767,-5.141
10.576699943000001,-5.363
10.578703704,-5.332
10.580890683,-5.3100000000000005
10.582770246,-5.3100000000000005
10.584727269,-5.276
10.586695819000001,-5.422
10.588711383000001,-5.422
10.590675198000001,-5.271
10.592773407000001,-5.315
10.594775665,-5.346
10.596844522000001,-5.346
10.598689055000001,-5.5600000000000005
10.601113863,-5.356
10.602857152,-5.356
10.604991745000001,-5.368
10.607189292000001,-5.368
10.608792574,-5.444
10.610742245,-5.681
10.612695142000002,-5.597
10.614685671,-5.694
10.616681352,-5.687
10.618674806000001,-5.724
10.620949078,-5.675
10.62276716,-5.675
10.624727003,-5.671
10.626723869000001,-5.854
10.628792422,-5.696
10.630760651000001,-5.882000000000001
10.632791069000001,-5.746
10.634800127,-5.803
10.63682745,-5.721
10.638669495,-5.773
10.641048706000001,-5.801
10.642915129,-5.801
10.644755722000001,-5.615
10.64670075,-6.017
10.648694029000001,-6.014
10.650711241000002,-5.9590000000000005
10.652726015,-5.775
10.654720439,-5.851
10.656744329,-5.851
10.658720962,-5.936
10.66114725,-5.7780000000000005
10.662999476000001,-5.7780000000000005
10.664826017000001,-5.807
10.666781988,-5.812
10.668856154,-5.812
10.670685263000001,-5.728
10.672674664,-5.505
10.674783009,-5.57
10.676692372000002,-5.688
10.678709781,-5.454
10.680979044,-5.416
10.682752496,-5.416
10.684922389,-5.643
10.68684037,-5.221
10.688729411,-5.168
10.690760587000002,-5.256
10.69267742,-5.292
10.694695116,-5.097
10.696712246,-5.239
10.698996601000001,-5.256
10.701071845000001,-5.151
10.702746311,-5.151
10.704756681000001,-5.291
10.706721688,-5.291
10.70867754,-5.4510000000000005
10.710737472,-5.397
10.712830169,-5.573
10.714754087000001,-5.432
10.716745134,-5.45
10.718728205000001,-5.4510000000000005
10.720913024000001,-5.59
10.722797851000001,-5.59
10.724932274,-6.008
10.726700239000001,-6.008
10.728683391,-5.8950000000000005
10.731005509000001,-6.4190000000000005
10.733001939000001,-6.4190000000000005
10.734810904000001,-6.187
10.73678915,-6.478
10.739073145,-6.413
10.741135635000001,-6.413
10.743134060000001,-6.397
10.744748277000001,-6.397
10.746826726,-6.348
10.749047157000001,-6.316
10.750964411,-6.316
10.75283067,-6.175
10.754674562,-6.248
10.756786656000001,-6.196
10.758989190000001,-6.353
10.761245072000001,-6.243
10.762911544000001,-6.243
10.765164861,-6.171
10.767024327000001,-6.12
10.76881219,-6.12
10.770798627000001,-6.559
10.772772092,-6.3260000000000005
10.774883873,-6.284
10.776777625000001,-6.264
10.778866108,-6.2860000000000005
10.781132399,-6.2860000000000005
10.782894932000001,-6.331
10.784771802,-6.331
10.786895492000001,-6.051
10.788951902,-6.051
10.790740535000001,-5.86
10.792691194000001,-5.773
10.794680132,-5.72
10.796977131,-5.507
10.798692013,-5.7780000000000005
10.800886965,-5.775
10.802783518,-5.775
10.804741322,-5.724
10.806789773,-5.598
10.808725398,-5.735
10.810692046000002,-5.705
10.812671354,-5.812
10.814696142,-5.699
10.816767871000001,-5.836
10.818703331,-5.589
10.820813386000001,-5.914
10.822806936000001,-5.914
10.824833953,-5.908
10.826792562000001,-5.908
10.82901913,-5.638
10.830729315000001,-5.642
10.832687040000001,-5.614
10.834779744,-5.724
10.836721642,-5.724
10.838710726,-5.914
10.841120534,-5.8790000000000004
10.842813841,-5.8790000000000004
10.844784784,-5.78
10.846720301000001,-5.78
10.848723343000001,-6.1240000000000006
10.850743401,-6.008
10.852864018,-6.053
10.854700953,-6.053
10.856693803,-6.488
10.858711713,-5.9430000000000005
10.860878686000001,-5.995
10.862894661,-5.995
10.864715504000001,-6.206
10.866754700000001,-6.275
10.868864706,-6.381
10.870718308,-6.381
10.872715748000001,-6.346
10.874653171,-6.381
10.876667754000001,-6.392
10.878706159,-5.922
10.880909991000001,-6.029
10.882722197000001,-6.029
10.884729158,-5.987
10.886756703000001,-5.979
10.888894153,-5.9190000000000005
10.890776066,-5.589
10.892790083000001,-5.723
10.894715258000002,-5.853
10.896651738000001,-5.855
10.898780566000001,-5.882000000000001
10.900955490000001,-5.589
10.902835184,-5.589
10.904900011,-5.913
10.906768724,-5.8260000000000005
10.908787789000002,-5.803
10.91079668,-5.588
10.912934544,-5.7490000000000006
10.914782285000001,-5.882000000000001
10.916797248,-5.91
10.918779901,-5.908
10.920971668,-5.801
10.922788448,-5.801
10.924688315000001,-5.799
10.926904379000002,-5.885
10.928709941000001,-5.894
10.930823045,-5.8660000000000005
10.93271661,-5.9190000000000005
10.934690564,-5.807
10.936878940000001,-5.924
10.939011449,-6.027
10.940904534000001,-6.027
10.942903251,-5.8660000000000005
10.944798310000001,-6.003
10.947157038,-5.993
10.949080371,-5.88
10.950960231,-5.949
10.952826944,-6.002
10.954912285,-6.148
10.956862391000001,-6.1160000000000005
10.958874757,-5.987
10.961135032000001,-5.934
10.963056293000001,-5.934
10.964974503,-5.934
10.967310946000001,-6.103
10.968952252000001,-6.103
10.970794602000002,-6.094
10.972750706000001,-6.1930000000000005
10.97504453,-6.2410000000000005
10.976836197,-6.05
10.979084487000002,-6.207
10.981047367,-6.207
10.982767218000001,-6.046
10.984701871,-6.151
10.986867031000001,-5.6930000000000005
10.988791869,-5.588
10.99080219,-5.724
10.992833836,-5.719
10.994824582000001,-5.889
10.996697466,-5.807
10.998848402,-5.8
11.00090317,-5.724
11.002766110000001,-5.724
11.004787007000001,-5.832
11.006739418,-5.861
11.008799402000001,-5.9190000000000005
11.0109356,-5.857
11.012906188,-5.885
11.014812796000001,-5.997
11.01681718,-5.871
11.018910510000001,-5.956
11.021042557000001,-6.01
11.023000728000001,-6.01
11.024715070000001,-5.896
11.026831112,-6.032
11.028795113000001,-5.965
11.030753154000001,-5.8580000000000005
11.032802571000001,-5.954
11.034802837,-6.093
11.036731218,-5.922
11.038719453,-5.932
11.040868083000001,-5.7940000000000005
11.042817569,-5.7940000000000005
11.044800973000001,-5.805
11.046779281000001,-6.2
11.049138406,-6.093
11.050687537,-6.039
11.052854522,-6.104
11.054873764,-6.104
11.056767968,-6.104
11.058882780000001,-5.996
11.060901864,-6.04
11.062778323,-6.04
11.064792625,-6.073
11.066731157000001,-5.954
11.068997752000001,-6.134
11.070752044,-6.053
11.072812153000001,-6.114
11.074708326000001,-6.147
11.076758377,-6.1290000000000004
11.078685530000001,-6.114
11.081042247000001,-6.189
11.082767681,-6.189
11.084758564000001,-6.071
11.08667735,-6.274
11.088739148,-6.179
11.090727999,-6.264
11.09278227,-6.21
11.094723782,-6.232
11.096669555,-6.189
11.09878849,-6.049
11.101358556000001,-6.29
11.102924002,-6.29
11.104856005,-6.179
11.106771894000001,-6.251
11.108757513,-6.154
11.110694781000001,-6.1690000000000005
11.112917916,-6.1690000000000005
11.114747060000001,-6.014
11.117001756,-6.102
11.118941177,-6.189
11.121054624000001,-6.067
11.122908665,-6.067
11.125070849,-6.102
11.126800533,-6.086
11.128784972,-6.1160000000000005
11.130694425000002,-6.1160000000000005
11.132758195000001,-6.083
11.134889135,-6.345
11.137019411,-6.138
11.138716349000001,-6.138
11.140934506,-6.0520000000000005
11.142728403000001,-6.0520000000000005
11.144814622,-6.051
11.146743757000001,-6.173
11.148800657,-6.154
11.150738599,-6.333
11.152775032000001,-6.327
11.154755429000001,-6.082
11.156766068000001,-6.246
11.158889158000001,-6.26
11.161074583000001,-6.2700000000000005
11.162839958000001,-6.2700000000000005
11.164786891,-6.184
11.166675444000001,-6.257000000000001
11.16869952,-6.1690000000000005
11.170767340000001,-6.223
11.172817976000001,-6.085
11.174753099,-6.244
11.176725240000001,-6.3100000000000005
11.178682408,-6.17
11.181076077,-6.226
11.18275897,-6.226
11.184906081000001,-6.125
11.186772265,-6.352
11.188717496,-6.352
11.190716046,-6.232
11.192770352,-6.082
11.194874839,-6.317
11.196867881000001,-6.317
11.198695071000001,-6.019
11.200879957000001,-6.158
11.202777633,-6.158
11.204717984,-5.75
11.206696048000001,-5.992
11.208684734,-5.9110000000000005
11.210683434,-5.882000000000001
11.212709428,-5.882000000000001
11.214690315,-5.8
11.216697871000001,-5.933
11.218720927000001,-5.828
11.220902524000001,-6.045
11.222832355000001,-6.045
11.224777842,-5.9110000000000005
11.226880775000001,-6.2540000000000004
11.228782178000001,-6.2410000000000005
11.230715705000001,-6.019
11.232731123,-6.019
11.234701986000001,-6.458
11.236690202,-6.4
11.238836554,-6.399
11.240959326,-6.614
11.242768638000001,-6.614
11.244766151,-6.517
11.246810287,-6.322
11.248984255,-6.565
11.250916558,-6.821
11.252806903000002,-6.821
11.254901965,-6.876
11.256942505000001,-6.973
11.258998862,-7.3580000000000005
11.261119126,-7.3580000000000005
11.262931484000001,-7.444
11.264934202000001,-7.4590000000000005
11.266887402,-7.734
11.268729255,-7.7250000000000005
11.270775192,-7.561
11.272832077,-7.561
11.274739100000001,-7.6770000000000005
11.276835276,-7.745
11.278709029,-7.581
11.280999373,-7.279
11.282751896,-7.279
11.284806521,-7.405
11.286948135000001,-7.421
11.288714194,-7.571
11.290712535,-7.632000000000001
11.29269878,-7.632000000000001
11.294706353,-7.45
11.296676064000001,-7.364
11.298737881000001,-7.093
11.301030824000001,-7.454
11.302837313000001,-7.454
11.304833823000001,-7.336
11.306803058,-7.042
11.308701605000001,-7.22
11.310669012,-7.17
11.31281785,-7.17
11.314690165,-6.791
11.316675202,-6.787
11.319019053,-6.9750000000000005
11.321024259000001,-6.831
11.322739278,-6.831
11.324881554000001,-6.551
11.326767922,-6.575
11.328807592,-6.37
11.330994413,-6.2410000000000005
11.332816155000002,-6.2410000000000005
11.334788001000002,-6.3660000000000005
11.336684872000001,-6.096
11.33879364,-6.352
11.341050213,-6.0760000000000005
11.342874695,-6.0760000000000005
11.344854899000001,-6.016
11.346798095,-6.279
11.348877206000001,-6.167
11.350824179,-6.5200000000000005
11.352822521,-6.63
11.354835476,-6.4510000000000005
11.356696178,-6.346
11.358835153000001,-6.293
11.361023642000001,-6.328
11.362753493000001,-6.328
11.364816162,-6.382000000000001
11.366794468,-6.159
11.368703147000002,-6.22
11.370817677000002,-6.221
11.372808840000001,-6.221
11.374837721,-6.221
11.376733530000001,-6.168
11.378858999,-6.114
11.381029864,-6.242
11.382848354,-6.242
11.384835242000001,-6.114
11.386782353000001,-6.439
11.388954821,-6.457
11.390886464000001,-6.332
11.392962628000001,-6.276
11.394772739,-6.189
11.396920547,-6.488
11.39900629,-6.37
11.401016861,-6.37
11.402778040000001,-6.245
11.404791673,-6.468
11.406941863,-6.048
11.408896304,-6.17
11.410838261,-6.186
11.412975945000001,-5.961
11.414793701,-6.03
11.416928683,-6.104
11.418697535000002,-6.083
11.420980081000002,-5.98
11.422793455,-5.98
11.424771849,-6.0600000000000005
11.426883282,-5.7860000000000005
11.428775405000001,-5.6770000000000005
11.430931446,-5.687
11.432789555000001,-5.712
11.434702014,-5.484
11.436717823,-5.633
11.438856283000002,-5.666
11.441075191000001,-5.348
11.44327265,-5.348
11.4448988,-5.664
11.446916315000001,-5.399
11.448921023,-5.5920000000000005
11.450966254,-5.7090000000000005
11.453054001,-5.7780000000000005
11.454925597,-5.7780000000000005
11.456717917,-5.8020000000000005
11.459080904,-5.67
11.461066331000001,-5.67
11.462781320000001,-5.9430000000000005
11.464916479000001,-5.881
11.466913538,-5.6930000000000005
11.468689992,-5.909
11.470748833,-5.908
11.472933586,-5.773
11.474775432000001,-5.9350000000000005
11.476713087,-5.965
11.478842531000002,-5.859
11.481014392,-6.043
11.482753003000001,-6.043
11.484725368000001,-5.989
11.486704221,-5.807
11.488698907,-5.924
11.490709282000001,-5.979
11.492671394,-5.836
11.494712625,-6.056
11.496681677000002,-6.117
11.498700181,-6.087
11.500895515,-5.926
11.502758987,-5.926
11.504719467000001,-5.964
11.506690070000001,-5.857
11.508730046,-5.856
11.510685515,-6.017
11.512726403,-6.064
11.514707497,-6.04
11.516688135,-5.956
11.518837111,-5.996
11.520882927,-5.996
11.522783092000001,-5.908
11.524743455000001,-5.788
11.526676639000002,-6.003
11.528729816,-5.901
11.530653524,-6.051
11.532712612000001,-5.914
11.534691933000001,-5.774
11.536699917,-5.936
11.538712293000001,-5.831
11.54089373,-5.8260000000000005
11.543052227,-5.8260000000000005
11.544733221000001,-5.774
11.546796816,-5.6930000000000005
11.548800009,-5.585
11.550743578,-5.615
11.552706356,-5.64
11.554691360000001,-5.638
11.556705672000001,-5.586
11.558668298,-5.454
11.560869743000001,-5.719
11.562744678000001,-5.719
11.564752306,-5.505
11.566752487,-5.722
11.568712559000002,-5.9110000000000005
11.570686367,-5.775
11.572695857000001,-5.855
11.57470389,-5.807
11.576685692,-5.832
11.578709755,-5.696
11.58091269,-5.728
11.582944344000001,-5.728
11.584783429000002,-5.993
11.586787602000001,-5.949
11.588720873000002,-5.949
11.590786183,-6.271
11.592831526000001,-6.117
11.594734531,-6.117
11.596719584,-6.117
11.598729486,-6.104
11.601013846,-6.307
11.602759698,-6.307
11.604755260000001,-6.126
11.606699520000001,-6.2330000000000005
11.608694478,-6.244
11.610664051,-6.242
11.612727024000002,-6.2620000000000005
11.614736802000001,-6.105
11.616700098,-6.05
11.618752913000002,-6.285
11.620890618,-6.041
11.62278962,-6.041
11.624821044,-6.041
11.626879595,-6.041
11.628731669,-5.987
11.630682945,-5.718
11.632699407,-5.9190000000000005
11.634895550000001,-5.83
11.636813014000001,-5.86
11.638711203000002,-5.771
11.640912746000001,-5.936
11.642778246,-5.936
11.644785457000001,-5.588
11.646827425000001,-5.559
11.648904284,-5.695
11.650742858000001,-5.695
11.652721863,-5.638
11.654892961000002,-5.666
11.656939015,-5.534
11.658916362000001,-5.72
11.661153471,-5.719
11.662833399,-5.719
11.664915986,-5.7780000000000005
11.666962987000002,-5.7
11.668839715,-5.7330000000000005
11.670688221,-5.646
11.672755142000002,-5.997
11.674711869000001,-5.8660000000000005
11.676722025,-5.812
11.679041871,-5.628
11.681029885000001,-5.926
11.682845589000001,-5.926
11.684733463,-5.934
11.686684971,-5.815
11.688703879,-6.006
11.690687396000001,-6.1160000000000005
11.692697804000002,-5.8740000000000006
11.694782665,-5.965
11.696704498,-5.836
11.698691607,-6.19
11.700875727000001,-5.889
11.70272323,-5.889
11.704695200000002,-5.876
11.706727199000001,-6.457
11.708692734000001,-6.348
11.7107232,-6.61
11.712687134000001,-6.469
11.714708653,-6.401
11.716692476,-6.558
11.718699979,-6.417
11.720978149,-6.382000000000001
11.72283119,-6.382000000000001
11.724840871000001,-6.276
11.726671022000001,-6.067
11.728835494,-6.102
11.730805945,-6.135
11.732737091,-6.1530000000000005
11.734692478000001,-6.082
11.736757220000001,-6.05
11.738895652,-5.712
11.740954729,-5.8580000000000005
11.742888091000001,-5.8580000000000005
11.744816959000001,-5.872
11.746669072000001,-5.997
11.748853116000001,-5.86
11.750729798,-5.783
11.752705950000001,-5.7490000000000006
11.754698561000001,-5.9
11.756678416000002,-5.782
11.758673291000001,-5.949
11.761015712,-6.01
11.762810349,-6.01
11.764735724000001,-5.934
11.766774102000001,-5.926
11.768761333,-5.942
11.770745174,-5.8260000000000005
11.772689625,-6.051
11.774728920000001,-5.856
11.776714312000001,-6.097
11.778929628,-5.8790000000000004
11.78091659,-5.936
11.782758677,-5.936
11.784691735000001,-5.9350000000000005
11.786731681000001,-6.176
11.788828819,-5.908
11.790794772,-5.964
11.792710178,-6.014
11.794709757000001,-6.097
11.796686242000002,-6.015000000000001
11.798701560000001,-5.99
11.800852937,-6.075
11.802739803000001,-6.075
11.804706299000001,-6.075
11.806683432000002,-5.7170000000000005
11.808747398000001,-5.674
11.810702328000001,-5.5680000000000005
11.81266628,-5.59
11.814685495,-5.88
11.816687401000001,-5.957
11.818685785000001,-5.8580000000000005
11.820932812,-5.752
11.822789312000001,-5.752
11.824734738,-5.837
11.826693713000001,-6.198
11.828683573000001,-6.21
11.830698433,-6.2010000000000005
11.832701488000001,-6.272
11.834700633,-6.148
11.836709639,-6.094
11.838685822,-5.99
11.840901720000002,-6.051
11.842807399000002,-6.051
11.844758355000002,-6.1290000000000004
11.846775034,-6.074
11.84884813,-6.231
11.850717504,-6.231
11.852795186000002,-5.798
11.854665496,-5.828
11.856689646000001,-6.043
11.858677536,-5.988
11.860870187000002,-6.042
11.862962531,-6.042
11.864720113,-5.961
11.866688011,-5.797
11.869012288,-5.857
11.870712309,-5.857
11.872695177,-5.724
11.874782175,-5.836
11.876720669000001,-5.639
11.878899456000001,-5.574
11.881014646,-5.574
11.882770455000001,-5.796
11.884941061000001,-5.697
11.886742435,-5.697
11.88875086,-5.788
11.890674449,-5.751
11.892730516,-5.8500000000000005
11.894700482000001,-5.735
11.896664252,-5.949
11.898691723,-6.05
11.901014026,-6.256
11.902804145000001,-6.256
11.904723432,-5.721
11.906894086000001,-5.721
11.908851521,-6.151
11.91071479,-5.865
11.912835584000002,-5.939
11.914735041,-5.8950000000000005
11.916736982000002,-5.8420000000000005
11.918797677,-6.224
11.921022066,-5.827
11.922775169000001,-5.827
11.924739008000001,-5.912
11.926918564000001,-5.868
11.929045642,-5.868
11.930772762,-5.88
11.93280524,-5.836
11.934911926000002,-5.8580000000000005
11.936990865,-5.8580000000000005
11.938951643000001,-5.8580000000000005
11.941199509,-5.7940000000000005
11.942843915000001,-5.7940000000000005
11.944743591,-5.527
11.946787914000002,-5.642
11.948976558,-5.748
11.950692273000001,-5.827
11.952836017000001,-5.988
11.954814736000001,-5.646
11.956693062000001,-5.514
11.958855545,-5.9430000000000005
11.961113247,-6.002
11.963151133,-6.002
11.964863983,-5.8420000000000005
11.966881452,-5.51
11.968718716000001,-5.721
11.970827852000001,-5.481
11.972786136000002,-5.646
11.974681843,-5.456
11.976801895000001,-5.4590000000000005
11.979090966000001,-5.557
11.980983976000001,-5.563
11.983112460000001,-5.563
11.984922176000001,-5.377
11.986881694000001,-5.971
11.988928901000001,-5.692
11.990987469,-5.835
11.992936193,-5.674
11.994956065,-5.803
11.996814281,-5.829
11.998803301,-5.64
12.001028102000001,-5.914
12.002935179000001,-5.914
12.004895191000001,-5.885
12.00704771,-5.827
12.008870625,-5.99
12.010812992,-6.079
12.012792469,-5.811
12.014944686000002,-6.128
12.017041462,-6.224
12.018976035000001,-5.881
12.021207671,-5.901
12.022934084000001,-5.901
12.024938606000001,-6.008
12.026935314000001,-6.307
12.028992053000001,-6.22
12.030968538000002,-6.172
12.033121444,-6.298
12.035053123,-6.081
12.036967180000001,-6.139
12.039010387000001,-6.2330000000000005
12.041090522000001,-5.987
12.042995656,-5.987
12.044879783,-6.343
12.046998985,-6.343
12.048961639000002,-6.103
12.050871124,-6.018
12.053076264000001,-5.912
12.054993356,-5.912
12.056867544000001,-6.058
12.058984216,-5.889
12.061091427000001,-5.926
12.063014763,-5.926
12.064786274000001,-6.002
12.066982113,-5.872
12.068978821,-6.017
12.070744093,-5.61
12.072932336000001,-5.831
12.074819635,-5.721
12.076756682000001,-5.6930000000000005
12.079016206,-5.5600000000000005
12.081079071000001,-5.5040000000000004
12.083067595000001,-5.5040000000000004
12.084929545000001,-5.5920000000000005
12.086950476,-5.142
12.089044851,-5.2620000000000005
12.090903353000002,-5.083
12.092753538,-4.957
12.095022321,-4.949
12.096706926000001,-5.005
12.09874592,-5.069
12.101098588000001,-5.3660000000000005
12.102723481,-5.3660000000000005
12.104769543000002,-5.186
12.106967396,-5.086
12.108935786,-5.182
12.110678496,-5.433
12.112888699,-5.434
12.114876064,-5.575
12.116731236000001,-5.954
12.118974896000001,-5.926
12.121115223,-6.232
12.123037978000001,-6.232
12.124984786,-6.255
12.126986274,-6.445
12.128985856,-6.531
12.131080109000001,-6.594
12.133114268,-6.478
12.134901756000001,-6.575
12.136860636000002,-6.5920000000000005
12.139055535,-6.683
12.141149530000002,-6.348
12.143023683000001,-6.348
12.14473893,-6.348
12.146889832000001,-6.405
12.148802259,-6.558
12.150776272,-6.42
12.152690341000001,-6.364
12.154904124000002,-6.385
12.157011509,-6.0920000000000005
12.159037178,-6.126
12.161097226,-6.126
12.162990894,-6.05
12.165055118000001,-5.788
12.166969912,-5.8660000000000005
12.168899298000001,-5.968
12.170818357,-5.667
12.172771441,-5.559
12.174816913,-5.747
12.176715809000001,-5.667
12.178864117000002,-5.5680000000000005
12.180959585,-5.514
12.182990917000001,-5.514
12.184772647,-5.788
12.187206153,-5.72
12.189070422,-5.72
12.190986771,-5.783
12.192956727,-5.591
12.194809470000001,-5.474
12.196887738000001,-5.581
12.199013391000001,-5.506
12.201140848000001,-5.463
12.202953310000002,-5.463
12.204790744,-5.5280000000000005
12.207063404000001,-5.644
12.209176304000001,-5.644
12.210965637000001,-5.686
12.213094722000001,-5.5600000000000005
12.214996773000001,-5.614
12.216802713000002,-5.655
12.21905074,-5.7
12.220902309000001,-5.7
12.222772083,-5.634
12.224730642,-5.819
12.226709645000001,-5.9190000000000005
12.228707542,-6.123
12.230688932000001,-6.123
12.232693315,-6.175
12.234671102,-6.354
12.236704576000001,-6.4750000000000005
12.238702005,-6.2860000000000005
12.240892501000001,-6.351
12.242734050000001,-6.351
12.244714138,-6.313
12.246714142,-6.525
12.248686600000001,-6.4
12.250764827000001,-6.258
12.252707011,-6.346
12.25470499,-6.102
12.256707585000001,-6.417
12.258706009,-6.171
12.260966238,-6.295
12.262820663000001,-6.295
12.264729110000001,-6.312
12.266694785,-6.2410000000000005
12.268719721,-6.1530000000000005
12.270721451,-6.275
12.272680435000002,-6.2410000000000005
12.274735106000001,-6.2410000000000005
12.277440174,-6.15
12.278918265000001,-6.15
12.280916608,-6.164
12.282779181,-6.164
12.284756094,-5.633
12.286783830000001,-5.615
12.288801466,-5.729
12.290763082000002,-5.399
12.292662113,-5.238
12.294682549000001,-5.086
12.296661317000002,-5.047
12.29870262,-4.93
12.300927491000001,-4.817
12.302785809000001,-4.817
12.304740659,-4.796
12.306736305000001,-5.046
12.308709022,-5.085
12.310703661000002,-5.405
12.312689337,-5.212
12.314709800000001,-5.211
12.316780722,-5.3020000000000005
12.31878649,-5.314
12.321008149,-5.369
12.32273321,-5.369
12.324729678,-5.422
12.326779815,-5.519
12.328778338000001,-5.626
12.330707595000002,-5.541
12.332681399,-5.721
12.334673848000001,-6.072
12.336668138,-5.921
12.338926591,-6.134
12.341111695,-6.106
12.342787993,-6.106
12.344804901000002,-6.257000000000001
12.346828012000001,-6.071
12.348839445000001,-6.128
12.350744268000001,-5.9030000000000005
12.352815708000001,-6.179
12.354737774,-5.871
12.356833459,-5.8580000000000005
12.358795106,-5.859
12.361060327,-5.72
12.362955464,-5.72
12.364736791,-5.986
12.366752456,-5.881
12.368745742000002,-5.729
12.370788278000001,-5.588
12.372952695,-5.9110000000000005
12.37480524,-5.612
12.376737174,-5.453
12.378756555,-5.461
12.380881663,-5.261
12.382788995,-5.261
12.384733671000001,-5.111
12.386784796,-5.111
12.388720523,-5.027
12.390734193,-5.134
12.392748703,-4.977
12.394699628000001,-5.369
12.396709008,-5.385
12.39879117,-5.458
12.401093731000001,-5.38
12.402876753000001,-5.38
12.404821136,-5.243
12.40677351,-5.591
12.409052322,-5.575
12.410842321,-5.189
12.412916389000001,-5.389
12.414755796000001,-5.389
12.416727876000001,-5.389
12.418750725,-5.726
12.421032571000001,-5.729
12.422756651,-5.729
12.424754149,-5.485
12.426754672000001,-5.99
12.428964991,-5.854
12.430942295000001,-5.746
12.432831706,-5.747
12.434707127000001,-5.86
12.436728605,-6.134
12.438780297000001,-5.83
12.440973291,-5.896
12.442771477,-5.896
12.444735173000002,-6.064
12.446716227000001,-6.039
12.448693042,-6.524
12.450730184000001,-5.979
12.452747489,-6.12
12.454779842,-6.101
12.456972968,-6.205
12.458705993,-6.101
12.460889815000002,-6.292
12.462728488000002,-6.292
12.464717549000001,-6.205
12.466716613000001,-6.065
12.468732170000001,-6.204
12.470720791000002,-6.049
12.472669642000001,-6.189
12.474863132000001,-6.073
12.476781442,-6.08
12.478732203000002,-6.075
12.480958950000002,-5.997
12.482744984,-5.997
12.484822459,-5.743
12.486741804000001,-5.9190000000000005
12.48869155,-5.585
12.490667913000001,-5.775
12.492702199,-5.694
12.494775596,-5.801
12.496687577000001,-5.346
12.498717863000001,-5.567
12.501011642,-5.7
12.502946733,-5.7
12.504740696,-5.7170000000000005
12.506804323,-5.719
12.508789854000002,-5.681
12.510844032000001,-5.551
12.512794464,-5.551
12.514779799000001,-5.545
12.516908821000001,-5.551
12.518928374000001,-5.378
12.520924907000001,-5.378
12.522801345000001,-5.516
12.524777688,-5.336
12.526673120000002,-5.678
12.528715205000001,-5.57
12.530857474000001,-5.783
12.532751589,-5.805
12.534765377000001,-5.73
12.536771716,-5.796
12.538673097,-5.796
12.540988834,-6.01
12.542807331,-6.01
12.544836482000001,-6.2860000000000005
12.546919524000002,-6.2860000000000005
12.548756865000001,-5.908
12.550744352,-6.2860000000000005
12.552855059,-6.138
12.554752928000001,-6.368
12.556808785000001,-6.487
12.558697317,-6.541
12.561069279000002,-6.578
12.562958177,-6.578
12.564758229,-6.644
12.566805414000001,-6.5040000000000004
12.568710942000001,-6.614
12.570760059000001,-6.7700000000000005
12.572804228,-6.711
12.574743832000001,-6.261
12.576750520000001,-6.308
12.578676926,-6.385
12.581069574,-6.32
12.582784224000001,-6.32
12.584813804000001,-6.372
12.586785914,-6.5920000000000005
12.588760688,-6.502
12.590787895,-6.386
12.592884381000001,-6.607
12.594743392000002,-6.405
12.596795638000001,-6.311
12.598774695000001,-6.085
12.600985459,-6.03
12.602905745000001,-6.03
12.604810132,-6.223
12.606849199000001,-5.909
12.608881798,-5.945
12.610718061,-5.783
12.612789276,-5.796
12.614690063000001,-5.9190000000000005
12.616706599,-5.914
12.618651020000001,-5.453
12.620937196000002,-5.5840000000000005
12.622750250000001,-5.5840000000000005
12.624793570000001,-5.289
12.626768243,-5.271
12.628699045000001,-5.407
12.630788851,-5.1770000000000005
12.632727098,-5.1770000000000005
12.634702673000001,-5.164
12.636672833,-5.315
12.63872733,-5.495
12.640942002000001,-5.238
12.64279958,-5.238
12.64478628,-5.272
12.646798656000001,-5.542
12.648735316000002,-5.7010000000000005
12.650693475,-5.682
12.652737295000001,-5.682
12.654714225000001,-5.627
12.656907884,-5.98
12.658860346,-5.98
12.660900286,-6.075
12.663086975,-6.075
12.66472813,-6.1770000000000005
12.666694406000001,-6.255
12.668891100000002,-6.319
12.670718687,-6.2170000000000005
12.672675456,-6.377
12.674652737,-6.454
12.676833268000001,-6.392
12.678956437,-6.179
12.681106284,-6.179
12.682775005000002,-6.173
12.68478061,-6.113
12.686696991000002,-6.253
12.688802268000002,-6.327
12.690698169000001,-6.2
12.692891103000001,-6.179
12.695023188,-6.093
12.696932722000001,-6.093
12.698693312000001,-6.179
12.701134968000002,-5.955
12.702773180000001,-5.955
12.704908323000002,-5.996
12.707032267,-5.996
12.708829635,-5.7490000000000006
12.710687980000001,-5.8
12.712944892000001,-5.64
12.714786623,-5.801
12.716676405000001,-5.5840000000000005
12.718710880000001,-5.744
12.721031191000002,-5.775
12.722749243,-5.775
12.72478394,-5.638
12.726749535000002,-5.638
12.72870522,-5.612
12.730817391,-5.505
12.732687404,-5.667
12.734714844,-5.72
12.736917252000001,-5.668
12.738733914,-5.532
12.740907016000001,-5.478
12.742767461000001,-5.478
12.744713112000001,-5.696
12.746772369,-5.7
12.748698108000001,-5.836
12.750724589,-5.854
12.752686445,-5.777
12.75470887,-5.885
12.756703596000001,-5.854
12.758669401,-6.149
12.760882847000001,-6.019
12.76291722,-6.019
12.76471512,-5.962
12.76675801,-6.117
12.768925240000002,-5.9750000000000005
12.770724027,-5.9750000000000005
12.772699698,-6.446
12.774856549,-6.313
12.776704262,-6.313
12.778703458,-6.488
12.780907075,-6.449
12.782867529,-6.449
12.784723173000001,-6.569
12.786789091000001,-6.583
12.788768875,-6.579
12.790738904000001,-6.589
12.792718517,-6.478
12.794715858,-6.6000000000000005
12.796700328,-6.514
12.798719246000001,-6.437
12.80093317,-6.347
12.802785275000002,-6.347
12.804769162000001,-6.19
12.806695582000001,-6.099
12.808717714,-5.977
12.810670501,-6.0440000000000005
12.812708228,-5.824
12.81469294,-5.603
12.816701608,-5.644
12.8187017,-5.8260000000000005
12.820896715,-5.743
12.822851201,-5.743
12.824797554000002,-5.532
12.826751288,-5.532
12.828725997000001,-5.586
12.830833380000001,-5.1530000000000005
12.832811054,-5.2170000000000005
12.834792746000002,-5.176
12.836701788000001,-5.406
12.838704347,-5.324
12.840878756,-5.079
12.842792175000001,-5.079
12.844768554000002,-5.496
12.846785387,-5.561
12.848775415,-5.602
12.850707627,-5.602
12.852716405,-5.719
12.854705738000002,-5.796
12.856699635,-5.89
12.858729487000002,-5.617
12.861055835,-5.617
12.862852388,-5.728
12.864806909,-5.773
12.866828383000001,-5.828
12.868771638,-5.9350000000000005
12.870739864,-5.965
12.872758812,-5.961
12.874735943000001,-5.938
12.876691506,-6.132000000000001
12.878973208000001,-6.11
12.880880502,-6.11
12.882787261,-6.4990000000000006
12.884731652000001,-6.1850000000000005
12.886714463,-5.987
12.888680404,-6.114
12.890698504000001,-5.966
12.892723643,-6.119
12.894710278000002,-6.045
12.896696801000001,-5.9990000000000006
12.898881391000002,-5.986
12.90104464,-6.029
12.903024107,-6.029
12.904784822000002,-5.934
12.906900672,-5.949
12.908803766,-5.949
12.910777843,-5.588
12.912757007000002,-5.801
12.914835077000001,-6.205
12.916814292000002,-5.908
12.918703045,-6.123
12.921090576000001,-5.91
12.923041899000001,-5.91
12.924774502,-6.013
12.927080846,-5.857
12.928757207,-5.857
12.930747510000002,-5.626
12.932725923000001,-5.8950000000000005
12.9349615,-5.764
12.936863485,-5.885
12.938936184000001,-5.729
12.940898411000001,-5.729
12.942840865,-5.812
12.944861039000001,-5.694
12.946811989,-5.8420000000000005
12.948931663000002,-5.871
12.950726282000002,-5.871
12.952810134,-5.89
12.954816345000001,-5.788
12.956805766,-5.855
12.95877778,-5.783
12.961076905,-5.806
12.962927671000001,-5.806
12.964776273,-5.896
12.966810965,-5.806
12.968847146000002,-5.914
12.97082816,-6.05
12.9728033,-6.01
12.97473704,-6.056
12.976712029000002,-5.979
12.978897752,-5.934
12.980995663000002,-5.934
12.982827889000001,-5.974
12.984881158,-6.063
12.986796427000002,-6.006
12.988844419000001,-6.114
12.990719807000001,-5.954
12.992810669,-6.04
12.994697676000001,-6.0200000000000005
12.99673579,-6.144
12.998834228000002,-6.096
13.000889901,-6.101
13.002850589000001,-6.101
13.004742494,-6.091
13.006886928,-6.154
13.008771604000001,-6.173
13.010721482000001,-6.048
13.012731799,-6.101
13.014697143000001,-6.154
13.016680395000002,-6.1930000000000005
13.018935306000001,-6.1930000000000005
13.020919792,-6.1930000000000005
13.02286986,-6.167
13.024890387000001,-6.0520000000000005
13.026823206000001,-6.102
13.028831688,-6.159
13.03075501,-5.996
13.032824049,-6.158
13.034769500000001,-6.148
13.036716946,-6.04
13.038731460000001,-6.147
13.040972367,-6.147
13.042832024,-6.093
13.044920202,-6.168
13.046788124,-6.04
13.048991801000001,-6.008
13.050822476,-5.998
13.053090103,-6.0280000000000005
13.054883403000002,-6.008
13.056803494,-5.88
13.05869376,-5.913
13.061156271000002,-5.913
13.062879244000001,-6.112
13.064918385,-5.921
13.067092631000001,-6.0200000000000005
13.069095846000002,-6.119
13.070867836000001,-6.167
13.072775409,-6.2860000000000005
13.074916861,-6.232
13.076730626000002,-6.061
13.078864423,-6.274
13.080927805,-6.274
13.082905914000001,-6.252
13.084799045,-6.252
13.086721844000001,-6.125
13.088770668,-6.167
13.090726305,-6.167
13.092701869,-6.135
13.094759566,-6.016
13.096775379,-6.146
13.098726872,-6.26
13.100922760000001,-6.26
13.102849509,-6.17
13.104794668,-6.348
13.106708886000002,-6.136
13.108721265000002,-6.135
13.110837223,-6.135
13.112805498,-6.173
13.114750155000001,-6.259
13.116766981000001,-6.109
13.118747216000001,-6.0360000000000005
13.121050543,-6.0360000000000005
13.122832078,-6.1930000000000005
13.124939445,-6.065
13.126957894,-6.506
13.128882783000002,-6.506
13.130702243,-5.774
13.132859256000001,-6.284
13.134898105000001,-6.094
13.136921656,-5.884
13.138710309,-5.964
13.140936118,-5.964
13.142822719000002,-6.348
13.144704527,-6.207
13.146693773,-5.5840000000000005
13.14872618,-5.617
13.150881644,-5.622
13.152819455000001,-5.675
13.154758601000001,-5.719
13.156825466,-5.658
13.158696746,-5.711
13.161113568000001,-5.711
13.162974203000001,-5.837
13.164944532000002,-5.933
13.166782033,-6.086
13.168689733,-6.159
13.171012144,-6.140000000000001
13.172789811000001,-6.221
13.174694501000001,-6.239
13.176714381,-6.083
13.178726474000001,-6.2940000000000005
13.180929427,-6.2940000000000005
13.182852812,-6.346
13.184861155,-6.346
13.186716865000001,-6.207
13.188713545,-6.118
13.190795333,-6.263
13.192856812,-6.401
13.194792557000001,-6.539
13.196685019,-6.362
13.198739535000001,-6.489
13.201004537000001,-6.489
13.202897759,-6.4
13.204920089000002,-6.487
13.206937282,-6.085
13.208772932,-6.276
13.210724674000001,-6.311
13.21282472,-6.048
13.214824684000002,-5.961
13.216743995000002,-6.083
13.218723872,-6.223
13.221083136,-6.223
13.222991978000001,-6.086
13.224760767000001,-5.947
13.226700880000001,-6.126
13.228756203000001,-6.232
13.230905443000001,-6.232
13.232990975000002,-6.295
13.234696907,-6.263
13.236793395000001,-6.329
13.238744444,-6.349
13.241358722000001,-6.274
13.243106116000002,-6.274
13.245128187,-6.285
13.247022793000001,-6.285
13.248799446000001,-6.285
13.250753716,-6.285
13.252727632000001,-6.05
13.254677696000002,-6.1690000000000005
13.256676420000002,-6.019
13.258821436000002,-5.997
13.260914903000002,-5.997
13.263210096000002,-6.264
13.264782306,-6.264
13.266768672000001,-6.156
13.268962122000001,-6.159
13.270760176000001,-6.159
13.272731199,-6.072
13.274737387,-6.118
13.276908120000002,-6.065
13.279041793000001,-6.2620000000000005
13.280885284,-6.2620000000000005
13.282769427000002,-6.263
13.284778693000002,-6.368
13.286706167,-6.583
13.288751967000001,-6.333
13.290801043,-6.517
13.292691863,-6.569
13.294791723000001,-6.517
13.29669336,-6.607
13.298684729000001,-6.621
13.300911873,-6.621
13.302784773,-6.682
13.304848718,-6.561
13.306986877000002,-6.4350000000000005
13.308877464,-6.666
13.310809162,-6.666
13.312769341000001,-6.332
13.314748923000002,-6.457
13.316737269,-6.5040000000000004
13.319062005000001,-6.295
13.321210706,-6.329
13.322945776000001,-6.329
13.324903736000001,-6.452
13.326836977000001,-6.304
13.32883565,-6.115
13.330803919000001,-6.115
13.332836865,-5.914
13.334811072,-5.9750000000000005
13.336806362,-6.0280000000000005
13.338892690000002,-6.064
13.341043127,-6.064
13.342934345000002,-6.063
13.345076668,-5.9430000000000005
13.34683038,-5.993
13.348828714000001,-5.939
13.350941090000001,-6.013
13.352834192000001,-6.045
13.354886488,-6.069
13.356797824000001,-5.988
13.358730121,-5.91
13.360935062000001,-5.91
13.362857079000001,-5.855
13.364950913000001,-5.932
13.366935798,-5.988
13.368795386,-5.7490000000000006
13.370706071,-5.933
13.372894181000001,-5.854
13.374747143,-6.098
13.376789372000001,-5.856
13.378823482000001,-5.936
13.380882071,-5.936
13.38295635,-5.934
13.384996030000002,-5.997
13.387160849,-5.819
13.389163215,-6.113
13.390967585,-5.9750000000000005
13.392829323,-5.9750000000000005
13.394712521,-6.061
13.396738752000001,-6.51
13.398675813,-6.522
13.400957270000001,-6.363
13.402766294000001,-6.363
13.404722428000001,-6.472
13.406807428,-6.579
13.40878717,-6.617
13.410732295,-6.617
13.412703241,-6.648000000000001
13.414720402,-6.3740000000000006
13.416810856000001,-6.577
13.418944035,-6.455
13.420895367,-6.455
13.422937673000002,-6.4350000000000005
13.425030285,-6.455
13.426776244000001,-6.455
13.428730371,-6.562
13.430706529,-6.0440000000000005
13.432691609,-5.907
13.434683606,-6.049
13.436729559000002,-5.942
13.438732980000001,-5.768
13.441004995,-5.782
13.442777137,-5.782
13.444787029,-5.986
13.446738013000001,-5.5920000000000005
13.44879171,-5.774
13.450794505000001,-5.91
13.452783335000001,-5.477
13.454796206000001,-5.505
13.456753107,-5.827
13.458683981,-5.721
13.461103726000001,-5.782
13.462800828,-5.782
13.464771216,-5.861
13.466920097000001,-5.765
13.468787001,-5.658
13.470727893000001,-5.765
13.472770038,-5.651
13.474755094,-5.764
13.47680624,-5.675
13.478814897000001,-5.651
13.480937858,-5.613
13.482796467,-5.613
13.484737921,-5.724
13.486697486,-5.8580000000000005
13.488703455000001,-5.881
13.490693937000001,-5.612
13.492718501,-5.912
13.494708663,-5.968
13.496723834,-5.972
13.498687488000002,-6.027
13.500901097000002,-6.033
13.502739607,-6.033
13.504758134000001,-6.064
13.506728983,-6.274
13.508848588000001,-6.04
13.510800127000001,-6.159
13.512741114,-6.087
13.514719280000001,-6.453
13.516711522000001,-6.539
13.518683169,-6.434
13.520908667,-6.599
13.522780214,-6.599
13.524764222000002,-6.7620000000000005
13.526799516,-6.618
13.528794631,-6.784
13.53078086,-6.6290000000000004
13.532709929000001,-6.457
13.534698310000001,-6.507000000000001
13.536757690000002,-6.416
13.538810015000001,-6.623
13.541028948000001,-6.439
13.542820827000002,-6.439
13.544757757000001,-6.507000000000001
13.546711396000001,-6.893
13.548727994,-6.509
13.550709805,-6.205
13.552717710000001,-6.465
13.554722542,-6.375
13.556686067000001,-6.049
13.558714556,-5.942
13.560912369,-5.782
13.562972375000001,-5.782
13.564742821000001,-5.9110000000000005
13.566975343000001,-5.681
13.568760271,-5.681
13.570740355000002,-5.456
13.573011369000001,-5.397
13.575068466000001,-5.431
13.576820249,-5.431
13.578756963,-5.646
13.580935995,-5.832
13.582952649000001,-5.832
13.584747874000001,-5.89
13.586786138,-5.89
13.5888287,-5.857
13.590966944000002,-6.23
13.592964119000001,-6.2410000000000005
13.595029321,-6.163
13.596777575,-6.308
13.598793848000001,-6.4990000000000006
13.601167419000001,-6.457
13.602720169000001,-6.457
13.604813273000001,-6.469
13.606794838,-6.594
13.608727072,-6.7250000000000005
13.610867078,-6.6290000000000004
13.612802092,-6.863
13.614919543000001,-6.837
13.61671334,-6.626
13.618901721,-6.496
13.621143652,-6.566
13.622990187000001,-6.566
13.624749703,-6.632000000000001
13.626714489000001,-6.596
13.628737863000001,-6.913
13.630734048,-6.456
13.632700458,-6.292
13.634722135,-6.565
13.636676233000001,-6.4510000000000005
13.638735432,-6.402
13.640912122000001,-6.581
13.642750059,-6.581
13.644768366000001,-6.5
13.646702064000001,-6.4030000000000005
13.648890131000002,-6.191
13.650887220000001,-6.191
13.652695749000001,-6.21
13.654718147,-6.065
13.656890577,-5.86
13.658751894000002,-5.933
13.661001841000001,-5.8870000000000005
13.662846459,-5.8870000000000005
13.664738561,-6.056
13.666706866,-5.835
13.668894765000001,-5.973
13.670758145,-5.735
13.672775733000002,-5.819
13.674691706,-5.743
13.676795793,-6.05
13.678689570000001,-5.88
13.680974674000002,-6.1930000000000005
13.682815816000002,-6.1930000000000005
13.684743362,-6.126
13.686720833,-6.053
13.688718646000002,-6.03
13.690722919,-6.0120000000000005
13.692766045,-6.03
13.694736731,-6.099
13.696742179000001,-6.083
13.698735613,-6.081
13.700982955,-5.908
13.702779395,-5.908
13.704797555,-6.033
13.706785817,-6.1930000000000005
13.708717154,-6.266
13.710718797,-6.332
13.712704149,-6.207
13.714689977,-6.295
13.716692145000001,-6.223
13.718812004,-6.2410000000000005
13.720963005000002,-6.348
13.722998906,-6.348
13.724791563,-6.315
13.726890110000001,-6.442
13.728877919,-6.623
13.730816429,-6.478
13.733021704,-6.849
13.734856321,-6.813
13.736911854,-6.877
13.738737656000001,-6.506
13.741193125,-7.126
13.743037622000001,-7.126
13.744833091,-7.0360000000000005
13.746840861,-6.764
13.748807170000001,-6.881
13.750797889000001,-6.651
13.752888774,-6.743
13.754928681,-6.777
13.756724100000001,-6.7090000000000005
13.758857744,-6.6530000000000005
13.76115781,-6.757000000000001
13.763158926000001,-6.757000000000001
13.764789888000001,-6.223
13.766795045,-6.49
13.768914255,-6.41
13.770925493,-6.075
13.772700883,-5.92
13.774824272,-6.018
13.776851264000001,-6.19
13.778858207,-6.064
13.781114136000001,-5.924
13.783054125000001,-5.924
13.784812892000001,-6.046
13.786717796000001,-6.152
13.788759698000002,-6.2940000000000005
13.79088886,-6.383
13.792783515,-6.381
13.794722537,-6.351
13.796688763,-6.466
13.798747786000002,-6.372
13.800944451000001,-6.414
13.802917725,-6.414
13.804912398,-6.417
13.806900795,-6.416
13.808858939,-6.416
13.810813859000001,-6.346
13.812832655000001,-6.487
13.814805681000001,-6.47
13.816746398000001,-6.582
13.818926579000001,-6.578
13.820998757000002,-6.453
13.822795549,-6.453
13.824740237,-6.51
13.826699866,-6.532
13.828712632,-6.372
13.830693922,-6.783
13.832719126,-6.788
13.834721729000002,-6.78
13.83678603,-7.031000000000001
13.838709936,-6.875
13.840900848,-6.809
13.842781295,-6.809
13.844755759000002,-7.055
13.846811098000002,-6.938
13.848791282,-6.801
13.850726790000001,-6.801
13.852706045000001,-6.655
13.854710015,-6.612
13.856806585000001,-6.705
13.858817225000001,-6.564
13.860982743000001,-6.618
13.863127311000001,-6.618
13.864797139,-6.622
13.866835137,-6.518
13.869091852,-6.474
13.870820608,-6.633
13.872774569,-6.633
13.874812022,-6.4590000000000005
13.876797641000001,-6.154
13.878765982000001,-6.154
13.880919393000001,-6.0120000000000005
13.883177163000001,-6.0120000000000005
13.884713318000001,-5.942
13.886687214,-5.881
13.888720542000002,-5.987
13.890708691,-6.094
13.892725660000002,-6.301
13.894978794,-6.179
13.896690889,-6.384
13.898705335,-6.354
13.901146239000001,-6.301
13.903018265,-6.301
13.904760368000002,-6.2170000000000005
13.907001597,-6.277
13.909092063000001,-6.167
13.91094653,-6.617
13.912879221,-6.242
13.914992754,-6.204
13.916943983000001,-6.2940000000000005
13.918720215,-6.594
13.921005608000002,-6.5920000000000005
13.922745652000001,-6.5920000000000005
13.924729384,-6.543
13.926774392,-6.543
13.928722853,-6.565
13.930707433,-6.718
13.932731232,-6.7860000000000005
13.934696683,-6.655
13.936696742,-6.641
13.938709145,-6.706
13.940898882,-6.706
13.942743077000001,-7.0840000000000005
13.944716519000002,-6.703
13.946708245000002,-6.783
13.948684187000001,-6.771
13.950713103,-6.846
13.952710703000001,-6.849
13.954824691,-6.72
13.956792737,-6.556
13.958806024000001,-6.126
13.960957595,-6.035
13.962772286000002,-6.035
13.96478119,-6.088
13.966798078,-5.814
13.968755227,-5.814
13.970727138,-5.766
13.972728241,-5.847
13.974672389,-6.04
13.976719269,-6.266
13.978738986000002,-6.413
13.980912042000002,-6.401
13.982786129,-6.401
13.984739168,-6.232
13.986716008,-6.126
13.988743614,-6.126
13.990710957000001,-6.351
13.992673443000001,-6.113
13.994716404,-6.28
13.996696543,-6.173
13.998692776,-6.1930000000000005
14.000902210000001,-6.313
14.002758015000001,-6.313
14.004716640000002,-6.212
14.006683372000001,-6.033
14.008696664,-6.136
14.010690062,-6.151
14.012696876000001,-6.189
14.014739164000002,-6.047
14.016813497000001,-6.118
14.01879173,-6.19
14.020907722,-6.19
14.02280127,-6.122
14.024798821000001,-6.183
14.026731097,-6.599
14.028749636,-6.479
14.030713675000001,-6.479
14.032817062000001,-6.452
14.034871057,-6.505
14.036848283000001,-6.345
14.038743372,-6.594
14.040963353,-6.311
14.043116183,-6.311
14.044841582,-6.258
14.046717978,-6.117
14.048749545000002,-6.311
14.050708967,-6.329
14.052737018,-6.38
14.054721840000001,-6.26
14.056704379000001,-6.191
14.058793339000001,-6.207
14.060986929,-6.207
14.062779603000001,-6.332
14.064755581,-6.258
14.06671998,-6.134
14.068695836000002,-6.03
14.070721742000002,-6.066
14.072711856000002,-5.913
14.074702246000001,-6.064
14.076709714000001,-6.03
14.078706381000002,-6.083
14.080938810000001,-5.977
14.082864782000001,-5.977
14.084785332000001,-5.8180000000000005
14.086828254,-5.922
14.088959995000002,-5.72
14.090774796000002,-6.054
14.092776543000001,-6.086
14.094778568,-5.896
14.096725774000001,-5.582
14.098884314000001,-5.939
14.101039509000001,-5.8260000000000005
14.102837353000002,-5.8260000000000005
14.104999315,-5.828
14.106998970000001,-5.828
14.108890970000001,-5.9350000000000005
14.110727512,-6.122
14.112795328,-5.962
14.114813098,-5.961
14.11675228,-5.908
14.118716763,-5.881
14.120951312,-5.881
14.122801907000001,-6.019
14.124908044000001,-6.149
14.12684417,-6.003
14.128790149,-5.934
14.130777870000001,-5.934
14.132836653,-6.114
14.134746163,-6.114
14.136723562,-6.18
14.138738403000001,-6.276
14.140907921,-6.223
14.142795094,-6.223
14.144764357000001,-6.312
14.146801862,-6.437
14.148783652,-6.332
14.150791085000002,-6.348
14.152735455,-6.384
14.154687561000001,-6.191
14.156703249000001,-6.312
14.158705191000001,-6.381
14.160965083,-6.239
14.162873231,-6.239
14.164749370000001,-6.279
14.166787981,-6.026
14.168807876,-6.102
14.170727883000001,-5.996
14.172770905,-6.086
14.174746176000001,-5.98
14.177155096000002,-5.946
14.178719930000002,-6.029
14.180861613000001,-6.073
14.18281482,-6.073
14.184828177000002,-6.073
14.187018862,-6.007000000000001
14.188747162,-6.007000000000001
14.190739466,-6.066
14.192971852000001,-5.987
14.194721709000001,-6.041
14.196757263,-6.087
14.198690443,-6.056
14.200890742,-5.836
14.202765815000001,-5.836
14.204748159000001,-5.775
14.206730631000001,-5.988
14.20870327,-5.988
14.210716429000001,-5.694
14.212734393000002,-5.885
14.214708834000001,-5.407
14.21669859,-5.5200000000000005
14.218774757,-5.4190000000000005
14.220968263000001,-5.43
14.222757952,-5.43
14.224806961,-5.594
14.226735262,-5.328
14.228714124000001,-5.561
14.230717317000002,-5.409
14.232847228,-5.487
14.234712611,-5.496
14.236725149000002,-5.849
14.238843317,-5.807
14.241000597000001,-5.9430000000000005
14.242881546000001,-5.9430000000000005
14.244776150000002,-5.724
14.246750265000001,-5.724
14.248757021000001,-6.2330000000000005
14.251047528,-5.961
14.253183675,-5.961
14.255005201000001,-6.042
14.256800515,-6.11
14.258998218,-5.995
14.261340009000001,-6.055
14.263062185,-6.055
14.264927522,-6.2940000000000005
14.266862783,-6.309
14.26888253,-6.12
14.270803971000001,-5.923
14.272834390000002,-5.86
14.274818631,-6.188
14.27677626,-6.188
14.278807467,-6.079
14.280996121000001,-6.186
14.282898252,-6.186
14.284721169,-6.023
14.286846550000002,-6.264
14.288924517000002,-6.312
14.290724332000002,-6.312
14.292733763000001,-6.24
14.294721426,-6.172
14.296694945,-6.135
14.298707046,-6.101
14.300838889000001,-6.008
14.302812018000001,-6.008
14.304770383000001,-5.803
14.306687477,-5.712
14.308715854,-5.621
14.310744737,-5.535
14.312705865000002,-5.398
14.314719457,-5.371
14.316703749,-5.477
14.318711291000001,-5.407
14.320895536,-5.759
14.322982818000002,-5.759
14.324832668,-5.399
14.326736061,-5.485
14.328870297000002,-5.431
14.330828451,-5.441
14.332750033000002,-5.55
14.334758517000001,-5.458
14.336811596,-5.482
14.339007521000001,-5.91
14.341054442,-6.23
14.342991572,-6.23
14.344921427000001,-6.046
14.346971841,-6.301
14.348947583000001,-6.179
14.350956459,-6.401
14.352793395,-6.333
14.354965981000001,-6.329
14.356962714000002,-6.259
14.358800365,-6.348
14.36089115,-6.413
14.362867108000001,-6.413
14.364869151,-6.531
14.366873797,-6.364
14.368700711,-6.398000000000001
14.370739548000001,-6.321
14.372821683000002,-6.312
14.374712440000001,-6.245
14.376705035,-6.414
14.378725020000001,-6.438
14.381096346000001,-6.3340000000000005
14.382738932,-6.3340000000000005
14.3847424,-6.335
14.386683935,-6.281
14.388723176000001,-6.159
14.390718736,-6.175
14.392724102,-6.154
14.394717828000001,-5.731
14.396709409000001,-6.188
14.39872665,-5.979
14.400892163000002,-5.9270000000000005
14.402768281,-5.9270000000000005
14.404773271000002,-5.807
14.406700442000002,-5.795
14.408704243,-5.8660000000000005
14.410690679000002,-5.902
14.412734592000001,-5.756
14.414721545,-5.964
14.416711392000002,-5.586
14.418715653000001,-5.643
14.420992974,-5.857
14.422765323,-5.857
14.424817743,-5.803
14.426802138000001,-5.718
14.428842511000001,-5.91
14.430799414,-5.836
14.432679955000001,-5.729
14.434831299,-5.622
14.436743880000002,-5.803
14.438800617,-5.721
14.440963098000001,-5.746
14.443098010000002,-5.746
14.444721729000001,-5.989
14.446750152000002,-5.8100000000000005
14.448708253000001,-6.176
14.450715318,-6.263
14.452686578000002,-5.934
14.45474324,-6.668
14.45674681,-6.386
14.458774809000001,-6.472
14.460901782,-6.2410000000000005
14.462764309,-6.2410000000000005
14.464747597,-6.574
14.466793712000001,-6.791
14.468832792,-6.746
14.470749195000002,-6.835
14.47279707,-7.01
14.474770053,-6.801
14.476776726,-6.813
14.478792654000001,-6.523000000000001
14.481039243000001,-6.541
14.482775715,-6.541
14.484846704,-6.596
14.48678091,-6.486
14.488822213,-6.327
14.490824487000001,-6.327
14.492799403000001,-6.140000000000001
14.494723381,-5.9430000000000005
14.49675251,-6.077
14.498777974000001,-6.034
14.500959758,-5.9590000000000005
14.502815742000001,-5.9590000000000005
14.504794144000002,-5.961
14.5068643,-6.223
14.508811477,-6.2940000000000005
14.510858427,-6.135
14.512810365000002,-6.329
14.514724139,-6.259
14.516686369,-6.2410000000000005
14.518753795,-6.188
14.520882211000002,-6.4
14.523044577,-6.4
14.524849150000001,-6.21
14.526755269,-6.492
14.528874676000001,-6.417
14.530730303,-6.367
14.533074388000001,-6.406
14.534850437000001,-6.364
14.537228237,-6.614
14.539134223000001,-6.522
14.540941868,-6.522
14.542794182000002,-6.329
14.544795741000001,-6.346
14.546974632000001,-5.924
14.548754652000001,-6.171
14.550806927000002,-6.018
14.552839921,-6.049
14.554735831,-6.159
14.556787995,-6.248
14.558734050000002,-6.04
14.560960505,-5.9990000000000006
14.562825951,-5.9990000000000006
14.564874628,-6.399
14.566990355000002,-6.399
14.568813631000001,-6.5520000000000005
14.570760119000001,-6.383
14.572884161000001,-6.386
14.574815265000002,-6.613
14.576816305000001,-6.477
14.578856771000002,-6.417
14.580943928000002,-6.539
14.583106813,-6.539
14.584893016,-6.4990000000000006
14.586891531000001,-6.489
14.588836716000001,-6.4030000000000005
14.591182462,-6.45
14.592823576,-6.135
14.594734782000002,-6.322
14.597030881,-6.308
14.598840718000002,-6.503
14.60104276,-6.503
14.60295108,-6.503
14.604859136000002,-6.353
14.606780822000001,-6.437
14.608868484,-6.171
14.610708784000002,-6.293
14.612698159,-6.347
14.614775956,-6.438
14.616713508,-6.319
14.618854183000002,-6.307
14.621044456000002,-6.349
14.622817169000001,-6.349
14.624815913,-6.328
14.626702784,-6.113
14.628961842,-6.135
14.630819271000002,-6.062
14.632731294000001,-5.997
14.634801148000001,-6.21
14.636833492000001,-6.104
14.638869341000001,-6.139
14.641022149000001,-6.05
14.642898737000001,-6.05
14.644851251,-6.04
14.647103371,-6.159
14.648989040000002,-6.257000000000001
14.650886824,-5.98
14.652888391000001,-6.118
14.654894669,-6.434
14.656802255,-6.4270000000000005
14.658942999,-6.174
14.661037316000002,-6.399
14.662841679000001,-6.399
14.664835137,-6.631
14.667114129000002,-6.501
14.668905501000001,-6.501
14.670870415000001,-6.474
14.672817235,-6.558
14.674819544000002,-6.557
14.676906546000001,-6.623
14.679081536000002,-6.674
14.681011564,-6.611
14.682948476000002,-6.611
14.685052865000001,-6.66
14.68685621,-6.901
14.688845636000002,-6.66
14.690690981000001,-6.597
14.692862373,-6.58
14.694714003000001,-6.501
14.696940254000001,-6.514
14.698961291000002,-6.6160000000000005
14.700935898000001,-6.587
14.702890379000001,-6.587
14.704879529000001,-6.732
14.706953332000001,-6.517
14.708924489000001,-6.569
14.710950228000002,-6.569
14.712727193000001,-6.428
14.714691661000002,-6.54
14.716832586,-6.495
14.718716944,-6.306
14.721031504,-6.586
14.722793117,-6.586
14.724863890000002,-6.461
14.726768751000002,-6.45
14.728967196000001,-6.437
14.730695069000001,-6.234
14.732780535000002,-6.117
14.734813408,-6.4
14.736803636000001,-6.384
14.738938310000002,-6.118
14.741032666,-5.908
14.742925951,-5.908
14.744897598000001,-6.245
14.746749965000001,-6.245
14.748786684,-6.114
14.750817501,-6.221
14.752905197,-6.221
14.754748287000002,-6.21
14.756706104000001,-6.316
14.75876839,-6.392
14.760884192,-6.231
14.762759969000001,-6.231
14.764753546000001,-6.285
14.766776524,-6.285
14.768734161000001,-6.159
14.770784706,-6.0
14.772689454000002,-6.348
14.774704084000001,-6.276
14.77669026,-6.244
14.778709868000002,-6.1000000000000005
14.780884875000002,-6.1000000000000005
14.782849655000001,-6.223
14.784732489000001,-6.223
14.786709253000001,-6.174
14.788830902,-6.187
14.790845325000001,-6.046
14.792754323,-6.158
14.794818457000002,-6.034
14.796775943,-6.078
14.798727372,-6.135
14.800964253,-6.263
14.802752972,-6.263
14.804871819,-6.135
14.806747995,-6.135
14.808763269000002,-6.1530000000000005
14.810728647000001,-6.154
14.812714977,-6.138
14.814736239,-6.24
14.816782587,-6.1000000000000005
14.8188624,-6.188
14.821220893000001,-6.188
14.822917152,-6.207
14.824813846000001,-6.207
14.826784057000001,-5.994
14.828705650000002,-6.2250000000000005
14.830716013000002,-6.364
14.832823170000001,-6.207
14.834731585,-6.344
14.836808512000001,-6.471
14.839084065000002,-6.311
14.841047186,-6.311
14.843243959,-6.295
14.845192303000001,-6.295
14.847097843,-6.4
14.848939826,-6.276
14.850838932,-6.223
14.852851352,-6.222
14.854808982000002,-6.24
14.856792168,-6.205
14.859025970000001,-6.24
14.861010326,-6.242
14.862754116000001,-6.242
14.864783879,-6.154
14.866712136,-6.03
14.869061567000001,-6.03
14.870880224,-6.228
14.872753886000002,-6.189
14.874705096000001,-6.17
14.876706205000001,-6.063
14.878749307000001,-6.17
14.880926261,-6.011
14.882865692000001,-6.011
14.884752259,-6.205
14.886792358000001,-6.085
14.888728543000001,-6.12
14.890780172000001,-5.977
14.892743998,-6.329
14.894744095,-6.24
14.896779548000001,-6.033
14.898832767000002,-6.152
14.901026848,-6.136
14.902753452,-6.136
14.904875915000002,-6.195
14.906754950000002,-6.195
14.908717532,-6.401
14.91073847,-6.434
14.912770651,-6.4190000000000005
14.914693529000001,-6.3660000000000005
14.916685966000001,-6.246
14.91875162,-6.4
14.920999333000001,-6.4
14.922825164,-6.4
14.924908172,-6.424
14.926911733,-6.101
14.928732112,-6.102
14.930731461,-6.102
14.932702630000001,-6.118
14.934712852,-6.154
14.936702563,-5.906
14.938776133000001,-6.014
14.940888782000002,-6.067
14.942743369,-6.067
14.944744829000001,-5.9590000000000005
14.946723475,-6.3100000000000005
14.948744831,-6.399
14.951005015000002,-6.213
14.952774056,-6.093
14.954759695000002,-6.093
14.956811147000002,-6.114
14.95887639,-6.434
14.960951667000002,-6.147
14.962810283000001,-6.147
14.964793874000001,-6.232
14.966794,-6.247
14.96908419,-6.224
14.970748431,-6.224
14.972710226,-6.224
14.974775997,-6.247
14.976742505,-6.285
14.979050352000002,-6.255
14.98082982,-6.140000000000001
14.982968057,-6.140000000000001
14.984888246,-6.345
14.986759557000001,-6.345
14.988817766,-6.157
14.990749743,-6.103
14.992759137,-6.0200000000000005
14.994902623000002,-5.78
14.996821062,-6.212
14.998725124000002,-5.973
15.000942329,-6.140000000000001
15.002824931000001,-6.140000000000001
15.004800591,-6.26
15.006725796000001,-6.299
15.008966034,-6.26
15.011108985000002,-6.0440000000000005
15.013107434,-6.106
15.014967185000001,-6.125
15.016810957,-6.098
15.018843005,-6.1690000000000005
15.021225969000001,-6.152
15.022851355,-6.152
15.024887969000002,-6.117
15.026898553,-6.117
15.029074146000001,-6.17
15.031080484,-6.013
15.033108493,-6.205
15.034774507000002,-6.329
15.036735613000001,-6.222
15.038783289000001,-6.136
15.041052981000002,-6.099
15.042921152000002,-6.099
15.045060975,-6.242
15.046846804000001,-6.15
15.048723423,-6.15
15.050707879,-6.226
15.052702966000002,-6.312
15.054789499000002,-6.266
15.056742314000001,-6.246
15.058778147000002,-6.179
15.060967046000002,-6.2860000000000005
15.063063497000002,-6.2860000000000005
15.064745712,-6.312
15.066746589000001,-6.312
15.068717998,-6.328
15.070860466000001,-6.4990000000000006
15.072802189,-6.381
15.074748338000001,-6.456
15.076951181,-6.5200000000000005
15.078856358000001,-6.5200000000000005
15.081046561,-6.605
15.082915347,-6.605
15.084777069000001,-6.466
15.086708783,-6.033
15.088766469000001,-6.246
15.090843821000002,-6.206
15.092784419000001,-6.246
15.094809521,-6.333
15.096823558,-6.333
15.098869711,-6.333
15.101068777,-6.232
15.102842152000001,-6.232
15.104838856,-6.223
15.106794105,-6.139
15.108772026,-6.139
15.11077951,-6.226
15.112715750000001,-6.26
15.114776096000002,-6.332
15.116708110000001,-6.061
15.118753524,-6.242
15.120923913,-6.139
15.123166537000001,-6.139
15.124742275000001,-6.226
15.126724834000001,-5.98
15.128886944000001,-6.033
15.130981132,-6.033
15.132809426000001,-5.924
15.134736328,-6.067
15.136938848000002,-6.105
15.138746444,-6.105
15.140937922,-6.071
15.142832962000002,-6.071
15.144758076,-6.061
15.146898959000001,-6.273
15.148772093000002,-6.273
15.150742703,-6.224
15.152686569,-6.247
15.154724085000002,-6.308
15.156718509000001,-6.178
15.158761132,-6.178
15.161139354000001,-6.01
15.162861712000002,-6.01
15.164822280000001,-6.2010000000000005
15.16670779,-6.171
15.168838224000002,-6.171
15.170790625,-6.216
15.172833129,-6.2860000000000005
15.174815049000001,-6.102
15.176782815000001,-6.025
15.178759172000001,-6.224
15.181060206000002,-6.103
15.182806898,-6.103
15.184741401,-6.186
15.186934436000001,-5.918
15.188883822000001,-5.918
15.190782712,-5.995
15.192847743000002,-5.956
15.194943637000002,-6.072
15.196788519000002,-5.956
15.198869926,-5.956
15.201083671000001,-6.104
15.202782949000001,-6.104
15.204740247,-6.061
15.206784223000001,-6.04
15.208769578,-6.04
15.210929889,-6.07
15.212783940000001,-5.9750000000000005
15.214784773000002,-5.934
15.216833225,-5.869
15.219114338,-6.126
15.221116301,-6.039
15.222989490000002,-6.039
15.224908826,-6.07
15.226873339,-5.9030000000000005
15.228802999000001,-5.9030000000000005
15.230745307000001,-6.04
15.232921571,-5.966
15.234862360000001,-5.848
15.236892366000001,-6.072
15.239051104000001,-6.073
15.240948004000002,-5.783
15.242772723000002,-5.783
15.244717331,-5.978
15.246705212,-6.04
15.248794438000001,-6.04
15.25073594,-6.049
15.252712286000001,-6.168
15.254803082,-6.147
15.256729151000002,-6.135
15.258955083000002,-6.221
15.261053922,-6.156
15.262870705000001,-6.156
15.264817436000001,-6.093
15.266734281000002,-5.925
15.268782663000001,-5.925
15.270847064000002,-5.908
15.272830259000001,-5.974
15.274785704000001,-5.961
15.27676742,-6.0120000000000005
15.279314537000001,-5.819
15.281050415000001,-5.819
15.282922417000002,-6.0120000000000005
15.284775097,-5.871
15.287129872000001,-6.557
15.288807809000001,-6.557
15.290796561,-6.485
15.292986245000002,-6.43
15.294924047,-6.439
15.296844294000001,-6.352
15.298998796000001,-6.352
15.301067327,-6.232
15.302891731,-6.232
15.304886724000001,-6.392
15.306847278000001,-5.984
15.309000558000001,-5.984
15.310838408,-5.954
15.312737700000001,-6.103
15.314820404,-5.9110000000000005
15.316909061,-6.1240000000000006
15.319099608,-6.061
15.321073261,-6.061
15.323086308,-6.221
15.324915568000002,-6.061
15.326924418,-6.189
15.32897196,-6.189
15.330855609,-6.041
15.333050998000001,-6.041
15.334859562,-6.117
15.336744734000002,-5.979
15.338805043,-5.979
15.340923428000002,-6.094
15.342772764000001,-6.094
15.344951582,-6.064
15.34691611,-6.102
15.349042406,-6.102
15.350842833000002,-6.148
15.352809821000001,-6.104
15.354747079000001,-6.04
15.356796564000001,-6.029
15.35881698,-6.029
15.360948166000002,-6.061
15.363050537000001,-6.061
15.364750787,-6.179
15.366805359,-6.242
15.36888257,-6.2
15.370901547,-5.985
15.372806903,-6.039
15.374773385000001,-6.061
15.376852535000001,-6.082
15.37897101,-6.104
15.381073764000002,-6.104
15.382933090000002,-5.912
15.385050791000001,-5.898
15.386844620000002,-6.2010000000000005
15.388978302000002,-6.2010000000000005
15.390808842,-6.231
15.393005202000001,-6.295
15.395067903000001,-6.29
15.396935829,-6.104
15.398818724000002,-6.104
15.401337974,-6.104
15.402873078,-6.104
15.404900109000002,-6.134
15.406817943000002,-5.8420000000000005
15.408766079000001,-5.996
15.410807214,-5.864
15.412807075000002,-5.864
15.414720950000001,-6.025
15.41694264,-5.9750000000000005
15.41896374,-5.933
15.421066536000001,-6.1370000000000005
15.422903564,-6.1370000000000005
15.425078724,-5.934
15.426928866,-6.159
15.429094707,-6.037
15.430901922,-6.037
15.433015934,-5.966
15.434820665,-6.038
15.436995646000002,-5.901
15.438945087,-5.901
15.441083057,-6.04
15.443227252000002,-6.04
15.44487928,-5.966
15.446836000000001,-6.011
15.448951043000001,-5.934
15.450972065,-5.966
15.452968848000001,-5.966
15.454826101,-6.135
15.456898969000001,-6.099
15.458918745000002,-6.099
15.461034802,-6.0200000000000005
15.462894982000002,-6.0200000000000005
15.464733439000002,-6.014
15.466722979000002,-5.76
15.468794608000001,-5.8740000000000006
15.470717256,-5.98
15.472989523,-5.88
15.474841696,-5.841
15.476825093,-5.7490000000000006
15.478807405000001,-5.946
15.480845762000001,-6.019
15.483047804000002,-6.019
15.485012474000001,-5.817
15.487050738,-5.9430000000000005
15.489289929000002,-6.274
15.491030873000001,-6.456
15.492939453000002,-6.306
15.49475872,-6.328
15.496780422,-6.477
15.498789512,-6.434
15.501170289000001,-6.338
15.502798933000001,-6.338
15.504833866,-6.37
15.507031998,-6.168
15.508898088,-6.263
15.510745768000001,-6.167
15.512823955000002,-6.061
15.514816551000001,-6.158
15.516853497000001,-6.285
15.51893946,-6.285
15.52095663,-6.231
15.523235387000001,-6.231
15.524863466000001,-6.146
15.527030435,-6.015000000000001
15.528926224000001,-5.914
15.53104974,-5.8740000000000006
15.533076032,-6.0
15.534874056000001,-5.88
15.536721885,-6.0200000000000005
15.538910012,-5.987
15.541120494000001,-6.159
15.542931986000001,-6.159
15.544988972,-6.033
15.546981322,-6.307
15.548830706,-6.328
15.551135164000002,-6.349
15.55281225,-6.349
15.554767594000001,-6.167
15.556792823,-6.125
15.558736432000002,-6.295
15.560826706,-6.189
15.562983172000001,-6.189
15.564904806000001,-6.157
15.56677275,-6.157
15.568747643000002,-6.308
15.570789713000002,-6.086
15.572769688000001,-5.987
15.574786124000001,-6.102
15.576775387000001,-5.965
15.578787891000001,-6.003
15.581179496,-5.972
15.582948451000002,-5.972
15.584847385000002,-5.933
15.587098447,-6.211
15.588857216000001,-6.207
15.59109832,-6.138
15.592845014000002,-6.265000000000001
15.595035321000001,-6.261
15.596947052,-6.34
15.599063480000002,-6.204
15.601170346000002,-6.319
15.602982134000001,-6.319
15.604947607000001,-6.122
15.607185494000001,-6.104
15.609099209000002,-6.104
15.610895111000001,-6.002
15.613070112,-6.01
15.615064329,-6.081
15.616883182,-6.093
15.618969959000001,-6.061
15.621051192000001,-6.0840000000000005
15.622992706000002,-6.0840000000000005
15.624855464000001,-6.213
15.626876754000001,-6.154
15.628971975,-6.188
15.631000482000001,-6.135
15.632807973,-6.189
15.634875071000002,-6.119
15.636925430000002,-6.276
15.638737964,-6.417
15.641068168,-6.381
15.642908056000001,-6.381
15.645021777,-6.415
15.646998554000001,-6.353
15.64898031,-6.5
15.650754414000001,-6.51
15.652941796,-6.3740000000000006
15.654940882000002,-6.3420000000000005
15.65683124,-6.557
15.659100709,-6.28
15.661254949000002,-6.17
15.663036532000001,-6.17
15.664893552,-6.188
15.666805416,-6.03
15.668849491000001,-5.941
15.670729667000002,-6.065
15.673059296000002,-5.905
15.675052392000001,-5.496
15.676858733000001,-5.773
15.678866553,-5.795
15.6811038,-5.751
15.682912522,-5.751
15.684870236000002,-5.871
15.687095760000002,-5.949
15.688934765,-6.236
15.690963102000001,-6.187
15.692823687,-6.128
15.694988366,-6.033
15.696883784,-6.026
15.699028427000002,-6.045
15.701132944000001,-6.128
15.703095756000002,-6.128
15.704750925,-6.033
15.707041576000002,-6.373
15.709128363000001,-6.476
15.711037491,-6.476
15.712879569000002,-6.524
15.714895016000002,-6.555
15.716916509,-6.526
15.718714088,-6.363
15.721059096000001,-6.529
15.722782587000001,-6.529
15.724999204000001,-6.426
15.726940579,-5.8420000000000005
15.728752725000001,-6.104
15.730786832000001,-5.849
15.732771298000001,-5.87
15.734757197,-6.037
15.736739765000001,-5.796
15.738774375,-5.899
15.741032694000001,-5.871
15.742796406000002,-5.871
15.744791319,-5.88
15.746871025,-6.061
15.748734362,-6.167
15.750888620000001,-6.007000000000001
15.752784404000002,-6.104
15.754789296,-6.007000000000001
15.756710267,-6.05
15.758765538,-5.985
15.761183901,-5.8580000000000005
15.762825355,-5.8580000000000005
15.764769205,-5.9430000000000005
15.766866407,-6.041
15.768804013,-5.987
15.770743344000001,-6.064
15.773005950000002,-6.033
15.774722643,-5.98
15.776713729,-6.163
15.778738428,-6.087
15.780951227000001,-6.255
15.783099861,-6.255
15.784758706000002,-6.171
15.7867785,-5.957
15.789037301,-6.140000000000001
15.790784129,-6.140000000000001
15.792810997,-6.117
15.794745508,-6.087
15.796718054000001,-6.058
15.798790457,-5.956
15.800913417,-5.949
15.802749121000002,-5.949
15.804754777000001,-5.9030000000000005
15.806689146000002,-6.08
15.808704017,-6.134
15.810713306,-6.178
15.812711495,-6.158
15.814745179,-6.134
15.816726771,-5.939
15.818829212,-5.963
15.821009297000002,-6.046
15.822830287,-6.046
15.824851215,-6.075
15.826817608,-6.041
15.828847517000002,-5.936
15.830771934000001,-5.936
15.832720848000001,-6.069
15.834789662,-6.018
15.836708301000002,-6.103
15.838723004,-6.176
15.840934798000001,-6.176
15.843468431000002,-6.078
15.844793969000001,-6.078
15.846753885000002,-6.140000000000001
15.848708001,-6.0040000000000004
15.850724790000001,-6.0600000000000005
15.852716487,-6.093
15.854750760000002,-6.039
15.856729002000002,-5.912
15.8587234,-5.933
15.861007719000002,-5.933
15.862759530000002,-5.9350000000000005
15.864838199000001,-6.053
15.866882578,-6.221
15.868861922,-6.221
15.870807167,-6.2700000000000005
15.872861124000002,-6.168
15.874820261000002,-6.242
15.876750540000002,-6.179
15.878973575000002,-6.114
15.881131387000002,-6.146
15.882910258,-6.146
15.884880022,-5.965
15.886954866000002,-6.146
15.888740748000002,-6.146
15.890731536,-5.73
15.892917468,-5.9110000000000005
15.894910902000001,-5.837
15.896781269000002,-5.7410000000000005
15.898877143000002,-5.89
15.900983230000001,-5.773
15.902803182000001,-5.773
15.904866457,-5.965
15.906794638000001,-5.965
15.908847425000001,-6.033
15.910789594,-5.885
15.912841227000001,-6.1000000000000005
15.914791112000001,-6.125
15.916778213,-5.964
15.918895229,-5.64
15.921040674,-5.986
15.922797411000001,-5.986
15.924786236000001,-5.934
15.926933572000001,-5.658
15.928848311000001,-5.849
15.930705299000001,-5.752
15.932709253,-5.836
15.934873521000002,-5.938
15.936800671,-5.972
15.938805809000002,-6.043
15.941133345,-6.23
15.942866942,-6.23
15.944903152,-5.988
15.946834519000001,-5.988
15.948746935,-6.079
15.9507469,-5.909
15.952751148,-5.8180000000000005
15.954741596000002,-5.628
15.956883558000001,-5.8420000000000005
15.958771397000001,-6.033
15.960995858,-6.033
15.962917219000001,-5.926
15.964821873000002,-5.934
15.966795641000001,-5.896
15.968799445,-5.934
15.970934197000002,-5.882000000000001
15.972804636000001,-6.01
15.974687229,-6.026
15.97679113,-6.05
15.978791450000001,-5.973
15.980900541,-5.973
15.982872313000001,-5.992
15.984806492,-5.992
15.986884510000001,-5.8790000000000004
15.988799570000001,-5.6370000000000005
15.990778995000001,-5.6370000000000005
15.992802772000001,-5.531
15.994891967000001,-5.586
15.996805535000002,-5.5600000000000005
15.998760488,-5.612
16.001027594,-5.478
16.002994546,-5.478
16.004759223,-5.506
16.006749677000002,-5.774
16.00902434,-6.07
16.010814545000002,-6.07
16.012786853,-5.801
16.014871683000003,-5.855
16.016799203,-5.827
16.018750324000003,-5.827
16.020967765,-5.884
16.023005065,-5.884
16.024760355,-5.882000000000001
16.026802892000003,-6.257000000000001
16.028792564,-6.258
16.030781888,-6.312
16.032828012,-6.283
16.034973198,-6.284
16.036873231,-6.365
16.039033424,-6.283
16.041003374000002,-6.283
16.043045336000002,-6.338
16.044889244,-6.257000000000001
16.046919554000002,-5.827
16.048800381,-5.9110000000000005
16.050841212,-6.055
16.052729255000003,-5.729
16.054703041,-5.7490000000000006
16.05697468,-5.923
16.058937656,-5.758
16.06100309,-5.949
16.062878314000002,-5.949
16.064746662,-6.003
16.066805626,-6.098
16.068843207,-6.26
16.070894206000002,-5.997
16.072834993,-6.199
16.074734874,-6.075
16.076902306,-5.973
16.078869543,-6.11
16.081073301,-6.11
16.083089595,-6.11
16.084829457,-6.11
16.087093543,-6.146
16.089293947,-6.0440000000000005
16.090874892000002,-6.0440000000000005
16.092835213,-6.021
16.095014134,-6.086
16.096754162,-5.997
16.098852635,-6.038
16.101199848,-5.893
16.102875568,-5.893
16.105103421000003,-6.05
16.106811324000002,-5.617
16.108841932,-5.746
16.110803119,-5.827
16.112864951000002,-5.865
16.114748494,-5.651
16.116802274,-5.9190000000000005
16.118820723000002,-5.705
16.120939222,-5.729
16.122932051,-5.729
16.124809864,-5.819
16.127000951,-5.819
16.128898779,-6.247
16.130866327,-6.271
16.132814519,-6.182
16.134696732000002,-6.344
16.136774414,-6.122
16.138807195000002,-6.094
16.140996328,-6.018
16.14280339,-6.018
16.144801761,-5.906
16.146989258,-5.964
16.148865382,-5.774
16.150874012000003,-6.018
16.152735711000002,-5.9670000000000005
16.154848454,-5.992
16.156733311,-5.905
16.1587877,-5.936
16.161032373,-5.806
16.162940052,-5.806
16.164848742,-5.878
16.166817962,-5.882000000000001
16.169058695,-5.72
16.170953425,-5.721
16.173125938000002,-5.774
16.17494517,-5.747
16.176849029,-5.694
16.178896762,-5.962
16.181194174,-5.993
16.183053335,-5.993
16.184832051,-5.753
16.186828747,-6.001
16.188851409,-6.2410000000000005
16.190936366000003,-5.889
16.192831811,-6.211
16.195006391,-6.017
16.197083153,-6.1290000000000004
16.198962257,-5.9350000000000005
16.201083514,-6.042
16.203045541,-6.042
16.204889208,-6.026
16.206995735,-5.671
16.20896254,-5.7
16.210928374,-5.7
16.212892549,-5.831
16.215142303,-5.885
16.216934051000003,-5.539
16.218868164,-5.695
16.220976403,-5.51
16.222943776,-5.51
16.22474859,-5.64
16.226768515,-5.961
16.228780195000002,-5.777
16.230895921000002,-5.829
16.232718971,-5.961
16.23471277,-5.782
16.236682252,-5.86
16.238724969,-5.5280000000000005
16.24100517,-5.9430000000000005
16.242783250000002,-5.9430000000000005
16.244772591,-5.72
16.246792621,-5.708
16.248727640000002,-5.7620000000000005
16.250695384,-5.783
16.25273186,-5.795
16.254736519,-5.804
16.256715365,-6.158
16.259192858000002,-6.074
16.260945049,-6.074
16.262917731,-5.885
16.265141378000003,-6.307
16.266888100000003,-6.307
16.268815541000002,-6.1610000000000005
16.271114392,-6.163
16.273006257000002,-5.965
16.274803781,-6.041
16.276739093,-5.964
16.278959192000002,-5.954
16.281158115,-6.332
16.28294203,-6.332
16.28477711,-6.086
16.28673392,-6.105
16.288812684,-6.083
16.290789539000002,-6.064
16.292702423,-6.1000000000000005
16.294711929,-6.0120000000000005
16.2969043,-6.171
16.298970110000003,-6.188
16.301208963,-6.188
16.303084583,-6.2940000000000005
16.305084395,-6.2940000000000005
16.306858676,-6.0120000000000005
16.308859839,-6.159
16.310883646,-6.061
16.312884178,-6.253
16.314814981,-6.199
16.317056952,-6.362
16.319114948,-5.836
16.321183610000002,-6.056
16.323117502000002,-6.056
16.324850534,-5.908
16.326827132000002,-5.764
16.328814404000003,-5.788
16.330790799000003,-5.871
16.332827281,-5.9190000000000005
16.334897100000003,-6.033
16.336903671,-5.827
16.339028744,-6.114
16.340953778,-6.156
16.343142110000002,-6.156
16.344901117000003,-6.146
16.34707815,-6.299
16.34891739,-6.299
16.351014226,-6.333
16.35276002,-6.3660000000000005
16.354974314,-6.346
16.356860852,-6.487
16.359008747,-6.364
16.361017883000002,-6.364
16.362906909,-6.469
16.364812866,-6.417
16.366814046000002,-6.382000000000001
16.368822820000002,-6.416
16.370792308000002,-6.382000000000001
16.372789924000003,-6.382000000000001
16.374824532,-6.469
16.376754483000003,-6.487
16.378816840000002,-6.434
16.381089099,-6.364
16.382926343,-6.364
16.384933687,-6.364
16.386784315,-6.245
16.388734009,-6.049
16.390963521,-6.049
16.392822388000003,-5.908
16.394952905,-5.9590000000000005
16.396809891,-5.908
16.398726635000003,-5.908
16.400969241000002,-5.773
16.403187294000002,-5.773
16.404772823000002,-6.007000000000001
16.40688206,-5.965
16.408867115,-6.2330000000000005
16.410701316,-6.284
16.412752628,-6.1770000000000005
16.414954995000002,-5.86
16.416951136,-5.854
16.419056418,-5.827
16.421018834,-5.6930000000000005
16.422764728,-5.6930000000000005
16.424861074000003,-5.627
16.426850884,-5.377
16.428851144,-5.666
16.430825515000002,-5.5280000000000005
16.432841457000002,-5.555
16.434760329,-5.773
16.437035333,-5.734
16.438756662,-5.595
16.441150347,-5.595
16.442934107000003,-5.768
16.445102847,-5.615
16.446970797000002,-5.615
16.449021436000002,-5.471
16.450949472,-5.997
16.452704553,-5.885
16.454732042,-5.86
16.456929005000003,-5.614
16.458735587,-6.04
16.461097041000002,-6.163
16.462769517,-6.163
16.464775293000002,-6.2540000000000004
16.466767388,-6.277
16.468724216000002,-6.306
16.470988885,-6.478
16.472793771000003,-6.438
16.474736927000002,-6.126
16.47681828,-6.338
16.478784156,-6.348
16.480955665,-6.189
16.482885011,-6.189
16.484776543000002,-6.364
16.486806685,-6.048
16.488795199000002,-6.134
16.490741129,-6.1530000000000005
16.492797114000002,-6.24
16.494699812,-6.276
16.496853271000003,-6.311
16.498830673,-6.223
16.500967499,-6.223
16.502807446000002,-6.083
16.504794274,-6.014
16.506799176,-6.154
16.508715715,-6.2860000000000005
16.510807806000003,-5.7940000000000005
16.51273669,-6.029
16.514690002000002,-6.197
16.51673673,-5.651
16.518829228,-5.7090000000000005
16.520935778000002,-5.781
16.5227872,-5.781
16.524747740000002,-5.721
16.526768932,-5.4270000000000005
16.528730685,-5.617
16.530840571000002,-5.5440000000000005
16.532723689,-5.704
16.534693868,-5.689
16.536706669,-5.654
16.538710632,-5.698
16.540949932,-5.796
16.542776159000002,-5.796
16.544830927,-5.792
16.546827901,-5.849
16.548779346,-5.658
16.550718044,-5.635
16.552759141000003,-5.547
16.554733975,-5.707
16.556695564,-5.755
16.558731473,-5.72
16.560879747,-5.996
16.562853133,-5.996
16.564792893,-5.89
16.566814838000003,-5.868
16.568744961,-5.868
16.570776945000002,-5.602
16.572849273000003,-5.561
16.574719851,-5.59
16.576742404,-5.434
16.578735665,-5.5200000000000005
16.580956426,-5.517
16.58285087,-5.517
16.584809539000002,-5.538
16.586953125,-5.538
16.588779421,-5.4350000000000005
16.59070102,-5.455
16.592702361,-5.407
16.594691791000002,-5.378
16.596722685,-5.5440000000000005
16.598735629,-5.534
16.601009788000002,-5.456
16.602778316000002,-5.456
16.604759558,-5.639
16.606775518000003,-5.9590000000000005
16.608857800000003,-5.993
16.610745223000002,-5.993
16.612788885,-6.021
16.614872195,-6.018
16.616803966000003,-6.041
16.618709998,-5.963
16.621031889,-5.961
16.622836521,-5.961
16.624857014,-5.9350000000000005
16.626729919000002,-5.827
16.628812472,-5.827
16.630713271,-5.6930000000000005
16.63286726,-5.6930000000000005
16.634777587000002,-5.8
16.636867303000002,-5.854
16.638761258000002,-5.666
16.641292042,-5.854
16.642810797000003,-5.854
16.644827447,-5.773
16.647008184,-5.7490000000000006
16.648868901,-5.64
16.650757924,-5.723
16.65271814,-5.721
16.654725354,-5.699
16.656717169,-5.621
16.658751204,-5.708
16.660963249,-5.71
16.66287414,-5.71
16.664859777,-5.473
16.666878188000002,-5.796
16.668918012000002,-5.783
16.67093368,-6.018
16.672808155000002,-5.783
16.674700962,-5.965
16.67680434,-5.965
16.678995042,-5.894
16.681368231,-5.894
16.682852388,-5.889
16.684871837,-5.889
16.68689149,-5.812
16.688812518000002,-5.803
16.69076043,-5.99
16.692810944,-5.855
16.694927187,-5.881
16.696799996,-5.881
16.698741343000002,-5.882000000000001
16.700899278,-5.908
16.702760078,-5.908
16.704767722,-5.832
16.706711068,-5.861
16.708722821000002,-5.989
16.710754735000002,-5.8950000000000005
16.712820976,-5.777
16.714702168000002,-5.8660000000000005
16.716786098,-6.021
16.71870111,-6.006
16.720927318,-6.006
16.723003459,-5.963
16.724908872,-5.918
16.726783661000002,-5.993
16.72879413,-5.885
16.730779789,-5.987
16.732854744,-6.125
16.734802553,-5.908
16.736816828000002,-6.096
16.738999565,-5.937
16.740897331,-5.937
16.742797316,-5.881
16.74474394,-5.998
16.746715782000003,-5.724
16.748794485,-5.796
16.750765408,-5.8260000000000005
16.752822779000002,-5.651
16.754815759,-5.765
16.756766124000002,-5.72
16.758706865,-5.881
16.761075812,-5.88
16.762794557,-5.88
16.764882787,-5.956
16.767015124,-6.163
16.769066747,-6.187
16.770903128,-6.1290000000000004
16.772888243,-6.182
16.774899169,-6.157
16.776811860000002,-6.174
16.778733569,-6.23
16.781229412000002,-6.23
16.782865792000003,-6.151
16.784789484,-6.211
16.786852992,-5.992
16.789056996,-5.938
16.790954712,-5.938
16.793107172000003,-6.05
16.794899975,-6.05
16.796873832,-6.158
16.798727389,-6.208
16.800985732,-6.178
16.802801651,-6.178
16.804788414,-6.37
16.806824992000003,-5.912
16.808994048000002,-5.848
16.810805535,-5.848
16.812785202,-5.815
16.814784565,-5.964
16.816716857,-5.901
16.818736727,-6.019
16.820865832000003,-6.04
16.822878027,-6.04
16.824909487,-5.824
16.826886048000002,-6.072
16.829032263000002,-5.888
16.830915056000002,-5.888
16.832738807000002,-5.986
16.834717795,-5.972
16.836807224,-5.9190000000000005
16.838895557,-6.07
16.841008244,-6.140000000000001
16.843011985,-6.140000000000001
16.844927273,-5.872
16.846916892,-5.666
16.848860214000002,-5.795
16.850799734000002,-5.9430000000000005
16.852830499,-6.082
16.854710361000002,-5.996
16.856741551000002,-5.806
16.858686128000002,-6.007000000000001
16.860906862,-6.1930000000000005
16.862768732000003,-6.1930000000000005
16.86476806,-5.946
16.866734081,-6.245
16.86877167,-6.117
16.870796591,-6.117
16.87276825,-6.207
16.874723475,-6.0280000000000005
16.876803011,-6.279
16.87872153,-6.189
16.880855892,-6.276
16.882955778,-6.226
16.884774200000003,-6.226
16.886770792,-6.067
16.888877320000002,-6.114
16.891096142000002,-6.094
16.892725245,-5.926
16.894881947000002,-6.308
16.896877938,-6.2410000000000005
16.898782533000002,-6.194
16.901145787,-6.194
16.902804571,-6.3660000000000005
16.904786471,-6.2410000000000005
16.906867443,-5.949
16.908822306,-5.88
16.910799155,-5.817
16.912731977,-6.1160000000000005
16.914727615,-6.081
16.916704703,-5.965
16.918815244,-5.901
16.921027879,-5.901
16.922820081,-5.9750000000000005
16.924791889,-5.9750000000000005
16.926834854000003,-5.783
16.928800659,-5.8580000000000005
16.930755905,-5.7620000000000005
16.932736053,-5.635
16.934803737,-5.922
16.936810468,-5.921
16.939304287000002,-6.019
16.941110386000002,-6.019
16.942897187,-5.966
16.944899465000002,-5.8340000000000005
16.946897232,-6.2410000000000005
16.948956566,-6.067
16.95102124,-6.097
16.952837678,-6.1930000000000005
16.954935523,-6.4
16.957059592,-6.203
16.95873213,-6.1000000000000005
16.961198442,-6.1000000000000005
16.962990174,-6.311
16.965124542,-6.118
16.966887523,-6.118
16.968885281000002,-6.258
16.971096557000003,-6.207
16.972853157,-6.12
16.9748802,-6.207
16.977001364,-6.325
16.978898920000002,-5.922
16.981090025,-5.987
16.983124519,-5.987
16.984886613,-5.871
16.987175514,-5.7780000000000005
16.988929251000002,-5.7780000000000005
16.990897537000002,-5.908
16.992915502000002,-5.9350000000000005
16.994914045,-6.042
16.99694708,-6.016
16.998892665,-5.988
17.001176626,-5.988
17.002956643,-5.961
17.004900334000002,-5.961
17.006883397,-5.961
17.008872283000002,-5.6930000000000005
17.010783286000002,-6.26
17.012782277,-5.89
17.014918022,-6.031
17.016839336,-5.872
17.01884262,-6.224
17.02102373,-6.224
17.022996478,-6.041
17.025180170000002,-5.987
17.026937454000002,-5.987
17.028976619,-5.872
17.030952488,-5.986
17.033114403000003,-6.072
17.035033828,-6.072
17.036784933,-5.827
17.039044674,-6.007000000000001
17.040988107,-6.007000000000001
17.042901491000002,-6.0
17.045220644,-6.047
17.046952067,-6.047
17.049039515,-6.732
17.051043914,-6.732
17.05300631,-6.5120000000000005
17.055004255,-6.465
17.056798477,-6.511
17.058797421,-6.4990000000000006
17.061087675,-6.425
17.062954709,-6.425
17.064811220000003,-6.456
17.066859908,-6.456
17.068972697,-6.093
17.07091462,-6.223
17.072731861,-6.006
17.074853919000002,-6.006
17.076857948,-6.2860000000000005
17.078863577,-5.979
17.081080038,-5.979
17.083087068,-6.17
17.084876045,-5.949
17.086859878000002,-5.949
17.088758962,-6.099
17.09075855,-5.787
17.092824804000003,-5.9190000000000005
17.094749059,-5.8420000000000005
17.096790954,-6.104
17.098723413000002,-6.051
17.101135166000002,-6.285
17.102907626,-6.285
17.104861940000003,-5.9110000000000005
17.106783832,-5.881
17.108715417000003,-6.157
17.110689494000002,-5.868
17.112845292,-5.91
17.114823567000002,-6.007000000000001
17.116907388,-6.094
17.118767014,-6.104
17.120900454,-6.104
17.12275738,-5.827
17.124868466000002,-6.008
17.126905559,-6.008
17.128733763,-6.105
17.13075235,-6.263
17.132817606,-6.157
17.134709360000002,-6.071
17.136743828,-6.168
17.138729878,-6.232
17.141020996,-6.232
17.142960795,-6.156
17.144780098000002,-6.156
17.146738239,-6.179
17.148881938000002,-5.634
17.15071966,-5.72
17.152703614,-5.7620000000000005
17.154878409000002,-5.698
17.156781155,-5.698
17.158775065,-5.516
17.161020555,-5.516
17.16291953,-5.622
17.16491981,-5.591
17.166769526,-5.591
17.168765326000003,-6.05
17.170716914,-6.017
17.172738148,-6.182
17.174856799,-6.085
17.176740437,-6.085
17.178830943,-5.914
17.180975937,-5.914
17.182797418,-6.109
17.184807092,-6.109
17.186834570000002,-5.993
17.188799779,-5.988
17.190754991000002,-5.774
17.192768514,-5.908
17.194741282000003,-5.8
17.196844892,-5.8
17.198839104,-5.907
17.200999348,-5.907
17.202766881000002,-5.962
17.204822905,-5.963
17.20680957,-5.963
17.208738076,-5.774
17.210805691,-5.6450000000000005
17.212801352,-5.765
17.214771541,-5.765
17.21673562,-5.705
17.218710472,-5.711
17.220903528,-5.711
17.222794305,-5.91
17.224777397,-5.91
17.226769763,-5.89
17.228828548000003,-6.007000000000001
17.230876166,-6.135
17.232935491000003,-6.072
17.234750609000002,-6.072
17.236734977,-5.953
17.238869729,-6.05
17.240945403,-6.05
17.242845586,-5.965
17.244817443000002,-6.0600000000000005
17.246881869000003,-6.0600000000000005
17.24882441,-6.018
17.250747795000002,-5.9430000000000005
17.252931774,-6.018
17.254818454000002,-6.018
17.256769582,-5.997
17.258770922,-6.104
17.26096271,-6.104
17.26290223,-5.89
17.265227437,-5.89
17.266862121000003,-6.04
17.268730982,-6.0600000000000005
17.270968032000003,-6.0600000000000005
17.272812674,-5.8580000000000005
17.274753651,-5.88
17.277073793,-5.987
17.278744680000003,-5.987
17.280932912,-5.987
17.282832389000003,-5.987
17.284981254,-6.072
17.286839929000003,-6.072
17.288916796000002,-6.026
17.290884967,-6.046
17.292857902,-6.046
17.29473322,-6.079
17.296872178,-6.079
17.298773017000002,-6.107
17.300973972,-6.107
17.302805879,-5.936
17.304836663,-5.775
17.307133438,-5.775
17.308851781,-6.015000000000001
17.311210751,-5.988
17.313133773,-5.961
17.314831713,-5.961
17.316901999000002,-6.014
17.318875473000002,-6.018
17.321057431,-6.018
17.322937352,-6.074
17.324757101,-6.074
17.326803056000003,-6.134
17.328910352,-6.117
17.330938157000002,-6.094
17.332925725000003,-5.965
17.334975635000003,-5.88
17.337015646,-5.965
17.33903535,-5.965
17.341109858,-6.273
17.343022247,-6.273
17.344867992,-6.103
17.347124978,-6.01
17.348758575,-6.01
17.350750972,-6.163
17.352923881000002,-6.277
17.354732216000002,-6.277
17.356739805,-6.051
17.359053621,-6.1000000000000005
17.361095413,-5.88
17.362899346000003,-5.88
17.36482359,-5.906
17.367173277000003,-5.696
17.368934333000002,-5.535
17.370897443,-5.742
17.372966717,-5.775
17.374831131,-5.775
17.376754896,-5.642
17.378855791,-5.598
17.381197498000002,-5.598
17.382868478000002,-5.796
17.384808268,-5.796
17.386772244,-5.676
17.388820629,-6.029
17.390831049000003,-5.838
17.392864456,-5.954
17.394992101,-5.88
17.396887984000003,-5.88
17.398938648,-5.8340000000000005
17.400913993,-5.8340000000000005
17.402812003,-5.939
17.404786588,-5.939
17.406893103,-6.146
17.408759986,-6.327
17.410766652,-6.327
17.412742612000002,-6.424
17.41473882,-6.412
17.416752636000002,-6.412
17.419009345000003,-6.264
17.421148423,-6.264
17.423039462000002,-6.148
17.424814309000002,-6.354
17.426783723,-6.354
17.428769254000002,-6.033
17.430844587000003,-5.896
17.432783279000002,-6.003
17.434726768,-6.104
17.436728652,-5.853
17.438754299000003,-6.17
17.440931912,-6.17
17.442811444,-6.04
17.444812535,-6.04
17.446750873000003,-6.109
17.448730281,-6.072
17.450752417,-6.041
17.452727051,-5.969
17.454732268,-6.006
17.456776383,-6.05
17.458731378,-5.9750000000000005
17.460934998000003,-5.9750000000000005
17.462850537,-5.986
17.464778514000002,-5.986
17.466760482,-6.328
17.468805645,-5.815
17.47082646,-5.934
17.472753234000002,-5.7940000000000005
17.474752791,-5.88
17.476720423,-5.987
17.478748016,-5.8740000000000006
17.481209507000003,-5.947
17.483043439,-5.947
17.484892224,-6.12
17.486930775,-6.140000000000001
17.4889258,-6.047
17.490885432000002,-6.126
17.492788074,-5.985
17.494768698,-6.073
17.496732944,-6.154
17.498751502,-6.140000000000001
17.501025899000002,-6.087
17.502772988,-6.087
17.504805909,-6.173
17.507149971,-6.173
17.508891000000002,-6.2940000000000005
17.510908707000002,-6.401
17.512831801,-6.205
17.51483564,-6.292
17.516712191,-6.453
17.518965533,-6.404
17.521123297000003,-6.321
17.522993107,-6.321
17.524873461000002,-6.338
17.527038920000003,-6.338
17.528823681000002,-6.4510000000000005
17.531078819,-6.529
17.533083291,-6.2330000000000005
17.535009827,-6.346
17.537009375,-6.591
17.53904052,-6.321
17.541204237000002,-6.321
17.542993980000002,-6.243
17.544918389,-6.424
17.546894856,-6.323
17.548959188,-6.321
17.550902059000002,-6.282
17.552812129,-6.244
17.554998920000003,-6.256
17.556967089,-6.321
17.558730283000003,-6.375
17.561012255,-6.375
17.562954158,-6.348
17.565016271,-6.3500000000000005
17.566753488,-6.252
17.56875325,-6.252
17.570768374,-6.429
17.572735444000003,-6.347
17.574767378,-6.2330000000000005
17.576718706,-6.1290000000000004
17.578737125,-5.995
17.580837264,-5.945
17.582987734,-6.1160000000000005
17.584772411,-6.1160000000000005
17.586748007,-5.907
17.588827755,-5.913
17.590850162000002,-6.073
17.592814992,-6.04
17.594782124,-6.106
17.596769751,-6.0
17.598838318000002,-6.073
17.600945160000002,-6.073
17.602857994,-6.154
17.604862296,-6.279
17.606849330000003,-6.329
17.608745770000002,-6.329
17.610766655000003,-6.258
17.612725681,-6.381
17.614722513,-6.313
17.616715825,-6.3100000000000005
17.618778177,-6.5440000000000005
17.620911593000002,-6.5440000000000005
17.622809611,-6.207
17.62497193,-6.392
17.626782954,-6.2860000000000005
17.628852025,-6.299
17.630927376000002,-6.274
17.63277356,-6.5200000000000005
17.634756731,-6.331
17.636779086,-6.392
17.638853785000002,-6.253
17.640923700000002,-6.253
17.642840417000002,-6.372
17.644740938,-6.327
17.646828186,-5.9670000000000005
17.648750522,-5.98
17.650750536,-6.151
17.652815705000002,-5.966
17.654770866,-6.140000000000001
17.656754748,-5.9910000000000005
17.658823571000003,-6.082
17.660998524,-5.961
17.662809375000002,-5.961
17.664919504,-6.038
17.666855853,-6.034
17.668764118000002,-6.034
17.670792142,-6.106
17.672839898,-6.207
17.674908795,-6.053
17.676808563,-6.087
17.678777798000002,-5.942
17.681042804,-6.101
17.682856532000002,-6.101
17.684983156,-6.053
17.687018674,-6.101
17.688998664,-6.101
17.690895252,-6.014
17.693072818,-6.014
17.695118763,-5.98
17.69687575,-5.98
17.698760295,-5.985
17.701134572,-6.12
17.702935576,-6.12
17.704751128,-6.140000000000001
17.706945797,-6.226
17.708878716,-6.226
17.710826960000002,-6.347
17.712929917,-6.4
17.715048085,-6.4
17.716837189,-6.4
17.718770205000002,-6.284
17.721186668,-6.299
17.722925224,-6.299
17.724933923000002,-6.386
17.726795705,-6.187
17.728874986,-6.187
17.730864319000002,-6.458
17.732771574,-6.327
17.734792895000002,-6.333
17.736757377,-6.298
17.73900403,-6.242
17.741155076000002,-6.179
17.743060457000002,-6.179
17.744844368000003,-6.265000000000001
17.74708755,-6.188
17.749134584,-6.313
17.750963953,-6.205
17.752795236,-6.205
17.754942885000002,-6.226
17.756736875,-6.242
17.759071761,-6.364
17.761261696000002,-6.226
17.763069921,-6.226
17.764875609,-6.189
17.766784051000002,-6.158
17.769019869,-6.1450000000000005
17.771116947,-6.087
17.773040863000002,-6.187
17.77491607,-6.093
17.776900532000003,-6.039
17.779010680000003,-6.027
17.781152038000002,-6.094
17.782948736,-6.094
17.784757564,-5.9350000000000005
17.786824173,-5.759
17.789152191,-5.514
17.790786034,-5.514
17.792768593,-5.658
17.794759757,-5.735
17.796784288,-5.712
17.798814112000002,-5.765
17.801002501000003,-5.827
17.802823172,-5.827
17.804782376000002,-5.783
17.806747458,-6.093
17.80880281,-6.147
17.810807107000002,-6.147
17.812773543000002,-6.253
17.814811199,-6.147
17.816778628,-6.2
17.818906084,-6.172
17.820938204,-6.258
17.822796195000002,-6.258
17.824901281000002,-6.224
17.826884995,-6.319
17.829162892,-6.207
17.830964932,-6.093
17.833051939,-6.122
17.834952469,-6.212
17.836814402,-6.073
17.839116174,-6.305
17.841346196,-6.12
17.843722543000002,-6.12
17.844904958,-6.059
17.846939031,-6.306
17.848839179000002,-6.221
17.851003321,-6.232
17.852856693,-6.232
17.854741505,-6.327
17.856743717,-6.167
17.858788204,-6.221
17.861017898,-6.307
17.86280414,-6.307
17.864758575,-6.019
17.866731082,-6.148
17.869077920000002,-6.148
17.870784421,-6.148
17.87277535,-6.1930000000000005
17.874728182000002,-6.21
17.876771459,-6.117
17.878882043,-6.308
17.881103258,-6.165
17.882995022,-6.165
17.884785002,-6.148
17.886747493,-5.774
17.888731854,-5.837
17.890716798,-5.838
17.892710167,-5.805
17.894725405000003,-5.922
17.896730677,-6.008
17.89874043,-5.9430000000000005
17.900939100000002,-5.783
17.902916642,-5.783
17.904839098,-5.836
17.906766127,-5.913
17.908890085,-6.0600000000000005
17.910807697000003,-6.0200000000000005
17.912761366,-6.006
17.914751366,-6.1770000000000005
17.916744103000003,-6.192
17.918709969000002,-5.961
17.921044524000003,-6.173
17.922954646,-6.173
17.924864199,-6.205
17.926776766,-6.311
17.928782552,-6.276
17.930840579,-6.275
17.932825639,-6.311
17.93471792,-6.311
17.936722309,-6.171
17.938776996,-6.276
17.941203329,-6.382000000000001
17.942808942000003,-6.382000000000001
17.944799744,-6.293
17.947029937,-6.1530000000000005
17.948873609,-6.1530000000000005
17.950750879,-6.364
17.952869349,-6.1530000000000005
17.954817571,-6.205
17.956792372000002,-6.24
17.958906947000003,-6.329
17.961110542,-6.206
17.96285631,-6.206
17.964834114000002,-6.171
17.966799461,-6.1850000000000005
17.968729677000002,-6.171
17.970693317000002,-6.171
17.972781372,-5.994
17.974722274,-6.085
17.976809405,-6.083
17.978839968000003,-6.064
17.981026543000002,-6.1160000000000005
17.98278991,-6.1160000000000005
17.984770660000002,-6.053
17.986765363,-6.332
17.988769908000002,-6.212
17.990775108,-6.212
17.99272822,-6.328
17.994738465,-6.113
17.996711961000003,-6.232
17.998709333,-6.148
18.000973905000002,-6.01
18.002807274000002,-6.01
18.00478284,-6.11
18.006750491000002,-5.703
18.008744125,-5.8180000000000005
18.010719734000002,-5.73
18.012751446000003,-5.74
18.014740421000003,-5.88
18.016705727,-5.894
18.018753248,-5.859
18.020970158,-6.047
18.022962402,-6.047
18.024808474,-5.697
18.026915444,-5.926
18.028838031,-6.2410000000000005
18.030880305,-6.224
18.032876062,-6.243
18.035075327,-6.345
18.036902350000002,-6.2410000000000005
18.038996324000003,-6.152
18.041248511000003,-6.152
18.043013584,-6.186
18.045148694,-6.083
18.047106210000003,-6.557
18.049128437,-6.382000000000001
18.050830462,-6.363
18.053124878000002,-6.487
18.054947871,-6.487
18.056732534000002,-6.2940000000000005
18.058782846,-6.469
18.061105342,-6.381
18.06283737,-6.381
18.064799629,-6.314
18.066990721,-6.276
18.068950133,-6.347
18.070957434,-6.259
18.072966411,-6.154
18.074934873,-6.311
18.076751133000002,-6.228
18.07876732,-6.189
18.080902252,-6.368
18.082799464,-6.368
18.084730800000003,-6.253
18.086744755,-6.45
18.088744778000002,-6.246
18.090749256000002,-6.119
18.092851801000002,-6.339
18.094768931,-6.284
18.096736622,-6.167
18.098719560000003,-6.117
18.100955699,-6.308
18.102832099,-6.308
18.105015161,-6.117
18.106977376,-5.721
18.108896351000002,-5.721
18.110741184000002,-5.735
18.112721561,-5.711
18.114896662,-5.8420000000000005
18.116826266,-5.681
18.118737183,-5.759
18.121021272,-5.735
18.122942623,-5.735
18.12500094,-5.8420000000000005
18.126890941000003,-5.827
18.128991686000003,-6.266
18.130841155000002,-6.266
18.132801285000003,-6.212
18.134828917,-6.346
18.136887815,-6.2780000000000005
18.138829537,-6.232
18.140903537,-6.008
18.142894422,-6.008
18.144776541000002,-6.114
18.146747677,-6.562
18.149009033000002,-6.509
18.150992988000002,-6.473
18.152801726,-6.663
18.154749095,-6.54
18.156814709000002,-6.452
18.158853001,-6.7330000000000005
18.160984339000002,-6.505
18.162832019,-6.505
18.164863016,-6.469
18.166806292,-6.222
18.168873053000002,-6.329
18.17084972,-6.19
18.172718024,-6.098
18.174759324,-6.191
18.176768217000003,-6.154
18.178730922,-6.115
18.181030903,-6.099
18.182753116,-6.099
18.184814404,-6.308
18.186773701,-6.553
18.18880184,-6.578
18.190837593,-6.578
18.192756865,-6.522
18.194792869,-6.417
18.196741097,-6.574
18.198810924,-6.51
18.201029686000002,-6.3790000000000004
18.202808652,-6.3790000000000004
18.20498457,-6.04
18.206789595,-5.954
18.209011216,-5.666
18.210918744,-5.783
18.212856373,-5.765
18.214782380000003,-5.796
18.216733203,-5.768
18.218796996000002,-5.964
18.220934217,-5.62
18.222816127,-5.62
18.224763626,-5.881
18.226795208000002,-5.987
18.228750195,-6.063
18.230734077,-5.9110000000000005
18.232743555000003,-5.855
18.234782129000003,-6.188
18.236822738,-6.36
18.238730056,-6.295
18.241173802000002,-6.285
18.242789737000003,-6.285
18.244783706,-6.179
18.247198804,-6.179
18.248777858,-6.696
18.250875039,-6.688
18.252935516,-6.688
18.254727009,-6.605
18.256789709,-6.598
18.258809742,-6.434
18.260959941,-6.346
18.262791479,-6.346
18.264956794,-6.469
18.2667743,-6.117
18.268721064,-6.26
18.270749474000002,-6.049
18.272748177,-6.154
18.274789488,-6.159
18.276893593,-6.126
18.279441899000002,-6.2330000000000005
18.281268425,-6.2330000000000005
18.283084922,-6.179
18.284894243,-6.179
18.287088522,-6.087
18.289106166,-6.219
18.290979052,-6.166
18.292841300000003,-6.265000000000001
18.294935307,-6.348
18.296957071,-6.086
18.299086231,-6.118
18.301215323,-6.189
18.303095084000002,-6.189
18.304954021,-6.117
18.306779871,-6.014
18.308759642000002,-6.086
18.31074719,-5.985
18.312895561,-6.067
18.314846369,-5.9670000000000005
18.316867699,-6.007000000000001
18.318874675,-6.238
18.320969149,-6.106
18.322890968,-6.106
18.324917912,-6.102
18.326952157,-6.0200000000000005
18.329003872,-6.0200000000000005
18.330745903,-5.922
18.33275451,-5.774
18.334773555,-5.954
18.336857059,-5.86
18.339015642,-5.947
18.341394817,-5.894
18.343031898,-5.894
18.344811692,-5.8020000000000005
18.347042624,-6.328
18.348966664000002,-6.328
18.350928617,-6.244
18.353007337,-6.4350000000000005
18.355174998000003,-6.311
18.356834470000003,-6.311
18.35890124,-6.311
18.361056137000002,-6.312
18.362913148,-6.312
18.364888248,-6.118
18.367167731000002,-6.1530000000000005
18.368947895,-6.2410000000000005
18.370886706,-6.206
18.372835039,-6.2250000000000005
18.374841785,-6.171
18.376885026,-6.205
18.379012496,-6.258
18.3809899,-6.24
18.38277974,-6.24
18.384827814,-6.389
18.386810699,-6.441
18.388818765,-6.489
18.390816385,-6.218
18.392812741,-6.449
18.394779008,-6.228
18.397037152000003,-6.384
18.399006668000002,-6.384
18.401048312,-6.698
18.402913474,-6.698
18.405023264,-6.198
18.406920867,-6.383
18.408886196,-6.383
18.410876173000002,-6.549
18.412894780000002,-6.6080000000000005
18.414877512,-6.098
18.416870184,-6.142
18.418741091,-6.436
18.420907499000002,-6.436
18.422827260000002,-6.043
18.424913064000002,-6.032
18.426765297000003,-6.032
18.428747577000003,-5.732
18.431003218,-5.816
18.433032555,-5.894
18.434775864000002,-6.2250000000000005
18.436826025000002,-6.191
18.439057719,-6.2
18.440996385000002,-6.2
18.443088437,-5.793
18.4450866,-5.793
18.447129856,-6.032
18.448940302,-6.093
18.450819121000002,-5.868
18.452866150000002,-6.0200000000000005
18.4550088,-5.86
18.456830069000002,-5.947
18.459023175000002,-6.079
18.461137964000002,-5.979
18.462790169,-5.979
18.464840143,-6.118
18.466828486,-6.332
18.468787084000002,-6.401
18.470789706,-6.405
18.472977611,-6.488
18.474962484000002,-6.357
18.477115293,-6.321
18.478857149,-6.476
18.480975076,-6.269
18.483062323000002,-6.269
18.48486304,-6.476
18.487066860000002,-6.784
18.488915231,-6.784
18.490843094000002,-6.618
18.49300814,-6.734
18.494969195,-6.759
18.496962692,-6.7860000000000005
18.4988522,-6.6450000000000005
18.500945145000003,-6.6450000000000005
18.502842218,-6.649
18.504843604,-6.649
18.506870851000002,-6.811
18.508838571000002,-6.37
18.510953969000003,-6.140000000000001
18.512891108,-6.247
18.515096176,-6.282
18.516843023,-6.309
18.519087553000002,-6.329
18.521115727,-6.048
18.522966276000002,-6.048
18.524848551,-6.191
18.526803577000003,-6.276
18.528891406,-6.171
18.530845463000002,-5.961
18.532797473000002,-5.86
18.534799694,-6.027
18.536780094,-6.019
18.538733979,-6.126
18.541157780000002,-5.987
18.542887575,-5.987
18.544860936000003,-5.922
18.546770506,-5.945
18.549022258,-6.157
18.550817031,-6.135
18.552915268,-6.221
18.554777780000002,-6.168
18.556890679000002,-6.211
18.559062616000002,-6.18
18.560985741,-6.226
18.562786262,-6.226
18.564744424,-6.207
18.566798136000003,-6.496
18.568778308000002,-6.438
18.570758444000003,-6.537
18.57280235,-6.45
18.574721828,-6.454
18.576761020000003,-6.472
18.578753525,-6.453
18.581108137,-6.453
18.582971472,-6.456
18.584934173,-6.456
18.586746181000002,-6.26
18.588776273,-6.4350000000000005
18.590781047,-6.291
18.592728551,-6.4670000000000005
18.594923950000002,-6.188
18.596913042,-6.246
18.598782888000002,-6.332
18.600961904000002,-6.332
18.602861110000003,-6.332
18.60481228,-6.345
18.606842754000002,-6.2860000000000005
18.608787051,-6.146
18.610728629,-6.1930000000000005
18.612713694,-5.954
18.614739678,-6.087
18.616712921,-5.993
18.618764852,-6.093
18.621023706000003,-6.014
18.622791897000003,-6.014
18.624773983,-6.0600000000000005
18.626724627,-6.073
18.62872673,-6.2010000000000005
18.630723926,-6.171
18.632740334,-5.949
18.634722952,-5.997
18.636717808,-5.699
18.638910273,-5.936
18.641055329,-5.5040000000000004
18.642912906,-5.5040000000000004
18.644866473,-5.774
18.646958868000002,-5.668
18.648774578,-5.617
18.650725196,-5.668
18.652744809,-5.668
18.654704006000003,-5.67
18.656748544000003,-5.721
18.658737623,-5.671
18.661216645,-5.639
18.662929138000003,-5.639
18.665033898,-5.772
18.666980908000003,-5.839
18.669057565000003,-5.939
18.671040011000002,-6.182
18.673019413000002,-6.2860000000000005
18.675006111000002,-6.274
18.677001943,-6.327
18.679034168,-6.081
18.681165538000002,-6.081
18.682881866000002,-6.6690000000000005
18.6848561,-6.6290000000000004
18.686880972,-6.328
18.688995211,-6.489
18.690862904,-6.348
18.692971048,-6.525
18.694839284,-6.227
18.697019185000002,-6.396
18.698816400000002,-6.522
18.701087387,-6.529
18.702964009000002,-6.529
18.704837278,-6.362
18.706739117,-6.171
18.708742526,-6.224
18.710960092,-6.401
18.712735344000002,-6.276
18.714853889,-6.276
18.717054225000002,-6.188
18.719019165000002,-6.135
18.721171860000002,-6.135
18.723043418,-6.206
18.724972909,-6.136
18.726910318,-6.093
18.728844535,-5.996
18.730844716,-6.199
18.732807187000002,-5.888
18.734827725000002,-5.431
18.736824966,-5.803
18.738895590000002,-5.857
18.741024322,-5.857
18.742925673000002,-6.016
18.744985868,-5.78
18.746921523,-5.78
18.748827834,-5.86
18.750833882000002,-5.588
18.752896536,-5.854
18.754859758000002,-5.882000000000001
18.756863947000003,-5.961
18.758996021,-6.2330000000000005
18.761076424000002,-6.043
18.763040653,-6.043
18.764811543,-5.973
18.766842376,-5.973
18.768941212,-6.041
18.771098852,-5.729
18.773178709,-5.787
18.774950081,-5.787
18.776936622,-5.821
18.779074771,-6.0120000000000005
18.781095037,-5.7490000000000006
18.782796177,-5.7490000000000006
18.784773149000003,-5.994
18.786776663,-5.994
18.788881428,-6.2700000000000005
18.790954033000002,-6.281
18.792936450000003,-6.356
18.794891417000002,-6.372
18.796800637,-6.62
18.798923218000002,-6.649
18.801007174000002,-6.324
18.802812065,-6.324
18.804755513,-6.438
18.806734946000002,-6.424
18.808947348,-6.34
18.810768109,-6.226
18.812876296000002,-6.383
18.814935950000002,-6.442
18.816814617000002,-6.212
18.819107197,-6.213
18.821112752,-6.301
18.823071501,-6.301
18.824935793,-6.4510000000000005
18.826832194,-6.4510000000000005
18.828854808000003,-6.488
18.831065562000003,-6.711
18.833076441000003,-6.8100000000000005
18.83508129,-7.017
18.836925257,-6.8740000000000006
18.838953585000002,-6.87
18.841213068000002,-6.856
18.843427286,-6.856
18.844992501,-6.634
18.846927499,-6.804
18.848860479000002,-6.855
18.850865007,-7.032
18.852853306,-6.939
18.854756063,-6.676
18.856972148,-6.843
18.858863037000003,-6.763
18.86105106,-6.945
18.8631122,-6.945
18.864921675,-6.816
18.866847268,-6.658
18.869301709000002,-6.647
18.870837068,-6.647
18.872800009000002,-6.795
18.874851276,-6.6370000000000005
18.876840976,-6.6530000000000005
18.878733023000002,-6.7090000000000005
18.881102865000003,-6.5520000000000005
18.882947104,-6.5520000000000005
18.884776905000003,-6.640000000000001
18.886780459,-6.837
18.88901587,-6.852
18.89090184,-6.852
18.892950594000002,-6.61
18.894875277,-6.663
18.896873727000003,-6.563
18.898747439,-6.65
18.901112799,-6.559
18.903363688000002,-6.559
18.904868945,-6.605
18.906865346,-7.088
18.908904032000002,-7.075
18.910805969000002,-7.231
18.913140975,-7.297
18.914813968,-7.24
18.916961979,-7.186
18.919039716,-7.159
18.921154197,-7.135
18.922935147,-7.135
18.924799629000002,-6.7090000000000005
18.926741795,-6.623
18.928986690000002,-6.605
18.93079415,-6.08
18.932803112000002,-5.78
18.934761166,-5.735
18.936816082,-5.925
18.9387344,-5.889
18.941089702000003,-5.643
18.942987255000002,-5.643
18.944757815000003,-5.815
18.947034396000003,-5.956
18.949010747000003,-5.956
18.950833586,-6.37
18.952956475,-6.438
18.955031013000003,-6.187
18.956752650000002,-6.3180000000000005
18.958771662,-6.402
18.960971133,-6.402
18.962783338,-6.402
18.964747105,-6.205
18.966754292,-5.908
18.968727011000002,-5.955
18.970760470000002,-5.83
18.972746986,-6.051
18.974757863,-5.884
18.976738789000002,-5.926
18.978756053,-5.926
18.980957281000002,-6.140000000000001
18.982789779,-6.140000000000001
18.984783498000002,-6.087
18.986749422000003,-5.803
18.988755202,-5.837
18.990887363000002,-5.73
18.992831746,-5.795
18.994780843,-5.89
18.996742142000002,-5.7410000000000005
18.998710207000002,-5.8580000000000005
19.000918789,-5.7410000000000005
19.002780441000002,-5.7410000000000005
19.004816505,-5.837
19.006778601,-6.219
19.008811985,-6.331
19.010754509,-6.331
19.012719826,-6.055
19.014701921,-6.339
19.016874387,-6.2410000000000005
19.018871448000002,-6.157
19.021144691,-6.339
19.022945635000003,-6.339
19.024930307,-6.349
19.026738375,-6.081
19.02889107,-6.117
19.030824224,-6.171
19.032822183,-6.2
19.034816073000002,-6.140000000000001
19.036965318,-6.259
19.039006527,-6.140000000000001
19.041073271000002,-6.140000000000001
19.042814791,-6.033
19.044768513,-6.104
19.046846681,-5.807
19.048772032000002,-5.885
19.050793213000002,-5.836
19.052815206000002,-5.89
19.054958314,-5.968
19.056798532000002,-5.924
19.058897133000002,-5.783
19.061115121,-5.906
19.062909006,-5.906
19.064874685,-5.67
19.066981728000002,-5.909
19.068906301000002,-5.586
19.070992059,-5.724
19.073020661,-5.806
19.074805046,-5.806
19.076859206,-5.881
19.078796670000003,-5.8950000000000005
19.080929310000002,-5.62
19.082913123,-5.62
19.084830262,-5.836
19.086751371000002,-5.131
19.088818887000002,-5.263
19.090797908000003,-5.075
19.092720005,-4.94
19.094756670000002,-4.99
19.096867056,-4.981
19.09882597,-4.981
19.101118575,-5.36
19.102783079,-5.36
19.104802468000003,-5.221
19.106833259000002,-6.4990000000000006
19.108825851000002,-6.532
19.110839796,-6.6290000000000004
19.1128067,-6.415
19.114914562000003,-6.424
19.116981990000003,-6.424
19.118844865,-6.393
19.121041566000002,-6.466
19.122893454,-6.466
19.124843922,-6.519
19.126787905,-6.519
19.128813028,-5.844
19.131087428,-5.739
19.133099836,-5.537
19.134759676,-5.537
19.136883027,-5.538
19.138806196,-5.523
19.141011286,-5.556
19.142938218,-5.556
19.144988044,-5.188
19.146862483,-5.188
19.14894813,-5.525
19.150833545,-5.442
19.152805119,-5.455
19.154891771000003,-5.506
19.157130354,-5.506
19.158842608,-5.253
19.161004389000002,-5.551
19.162959255,-5.551
19.164778258000002,-5.324
19.166738650000003,-5.324
19.16883594,-5.213
19.170726046000002,-5.21
19.172754102000003,-5.264
19.174747985,-5.1290000000000004
19.176723402,-5.1290000000000004
19.178779073,-5.235
19.181040326,-5.264
19.183340297,-5.264
19.184848713,-5.21
19.186875837000002,-6.0680000000000005
19.188950365,-5.757000000000001
19.190857636,-6.151
19.193053761,-6.0200000000000005
19.195062211,-6.0200000000000005
19.196901473,-5.962
19.19883184,-5.908
19.201359668000002,-6.203
19.202951456,-6.203
19.204906583,-6.148
19.206877658,-5.643
19.208958971,-5.9350000000000005
19.211033392,-5.696
19.212983606,-5.5920000000000005
19.215063970000003,-5.5920000000000005
19.217032881,-5.704
19.218748225000002,-5.622
19.221215185000002,-5.819
19.222965645000002,-5.819
19.225039549,-5.712
19.227040013,-5.712
19.229126512,-5.88
19.231084475000003,-6.071
19.232864045,-5.987
19.235004035000003,-5.987
19.236749473,-6.117
19.238833089,-6.140000000000001
19.241100962,-5.88
19.242834152,-5.88
19.244979331,-5.972
19.246883006,-5.972
19.248936588000003,-5.8500000000000005
19.250828486,-5.812
19.252842049,-5.812
19.254798925000003,-5.889
19.256973888,-5.8420000000000005
19.258919266,-5.8420000000000005
19.261044568000003,-5.8420000000000005
19.263008569,-6.033
19.264815169000002,-6.033
19.266809755,-5.872
19.268766451,-5.759
19.270772723,-5.527
19.272739499,-5.675
19.274910603000002,-5.777
19.276828224000003,-5.5680000000000005
19.278743661,-5.812
19.280926436,-5.651
19.282949469000002,-5.651
19.284795953,-5.51
19.286876158000002,-5.51
19.288776075,-6.014
19.290795274,-5.962
19.292757058000003,-6.041
19.294794993,-6.041
19.296881408,-5.961
19.298805166,-5.936
19.300987655,-5.827
19.302827972000003,-5.827
19.30480408,-5.881
19.306883815000003,-5.8
19.309076003,-5.667
19.310843675,-5.667
19.31285712,-5.855
19.314958007,-5.807
19.316926374,-5.759
19.318784966000003,-5.8180000000000005
19.321126371000002,-5.728
19.322996106,-5.728
19.324837342000002,-5.803
19.326813201,-6.224
19.328787795,-6.224
19.330825973,-6.11
19.332828632000002,-6.2540000000000004
19.334776507,-6.2540000000000004
19.336749533000003,-6.087
19.338730894,-6.255
19.340940016,-6.064
19.342835372,-6.064
19.344797756000002,-6.272
19.346884288000002,-5.965
19.348754825,-6.146
19.350719701000003,-6.007000000000001
19.352694083000003,-6.157
19.35476499,-6.157
19.356729326,-6.253
19.358787228,-6.2010000000000005
19.361029778000002,-5.922
19.36288087,-5.922
19.364826572000002,-6.104
19.366733359,-5.987
19.368873097,-6.04
19.3708938,-6.021
19.372751049,-6.075
19.374803296,-6.075
19.376751737000003,-6.051
19.378734332,-5.989
19.380910969000002,-5.828
19.383309906,-5.828
19.384880971,-5.803
19.386860029,-5.803
19.388783263,-5.76
19.390952361,-5.807
19.39294663,-5.753
19.394900096,-5.753
19.396830024,-5.5920000000000005
19.398758832000002,-5.907
19.401018657,-5.908
19.402806138000003,-5.908
19.404882394,-5.882000000000001
19.406917879,-5.882000000000001
19.408782316,-5.9670000000000005
19.410802629000003,-6.08
19.412870228000003,-5.88
19.414771331,-5.88
19.416887593000002,-6.2010000000000005
19.418990171,-6.2
19.421001671000003,-6.067
19.422865597,-6.067
19.424914166,-6.364
19.426836752,-6.206
19.428864608,-6.329
19.430773452,-6.312
19.432768358,-6.489
19.434785919000003,-6.352
19.436801867,-6.054
19.438744667,-6.305
19.441044605000002,-6.337
19.442908673,-6.337
19.444774506,-6.17
19.447034353000003,-6.276
19.449111528,-6.276
19.450769412,-6.312
19.452777451000003,-6.26
19.454871175,-6.279
19.456769335,-6.2410000000000005
19.458748854,-6.345
19.461103426,-6.155
19.462937149000002,-6.155
19.464991021,-6.212
19.466973407,-5.8260000000000005
19.468794597000002,-6.114
19.47073821,-6.104
19.472771443000003,-6.019
19.474802885000003,-5.88
19.476962147000002,-6.041
19.478908148000002,-5.98
19.481142361,-6.056
19.482806265,-6.056
19.484952174,-5.871
19.486969462,-5.963
19.488840181,-5.758
19.490907879,-5.799
19.492971083,-5.799
19.494758766,-5.835
19.496754505000002,-5.745
19.498866586000002,-5.861
19.500924986,-5.9350000000000005
19.502821872000002,-5.9350000000000005
19.504810783,-5.865
19.506824029,-6.074
19.50872013,-6.11
19.510741965,-5.934
19.512730448000003,-6.274
19.514742794,-6.05
19.516865839,-6.029
19.518791626000002,-6.029
19.520938093,-6.073
19.522893959,-6.073
19.524924192,-6.159
19.526902485,-6.226
19.528875742,-6.133
19.530826189000003,-6.351
19.532871707,-6.179
19.534766108,-6.157
19.536898682,-6.2860000000000005
19.538862438000002,-6.029
19.541015094000002,-6.029
19.542781395000002,-6.029
19.544972989,-6.114
19.546926929,-6.284
19.548787556,-6.274
19.550823837000003,-6.21
19.552745023,-6.317
19.554755314,-6.221
19.55673634,-6.168
19.558777586,-6.061
19.560938096,-6.178
19.562822385,-6.178
19.564821281,-6.392
19.566787213,-6.392
19.568757129,-6.189
19.570748004000002,-6.114
19.572761067000002,-6.006
19.574738203000003,-5.926
19.576728824,-6.140000000000001
19.578742706,-6.05
19.580979306,-6.158
19.582832815,-6.158
19.584823952,-6.038
19.586775643000003,-6.038
19.588754443000003,-5.806
19.590711169000002,-5.827
19.592721076,-5.747
19.594886752,-5.668
19.596901452,-5.586
19.598834569,-5.721
19.600953541000003,-5.855
19.603086568000002,-5.855
19.604783675,-5.829
19.606727234,-5.67
19.608882182000002,-5.75
19.610821123,-5.829
19.612724027000002,-5.7490000000000006
19.61488864,-5.857
19.616892556,-5.775
19.618807954,-5.934
19.62111003,-5.829
19.622963076,-5.829
19.624817353,-5.987
19.626827552,-5.773
19.628847781,-5.988
19.630726718000002,-5.908
19.632799027,-5.7490000000000006
19.634783013,-5.864
19.636778547000002,-5.699
19.638735352,-5.968
19.640981756000002,-6.021
19.64282224,-6.021
19.644795476000002,-6.331
19.64680866,-6.445
19.648788656,-6.445
19.650752272000002,-6.159
19.652749843000002,-6.397
19.654748315000003,-6.417
19.656731132,-6.258
19.658775514000002,-6.329
19.661032052,-6.224
19.662815818000002,-6.224
19.664809908000002,-6.224
19.666786128000002,-6.224
19.668776838000003,-6.331
19.670737721000002,-6.2410000000000005
19.672742810000003,-6.258
19.674739444,-6.276
19.676744931,-6.4030000000000005
19.678759164000002,-6.224
19.681149769,-6.224
19.682945020000002,-6.224
19.684756020000002,-6.259
19.686752217000002,-6.206
19.68877356,-5.9590000000000005
19.690844989000002,-6.082
19.692778594,-6.086
19.694903278,-6.053
19.696801148000002,-6.053
19.698744572000003,-6.073
19.700984612000003,-5.8180000000000005
19.702948982000002,-5.8180000000000005
19.704920526000002,-5.681
19.707001297,-6.05
19.709069675000002,-5.614
19.710896041,-5.614
19.712775098,-5.775
19.714941422000003,-5.8
19.716835072000002,-5.827
19.718829234,-5.696
19.721040086000002,-5.646
19.722909901,-5.646
19.724933358,-5.783
19.726914184,-5.914
19.728840217000002,-5.832
19.730738300000002,-5.721
19.732778382000003,-5.938
19.73496627,-5.881
19.736970865,-5.855
19.738883724,-5.854
19.741078898,-5.938
19.742915844000002,-5.938
19.744956459,-5.857
19.747001559,-6.027
19.748931404,-6.027
19.750775400000002,-6.01
19.752857454,-6.135
19.754825273,-6.2330000000000005
19.756860550000003,-6.226
19.758880071,-6.205
19.761011797000002,-6.206
19.762960363,-6.206
19.764956468,-6.436
19.766926892,-6.5840000000000005
19.768950330000003,-6.5840000000000005
19.770910153000003,-6.531
19.772904439,-6.462
19.774796010000003,-6.4110000000000005
19.776755706000003,-6.372
19.778930724000002,-6.296
19.780963428,-6.362
19.782951405000002,-6.362
19.784770852,-6.49
19.78683075,-6.44
19.788933874,-6.1290000000000004
19.790777162,-6.1290000000000004
19.792755512000003,-6.021
19.794883053,-5.994
19.796842831000003,-5.8740000000000006
19.799040127,-5.947
19.801382043,-5.805
19.803023378000002,-5.805
19.804956447000002,-5.774
19.806992548,-5.812
19.809143913,-5.997
19.811208664000002,-5.529
19.813094428000003,-5.775
19.814893584,-5.831
19.816843958,-5.828
19.818746261,-5.801
19.821061467,-5.8
19.822992812000003,-5.8
19.824896205,-5.801
19.826896914000002,-5.857
19.828963134000002,-6.0680000000000005
19.831130324,-6.014
19.832899896,-5.803
19.834705757000002,-5.775
19.836851151,-5.914
19.838911385000003,-5.757000000000001
19.841329908000002,-5.917
19.843523252,-5.917
19.844990887,-5.934
19.846870705,-5.853
19.848810832,-5.853
19.850795100000003,-5.936
19.852744307000002,-5.724
19.854739350000003,-5.807
19.856728555,-6.094
19.858730757,-5.819
19.861132945,-5.849
19.862963962000002,-5.849
19.864947918000002,-6.178
19.866887558000002,-6.04
19.868887207,-6.008
19.870974592,-6.008
19.872793148,-6.146
19.874900458000003,-6.140000000000001
19.876894064000002,-6.12
19.878846772000003,-6.067
19.881076796000002,-6.067
19.882802451,-6.025
19.885061427,-6.025
19.887043046000002,-6.242
19.88912377,-6.276
19.891089383,-6.332
19.893043779000003,-6.336
19.895031836,-6.154
19.897003396000002,-6.141
19.898820187000002,-6.17
19.901229020000002,-6.173
19.902975643,-6.173
19.904959645,-6.26
19.907062641,-6.26
19.908873508000003,-6.065
19.911025467,-5.944
19.913078423,-5.977
19.914896730000002,-5.994
19.917204849,-5.888
19.918810045,-5.924
19.920977021000002,-5.924
19.922906960000002,-5.86
19.924824422,-5.7620000000000005
19.926817635000003,-6.114
19.928933287,-5.819
19.930914056000002,-5.835
19.932746604000002,-6.05
19.934960635,-5.926
19.936729345,-5.913
19.939125240000003,-5.926
19.941073686000003,-5.996
19.942878436,-5.996
19.944950744,-6.074
19.946955538,-5.705
19.949094326,-5.956
19.950914805,-5.956
19.952885866000003,-5.812
19.955021201,-5.956
19.956892808000003,-5.865
19.958822685,-5.795
19.961232719,-6.086
19.962902899,-6.086
19.965111773,-5.925
19.966948265000003,-6.05
19.969004408,-6.1160000000000005
19.970919218000002,-5.933
19.972829093,-6.179
19.974734871000003,-6.159
19.976755928000003,-6.213
19.979233754000003,-6.392
19.981118773000002,-6.372
19.982936287,-6.372
19.98484332,-6.295
19.986824678,-6.136
19.988757339000003,-6.118
19.990782016,-6.03
19.992838953,-5.9590000000000005
19.994775023000003,-6.1530000000000005
19.996743693000003,-6.1530000000000005
19.99874981,-6.206
20.001022966,-5.942
20.002807020000002,-5.942
20.004880351,-6.223
20.006826464,-6.382000000000001
20.008877363,-6.257000000000001
20.0107962,-6.285
20.012837529000002,-6.246
20.014984694000002,-6.359
20.016750364,-6.086
20.018750873000002,-6.061
20.02102781,-6.274
20.022808575000003,-6.274
20.024806759,-6.2860000000000005
20.026782406000002,-6.135
20.02898816,-6.103
20.030949134,-6.103
20.032964482,-6.082
20.035185909000003,-6.082
20.036782332,-6.072
20.038912031000002,-6.117
20.040965236,-6.117
20.042976538,-6.094
20.044834247,-6.2090000000000005
20.046865763,-6.271
20.048840479000003,-6.2010000000000005
20.050735477,-6.2090000000000005
20.052788679000003,-6.232
20.054735495000003,-6.2940000000000005
20.056727473000002,-6.255
20.058789877000002,-6.224
20.060918071,-6.224
20.062787826,-6.331
20.064719871,-6.109
20.066780281,-5.8340000000000005
20.068745617,-5.997
20.070730866,-5.72
20.072753322,-6.007000000000001
20.074767484000002,-5.912
20.076729853,-5.9110000000000005
20.078745437000002,-5.697
20.080922285,-6.102
20.082793668,-6.102
20.084764743,-6.0600000000000005
20.086742022000003,-6.086
20.088781622000003,-6.126
20.090731864000002,-5.96
20.092741451000002,-6.1000000000000005
20.094741583,-6.066
20.096739001,-6.12
20.098741995,-6.179
20.100965666,-6.073
20.103092371000002,-6.073
20.104771121000002,-5.994
20.106947344,-6.273
20.108930136,-6.073
20.110785200000002,-6.073
20.112746303,-6.147
20.114948624,-6.082
20.116928467,-6.178
20.118779623000002,-6.017
20.120966018,-5.965
20.122986797000003,-5.965
20.124764881,-6.232
20.126771728,-5.997
20.128815563,-5.9430000000000005
20.130781551000002,-6.05
20.132770443000002,-5.987
20.134790744,-5.815
20.136743331,-6.147
20.138756754000003,-5.986
20.140962095000003,-5.9750000000000005
20.142806303,-5.9750000000000005
20.144782044000003,-5.965
20.146823041,-6.189
20.148764082,-6.189
20.150760270000003,-6.264
20.152735945,-6.477
20.154746406,-6.328
20.156764039000002,-6.285
20.158763504,-6.135
20.160944976,-6.168
20.162803065000002,-6.168
20.164785747,-6.232
20.166844923000003,-6.114
20.168999949,-6.073
20.170786934000002,-6.073
20.172774216,-6.067
20.174724296,-6.276
20.176749540000003,-6.327
20.178768587,-6.115
20.181047875,-6.7700000000000005
20.182800965000002,-6.7700000000000005
20.184758318,-6.746
20.186817361000003,-6.6690000000000005
20.188845181,-6.785
20.190806668,-6.76
20.192752801,-6.73
20.194736207000002,-6.796
20.196751463000002,-6.869
20.198755684,-6.675
20.200932464,-6.675
20.202791592,-6.6080000000000005
20.204891724000003,-6.7410000000000005
20.206811078,-6.766
20.208790635,-6.5920000000000005
20.210778071,-6.7330000000000005
20.212713823,-6.402
20.214761156,-6.59
20.216709464,-6.731
20.218738539,-6.577
20.220914025000003,-6.477
20.222894799000002,-6.477
20.224820488000002,-6.791
20.22675797,-6.609
20.22876462,-6.343
20.230777544000002,-6.332
20.232731674,-6.191
20.234734663,-5.847
20.236756129,-5.767
20.238847932000002,-5.994
20.2410135,-5.752
20.242790293000002,-5.752
20.244793424,-5.5280000000000005
20.246839838,-5.765
20.249124706,-5.692
20.250798543000002,-5.747
20.252970381,-5.772
20.254749677,-5.8
20.256769567000003,-6.015000000000001
20.258795891000002,-5.936
20.260961252,-5.931
20.263063791,-5.931
20.265066809,-5.705
20.267126021000003,-5.705
20.268923150000003,-6.056
20.270903599,-5.656
20.272810432,-5.563
20.274732769,-5.7490000000000006
20.276793802,-5.882000000000001
20.278761342000003,-5.72
20.281120809,-6.211
20.282895627000002,-6.211
20.284945138,-6.104
20.286825948,-6.468
20.288821811000002,-6.531
20.290945998,-6.511
20.292751257000003,-6.698
20.294968175,-6.756
20.296854261,-6.8
20.298744745,-6.687
20.301108362,-6.747
20.3029133,-6.747
20.304817076000003,-7.1080000000000005
20.306775764,-6.8420000000000005
20.308978289000002,-6.729
20.310844526,-6.75
20.312719763,-7.136
20.314871559,-6.66
20.316726125000002,-6.894
20.318854709,-6.894
20.321060789,-6.809
20.32329734,-6.809
20.324935297,-6.736
20.326870644,-6.518
20.328973979,-6.324
20.331094094,-6.08
20.332938154,-6.01
20.335054671,-5.857
20.337075784,-5.827
20.338950186,-5.771
20.341137237,-5.843
20.343155872,-5.843
20.345187919,-5.6610000000000005
20.347254085000003,-6.029
20.348886065000002,-6.029
20.350905419,-5.806
20.353068580000002,-6.207
20.354958680000003,-6.312
20.356987132,-5.827
20.35894048,-5.825
20.361305274000003,-5.803
20.363306522000002,-5.803
20.364879261000002,-6.212
20.367039459,-5.841
20.368847266,-5.788
20.371122567,-5.758
20.373081262000003,-5.753
20.375095266000002,-5.696
20.376844747,-5.699
20.378895622,-5.696
20.381288171,-5.907
20.382920107,-5.907
20.385110011000002,-5.9350000000000005
20.386879724,-6.071
20.388921864,-6.003
20.390845810000002,-6.003
20.392865473,-5.695
20.395035926000002,-6.0600000000000005
20.396833433,-6.246
20.39886409,-6.226
20.401161520000002,-6.351
20.403051045,-6.351
20.404894921,-6.3100000000000005
20.406860048000002,-6.561
20.409019,-6.635
20.411177552,-6.577
20.412884819000002,-6.7860000000000005
20.414850085,-6.646
20.416733830000002,-6.566
20.41895826,-6.619
20.421070841000002,-6.618
20.423078073000003,-6.618
20.424881633000002,-6.515000000000001
20.426879319,-6.437
20.428867352,-6.347
20.430860533,-6.337
20.432824472,-6.365
20.434813703,-6.159
20.436859162,-6.348
20.43902186,-6.047
20.441143825,-5.977
20.442932694,-5.977
20.444906648,-5.734
20.447263913,-6.029
20.449063707,-5.651
20.450840324,-5.691
20.453050587,-5.611
20.454915916,-5.424
20.456950600000003,-5.378
20.459087557,-5.391
20.461126529,-5.315
20.463050502,-5.315
20.464966785,-4.92
20.466805296,-5.115
20.468921411,-5.194
20.470820341,-5.464
20.472836345,-5.437
20.474804348000003,-5.3790000000000004
20.476867693000003,-5.4
20.478739595,-5.347
20.481199918,-5.713
20.482947912,-5.713
20.484808169,-5.715
20.487044326000003,-5.869
20.488961293000003,-5.869
20.490784571000003,-5.688
20.492958204,-6.031
20.494822879,-6.203
20.496755113000003,-6.257000000000001
20.498860958,-5.8
20.501087796,-6.179
20.502964333,-6.179
20.504939005,-6.134
20.506821428000002,-6.263
20.508926566,-6.424
20.511066349,-6.328
20.51276547,-6.0200000000000005
20.514844925000002,-6.352
20.516749443000002,-6.313
20.518783162000002,-6.364
20.521023546000002,-6.312
20.522984333,-6.312
20.524823623,-6.187
20.526745548,-6.365
20.528880629,-6.472
20.530732311,-6.399
20.532754676,-6.417
20.534753392000002,-6.398000000000001
20.536819157,-6.276
20.538745036,-6.51
20.541110348,-6.231
20.543151191,-6.231
20.544928571,-6.313
20.547104994,-6.333
20.548924912,-6.333
20.550855318,-6.211
20.552938632,-5.89
20.555033331,-6.053
20.556827751,-5.941
20.558729882,-6.0120000000000005
20.560957084,-5.912
20.562793856000003,-5.912
20.564783449,-5.9430000000000005
20.566757892000002,-5.812
20.568773147,-5.812
20.570753309,-5.836
20.57302404,-6.151
20.574910852000002,-5.718
20.576897111,-5.827
20.578913265,-5.882000000000001
20.581251960000003,-5.831
20.583150357,-5.831
20.585116575,-5.882000000000001
20.587015706000003,-5.801
20.588851607000002,-5.906
20.590894353000003,-5.938
20.592770912000002,-5.64
20.594878427,-5.853
20.596722422000003,-5.908
20.598735241,-5.854
20.601040312000002,-5.827
20.602835358,-5.827
20.604891416,-5.9110000000000005
20.606811511,-5.9110000000000005
20.608838891,-6.056
20.610988418,-5.972
20.61304424,-6.529
20.614810553,-6.466
20.616853816000003,-6.359
20.618759474,-6.439
20.6209937,-6.434
20.622796099000002,-6.434
20.624788533,-6.417
20.626832952,-6.542
20.628799122,-6.405
20.630995553,-6.469
20.633169439,-6.433
20.635105105,-6.457
20.637137348,-6.473
20.638991331,-6.562
20.641050663,-6.452
20.642956532000003,-6.452
20.644849954,-6.489
20.646849269,-6.1530000000000005
20.64887969,-6.045
20.650812973,-6.039
20.652897386000003,-6.123
20.654786269000002,-6.085
20.656801469,-5.942
20.658845775,-5.8180000000000005
20.660988748,-5.496
20.662961879,-5.496
20.665017238,-5.893
20.666887148,-5.893
20.668841676,-5.681
20.670930547,-5.832
20.672899453000003,-5.507
20.674887237,-5.666
20.676859607,-5.585
20.678885452000003,-5.573
20.681040619,-5.582
20.682911208,-5.582
20.684864086,-5.516
20.686957340000003,-5.485
20.688959468,-5.377
20.690903381000002,-5.442
20.692958408000003,-5.421
20.694812727000002,-5.401
20.696885293,-5.432
20.698940512,-5.253
20.700949045,-5.402
20.702963845000003,-5.402
20.704939367,-5.429
20.706905796,-5.8420000000000005
20.708882152,-6.2860000000000005
20.710899658000002,-6.1770000000000005
20.712868547000003,-6.338
20.714856508,-6.461
20.716838523,-6.5760000000000005
20.719051227,-6.618
20.721021404000002,-6.618
20.72291939,-6.545
20.72494545,-6.679
20.727006802000002,-6.724
20.728834066,-6.799
20.730772462,-6.458
20.732935587,-6.734
20.734952011,-6.979
20.736791844000003,-6.7860000000000005
20.738728079,-6.565
20.740976276,-6.848
20.742943149000002,-6.848
20.745120212,-6.722
20.746967079,-6.573
20.748943616000002,-6.573
20.750960339000002,-6.291
20.752890074,-6.229
20.754724314,-6.192
20.756760146,-6.215
20.758748694,-6.0120000000000005
20.761056565,-6.102
20.762954516,-6.102
20.764881539,-6.167
20.766810118000002,-6.045
20.768757069000003,-5.98
20.770880166,-5.978
20.772811270000002,-5.787
20.774941128000002,-6.014
20.777143506,-6.039
20.779183704,-6.039
20.781070351,-5.785
20.782806444000002,-5.785
20.785028342,-5.847
20.786819022,-6.2010000000000005
20.788981325,-5.914
20.790984706,-5.914
20.792777536000003,-6.1290000000000004
20.794753228,-5.913
20.79673409,-5.586
20.798775322,-5.614
20.800935702,-5.724
20.802822549000002,-5.724
20.804791362,-5.7780000000000005
20.806744504,-5.12
20.808859796,-5.368
20.810935156000003,-5.549
20.812966003,-5.549
20.814826726,-5.549
20.816778566,-5.508
20.81878404,-5.295
20.820934448000003,-5.604
20.822932145000003,-5.604
20.824805091,-5.655
20.826842261000003,-5.8660000000000005
20.828883457,-5.598
20.830862211000003,-5.939
20.832918912,-6.151
20.83478045,-6.151
20.836759257,-5.856
20.838824568,-5.72
20.841261189,-6.29
20.843572304000002,-6.29
20.844992814,-5.972
20.847076344,-6.051
20.848860359,-6.002
20.850731348,-6.2170000000000005
20.852904438000003,-6.11
20.85487633,-6.182
20.856938338000003,-6.104
20.858916048,-6.187
20.861043941000002,-6.08
20.862971841,-6.08
20.864847351,-6.199
20.866794008000003,-6.134
20.868823683000002,-6.021
20.871248976,-5.896
20.872957558000003,-5.896
20.874817562,-5.812
20.876834759,-6.018
20.878860382000003,-5.939
20.880947331,-5.964
20.882898784,-5.964
20.8848555,-5.962
20.887090343,-5.881
20.888936725,-5.881
20.890876446,-5.907
20.892982021,-5.827
20.894835378,-5.827
20.896931366,-5.8020000000000005
20.898843606,-5.721
20.901128918,-5.721
20.902994460000002,-5.721
20.905059902,-5.721
20.906810843000002,-5.881
20.908766044,-5.881
20.910740545000003,-5.827
20.912876228000002,-5.721
20.914986681000002,-5.719
20.916847786,-5.857
20.919035374,-5.857
20.921132914,-5.555
20.922799346,-5.555
20.924961859,-5.7780000000000005
20.926737242,-5.957
20.928748091000003,-6.094
20.930884508000002,-6.242
20.933070084,-6.472
20.935109726,-6.4350000000000005
20.937024814,-6.4350000000000005
20.93883636,-6.26
20.940939924000002,-6.546
20.942838085,-6.546
20.944937898000003,-6.606
20.947015712000002,-6.708
20.948906425,-6.708
20.950931754000003,-6.573
20.952886221,-6.2780000000000005
20.954886881,-6.4350000000000005
20.956885049,-6.356
20.958733361,-6.525
20.961062294,-6.557
20.962923908,-6.557
20.964926077,-6.557
20.967153164000003,-6.17
20.968896389,-6.246
20.970826308000003,-6.36
20.972745488,-6.05
20.974894668,-6.337
20.976737093,-6.140000000000001
20.978757218000002,-6.055
20.981038837,-5.801
20.982964079000002,-5.801
20.98493143,-5.907
20.986861397000002,-5.98
20.989054393,-5.997
20.990954701,-5.996
20.99287332,-5.941
20.994877829,-5.89
20.997125147000002,-5.978
20.998875871000003,-5.833
21.00112851,-5.773
21.002827896000003,-5.773
21.004910043000002,-6.069
21.006899894,-6.105
21.008948443,-6.1000000000000005
21.010966044,-6.015000000000001
21.012797224,-6.075
21.014736997,-5.889
21.016755833,-5.807
21.018733626000003,-6.021
21.020940745,-6.094
21.022818580000003,-6.094
21.024900444,-5.989
21.026786472,-6.134
21.028753737000002,-6.117
21.030724702,-5.987
21.032732233,-5.977
21.034816426000003,-6.008
21.036746792000002,-6.1930000000000005
21.038885568,-6.154
21.041136254,-6.135
21.042920922,-6.135
21.04490715,-5.89
21.046924476,-6.013
21.048932791000002,-6.331
21.051003835000003,-6.223
21.053162916,-6.47
21.054768444,-6.47
21.056814531,-6.352
21.058773299000002,-6.332
21.060955687,-6.348
21.062789306000003,-6.348
21.064843223,-6.37
21.066920181,-6.242
21.068959591000002,-6.063
21.070846651,-6.063
21.072748573000002,-6.01
21.074767353000002,-5.872
21.076754492000003,-5.8420000000000005
21.078732973,-6.117
21.081105354,-6.064
21.083096884,-6.064
21.084775036,-6.071
21.086741959,-5.812
21.088744795,-5.995
21.090750932000002,-5.796
21.092774887,-5.827
21.094871345,-5.9190000000000005
21.096845412,-5.735
21.098734768,-5.855
21.100732504,-5.753
21.102959861000002,-5.753
21.104830964,-5.7780000000000005
21.106831983000003,-5.586
21.108859363,-5.964
21.110977805,-5.696
21.112884621000003,-5.787
21.115037503,-5.763
21.11674545,-5.968
21.118880359000002,-5.914
21.121115655,-5.789
21.122819575,-5.789
21.1247735,-5.819
21.12675575,-5.546
21.128753105,-5.521
21.130741649,-5.665
21.132764387,-5.514
21.134750871,-5.614
21.136796876000002,-5.855
21.138783574,-5.908
21.140954211,-5.882000000000001
21.142824955000002,-5.882000000000001
21.144765539,-6.328
21.146796694000003,-6.4910000000000005
21.148775799000003,-6.531
21.150837713,-6.651
21.152971612,-6.631
21.154817595,-6.631
21.156961212000002,-6.628
21.159052518000003,-6.672
21.161347215000003,-6.384
21.162924314,-6.384
21.165055562000003,-6.531
21.166910896,-6.6850000000000005
21.168735233,-6.498
21.170835761000003,-6.54
21.172768123,-6.59
21.174829275,-6.518
21.176743931,-6.383
21.178760419,-6.5360000000000005
21.180919120000002,-6.5360000000000005
21.182830621,-6.557
21.184851983,-6.425
21.186841506,-6.549
21.188788430000002,-6.362
21.190736428,-6.452
21.192751740000002,-6.393
21.194735115,-6.41
21.196753142000002,-6.348
21.198732040000003,-6.465
21.201019803,-6.308
21.202879436,-6.308
21.204802563,-6.487
21.206893456000003,-6.524
21.208871149,-5.925
21.210908442,-5.924
21.212844994,-6.014
21.21484955,-5.594
21.216753063000002,-5.527
21.218867538,-5.431
21.220957858000002,-5.341
21.222943842000003,-5.341
21.224953783,-5.293
21.226985990000003,-5.07
21.228971878000003,-4.972
21.23097109,-5.064
21.23273764,-5.2
21.234908367000003,-5.136
21.236959077,-5.401
21.238920356,-5.401
21.241090013,-5.329
21.24298387,-5.329
21.245013465000003,-5.676
21.246909309000003,-6.104
21.248919666000003,-6.34
21.250900208,-6.232
21.252728971,-6.26
21.254753473,-6.689
21.256741202,-6.408
21.259054852000002,-6.446
21.261086488,-6.5200000000000005
21.262926927000002,-6.5200000000000005
21.264921529000002,-6.392
21.266825360000002,-6.3660000000000005
21.269031221000002,-6.337
21.271085613,-6.662
21.272951478000003,-6.662
21.274791008,-6.401
21.276896905,-6.348
21.279098288,-6.438
21.281123476,-6.438
21.28292265,-6.414
21.284919175000002,-6.414
21.286859964,-6.397
21.288825876,-6.118
21.290983544000003,-6.0120000000000005
21.292870032,-6.0120000000000005
21.294847846,-5.977
21.296896712000002,-5.98
21.298896341000003,-6.046
21.300941277,-5.89
21.302856643000002,-5.89
21.304805544,-6.019
21.306827532,-5.872
21.308862754,-6.051
21.310801388,-6.203
21.313003241,-6.203
21.314818056,-6.232
21.316743735000003,-6.472
21.318856927000002,-6.096
21.320948895,-6.364
21.322892856000003,-6.364
21.324867230000002,-5.989
21.326743137,-5.803
21.328789448000002,-5.758
21.330872414,-5.783
21.332859774000003,-5.783
21.334804988000002,-5.724
21.336818117,-5.8180000000000005
21.339038478000003,-5.819
21.340994358,-5.819
21.342866186000002,-5.759
21.344793308,-5.88
21.346997963,-5.88
21.348811074,-6.019
21.350809516,-6.037
21.352955424,-6.037
21.354962006,-5.9270000000000005
21.357187867,-6.009
21.358866838,-5.995
21.361007206,-6.417
21.362901203,-6.417
21.364957624000002,-6.421
21.366878187,-6.421
21.368876508,-6.4510000000000005
21.371009716,-6.734
21.372756608000003,-6.734
21.37485969,-6.643
21.377193166,-6.656000000000001
21.379128886,-6.619
21.381110819,-6.619
21.382990271,-6.683
21.384892306,-6.268
21.387022774000002,-5.767
21.389044584,-6.158
21.390870699,-6.081
21.392875644,-6.081
21.395013934,-6.118
21.397000951000003,-6.065
21.398988608,-6.083
21.401158764,-5.976
21.402885635,-5.976
21.4051271,-6.171
21.406883015000002,-6.065
21.409164216,-6.083
21.411132629,-6.0120000000000005
21.412935851,-6.0120000000000005
21.414884996,-6.014
21.417000777000002,-6.106
21.419170525000002,-5.881
21.421153604,-6.0280000000000005
21.423550219000003,-6.0280000000000005
21.425018178000002,-6.029
21.426990966,-5.902
21.429018406,-6.477
21.430966286,-6.11
21.43303882,-6.11
21.435024194,-6.336
21.436809734,-6.282
21.438887564,-6.537
21.441049697,-6.476
21.443028472,-6.476
21.445033936,-6.343
21.446871496,-6.23
21.449069817,-6.106
21.450960621,-6.053
21.452937526000003,-6.053
21.454915787,-5.9750000000000005
21.456880193,-6.171
21.459018969000002,-6.399
21.46117084,-6.413
21.462923755000002,-6.413
21.465091614000002,-6.308
21.466934356000003,-6.585
21.468997229000003,-6.884
21.471090238000002,-7.132000000000001
21.47316951,-7.132000000000001
21.474783820000003,-7.001
21.47673031,-6.901
21.478863866,-6.88
21.481097604000002,-6.88
21.48311825,-6.575
21.484837769000002,-6.575
21.48686297,-6.839
21.488914279000003,-6.8580000000000005
21.490834845000002,-6.523000000000001
21.492991642,-6.523000000000001
21.494823133,-6.577
21.49705562,-6.554
21.498942812000003,-6.554
21.501201778000002,-6.236
21.503006543,-6.236
21.504963465000003,-6.171
21.506877788,-6.139
21.509012168,-5.526
21.510858499,-5.6770000000000005
21.513122268,-5.8260000000000005
21.515000431,-5.8260000000000005
21.516938893000003,-5.529
21.518973535,-5.622
21.52125732,-5.699
21.523080666000002,-5.699
21.52503211,-5.646
21.527207009,-6.1290000000000004
21.528974829000003,-6.1290000000000004
21.530931390000003,-6.042
21.53312834,-6.123
21.535039673,-6.15
21.537086872,-6.23
21.539058723,-6.069
21.541322790000002,-6.123
21.542979131000003,-6.123
21.544920675,-5.964
21.546760132000003,-5.628
21.548937794,-5.854
21.550838667,-5.734
21.552930061,-5.835
21.555062579,-5.961
21.556912979,-5.961
21.558759328,-6.1770000000000005
21.560950576,-6.015000000000001
21.562794852,-6.015000000000001
21.564799494000003,-6.307
21.566747747,-6.307
21.568766981000003,-6.405
21.570825948000003,-6.574
21.573028045,-6.532
21.574873056,-6.532
21.576875882000003,-6.514
21.578828151,-6.852
21.58112603,-6.909
21.582841285,-6.909
21.584775131,-6.875
21.586749414,-7.134
21.588868566000002,-7.086
21.590760745,-7.256
21.592863385,-7.4910000000000005
21.594865708,-7.396
21.596797906000003,-7.023000000000001
21.598773831000003,-7.206
21.601044235,-6.974
21.602899135,-6.974
21.604830925,-7.298
21.606816177000002,-7.349
21.60877529,-7.349
21.610778484,-7.301
21.612847444,-7.115
21.614798685,-6.932
21.616716677000003,-6.976
21.618747382000002,-6.602
21.621157372000003,-6.456
21.622892719000003,-6.456
21.624810035000003,-6.737
21.626779703,-6.2250000000000005
21.628773915,-5.942
21.630743390000003,-5.922
21.632796734000003,-5.994
21.634777541000002,-5.9270000000000005
21.636745154,-5.7410000000000005
21.638794735,-5.836
21.641080767000002,-5.836
21.64293104,-5.753
21.64475698,-5.425
21.647060634000002,-5.1530000000000005
21.648759649000002,-5.123
21.650773564,-5.253
21.652780097,-5.064
21.654771934000003,-5.093
21.656815978,-5.341
21.658801943,-5.4590000000000005
21.660953104,-5.668
21.662912429000002,-5.668
21.664801450000002,-5.69
21.666822066,-5.801
21.668849351000002,-5.869
21.670804184,-6.1290000000000004
21.672824005000003,-6.016
21.674736426000003,-6.121
21.676748143,-6.236
21.678760044,-6.2860000000000005
21.681073664000003,-6.479
21.682784453,-6.479
21.684769667,-6.385
21.686742251000002,-6.928
21.688729627,-6.594
21.69077966,-7.002
21.692744318000003,-6.994
21.694758324000002,-6.6770000000000005
21.696778623,-6.838
21.698750238000002,-6.696
21.700950502,-6.784
21.702858695,-6.784
21.704801975000002,-6.7700000000000005
21.706740410000002,-6.329
21.708845840000002,-6.558
21.710886361,-6.315
21.713050566,-5.972
21.714821149000002,-5.972
21.716746675000003,-6.196
21.718788589000003,-6.343
21.720996414000002,-6.121
21.722838859000003,-6.121
21.72484571,-5.978
21.726847783,-6.171
21.728863985,-6.257000000000001
21.730788898,-6.119
21.732794811,-6.276
21.734711018000002,-6.083
21.736771632,-5.86
21.738785014,-5.869
21.741023437000003,-5.869
21.742869982000002,-5.934
21.745116567,-5.668
21.746872978000003,-5.668
21.748840011000002,-5.61
21.75085534,-5.746
21.752751904,-6.0440000000000005
21.754821069000002,-6.018
21.757009930000002,-5.91
21.758873964000003,-6.046
21.760995638,-6.046
21.762836469,-5.86
21.765023064,-5.993
21.766920709,-5.7780000000000005
21.768922202000002,-6.043
21.770967234,-6.016
21.773080558,-6.154
21.774870003,-6.154
21.77682682,-5.747
21.778753617000003,-6.134
21.780999503,-6.2540000000000004
21.78279612,-6.2540000000000004
21.784800205,-6.362
21.786772402,-6.187
21.788777004,-6.237
21.79080168,-6.237
21.792754127000002,-6.4
21.794802874000002,-5.872
21.796753463,-6.599
21.798776081,-6.501
21.800977432,-6.492
21.802809426,-6.492
21.804787441000002,-6.626
21.806768207,-6.649
21.808884138,-6.640000000000001
21.810971990000002,-6.539
21.812930113,-6.539
21.814755341,-6.615
21.816949512,-6.484
21.818864287,-6.691
21.820949991000003,-6.691
21.822844757000002,-6.668
21.824853187000002,-6.586
21.826868115,-6.457
21.828829296000002,-6.457
21.830864565000002,-6.548
21.832844513,-6.4990000000000006
21.834884033,-6.369
21.836770985,-6.604
21.838721744,-6.465
21.840765435,-6.026
21.843554148000003,-6.085
21.844750137000002,-6.085
21.846819141,-5.962
21.848807382,-5.787
21.850801977,-5.773
21.852927587,-5.729
21.854876644,-5.807
21.856918976000003,-5.829
21.858782153,-5.424
21.861063097000002,-5.388
21.862975198,-5.388
21.864817958,-5.208
21.866752655000003,-5.17
21.86878587,-5.079
21.870921538,-5.242
21.872817468,-5.242
21.874747356,-5.204
21.876767112000003,-5.432
21.878714977,-5.362
21.880935452000003,-5.362
21.882884904,-5.628
21.884991141,-5.955
21.886786592,-5.955
21.88879125,-6.102
21.890754046,-6.102
21.892823663,-6.069
21.894743831000003,-6.021
21.896765926,-6.0920000000000005
21.898753593000002,-6.04
21.900978125,-6.171
21.903049764000002,-6.171
21.904954084,-6.041
21.907082887,-6.206
21.908852407,-6.0200000000000005
21.910795994,-6.034
21.912832151,-6.083
21.914821034000003,-6.1000000000000005
21.916764451000002,-6.363
21.918852439000002,-6.365
21.921109933,-6.171
21.923065261,-6.171
21.925002828,-6.296
21.927037729000002,-6.489
21.928942094,-6.51
21.930936222,-6.415
21.932955796,-6.5200000000000005
21.935240569,-6.433
21.937085372000002,-6.279
21.938837290000002,-6.381
21.940939428,-6.188
21.943057885,-6.188
21.944983523,-6.19
21.947015355,-6.146
21.949094852,-6.135
21.950910269,-6.072
21.95313888,-6.063
21.955056446,-6.086
21.956927914,-6.086
21.958815483000002,-5.783
21.960940372,-5.83
21.963103653,-5.83
21.964775958,-5.64
21.966829486,-5.521
21.968755864000002,-5.538
21.970748742,-5.2090000000000005
21.972729967000003,-5.276
21.974747221,-5.345
21.976902983000002,-5.433
21.979018426,-5.525
21.980985788,-5.525
21.982881688000003,-5.643
21.984982501,-5.803
21.986891959,-5.063
21.988782378,-5.595
21.990902686000002,-5.848
21.992829487,-5.747
21.994815972,-5.665
21.996828218,-5.773
21.998885603,-5.67
22.001429453,-5.8950000000000005
22.002860402,-5.8950000000000005
22.004819983,-5.765
22.006897291,-5.765
22.008851956,-6.224
22.010941714,-6.317
22.012979789000003,-6.317
22.014799009,-6.255
22.016818337,-6.232
22.019011002000003,-6.264
22.021292385000002,-6.21
22.023049014,-6.21
22.025265041,-6.381
22.026956624,-6.207
22.028853967,-6.207
22.030829135,-6.135
22.032848677,-6.03
22.034957237,-5.848
22.036760513,-5.809
22.038881172,-5.924
22.041059342,-5.824
22.042805244,-5.824
22.044879701000003,-6.034
22.046944715000002,-6.274
22.048948509000002,-5.8740000000000006
22.050796752,-5.8740000000000006
22.052904777000002,-5.986
22.054754969,-6.006
22.056750567,-5.688
22.058750686,-5.761
22.061005041,-5.872
22.062833387,-5.872
22.064880761,-5.705
22.066923221,-5.828
22.069068624,-5.566
22.070892312,-5.566
22.072850985000002,-5.643
22.074912573000002,-5.463
22.076883974,-5.117
22.078780369,-4.936
22.081074425,-4.852
22.082942826,-4.852
22.084774445,-4.83
22.086936348000002,-4.828
22.088940800000003,-4.711
22.090997388,-4.795
22.093002395000003,-4.687
22.094777843000003,-4.913
22.096755281,-4.9750000000000005
22.098826763,-5.103
22.101226995,-5.392
22.10316091,-5.392
22.105074096000003,-5.3180000000000005
22.10699963,-5.557
22.108985181,-6.03
22.110931048,-5.7170000000000005
22.112751135,-5.912
22.114931093000003,-6.134
22.116924422,-6.182
22.118794433,-6.096
22.121036769,-6.176
22.123084282,-6.069
22.124794049000002,-6.069
22.126770194000002,-5.772
22.128769245,-6.087
22.130783105000003,-6.049
22.132767157,-6.041
22.134761122,-6.179
22.136758726,-6.0920000000000005
22.138745459000003,-5.836
22.140938407,-5.9270000000000005
22.142805469000002,-5.9270000000000005
22.144760589,-6.049
22.146829016,-6.188
22.148817612000002,-6.118
22.150739827000002,-6.206
22.152740044,-6.067
22.154746696,-6.12
22.156740139,-6.2540000000000004
22.158785503,-6.126
22.16095247,-6.126
22.162884081,-5.6770000000000005
22.164794062000002,-5.6770000000000005
22.166791128,-5.964
22.168760922,-5.724
22.170775978,-5.827
22.172890185,-5.562
22.174800549,-5.562
22.176774771,-5.496
22.178748063,-4.837
22.180948303,-4.714
22.182797749000002,-4.714
22.184809262,-4.722
22.186753379000002,-4.984
22.18878009,-4.9830000000000005
22.190871542,-5.146
22.192835961,-5.136
22.194733271,-5.126
22.196883399,-5.156
22.198800072,-5.3420000000000005
22.200933338000002,-5.573
22.20290408,-5.573
22.204949907000003,-5.897
22.206920855,-6.048
22.208810213000003,-6.371
22.210892780000002,-6.551
22.212886446000002,-6.527
22.214864698000003,-6.569
22.216992173,-6.424
22.21896213,-6.424
22.221038992,-6.498
22.222938955,-6.498
22.224984734000003,-6.4
22.226939991000002,-6.54
22.228925746,-6.399
22.230895218,-6.505
22.232899579,-6.82
22.234820576,-6.442
22.236949466000002,-6.384
22.238969921000002,-6.405
22.241172729000002,-6.452
22.242915592000003,-6.452
22.244937734,-6.561
22.246931517,-5.888
22.248840975,-5.872
22.250898722000002,-5.768
22.252907725,-5.442
22.254749713000002,-5.6770000000000005
22.256951537000003,-5.686
22.258963005000002,-5.598
22.261074556,-5.698
22.262936698,-5.698
22.264912977,-5.6690000000000005
22.266902856,-5.771
22.268892932,-5.964
22.270743835,-5.964
22.272892841,-5.747
22.274892649,-5.864
22.27688716,-5.828
22.278884593,-5.696
22.281123052,-5.724
22.282959223000002,-5.724
22.284798775000002,-5.86
22.286827329,-6.212
22.288868957000002,-6.1290000000000004
22.290827929000002,-6.139
22.29277499,-6.1000000000000005
22.294765977,-6.1930000000000005
22.296748208,-6.1530000000000005
22.298793578,-6.031
22.300995217,-6.017
22.302858285000003,-6.017
22.304859478,-6.154
22.306847612000002,-5.675
22.308794036000002,-5.628
22.310755594,-5.666
22.312955853000002,-5.72
22.315073029,-5.666
22.316875365,-5.666
22.318813288,-6.0200000000000005
22.321079358000002,-6.0200000000000005
22.322912901000002,-6.244
22.324826599,-6.457
22.326897682000002,-6.457
22.328836402,-6.498
22.330814648,-6.361
22.332735483,-6.139
22.334741316000002,-6.307
22.336821814,-6.231
22.338801206000003,-6.321
22.341081247,-6.231
22.342845318000002,-6.231
22.344865780000003,-6.223
22.346771284000003,-6.332
22.348816846000002,-6.384
22.350777777,-6.346
22.352869073,-6.398000000000001
22.354775391,-6.365
22.356837275,-6.276
22.358815559,-6.329
22.361022618,-6.347
22.36289962,-6.347
22.364850778,-6.434
22.366822879,-6.293
22.368908870000002,-6.171
22.371077465000003,-6.032
22.373031239000003,-6.032
22.374847049000003,-6.226
22.376919729,-5.719
22.379017897,-5.774
22.381069029000003,-5.774
22.382901381,-5.934
22.384935837,-5.563
22.386892974000002,-5.588
22.388807425000003,-5.665
22.390848909000002,-5.586
22.392862175,-5.478
22.394768264,-5.563
22.396949601000003,-5.651
22.398984928,-5.747
22.401031256000003,-5.747
22.402869426000002,-5.657
22.405009087,-5.807
22.406923252000002,-5.724
22.408872860000002,-6.07
22.410969404000003,-6.207
22.412948107000002,-5.832
22.414895727,-5.914
22.416820865000002,-6.38
22.419023725000002,-6.413
22.421169648000003,-6.219
22.42296487,-6.219
22.424978261,-6.331
22.427011854,-6.347
22.429016787000002,-6.539
22.430895119000002,-6.694
22.433043123,-6.777
22.435128218000003,-6.777
22.436843208000003,-6.48
22.439049986,-6.583
22.441053605,-6.583
22.442888119000003,-6.702
22.444928663000002,-6.3950000000000005
22.446839395,-6.3950000000000005
22.448860792,-6.3580000000000005
22.450756725,-6.531
22.452861570000003,-6.489
22.454823669000003,-6.441
22.45678166,-6.651
22.458851904000003,-6.353
22.460989374,-6.179
22.462780157,-6.179
22.46488456,-6.013
22.466769848000002,-6.064
22.468951521,-6.067
22.470837244000002,-5.836
22.472940904,-6.1160000000000005
22.474828523000003,-6.009
22.476873338,-5.9030000000000005
22.479095348,-5.942
22.480972481000002,-5.941
22.483011655000002,-5.941
22.484945522,-5.926
22.486911435,-5.987
22.489048181,-5.889
22.491063761000003,-6.113
22.492882035,-6.05
22.495043727000002,-6.022
22.496960248,-6.085
22.498940848,-6.072
22.501118334,-5.8580000000000005
22.503055933000002,-5.8580000000000005
22.505083752,-5.97
22.506819595000003,-6.0600000000000005
22.508971919,-5.965
22.510875392000003,-5.934
22.512943847000003,-6.2540000000000004
22.514944110000002,-5.89
22.516725108000003,-6.167
22.518946541000002,-6.126
22.521157964,-6.139
22.522961522000003,-6.139
22.524980692,-6.226
22.52678933,-6.663
22.528824413000002,-6.599
22.530860822,-6.3100000000000005
22.532770862000003,-6.115
22.534851953,-6.541
22.536927752,-6.425
22.538886727,-6.281
22.540959653,-6.281
22.542846134,-6.345
22.544843399,-6.179
22.54678088,-6.509
22.548786954,-6.53
22.550757008,-6.122
22.552773651000003,-6.381
22.554772718000002,-6.329
22.556795944,-6.293
22.558759487,-6.2410000000000005
22.561011248,-6.197
22.562793158,-6.197
22.564803396000002,-5.965
22.566780238,-6.102
22.568816100000003,-5.8420000000000005
22.570786714,-5.9910000000000005
22.572787029,-5.9910000000000005
22.574758921,-6.022
22.576757709000002,-5.783
22.578798481,-5.907
22.581032309,-5.724
22.582861934,-5.724
22.584839114,-5.939
22.586848169000003,-5.939
22.589025866,-5.925
22.591097545,-5.925
22.592793145,-6.04
22.594923273000003,-5.957
22.596975239000002,-5.987
22.598872599,-5.987
22.600980034000003,-6.027
22.602817816,-6.027
22.604798427000002,-6.1610000000000005
22.606752434,-6.072
22.608777796000002,-5.8950000000000005
22.610780063,-6.049
22.612766782,-6.140000000000001
22.614771306,-6.1240000000000006
22.616732201,-6.094
22.618783501000003,-6.063
22.621045516000002,-6.048
22.622794839,-6.048
22.624777461,-6.109
22.626776436,-5.932
22.628778449000002,-5.987
22.630928772,-5.7010000000000005
22.632788473,-5.7010000000000005
22.634774806000003,-5.7410000000000005
22.636745627,-5.881
22.638760129,-5.893
22.640914032,-5.893
22.642852387,-5.7
22.645048006,-5.688
22.646968731,-5.688
22.648899407000002,-6.2620000000000005
22.650841922,-6.328
22.653005975000003,-6.242
22.655020518,-6.1770000000000005
22.656997779,-6.36
22.659002768,-6.339
22.661021172,-6.339
22.662955843000002,-6.140000000000001
22.664875949000002,-6.7860000000000005
22.666880246,-6.188
22.668967946000002,-6.1000000000000005
22.670798220000002,-6.436
22.672767908,-6.5200000000000005
22.674775342,-6.382000000000001
22.676770003,-6.441
22.678805676000003,-6.526
22.681068340000003,-6.526
22.682989865,-6.4110000000000005
22.684941742000003,-6.4110000000000005
22.686765172,-6.296
22.688808492,-6.296
22.690764662000003,-6.365
22.692753103,-6.271
22.694775332000003,-6.347
22.696789833,-6.3580000000000005
22.69878917,-6.361
22.700961767000003,-6.361
22.702846887,-6.009
22.704892906,-5.783
22.706856129000002,-5.908
22.708879809000003,-5.623
22.710790823,-5.623
22.713015292,-5.46
22.714990782,-5.832
22.716910312000003,-6.018
22.718782135,-6.018
22.720977927,-5.936
22.723065784000003,-5.936
22.724777844000002,-6.011
22.726832107,-5.852
22.728845127000003,-5.9430000000000005
22.730859396000003,-5.979
22.732791861000003,-6.094
22.734724670000002,-6.245
22.736755318,-6.252
22.738780126,-6.2
22.741078742000003,-6.468
22.742928155,-6.468
22.744800856,-6.5920000000000005
22.74674362,-6.505
22.748795736,-6.755
22.75078059,-6.985
22.752758922,-6.472
22.754986698,-6.644
22.7567603,-6.853
22.758787372,-6.674
22.76115631,-6.674
22.762851952000002,-6.567
22.76475641,-6.412
22.766751996,-6.59
22.768796127,-6.596
22.770760720000002,-6.524
22.772795941000002,-6.456
22.774773588000002,-6.614
22.776731936,-6.4750000000000005
22.778875991000003,-6.45
22.780995327000003,-6.182
22.782996683,-6.182
22.784801823000002,-6.0440000000000005
22.787094030000002,-6.0440000000000005
22.788834641,-6.1530000000000005
22.790833422000002,-6.1530000000000005
22.793007896000002,-5.768
22.794779922,-5.698
22.796726596000003,-6.0600000000000005
22.798784744000002,-5.827
22.801066090000003,-5.988
22.802845358000003,-5.988
22.804808455,-6.127
22.806798178,-5.882000000000001
22.808794777000003,-5.855
22.810781771000002,-6.149
22.812745108,-5.908
22.814721598000002,-6.149
22.817151003000003,-5.964
22.819141944000002,-6.043
22.821054552,-6.043
22.823126395000003,-5.939
22.824913538,-5.939
22.826805161000003,-6.01
22.828982813,-5.814
22.830882748,-5.846
22.832864478,-5.728
22.834862632,-5.734
22.836797168,-5.889
22.838782375,-5.849
22.840991571,-5.836
22.842802708,-5.836
22.844850586,-5.857
22.846807036,-5.857
22.848795386000003,-6.014
22.85091097,-5.948
22.852807216000002,-5.948
22.854778488,-6.301
22.856757172000002,-6.274
22.858798814,-6.265000000000001
22.861055969000002,-6.557
22.863012410000003,-6.557
22.864837129,-6.539
22.8669693,-6.457
22.868882947000003,-6.546
22.870884276,-6.546
22.872791156,-6.614
22.874942401000002,-6.515000000000001
22.876746673000003,-6.599
22.879085286000002,-6.364
22.881087448000002,-6.63
22.88312657,-6.63
22.885055573000002,-6.561
22.886911077,-6.085
22.888853844,-6.069
22.890771935,-6.013
22.892970047000002,-6.0680000000000005
22.894955549000002,-5.889
22.896886324,-5.976
22.898790105,-6.087
22.901033028,-5.947
22.903009914000002,-5.947
22.904808186,-5.91
22.907119709,-5.805
22.908803033,-5.805
22.910866876,-5.658
22.912966986,-5.8660000000000005
22.914952756,-5.87
22.91677796,-5.614
22.918848912,-5.585
22.92094652,-5.8
22.92280187,-5.8
22.924806365000002,-5.562
22.926916462,-5.422
22.928906101000003,-5.242
22.931010540000003,-5.102
22.932860646,-5.175
22.934856118000003,-5.16
22.936851939,-5.246
22.938843356000003,-5.125
22.941063632000002,-5.125
22.942940716000003,-5.33
22.944916315,-5.472
22.947205811,-4.771
22.94889496,-4.771
22.950873282,-5.148
22.952937429000002,-5.214
22.954853884000002,-5.421
22.956830523,-5.625
22.958791343,-5.747
22.960956307,-5.747
22.962881075000002,-5.655
22.965017638000003,-6.149
22.967012666000002,-6.508
22.968837082,-6.319
22.970769641,-6.343
22.972794236000002,-6.247
22.974756307,-6.393
22.976844611,-6.49
22.97883948,-6.339
22.980931074,-6.339
22.982877184000003,-6.219
22.984880289000003,-6.452
22.986844437000002,-6.453
22.988775091,-6.226
22.990754691000003,-6.347
22.992771128,-6.207
22.994772837000003,-6.306
22.996900789,-6.405
22.998751907000003,-6.372
23.000949859000002,-6.372
23.002830846000002,-6.327
23.004799317,-6.21
23.006723161,-5.997
23.008783724,-5.827
23.01077892,-5.912
23.012773237,-5.856
23.01476916,-5.814
23.016751647000003,-5.765
23.01890852,-5.823
23.021122586,-5.823
23.022942624000002,-5.783
23.024920247,-5.799
23.026919735,-5.773
23.028878206,-5.566
23.030923587,-5.671
23.032987035,-5.574
23.034947588,-5.627
23.036931662,-5.689
23.038793405,-5.463
23.041055751000002,-5.409
23.042938471000003,-5.409
23.045109282000002,-5.296
23.046988232,-5.455
23.048808236000003,-5.455
23.050768949000002,-5.495
23.052898332,-5.881
23.054838315,-6.046
23.056902279000003,-6.067
23.059026395,-5.775
23.061315214,-5.775
23.063080283,-6.23
23.065087114,-6.445
23.066933741,-6.156
23.068902654000002,-6.264
23.070886587,-6.264
23.072801932,-6.413
23.075030107,-6.4190000000000005
23.076916219,-6.136
23.078795468000003,-6.17
23.080947016000003,-6.17
23.08294103,-6.4
23.084841098000002,-6.4
23.086824023000002,-6.187
23.088839957,-6.226
23.090846341000002,-6.226
23.092993226,-6.1610000000000005
23.094977493000002,-6.248
23.09686406,-6.271
23.098768035000003,-6.144
23.101162174000002,-6.144
23.103145151000003,-6.405
23.105060924,-6.167
23.106907048,-6.167
23.108974284000002,-6.113
23.110926329,-6.113
23.112894185000002,-6.222
23.114847943,-6.329
23.116834616000002,-6.205
23.118807126,-6.117
23.120939537,-6.117
23.122807826000003,-6.245
23.124770662000003,-5.817
23.126873751,-6.05
23.128815338000003,-5.933
23.130861442,-5.666
23.132797115000002,-5.563
23.134956435000003,-5.724
23.136749586,-5.857
23.138752971000002,-5.745
23.140930761,-5.745
23.142832966,-5.4510000000000005
23.144889037000002,-5.721
23.146885742000002,-5.908
23.148862607,-5.961
23.150782977000002,-5.961
23.152773032000002,-5.91
23.154966612000003,-5.828
23.156809008,-6.096
23.158801451000002,-5.908
23.160996222,-5.908
23.163093639000003,-5.964
23.164957924000003,-5.964
23.166788627000003,-5.8950000000000005
23.168771759000002,-6.03
23.170828262,-6.03
23.172783926,-6.061
23.174777324,-5.994
23.176778256000002,-6.136
23.178745527,-6.277
23.180966178000002,-6.277
23.182891759,-6.174
23.184875401000003,-6.01
23.186799554,-6.458
23.188788397,-6.489
23.190799841,-6.489
23.192795119000003,-6.578
23.194781136000003,-6.545
23.196839765,-6.506
23.198858142000002,-6.628
23.201097671000003,-6.628
23.203063973000003,-6.522
23.205007049000002,-6.522
23.206979487,-6.525
23.209047933,-6.256
23.210963839,-6.256
23.212951348,-6.434
23.214987215,-6.168
23.216776479,-6.173
23.219206207000003,-6.12
23.221305951,-6.12
23.223080849000002,-6.067
23.224978121000003,-6.087
23.226922741000003,-6.26
23.229040036,-6.223
23.231040259,-6.223
23.233030269,-6.276
23.2350557,-6.276
23.237091846000002,-6.382000000000001
23.239187161,-6.293
23.241132323000002,-6.293
23.243137172,-6.187
23.245122768,-6.139
23.247150087,-6.319
23.249202452000002,-5.869
23.251074184,-5.869
23.252967787000003,-5.933
23.254927269000003,-5.8420000000000005
23.256797552000002,-5.831
23.258915384,-6.139
23.261282137000002,-6.056
23.263193358000002,-6.056
23.265025917000003,-6.017
23.267147480000002,-5.812
23.269202905,-5.812
23.271068186,-5.658
23.272973630000003,-5.89
23.275014305000003,-5.871
23.276796336,-5.9430000000000005
23.279029307000002,-5.9750000000000005
23.281255218000002,-5.9750000000000005
23.283147812000003,-5.751
23.284932719,-5.751
23.287015838000002,-5.86
23.289029969,-6.147
23.291106510000002,-6.176
23.293196703000003,-6.114
23.295219675000002,-6.073
23.297081808,-6.073
23.299076290000002,-6.093
23.301338825000002,-6.167
23.303191162,-6.167
23.305009515000002,-6.246
23.307036728,-6.125
23.309168419000002,-6.101
23.311119328,-5.8740000000000006
23.313047993,-6.188
23.315147057,-5.908
23.317008354000002,-5.961
23.318741014,-5.841
23.321019971000002,-5.878
23.322805562000003,-5.878
23.324815554,-5.869
23.32675571,-5.612
23.328817805,-6.134
23.330830111,-5.979
23.332796995000002,-5.783
23.334802608,-5.861
23.336771950000003,-5.946
23.338797964,-5.987
23.341067037000002,-5.8500000000000005
23.342830137,-5.8500000000000005
23.344830384,-5.912
23.346803169,-6.149
23.348841148,-6.0440000000000005
23.350864660000003,-6.0440000000000005
23.352961496000002,-6.125
23.354796674000003,-6.125
23.356771862000002,-6.075
23.358778627000003,-6.046
23.360986686,-6.075
23.362845926000002,-6.075
23.364920453,-6.046
23.366958565,-6.158
23.368784548,-5.997
23.370897587,-5.973
23.372741721,-6.021
23.374805267000003,-6.319
23.376752804000002,-6.056
23.378777868,-6.2170000000000005
23.380993379000003,-6.247
23.382843213,-6.247
23.384807109,-6.104
23.386767492,-6.157
23.388789558000003,-5.878
23.390761376,-5.922
23.392741741000002,-5.804
23.394808563,-5.783
23.396770322000002,-6.105
23.39876775,-5.9430000000000005
23.400953693,-5.9750000000000005
23.402951268000002,-5.9750000000000005
23.404794264000003,-6.008
23.406865420000003,-6.242
23.408820604000002,-6.242
23.410771684,-6.117
23.412770213,-6.224
23.414742486,-6.1850000000000005
23.416781987,-6.117
23.418792642000003,-6.187
23.421114531,-6.139
23.422985175,-6.139
23.424952700000002,-6.097
23.426884718,-5.91
23.428920578000003,-5.72
23.430946891,-5.773
23.432927932000002,-5.908
23.43478818,-6.072
23.436840351,-5.852
23.438769935,-5.773
23.440958537,-5.857
23.442874255000003,-5.857
23.444783661000002,-5.907
23.446800309,-5.8180000000000005
23.448845533,-6.247
23.450771091,-5.934
23.452788786000003,-5.8580000000000005
23.454786764,-5.88
23.456784936000002,-5.934
23.458791293,-5.89
23.461017206,-5.922
23.462797972,-5.922
23.464790049,-5.986
23.466885631,-6.328
23.469088436,-6.179
23.470836355000003,-6.135
23.472910826000003,-6.253
23.474853876,-6.37
23.476757077000002,-6.21
23.478759228,-6.125
23.48114521,-6.157
23.482901050000002,-6.157
23.484922055000002,-6.082
23.487005508000003,-6.179
23.488817477,-6.2540000000000004
23.490756778,-6.371
23.492958087,-6.255
23.494737948,-6.041
23.496774873000003,-6.01
23.498824351000003,-6.148
23.501232747000003,-6.157
23.502941218,-6.157
23.504891076,-6.192
23.507142975,-6.179
23.508864446,-6.179
23.510860265,-6.192
23.51306123,-6.192
23.514829932,-6.1530000000000005
23.516855879,-5.974
23.519020373,-5.987
23.521009562,-6.003
23.522901155000003,-6.003
23.524813747000003,-5.979
23.526873994000002,-6.144
23.528839910000002,-6.299
23.530903359,-6.104
23.532959325,-6.158
23.534884302000002,-6.1690000000000005
23.536920275,-6.223
23.53890558,-6.2010000000000005
23.541059237000002,-6.216
23.542805960000003,-6.216
23.544803337,-6.178
23.546812468000002,-6.178
23.548785562000003,-6.5120000000000005
23.550920401000003,-5.923
23.552839214000002,-6.105
23.554903560000003,-6.223
23.556798533000002,-6.223
23.558797716,-6.1530000000000005
23.560954688000002,-6.1000000000000005
23.562801944,-6.1000000000000005
23.56476288,-6.118
23.566714264,-6.118
23.568761152,-6.1000000000000005
23.570750475,-6.152
23.572784977,-5.995
23.574770009,-6.117
23.576860142,-6.087
23.578916495,-5.986
23.581083878,-6.067
23.583009254,-6.067
23.585029548,-6.126
23.586911008,-6.126
23.588972272000003,-5.947
23.590753977000002,-5.899
23.592783912,-6.0
23.594742816,-6.019
23.596775693,-5.995
23.598787606000002,-6.091
23.600991970000003,-5.84
23.602999847000003,-5.84
23.604965905,-6.166
23.607108219,-5.9910000000000005
23.608975939,-6.101
23.610901652000003,-6.101
23.612860177,-6.011
23.614939975000002,-6.049
23.616913630000003,-6.207
23.618813784,-5.995
23.620998197000002,-6.073
23.623063479000002,-6.073
23.624811212,-6.106
23.626847628,-6.392
23.628919380000003,-6.179
23.63083787,-6.222
23.632741536,-6.094
23.634734327,-6.0600000000000005
23.6367863,-6.199
23.638754337,-6.157
23.641192394,-6.242
23.643313136,-6.242
23.644957324,-6.307
23.647222250000002,-6.082
23.64889999,-6.082
23.650938721000003,-6.23
23.652843977,-6.167
23.654998271,-6.104
23.656913527,-6.199
23.658973919,-6.094
23.660982004,-6.2860000000000005
23.663082085000003,-6.2860000000000005
23.664830284,-6.284
23.666855002000002,-6.126
23.668987482000002,-5.993
23.670798165,-5.993
23.672806443000002,-5.926
23.674847918,-5.979
23.676874844,-5.987
23.679052154,-5.926
23.681131264,-5.926
23.683034548000002,-5.925
23.684943256,-5.925
23.687017014000002,-5.934
23.688786666000002,-6.224
23.690775547,-5.987
23.692756894000002,-6.103
23.694747707,-6.104
23.696825660000002,-6.082
23.699110003,-6.21
23.701198502,-6.104
23.703109274000003,-6.104
23.70488559,-6.05
23.706751587000003,-6.23
23.708852985,-6.189
23.710843195000002,-6.167
23.712899449000002,-6.242
23.7147833,-5.997
23.716814407,-6.317
23.718933752,-6.0600000000000005
23.721243602,-6.041
23.722800881,-6.041
23.724870265,-6.179
23.726820798000002,-5.934
23.728823254,-5.965
23.73086245,-5.956
23.732826785,-5.987
23.734786251000003,-6.0
23.736838176000003,-5.9030000000000005
23.73887655,-5.872
23.741123869000003,-6.041
23.743130767,-6.041
23.744819064,-6.156
23.747028655,-5.88
23.749097282,-5.88
23.750919326,-6.056
23.752882092,-6.079
23.755109322000003,-6.04
23.756820934,-6.163
23.758767032,-5.849
23.761073271,-6.064
23.762803355000003,-6.064
23.764805477000003,-5.896
23.766910099,-5.888
23.768885759,-6.094
23.770801126000002,-6.094
23.77296549,-5.88
23.774864776,-5.8580000000000005
23.776855348,-6.063
23.778986345,-5.926
23.781038521000003,-5.9110000000000005
23.783017572000002,-5.9110000000000005
23.785204327000002,-5.994
23.787006316000003,-6.064
23.788960698,-6.024
23.790974695000003,-6.024
23.79303509,-5.926
23.795017310000002,-6.064
23.797112258000002,-5.88
23.798789096,-5.997
23.801026014,-5.997
23.802931444000002,-6.104
23.804935147000002,-6.061
23.806766769000003,-6.146
23.808786057000003,-6.106
23.810833756,-6.126
23.812830823000002,-6.159
23.814783863000002,-6.305
23.816777583,-6.140000000000001
23.818775788,-6.140000000000001
23.82112057,-6.304
23.822945099000002,-6.304
23.825127261000002,-6.1930000000000005
23.826863769000003,-5.987
23.828992609,-5.914
23.830905190000003,-5.88
23.833207804,-5.9670000000000005
23.834830282000002,-5.954
23.837024134,-5.9430000000000005
23.83905182,-5.965
23.841069270000002,-5.965
23.843135736,-5.957
23.845120699000002,-5.957
23.847066086,-5.914
23.849144158,-5.908
23.850970622000002,-5.905
23.853144426,-5.905
23.854918744000003,-6.095
23.857046147000002,-6.07
23.859084117000002,-5.827
23.861166148000002,-5.961
23.863015365000003,-5.961
23.865005351,-6.069
23.867069136,-5.882000000000001
23.869110281,-5.882000000000001
23.871164410000002,-6.0200000000000005
23.873212269000003,-5.882000000000001
23.875105802,-5.882000000000001
23.87686069,-5.857
23.879139439000003,-5.914
23.881328563,-5.914
23.88320922,-5.803
23.885144617,-5.803
23.886928112000003,-5.854
23.888926967,-5.806
23.890987542,-5.78
23.893018257,-5.662
23.89481822,-5.857
23.897082964000003,-5.588
23.89901846,-5.588
23.900972967,-5.6930000000000005
23.9028145,-5.6930000000000005
23.904806056,-5.674
23.906803575,-5.988
23.90877465,-5.803
23.910787339000002,-5.885
23.912787143000003,-5.719
23.914787262,-5.752
23.916739300000003,-6.021
23.918799346,-5.806
23.920952492,-5.835
23.922845478000003,-5.835
23.924801475000002,-5.964
23.926937577,-5.926
23.92883874,-5.926
23.930792896,-6.005
23.93276659,-6.146
23.934801816,-6.266
23.936833025000002,-5.966
23.938909395000003,-6.222
23.941099135,-6.065
23.942937122,-6.065
23.944771422000002,-6.171
23.946789308000003,-6.417
23.948805593000003,-6.417
23.950822096000003,-6.382000000000001
23.952764457,-6.4
23.954773125000003,-6.295
23.95676735,-6.23
23.958792081000002,-6.099
23.960961284000003,-6.2860000000000005
23.962827385,-6.2860000000000005
23.964803089,-6.157
23.96675999,-6.094
23.968874556000003,-6.148
23.970849487000002,-6.05
23.97275406,-6.134
23.974794864000003,-6.104
23.976752747000003,-5.992
23.978891280000003,-6.115
23.981007013000003,-6.115
23.982857797,-6.071
23.984882986000002,-6.0600000000000005
23.986796152,-6.0600000000000005
23.988781443,-6.182
23.990778907000003,-6.211
23.992787944,-5.989
23.994766117,-6.075
23.996776381,-6.125
23.998784005,-6.013
24.000948231000002,-5.987
24.002806985000003,-5.987
24.004796664,-6.075
24.006798712000002,-5.962
24.009007325000002,-6.183
24.01087692,-6.183
24.012868561,-5.985
24.014797671,-6.094
24.016812568000002,-6.522
24.018771146000002,-6.439
24.021121211,-6.226
24.02301226,-6.226
24.024978871000002,-6.803
24.026855824000002,-6.17
24.028998199,-6.449
24.030911196,-6.442
24.032889237000003,-6.549
24.034957736000003,-6.773000000000001
24.036978719,-6.388
24.039246465,-6.478
24.041108904,-6.529
24.043036679,-6.529
24.044861885000003,-6.372
24.046875075000003,-6.424
24.049187241000002,-6.424
24.050875863,-6.309
24.052840465000003,-6.375
24.055047139000003,-6.134
24.056808687,-5.873
24.058782117,-5.803
24.061099693000003,-5.946
24.062883209000002,-5.946
24.06485211,-5.655
24.067076592000003,-5.867
24.068913852,-5.7940000000000005
24.070753460000002,-6.0440000000000005
24.072921206,-5.716
24.074756006,-5.691
24.076804033000002,-5.613
24.078999207000003,-5.613
24.081140922000003,-5.613
24.082906306,-5.6450000000000005
24.084990007000002,-5.4510000000000005
24.086840825000003,-5.418
24.08897242,-5.313
24.090784368,-5.257
24.092887114,-5.274
24.09478822,-5.295
24.096816532000002,-5.212
24.098768977000002,-5.191
24.101056053,-5.211
24.102916338,-5.211
24.104912910000003,-5.136
24.10677542,-5.063
24.109062979,-5.126
24.111118967000003,-4.9830000000000005
24.112780405000002,-4.9830000000000005
24.114750241000003,-5.063
24.116944078000003,-5.085
24.118938608,-5.136
24.121122916,-5.315
24.122988095,-5.315
24.124786919,-5.2620000000000005
24.126942749,-5.4
24.128929327,-5.457
24.130773401000003,-5.713
24.132760853,-5.8260000000000005
24.134974657,-5.7540000000000004
24.137094836000003,-6.04
24.138819087,-6.04
24.141102664,-5.752
24.143268356,-5.752
24.145054834,-6.211
24.147172480000002,-6.069
24.149349407000003,-6.093
24.150958946000003,-6.093
24.152905995,-6.0200000000000005
24.154819316,-5.8660000000000005
24.156870019000003,-5.9190000000000005
24.159075982,-5.901
24.161375937000003,-5.901
24.163163737,-6.027
24.164909317000003,-6.045
24.167131549,-5.973
24.168868435,-5.729
24.171018063,-5.909
24.172975773,-5.646
24.174903003,-5.7780000000000005
24.176768713,-5.72
24.179091136,-5.666
24.181129231,-5.666
24.183000898000003,-5.666
24.185200036,-5.617
24.186923992,-5.617
24.188951053,-5.55
24.191006426,-5.378
24.193095640000003,-5.283
24.194885417000002,-5.363
24.197006055000003,-5.256
24.198847039,-5.221
24.201156703000002,-5.239
24.203074657000002,-5.239
24.204927323000003,-5.236
24.207101551,-5.1080000000000005
24.208824777,-5.3790000000000004
24.210793376,-5.315
24.212794049000003,-5.251
24.214798869000003,-5.227
24.216825096,-5.212
24.218955697000002,-5.07
24.221091836000003,-5.07
24.222916058000003,-5.238
24.22484224,-5.355
24.226804563,-5.369
24.228851029,-5.396
24.230908363,-5.5360000000000005
24.232940038000002,-5.6080000000000005
24.234926578000003,-5.6080000000000005
24.237035068,-5.662
24.238872538000003,-5.454
24.241143415,-5.397
24.242868826000002,-5.397
24.244784134000003,-5.488
24.247002477000002,-5.655
24.249102190000002,-5.655
24.250851111000003,-5.64
24.253004543000003,-5.4750000000000005
24.254853862,-5.4750000000000005
24.256824949000002,-5.6080000000000005
24.259034438,-5.455
24.261121101,-5.455
24.263087510000002,-5.594
24.264859534000003,-5.502
24.267107699,-5.414
24.269106834000002,-5.414
24.270813309,-5.431
24.272907346,-5.346
24.274962228000003,-5.257
24.276791019,-5.346
24.279037130000003,-5.432
24.280990957,-5.432
24.282903257,-5.3100000000000005
24.284972265,-5.3100000000000005
24.286780171,-5.17
24.288847721,-5.556
24.290848034000003,-5.6240000000000006
24.292795078,-5.6240000000000006
24.294787706,-5.488
24.296797027,-5.609
24.298771019,-5.363
24.300969395000003,-5.522
24.302814621000003,-5.522
24.304806866,-5.414
24.306764377,-5.6080000000000005
24.308780097000003,-5.6610000000000005
24.311090034000003,-5.625
24.312986679,-5.625
24.314970033,-5.484
24.316869719000003,-5.784
24.318981356000002,-5.697
24.32101484,-5.697
24.322860153,-5.773
24.324905463,-5.667
24.326805362,-5.667
24.328769518,-5.541
24.330774714,-5.506
24.332865215,-5.506
24.334755282000003,-5.613
24.336807152000002,-5.667
24.338957909,-5.658
24.340966994000002,-5.658
24.34292203,-5.4670000000000005
24.344810032,-5.829
24.346884788,-5.588
24.348868927,-5.72
24.350925542000002,-5.747
24.352934606,-5.747
24.355051680000003,-5.884
24.356859534,-5.704
24.358939768000003,-5.8020000000000005
24.361111616000002,-5.8020000000000005
24.362837966,-5.9910000000000005
24.364954812,-5.819
24.366875901,-5.849
24.368859474,-5.849
24.370962390000003,-5.865
24.372782082,-5.782
24.374855801000002,-5.723
24.376757467,-5.836
24.379031601,-5.964
24.38102784,-5.855
24.382908655,-5.855
24.384877296000003,-5.72
24.386791799,-5.65
24.388937839,-5.742
24.391015633000002,-5.497
24.392901696000003,-5.463
24.394932724,-5.335
24.396983665,-5.276
24.398782046,-5.154
24.400997051,-5.109
24.402821351,-5.109
24.404811797,-4.9670000000000005
24.406774939,-5.134
24.408889459,-5.29
24.410783965,-5.256
24.412765121000003,-5.276
24.414800713,-5.166
24.416899814,-5.197
24.418775580000002,-5.288
24.420947816,-5.288
24.422901921,-5.1770000000000005
24.424804561000002,-5.1770000000000005
24.426790473,-5.2170000000000005
24.428981097,-5.4430000000000005
24.430930164000003,-5.4430000000000005
24.432781830000003,-5.289
24.434914545,-5.421
24.43713367,-5.503
24.438810045,-5.503
24.441040112000003,-5.5200000000000005
24.442990707,-5.5200000000000005
24.444835239000003,-5.688
24.446891241000003,-6.05
24.44899102,-5.743
24.450809544000002,-5.743
24.452788390000002,-5.865
24.454839824,-5.758
24.456794228000003,-5.807
24.458772592000003,-5.7
24.460958893,-5.861
24.462944742,-5.861
24.464832185000002,-5.9190000000000005
24.466785027,-5.89
24.46880587,-5.724
24.470776979,-5.724
24.472786900000003,-5.774
24.474826055,-5.532
24.476979044,-5.745
24.478873671000002,-5.773
24.48101717,-5.773
24.482936441000003,-5.773
24.484921272,-5.823
24.486989796000003,-5.823
24.488894087000002,-5.474
24.490844798,-5.987
24.492777165000003,-5.51
24.495059449000003,-5.7330000000000005
24.496910284000002,-5.7
24.499002825,-5.681
24.500970535,-5.681
24.502911912000002,-5.8340000000000005
24.504843182000002,-5.8340000000000005
24.506801676000002,-5.6770000000000005
24.508774220000003,-5.817
24.510800356,-5.665
24.512787433000003,-5.783
24.51480252,-5.7090000000000005
24.516778812000002,-5.6450000000000005
24.519011528,-5.591
24.521006974000002,-5.591
24.523031048,-5.795
24.524934085,-5.889
24.526833561,-5.789
24.528772821,-5.812
24.530784438,-5.727
24.532807417,-5.668
24.534817277000002,-5.825
24.536799608000003,-5.774
24.538780384000002,-5.933
24.540990479,-5.933
24.542889519000003,-6.05
24.5448774,-5.839
24.546843438,-5.839
24.548809467,-6.085
24.550771367000003,-6.132000000000001
24.552803317000002,-6.05
24.554775825,-6.086
24.556775830000003,-6.17
24.558814548,-6.091
24.560962137,-6.091
24.562917775000003,-5.987
24.564985370000002,-5.987
24.566825565000002,-5.9750000000000005
24.568848853000002,-6.017
24.570951477,-5.987
24.572814429,-5.987
24.574811615,-5.899
24.576785347,-5.88
24.578761377000003,-5.827
24.580980755000002,-5.78
24.582867264,-5.78
24.584838968000003,-5.926
24.586925137,-6.063
24.588911227,-5.963
24.590921578000003,-6.033
24.592808081,-5.9190000000000005
24.594885272000003,-5.997
24.596805840000002,-5.8500000000000005
24.598775640000003,-5.936
24.601132549000003,-5.933
24.602956207000002,-5.933
24.605071566000003,-5.855
24.606917812000002,-5.854
24.609019041,-5.7780000000000005
24.610782963000002,-5.514
24.613000736,-5.719
24.614847381,-5.9110000000000005
24.616832510000002,-5.282
24.618909103,-5.508
24.621183949000002,-5.628
24.623028671,-5.628
24.624909062,-5.73
24.626794804000003,-5.397
24.628947654,-5.468
24.630903688,-5.362
24.632860232000002,-5.396
24.634773248000002,-5.292
24.636750115,-5.468
24.638772143,-5.5040000000000004
24.640986121,-5.5200000000000005
24.642845103000003,-5.5200000000000005
24.644811124,-5.292
24.646783963,-5.274
24.648769661000003,-5.343
24.650776089,-5.22
24.652791844000003,-5.561
24.654786715,-5.238
24.656882441,-5.315
24.658869589000002,-5.497
24.660933525,-5.788
24.662904276000003,-5.788
24.665038357,-5.574
24.66678514,-5.703
24.668789828,-5.829
24.670794606,-6.046
24.673007700000003,-5.9110000000000005
24.674948281000002,-5.989
24.676779722000003,-5.968
24.678781644,-5.832
24.681138485,-5.936
24.682836383,-5.936
24.684819327000003,-5.892
24.686870399,-5.5600000000000005
24.68881254,-5.5600000000000005
24.690774309000002,-5.533
24.692770928,-5.72
24.694803786,-5.532
24.696773974000003,-5.613
24.698874328000002,-5.586
24.701028028000003,-5.586
24.702878637,-5.666
24.704891249000003,-5.609
24.706930181,-19.491
24.708832393,-14.156
24.710808031000003,-11.733
24.712788271,-11.955
24.71500104,-14.046000000000001
24.716934652000003,-15.915000000000001
24.718970889,-16.247
24.721036108,-15.559000000000001
24.722928035000002,-15.559000000000001
24.724883214000002,-14.502
24.726941351,-13.343
24.729136500000003,-13.343
24.730842356,-13.620000000000001
24.732791611000003,-12.248000000000001
24.734789123000002,-12.157
24.736835412,-11.941
24.738988833,-11.806000000000001
24.741107452,-11.806000000000001
24.743051522000002,-11.315
24.744906903,-10.474
24.746917623,-9.951
24.748937458,-9.721
24.750882019000002,-9.899000000000001
24.752852357000002,-9.181000000000001
24.754916629,-8.709
24.756840351,-8.429
24.758931522,-8.524000000000001
24.761123918000003,-8.535
24.762902759000003,-8.535
24.764942329,-8.002
24.766938501000002,-7.6450000000000005
24.768805776,-7.418
24.770906416000003,-7.418
24.772834007,-7.463
24.774867175,-7.064
24.77694426,-6.912
24.779081997000002,-7.051
24.781124665,-6.981
24.782858125,-6.981
24.784968012,-6.354
24.78690049,-6.2330000000000005
24.789028816000002,-6.343
24.791037259000003,-6.494
24.793019137,-6.452
24.794921852,-6.298
24.796941372000003,-5.79
24.799156863,-5.675
24.801148541,-5.675
24.803196945,-5.57
24.805058646000003,-6.0200000000000005
24.807011178,-6.239
24.808899320000002,-6.599
24.811163057,-6.469
24.813111375000002,-6.683
24.815136520000003,-6.6690000000000005
24.817111483,-6.957
24.819244894,-7.1000000000000005
24.821230886000002,-7.144
24.823012139000003,-7.144
24.824964186000003,-7.696
24.826998509000003,-8.773
24.829017673000003,-8.773
24.830917982000003,-9.119
24.833132003000003,-8.575000000000001
24.835061347,-8.545
24.836913674,-8.991
24.838987076000002,-9.336
24.841340419,-9.788
24.843170916000002,-9.788
24.844970163000003,-9.86
24.847065994,-9.521
24.848951883,-9.521
24.850883554000003,-9.348
24.853044160000003,-9.323
24.85500811,-9.493
24.856904046,-9.236
24.859073466,-9.236
24.861057656,-9.535
24.863088394000002,-9.535
24.864908826,-9.508000000000001
24.867094912000002,-9.51
24.869161526000003,-9.841000000000001
24.871001497,-9.841000000000001
24.872954808000003,-9.921
24.874923768000002,-9.645
24.876889416,-9.645
24.879021386,-9.645
24.88113306,-9.747
24.882840230000003,-9.747
24.884877331000002,-9.396
24.886873124,-9.551
24.888875637,-9.398
24.890864406000002,-9.482
24.892820200000003,-9.388
24.894852322000002,-9.361
24.896785992,-9.373
24.898835341,-9.373
24.900990311,-9.4
24.902840538000003,-9.4
24.904831056000003,-9.053
24.906807214,-9.017
24.908997735,-9.017
24.910893445000003,-9.263
24.912921541000003,-8.477
24.914978884,-8.667
24.917056679,-8.737
24.918990525,-8.737
24.921097599000003,-8.638
24.923293287,-8.638
24.925153458,-8.434000000000001
24.926933462,-8.458
24.929148005000002,-8.458
24.930807286,-8.351
24.932923494,-8.016
24.935101255000003,-7.914000000000001
24.937078435,-7.597
24.939138686000003,-7.597
24.941067574,-7.6690000000000005
24.942958807,-7.6690000000000005
24.944807561,-7.239
24.946850709000003,-7.001
24.94887753,-7.001
24.950819438,-7.115
24.952857708,-7.134
24.954912941,-7.123
24.956849758,-7.119
24.958806794,-7.119
24.960992509,-7.061
24.963080889,-7.061
24.964996582,-6.9750000000000005
24.966884302,-6.723
24.968872695,-6.723
24.970821799000003,-6.7330000000000005
24.972790283000002,-6.612
24.975046622,-6.49
24.976836076,-6.5680000000000005
24.978826910000002,-6.5680000000000005
24.980992014,-6.442
24.982818635,-6.442
24.98480989,-6.434
24.986795758000003,-6.348
24.988828548,-6.348
24.990788507,-6.472
24.992778294,-6.54
24.994806305,-6.135
24.996759959000002,-6.308
24.998888873000002,-6.339
25.001030513,-6.42
25.002825944,-6.42
25.004794893000003,-6.123
25.006797275,-6.418
25.008846684,-6.418
25.010793178,-6.0680000000000005
25.012796972,-6.046
25.014785936000003,-6.29
25.016791804,-6.151
25.018767835000002,-6.151
25.020986271,-6.117
25.022980420000003,-6.117
25.024831368,-6.082
25.026962078,-5.954
25.028812445,-5.954
25.030798734,-5.934
25.032781169000003,-5.502
25.034792936000002,-5.38
25.036812886,-5.844
25.038838783000003,-5.844
25.041102408,-5.392
25.042964271000002,-5.392
25.044970463000002,-5.354
25.046840037000003,-5.308
25.048935280000002,-5.308
25.050952403,-5.2700000000000005
25.052953488,-5.291
25.054943992000002,-5.328
25.056870837,-5.335
25.058907805,-5.3180000000000005
25.061132938,-5.329
25.063167923,-5.329
25.064880753,-5.223
25.06705021,-5.261
25.06914909,-5.261
25.070948835000003,-5.314
25.073057347000002,-5.3020000000000005
25.075144391000002,-5.1160000000000005
25.076932074000002,-5.1160000000000005
25.079095064,-5.069
25.081171971,-5.212
25.082952163,-5.212
25.085125869000002,-5.114
25.086827928,-5.118
25.089005344,-5.118
25.090918391000002,-5.03
25.092806214000003,-5.123
25.094863020000002,-5.026
25.096814503,-5.071
25.099158983000002,-5.072
25.101246411,-5.072
25.102989518,-4.8
25.105060656000003,-4.992
25.107013782000003,-5.085
25.108978893000003,-5.085
25.110860066,-5.078
25.113193211000002,-5.077
25.1150999,-5.077
25.117018693000002,-4.982
25.118903296000003,-5.21
25.120982585,-5.21
25.122835203,-5.258
25.124913354,-5.212
25.126822896,-5.212
25.129020124,-5.162
25.130808921,-5.162
25.132877939,-5.023
25.134838923,-5.117
25.136844286000002,-5.1160000000000005
25.138965265000003,-5.1160000000000005
25.141003435000002,-5.1160000000000005
25.142882241000002,-5.1160000000000005
25.144812647000002,-5.024
25.147033285000003,-5.119
25.148820752000002,-5.119
25.151006936,-5.025
25.152789430000002,-5.163
25.155020605,-5.117
25.157003462000002,-5.2090000000000005
25.159020121,-5.256
25.161089525,-5.256
25.163046704000003,-5.164
25.164789526,-5.07
25.166844514,-5.2090000000000005
25.169161536,-5.164
25.170972393000003,-5.164
25.172928836,-5.069
25.174865625000002,-5.2090000000000005
25.176758258000003,-5.1160000000000005
25.178900584,-5.163
25.181120392,-5.256
25.182952591000003,-5.256
25.184781492000003,-5.023
25.186802079000003,-5.2090000000000005
25.188818793000003,-5.21
25.190767139000002,-5.304
25.192776889,-5.071
25.194782593000003,-5.162
25.196789121000002,-5.3020000000000005
25.198875988,-5.163
25.200956578000003,-5.163
25.202804714000003,-5.163
25.204783201,-5.069
25.206788541,-5.2090000000000005
25.208820205000002,-5.1160000000000005
25.210800067,-5.1160000000000005
25.212790176000002,-5.256
25.214872191,-5.256
25.216752945000003,-4.976
25.218804898000002,-5.164
25.220970036,-5.2090000000000005
25.222862071,-5.2090000000000005
25.224811731000003,-5.163
25.226768545000002,-5.21
25.228783107,-5.257
25.230779844,-4.979
25.232753719,-5.349
25.234772619,-5.257
25.236771076,-5.213
25.238788651,-5.26
25.240944097,-5.166
25.242924593,-5.166
25.244930723000003,-5.356
25.247044680000002,-5.352
25.249080324,-5.1160000000000005
25.250886742000002,-5.45
25.252791578,-5.309
25.254786210000002,-5.315
25.256770191,-5.165
25.258824056,-5.402
25.261073761000002,-5.261
25.26300162,-5.261
25.26484079,-5.322
25.266990549000003,-5.357
25.268862509,-5.354
25.270895788,-5.309
25.272968180000003,-5.267
25.274860039,-5.297
25.276935376,-5.261
25.27894886,-5.171
25.281004937000002,-5.352
25.282814864000002,-5.352
25.284777455,-5.357
25.286800367,-5.3500000000000005
25.288780891000002,-5.071
25.290883061000002,-5.168
25.292934561000003,-5.168
25.29479259,-5.356
25.296773321,-5.314
25.298807699,-5.214
25.30119682,-5.211
25.303007799000003,-5.211
25.305001279000003,-5.447
25.306944731,-5.168
25.308874522,-5.349
25.311000279,-5.36
25.312799315000003,-5.264
25.314757505000003,-5.36
25.316796516,-5.357
25.31894003,-5.412
25.321265615,-5.373
25.322927739,-5.373
25.324916783000003,-5.32
25.327010474,-5.319
25.328785218,-5.509
25.330986743,-5.319
25.333184727000003,-5.412
25.334949643,-5.412
25.336800416000003,-5.373
25.338804705,-5.433
25.341004813,-5.433
25.342816103,-5.433
25.344845344000003,-5.433
25.346815755,-5.28
25.348790843000003,-5.41
25.350811506000003,-5.28
25.352822921,-5.477
25.35477107,-5.46
25.356786857000003,-5.445
25.358788385,-5.226
25.361037329000002,-5.226
25.363009181000002,-5.242
25.365040490000002,-5.416
25.366929101,-5.4270000000000005
25.368913205000002,-5.422
25.370884075000003,-5.335
25.372906742,-5.465
25.374891788000003,-5.465
25.376915628000003,-5.416
25.378983434000002,-5.4110000000000005
25.380977303,-5.4110000000000005
25.382977305,-5.2700000000000005
25.384908412,-5.237
25.386885550000002,-5.422
25.388828217,-5.303
25.390783828,-5.46
25.392780457,-5.46
25.394866682,-5.509
25.396871020000003,-5.422
25.399092134,-5.2700000000000005
25.401299774,-5.329
25.403002553,-5.329
25.405142077,-5.373
25.407020923,-5.494
25.409218656,-5.3340000000000005
25.410968949,-5.1930000000000005
25.412973018000002,-5.1930000000000005
25.415056259,-5.433
25.4169424,-5.319
25.418840843,-5.525
25.421122684,-5.222
25.423326983000003,-5.222
25.425004884000003,-5.422
25.426991653,-5.466
25.428953602,-5.417
25.430957340000003,-5.373
25.432902272000003,-5.295
25.434940486000002,-5.377
25.43690308,-5.32
25.439112,-5.417
25.441413623000003,-5.417
25.443226029,-5.368
25.445148143,-5.425
25.447031780000003,-5.425
25.448977457,-5.368
25.451028963000002,-5.215
25.453125601,-5.215
25.455106535000002,-5.337
25.456991499,-5.271
25.458875669,-5.364
25.46094055,-5.364
25.462819526,-5.328
25.464853648000002,-5.275
25.466884518,-5.461
25.468791905000003,-5.32
25.470746019,-5.279
25.472776821,-5.275
25.474785492000002,-5.219
25.47677754,-5.283
25.478852973000002,-5.264
25.480999579000002,-5.449
25.482834451000002,-5.449
25.484825759000003,-5.408
25.486881266,-5.597
25.488828691000002,-5.271
25.490795628,-5.168
25.492864798000003,-5.126
25.494816646,-5.126
25.496885484,-5.456
25.498916648,-5.174
25.501033906,-5.2700000000000005
25.502977922000003,-5.2700000000000005
25.504929984,-5.174
25.506998913,-5.264
25.509059603,-5.312
25.511020658000003,-5.312
25.513121245,-5.495
25.515162510000003,-5.363
25.516924082000003,-5.315
25.519291322,-5.261
25.521177246,-5.261
25.523376422000002,-5.3180000000000005
25.525303468,-5.3180000000000005
25.526951336000003,-5.402
25.52879018,-5.222
25.530814090000003,-5.315
25.532804442000003,-5.367
25.534769093,-5.174
25.536788203,-5.171
25.538813656000002,-5.351
25.540952344,-5.351
25.542858446,-5.168
25.544884470000003,-5.258
25.546883134,-5.309
25.548773679,-5.216
25.550899495000003,-5.405
25.552818948000002,-5.219
25.554788176000002,-5.168
25.556792867000002,-5.264
25.558794825000003,-5.264
25.561045447,-5.2700000000000005
25.563043067000002,-5.2700000000000005
25.564926782,-5.312
25.566871362,-5.405
25.568894155000002,-5.405
25.570778008,-5.213
25.572761304,-5.408
25.574784412000003,-5.082
25.576786963,-5.264
25.578847756000002,-5.252
25.580965659,-5.252
25.582949881,-5.168
25.584890363000003,-5.168
25.586833029,-5.354
25.588830749000003,-5.315
25.590849915000003,-5.315
25.593074851,-5.216
25.595032326000002,-5.274
25.596933044,-5.363
25.598954888,-5.363
25.601120662000003,-5.264
25.603006091,-5.264
25.605323895,-5.219
25.606965427000002,-5.219
25.609078274,-5.306
25.611128349,-5.308
25.613068033,-5.309
25.614991249000003,-5.312
25.617071358,-5.223
25.619037158,-5.371
25.621073225,-5.36
25.622972957,-5.36
25.625092803,-5.398
25.626912254,-5.089
25.628912019,-5.364
25.63087196,-5.316
25.632924017,-5.36
25.634972742000002,-5.542
25.637139924000003,-5.323
25.639053838000002,-5.312
25.641072773,-5.086
25.642947573,-5.086
25.644857047000002,-5.308
25.646897989000003,-5.5120000000000005
25.649014393,-5.178
25.650896068,-5.412
25.653140015,-5.267
25.65492932,-5.267
25.65688408,-5.401
25.658783004,-5.301
25.661318313000002,-5.46
25.662983424,-5.46
25.664951464,-5.315
25.66728468,-5.315
25.668938579000002,-5.364
25.670902643,-5.267
25.672940365000002,-5.271
25.675179467000003,-5.271
25.676974951000002,-5.316
25.678789341,-5.219
25.681020886000002,-5.412
25.683000736,-5.412
25.685022670000002,-5.315
25.687159213,-5.312
25.688970035,-5.312
25.690925464000003,-5.223
25.692918996000003,-5.275
25.694866718,-5.357
25.697014156,-5.408
25.698808918,-5.36
25.701014755000003,-5.274
25.702820268,-5.274
25.704846896000003,-5.271
25.706774554000003,-5.305
25.708787356000002,-5.3500000000000005
25.710765995000003,-5.267
25.712750967,-5.3180000000000005
25.714780887,-5.2330000000000005
25.716780266,-5.219
25.718767009,-5.501
25.721141114,-5.367
25.722966443,-5.367
25.724854213,-5.26
25.727036645000002,-5.226
25.729072594,-5.37
25.730946805000002,-5.37
25.732927593000003,-5.219
25.734898986,-5.315
25.736985314000002,-5.312
25.738932978,-5.312
25.741125848000003,-5.26
25.743030744000002,-5.26
25.744953023,-5.267
25.746939176,-5.354
25.748968746000003,-5.26
25.751072760000003,-5.405
25.752941861,-5.45
25.754862730000003,-5.412
25.756932988000003,-5.078
25.758778420000002,-5.312
25.761048735000003,-5.312
25.762861383,-5.171
25.764872942,-5.462
25.766873679000003,-5.216
25.768819685,-5.402
25.770772931000003,-5.351
25.772779760000002,-5.315
25.774794454000002,-5.261
25.776794777000003,-5.267
25.778794811,-5.306
25.780933789000002,-5.312
25.783325613000002,-5.453
25.785094217,-5.453
25.78700809,-5.357
25.788821684000002,-5.174
25.791272883,-5.21
25.793155453,-5.21
25.794980527,-5.36
25.797080225000002,-5.402
25.799164867000002,-5.305
25.801243981000002,-5.347
25.803069803000003,-5.347
25.805119757,-5.405
25.807194803,-5.353
25.809049619000003,-5.216
25.811082277,-5.309
25.812932555000003,-5.405
25.815023491,-5.264
25.817172145,-5.126
25.819095731,-5.165
25.821199768000003,-5.216
25.823079158000002,-5.216
25.825115166000003,-5.315
25.827004783000003,-5.309
25.828817937,-5.271
25.830872325,-5.357
25.832855714,-5.26
25.83507999,-5.309
25.837136219,-5.309
25.839225393000003,-5.178
25.841103347,-5.178
25.843045337000003,-5.082
25.845362740000002,-5.402
25.846978045,-5.402
25.848924250000003,-5.171
25.850921494,-5.181
25.852938298,-5.305
25.855123441,-5.274
25.856771841,-5.223
25.858922355,-5.45
25.861238765000003,-5.447
25.862998686,-5.447
25.864998757000002,-5.308
25.866892372000002,-5.308
25.868881359000003,-5.312
25.870923984,-5.309
25.872855211,-5.309
25.874813028000002,-5.44
25.876876811000002,-5.405
25.878994745,-5.274
25.881082569,-5.174
25.882991155000003,-5.174
25.884869626,-5.36
25.886921459,-5.36
25.888875172000002,-5.219
25.890843409000002,-5.216
25.892776048,-5.312
25.894934248000002,-5.354
25.897029636000003,-5.354
25.898864930000002,-5.267
25.900947943000002,-5.267
25.902881418000003,-5.267
25.904998422000002,-5.415
25.907023031,-5.323
25.908885827000002,-5.312
25.910755072,-5.267
25.912802871,-5.264
25.914891279000003,-5.264
25.916877666,-5.446
25.918866742000002,-5.267
25.920983577,-5.081
25.923054243000003,-5.081
25.924934762000003,-5.223
25.926872261000003,-5.367
25.928835463000002,-5.312
25.93079948,-5.264
25.932948937000003,-5.305
25.934884459000003,-5.2700000000000005
25.937127644,-5.363
25.939009194,-5.315
25.941002735,-5.309
25.943057114000002,-5.309
25.944911296,-5.171
25.946852411000002,-5.357
25.948980170000002,-5.226
25.950892051,-5.219
25.952877516,-5.279
25.954757554,-5.405
25.956805313,-5.315
25.958946240000003,-5.315
25.961347982000003,-5.261
25.963073271000003,-5.261
25.964974836000003,-5.4110000000000005
25.966841956000003,-5.226
25.968893569000002,-5.126
25.970997362000002,-5.219
25.972906563000002,-5.13
25.975007962000003,-5.501
25.976945556,-5.264
25.979162640000002,-5.315
25.981092683,-5.257
25.982966244,-5.257
25.985133779,-5.351
25.987081812000003,-5.164
25.989024218,-5.12
25.990847114,-5.264
25.992880948000003,-5.315
25.994867653,-5.219
25.997022007,-5.364
25.999060086,-5.267
26.001102770000003,-5.315
26.002939006000002,-5.315
26.004798033,-5.408
26.006776903000002,-5.271
26.008888389000003,-5.494
26.010939099,-5.178
26.012784691,-5.255
26.014750632000002,-5.3500000000000005
26.01695901,-5.405
26.019183039,-5.3020000000000005
26.021313716,-5.171
26.023131965,-5.171
26.024995523,-5.396
26.02681342,-5.309
26.028898617000003,-5.226
26.030980883,-5.367
26.032780631,-5.36
26.034991461,-5.306
26.036806520000003,-5.4590000000000005
26.038906235000002,-5.357
26.041188856,-5.2250000000000005
26.043050252,-5.2250000000000005
26.045111785000003,-5.178
26.04702766,-5.13
26.049067963000002,-5.405
26.050993569000003,-5.3260000000000005
26.052958486,-5.319
26.055036844,-5.267
26.056815885000002,-5.5360000000000005
26.059235321000003,-5.309
26.061259563,-5.264
26.063074619,-5.264
26.064993442000002,-5.36
26.066939568000002,-5.274
26.069020633,-5.354
26.070809927000003,-5.174
26.072991326,-5.357
26.075023697000002,-5.264
26.076819020000002,-5.401
26.079124936000003,-5.351
26.081214019,-5.449
26.083205051,-5.449
26.084973997000002,-5.357
26.087015270000002,-5.309
26.089039314,-5.216
26.091017559,-5.449
26.092989419000002,-5.174
26.094884771,-5.216
26.096751674,-5.312
26.098808576000003,-5.36
26.100972134000003,-5.36
26.102838660000003,-5.36
26.104913244000002,-5.219
26.106896025,-5.4590000000000005
26.108981064,-5.4590000000000005
26.110816196000002,-5.305
26.112840278,-5.312
26.114790082000003,-5.133
26.116783636,-5.357
26.118815021000003,-5.216
26.12101961,-5.401
26.122820305,-5.401
26.124809577,-5.264
26.126817199,-5.267
26.128789952,-5.36
26.130812640000002,-5.308
26.132764434000002,-5.398
26.134810060000003,-5.222
26.136773428,-5.271
26.138759869,-5.309
26.140965166,-5.277
26.142820639,-5.277
26.144824914,-5.46
26.146819401000002,-5.274
26.148904906000002,-5.308
26.150871068,-5.402
26.152770789,-5.306
26.154736504000002,-5.274
26.156766252,-5.312
26.158785830000003,-5.261
26.160986977,-5.216
26.162924864,-5.216
26.164818907,-5.267
26.166803991000002,-5.4430000000000005
26.168810594,-5.309
26.170775764000002,-5.456
26.172739936000003,-5.405
26.174748933,-5.267
26.176816896000002,-5.305
26.178842263,-5.267
26.181052522,-5.319
26.182829188000003,-5.319
26.184819387,-5.282
26.186772161,-5.271
26.188992409,-5.315
26.190910851,-5.315
26.192798752,-5.498
26.194780909000002,-5.261
26.196766306,-5.168
26.198756729000003,-5.453
26.200978079000002,-5.315
26.202841559000003,-5.315
26.204813007000002,-5.258
26.206786417,-5.453
26.208778859000002,-5.457
26.210762861000003,-5.447
26.212772986,-5.402
26.214781021,-5.309
26.216910947000002,-5.36
26.218915623,-5.36
26.220986324000002,-5.174
26.222809524000002,-5.174
26.224771997,-5.357
26.226812537,-5.401
26.228769117000002,-5.267
26.230807950000003,-5.308
26.232787176000002,-5.354
26.234756777,-5.357
26.236855021,-5.456
26.238755808,-5.408
26.240995056000003,-5.267
26.242864891,-5.267
26.244837402,-5.319
26.246794061000003,-5.267
26.248876602000003,-5.271
26.250885456000002,-5.357
26.252783026000003,-5.3180000000000005
26.254780316,-5.357
26.256802852,-5.632
26.258868029000002,-5.363
26.260930526000003,-5.363
26.262810151,-5.2700000000000005
26.264754353,-5.357
26.266804427,-5.312
26.268787157000002,-5.306
26.270748021000003,-5.405
26.272807667000002,-5.319
26.274777370000002,-5.312
26.276791953,-5.2700000000000005
26.278801126,-5.36
26.281122348,-5.261
26.283113554000003,-5.261
26.284912910000003,-5.357
26.286957827000002,-5.357
26.288915723000002,-5.216
26.290881667,-5.453
26.292802444000003,-5.213
26.294900282,-5.261
26.296887957000003,-5.264
26.298987500000003,-5.321
26.301075617000002,-5.229
26.302938184000002,-5.229
26.304905579000003,-5.36
26.306887529,-5.315
26.308926051,-5.4430000000000005
26.310923841,-5.178
26.312914329,-5.081
26.314906375000003,-5.315
26.31694398,-5.539
26.318926376,-5.267
26.321065932000003,-5.267
26.322951086000003,-5.213
26.324876351,-5.371
26.326890867000003,-5.126
26.328914288,-5.271
26.330975768000002,-5.264
26.332749483,-5.54
26.334775240000003,-5.267
26.336784775,-5.447
26.338793885,-5.2700000000000005
26.341072060000002,-5.315
26.342824223,-5.315
26.344850549,-5.319
26.346811306000003,-5.267
26.348859747000002,-5.367
26.35077077,-5.1290000000000004
26.352755583,-5.3660000000000005
26.354754787,-5.354
26.356966139,-5.309
26.358785426,-5.357
26.361140386000002,-5.267
26.362871916000003,-5.267
26.364794663,-5.3500000000000005
26.366963964,-5.447
26.368750212000002,-5.415
26.370836439,-5.306
26.372785911,-5.319
26.374946054000002,-5.171
26.37711128,-5.357
26.378799500000003,-5.408
26.381117731000003,-5.398
26.382962314,-5.398
26.384807556000002,-5.3
26.386960497,-5.274
26.389136590000003,-5.168
26.390851866000002,-5.267
26.392827775,-5.3500000000000005
26.394967158,-5.2250000000000005
26.396895319000002,-5.312
26.398807362000003,-5.315
26.40105845,-5.165
26.402862655000003,-5.165
26.404856891,-5.13
26.406957102000003,-5.123
26.408806082,-5.402
26.410815479,-5.219
26.412886388,-5.36
26.414897878,-5.315
26.416945211,-5.258
26.419020069000002,-5.45
26.421103690000002,-5.213
26.422920637,-5.213
26.424818480000003,-5.312
26.426804233000002,-5.315
26.428885656000002,-5.264
26.431085084000003,-5.357
26.432834229,-5.258
26.434809292,-5.219
26.436921856,-5.216
26.438907316,-5.5840000000000005
26.441063298000003,-5.312
26.442832421000002,-5.312
26.445022546,-5.274
26.446988092,-5.168
26.448972031,-5.174
26.450786127,-5.315
26.452828216,-5.4110000000000005
26.454874287000003,-5.312
26.456898772000002,-5.271
26.458845499000002,-5.3180000000000005
26.461111645000003,-5.446
26.463138722,-5.446
26.464949162,-5.261
26.467071587000003,-5.405
26.469084654000003,-5.181
26.470807746000002,-5.181
26.472820000000002,-5.405
26.47499717,-5.264
26.47682019,-5.453
26.478992999000003,-5.315
26.48097422,-5.315
26.482822270000003,-5.312
26.484858009000003,-5.405
26.486811527,-5.168
26.488868751000002,-5.4430000000000005
26.490778963,-5.264
26.492780417000002,-5.306
26.494770465000002,-5.274
26.496768023,-5.171
26.498820062,-5.174
26.501096585000003,-5.168
26.502981098000003,-5.168
26.504802859,-5.212
26.506782209,-5.3500000000000005
26.508797787000002,-5.264
26.510780604,-5.415
26.512868604,-5.273
26.514896619,-5.402
26.516847974,-5.267
26.519026407000002,-5.261
26.521111775,-5.36
26.522880219,-5.36
26.524913051000002,-5.357
26.526776230000003,-5.312
26.528890949,-5.181
26.530875554,-5.261
26.532854372000003,-5.36
26.534970469,-5.274
26.536789576,-5.315
26.538812105,-5.26
26.541222063000003,-5.216
26.542900919,-5.216
26.544845639000002,-5.264
26.547065493,-5.174
26.549017495,-5.315
26.550881517,-5.315
26.552878797,-5.357
26.554881589,-5.216
26.556865700000003,-5.216
26.559010647,-5.398
26.561304134,-5.264
26.562890613,-5.264
26.564908762,-5.457
26.566938527,-5.306
26.568881422,-5.2780000000000005
26.570787252000002,-5.36
26.572818014000003,-5.364
26.574953717000003,-5.315
26.576943152000002,-5.178
26.578823058,-5.446
26.580977981,-5.222
26.582945508,-5.222
26.584799032000003,-5.405
26.587022243000003,-5.306
26.588817745,-5.363
26.590905712,-5.168
26.592976267,-5.402
26.594785351000002,-5.267
26.596780622,-5.402
26.599039419,-5.408
26.601012998,-5.363
26.603010949,-5.363
26.605036838,-5.178
26.606990445,-5.489
26.608894468000003,-5.216
26.610932986,-5.1290000000000004
26.613023359000003,-5.354
26.614882781000002,-5.498
26.616799537000002,-5.271
26.618781503,-5.2700000000000005
26.621034299,-5.363
26.62291042,-5.363
26.624952722000003,-5.36
26.626783065,-5.447
26.628972346,-5.309
26.630811128,-5.309
26.632807818000003,-5.4110000000000005
26.634795945,-5.213
26.636759002,-5.315
26.638783812000003,-5.168
26.640980941000002,-5.168
26.642853756,-5.348
26.644777558,-5.36
26.646776701,-5.312
26.648794361,-5.216
26.650747592000002,-5.354
26.652764113,-5.312
26.654792477,-5.312
26.656809443,-5.408
26.658863930000003,-5.264
26.660954352,-5.213
26.663114189,-5.213
26.664818941,-5.303
26.666789696000002,-5.312
26.668819093000003,-5.264
26.671011372000002,-5.261
26.672958454000003,-5.261
26.674889675000003,-5.267
26.676813284,-5.306
26.678787026000002,-5.312
26.68100321,-5.258
26.682989957,-5.258
26.684866184,-5.267
26.686840749,-5.364
26.688899285,-5.405
26.69079035,-5.267
26.692784667,-5.402
26.694795068,-5.357
26.696796954000003,-5.322
26.698786139000003,-5.356
26.701027139,-5.309
26.702964254,-5.309
26.704919962,-5.1770000000000005
26.706997434,-5.216
26.708939944,-5.171
26.710974342,-5.274
26.712941695,-5.274
26.714818439000002,-5.4110000000000005
26.716899281,-5.213
26.718915564000003,-5.174
26.721274785000002,-5.261
26.72293588,-5.261
